cardmarket_product_id,source_product_name,source_expansion_name,source_expansion_id,source_category,source_collector_number,source_rarity,source_version,source_metacard_id,source_date_added,normalized_collector_number,normalized_card_name,detected_finish,detected_variant,detected_rarity,is_reverse_holo,is_holo,is_normal,is_promo,is_stamped,language_hint,price_guide_join_count,price_join_status,price_low,price_trend,price_avg1,price_avg7,price_avg30,price_low_holo,price_trend_holo,price_avg1_holo,price_avg7_holo,price_avg30_holo,available_items,source_currency,classification_method,classification_confidence,classification_notes
719442,Bulbasaur [Leech Seed | 151],,5328,Pokémon Single,,,,421079,2023-06-20 11:10:03,,Bulbasaur,,,,,,,,,,1,exact_single,0.02,0.4,2.03,0.35,0.18,0.1,8.33,1.45,8.87,6.54,,,source_field_audit; normalized_card_name=remove_final_bracket_only,unresolved,"collector number, rarity, version, finish and language are absent from the Product Catalogue record; idMetacard is retained as a Cardmarket source identity/grouping key, not treated as official card identity; ex and attack text in the product name are not interpreted as rarity or finish"
719444,Ivysaur [Leech Seed | Vine Whip | 151],,5328,Pokémon Single,,,,421081,2023-06-20 11:11:35,,Ivysaur,,,,,,,,,,1,exact_single,0.02,0.2,0.75,0.26,0.22,0.05,4.1,1.52,3.93,2.97,,,source_field_audit; normalized_card_name=remove_final_bracket_only,unresolved,"collector number, rarity, version, finish and language are absent from the Product Catalogue record; idMetacard is retained as a Cardmarket source identity/grouping key, not treated as official card identity; ex and attack text in the product name are not interpreted as rarity or finish"
719445,Venusaur ex [Tranquil Flower | Dangerous Toxwhip],,5328,Pokémon Single,,,,421082,2023-06-20 11:12:25,,Venusaur ex,,,,,,,,,,1,exact_single,0.08,0.64,0.79,0.83,0.64,,0,,,,,,source_field_audit; normalized_card_name=remove_final_bracket_only,unresolved,"collector number, rarity, version, finish and language are absent from the Product Catalogue record; idMetacard is retained as a Cardmarket source identity/grouping key, not treated as official card identity; ex and attack text in the product name are not interpreted as rarity or finish"
719446,Charmander [Blazing Destruction | Steady Firebreathing],,5328,Pokémon Single,,,,421083,2023-06-20 11:13:23,,Charmander,,,,,,,,,,1,exact_single,0.02,1.57,0.1,0.06,1.44,0.59,6.72,1.95,1.46,6.52,,,source_field_audit; normalized_card_name=remove_final_bracket_only,unresolved,"collector number, rarity, version, finish and language are absent from the Product Catalogue record; idMetacard is retained as a Cardmarket source identity/grouping key, not treated as official card identity; ex and attack text in the product name are not interpreted as rarity or finish"
719447,Charmeleon [Combustion | Fire Blast],,5328,Pokémon Single,,,,421084,2023-06-20 11:14:21,,Charmeleon,,,,,,,,,,1,exact_single,0.02,0.39,0.23,0.16,0.4,0.05,1.38,1.45,1.26,2.8,,,source_field_audit; normalized_card_name=remove_final_bracket_only,unresolved,"collector number, rarity, version, finish and language are absent from the Product Catalogue record; idMetacard is retained as a Cardmarket source identity/grouping key, not treated as official card identity; ex and attack text in the product name are not interpreted as rarity or finish"
719448,Charizard ex [Brave Wing | Explosive Vortex],,5328,Pokémon Single,,,,421085,2023-06-20 11:15:03,,Charizard ex,,,,,,,,,,1,exact_single,0.5,1.84,1.59,1.35,2.03,,0,,,,,,source_field_audit; normalized_card_name=remove_final_bracket_only,unresolved,"collector number, rarity, version, finish and language are absent from the Product Catalogue record; idMetacard is retained as a Cardmarket source identity/grouping key, not treated as official card identity; ex and attack text in the product name are not interpreted as rarity or finish"
719449,Squirtle [Withdraw | Skull Bash],,5328,Pokémon Single,,,,421086,2023-06-20 11:15:53,,Squirtle,,,,,,,,,,1,exact_single,0.02,0.02,0.54,0.21,0.45,0.05,1.24,1.8,1.25,3.17,,,source_field_audit; normalized_card_name=remove_final_bracket_only,unresolved,"collector number, rarity, version, finish and language are absent from the Product Catalogue record; idMetacard is retained as a Cardmarket source identity/grouping key, not treated as official card identity; ex and attack text in the product name are not interpreted as rarity or finish"
719450,Wartortle [Free Diving | Spinning Attack],,5328,Pokémon Single,,,,421087,2023-06-20 11:16:30,,Wartortle,,,,,,,,,,1,exact_single,0.02,0.02,0.07,0.28,0.51,0.1,4.88,1.9,3.52,3.91,,,source_field_audit; normalized_card_name=remove_final_bracket_only,unresolved,"collector number, rarity, version, finish and language are absent from the Product Catalogue record; idMetacard is retained as a Cardmarket source identity/grouping key, not treated as official card identity; ex and attack text in the product name are not interpreted as rarity or finish"
719451,Blastoise ex [Solid Shell | Twin Cannons],,5328,Pokémon Single,,,,421088,2023-06-20 11:17:17,,Blastoise ex,,,,,,,,,,1,exact_single,0.1,0.7,1.32,0.68,0.65,,0,,,,,,source_field_audit; normalized_card_name=remove_final_bracket_only,unresolved,"collector number, rarity, version, finish and language are absent from the Product Catalogue record; idMetacard is retained as a Cardmarket source identity/grouping key, not treated as official card identity; ex and attack text in the product name are not interpreted as rarity or finish"
719452,Caterpie [Leaf Munch],,5328,Pokémon Single,,,,421089,2023-06-20 11:18:15,,Caterpie,,,,,,,,,,1,exact_single,0.02,0.07,0.04,0.04,0.3,0.15,5.97,0.49,5.03,3.17,,,source_field_audit; normalized_card_name=remove_final_bracket_only,unresolved,"collector number, rarity, version, finish and language are absent from the Product Catalogue record; idMetacard is retained as a Cardmarket source identity/grouping key, not treated as official card identity; ex and attack text in the product name are not interpreted as rarity or finish"
719453,Metapod [Tackle | Defensive Posture],,5328,Pokémon Single,,,,421090,2023-06-20 11:18:57,,Metapod,,,,,,,,,,1,exact_single,0.02,0.07,0.2,0.06,0.1,0.02,0.75,0.15,0.38,1.08,,,source_field_audit; normalized_card_name=remove_final_bracket_only,unresolved,"collector number, rarity, version, finish and language are absent from the Product Catalogue record; idMetacard is retained as a Cardmarket source identity/grouping key, not treated as official card identity; ex and attack text in the product name are not interpreted as rarity or finish"
719454,Butterfree [Whirlwind | Bye Bye Flight],,5328,Pokémon Single,,,,421091,2023-06-20 11:19:41,,Butterfree,,,,,,,,,,1,exact_single,0.02,0.5,0.05,0.8,0.27,0.5,6.04,0.99,6.36,4.05,,,source_field_audit; normalized_card_name=remove_final_bracket_only,unresolved,"collector number, rarity, version, finish and language are absent from the Product Catalogue record; idMetacard is retained as a Cardmarket source identity/grouping key, not treated as official card identity; ex and attack text in the product name are not interpreted as rarity or finish"
719455,Weedle [Ram | Bug Bite],,5328,Pokémon Single,,,,421092,2023-06-20 11:20:18,,Weedle,,,,,,,,,,1,exact_single,0.02,0.06,0.09,0.05,0.06,0.03,1.08,0.19,0.74,0.81,,,source_field_audit; normalized_card_name=remove_final_bracket_only,unresolved,"collector number, rarity, version, finish and language are absent from the Product Catalogue record; idMetacard is retained as a Cardmarket source identity/grouping key, not treated as official card identity; ex and attack text in the product name are not interpreted as rarity or finish"
719456,Kakuna [Cocoon Cover | Zzzt],,5328,Pokémon Single,,,,421093,2023-06-20 11:20:52,,Kakuna,,,,,,,,,,1,exact_single,0.02,0.02,0.05,0.04,0.05,0.03,4.37,2.08,2.25,1.98,,,source_field_audit; normalized_card_name=remove_final_bracket_only,unresolved,"collector number, rarity, version, finish and language are absent from the Product Catalogue record; idMetacard is retained as a Cardmarket source identity/grouping key, not treated as official card identity; ex and attack text in the product name are not interpreted as rarity or finish"
719457,Beedrill [Nadir Needle | Pierce],,5328,Pokémon Single,,,,421094,2023-06-20 11:21:25,,Beedrill,,,,,,,,,,1,exact_single,0.02,0.11,0.15,0.12,0.11,0.09,4.31,1.16,2.73,2.5,,,source_field_audit; normalized_card_name=remove_final_bracket_only,unresolved,"collector number, rarity, version, finish and language are absent from the Product Catalogue record; idMetacard is retained as a Cardmarket source identity/grouping key, not treated as official card identity; ex and attack text in the product name are not interpreted as rarity or finish"
719458,Pidgey [Call for Family | Tackle],,5328,Pokémon Single,,,,421095,2023-06-20 11:22:13,,Pidgey,,,,,,,,,,1,exact_single,0.02,0.4,3.52,0.42,0.26,0.02,2.36,0.15,1.67,1.41,,,source_field_audit; normalized_card_name=remove_final_bracket_only,unresolved,"collector number, rarity, version, finish and language are absent from the Product Catalogue record; idMetacard is retained as a Cardmarket source identity/grouping key, not treated as official card identity; ex and attack text in the product name are not interpreted as rarity or finish"
719459,Pidgeotto [Flap],,5328,Pokémon Single,,,,421096,2023-06-20 11:22:48,,Pidgeotto,,,,,,,,,,1,exact_single,0.02,0.69,0.25,0.58,0.3,0.02,1.06,0.2,0.58,0.7,,,source_field_audit; normalized_card_name=remove_final_bracket_only,unresolved,"collector number, rarity, version, finish and language are absent from the Product Catalogue record; idMetacard is retained as a Cardmarket source identity/grouping key, not treated as official card identity; ex and attack text in the product name are not interpreted as rarity or finish"
719460,Pidgeot [Flap | Fly],,5328,Pokémon Single,,,,421097,2023-06-20 11:23:26,,Pidgeot,,,,,,,,,,1,exact_single,0.02,0.15,0.18,0.08,0.15,0.39,4.09,2.45,2.82,3.94,,,source_field_audit; normalized_card_name=remove_final_bracket_only,unresolved,"collector number, rarity, version, finish and language are absent from the Product Catalogue record; idMetacard is retained as a Cardmarket source identity/grouping key, not treated as official card identity; ex and attack text in the product name are not interpreted as rarity or finish"
719461,Rattata [Gnaw the Wound],,5328,Pokémon Single,,,,421098,2023-06-20 11:24:36,,Rattata,,,,,,,,,,1,exact_single,0.02,0.11,0.04,0.06,0.76,0.02,2.18,0.72,1.41,1.59,,,source_field_audit; normalized_card_name=remove_final_bracket_only,unresolved,"collector number, rarity, version, finish and language are absent from the Product Catalogue record; idMetacard is retained as a Cardmarket source identity/grouping key, not treated as official card identity; ex and attack text in the product name are not interpreted as rarity or finish"
719462,Raticate [Second Bite],,5328,Pokémon Single,,,,421099,2023-06-20 11:25:14,,Raticate,,,,,,,,,,1,exact_single,0.02,0.02,0.11,0.08,0.32,0.08,3.81,0.6,1.94,1.91,,,source_field_audit; normalized_card_name=remove_final_bracket_only,unresolved,"collector number, rarity, version, finish and language are absent from the Product Catalogue record; idMetacard is retained as a Cardmarket source identity/grouping key, not treated as official card identity; ex and attack text in the product name are not interpreted as rarity or finish"
719463,Spearow [Evolutionary Advantage | Speed Dive],,5328,Pokémon Single,,,,421100,2023-06-20 11:25:59,,Spearow,,,,,,,,,,1,exact_single,0.02,0.04,0.03,0.03,0.05,0.02,1.56,0.15,1.53,1.01,,,source_field_audit; normalized_card_name=remove_final_bracket_only,unresolved,"collector number, rarity, version, finish and language are absent from the Product Catalogue record; idMetacard is retained as a Cardmarket source identity/grouping key, not treated as official card identity; ex and attack text in the product name are not interpreted as rarity or finish"
719464,Fearow [Beak Catch | Speed Dive],,5328,Pokémon Single,,,,421101,2023-06-20 11:26:41,,Fearow,,,,,,,,,,1,exact_single,0.02,0.02,0.24,0.11,0.6,0.02,2.45,0.5,1.8,1.46,,,source_field_audit; normalized_card_name=remove_final_bracket_only,unresolved,"collector number, rarity, version, finish and language are absent from the Product Catalogue record; idMetacard is retained as a Cardmarket source identity/grouping key, not treated as official card identity; ex and attack text in the product name are not interpreted as rarity or finish"
719465,Ekans [Acid Spray],,5328,Pokémon Single,,,,421102,2023-06-20 11:27:14,,Ekans,,,,,,,,,,1,exact_single,0.02,0.07,0.06,0.05,0.08,0.02,2.36,0.2,2.05,1.2,,,source_field_audit; normalized_card_name=remove_final_bracket_only,unresolved,"collector number, rarity, version, finish and language are absent from the Product Catalogue record; idMetacard is retained as a Cardmarket source identity/grouping key, not treated as official card identity; ex and attack text in the product name are not interpreted as rarity or finish"
719466,Arbok ex [Bind Down | Menacing Fangs],,5328,Pokémon Single,,,,421103,2023-06-20 11:27:57,,Arbok ex,,,,,,,,,,1,exact_single,0.02,0.26,0.35,0.26,0.32,,0,,,,,,source_field_audit; normalized_card_name=remove_final_bracket_only,unresolved,"collector number, rarity, version, finish and language are absent from the Product Catalogue record; idMetacard is retained as a Cardmarket source identity/grouping key, not treated as official card identity; ex and attack text in the product name are not interpreted as rarity or finish"
719467,Pikachu [Charge | Pika Punch],,5328,Pokémon Single,,,,421104,2023-06-20 11:28:40,,Pikachu,,,,,,,,,,1,exact_single,0.02,0.07,0.3,0.09,0.13,0.25,3.01,1,1.15,9.64,,,source_field_audit; normalized_card_name=remove_final_bracket_only,unresolved,"collector number, rarity, version, finish and language are absent from the Product Catalogue record; idMetacard is retained as a Cardmarket source identity/grouping key, not treated as official card identity; ex and attack text in the product name are not interpreted as rarity or finish"
719468,Raichu [Electrical Grounding | Thunder],,5328,Pokémon Single,,,,421105,2023-06-20 11:29:12,,Raichu,,,,,,,,,,1,exact_single,0.02,0.2,0.25,0.18,0.19,0.07,4.12,2.5,4.1,3.13,,,source_field_audit; normalized_card_name=remove_final_bracket_only,unresolved,"collector number, rarity, version, finish and language are absent from the Product Catalogue record; idMetacard is retained as a Cardmarket source identity/grouping key, not treated as official card identity; ex and attack text in the product name are not interpreted as rarity or finish"
719469,Sandshrew [Sand Screen | Scratch],,5328,Pokémon Single,,,,421106,2023-06-20 11:29:40,,Sandshrew,,,,,,,,,,1,exact_single,0.02,0.07,0.05,0.04,0.16,0.03,2.1,0.19,1.01,1.27,,,source_field_audit; normalized_card_name=remove_final_bracket_only,unresolved,"collector number, rarity, version, finish and language are absent from the Product Catalogue record; idMetacard is retained as a Cardmarket source identity/grouping key, not treated as official card identity; ex and attack text in the product name are not interpreted as rarity or finish"
719470,Sandslash [Rumble | Spike Rend],,5328,Pokémon Single,,,,421107,2023-06-20 11:30:29,,Sandslash,,,,,,,,,,1,exact_single,0.02,0.13,0.29,0.11,0.15,0.1,1.24,0.9,1.2,0.8,,,source_field_audit; normalized_card_name=remove_final_bracket_only,unresolved,"collector number, rarity, version, finish and language are absent from the Product Catalogue record; idMetacard is retained as a Cardmarket source identity/grouping key, not treated as official card identity; ex and attack text in the product name are not interpreted as rarity or finish"
719471,Nidoran [F] [Poison Horn],,5328,Pokémon Single,,,,421108,2023-06-20 11:31:55,,Nidoran [F],,,,,,,,,,1,exact_single,0.02,0.08,0.08,0.07,0.07,0.02,2.76,0.2,2.48,1.32,,,source_field_audit; normalized_card_name=remove_final_bracket_only,unresolved,"collector number, rarity, version, finish and language are absent from the Product Catalogue record; idMetacard is retained as a Cardmarket source identity/grouping key, not treated as official card identity; ex and attack text in the product name are not interpreted as rarity or finish"
719472,Nidorina [Fetch Family | Sharp Fang],,5328,Pokémon Single,,,,421109,2023-06-20 11:32:47,,Nidorina,,,,,,,,,,1,exact_single,0.02,0.13,0.38,0.21,0.13,0.02,2.07,0.15,2.62,1.37,,,source_field_audit; normalized_card_name=remove_final_bracket_only,unresolved,"collector number, rarity, version, finish and language are absent from the Product Catalogue record; idMetacard is retained as a Cardmarket source identity/grouping key, not treated as official card identity; ex and attack text in the product name are not interpreted as rarity or finish"
719473,Nidoqueen [Queen Press | Lunge Out],,5328,Pokémon Single,,,,421110,2023-06-20 11:33:26,,Nidoqueen,,,,,,,,,,1,exact_single,0.02,0.1,0.18,0.08,0.08,0.02,1.98,0.49,2.12,1.9,,,source_field_audit; normalized_card_name=remove_final_bracket_only,unresolved,"collector number, rarity, version, finish and language are absent from the Product Catalogue record; idMetacard is retained as a Cardmarket source identity/grouping key, not treated as official card identity; ex and attack text in the product name are not interpreted as rarity or finish"
719474,Nidoran [M] [Horn Attack],,5328,Pokémon Single,,,,421111,2023-06-20 11:34:01,,Nidoran [M],,,,,,,,,,1,exact_single,0.02,0.14,0.12,0.06,0.44,0.02,1.06,0.2,0.31,1.15,,,source_field_audit; normalized_card_name=remove_final_bracket_only,unresolved,"collector number, rarity, version, finish and language are absent from the Product Catalogue record; idMetacard is retained as a Cardmarket source identity/grouping key, not treated as official card identity; ex and attack text in the product name are not interpreted as rarity or finish"
719475,Nidorino [Sharp Fang | Superpowered Horns],,5328,Pokémon Single,,,,421112,2023-06-20 11:34:31,,Nidorino,,,,,,,,,,1,exact_single,0.02,0.06,0.05,0.06,0.08,0.03,1.48,0.2,1.07,0.75,,,source_field_audit; normalized_card_name=remove_final_bracket_only,unresolved,"collector number, rarity, version, finish and language are absent from the Product Catalogue record; idMetacard is retained as a Cardmarket source identity/grouping key, not treated as official card identity; ex and attack text in the product name are not interpreted as rarity or finish"
719476,Nidoking [Enthusiastic King | Venom Impact],,5328,Pokémon Single,,,,421113,2023-06-20 11:35:10,,Nidoking,,,,,,,,,,1,exact_single,0.02,0.13,0.08,0.09,0.13,0.02,5.09,2.45,5.68,2.81,,,source_field_audit; normalized_card_name=remove_final_bracket_only,unresolved,"collector number, rarity, version, finish and language are absent from the Product Catalogue record; idMetacard is retained as a Cardmarket source identity/grouping key, not treated as official card identity; ex and attack text in the product name are not interpreted as rarity or finish"
719477,Clefairy [Moon-Viewing Invitation | Smack],,5328,Pokémon Single,,,,421114,2023-06-20 11:36:10,,Clefairy,,,,,,,,,,1,exact_single,0.02,0.06,0.05,0.05,0.06,0.02,0.93,0.69,0.95,2.42,,,source_field_audit; normalized_card_name=remove_final_bracket_only,unresolved,"collector number, rarity, version, finish and language are absent from the Product Catalogue record; idMetacard is retained as a Cardmarket source identity/grouping key, not treated as official card identity; ex and attack text in the product name are not interpreted as rarity or finish"
719478,Clefable [Follow Me | More Moon],,5328,Pokémon Single,,,,421115,2023-06-20 11:37:00,,Clefable,,,,,,,,,,1,exact_single,0.02,1.1,0.15,0.09,0.9,0.02,2.89,0.94,2.92,1.79,,,source_field_audit; normalized_card_name=remove_final_bracket_only,unresolved,"collector number, rarity, version, finish and language are absent from the Product Catalogue record; idMetacard is retained as a Cardmarket source identity/grouping key, not treated as official card identity; ex and attack text in the product name are not interpreted as rarity or finish"
719479,Vulpix [Super Singe],,5328,Pokémon Single,,,,421116,2023-06-20 11:37:34,,Vulpix,,,,,,,,,,1,exact_single,0.02,0.13,0.06,0.1,0.11,0.02,1.13,0.2,0.95,1.37,,,source_field_audit; normalized_card_name=remove_final_bracket_only,unresolved,"collector number, rarity, version, finish and language are absent from the Product Catalogue record; idMetacard is retained as a Cardmarket source identity/grouping key, not treated as official card identity; ex and attack text in the product name are not interpreted as rarity or finish"
719480,Ninetales ex [Heat Wave | Mirrored Flames],,5328,Pokémon Single,,,,421117,2023-06-20 11:38:19,,Ninetales ex,,,,,,,,,,1,exact_single,0.1,0.42,0.65,0.49,0.54,,0,,,,,,source_field_audit; normalized_card_name=remove_final_bracket_only,unresolved,"collector number, rarity, version, finish and language are absent from the Product Catalogue record; idMetacard is retained as a Cardmarket source identity/grouping key, not treated as official card identity; ex and attack text in the product name are not interpreted as rarity or finish"
719481,Jigglypuff [Lead | Stompy Stomp],,5328,Pokémon Single,,,,421118,2023-06-20 11:39:09,,Jigglypuff,,,,,,,,,,1,exact_single,0.02,0.05,0.03,0.04,0.09,0.02,1.08,0.15,0.99,1.34,,,source_field_audit; normalized_card_name=remove_final_bracket_only,unresolved,"collector number, rarity, version, finish and language are absent from the Product Catalogue record; idMetacard is retained as a Cardmarket source identity/grouping key, not treated as official card identity; ex and attack text in the product name are not interpreted as rarity or finish"
719482,Wigglytuff ex [Expanding Body | Friend Tackle],,5328,Pokémon Single,,,,421119,2023-06-20 11:40:04,,Wigglytuff ex,,,,,,,,,,1,exact_single,0.02,0.29,0.33,0.4,0.31,,0,,,,,,source_field_audit; normalized_card_name=remove_final_bracket_only,unresolved,"collector number, rarity, version, finish and language are absent from the Product Catalogue record; idMetacard is retained as a Cardmarket source identity/grouping key, not treated as official card identity; ex and attack text in the product name are not interpreted as rarity or finish"
719483,Zubat [Revealing Echo | Bite],,5328,Pokémon Single,,,,421120,2023-06-20 11:40:51,,Zubat,,,,,,,,,,1,exact_single,0.02,0.07,0.12,0.06,0.26,0.1,3.41,0.5,2.51,1.59,,,source_field_audit; normalized_card_name=remove_final_bracket_only,unresolved,"collector number, rarity, version, finish and language are absent from the Product Catalogue record; idMetacard is retained as a Cardmarket source identity/grouping key, not treated as official card identity; ex and attack text in the product name are not interpreted as rarity or finish"
719484,Golbat [Skill Dive],,5328,Pokémon Single,,,,421121,2023-06-20 11:41:24,,Golbat,,,,,,,,,,1,exact_single,0.02,0.13,0.06,0.07,0.13,0.02,2.05,0.5,1.45,1.34,,,source_field_audit; normalized_card_name=remove_final_bracket_only,unresolved,"collector number, rarity, version, finish and language are absent from the Product Catalogue record; idMetacard is retained as a Cardmarket source identity/grouping key, not treated as official card identity; ex and attack text in the product name are not interpreted as rarity or finish"
719485,Oddish [Razor Leaf],,5328,Pokémon Single,,,,421122,2023-06-20 11:42:15,,Oddish,,,,,,,,,,1,exact_single,0.02,0.23,0.46,0.09,0.15,0.03,2.21,0.15,2.97,1.15,,,source_field_audit; normalized_card_name=remove_final_bracket_only,unresolved,"collector number, rarity, version, finish and language are absent from the Product Catalogue record; idMetacard is retained as a Cardmarket source identity/grouping key, not treated as official card identity; ex and attack text in the product name are not interpreted as rarity or finish"
719486,Gloom [Semi-Blooming Energy | Drool],,5328,Pokémon Single,,,,421123,2023-06-20 11:43:19,,Gloom,,,,,,,,,,1,exact_single,0.02,0.23,0.36,0.1,0.36,0.04,1.86,0.2,1.82,1.46,,,source_field_audit; normalized_card_name=remove_final_bracket_only,unresolved,"collector number, rarity, version, finish and language are absent from the Product Catalogue record; idMetacard is retained as a Cardmarket source identity/grouping key, not treated as official card identity; ex and attack text in the product name are not interpreted as rarity or finish"
719487,Vileplume [Fully Blooming Energy | Solar Beam],,5328,Pokémon Single,,,,421124,2023-06-20 11:43:57,,Vileplume,,,,,,,,,,1,exact_single,0.02,0.05,0.11,0.11,0.14,0.02,2.43,0.57,2.3,1.78,,,source_field_audit; normalized_card_name=remove_final_bracket_only,unresolved,"collector number, rarity, version, finish and language are absent from the Product Catalogue record; idMetacard is retained as a Cardmarket source identity/grouping key, not treated as official card identity; ex and attack text in the product name are not interpreted as rarity or finish"
719488,Paras [Stampede | Spore Ball],,5328,Pokémon Single,,,,421125,2023-06-20 11:44:31,,Paras,,,,,,,,,,1,exact_single,0.02,0.05,0.04,0.03,0.06,0.05,0.71,0.5,0.39,1.08,,,source_field_audit; normalized_card_name=remove_final_bracket_only,unresolved,"collector number, rarity, version, finish and language are absent from the Product Catalogue record; idMetacard is retained as a Cardmarket source identity/grouping key, not treated as official card identity; ex and attack text in the product name are not interpreted as rarity or finish"
719489,Parasect [Spread Filaments | Claw Slash],,5328,Pokémon Single,,,,421126,2023-06-20 11:46:38,,Parasect,,,,,,,,,,1,exact_single,0.02,0.08,0.08,0.06,0.07,0.15,2.65,1.22,2.07,1.43,,,source_field_audit; normalized_card_name=remove_final_bracket_only,unresolved,"collector number, rarity, version, finish and language are absent from the Product Catalogue record; idMetacard is retained as a Cardmarket source identity/grouping key, not treated as official card identity; ex and attack text in the product name are not interpreted as rarity or finish"
719490,Venonat [Gnaw | Beam],,5328,Pokémon Single,,,,421127,2023-06-20 11:47:17,,Venonat,,,,,,,,,,1,exact_single,0.02,0.02,0.17,0.13,0.43,0.19,0.95,0.2,0.4,2,,,source_field_audit; normalized_card_name=remove_final_bracket_only,unresolved,"collector number, rarity, version, finish and language are absent from the Product Catalogue record; idMetacard is retained as a Cardmarket source identity/grouping key, not treated as official card identity; ex and attack text in the product name are not interpreted as rarity or finish"
719491,Venomoth [Perplexing Powder | Speed Wing],,5328,Pokémon Single,,,,421128,2023-06-20 11:48:06,,Venomoth,,,,,,,,,,1,exact_single,0.02,0.08,0.3,0.14,0.1,0.2,2.13,0.5,0.89,1.82,,,source_field_audit; normalized_card_name=remove_final_bracket_only,unresolved,"collector number, rarity, version, finish and language are absent from the Product Catalogue record; idMetacard is retained as a Cardmarket source identity/grouping key, not treated as official card identity; ex and attack text in the product name are not interpreted as rarity or finish"
719492,Diglett [Headbutt Bounce | Mud-Slap],,5328,Pokémon Single,,,,421129,2023-06-20 11:49:20,,Diglett,,,,,,,,,,1,exact_single,0.02,0.11,0.58,0.13,0.09,0.14,2.44,0.85,1.24,1.49,,,source_field_audit; normalized_card_name=remove_final_bracket_only,unresolved,"collector number, rarity, version, finish and language are absent from the Product Catalogue record; idMetacard is retained as a Cardmarket source identity/grouping key, not treated as official card identity; ex and attack text in the product name are not interpreted as rarity or finish"
719493,Dugtrio [Headbutt Bounce | Mud Bomb],,5328,Pokémon Single,,,,421130,2023-06-20 11:49:57,,Dugtrio,,,,,,,,,,1,exact_single,0.02,0.02,0.15,0.06,0.38,0.02,5.09,0.2,3.52,2.23,,,source_field_audit; normalized_card_name=remove_final_bracket_only,unresolved,"collector number, rarity, version, finish and language are absent from the Product Catalogue record; idMetacard is retained as a Cardmarket source identity/grouping key, not treated as official card identity; ex and attack text in the product name are not interpreted as rarity or finish"
719494,Meowth [Come Here Right Meow | Dig Claws],,5328,Pokémon Single,,,,421131,2023-06-20 11:50:36,,Meowth,,,,,,,,,,1,exact_single,0.02,0.04,0.04,0.04,0.14,0.02,2.6,0.15,3.04,1.47,,,source_field_audit; normalized_card_name=remove_final_bracket_only,unresolved,"collector number, rarity, version, finish and language are absent from the Product Catalogue record; idMetacard is retained as a Cardmarket source identity/grouping key, not treated as official card identity; ex and attack text in the product name are not interpreted as rarity or finish"
719495,Persian [Rocket Call | Slash],,5328,Pokémon Single,,,,421132,2023-06-20 11:51:13,,Persian,,,,,,,,,,1,exact_single,0.02,0.13,0.22,0.11,0.09,0.03,1.03,0.15,0.86,1.32,,,source_field_audit; normalized_card_name=remove_final_bracket_only,unresolved,"collector number, rarity, version, finish and language are absent from the Product Catalogue record; idMetacard is retained as a Cardmarket source identity/grouping key, not treated as official card identity; ex and attack text in the product name are not interpreted as rarity or finish"
719496,Psyduck [Overthinking | Water Gun],,5328,Pokémon Single,,,,421133,2023-06-20 11:51:52,,Psyduck,,,,,,,,,,1,exact_single,0.02,0.14,0.55,0.14,0.23,0.03,12.68,40,11.99,5.14,,,source_field_audit; normalized_card_name=remove_final_bracket_only,unresolved,"collector number, rarity, version, finish and language are absent from the Product Catalogue record; idMetacard is retained as a Cardmarket source identity/grouping key, not treated as official card identity; ex and attack text in the product name are not interpreted as rarity or finish"
719497,Golduck [Aquatic Rescue | Super Splash],,5328,Pokémon Single,,,,421134,2023-06-20 11:52:38,,Golduck,,,,,,,,,,1,exact_single,0.02,0.29,0.59,0.29,0.19,0.1,3.15,4.7,3.25,1.69,,,source_field_audit; normalized_card_name=remove_final_bracket_only,unresolved,"collector number, rarity, version, finish and language are absent from the Product Catalogue record; idMetacard is retained as a Cardmarket source identity/grouping key, not treated as official card identity; ex and attack text in the product name are not interpreted as rarity or finish"
719498,Mankey [Thrash],,5328,Pokémon Single,,,,421135,2023-06-20 11:53:17,,Mankey,,,,,,,,,,1,exact_single,0.02,0.32,0.83,0.19,0.34,0.05,3.57,0.49,1.95,2.09,,,source_field_audit; normalized_card_name=remove_final_bracket_only,unresolved,"collector number, rarity, version, finish and language are absent from the Product Catalogue record; idMetacard is retained as a Cardmarket source identity/grouping key, not treated as official card identity; ex and attack text in the product name are not interpreted as rarity or finish"
719499,Primeape [Rant and Rave | Raging Smash],,5328,Pokémon Single,,,,421136,2023-06-20 11:53:52,,Primeape,,,,,,,,,,1,exact_single,0.02,0.07,0.05,0.07,0.08,0.3,1.46,1.45,1.34,1.58,,,source_field_audit; normalized_card_name=remove_final_bracket_only,unresolved,"collector number, rarity, version, finish and language are absent from the Product Catalogue record; idMetacard is retained as a Cardmarket source identity/grouping key, not treated as official card identity; ex and attack text in the product name are not interpreted as rarity or finish"
719500,Growlithe [Vaporize],,5328,Pokémon Single,,,,421137,2023-06-20 11:54:26,,Growlithe,,,,,,,,,,1,exact_single,0.02,0.66,0.04,0.58,0.33,0.02,3.73,0.98,0.91,2.98,,,source_field_audit; normalized_card_name=remove_final_bracket_only,unresolved,"collector number, rarity, version, finish and language are absent from the Product Catalogue record; idMetacard is retained as a Cardmarket source identity/grouping key, not treated as official card identity; ex and attack text in the product name are not interpreted as rarity or finish"
719501,Arcanine [Torrid Torrent | Dynamite Fang],,5328,Pokémon Single,,,,421138,2023-06-20 11:54:58,,Arcanine,,,,,,,,,,1,exact_single,0.02,0.57,0.2,0.96,0.37,0.03,4.41,1.9,3.8,3.99,,,source_field_audit; normalized_card_name=remove_final_bracket_only,unresolved,"collector number, rarity, version, finish and language are absent from the Product Catalogue record; idMetacard is retained as a Cardmarket source identity/grouping key, not treated as official card identity; ex and attack text in the product name are not interpreted as rarity or finish"
719502,Poliwag [Bubble | 151],,5328,Pokémon Single,,,,421139,2023-06-20 11:55:55,,Poliwag,,,,,,,,,,1,exact_single,0.02,0.02,0.06,0.04,0.49,0.1,1.38,0.45,1.04,1.19,,,source_field_audit; normalized_card_name=remove_final_bracket_only,unresolved,"collector number, rarity, version, finish and language are absent from the Product Catalogue record; idMetacard is retained as a Cardmarket source identity/grouping key, not treated as official card identity; ex and attack text in the product name are not interpreted as rarity or finish"
719503,Poliwhirl [Wave Splash | Frog Hop],,5328,Pokémon Single,,,,421140,2023-06-20 11:56:30,,Poliwhirl,,,,,,,,,,1,exact_single,0.02,0.05,0.04,0.08,0.07,0.04,0.21,0.15,0.26,1.57,,,source_field_audit; normalized_card_name=remove_final_bracket_only,unresolved,"collector number, rarity, version, finish and language are absent from the Product Catalogue record; idMetacard is retained as a Cardmarket source identity/grouping key, not treated as official card identity; ex and attack text in the product name are not interpreted as rarity or finish"
719504,Poliwrath [Bubble Beam | Heroic Punch],,5328,Pokémon Single,,,,421141,2023-06-20 11:57:09,,Poliwrath,,,,,,,,,,1,exact_single,0.02,0.13,0.27,0.11,0.09,0.05,2.21,0.46,1.62,2.47,,,source_field_audit; normalized_card_name=remove_final_bracket_only,unresolved,"collector number, rarity, version, finish and language are absent from the Product Catalogue record; idMetacard is retained as a Cardmarket source identity/grouping key, not treated as official card identity; ex and attack text in the product name are not interpreted as rarity or finish"
719505,Abra [Psyshot],,5328,Pokémon Single,,,,421142,2023-06-20 11:57:39,,Abra,,,,,,,,,,1,exact_single,0.02,0.03,0.07,0.04,0.06,0.02,1.57,0.2,1.43,1.04,,,source_field_audit; normalized_card_name=remove_final_bracket_only,unresolved,"collector number, rarity, version, finish and language are absent from the Product Catalogue record; idMetacard is retained as a Cardmarket source identity/grouping key, not treated as official card identity; ex and attack text in the product name are not interpreted as rarity or finish"
719506,Kadabra [Teleportation Attack],,5328,Pokémon Single,,,,421143,2023-06-20 11:58:01,,Kadabra,,,,,,,,,,1,exact_single,0.02,0.03,0.04,0.07,0.09,0.02,1.71,0.15,1.28,1.23,,,source_field_audit; normalized_card_name=remove_final_bracket_only,unresolved,"collector number, rarity, version, finish and language are absent from the Product Catalogue record; idMetacard is retained as a Cardmarket source identity/grouping key, not treated as official card identity; ex and attack text in the product name are not interpreted as rarity or finish"
719507,Alakazam ex [Mind Jack | Dimensional Hand],,5328,Pokémon Single,,,,421144,2023-06-20 11:58:38,,Alakazam ex,,,,,,,,,,1,exact_single,0.02,0.46,0.54,0.46,0.37,,0,,,,,,source_field_audit; normalized_card_name=remove_final_bracket_only,unresolved,"collector number, rarity, version, finish and language are absent from the Product Catalogue record; idMetacard is retained as a Cardmarket source identity/grouping key, not treated as official card identity; ex and attack text in the product name are not interpreted as rarity or finish"
719508,Machop [Mountain Mashing | Punch],,5328,Pokémon Single,,,,421145,2023-06-20 11:59:15,,Machop,,,,,,,,,,1,exact_single,0.02,0.11,0.05,0.11,0.07,0.05,2.07,0.99,2,0.9,,,source_field_audit; normalized_card_name=remove_final_bracket_only,unresolved,"collector number, rarity, version, finish and language are absent from the Product Catalogue record; idMetacard is retained as a Cardmarket source identity/grouping key, not treated as official card identity; ex and attack text in the product name are not interpreted as rarity or finish"
719509,Machoke [Mountain Ramming],,5328,Pokémon Single,,,,421146,2023-06-20 11:59:48,,Machoke,,,,,,,,,,1,exact_single,0.02,0.15,0.06,0.05,0.35,0.19,3.62,0.5,3.43,2.13,,,source_field_audit; normalized_card_name=remove_final_bracket_only,unresolved,"collector number, rarity, version, finish and language are absent from the Product Catalogue record; idMetacard is retained as a Cardmarket source identity/grouping key, not treated as official card identity; ex and attack text in the product name are not interpreted as rarity or finish"
719510,Machamp [Guts | Mountain Chopping],,5328,Pokémon Single,,,,421147,2023-06-20 12:01:04,,Machamp,,,,,,,,,,1,exact_single,0.02,0.03,2.8,1.16,0.58,0.02,1.37,0.65,0.81,1.33,,,source_field_audit; normalized_card_name=remove_final_bracket_only,unresolved,"collector number, rarity, version, finish and language are absent from the Product Catalogue record; idMetacard is retained as a Cardmarket source identity/grouping key, not treated as official card identity; ex and attack text in the product name are not interpreted as rarity or finish"
719511,Bellsprout [Cut | Bind Down],,5328,Pokémon Single,,,,421148,2023-06-20 12:01:42,,Bellsprout,,,,,,,,,,1,exact_single,0.02,0.02,0.14,0.05,0.15,0.05,1.76,0.3,1.42,1.32,,,source_field_audit; normalized_card_name=remove_final_bracket_only,unresolved,"collector number, rarity, version, finish and language are absent from the Product Catalogue record; idMetacard is retained as a Cardmarket source identity/grouping key, not treated as official card identity; ex and attack text in the product name are not interpreted as rarity or finish"
719512,Weepinbell [Cut | Spray Fluid],,5328,Pokémon Single,,,,421149,2023-06-20 12:02:32,,Weepinbell,,,,,,,,,,1,exact_single,0.02,0.07,0.05,0.04,0.08,0.04,1.96,0.2,2.37,1.21,,,source_field_audit; normalized_card_name=remove_final_bracket_only,unresolved,"collector number, rarity, version, finish and language are absent from the Product Catalogue record; idMetacard is retained as a Cardmarket source identity/grouping key, not treated as official card identity; ex and attack text in the product name are not interpreted as rarity or finish"
719513,Victreebel [Spit Up | Slow-Acting Acid],,5328,Pokémon Single,,,,421150,2023-06-20 12:03:16,,Victreebel,,,,,,,,,,1,exact_single,0.02,0.02,0.16,0.09,0.5,0.1,1.87,0.5,2.66,1.62,,,source_field_audit; normalized_card_name=remove_final_bracket_only,unresolved,"collector number, rarity, version, finish and language are absent from the Product Catalogue record; idMetacard is retained as a Cardmarket source identity/grouping key, not treated as official card identity; ex and attack text in the product name are not interpreted as rarity or finish"
719514,Tentacool [Tingle | Watering],,5328,Pokémon Single,,,,421151,2023-06-20 12:04:20,,Tentacool,,,,,,,,,,1,exact_single,0.02,0.21,0.1,0.38,0.14,0.1,1.07,0.4,0.9,1.32,,,source_field_audit; normalized_card_name=remove_final_bracket_only,unresolved,"collector number, rarity, version, finish and language are absent from the Product Catalogue record; idMetacard is retained as a Cardmarket source identity/grouping key, not treated as official card identity; ex and attack text in the product name are not interpreted as rarity or finish"
719515,Tentacruel [Poisonous Whip | Tentacular Panic],,5328,Pokémon Single,,,,421152,2023-06-20 12:04:59,,Tentacruel,,,,,,,,,,1,exact_single,0.02,0.22,0.15,0.09,0.38,0.08,3.71,0.75,3.05,1.79,,,source_field_audit; normalized_card_name=remove_final_bracket_only,unresolved,"collector number, rarity, version, finish and language are absent from the Product Catalogue record; idMetacard is retained as a Cardmarket source identity/grouping key, not treated as official card identity; ex and attack text in the product name are not interpreted as rarity or finish"
719516,Geodude [Stiffen | Knuckle Punch],,5328,Pokémon Single,,,,421153,2023-06-20 12:05:38,,Geodude,,,,,,,,,,1,exact_single,0.02,0.02,0.13,0.11,0.91,0.02,1.14,0.58,1.15,0.65,,,source_field_audit; normalized_card_name=remove_final_bracket_only,unresolved,"collector number, rarity, version, finish and language are absent from the Product Catalogue record; idMetacard is retained as a Cardmarket source identity/grouping key, not treated as official card identity; ex and attack text in the product name are not interpreted as rarity or finish"
719517,Graveler [Rock Cannon | Heavy Impact],,5328,Pokémon Single,,,,421154,2023-06-20 12:06:26,,Graveler,,,,,,,,,,1,exact_single,0.02,0.06,0.19,0.11,0.17,0.02,0.38,0.15,0.33,0.47,,,source_field_audit; normalized_card_name=remove_final_bracket_only,unresolved,"collector number, rarity, version, finish and language are absent from the Product Catalogue record; idMetacard is retained as a Cardmarket source identity/grouping key, not treated as official card identity; ex and attack text in the product name are not interpreted as rarity or finish"
719518,Golem ex [Dynamic Roll | Rock Blaster],,5328,Pokémon Single,,,,421155,2023-06-20 12:07:09,,Golem ex,,,,,,,,,,1,exact_single,0.02,0.26,0.44,0.27,0.32,,0,,,,,,source_field_audit; normalized_card_name=remove_final_bracket_only,unresolved,"collector number, rarity, version, finish and language are absent from the Product Catalogue record; idMetacard is retained as a Cardmarket source identity/grouping key, not treated as official card identity; ex and attack text in the product name are not interpreted as rarity or finish"
719519,Ponyta [Collect | Flop],,5328,Pokémon Single,,,,421156,2023-06-20 12:07:46,,Ponyta,,,,,,,,,,1,exact_single,0.02,0.05,0.05,0.05,0.05,0.15,2.63,0.5,0.75,2.21,,,source_field_audit; normalized_card_name=remove_final_bracket_only,unresolved,"collector number, rarity, version, finish and language are absent from the Product Catalogue record; idMetacard is retained as a Cardmarket source identity/grouping key, not treated as official card identity; ex and attack text in the product name are not interpreted as rarity or finish"
719520,Rapidash [Singe | Mach Turn],,5328,Pokémon Single,,,,421157,2023-06-20 12:08:20,,Rapidash,,,,,,,,,,1,exact_single,0.02,0.09,0.38,0.13,0.1,0.4,4.41,1.2,4.51,2.12,,,source_field_audit; normalized_card_name=remove_final_bracket_only,unresolved,"collector number, rarity, version, finish and language are absent from the Product Catalogue record; idMetacard is retained as a Cardmarket source identity/grouping key, not treated as official card identity; ex and attack text in the product name are not interpreted as rarity or finish"
719521,Slowpoke [Sea Bathing | Headbutt],,5328,Pokémon Single,,,,421158,2023-06-20 12:09:02,,Slowpoke,,,,,,,,,,1,exact_single,0.02,0.17,0.19,0.12,0.11,0.14,0.65,0.95,1.24,1.98,,,source_field_audit; normalized_card_name=remove_final_bracket_only,unresolved,"collector number, rarity, version, finish and language are absent from the Product Catalogue record; idMetacard is retained as a Cardmarket source identity/grouping key, not treated as official card identity; ex and attack text in the product name are not interpreted as rarity or finish"
719522,Slowbro [Big Yawn | Laid-Back Tackle],,5328,Pokémon Single,,,,421159,2023-06-20 12:09:42,,Slowbro,,,,,,,,,,1,exact_single,0.02,0.56,1.71,0.53,1.03,0.02,3.2,0.5,2.96,2.13,,,source_field_audit; normalized_card_name=remove_final_bracket_only,unresolved,"collector number, rarity, version, finish and language are absent from the Product Catalogue record; idMetacard is retained as a Cardmarket source identity/grouping key, not treated as official card identity; ex and attack text in the product name are not interpreted as rarity or finish"
719523,Magnemite [Tiny Charge | Big Explosion],,5328,Pokémon Single,,,,421160,2023-06-20 12:10:35,,Magnemite,,,,,,,,,,1,exact_single,0.02,0.05,0.05,0.06,0.07,0.19,4.79,6.25,4.7,1.89,,,source_field_audit; normalized_card_name=remove_final_bracket_only,unresolved,"collector number, rarity, version, finish and language are absent from the Product Catalogue record; idMetacard is retained as a Cardmarket source identity/grouping key, not treated as official card identity; ex and attack text in the product name are not interpreted as rarity or finish"
719524,Magneton [Junk Magnet | Head Bolt],,5328,Pokémon Single,,,,421161,2023-06-20 12:11:06,,Magneton,,,,,,,,,,1,exact_single,0.02,0.02,0.06,0.05,0.09,0.05,2.15,0.5,2.91,1.29,,,source_field_audit; normalized_card_name=remove_final_bracket_only,unresolved,"collector number, rarity, version, finish and language are absent from the Product Catalogue record; idMetacard is retained as a Cardmarket source identity/grouping key, not treated as official card identity; ex and attack text in the product name are not interpreted as rarity or finish"
719525,Farfetch'd [Package Deal | Leek Clobber],,5328,Pokémon Single,,,,421162,2023-06-20 12:11:45,,Farfetch'd,,,,,,,,,,1,exact_single,0.02,0.04,0.05,0.04,0.08,0.02,1.85,0.99,2.42,2.5,,,source_field_audit; normalized_card_name=remove_final_bracket_only,unresolved,"collector number, rarity, version, finish and language are absent from the Product Catalogue record; idMetacard is retained as a Cardmarket source identity/grouping key, not treated as official card identity; ex and attack text in the product name are not interpreted as rarity or finish"
719526,Doduo [Reckless Charge],,5328,Pokémon Single,,,,421163,2023-06-20 12:12:15,,Doduo,,,,,,,,,,1,exact_single,0.02,0.04,0.06,0.05,0.06,0.02,0.94,0.19,1.69,0.9,,,source_field_audit; normalized_card_name=remove_final_bracket_only,unresolved,"collector number, rarity, version, finish and language are absent from the Product Catalogue record; idMetacard is retained as a Cardmarket source identity/grouping key, not treated as official card identity; ex and attack text in the product name are not interpreted as rarity or finish"
719527,Dodrio [Zooming Draw | Ballistic Beak],,5328,Pokémon Single,,,,421164,2023-06-20 12:12:49,,Dodrio,,,,,,,,,,1,exact_single,0.02,0.87,0.13,1.63,0.54,0.02,0.77,3.33,1.28,1.43,,,source_field_audit; normalized_card_name=remove_final_bracket_only,unresolved,"collector number, rarity, version, finish and language are absent from the Product Catalogue record; idMetacard is retained as a Cardmarket source identity/grouping key, not treated as official card identity; ex and attack text in the product name are not interpreted as rarity or finish"
719528,Seel [Chilly],,5328,Pokémon Single,,,,421165,2023-06-20 12:13:20,,Seel,,,,,,,,,,1,exact_single,0.02,0.05,0.1,0.05,0.05,0.12,1.7,0.99,2.36,1.91,,,source_field_audit; normalized_card_name=remove_final_bracket_only,unresolved,"collector number, rarity, version, finish and language are absent from the Product Catalogue record; idMetacard is retained as a Cardmarket source identity/grouping key, not treated as official card identity; ex and attack text in the product name are not interpreted as rarity or finish"
719529,Dewgong [Dual Splash | Aurora Beam],,5328,Pokémon Single,,,,421166,2023-06-20 12:14:00,,Dewgong,,,,,,,,,,1,exact_single,0.02,0.04,0.08,0.07,0.14,0.02,3.24,0.5,2.55,1.69,,,source_field_audit; normalized_card_name=remove_final_bracket_only,unresolved,"collector number, rarity, version, finish and language are absent from the Product Catalogue record; idMetacard is retained as a Cardmarket source identity/grouping key, not treated as official card identity; ex and attack text in the product name are not interpreted as rarity or finish"
719530,Grimer [Gummy Press],,5328,Pokémon Single,,,,421167,2023-06-20 12:14:38,,Grimer,,,,,,,,,,1,exact_single,0.02,0.05,0.15,0.07,0.07,0.14,4.86,0.4,5.22,1.83,,,source_field_audit; normalized_card_name=remove_final_bracket_only,unresolved,"collector number, rarity, version, finish and language are absent from the Product Catalogue record; idMetacard is retained as a Cardmarket source identity/grouping key, not treated as official card identity; ex and attack text in the product name are not interpreted as rarity or finish"
719531,Muk [Sticky Jail | Sludge Bomb],,5328,Pokémon Single,,,,421168,2023-06-20 12:15:29,,Muk,,,,,,,,,,1,exact_single,0.02,0.45,0.1,1.39,0.8,0.15,3.85,1.16,1.54,2.11,,,source_field_audit; normalized_card_name=remove_final_bracket_only,unresolved,"collector number, rarity, version, finish and language are absent from the Product Catalogue record; idMetacard is retained as a Cardmarket source identity/grouping key, not treated as official card identity; ex and attack text in the product name are not interpreted as rarity or finish"
719543,Shellder [Shell Press],,5328,Pokémon Single,,,,421169,2023-06-20 16:20:22,,Shellder,,,,,,,,,,1,exact_single,0.02,0.02,0.08,0.05,0.86,0.05,2.36,0.5,2.8,1.58,,,source_field_audit; normalized_card_name=remove_final_bracket_only,unresolved,"collector number, rarity, version, finish and language are absent from the Product Catalogue record; idMetacard is retained as a Cardmarket source identity/grouping key, not treated as official card identity; ex and attack text in the product name are not interpreted as rarity or finish"
719544,Cloyster [Protect Charge],,5328,Pokémon Single,,,,421170,2023-06-20 16:21:37,,Cloyster,,,,,,,,,,1,exact_single,0.02,0.09,0.35,0.12,0.08,0.02,2.7,0.9,3.57,2.63,,,source_field_audit; normalized_card_name=remove_final_bracket_only,unresolved,"collector number, rarity, version, finish and language are absent from the Product Catalogue record; idMetacard is retained as a Cardmarket source identity/grouping key, not treated as official card identity; ex and attack text in the product name are not interpreted as rarity or finish"
719545,Gastly [Suffocating Gas],,5328,Pokémon Single,,,,421171,2023-06-20 16:22:15,,Gastly,,,,,,,,,,1,exact_single,0.02,0.02,0.1,0.08,0.38,0.4,4.33,0.95,3.84,3.14,,,source_field_audit; normalized_card_name=remove_final_bracket_only,unresolved,"collector number, rarity, version, finish and language are absent from the Product Catalogue record; idMetacard is retained as a Cardmarket source identity/grouping key, not treated as official card identity; ex and attack text in the product name are not interpreted as rarity or finish"
719546,Haunter [Spirit Return | Mumble],,5328,Pokémon Single,,,,421172,2023-06-20 16:22:55,,Haunter,,,,,,,,,,1,exact_single,0.02,0.02,0.12,2.14,1.87,0.02,0.3,1.5,1.73,5.36,,,source_field_audit; normalized_card_name=remove_final_bracket_only,unresolved,"collector number, rarity, version, finish and language are absent from the Product Catalogue record; idMetacard is retained as a Cardmarket source identity/grouping key, not treated as official card identity; ex and attack text in the product name are not interpreted as rarity or finish"
719547,Gengar [Poltergeist | Hollow Dive],,5328,Pokémon Single,,,,421173,2023-06-20 16:23:39,,Gengar,,,,,,,,,,1,exact_single,0.02,1.41,1.92,1.87,3,0.1,38.42,1.4,44.66,18.02,,,source_field_audit; normalized_card_name=remove_final_bracket_only,unresolved,"collector number, rarity, version, finish and language are absent from the Product Catalogue record; idMetacard is retained as a Cardmarket source identity/grouping key, not treated as official card identity; ex and attack text in the product name are not interpreted as rarity or finish"
719548,Onix [Thumpalanche | Heavy Impact],,5328,Pokémon Single,,,,421174,2023-06-20 16:24:14,,Onix,,,,,,,,,,1,exact_single,0.02,0.06,0.08,0.04,0.08,0.02,1.2,0.55,0.25,1.21,,,source_field_audit; normalized_card_name=remove_final_bracket_only,unresolved,"collector number, rarity, version, finish and language are absent from the Product Catalogue record; idMetacard is retained as a Cardmarket source identity/grouping key, not treated as official card identity; ex and attack text in the product name are not interpreted as rarity or finish"
719549,Drowzee [Zen Headbutt],,5328,Pokémon Single,,,,421175,2023-06-20 16:25:00,,Drowzee,,,,,,,,,,1,exact_single,0.02,0.06,0.1,0.06,0.08,0.15,2.21,0.4,1.77,1.19,,,source_field_audit; normalized_card_name=remove_final_bracket_only,unresolved,"collector number, rarity, version, finish and language are absent from the Product Catalogue record; idMetacard is retained as a Cardmarket source identity/grouping key, not treated as official card identity; ex and attack text in the product name are not interpreted as rarity or finish"
719550,Hypno [Here for Hypnosis | Super Psy Bolt],,5328,Pokémon Single,,,,421176,2023-06-20 16:25:37,,Hypno,,,,,,,,,,1,exact_single,0.02,0.1,0.06,0.15,0.11,0.02,1.98,1.12,0.82,1.34,,,source_field_audit; normalized_card_name=remove_final_bracket_only,unresolved,"collector number, rarity, version, finish and language are absent from the Product Catalogue record; idMetacard is retained as a Cardmarket source identity/grouping key, not treated as official card identity; ex and attack text in the product name are not interpreted as rarity or finish"
719551,Krabby [Salt Water | Crabhammer],,5328,Pokémon Single,,,,421177,2023-06-20 16:26:15,,Krabby,,,,,,,,,,1,exact_single,0.02,0.15,0.1,0.26,0.18,0.1,1.87,0.45,1.24,1.15,,,source_field_audit; normalized_card_name=remove_final_bracket_only,unresolved,"collector number, rarity, version, finish and language are absent from the Product Catalogue record; idMetacard is retained as a Cardmarket source identity/grouping key, not treated as official card identity; ex and attack text in the product name are not interpreted as rarity or finish"
719552,Kingler [Hammer Arm | Guillotine],,5328,Pokémon Single,,,,421178,2023-06-20 16:26:46,,Kingler,,,,,,,,,,1,exact_single,0.02,0.19,0.43,0.21,0.15,0.25,2.58,0.5,3.52,1.77,,,source_field_audit; normalized_card_name=remove_final_bracket_only,unresolved,"collector number, rarity, version, finish and language are absent from the Product Catalogue record; idMetacard is retained as a Cardmarket source identity/grouping key, not treated as official card identity; ex and attack text in the product name are not interpreted as rarity or finish"
719553,Voltorb [Tumbling Attack],,5328,Pokémon Single,,,,421179,2023-06-20 16:27:45,,Voltorb,,,,,,,,,,1,exact_single,0.02,0.07,0.1,0.07,0.06,0.02,0.95,0.15,0.88,0.74,,,source_field_audit; normalized_card_name=remove_final_bracket_only,unresolved,"collector number, rarity, version, finish and language are absent from the Product Catalogue record; idMetacard is retained as a Cardmarket source identity/grouping key, not treated as official card identity; ex and attack text in the product name are not interpreted as rarity or finish"
719554,Electrode [Bang Boom Chain | Electro Ball],,5328,Pokémon Single,,,,421180,2023-06-20 16:28:23,,Electrode,,,,,,,,,,1,exact_single,0.02,0.28,1.25,0.34,0.12,0.02,1.54,2.13,1.75,1.41,,,source_field_audit; normalized_card_name=remove_final_bracket_only,unresolved,"collector number, rarity, version, finish and language are absent from the Product Catalogue record; idMetacard is retained as a Cardmarket source identity/grouping key, not treated as official card identity; ex and attack text in the product name are not interpreted as rarity or finish"
719555,Exeggcute [Ball Roll],,5328,Pokémon Single,,,,421181,2023-06-20 16:28:58,,Exeggcute,,,,,,,,,,1,exact_single,0.02,0.07,0.05,0.12,0.06,0.1,3.56,0.9,2.09,2,,,source_field_audit; normalized_card_name=remove_final_bracket_only,unresolved,"collector number, rarity, version, finish and language are absent from the Product Catalogue record; idMetacard is retained as a Cardmarket source identity/grouping key, not treated as official card identity; ex and attack text in the product name are not interpreted as rarity or finish"
719556,Exeggutor [Psychic | Hammer In],,5328,Pokémon Single,,,,421182,2023-06-20 16:29:46,,Exeggutor,,,,,,,,,,1,exact_single,0.02,0.13,0.1,0.14,0.12,0.07,3.09,1.5,3.66,1.94,,,source_field_audit; normalized_card_name=remove_final_bracket_only,unresolved,"collector number, rarity, version, finish and language are absent from the Product Catalogue record; idMetacard is retained as a Cardmarket source identity/grouping key, not treated as official card identity; ex and attack text in the product name are not interpreted as rarity or finish"
719557,Cubone [Cheering Bone | Hit Twice],,5328,Pokémon Single,,,,421183,2023-06-20 16:30:29,,Cubone,,,,,,,,,,1,exact_single,0.02,0.27,0.08,0.08,0.43,0.03,2.81,0.35,1.45,2.38,,,source_field_audit; normalized_card_name=remove_final_bracket_only,unresolved,"collector number, rarity, version, finish and language are absent from the Product Catalogue record; idMetacard is retained as a Cardmarket source identity/grouping key, not treated as official card identity; ex and attack text in the product name are not interpreted as rarity or finish"
719558,Marowak [Bone Throw | Boundless Power],,5328,Pokémon Single,,,,421184,2023-06-20 16:31:14,,Marowak,,,,,,,,,,1,exact_single,0.02,0.08,0.1,0.09,0.12,0.02,3.33,0.35,3.66,2.1,,,source_field_audit; normalized_card_name=remove_final_bracket_only,unresolved,"collector number, rarity, version, finish and language are absent from the Product Catalogue record; idMetacard is retained as a Cardmarket source identity/grouping key, not treated as official card identity; ex and attack text in the product name are not interpreted as rarity or finish"
719559,Hitmonlee [Twister Kick | Low Kick],,5328,Pokémon Single,,,,421185,2023-06-20 16:32:00,,Hitmonlee,,,,,,,,,,1,exact_single,0.02,0.08,0.08,0.09,0.08,0.02,2.99,0.94,3.01,2.2,,,source_field_audit; normalized_card_name=remove_final_bracket_only,unresolved,"collector number, rarity, version, finish and language are absent from the Product Catalogue record; idMetacard is retained as a Cardmarket source identity/grouping key, not treated as official card identity; ex and attack text in the product name are not interpreted as rarity or finish"
719560,Hitmonchan [Counterattack | Excited Punch],,5328,Pokémon Single,,,,421186,2023-06-20 16:32:45,,Hitmonchan,,,,,,,,,,1,exact_single,0.02,0.1,0.13,0.15,0.09,0.3,4.06,0.99,4.07,1.94,,,source_field_audit; normalized_card_name=remove_final_bracket_only,unresolved,"collector number, rarity, version, finish and language are absent from the Product Catalogue record; idMetacard is retained as a Cardmarket source identity/grouping key, not treated as official card identity; ex and attack text in the product name are not interpreted as rarity or finish"
719561,Lickitung [Tongue-Tied],,5328,Pokémon Single,,,,421187,2023-06-20 16:33:18,,Lickitung,,,,,,,,,,1,exact_single,0.02,0.03,0.2,0.1,0.1,0.02,3.43,0.2,2.5,1.27,,,source_field_audit; normalized_card_name=remove_final_bracket_only,unresolved,"collector number, rarity, version, finish and language are absent from the Product Catalogue record; idMetacard is retained as a Cardmarket source identity/grouping key, not treated as official card identity; ex and attack text in the product name are not interpreted as rarity or finish"
719562,Koffing [Suspicious Gas],,5328,Pokémon Single,,,,421188,2023-06-20 16:33:50,,Koffing,,,,,,,,,,1,exact_single,0.02,0.07,0.1,0.06,0.08,0.1,6.8,0.49,6.12,1.79,,,source_field_audit; normalized_card_name=remove_final_bracket_only,unresolved,"collector number, rarity, version, finish and language are absent from the Product Catalogue record; idMetacard is retained as a Cardmarket source identity/grouping key, not treated as official card identity; ex and attack text in the product name are not interpreted as rarity or finish"
719563,Weezing [Let's Have a Blast | Spinning Fumes],,5328,Pokémon Single,,,,421189,2023-06-20 16:34:32,,Weezing,,,,,,,,,,1,exact_single,0.02,0.62,0.13,1.59,0.42,0.02,7.12,0.49,8.52,2.76,,,source_field_audit; normalized_card_name=remove_final_bracket_only,unresolved,"collector number, rarity, version, finish and language are absent from the Product Catalogue record; idMetacard is retained as a Cardmarket source identity/grouping key, not treated as official card identity; ex and attack text in the product name are not interpreted as rarity or finish"
719564,Rhyhorn [Push Down | Boulder Crush],,5328,Pokémon Single,,,,421190,2023-06-20 16:35:14,,Rhyhorn,,,,,,,,,,1,exact_single,0.02,0.15,0.1,0.12,0.09,0.02,2.45,3.91,2.74,2.22,,,source_field_audit; normalized_card_name=remove_final_bracket_only,unresolved,"collector number, rarity, version, finish and language are absent from the Product Catalogue record; idMetacard is retained as a Cardmarket source identity/grouping key, not treated as official card identity; ex and attack text in the product name are not interpreted as rarity or finish"
719565,Rhydon [Wrack Down | Charismatic Drill],,5328,Pokémon Single,,,,421191,2023-06-20 16:35:53,,Rhydon,,,,,,,,,,1,exact_single,0.02,0.09,0.21,0.09,0.09,0.04,0.6,0.2,1.21,0.79,,,source_field_audit; normalized_card_name=remove_final_bracket_only,unresolved,"collector number, rarity, version, finish and language are absent from the Product Catalogue record; idMetacard is retained as a Cardmarket source identity/grouping key, not treated as official card identity; ex and attack text in the product name are not interpreted as rarity or finish"
719566,Chansey [Lucky Bonus | Gentle Slap],,5328,Pokémon Single,,,,421192,2023-06-20 16:36:33,,Chansey,,,,,,,,,,1,exact_single,0.02,0.63,0.11,0.79,0.41,0.05,1.5,0.99,1.21,1.46,,,source_field_audit; normalized_card_name=remove_final_bracket_only,unresolved,"collector number, rarity, version, finish and language are absent from the Product Catalogue record; idMetacard is retained as a Cardmarket source identity/grouping key, not treated as official card identity; ex and attack text in the product name are not interpreted as rarity or finish"
719567,Tangela [Tactful Tangling],,5328,Pokémon Single,,,,421193,2023-06-20 16:37:06,,Tangela,,,,,,,,,,1,exact_single,0.02,0.13,0.05,0.04,0.27,0.04,2.49,5.25,3.06,1.29,,,source_field_audit; normalized_card_name=remove_final_bracket_only,unresolved,"collector number, rarity, version, finish and language are absent from the Product Catalogue record; idMetacard is retained as a Cardmarket source identity/grouping key, not treated as official card identity; ex and attack text in the product name are not interpreted as rarity or finish"
719568,Kangaskhan ex [Triple Draw | Incessant Punching],,5328,Pokémon Single,,,,421194,2023-06-20 16:37:47,,Kangaskhan ex,,,,,,,,,,1,exact_single,0.02,0.28,0.44,0.33,0.3,,0,,,,,,source_field_audit; normalized_card_name=remove_final_bracket_only,unresolved,"collector number, rarity, version, finish and language are absent from the Product Catalogue record; idMetacard is retained as a Cardmarket source identity/grouping key, not treated as official card identity; ex and attack text in the product name are not interpreted as rarity or finish"
719569,Horsea [Rain Splash | Sharp Fin],,5328,Pokémon Single,,,,421195,2023-06-20 16:39:05,,Horsea,,,,,,,,,,1,exact_single,0.02,0.12,0.08,0.3,0.14,0.05,1.08,0.69,0.79,1.24,,,source_field_audit; normalized_card_name=remove_final_bracket_only,unresolved,"collector number, rarity, version, finish and language are absent from the Product Catalogue record; idMetacard is retained as a Cardmarket source identity/grouping key, not treated as official card identity; ex and attack text in the product name are not interpreted as rarity or finish"
719570,Seadra [Blinding Ink],,5328,Pokémon Single,,,,421196,2023-06-20 16:39:44,,Seadra,,,,,,,,,,1,exact_single,0.02,0.09,0.2,0.1,0.09,0.03,1.68,0.99,1.92,2.03,,,source_field_audit; normalized_card_name=remove_final_bracket_only,unresolved,"collector number, rarity, version, finish and language are absent from the Product Catalogue record; idMetacard is retained as a Cardmarket source identity/grouping key, not treated as official card identity; ex and attack text in the product name are not interpreted as rarity or finish"
719571,Goldeen [Triple Strike | Sprinkle Water],,5328,Pokémon Single,,,,421197,2023-06-20 16:40:33,,Goldeen,,,,,,,,,,1,exact_single,0.02,0.05,0.05,0.04,0.06,0.08,2.64,0.97,2.77,1.38,,,source_field_audit; normalized_card_name=remove_final_bracket_only,unresolved,"collector number, rarity, version, finish and language are absent from the Product Catalogue record; idMetacard is retained as a Cardmarket source identity/grouping key, not treated as official card identity; ex and attack text in the product name are not interpreted as rarity or finish"
719572,Seaking [Swim Freely | Aqua Horn],,5328,Pokémon Single,,,,421198,2023-06-20 16:41:18,,Seaking,,,,,,,,,,1,exact_single,0.02,0.37,0.05,0.42,0.22,0.05,5.14,1.47,4.83,2.32,,,source_field_audit; normalized_card_name=remove_final_bracket_only,unresolved,"collector number, rarity, version, finish and language are absent from the Product Catalogue record; idMetacard is retained as a Cardmarket source identity/grouping key, not treated as official card identity; ex and attack text in the product name are not interpreted as rarity or finish"
719573,Staryu [Swift],,5328,Pokémon Single,,,,421199,2023-06-20 16:41:57,,Staryu,,,,,,,,,,1,exact_single,0.02,0.06,0.1,0.04,0.07,0.02,0.42,0.5,0.4,0.51,,,source_field_audit; normalized_card_name=remove_final_bracket_only,unresolved,"collector number, rarity, version, finish and language are absent from the Product Catalogue record; idMetacard is retained as a Cardmarket source identity/grouping key, not treated as official card identity; ex and attack text in the product name are not interpreted as rarity or finish"
719574,Starmie [Mysterious Comet | Speed Attack],,5328,Pokémon Single,,,,421200,2023-06-20 16:42:32,,Starmie,,,,,,,,,,1,exact_single,0.02,0.12,0.13,0.11,0.17,0.02,1.91,2.7,1.42,1.64,,,source_field_audit; normalized_card_name=remove_final_bracket_only,unresolved,"collector number, rarity, version, finish and language are absent from the Product Catalogue record; idMetacard is retained as a Cardmarket source identity/grouping key, not treated as official card identity; ex and attack text in the product name are not interpreted as rarity or finish"
719575,Mr. Mime [Mimic Barrier | Psypower],,5328,Pokémon Single,,,,421201,2023-06-20 16:43:29,,Mr. Mime,,,,,,,,,,1,exact_single,0.02,0.44,0.39,0.23,0.31,0.02,2.63,0.93,1.65,1.37,,,source_field_audit; normalized_card_name=remove_final_bracket_only,unresolved,"collector number, rarity, version, finish and language are absent from the Product Catalogue record; idMetacard is retained as a Cardmarket source identity/grouping key, not treated as official card identity; ex and attack text in the product name are not interpreted as rarity or finish"
719576,Scyther [Helpful Slash | Slicing Blade],,5328,Pokémon Single,,,,421202,2023-06-20 16:44:14,,Scyther,,,,,,,,,,1,exact_single,0.02,0.02,0.08,0.06,0.85,0.02,2.7,1.87,2.76,2.62,,,source_field_audit; normalized_card_name=remove_final_bracket_only,unresolved,"collector number, rarity, version, finish and language are absent from the Product Catalogue record; idMetacard is retained as a Cardmarket source identity/grouping key, not treated as official card identity; ex and attack text in the product name are not interpreted as rarity or finish"
719577,Jynx ex [Heart-Stopping Kiss | Icy Wind],,5328,Pokémon Single,,,,421203,2023-06-20 16:45:04,,Jynx ex,,,,,,,,,,1,exact_single,0.03,0.18,0.26,0.3,0.32,,0,,,,,,source_field_audit; normalized_card_name=remove_final_bracket_only,unresolved,"collector number, rarity, version, finish and language are absent from the Product Catalogue record; idMetacard is retained as a Cardmarket source identity/grouping key, not treated as official card identity; ex and attack text in the product name are not interpreted as rarity or finish"
719578,Electabuzz [Electro Combo | Light Punch],,5328,Pokémon Single,,,,421204,2023-06-20 16:45:52,,Electabuzz,,,,,,,,,,1,exact_single,0.02,0.04,0.05,0.05,0.05,0.05,1.74,0.9,0.34,1.5,,,source_field_audit; normalized_card_name=remove_final_bracket_only,unresolved,"collector number, rarity, version, finish and language are absent from the Product Catalogue record; idMetacard is retained as a Cardmarket source identity/grouping key, not treated as official card identity; ex and attack text in the product name are not interpreted as rarity or finish"
719579,Magmar [Live Coal | Flare Combo],,5328,Pokémon Single,,,,421205,2023-06-20 16:46:14,,Magmar,,,,,,,,,,1,exact_single,0.02,0.08,0.18,0.07,0.08,0.03,3.4,0.8,3.05,1.34,,,source_field_audit; normalized_card_name=remove_final_bracket_only,unresolved,"collector number, rarity, version, finish and language are absent from the Product Catalogue record; idMetacard is retained as a Cardmarket source identity/grouping key, not treated as official card identity; ex and attack text in the product name are not interpreted as rarity or finish"
719580,Pinsir [Vise Grip | Reckless Throw],,5328,Pokémon Single,,,,421206,2023-06-20 16:46:52,,Pinsir,,,,,,,,,,1,exact_single,0.02,0.28,0.1,0.05,0.48,0.2,1.26,0.15,1.65,1.54,,,source_field_audit; normalized_card_name=remove_final_bracket_only,unresolved,"collector number, rarity, version, finish and language are absent from the Product Catalogue record; idMetacard is retained as a Cardmarket source identity/grouping key, not treated as official card identity; ex and attack text in the product name are not interpreted as rarity or finish"
719581,Tauros [Gather the Crew | Rage],,5328,Pokémon Single,,,,421207,2023-06-20 16:47:18,,Tauros,,,,,,,,,,1,exact_single,0.02,0.33,0.05,0.06,0.49,0.05,2.48,0.74,1.22,1.45,,,source_field_audit; normalized_card_name=remove_final_bracket_only,unresolved,"collector number, rarity, version, finish and language are absent from the Product Catalogue record; idMetacard is retained as a Cardmarket source identity/grouping key, not treated as official card identity; ex and attack text in the product name are not interpreted as rarity or finish"
719582,Magikarp [Splashy Splash],,5328,Pokémon Single,,,,421208,2023-06-20 16:47:50,,Magikarp,,,,,,,,,,1,exact_single,0.02,0.02,0.15,0.07,1.02,0.2,3.05,0.47,8.89,4.9,,,source_field_audit; normalized_card_name=remove_final_bracket_only,unresolved,"collector number, rarity, version, finish and language are absent from the Product Catalogue record; idMetacard is retained as a Cardmarket source identity/grouping key, not treated as official card identity; ex and attack text in the product name are not interpreted as rarity or finish"
719583,Gyarados [Untamed One | Hyper Beam],,5328,Pokémon Single,,,,421209,2023-06-20 16:48:40,,Gyarados,,,,,,,,,,1,exact_single,0.02,0.35,0.65,0.2,0.32,0.1,3.47,0.69,1.65,4.74,,,source_field_audit; normalized_card_name=remove_final_bracket_only,unresolved,"collector number, rarity, version, finish and language are absent from the Product Catalogue record; idMetacard is retained as a Cardmarket source identity/grouping key, not treated as official card identity; ex and attack text in the product name are not interpreted as rarity or finish"
719584,Lapras [Hop on My Back | Aqua Edge],,5328,Pokémon Single,,,,421210,2023-06-20 16:49:14,,Lapras,,,,,,,,,,1,exact_single,0.02,0.49,0.47,0.25,0.59,0.05,2.85,1.59,2.98,2.18,,,source_field_audit; normalized_card_name=remove_final_bracket_only,unresolved,"collector number, rarity, version, finish and language are absent from the Product Catalogue record; idMetacard is retained as a Cardmarket source identity/grouping key, not treated as official card identity; ex and attack text in the product name are not interpreted as rarity or finish"
719585,Ditto [Transformative Start | Splup],,5328,Pokémon Single,,,,421211,2023-06-20 16:50:01,,Ditto,,,,,,,,,,1,exact_single,0.02,0.02,0.13,0.13,0.49,0.02,2.38,0.99,1.61,1.84,,,source_field_audit; normalized_card_name=remove_final_bracket_only,unresolved,"collector number, rarity, version, finish and language are absent from the Product Catalogue record; idMetacard is retained as a Cardmarket source identity/grouping key, not treated as official card identity; ex and attack text in the product name are not interpreted as rarity or finish"
719586,Eevee [Colorful Friends | Skip],,5328,Pokémon Single,,,,421212,2023-06-20 16:50:46,,Eevee,,,,,,,,,,1,exact_single,0.02,0.37,0.05,0.05,0.74,0.5,4.11,2.5,4.72,5.61,,,source_field_audit; normalized_card_name=remove_final_bracket_only,unresolved,"collector number, rarity, version, finish and language are absent from the Product Catalogue record; idMetacard is retained as a Cardmarket source identity/grouping key, not treated as official card identity; ex and attack text in the product name are not interpreted as rarity or finish"
719587,Vaporeon [Spiral Drain | Fighting Whirlpool],,5328,Pokémon Single,,,,421213,2023-06-20 16:51:18,,Vaporeon,,,,,,,,,,1,exact_single,0.02,0.22,0.18,0.16,0.2,0.02,7.45,0.2,7.3,5.37,,,source_field_audit; normalized_card_name=remove_final_bracket_only,unresolved,"collector number, rarity, version, finish and language are absent from the Product Catalogue record; idMetacard is retained as a Cardmarket source identity/grouping key, not treated as official card identity; ex and attack text in the product name are not interpreted as rarity or finish"
719588,Jolteon [Linear Attack | Fighting Lightning],,5328,Pokémon Single,,,,421214,2023-06-20 16:51:57,,Jolteon,,,,,,,,,,1,exact_single,0.02,0.02,0.25,0.16,0.47,0.02,6.34,1.99,6.2,4.39,,,source_field_audit; normalized_card_name=remove_final_bracket_only,unresolved,"collector number, rarity, version, finish and language are absent from the Product Catalogue record; idMetacard is retained as a Cardmarket source identity/grouping key, not treated as official card identity; ex and attack text in the product name are not interpreted as rarity or finish"
719589,Flareon [Destructive Flame | Fighting Blaze],,5328,Pokémon Single,,,,421215,2023-06-20 16:52:35,,Flareon,,,,,,,,,,1,exact_single,0.02,2.17,0.2,1.14,0.35,0.02,6.03,4.98,4.93,3.5,,,source_field_audit; normalized_card_name=remove_final_bracket_only,unresolved,"collector number, rarity, version, finish and language are absent from the Product Catalogue record; idMetacard is retained as a Cardmarket source identity/grouping key, not treated as official card identity; ex and attack text in the product name are not interpreted as rarity or finish"
719590,Porygon [Conversion 4],,5328,Pokémon Single,,,,421216,2023-06-20 16:53:01,,Porygon,,,,,,,,,,1,exact_single,0.02,0.1,0.05,0.04,0.16,0.18,1.76,2.49,1.98,1.33,,,source_field_audit; normalized_card_name=remove_final_bracket_only,unresolved,"collector number, rarity, version, finish and language are absent from the Product Catalogue record; idMetacard is retained as a Cardmarket source identity/grouping key, not treated as official card identity; ex and attack text in the product name are not interpreted as rarity or finish"
719591,Omanyte [Tentacular Return],,5328,Pokémon Single,,,,421217,2023-06-20 16:54:00,,Omanyte,,,,,,,,,,1,exact_single,0.02,0.11,0.55,0.27,0.16,0.1,2.1,4.6,2.71,2.17,,,source_field_audit; normalized_card_name=remove_final_bracket_only,unresolved,"collector number, rarity, version, finish and language are absent from the Product Catalogue record; idMetacard is retained as a Cardmarket source identity/grouping key, not treated as official card identity; ex and attack text in the product name are not interpreted as rarity or finish"
719592,Omastar [Primordial Tentacles | Aqua Split],,5328,Pokémon Single,,,,421218,2023-06-20 16:54:46,,Omastar,,,,,,,,,,1,exact_single,0.02,0.6,0.09,0.66,0.24,0.02,3.79,1.12,3.79,1.44,,,source_field_audit; normalized_card_name=remove_final_bracket_only,unresolved,"collector number, rarity, version, finish and language are absent from the Product Catalogue record; idMetacard is retained as a Cardmarket source identity/grouping key, not treated as official card identity; ex and attack text in the product name are not interpreted as rarity or finish"
719593,Kabuto [Double Scratch],,5328,Pokémon Single,,,,421219,2023-06-20 16:55:32,,Kabuto,,,,,,,,,,1,exact_single,0.02,0.13,0.08,0.05,0.35,0.1,1.9,0.99,1.75,2.08,,,source_field_audit; normalized_card_name=remove_final_bracket_only,unresolved,"collector number, rarity, version, finish and language are absent from the Product Catalogue record; idMetacard is retained as a Cardmarket source identity/grouping key, not treated as official card identity; ex and attack text in the product name are not interpreted as rarity or finish"
719594,Kabutops [Ancient Way | Draining Blade],,5328,Pokémon Single,,,,421220,2023-06-20 16:56:00,,Kabutops,,,,,,,,,,1,exact_single,0.02,0.34,0.45,0.38,0.19,0.03,2.05,1.17,1.09,1.97,,,source_field_audit; normalized_card_name=remove_final_bracket_only,unresolved,"collector number, rarity, version, finish and language are absent from the Product Catalogue record; idMetacard is retained as a Cardmarket source identity/grouping key, not treated as official card identity; ex and attack text in the product name are not interpreted as rarity or finish"
719595,Aerodactyl [Glide | Devolution Ray],,5328,Pokémon Single,,,,421221,2023-06-20 16:56:46,,Aerodactyl,,,,,,,,,,1,exact_single,0.02,0.51,0.35,0.42,0.37,0.02,4.08,0.99,0.95,3.5,,,source_field_audit; normalized_card_name=remove_final_bracket_only,unresolved,"collector number, rarity, version, finish and language are absent from the Product Catalogue record; idMetacard is retained as a Cardmarket source identity/grouping key, not treated as official card identity; ex and attack text in the product name are not interpreted as rarity or finish"
719596,Snorlax [Voraciousness | Thudding Press],,5328,Pokémon Single,,,,421222,2023-06-20 16:57:30,,Snorlax,,,,,,,,,,1,exact_single,0.02,0.12,0.22,0.12,0.12,0.05,1.2,0.15,2.4,1.65,,,source_field_audit; normalized_card_name=remove_final_bracket_only,unresolved,"collector number, rarity, version, finish and language are absent from the Product Catalogue record; idMetacard is retained as a Cardmarket source identity/grouping key, not treated as official card identity; ex and attack text in the product name are not interpreted as rarity or finish"
719597,Articuno [Ice Float | Blizzard],,5328,Pokémon Single,,,,421223,2023-06-20 16:58:23,,Articuno,,,,,,,,,,1,exact_single,0.02,0.17,0.58,0.97,0.55,0.05,2.42,0.2,2.1,2.81,,,source_field_audit; normalized_card_name=remove_final_bracket_only,unresolved,"collector number, rarity, version, finish and language are absent from the Product Catalogue record; idMetacard is retained as a Cardmarket source identity/grouping key, not treated as official card identity; ex and attack text in the product name are not interpreted as rarity or finish"
719598,Zapdos ex [Voltaic Float | Multishot Lightning],,5328,Pokémon Single,,,,421224,2023-06-20 16:59:06,,Zapdos ex,,,,,,,,,,1,exact_single,0.03,0.39,0.42,0.44,0.42,,0,,,,,,source_field_audit; normalized_card_name=remove_final_bracket_only,unresolved,"collector number, rarity, version, finish and language are absent from the Product Catalogue record; idMetacard is retained as a Cardmarket source identity/grouping key, not treated as official card identity; ex and attack text in the product name are not interpreted as rarity or finish"
719599,Moltres [Flare Float | Blazing Flight],,5328,Pokémon Single,,,,421225,2023-06-20 16:59:51,,Moltres,,,,,,,,,,1,exact_single,0.02,0.15,0.61,0.22,0.2,0.02,2.76,0.94,2.25,2.28,,,source_field_audit; normalized_card_name=remove_final_bracket_only,unresolved,"collector number, rarity, version, finish and language are absent from the Product Catalogue record; idMetacard is retained as a Cardmarket source identity/grouping key, not treated as official card identity; ex and attack text in the product name are not interpreted as rarity or finish"
719600,Dratini [Beat | Draconic Whip],,5328,Pokémon Single,,,,421226,2023-06-20 17:00:22,,Dratini,,,,,,,,,,1,exact_single,0.02,0.66,0.15,1.4,0.5,0.02,5.5,6.97,5.37,3.58,,,source_field_audit; normalized_card_name=remove_final_bracket_only,unresolved,"collector number, rarity, version, finish and language are absent from the Product Catalogue record; idMetacard is retained as a Cardmarket source identity/grouping key, not treated as official card identity; ex and attack text in the product name are not interpreted as rarity or finish"
719601,Dragonair [Beat | Aqua Slash],,5328,Pokémon Single,,,,421227,2023-06-20 17:01:00,,Dragonair,,,,,,,,,,1,exact_single,0.02,0.77,5.03,1.22,1.4,0.25,3.42,1.99,3.27,4.19,,,source_field_audit; normalized_card_name=remove_final_bracket_only,unresolved,"collector number, rarity, version, finish and language are absent from the Product Catalogue record; idMetacard is retained as a Cardmarket source identity/grouping key, not treated as official card identity; ex and attack text in the product name are not interpreted as rarity or finish"
719602,Dragonite [Jet Cruise | Dragon Pulse],,5328,Pokémon Single,,,,421228,2023-06-20 17:01:45,,Dragonite,,,,,,,,,,1,exact_single,0.02,0.02,1.5,0.41,1.08,0.05,8.41,0.35,13.23,6.64,,,source_field_audit; normalized_card_name=remove_final_bracket_only,unresolved,"collector number, rarity, version, finish and language are absent from the Product Catalogue record; idMetacard is retained as a Cardmarket source identity/grouping key, not treated as official card identity; ex and attack text in the product name are not interpreted as rarity or finish"
719603,Mewtwo [Reflective Barrier | Psyslash],,5328,Pokémon Single,,,,421229,2023-06-20 17:02:25,,Mewtwo,,,,,,,,,,1,exact_single,0.02,0.53,0.77,0.55,0.51,0.15,21.24,34.5,23.04,8.14,,,source_field_audit; normalized_card_name=remove_final_bracket_only,unresolved,"collector number, rarity, version, finish and language are absent from the Product Catalogue record; idMetacard is retained as a Cardmarket source identity/grouping key, not treated as official card identity; ex and attack text in the product name are not interpreted as rarity or finish"
719604,Mew ex [Restart | Genome Hacking],,5328,Pokémon Single,,,,421230,2023-06-20 17:03:01,,Mew ex,,,,,,,,,,1,exact_single,0.25,0.96,1.22,1.04,0.96,,0,,,,,,source_field_audit; normalized_card_name=remove_final_bracket_only,unresolved,"collector number, rarity, version, finish and language are absent from the Product Catalogue record; idMetacard is retained as a Cardmarket source identity/grouping key, not treated as official card identity; ex and attack text in the product name are not interpreted as rarity or finish"
719605,Energy Sticker,,5328,Pokémon Single,,,,421231,2023-06-20 17:03:22,,Energy Sticker,,,,,,,,,,1,exact_single,0.02,0.13,0.05,0.05,0.18,0.2,2.37,0.99,2.53,2.12,,,source_field_audit; normalized_card_name=remove_final_bracket_only,unresolved,"collector number, rarity, version, finish and language are absent from the Product Catalogue record; idMetacard is retained as a Cardmarket source identity/grouping key, not treated as official card identity; ex and attack text in the product name are not interpreted as rarity or finish"
719606,Grabber,,5328,Pokémon Single,,,,421232,2023-06-20 17:03:40,,Grabber,,,,,,,,,,1,exact_single,0.02,0.13,1.1,0.28,0.29,0.3,1.73,1.15,1.21,1.61,,,source_field_audit; normalized_card_name=remove_final_bracket_only,unresolved,"collector number, rarity, version, finish and language are absent from the Product Catalogue record; idMetacard is retained as a Cardmarket source identity/grouping key, not treated as official card identity; ex and attack text in the product name are not interpreted as rarity or finish"
719607,Antique Helix Fossil [Helical Swell],,5328,Pokémon Single,,,,421233,2023-06-20 17:04:18,,Antique Helix Fossil,,,,,,,,,,1,exact_single,0.02,0.58,0.3,0.08,0.43,0.39,1.17,0.99,0.77,1.22,,,source_field_audit; normalized_card_name=remove_final_bracket_only,unresolved,"collector number, rarity, version, finish and language are absent from the Product Catalogue record; idMetacard is retained as a Cardmarket source identity/grouping key, not treated as official card identity; ex and attack text in the product name are not interpreted as rarity or finish"
719608,Antique Dome Fossil [Domed Armor],,5328,Pokémon Single,,,,421234,2023-06-20 17:04:52,,Antique Dome Fossil,,,,,,,,,,1,exact_single,0.02,0.06,0.53,0.16,0.12,0.05,3.62,0.99,3.66,2.29,,,source_field_audit; normalized_card_name=remove_final_bracket_only,unresolved,"collector number, rarity, version, finish and language are absent from the Product Catalogue record; idMetacard is retained as a Cardmarket source identity/grouping key, not treated as official card identity; ex and attack text in the product name are not interpreted as rarity or finish"
719609,Antique Old Amber [Amber Protection],,5328,Pokémon Single,,,,421235,2023-06-20 17:05:25,,Antique Old Amber,,,,,,,,,,1,exact_single,0.02,0.15,0.2,0.18,0.09,0.14,1.16,0.72,1.16,0.86,,,source_field_audit; normalized_card_name=remove_final_bracket_only,unresolved,"collector number, rarity, version, finish and language are absent from the Product Catalogue record; idMetacard is retained as a Cardmarket source identity/grouping key, not treated as official card identity; ex and attack text in the product name are not interpreted as rarity or finish"
719610,Protective Goggles,,5328,Pokémon Single,,,,421236,2023-06-20 17:05:41,,Protective Goggles,,,,,,,,,,1,exact_single,0.02,0.02,0.1,0.06,0.12,0.02,1.99,0.33,2.46,1.13,,,source_field_audit; normalized_card_name=remove_final_bracket_only,unresolved,"collector number, rarity, version, finish and language are absent from the Product Catalogue record; idMetacard is retained as a Cardmarket source identity/grouping key, not treated as official card identity; ex and attack text in the product name are not interpreted as rarity or finish"
719611,Big Air Balloon,,5328,Pokémon Single,,,,421237,2023-06-20 17:05:56,,Big Air Balloon,,,,,,,,,,1,exact_single,0.02,0.06,0.15,0.09,0.23,0.02,1.78,3,1.46,1.41,,,source_field_audit; normalized_card_name=remove_final_bracket_only,unresolved,"collector number, rarity, version, finish and language are absent from the Product Catalogue record; idMetacard is retained as a Cardmarket source identity/grouping key, not treated as official card identity; ex and attack text in the product name are not interpreted as rarity or finish"
719612,Rigid Band,,5328,Pokémon Single,,,,421238,2023-06-20 17:06:10,,Rigid Band,,,,,,,,,,1,exact_single,0.02,0.07,0.1,0.04,0.06,0.03,0.83,0.35,1.05,0.78,,,source_field_audit; normalized_card_name=remove_final_bracket_only,unresolved,"collector number, rarity, version, finish and language are absent from the Product Catalogue record; idMetacard is retained as a Cardmarket source identity/grouping key, not treated as official card identity; ex and attack text in the product name are not interpreted as rarity or finish"
719613,Leftovers,,5328,Pokémon Single,,,,215862,2023-06-20 17:06:29,,Leftovers,,,,,,,,,,1,exact_single,0.02,0.1,0.1,0.1,0.11,0.02,1.27,0.15,1.22,0.53,,,source_field_audit; normalized_card_name=remove_final_bracket_only,unresolved,"collector number, rarity, version, finish and language are absent from the Product Catalogue record; idMetacard is retained as a Cardmarket source identity/grouping key, not treated as official card identity; ex and attack text in the product name are not interpreted as rarity or finish"
719614,Erika's Invitation,,5328,Pokémon Single,,,,421239,2023-06-20 17:06:48,,Erika's Invitation,,,,,,,,,,1,exact_single,0.02,1.84,0.3,1.97,0.71,0.02,3.63,0.29,6,4,,,source_field_audit; normalized_card_name=remove_final_bracket_only,unresolved,"collector number, rarity, version, finish and language are absent from the Product Catalogue record; idMetacard is retained as a Cardmarket source identity/grouping key, not treated as official card identity; ex and attack text in the product name are not interpreted as rarity or finish"
719615,Giovanni's Charisma,,5328,Pokémon Single,,,,421240,2023-06-20 17:07:03,,Giovanni's Charisma,,,,,,,,,,1,exact_single,0.02,0.58,0.05,1.59,0.41,0.08,0.52,0.2,0.34,1.75,,,source_field_audit; normalized_card_name=remove_final_bracket_only,unresolved,"collector number, rarity, version, finish and language are absent from the Product Catalogue record; idMetacard is retained as a Cardmarket source identity/grouping key, not treated as official card identity; ex and attack text in the product name are not interpreted as rarity or finish"
719616,Daisy's Help,,5328,Pokémon Single,,,,421241,2023-06-20 17:07:23,,Daisy's Help,,,,,,,,,,1,exact_single,0.02,0.73,0.54,0.73,0.35,0.05,2.34,0.99,1.85,2.35,,,source_field_audit; normalized_card_name=remove_final_bracket_only,unresolved,"collector number, rarity, version, finish and language are absent from the Product Catalogue record; idMetacard is retained as a Cardmarket source identity/grouping key, not treated as official card identity; ex and attack text in the product name are not interpreted as rarity or finish"
719617,Bill's Transfer,,5328,Pokémon Single,,,,421242,2023-06-20 17:07:41,,Bill's Transfer,,,,,,,,,,1,exact_single,0.02,0.09,0.38,0.13,0.07,0.1,2.74,0.99,2.36,1.32,,,source_field_audit; normalized_card_name=remove_final_bracket_only,unresolved,"collector number, rarity, version, finish and language are absent from the Product Catalogue record; idMetacard is retained as a Cardmarket source identity/grouping key, not treated as official card identity; ex and attack text in the product name are not interpreted as rarity or finish"
719618,Cycling Road,,5328,Pokémon Single,,,,421243,2023-06-20 17:07:58,,Cycling Road,,,,,,,,,,1,exact_single,0.02,0.02,0.15,0.09,0.57,0.05,1.34,1.49,1.2,1.37,,,source_field_audit; normalized_card_name=remove_final_bracket_only,unresolved,"collector number, rarity, version, finish and language are absent from the Product Catalogue record; idMetacard is retained as a Cardmarket source identity/grouping key, not treated as official card identity; ex and attack text in the product name are not interpreted as rarity or finish"
719619,Bulbasaur [Leech Seed | 151],,5328,Pokémon Single,,,,421079,2023-06-20 17:10:49,,Bulbasaur,,,,,,,,,,1,exact_single,10.9,21.93,20.03,22.42,21.82,,0,,,,,,source_field_audit; normalized_card_name=remove_final_bracket_only,unresolved,"collector number, rarity, version, finish and language are absent from the Product Catalogue record; idMetacard is retained as a Cardmarket source identity/grouping key, not treated as official card identity; ex and attack text in the product name are not interpreted as rarity or finish"
719620,Ivysaur [Leech Seed | Vine Whip | 151],,5328,Pokémon Single,,,,421081,2023-06-20 17:11:11,,Ivysaur,,,,,,,,,,1,exact_single,8.95,15.43,11.51,14.83,15.78,,0,,,,,,source_field_audit; normalized_card_name=remove_final_bracket_only,unresolved,"collector number, rarity, version, finish and language are absent from the Product Catalogue record; idMetacard is retained as a Cardmarket source identity/grouping key, not treated as official card identity; ex and attack text in the product name are not interpreted as rarity or finish"
719621,Charmander [Blazing Destruction | Steady Firebreathing],,5328,Pokémon Single,,,,421083,2023-06-20 17:11:33,,Charmander,,,,,,,,,,1,exact_single,18,34.92,24.05,30.88,30.18,,0,,,,,,source_field_audit; normalized_card_name=remove_final_bracket_only,unresolved,"collector number, rarity, version, finish and language are absent from the Product Catalogue record; idMetacard is retained as a Cardmarket source identity/grouping key, not treated as official card identity; ex and attack text in the product name are not interpreted as rarity or finish"
719622,Charmeleon [Combustion | Fire Blast],,5328,Pokémon Single,,,,421084,2023-06-20 17:11:52,,Charmeleon,,,,,,,,,,1,exact_single,11.39,22.16,16.75,17.24,19.34,,0,,,,,,source_field_audit; normalized_card_name=remove_final_bracket_only,unresolved,"collector number, rarity, version, finish and language are absent from the Product Catalogue record; idMetacard is retained as a Cardmarket source identity/grouping key, not treated as official card identity; ex and attack text in the product name are not interpreted as rarity or finish"
719623,Squirtle [Withdraw | Skull Bash],,5328,Pokémon Single,,,,421086,2023-06-20 17:12:14,,Squirtle,,,,,,,,,,1,exact_single,18,28.28,22.69,27.22,28.11,,0,,,,,,source_field_audit; normalized_card_name=remove_final_bracket_only,unresolved,"collector number, rarity, version, finish and language are absent from the Product Catalogue record; idMetacard is retained as a Cardmarket source identity/grouping key, not treated as official card identity; ex and attack text in the product name are not interpreted as rarity or finish"
719624,Wartortle [Free Diving | Spinning Attack],,5328,Pokémon Single,,,,421087,2023-06-20 17:12:38,,Wartortle,,,,,,,,,,1,exact_single,9,15.63,12.9,14.56,16.34,,0,,,,,,source_field_audit; normalized_card_name=remove_final_bracket_only,unresolved,"collector number, rarity, version, finish and language are absent from the Product Catalogue record; idMetacard is retained as a Cardmarket source identity/grouping key, not treated as official card identity; ex and attack text in the product name are not interpreted as rarity or finish"
719625,Caterpie [Leaf Munch],,5328,Pokémon Single,,,,421089,2023-06-20 17:13:04,,Caterpie,,,,,,,,,,1,exact_single,4,6.1,8.08,6.07,6.55,,0,,,,,,source_field_audit; normalized_card_name=remove_final_bracket_only,unresolved,"collector number, rarity, version, finish and language are absent from the Product Catalogue record; idMetacard is retained as a Cardmarket source identity/grouping key, not treated as official card identity; ex and attack text in the product name are not interpreted as rarity or finish"
719626,Pikachu [Charge | Pika Punch],,5328,Pokémon Single,,,,421104,2023-06-20 17:13:38,,Pikachu,,,,,,,,,,1,exact_single,23,38.4,29.58,33.95,38.34,,0,,,,,,source_field_audit; normalized_card_name=remove_final_bracket_only,unresolved,"collector number, rarity, version, finish and language are absent from the Product Catalogue record; idMetacard is retained as a Cardmarket source identity/grouping key, not treated as official card identity; ex and attack text in the product name are not interpreted as rarity or finish"
719627,Nidoking [Enthusiastic King | Venom Impact],,5328,Pokémon Single,,,,421113,2023-06-20 17:14:05,,Nidoking,,,,,,,,,,1,exact_single,3.5,7.76,17.03,6.96,6.52,,0,,,,,,source_field_audit; normalized_card_name=remove_final_bracket_only,unresolved,"collector number, rarity, version, finish and language are absent from the Product Catalogue record; idMetacard is retained as a Cardmarket source identity/grouping key, not treated as official card identity; ex and attack text in the product name are not interpreted as rarity or finish"
719628,Psyduck [Overthinking | Water Gun],,5328,Pokémon Single,,,,421133,2023-06-20 17:14:29,,Psyduck,,,,,,,,,,1,exact_single,14,22.93,20.09,21.08,21.36,,0,,,,,,source_field_audit; normalized_card_name=remove_final_bracket_only,unresolved,"collector number, rarity, version, finish and language are absent from the Product Catalogue record; idMetacard is retained as a Cardmarket source identity/grouping key, not treated as official card identity; ex and attack text in the product name are not interpreted as rarity or finish"
719629,Poliwhirl [Wave Splash | Frog Hop],,5328,Pokémon Single,,,,421140,2023-06-20 17:14:49,,Poliwhirl,,,,,,,,,,1,exact_single,10.9,15.67,14.83,16.09,16.93,,0,,,,,,source_field_audit; normalized_card_name=remove_final_bracket_only,unresolved,"collector number, rarity, version, finish and language are absent from the Product Catalogue record; idMetacard is retained as a Cardmarket source identity/grouping key, not treated as official card identity; ex and attack text in the product name are not interpreted as rarity or finish"
719630,Machoke [Mountain Ramming],,5328,Pokémon Single,,,,421146,2023-06-20 17:15:07,,Machoke,,,,,,,,,,1,exact_single,4.01,5.27,5.2,5.53,5.58,,0,,,,,,source_field_audit; normalized_card_name=remove_final_bracket_only,unresolved,"collector number, rarity, version, finish and language are absent from the Product Catalogue record; idMetacard is retained as a Cardmarket source identity/grouping key, not treated as official card identity; ex and attack text in the product name are not interpreted as rarity or finish"
719631,Tangela [Tactful Tangling],,5328,Pokémon Single,,,,421193,2023-06-20 17:15:26,,Tangela,,,,,,,,,,1,exact_single,2,3.94,3.39,3.68,4.11,,0,,,,,,source_field_audit; normalized_card_name=remove_final_bracket_only,unresolved,"collector number, rarity, version, finish and language are absent from the Product Catalogue record; idMetacard is retained as a Cardmarket source identity/grouping key, not treated as official card identity; ex and attack text in the product name are not interpreted as rarity or finish"
719632,Mr. Mime [Mimic Barrier | Psypower],,5328,Pokémon Single,,,,421201,2023-06-20 17:15:49,,Mr. Mime,,,,,,,,,,1,exact_single,1.9,2.8,2.1,3.1,3.48,,0,,,,,,source_field_audit; normalized_card_name=remove_final_bracket_only,unresolved,"collector number, rarity, version, finish and language are absent from the Product Catalogue record; idMetacard is retained as a Cardmarket source identity/grouping key, not treated as official card identity; ex and attack text in the product name are not interpreted as rarity or finish"
719633,Omanyte [Tentacular Return],,5328,Pokémon Single,,,,421217,2023-06-20 17:16:14,,Omanyte,,,,,,,,,,1,exact_single,1.89,3.48,3.83,3.78,3.82,,0,,,,,,source_field_audit; normalized_card_name=remove_final_bracket_only,unresolved,"collector number, rarity, version, finish and language are absent from the Product Catalogue record; idMetacard is retained as a Cardmarket source identity/grouping key, not treated as official card identity; ex and attack text in the product name are not interpreted as rarity or finish"
719634,Snorlax [Voraciousness | Thudding Press],,5328,Pokémon Single,,,,421222,2023-06-20 17:16:33,,Snorlax,,,,,,,,,,1,exact_single,9.99,16.14,14.35,16.5,15.76,,0,,,,,,source_field_audit; normalized_card_name=remove_final_bracket_only,unresolved,"collector number, rarity, version, finish and language are absent from the Product Catalogue record; idMetacard is retained as a Cardmarket source identity/grouping key, not treated as official card identity; ex and attack text in the product name are not interpreted as rarity or finish"
719635,Dragonair [Beat | Aqua Slash],,5328,Pokémon Single,,,,421227,2023-06-20 17:16:53,,Dragonair,,,,,,,,,,1,exact_single,10,13.32,12.88,14.29,14.52,,0,,,,,,source_field_audit; normalized_card_name=remove_final_bracket_only,unresolved,"collector number, rarity, version, finish and language are absent from the Product Catalogue record; idMetacard is retained as a Cardmarket source identity/grouping key, not treated as official card identity; ex and attack text in the product name are not interpreted as rarity or finish"
719636,Mewtwo [Reflective Barrier | Psyslash],,5328,Pokémon Single,,,,421229,2023-06-20 17:17:13,,Mewtwo,,,,,,,,,,1,exact_single,20.5,27.11,23.16,26.31,30.8,,0,,,,,,source_field_audit; normalized_card_name=remove_final_bracket_only,unresolved,"collector number, rarity, version, finish and language are absent from the Product Catalogue record; idMetacard is retained as a Cardmarket source identity/grouping key, not treated as official card identity; ex and attack text in the product name are not interpreted as rarity or finish"
719637,Venusaur ex [Tranquil Flower | Dangerous Toxwhip],,5328,Pokémon Single,,,,421082,2023-06-20 17:17:36,,Venusaur ex,,,,,,,,,,1,exact_single,4,9.41,8.97,9.4,9.44,,0,,,,,,source_field_audit; normalized_card_name=remove_final_bracket_only,unresolved,"collector number, rarity, version, finish and language are absent from the Product Catalogue record; idMetacard is retained as a Cardmarket source identity/grouping key, not treated as official card identity; ex and attack text in the product name are not interpreted as rarity or finish"
719638,Charizard ex [Brave Wing | Explosive Vortex],,5328,Pokémon Single,,,,421085,2023-06-20 17:17:55,,Charizard ex,,,,,,,,,,1,exact_single,10,24.63,12.9,27.65,28.29,,0,,,,,,source_field_audit; normalized_card_name=remove_final_bracket_only,unresolved,"collector number, rarity, version, finish and language are absent from the Product Catalogue record; idMetacard is retained as a Cardmarket source identity/grouping key, not treated as official card identity; ex and attack text in the product name are not interpreted as rarity or finish"
719639,Blastoise ex [Solid Shell | Twin Cannons],,5328,Pokémon Single,,,,421088,2023-06-20 17:18:16,,Blastoise ex,,,,,,,,,,1,exact_single,5,9.67,10,9.28,10.87,,0,,,,,,source_field_audit; normalized_card_name=remove_final_bracket_only,unresolved,"collector number, rarity, version, finish and language are absent from the Product Catalogue record; idMetacard is retained as a Cardmarket source identity/grouping key, not treated as official card identity; ex and attack text in the product name are not interpreted as rarity or finish"
719640,Arbok ex [Bind Down | Menacing Fangs],,5328,Pokémon Single,,,,421103,2023-06-20 17:18:33,,Arbok ex,,,,,,,,,,1,exact_single,1.5,2.84,3.02,2.94,3.07,,0,,,,,,source_field_audit; normalized_card_name=remove_final_bracket_only,unresolved,"collector number, rarity, version, finish and language are absent from the Product Catalogue record; idMetacard is retained as a Cardmarket source identity/grouping key, not treated as official card identity; ex and attack text in the product name are not interpreted as rarity or finish"
719641,Ninetales ex [Heat Wave | Mirrored Flames],,5328,Pokémon Single,,,,421117,2023-06-20 17:18:51,,Ninetales ex,,,,,,,,,,1,exact_single,3.5,4.76,5.99,4.78,4.51,,0,,,,,,source_field_audit; normalized_card_name=remove_final_bracket_only,unresolved,"collector number, rarity, version, finish and language are absent from the Product Catalogue record; idMetacard is retained as a Cardmarket source identity/grouping key, not treated as official card identity; ex and attack text in the product name are not interpreted as rarity or finish"
719642,Wigglytuff ex [Expanding Body | Friend Tackle],,5328,Pokémon Single,,,,421119,2023-06-20 17:19:07,,Wigglytuff ex,,,,,,,,,,1,exact_single,1.5,3.8,6.98,3.5,3.56,,0,,,,,,source_field_audit; normalized_card_name=remove_final_bracket_only,unresolved,"collector number, rarity, version, finish and language are absent from the Product Catalogue record; idMetacard is retained as a Cardmarket source identity/grouping key, not treated as official card identity; ex and attack text in the product name are not interpreted as rarity or finish"
719643,Alakazam ex [Mind Jack | Dimensional Hand],,5328,Pokémon Single,,,,421144,2023-06-20 17:19:28,,Alakazam ex,,,,,,,,,,1,exact_single,2.2,4.02,3.8,4.26,4.24,,0,,,,,,source_field_audit; normalized_card_name=remove_final_bracket_only,unresolved,"collector number, rarity, version, finish and language are absent from the Product Catalogue record; idMetacard is retained as a Cardmarket source identity/grouping key, not treated as official card identity; ex and attack text in the product name are not interpreted as rarity or finish"
719644,Golem ex [Dynamic Roll | Rock Blaster],,5328,Pokémon Single,,,,421155,2023-06-20 17:19:45,,Golem ex,,,,,,,,,,1,exact_single,2.5,3.52,3.4,3.52,4.09,,0,,,,,,source_field_audit; normalized_card_name=remove_final_bracket_only,unresolved,"collector number, rarity, version, finish and language are absent from the Product Catalogue record; idMetacard is retained as a Cardmarket source identity/grouping key, not treated as official card identity; ex and attack text in the product name are not interpreted as rarity or finish"
719645,Kangaskhan ex [Triple Draw | Incessant Punching],,5328,Pokémon Single,,,,421194,2023-06-20 17:20:04,,Kangaskhan ex,,,,,,,,,,1,exact_single,1.5,3.25,3.83,3.2,3.22,,0,,,,,,source_field_audit; normalized_card_name=remove_final_bracket_only,unresolved,"collector number, rarity, version, finish and language are absent from the Product Catalogue record; idMetacard is retained as a Cardmarket source identity/grouping key, not treated as official card identity; ex and attack text in the product name are not interpreted as rarity or finish"
719646,Jynx ex [Heart-Stopping Kiss | Icy Wind],,5328,Pokémon Single,,,,421203,2023-06-20 17:20:20,,Jynx ex,,,,,,,,,,1,exact_single,1.85,2.76,2.8,2.79,2.96,,0,,,,,,source_field_audit; normalized_card_name=remove_final_bracket_only,unresolved,"collector number, rarity, version, finish and language are absent from the Product Catalogue record; idMetacard is retained as a Cardmarket source identity/grouping key, not treated as official card identity; ex and attack text in the product name are not interpreted as rarity or finish"
719647,Zapdos ex [Voltaic Float | Multishot Lightning],,5328,Pokémon Single,,,,421224,2023-06-20 17:20:35,,Zapdos ex,,,,,,,,,,1,exact_single,3.45,4.57,4.25,4.94,4.71,,0,,,,,,source_field_audit; normalized_card_name=remove_final_bracket_only,unresolved,"collector number, rarity, version, finish and language are absent from the Product Catalogue record; idMetacard is retained as a Cardmarket source identity/grouping key, not treated as official card identity; ex and attack text in the product name are not interpreted as rarity or finish"
719648,Mew ex [Restart | Genome Hacking],,5328,Pokémon Single,,,,421230,2023-06-20 17:20:50,,Mew ex,,,,,,,,,,1,exact_single,4.99,19.02,15,18.19,19.01,,0,,,,,,source_field_audit; normalized_card_name=remove_final_bracket_only,unresolved,"collector number, rarity, version, finish and language are absent from the Product Catalogue record; idMetacard is retained as a Cardmarket source identity/grouping key, not treated as official card identity; ex and attack text in the product name are not interpreted as rarity or finish"
719649,Erika's Invitation,,5328,Pokémon Single,,,,421239,2023-06-20 17:21:05,,Erika's Invitation,,,,,,,,,,1,exact_single,10,21.88,20,22.66,19.96,,0,,,,,,source_field_audit; normalized_card_name=remove_final_bracket_only,unresolved,"collector number, rarity, version, finish and language are absent from the Product Catalogue record; idMetacard is retained as a Cardmarket source identity/grouping key, not treated as official card identity; ex and attack text in the product name are not interpreted as rarity or finish"
719650,Giovanni's Charisma,,5328,Pokémon Single,,,,421240,2023-06-20 17:21:19,,Giovanni's Charisma,,,,,,,,,,1,exact_single,3.99,4.72,5.32,4.53,5.17,,0,,,,,,source_field_audit; normalized_card_name=remove_final_bracket_only,unresolved,"collector number, rarity, version, finish and language are absent from the Product Catalogue record; idMetacard is retained as a Cardmarket source identity/grouping key, not treated as official card identity; ex and attack text in the product name are not interpreted as rarity or finish"
719651,Daisy's Help,,5328,Pokémon Single,,,,421241,2023-06-20 17:21:33,,Daisy's Help,,,,,,,,,,1,exact_single,2,3.71,2.5,3.74,4.08,,0,,,,,,source_field_audit; normalized_card_name=remove_final_bracket_only,unresolved,"collector number, rarity, version, finish and language are absent from the Product Catalogue record; idMetacard is retained as a Cardmarket source identity/grouping key, not treated as official card identity; ex and attack text in the product name are not interpreted as rarity or finish"
719652,Bill's Transfer,,5328,Pokémon Single,,,,421242,2023-06-20 17:21:46,,Bill's Transfer,,,,,,,,,,1,exact_single,1.45,2.95,3.55,3.22,3.23,,0,,,,,,source_field_audit; normalized_card_name=remove_final_bracket_only,unresolved,"collector number, rarity, version, finish and language are absent from the Product Catalogue record; idMetacard is retained as a Cardmarket source identity/grouping key, not treated as official card identity; ex and attack text in the product name are not interpreted as rarity or finish"
719653,Venusaur ex [Tranquil Flower | Dangerous Toxwhip],,5328,Pokémon Single,,,,421082,2023-06-20 17:22:06,,Venusaur ex,,,,,,,,,,1,exact_single,85,142.9,123.5,136.17,134.08,,0,,,,,,source_field_audit; normalized_card_name=remove_final_bracket_only,unresolved,"collector number, rarity, version, finish and language are absent from the Product Catalogue record; idMetacard is retained as a Cardmarket source identity/grouping key, not treated as official card identity; ex and attack text in the product name are not interpreted as rarity or finish"
719654,Charizard ex [Brave Wing | Explosive Vortex],,5328,Pokémon Single,,,,421085,2023-06-20 17:22:24,,Charizard ex,,,,,,,,,,1,exact_single,235,458.04,595,433.85,412.29,,0,,,,,,source_field_audit; normalized_card_name=remove_final_bracket_only,unresolved,"collector number, rarity, version, finish and language are absent from the Product Catalogue record; idMetacard is retained as a Cardmarket source identity/grouping key, not treated as official card identity; ex and attack text in the product name are not interpreted as rarity or finish"
719655,Blastoise ex [Solid Shell | Twin Cannons],,5328,Pokémon Single,,,,421088,2023-06-20 17:22:41,,Blastoise ex,,,,,,,,,,1,exact_single,88.9,143.88,112.5,149.87,152.69,,0,,,,,,source_field_audit; normalized_card_name=remove_final_bracket_only,unresolved,"collector number, rarity, version, finish and language are absent from the Product Catalogue record; idMetacard is retained as a Cardmarket source identity/grouping key, not treated as official card identity; ex and attack text in the product name are not interpreted as rarity or finish"
719656,Alakazam ex [Mind Jack | Dimensional Hand],,5328,Pokémon Single,,,,421144,2023-06-20 17:22:56,,Alakazam ex,,,,,,,,,,1,exact_single,45,59.54,72.5,57.37,62.22,,0,,,,,,source_field_audit; normalized_card_name=remove_final_bracket_only,unresolved,"collector number, rarity, version, finish and language are absent from the Product Catalogue record; idMetacard is retained as a Cardmarket source identity/grouping key, not treated as official card identity; ex and attack text in the product name are not interpreted as rarity or finish"
719657,Zapdos ex [Voltaic Float | Multishot Lightning],,5328,Pokémon Single,,,,421224,2023-06-20 17:23:15,,Zapdos ex,,,,,,,,,,1,exact_single,37,106.49,94.9,106.79,112.99,,0,,,,,,source_field_audit; normalized_card_name=remove_final_bracket_only,unresolved,"collector number, rarity, version, finish and language are absent from the Product Catalogue record; idMetacard is retained as a Cardmarket source identity/grouping key, not treated as official card identity; ex and attack text in the product name are not interpreted as rarity or finish"
719658,Mew ex [Restart | Genome Hacking],,5328,Pokémon Single,,,,421230,2023-06-20 17:23:32,,Mew ex,,,,,,,,,,1,exact_single,100,194.34,183.48,201.99,264.55,,0,,,,,,source_field_audit; normalized_card_name=remove_final_bracket_only,unresolved,"collector number, rarity, version, finish and language are absent from the Product Catalogue record; idMetacard is retained as a Cardmarket source identity/grouping key, not treated as official card identity; ex and attack text in the product name are not interpreted as rarity or finish"
719659,Erika's Invitation,,5328,Pokémon Single,,,,421239,2023-06-20 17:23:49,,Erika's Invitation,,,,,,,,,,1,exact_single,30,56.96,81.37,65.1,59.26,,0,,,,,,source_field_audit; normalized_card_name=remove_final_bracket_only,unresolved,"collector number, rarity, version, finish and language are absent from the Product Catalogue record; idMetacard is retained as a Cardmarket source identity/grouping key, not treated as official card identity; ex and attack text in the product name are not interpreted as rarity or finish"
719660,Giovanni's Charisma,,5328,Pokémon Single,,,,421240,2023-06-20 17:24:04,,Giovanni's Charisma,,,,,,,,,,1,exact_single,19.94,21.56,23.94,21.74,24.56,,0,,,,,,source_field_audit; normalized_card_name=remove_final_bracket_only,unresolved,"collector number, rarity, version, finish and language are absent from the Product Catalogue record; idMetacard is retained as a Cardmarket source identity/grouping key, not treated as official card identity; ex and attack text in the product name are not interpreted as rarity or finish"
719661,Mew ex [Restart | Genome Hacking],,5328,Pokémon Single,,,,421230,2023-06-20 17:24:25,,Mew ex,,,,,,,,,,1,exact_single,27.95,30.93,30,42.34,52.95,,0,,,,,,source_field_audit; normalized_card_name=remove_final_bracket_only,unresolved,"collector number, rarity, version, finish and language are absent from the Product Catalogue record; idMetacard is retained as a Cardmarket source identity/grouping key, not treated as official card identity; ex and attack text in the product name are not interpreted as rarity or finish"
719662,Switch,,5328,Pokémon Single,,,,224028,2023-06-20 17:24:40,,Switch,,,,,,,,,,1,exact_single,8,7.19,13,11.74,16.43,,0,,,,,,source_field_audit; normalized_card_name=remove_final_bracket_only,unresolved,"collector number, rarity, version, finish and language are absent from the Product Catalogue record; idMetacard is retained as a Cardmarket source identity/grouping key, not treated as official card identity; ex and attack text in the product name are not interpreted as rarity or finish"
719663,Basic Psychic Energy,,5328,Pokémon Single,,,,439732,2023-06-20 17:25:01,,Basic Psychic Energy,,,,,,,,,,1,exact_single,8,10.71,8,11.88,15.98,,0,,,,,,source_field_audit; normalized_card_name=remove_final_bracket_only,unresolved,"collector number, rarity, version, finish and language are absent from the Product Catalogue record; idMetacard is retained as a Cardmarket source identity/grouping key, not treated as official card identity; ex and attack text in the product name are not interpreted as rarity or finish"
