card_id,collector_number,card_name,finish,rarity,cardmarket_direct_low_available,cardmarket_external_reverse_low_available,pokemon_tcg_api_tcgplayer_exact_finish_available,tcgdex_tcgplayer_exact_finish_available,tcgplayer_exact_finish_available,recommended_source,pricing_confidence,notes
25165,001,Bulbasaur,normal,Common,False,False,True,True,True,tcgplayer_secondary_reference,MEDIUM,Cardmarket direct finish-specific Low was not demonstrated in this audit. TCGplayer value is USD secondary reference only; never converted to EUR.
25166,001,Bulbasaur,reverse_holo,Common,False,False,True,True,True,tcgplayer_secondary_reference,MEDIUM,Cardmarket direct finish-specific Low was not demonstrated in this audit. TCGplayer value is USD secondary reference only; never converted to EUR.
25167,002,Ivysaur,normal,Uncommon,False,False,True,True,True,tcgplayer_secondary_reference,MEDIUM,Cardmarket direct finish-specific Low was not demonstrated in this audit. TCGplayer value is USD secondary reference only; never converted to EUR.
25168,002,Ivysaur,reverse_holo,Uncommon,False,True,True,True,True,cardmarket_derived_external_reverse_low,MEDIUM,Cardmarket direct finish-specific Low was not demonstrated in this audit. reverseHoloLow is Cardmarket-derived through Pokémon TCG API; not imported and not yet adopted as dashboard primary. TCGplayer value is USD secondary reference only; never converted to EUR.
25169,003,Venusaur ex,holo,Double rare,False,False,True,True,True,tcgplayer_secondary_reference,MEDIUM,Cardmarket direct finish-specific Low was not demonstrated in this audit. TCGplayer value is USD secondary reference only; never converted to EUR.
25170,004,Charmander,normal,Common,False,False,True,True,True,tcgplayer_secondary_reference,MEDIUM,Cardmarket direct finish-specific Low was not demonstrated in this audit. TCGplayer value is USD secondary reference only; never converted to EUR.
25171,004,Charmander,holo,Common,False,False,False,False,False,NULL,LOW,Cardmarket direct finish-specific Low was not demonstrated in this audit.
25172,004,Charmander,reverse_holo,Common,False,False,True,True,True,tcgplayer_secondary_reference,MEDIUM,Cardmarket direct finish-specific Low was not demonstrated in this audit. TCGplayer value is USD secondary reference only; never converted to EUR.
25173,005,Charmeleon,normal,Uncommon,False,False,True,True,True,tcgplayer_secondary_reference,MEDIUM,Cardmarket direct finish-specific Low was not demonstrated in this audit. TCGplayer value is USD secondary reference only; never converted to EUR.
25174,005,Charmeleon,holo,Uncommon,False,False,False,False,False,NULL,LOW,Cardmarket direct finish-specific Low was not demonstrated in this audit.
25175,005,Charmeleon,reverse_holo,Uncommon,False,True,True,True,True,cardmarket_derived_external_reverse_low,MEDIUM,Cardmarket direct finish-specific Low was not demonstrated in this audit. reverseHoloLow is Cardmarket-derived through Pokémon TCG API; not imported and not yet adopted as dashboard primary. TCGplayer value is USD secondary reference only; never converted to EUR.
25176,006,Charizard ex,holo,Double rare,False,False,True,True,True,tcgplayer_secondary_reference,MEDIUM,Cardmarket direct finish-specific Low was not demonstrated in this audit. TCGplayer value is USD secondary reference only; never converted to EUR.
25177,007,Squirtle,normal,Common,False,False,True,True,True,tcgplayer_secondary_reference,MEDIUM,Cardmarket direct finish-specific Low was not demonstrated in this audit. TCGplayer value is USD secondary reference only; never converted to EUR.
25178,007,Squirtle,reverse_holo,Common,False,True,True,True,True,cardmarket_derived_external_reverse_low,MEDIUM,Cardmarket direct finish-specific Low was not demonstrated in this audit. reverseHoloLow is Cardmarket-derived through Pokémon TCG API; not imported and not yet adopted as dashboard primary. TCGplayer value is USD secondary reference only; never converted to EUR.
25179,008,Wartortle,normal,Uncommon,False,False,True,True,True,tcgplayer_secondary_reference,MEDIUM,Cardmarket direct finish-specific Low was not demonstrated in this audit. TCGplayer value is USD secondary reference only; never converted to EUR.
25180,008,Wartortle,reverse_holo,Uncommon,False,True,True,True,True,cardmarket_derived_external_reverse_low,MEDIUM,Cardmarket direct finish-specific Low was not demonstrated in this audit. reverseHoloLow is Cardmarket-derived through Pokémon TCG API; not imported and not yet adopted as dashboard primary. TCGplayer value is USD secondary reference only; never converted to EUR.
25181,009,Blastoise ex,holo,Double rare,False,False,True,True,True,tcgplayer_secondary_reference,MEDIUM,Cardmarket direct finish-specific Low was not demonstrated in this audit. TCGplayer value is USD secondary reference only; never converted to EUR.
25182,010,Caterpie,normal,Common,False,False,True,True,True,tcgplayer_secondary_reference,MEDIUM,Cardmarket direct finish-specific Low was not demonstrated in this audit. TCGplayer value is USD secondary reference only; never converted to EUR.
25183,010,Caterpie,reverse_holo,Common,False,True,True,True,True,cardmarket_derived_external_reverse_low,MEDIUM,Cardmarket direct finish-specific Low was not demonstrated in this audit. reverseHoloLow is Cardmarket-derived through Pokémon TCG API; not imported and not yet adopted as dashboard primary. TCGplayer value is USD secondary reference only; never converted to EUR.
25184,011,Metapod,normal,Common,False,False,True,True,True,tcgplayer_secondary_reference,MEDIUM,Cardmarket direct finish-specific Low was not demonstrated in this audit. TCGplayer value is USD secondary reference only; never converted to EUR.
25185,011,Metapod,reverse_holo,Common,False,True,True,True,True,cardmarket_derived_external_reverse_low,MEDIUM,Cardmarket direct finish-specific Low was not demonstrated in this audit. reverseHoloLow is Cardmarket-derived through Pokémon TCG API; not imported and not yet adopted as dashboard primary. TCGplayer value is USD secondary reference only; never converted to EUR.
25186,012,Butterfree,normal,Uncommon,False,False,True,True,True,tcgplayer_secondary_reference,MEDIUM,Cardmarket direct finish-specific Low was not demonstrated in this audit. TCGplayer value is USD secondary reference only; never converted to EUR.
25187,012,Butterfree,reverse_holo,Uncommon,False,True,True,True,True,cardmarket_derived_external_reverse_low,MEDIUM,Cardmarket direct finish-specific Low was not demonstrated in this audit. reverseHoloLow is Cardmarket-derived through Pokémon TCG API; not imported and not yet adopted as dashboard primary. TCGplayer value is USD secondary reference only; never converted to EUR.
25188,013,Weedle,normal,Common,False,False,True,True,True,tcgplayer_secondary_reference,MEDIUM,Cardmarket direct finish-specific Low was not demonstrated in this audit. TCGplayer value is USD secondary reference only; never converted to EUR.
25189,013,Weedle,reverse_holo,Common,False,True,True,True,True,cardmarket_derived_external_reverse_low,MEDIUM,Cardmarket direct finish-specific Low was not demonstrated in this audit. reverseHoloLow is Cardmarket-derived through Pokémon TCG API; not imported and not yet adopted as dashboard primary. TCGplayer value is USD secondary reference only; never converted to EUR.
25190,014,Kakuna,normal,Common,False,False,True,True,True,tcgplayer_secondary_reference,MEDIUM,Cardmarket direct finish-specific Low was not demonstrated in this audit. TCGplayer value is USD secondary reference only; never converted to EUR.
25191,014,Kakuna,reverse_holo,Common,False,True,True,True,True,cardmarket_derived_external_reverse_low,MEDIUM,Cardmarket direct finish-specific Low was not demonstrated in this audit. reverseHoloLow is Cardmarket-derived through Pokémon TCG API; not imported and not yet adopted as dashboard primary. TCGplayer value is USD secondary reference only; never converted to EUR.
25192,015,Beedrill,holo,Rare,False,False,True,True,True,tcgplayer_secondary_reference,MEDIUM,Cardmarket direct finish-specific Low was not demonstrated in this audit. TCGplayer value is USD secondary reference only; never converted to EUR.
25193,015,Beedrill,reverse_holo,Rare,False,True,True,True,True,cardmarket_derived_external_reverse_low,MEDIUM,Cardmarket direct finish-specific Low was not demonstrated in this audit. reverseHoloLow is Cardmarket-derived through Pokémon TCG API; not imported and not yet adopted as dashboard primary. TCGplayer value is USD secondary reference only; never converted to EUR.
25194,016,Pidgey,normal,Common,False,False,True,True,True,tcgplayer_secondary_reference,MEDIUM,Cardmarket direct finish-specific Low was not demonstrated in this audit. TCGplayer value is USD secondary reference only; never converted to EUR.
25195,016,Pidgey,reverse_holo,Common,False,True,True,True,True,cardmarket_derived_external_reverse_low,MEDIUM,Cardmarket direct finish-specific Low was not demonstrated in this audit. reverseHoloLow is Cardmarket-derived through Pokémon TCG API; not imported and not yet adopted as dashboard primary. TCGplayer value is USD secondary reference only; never converted to EUR.
25196,017,Pidgeotto,normal,Common,False,False,True,True,True,tcgplayer_secondary_reference,MEDIUM,Cardmarket direct finish-specific Low was not demonstrated in this audit. TCGplayer value is USD secondary reference only; never converted to EUR.
25197,017,Pidgeotto,reverse_holo,Common,False,True,True,True,True,cardmarket_derived_external_reverse_low,MEDIUM,Cardmarket direct finish-specific Low was not demonstrated in this audit. reverseHoloLow is Cardmarket-derived through Pokémon TCG API; not imported and not yet adopted as dashboard primary. TCGplayer value is USD secondary reference only; never converted to EUR.
25198,018,Pidgeot,normal,Uncommon,False,False,True,True,True,tcgplayer_secondary_reference,MEDIUM,Cardmarket direct finish-specific Low was not demonstrated in this audit. TCGplayer value is USD secondary reference only; never converted to EUR.
25199,018,Pidgeot,reverse_holo,Uncommon,False,True,True,True,True,cardmarket_derived_external_reverse_low,MEDIUM,Cardmarket direct finish-specific Low was not demonstrated in this audit. reverseHoloLow is Cardmarket-derived through Pokémon TCG API; not imported and not yet adopted as dashboard primary. TCGplayer value is USD secondary reference only; never converted to EUR.
25200,019,Rattata,normal,Common,False,False,True,True,True,tcgplayer_secondary_reference,MEDIUM,Cardmarket direct finish-specific Low was not demonstrated in this audit. TCGplayer value is USD secondary reference only; never converted to EUR.
25201,019,Rattata,reverse_holo,Common,False,True,True,True,True,cardmarket_derived_external_reverse_low,MEDIUM,Cardmarket direct finish-specific Low was not demonstrated in this audit. reverseHoloLow is Cardmarket-derived through Pokémon TCG API; not imported and not yet adopted as dashboard primary. TCGplayer value is USD secondary reference only; never converted to EUR.
25202,020,Raticate,normal,Uncommon,False,False,True,True,True,tcgplayer_secondary_reference,MEDIUM,Cardmarket direct finish-specific Low was not demonstrated in this audit. TCGplayer value is USD secondary reference only; never converted to EUR.
25203,020,Raticate,reverse_holo,Uncommon,False,True,True,True,True,cardmarket_derived_external_reverse_low,MEDIUM,Cardmarket direct finish-specific Low was not demonstrated in this audit. reverseHoloLow is Cardmarket-derived through Pokémon TCG API; not imported and not yet adopted as dashboard primary. TCGplayer value is USD secondary reference only; never converted to EUR.
25204,021,Spearow,normal,Common,False,False,True,True,True,tcgplayer_secondary_reference,MEDIUM,Cardmarket direct finish-specific Low was not demonstrated in this audit. TCGplayer value is USD secondary reference only; never converted to EUR.
25205,021,Spearow,reverse_holo,Common,False,True,True,True,True,cardmarket_derived_external_reverse_low,MEDIUM,Cardmarket direct finish-specific Low was not demonstrated in this audit. reverseHoloLow is Cardmarket-derived through Pokémon TCG API; not imported and not yet adopted as dashboard primary. TCGplayer value is USD secondary reference only; never converted to EUR.
25206,022,Fearow,normal,Uncommon,False,False,True,True,True,tcgplayer_secondary_reference,MEDIUM,Cardmarket direct finish-specific Low was not demonstrated in this audit. TCGplayer value is USD secondary reference only; never converted to EUR.
25207,022,Fearow,reverse_holo,Uncommon,False,True,True,True,True,cardmarket_derived_external_reverse_low,MEDIUM,Cardmarket direct finish-specific Low was not demonstrated in this audit. reverseHoloLow is Cardmarket-derived through Pokémon TCG API; not imported and not yet adopted as dashboard primary. TCGplayer value is USD secondary reference only; never converted to EUR.
25208,023,Ekans,normal,Common,False,False,True,True,True,tcgplayer_secondary_reference,MEDIUM,Cardmarket direct finish-specific Low was not demonstrated in this audit. TCGplayer value is USD secondary reference only; never converted to EUR.
25209,023,Ekans,reverse_holo,Common,False,True,True,True,True,cardmarket_derived_external_reverse_low,MEDIUM,Cardmarket direct finish-specific Low was not demonstrated in this audit. reverseHoloLow is Cardmarket-derived through Pokémon TCG API; not imported and not yet adopted as dashboard primary. TCGplayer value is USD secondary reference only; never converted to EUR.
25210,024,Arbok ex,holo,Double rare,False,False,True,True,True,tcgplayer_secondary_reference,MEDIUM,Cardmarket direct finish-specific Low was not demonstrated in this audit. TCGplayer value is USD secondary reference only; never converted to EUR.
25211,025,Pikachu,normal,Common,False,False,True,True,True,tcgplayer_secondary_reference,MEDIUM,Cardmarket direct finish-specific Low was not demonstrated in this audit. TCGplayer value is USD secondary reference only; never converted to EUR.
25212,025,Pikachu,reverse_holo,Common,False,True,True,True,True,cardmarket_derived_external_reverse_low,MEDIUM,Cardmarket direct finish-specific Low was not demonstrated in this audit. reverseHoloLow is Cardmarket-derived through Pokémon TCG API; not imported and not yet adopted as dashboard primary. TCGplayer value is USD secondary reference only; never converted to EUR.
25213,026,Raichu,holo,Rare,False,False,True,True,True,tcgplayer_secondary_reference,MEDIUM,Cardmarket direct finish-specific Low was not demonstrated in this audit. TCGplayer value is USD secondary reference only; never converted to EUR.
25214,026,Raichu,reverse_holo,Rare,False,True,True,True,True,cardmarket_derived_external_reverse_low,MEDIUM,Cardmarket direct finish-specific Low was not demonstrated in this audit. reverseHoloLow is Cardmarket-derived through Pokémon TCG API; not imported and not yet adopted as dashboard primary. TCGplayer value is USD secondary reference only; never converted to EUR.
25215,027,Sandshrew,normal,Common,False,False,True,True,True,tcgplayer_secondary_reference,MEDIUM,Cardmarket direct finish-specific Low was not demonstrated in this audit. TCGplayer value is USD secondary reference only; never converted to EUR.
25216,027,Sandshrew,reverse_holo,Common,False,True,True,True,True,cardmarket_derived_external_reverse_low,MEDIUM,Cardmarket direct finish-specific Low was not demonstrated in this audit. reverseHoloLow is Cardmarket-derived through Pokémon TCG API; not imported and not yet adopted as dashboard primary. TCGplayer value is USD secondary reference only; never converted to EUR.
25217,028,Sandslash,normal,Uncommon,False,False,True,True,True,tcgplayer_secondary_reference,MEDIUM,Cardmarket direct finish-specific Low was not demonstrated in this audit. TCGplayer value is USD secondary reference only; never converted to EUR.
25218,028,Sandslash,reverse_holo,Uncommon,False,True,True,True,True,cardmarket_derived_external_reverse_low,MEDIUM,Cardmarket direct finish-specific Low was not demonstrated in this audit. reverseHoloLow is Cardmarket-derived through Pokémon TCG API; not imported and not yet adopted as dashboard primary. TCGplayer value is USD secondary reference only; never converted to EUR.
25219,029,Nidoran♀,normal,Common,False,False,False,True,True,tcgplayer_secondary_reference,MEDIUM,Cardmarket direct finish-specific Low was not demonstrated in this audit. TCGplayer value is USD secondary reference only; never converted to EUR.
25220,029,Nidoran♀,reverse_holo,Common,False,False,False,True,True,tcgplayer_secondary_reference,MEDIUM,Cardmarket direct finish-specific Low was not demonstrated in this audit. TCGplayer value is USD secondary reference only; never converted to EUR.
25221,030,Nidorina,normal,Uncommon,False,False,True,True,True,tcgplayer_secondary_reference,MEDIUM,Cardmarket direct finish-specific Low was not demonstrated in this audit. TCGplayer value is USD secondary reference only; never converted to EUR.
25222,030,Nidorina,reverse_holo,Uncommon,False,True,True,True,True,cardmarket_derived_external_reverse_low,MEDIUM,Cardmarket direct finish-specific Low was not demonstrated in this audit. reverseHoloLow is Cardmarket-derived through Pokémon TCG API; not imported and not yet adopted as dashboard primary. TCGplayer value is USD secondary reference only; never converted to EUR.
25223,031,Nidoqueen,normal,Uncommon,False,False,True,True,True,tcgplayer_secondary_reference,MEDIUM,Cardmarket direct finish-specific Low was not demonstrated in this audit. TCGplayer value is USD secondary reference only; never converted to EUR.
25224,031,Nidoqueen,reverse_holo,Uncommon,False,True,True,True,True,cardmarket_derived_external_reverse_low,MEDIUM,Cardmarket direct finish-specific Low was not demonstrated in this audit. reverseHoloLow is Cardmarket-derived through Pokémon TCG API; not imported and not yet adopted as dashboard primary. TCGplayer value is USD secondary reference only; never converted to EUR.
25225,032,Nidoran♂,normal,Common,False,False,False,True,True,tcgplayer_secondary_reference,MEDIUM,Cardmarket direct finish-specific Low was not demonstrated in this audit. TCGplayer value is USD secondary reference only; never converted to EUR.
25226,032,Nidoran♂,reverse_holo,Common,False,False,False,True,True,tcgplayer_secondary_reference,MEDIUM,Cardmarket direct finish-specific Low was not demonstrated in this audit. TCGplayer value is USD secondary reference only; never converted to EUR.
25227,033,Nidorino,normal,Uncommon,False,False,True,True,True,tcgplayer_secondary_reference,MEDIUM,Cardmarket direct finish-specific Low was not demonstrated in this audit. TCGplayer value is USD secondary reference only; never converted to EUR.
25228,033,Nidorino,reverse_holo,Uncommon,False,True,True,True,True,cardmarket_derived_external_reverse_low,MEDIUM,Cardmarket direct finish-specific Low was not demonstrated in this audit. reverseHoloLow is Cardmarket-derived through Pokémon TCG API; not imported and not yet adopted as dashboard primary. TCGplayer value is USD secondary reference only; never converted to EUR.
25229,034,Nidoking,holo,Rare,False,False,True,True,True,tcgplayer_secondary_reference,MEDIUM,Cardmarket direct finish-specific Low was not demonstrated in this audit. TCGplayer value is USD secondary reference only; never converted to EUR.
25230,034,Nidoking,reverse_holo,Rare,False,True,True,True,True,cardmarket_derived_external_reverse_low,MEDIUM,Cardmarket direct finish-specific Low was not demonstrated in this audit. reverseHoloLow is Cardmarket-derived through Pokémon TCG API; not imported and not yet adopted as dashboard primary. TCGplayer value is USD secondary reference only; never converted to EUR.
25231,035,Clefairy,normal,Common,False,False,True,True,True,tcgplayer_secondary_reference,MEDIUM,Cardmarket direct finish-specific Low was not demonstrated in this audit. TCGplayer value is USD secondary reference only; never converted to EUR.
25232,035,Clefairy,reverse_holo,Common,False,True,True,True,True,cardmarket_derived_external_reverse_low,MEDIUM,Cardmarket direct finish-specific Low was not demonstrated in this audit. reverseHoloLow is Cardmarket-derived through Pokémon TCG API; not imported and not yet adopted as dashboard primary. TCGplayer value is USD secondary reference only; never converted to EUR.
25233,036,Clefable,normal,Uncommon,False,False,True,True,True,tcgplayer_secondary_reference,MEDIUM,Cardmarket direct finish-specific Low was not demonstrated in this audit. TCGplayer value is USD secondary reference only; never converted to EUR.
25234,036,Clefable,reverse_holo,Uncommon,False,True,True,True,True,cardmarket_derived_external_reverse_low,MEDIUM,Cardmarket direct finish-specific Low was not demonstrated in this audit. reverseHoloLow is Cardmarket-derived through Pokémon TCG API; not imported and not yet adopted as dashboard primary. TCGplayer value is USD secondary reference only; never converted to EUR.
25235,037,Vulpix,normal,Common,False,False,True,True,True,tcgplayer_secondary_reference,MEDIUM,Cardmarket direct finish-specific Low was not demonstrated in this audit. TCGplayer value is USD secondary reference only; never converted to EUR.
25236,037,Vulpix,reverse_holo,Common,False,True,True,True,True,cardmarket_derived_external_reverse_low,MEDIUM,Cardmarket direct finish-specific Low was not demonstrated in this audit. reverseHoloLow is Cardmarket-derived through Pokémon TCG API; not imported and not yet adopted as dashboard primary. TCGplayer value is USD secondary reference only; never converted to EUR.
25237,038,Ninetales ex,holo,Double rare,False,False,True,True,True,tcgplayer_secondary_reference,MEDIUM,Cardmarket direct finish-specific Low was not demonstrated in this audit. TCGplayer value is USD secondary reference only; never converted to EUR.
25238,039,Jigglypuff,normal,Common,False,False,True,True,True,tcgplayer_secondary_reference,MEDIUM,Cardmarket direct finish-specific Low was not demonstrated in this audit. TCGplayer value is USD secondary reference only; never converted to EUR.
25239,039,Jigglypuff,reverse_holo,Common,False,True,True,True,True,cardmarket_derived_external_reverse_low,MEDIUM,Cardmarket direct finish-specific Low was not demonstrated in this audit. reverseHoloLow is Cardmarket-derived through Pokémon TCG API; not imported and not yet adopted as dashboard primary. TCGplayer value is USD secondary reference only; never converted to EUR.
25240,040,Wigglytuff ex,holo,Double rare,False,False,True,True,True,tcgplayer_secondary_reference,MEDIUM,Cardmarket direct finish-specific Low was not demonstrated in this audit. TCGplayer value is USD secondary reference only; never converted to EUR.
25241,041,Zubat,normal,Common,False,False,True,True,True,tcgplayer_secondary_reference,MEDIUM,Cardmarket direct finish-specific Low was not demonstrated in this audit. TCGplayer value is USD secondary reference only; never converted to EUR.
25242,041,Zubat,reverse_holo,Common,False,True,True,True,True,cardmarket_derived_external_reverse_low,MEDIUM,Cardmarket direct finish-specific Low was not demonstrated in this audit. reverseHoloLow is Cardmarket-derived through Pokémon TCG API; not imported and not yet adopted as dashboard primary. TCGplayer value is USD secondary reference only; never converted to EUR.
25243,042,Golbat,normal,Uncommon,False,False,True,True,True,tcgplayer_secondary_reference,MEDIUM,Cardmarket direct finish-specific Low was not demonstrated in this audit. TCGplayer value is USD secondary reference only; never converted to EUR.
25244,042,Golbat,reverse_holo,Uncommon,False,True,True,True,True,cardmarket_derived_external_reverse_low,MEDIUM,Cardmarket direct finish-specific Low was not demonstrated in this audit. reverseHoloLow is Cardmarket-derived through Pokémon TCG API; not imported and not yet adopted as dashboard primary. TCGplayer value is USD secondary reference only; never converted to EUR.
25245,043,Oddish,normal,Common,False,False,True,True,True,tcgplayer_secondary_reference,MEDIUM,Cardmarket direct finish-specific Low was not demonstrated in this audit. TCGplayer value is USD secondary reference only; never converted to EUR.
25246,043,Oddish,reverse_holo,Common,False,True,True,True,True,cardmarket_derived_external_reverse_low,MEDIUM,Cardmarket direct finish-specific Low was not demonstrated in this audit. reverseHoloLow is Cardmarket-derived through Pokémon TCG API; not imported and not yet adopted as dashboard primary. TCGplayer value is USD secondary reference only; never converted to EUR.
25247,044,Gloom,normal,Uncommon,False,False,True,True,True,tcgplayer_secondary_reference,MEDIUM,Cardmarket direct finish-specific Low was not demonstrated in this audit. TCGplayer value is USD secondary reference only; never converted to EUR.
25248,044,Gloom,reverse_holo,Uncommon,False,True,True,True,True,cardmarket_derived_external_reverse_low,MEDIUM,Cardmarket direct finish-specific Low was not demonstrated in this audit. reverseHoloLow is Cardmarket-derived through Pokémon TCG API; not imported and not yet adopted as dashboard primary. TCGplayer value is USD secondary reference only; never converted to EUR.
25249,045,Vileplume,holo,Rare,False,False,True,True,True,tcgplayer_secondary_reference,MEDIUM,Cardmarket direct finish-specific Low was not demonstrated in this audit. TCGplayer value is USD secondary reference only; never converted to EUR.
25250,045,Vileplume,reverse_holo,Rare,False,True,True,True,True,cardmarket_derived_external_reverse_low,MEDIUM,Cardmarket direct finish-specific Low was not demonstrated in this audit. reverseHoloLow is Cardmarket-derived through Pokémon TCG API; not imported and not yet adopted as dashboard primary. TCGplayer value is USD secondary reference only; never converted to EUR.
25251,046,Paras,normal,Common,False,False,True,True,True,tcgplayer_secondary_reference,MEDIUM,Cardmarket direct finish-specific Low was not demonstrated in this audit. TCGplayer value is USD secondary reference only; never converted to EUR.
25252,046,Paras,reverse_holo,Common,False,True,True,True,True,cardmarket_derived_external_reverse_low,MEDIUM,Cardmarket direct finish-specific Low was not demonstrated in this audit. reverseHoloLow is Cardmarket-derived through Pokémon TCG API; not imported and not yet adopted as dashboard primary. TCGplayer value is USD secondary reference only; never converted to EUR.
25253,047,Parasect,normal,Uncommon,False,False,True,True,True,tcgplayer_secondary_reference,MEDIUM,Cardmarket direct finish-specific Low was not demonstrated in this audit. TCGplayer value is USD secondary reference only; never converted to EUR.
25254,047,Parasect,reverse_holo,Uncommon,False,True,True,True,True,cardmarket_derived_external_reverse_low,MEDIUM,Cardmarket direct finish-specific Low was not demonstrated in this audit. reverseHoloLow is Cardmarket-derived through Pokémon TCG API; not imported and not yet adopted as dashboard primary. TCGplayer value is USD secondary reference only; never converted to EUR.
25255,048,Venonat,normal,Common,False,False,True,True,True,tcgplayer_secondary_reference,MEDIUM,Cardmarket direct finish-specific Low was not demonstrated in this audit. TCGplayer value is USD secondary reference only; never converted to EUR.
25256,048,Venonat,reverse_holo,Common,False,True,True,True,True,cardmarket_derived_external_reverse_low,MEDIUM,Cardmarket direct finish-specific Low was not demonstrated in this audit. reverseHoloLow is Cardmarket-derived through Pokémon TCG API; not imported and not yet adopted as dashboard primary. TCGplayer value is USD secondary reference only; never converted to EUR.
25257,049,Venomoth,normal,Uncommon,False,False,True,True,True,tcgplayer_secondary_reference,MEDIUM,Cardmarket direct finish-specific Low was not demonstrated in this audit. TCGplayer value is USD secondary reference only; never converted to EUR.
25258,049,Venomoth,reverse_holo,Uncommon,False,True,True,True,True,cardmarket_derived_external_reverse_low,MEDIUM,Cardmarket direct finish-specific Low was not demonstrated in this audit. reverseHoloLow is Cardmarket-derived through Pokémon TCG API; not imported and not yet adopted as dashboard primary. TCGplayer value is USD secondary reference only; never converted to EUR.
25259,050,Diglett,normal,Common,False,False,True,True,True,tcgplayer_secondary_reference,MEDIUM,Cardmarket direct finish-specific Low was not demonstrated in this audit. TCGplayer value is USD secondary reference only; never converted to EUR.
25260,050,Diglett,reverse_holo,Common,False,True,True,True,True,cardmarket_derived_external_reverse_low,MEDIUM,Cardmarket direct finish-specific Low was not demonstrated in this audit. reverseHoloLow is Cardmarket-derived through Pokémon TCG API; not imported and not yet adopted as dashboard primary. TCGplayer value is USD secondary reference only; never converted to EUR.
25261,051,Dugtrio,normal,Uncommon,False,False,True,True,True,tcgplayer_secondary_reference,MEDIUM,Cardmarket direct finish-specific Low was not demonstrated in this audit. TCGplayer value is USD secondary reference only; never converted to EUR.
25262,051,Dugtrio,reverse_holo,Uncommon,False,True,True,True,True,cardmarket_derived_external_reverse_low,MEDIUM,Cardmarket direct finish-specific Low was not demonstrated in this audit. reverseHoloLow is Cardmarket-derived through Pokémon TCG API; not imported and not yet adopted as dashboard primary. TCGplayer value is USD secondary reference only; never converted to EUR.
25263,052,Meowth,normal,Common,False,False,True,True,True,tcgplayer_secondary_reference,MEDIUM,Cardmarket direct finish-specific Low was not demonstrated in this audit. TCGplayer value is USD secondary reference only; never converted to EUR.
25264,052,Meowth,reverse_holo,Common,False,True,True,True,True,cardmarket_derived_external_reverse_low,MEDIUM,Cardmarket direct finish-specific Low was not demonstrated in this audit. reverseHoloLow is Cardmarket-derived through Pokémon TCG API; not imported and not yet adopted as dashboard primary. TCGplayer value is USD secondary reference only; never converted to EUR.
25265,053,Persian,normal,Uncommon,False,False,True,True,True,tcgplayer_secondary_reference,MEDIUM,Cardmarket direct finish-specific Low was not demonstrated in this audit. TCGplayer value is USD secondary reference only; never converted to EUR.
25266,053,Persian,reverse_holo,Uncommon,False,True,True,True,True,cardmarket_derived_external_reverse_low,MEDIUM,Cardmarket direct finish-specific Low was not demonstrated in this audit. reverseHoloLow is Cardmarket-derived through Pokémon TCG API; not imported and not yet adopted as dashboard primary. TCGplayer value is USD secondary reference only; never converted to EUR.
25267,054,Psyduck,normal,Common,False,False,True,True,True,tcgplayer_secondary_reference,MEDIUM,Cardmarket direct finish-specific Low was not demonstrated in this audit. TCGplayer value is USD secondary reference only; never converted to EUR.
25268,054,Psyduck,reverse_holo,Common,False,True,True,True,True,cardmarket_derived_external_reverse_low,MEDIUM,Cardmarket direct finish-specific Low was not demonstrated in this audit. reverseHoloLow is Cardmarket-derived through Pokémon TCG API; not imported and not yet adopted as dashboard primary. TCGplayer value is USD secondary reference only; never converted to EUR.
25269,055,Golduck,normal,Uncommon,False,False,True,True,True,tcgplayer_secondary_reference,MEDIUM,Cardmarket direct finish-specific Low was not demonstrated in this audit. TCGplayer value is USD secondary reference only; never converted to EUR.
25270,055,Golduck,reverse_holo,Uncommon,False,True,True,True,True,cardmarket_derived_external_reverse_low,MEDIUM,Cardmarket direct finish-specific Low was not demonstrated in this audit. reverseHoloLow is Cardmarket-derived through Pokémon TCG API; not imported and not yet adopted as dashboard primary. TCGplayer value is USD secondary reference only; never converted to EUR.
25271,056,Mankey,normal,Common,False,False,True,True,True,tcgplayer_secondary_reference,MEDIUM,Cardmarket direct finish-specific Low was not demonstrated in this audit. TCGplayer value is USD secondary reference only; never converted to EUR.
25272,056,Mankey,reverse_holo,Common,False,True,True,True,True,cardmarket_derived_external_reverse_low,MEDIUM,Cardmarket direct finish-specific Low was not demonstrated in this audit. reverseHoloLow is Cardmarket-derived through Pokémon TCG API; not imported and not yet adopted as dashboard primary. TCGplayer value is USD secondary reference only; never converted to EUR.
25273,057,Primeape,normal,Uncommon,False,False,True,True,True,tcgplayer_secondary_reference,MEDIUM,Cardmarket direct finish-specific Low was not demonstrated in this audit. TCGplayer value is USD secondary reference only; never converted to EUR.
25274,057,Primeape,reverse_holo,Uncommon,False,True,True,True,True,cardmarket_derived_external_reverse_low,MEDIUM,Cardmarket direct finish-specific Low was not demonstrated in this audit. reverseHoloLow is Cardmarket-derived through Pokémon TCG API; not imported and not yet adopted as dashboard primary. TCGplayer value is USD secondary reference only; never converted to EUR.
25275,058,Growlithe,normal,Common,False,False,True,True,True,tcgplayer_secondary_reference,MEDIUM,Cardmarket direct finish-specific Low was not demonstrated in this audit. TCGplayer value is USD secondary reference only; never converted to EUR.
25276,058,Growlithe,reverse_holo,Common,False,True,True,True,True,cardmarket_derived_external_reverse_low,MEDIUM,Cardmarket direct finish-specific Low was not demonstrated in this audit. reverseHoloLow is Cardmarket-derived through Pokémon TCG API; not imported and not yet adopted as dashboard primary. TCGplayer value is USD secondary reference only; never converted to EUR.
25277,059,Arcanine,normal,Uncommon,False,False,True,True,True,tcgplayer_secondary_reference,MEDIUM,Cardmarket direct finish-specific Low was not demonstrated in this audit. TCGplayer value is USD secondary reference only; never converted to EUR.
25278,059,Arcanine,reverse_holo,Uncommon,False,True,True,True,True,cardmarket_derived_external_reverse_low,MEDIUM,Cardmarket direct finish-specific Low was not demonstrated in this audit. reverseHoloLow is Cardmarket-derived through Pokémon TCG API; not imported and not yet adopted as dashboard primary. TCGplayer value is USD secondary reference only; never converted to EUR.
25279,060,Poliwag,normal,Common,False,False,True,True,True,tcgplayer_secondary_reference,MEDIUM,Cardmarket direct finish-specific Low was not demonstrated in this audit. TCGplayer value is USD secondary reference only; never converted to EUR.
25280,060,Poliwag,reverse_holo,Common,False,True,True,True,True,cardmarket_derived_external_reverse_low,MEDIUM,Cardmarket direct finish-specific Low was not demonstrated in this audit. reverseHoloLow is Cardmarket-derived through Pokémon TCG API; not imported and not yet adopted as dashboard primary. TCGplayer value is USD secondary reference only; never converted to EUR.
25281,061,Poliwhirl,normal,Common,False,False,True,True,True,tcgplayer_secondary_reference,MEDIUM,Cardmarket direct finish-specific Low was not demonstrated in this audit. TCGplayer value is USD secondary reference only; never converted to EUR.
25282,061,Poliwhirl,reverse_holo,Common,False,True,True,True,True,cardmarket_derived_external_reverse_low,MEDIUM,Cardmarket direct finish-specific Low was not demonstrated in this audit. reverseHoloLow is Cardmarket-derived through Pokémon TCG API; not imported and not yet adopted as dashboard primary. TCGplayer value is USD secondary reference only; never converted to EUR.
25283,062,Poliwrath,normal,Uncommon,False,False,True,True,True,tcgplayer_secondary_reference,MEDIUM,Cardmarket direct finish-specific Low was not demonstrated in this audit. TCGplayer value is USD secondary reference only; never converted to EUR.
25284,062,Poliwrath,reverse_holo,Uncommon,False,True,True,True,True,cardmarket_derived_external_reverse_low,MEDIUM,Cardmarket direct finish-specific Low was not demonstrated in this audit. reverseHoloLow is Cardmarket-derived through Pokémon TCG API; not imported and not yet adopted as dashboard primary. TCGplayer value is USD secondary reference only; never converted to EUR.
25285,063,Abra,normal,Common,False,False,True,True,True,tcgplayer_secondary_reference,MEDIUM,Cardmarket direct finish-specific Low was not demonstrated in this audit. TCGplayer value is USD secondary reference only; never converted to EUR.
25286,063,Abra,reverse_holo,Common,False,True,True,True,True,cardmarket_derived_external_reverse_low,MEDIUM,Cardmarket direct finish-specific Low was not demonstrated in this audit. reverseHoloLow is Cardmarket-derived through Pokémon TCG API; not imported and not yet adopted as dashboard primary. TCGplayer value is USD secondary reference only; never converted to EUR.
25287,064,Kadabra,normal,Uncommon,False,False,True,True,True,tcgplayer_secondary_reference,MEDIUM,Cardmarket direct finish-specific Low was not demonstrated in this audit. TCGplayer value is USD secondary reference only; never converted to EUR.
25288,064,Kadabra,reverse_holo,Uncommon,False,False,True,True,True,tcgplayer_secondary_reference,MEDIUM,Cardmarket direct finish-specific Low was not demonstrated in this audit. TCGplayer value is USD secondary reference only; never converted to EUR.
25289,065,Alakazam ex,holo,Double rare,False,False,True,True,True,tcgplayer_secondary_reference,MEDIUM,Cardmarket direct finish-specific Low was not demonstrated in this audit. TCGplayer value is USD secondary reference only; never converted to EUR.
25290,066,Machop,normal,Common,False,False,True,True,True,tcgplayer_secondary_reference,MEDIUM,Cardmarket direct finish-specific Low was not demonstrated in this audit. TCGplayer value is USD secondary reference only; never converted to EUR.
25291,066,Machop,reverse_holo,Common,False,True,True,True,True,cardmarket_derived_external_reverse_low,MEDIUM,Cardmarket direct finish-specific Low was not demonstrated in this audit. reverseHoloLow is Cardmarket-derived through Pokémon TCG API; not imported and not yet adopted as dashboard primary. TCGplayer value is USD secondary reference only; never converted to EUR.
25292,067,Machoke,normal,Uncommon,False,False,True,True,True,tcgplayer_secondary_reference,MEDIUM,Cardmarket direct finish-specific Low was not demonstrated in this audit. TCGplayer value is USD secondary reference only; never converted to EUR.
25293,067,Machoke,reverse_holo,Uncommon,False,True,True,True,True,cardmarket_derived_external_reverse_low,MEDIUM,Cardmarket direct finish-specific Low was not demonstrated in this audit. reverseHoloLow is Cardmarket-derived through Pokémon TCG API; not imported and not yet adopted as dashboard primary. TCGplayer value is USD secondary reference only; never converted to EUR.
25294,068,Machamp,holo,Rare,False,False,True,True,True,tcgplayer_secondary_reference,MEDIUM,Cardmarket direct finish-specific Low was not demonstrated in this audit. TCGplayer value is USD secondary reference only; never converted to EUR.
25295,068,Machamp,reverse_holo,Rare,False,True,True,True,True,cardmarket_derived_external_reverse_low,MEDIUM,Cardmarket direct finish-specific Low was not demonstrated in this audit. reverseHoloLow is Cardmarket-derived through Pokémon TCG API; not imported and not yet adopted as dashboard primary. TCGplayer value is USD secondary reference only; never converted to EUR.
25296,069,Bellsprout,normal,Common,False,False,True,True,True,tcgplayer_secondary_reference,MEDIUM,Cardmarket direct finish-specific Low was not demonstrated in this audit. TCGplayer value is USD secondary reference only; never converted to EUR.
25297,069,Bellsprout,reverse_holo,Common,False,True,True,True,True,cardmarket_derived_external_reverse_low,MEDIUM,Cardmarket direct finish-specific Low was not demonstrated in this audit. reverseHoloLow is Cardmarket-derived through Pokémon TCG API; not imported and not yet adopted as dashboard primary. TCGplayer value is USD secondary reference only; never converted to EUR.
25298,070,Weepinbell,normal,Common,False,False,True,True,True,tcgplayer_secondary_reference,MEDIUM,Cardmarket direct finish-specific Low was not demonstrated in this audit. TCGplayer value is USD secondary reference only; never converted to EUR.
25299,070,Weepinbell,reverse_holo,Common,False,True,True,True,True,cardmarket_derived_external_reverse_low,MEDIUM,Cardmarket direct finish-specific Low was not demonstrated in this audit. reverseHoloLow is Cardmarket-derived through Pokémon TCG API; not imported and not yet adopted as dashboard primary. TCGplayer value is USD secondary reference only; never converted to EUR.
25300,071,Victreebel,normal,Uncommon,False,False,True,True,True,tcgplayer_secondary_reference,MEDIUM,Cardmarket direct finish-specific Low was not demonstrated in this audit. TCGplayer value is USD secondary reference only; never converted to EUR.
25301,071,Victreebel,reverse_holo,Uncommon,False,True,True,True,True,cardmarket_derived_external_reverse_low,MEDIUM,Cardmarket direct finish-specific Low was not demonstrated in this audit. reverseHoloLow is Cardmarket-derived through Pokémon TCG API; not imported and not yet adopted as dashboard primary. TCGplayer value is USD secondary reference only; never converted to EUR.
25302,072,Tentacool,normal,Common,False,False,True,True,True,tcgplayer_secondary_reference,MEDIUM,Cardmarket direct finish-specific Low was not demonstrated in this audit. TCGplayer value is USD secondary reference only; never converted to EUR.
25303,072,Tentacool,reverse_holo,Common,False,True,True,True,True,cardmarket_derived_external_reverse_low,MEDIUM,Cardmarket direct finish-specific Low was not demonstrated in this audit. reverseHoloLow is Cardmarket-derived through Pokémon TCG API; not imported and not yet adopted as dashboard primary. TCGplayer value is USD secondary reference only; never converted to EUR.
25304,073,Tentacruel,normal,Uncommon,False,False,True,True,True,tcgplayer_secondary_reference,MEDIUM,Cardmarket direct finish-specific Low was not demonstrated in this audit. TCGplayer value is USD secondary reference only; never converted to EUR.
25305,073,Tentacruel,reverse_holo,Uncommon,False,True,True,True,True,cardmarket_derived_external_reverse_low,MEDIUM,Cardmarket direct finish-specific Low was not demonstrated in this audit. reverseHoloLow is Cardmarket-derived through Pokémon TCG API; not imported and not yet adopted as dashboard primary. TCGplayer value is USD secondary reference only; never converted to EUR.
25306,074,Geodude,normal,Common,False,False,True,True,True,tcgplayer_secondary_reference,MEDIUM,Cardmarket direct finish-specific Low was not demonstrated in this audit. TCGplayer value is USD secondary reference only; never converted to EUR.
25307,074,Geodude,reverse_holo,Common,False,True,True,True,True,cardmarket_derived_external_reverse_low,MEDIUM,Cardmarket direct finish-specific Low was not demonstrated in this audit. reverseHoloLow is Cardmarket-derived through Pokémon TCG API; not imported and not yet adopted as dashboard primary. TCGplayer value is USD secondary reference only; never converted to EUR.
25308,075,Graveler,normal,Uncommon,False,False,True,True,True,tcgplayer_secondary_reference,MEDIUM,Cardmarket direct finish-specific Low was not demonstrated in this audit. TCGplayer value is USD secondary reference only; never converted to EUR.
25309,075,Graveler,reverse_holo,Uncommon,False,True,True,True,True,cardmarket_derived_external_reverse_low,MEDIUM,Cardmarket direct finish-specific Low was not demonstrated in this audit. reverseHoloLow is Cardmarket-derived through Pokémon TCG API; not imported and not yet adopted as dashboard primary. TCGplayer value is USD secondary reference only; never converted to EUR.
25310,076,Golem ex,holo,Double rare,False,False,True,True,True,tcgplayer_secondary_reference,MEDIUM,Cardmarket direct finish-specific Low was not demonstrated in this audit. TCGplayer value is USD secondary reference only; never converted to EUR.
25311,077,Ponyta,normal,Common,False,False,True,True,True,tcgplayer_secondary_reference,MEDIUM,Cardmarket direct finish-specific Low was not demonstrated in this audit. TCGplayer value is USD secondary reference only; never converted to EUR.
25312,077,Ponyta,reverse_holo,Common,False,True,True,True,True,cardmarket_derived_external_reverse_low,MEDIUM,Cardmarket direct finish-specific Low was not demonstrated in this audit. reverseHoloLow is Cardmarket-derived through Pokémon TCG API; not imported and not yet adopted as dashboard primary. TCGplayer value is USD secondary reference only; never converted to EUR.
25313,078,Rapidash,normal,Uncommon,False,False,True,True,True,tcgplayer_secondary_reference,MEDIUM,Cardmarket direct finish-specific Low was not demonstrated in this audit. TCGplayer value is USD secondary reference only; never converted to EUR.
25314,078,Rapidash,reverse_holo,Uncommon,False,True,True,True,True,cardmarket_derived_external_reverse_low,MEDIUM,Cardmarket direct finish-specific Low was not demonstrated in this audit. reverseHoloLow is Cardmarket-derived through Pokémon TCG API; not imported and not yet adopted as dashboard primary. TCGplayer value is USD secondary reference only; never converted to EUR.
25315,079,Slowpoke,normal,Common,False,False,True,True,True,tcgplayer_secondary_reference,MEDIUM,Cardmarket direct finish-specific Low was not demonstrated in this audit. TCGplayer value is USD secondary reference only; never converted to EUR.
25316,079,Slowpoke,reverse_holo,Common,False,True,True,True,True,cardmarket_derived_external_reverse_low,MEDIUM,Cardmarket direct finish-specific Low was not demonstrated in this audit. reverseHoloLow is Cardmarket-derived through Pokémon TCG API; not imported and not yet adopted as dashboard primary. TCGplayer value is USD secondary reference only; never converted to EUR.
25317,080,Slowbro,normal,Uncommon,False,False,True,True,True,tcgplayer_secondary_reference,MEDIUM,Cardmarket direct finish-specific Low was not demonstrated in this audit. TCGplayer value is USD secondary reference only; never converted to EUR.
25318,080,Slowbro,reverse_holo,Uncommon,False,True,True,True,True,cardmarket_derived_external_reverse_low,MEDIUM,Cardmarket direct finish-specific Low was not demonstrated in this audit. reverseHoloLow is Cardmarket-derived through Pokémon TCG API; not imported and not yet adopted as dashboard primary. TCGplayer value is USD secondary reference only; never converted to EUR.
25319,081,Magnemite,normal,Common,False,False,True,True,True,tcgplayer_secondary_reference,MEDIUM,Cardmarket direct finish-specific Low was not demonstrated in this audit. TCGplayer value is USD secondary reference only; never converted to EUR.
25320,081,Magnemite,reverse_holo,Common,False,True,True,True,True,cardmarket_derived_external_reverse_low,MEDIUM,Cardmarket direct finish-specific Low was not demonstrated in this audit. reverseHoloLow is Cardmarket-derived through Pokémon TCG API; not imported and not yet adopted as dashboard primary. TCGplayer value is USD secondary reference only; never converted to EUR.
25321,082,Magneton,normal,Uncommon,False,False,True,True,True,tcgplayer_secondary_reference,MEDIUM,Cardmarket direct finish-specific Low was not demonstrated in this audit. TCGplayer value is USD secondary reference only; never converted to EUR.
25322,082,Magneton,reverse_holo,Uncommon,False,True,True,True,True,cardmarket_derived_external_reverse_low,MEDIUM,Cardmarket direct finish-specific Low was not demonstrated in this audit. reverseHoloLow is Cardmarket-derived through Pokémon TCG API; not imported and not yet adopted as dashboard primary. TCGplayer value is USD secondary reference only; never converted to EUR.
25323,083,Farfetch’d,normal,Common,False,False,False,False,False,NULL,LOW,Cardmarket direct finish-specific Low was not demonstrated in this audit.
25324,083,Farfetch’d,reverse_holo,Common,False,False,False,False,False,NULL,LOW,Cardmarket direct finish-specific Low was not demonstrated in this audit.
25325,084,Doduo,normal,Common,False,False,True,True,True,tcgplayer_secondary_reference,MEDIUM,Cardmarket direct finish-specific Low was not demonstrated in this audit. TCGplayer value is USD secondary reference only; never converted to EUR.
25326,084,Doduo,reverse_holo,Common,False,True,True,True,True,cardmarket_derived_external_reverse_low,MEDIUM,Cardmarket direct finish-specific Low was not demonstrated in this audit. reverseHoloLow is Cardmarket-derived through Pokémon TCG API; not imported and not yet adopted as dashboard primary. TCGplayer value is USD secondary reference only; never converted to EUR.
25327,085,Dodrio,holo,Rare,False,False,True,True,True,tcgplayer_secondary_reference,MEDIUM,Cardmarket direct finish-specific Low was not demonstrated in this audit. TCGplayer value is USD secondary reference only; never converted to EUR.
25328,085,Dodrio,reverse_holo,Rare,False,True,True,True,True,cardmarket_derived_external_reverse_low,MEDIUM,Cardmarket direct finish-specific Low was not demonstrated in this audit. reverseHoloLow is Cardmarket-derived through Pokémon TCG API; not imported and not yet adopted as dashboard primary. TCGplayer value is USD secondary reference only; never converted to EUR.
25329,086,Seel,normal,Common,False,False,True,True,True,tcgplayer_secondary_reference,MEDIUM,Cardmarket direct finish-specific Low was not demonstrated in this audit. TCGplayer value is USD secondary reference only; never converted to EUR.
25330,086,Seel,reverse_holo,Common,False,True,True,True,True,cardmarket_derived_external_reverse_low,MEDIUM,Cardmarket direct finish-specific Low was not demonstrated in this audit. reverseHoloLow is Cardmarket-derived through Pokémon TCG API; not imported and not yet adopted as dashboard primary. TCGplayer value is USD secondary reference only; never converted to EUR.
25331,087,Dewgong,normal,Uncommon,False,False,True,True,True,tcgplayer_secondary_reference,MEDIUM,Cardmarket direct finish-specific Low was not demonstrated in this audit. TCGplayer value is USD secondary reference only; never converted to EUR.
25332,087,Dewgong,reverse_holo,Uncommon,False,True,True,True,True,cardmarket_derived_external_reverse_low,MEDIUM,Cardmarket direct finish-specific Low was not demonstrated in this audit. reverseHoloLow is Cardmarket-derived through Pokémon TCG API; not imported and not yet adopted as dashboard primary. TCGplayer value is USD secondary reference only; never converted to EUR.
25333,088,Grimer,normal,Common,False,False,True,True,True,tcgplayer_secondary_reference,MEDIUM,Cardmarket direct finish-specific Low was not demonstrated in this audit. TCGplayer value is USD secondary reference only; never converted to EUR.
25334,088,Grimer,reverse_holo,Common,False,True,True,True,True,cardmarket_derived_external_reverse_low,MEDIUM,Cardmarket direct finish-specific Low was not demonstrated in this audit. reverseHoloLow is Cardmarket-derived through Pokémon TCG API; not imported and not yet adopted as dashboard primary. TCGplayer value is USD secondary reference only; never converted to EUR.
25335,089,Muk,normal,Uncommon,False,False,True,True,True,tcgplayer_secondary_reference,MEDIUM,Cardmarket direct finish-specific Low was not demonstrated in this audit. TCGplayer value is USD secondary reference only; never converted to EUR.
25336,089,Muk,reverse_holo,Uncommon,False,True,True,True,True,cardmarket_derived_external_reverse_low,MEDIUM,Cardmarket direct finish-specific Low was not demonstrated in this audit. reverseHoloLow is Cardmarket-derived through Pokémon TCG API; not imported and not yet adopted as dashboard primary. TCGplayer value is USD secondary reference only; never converted to EUR.
25337,090,Shellder,normal,Common,False,False,True,True,True,tcgplayer_secondary_reference,MEDIUM,Cardmarket direct finish-specific Low was not demonstrated in this audit. TCGplayer value is USD secondary reference only; never converted to EUR.
25338,090,Shellder,reverse_holo,Common,False,True,True,True,True,cardmarket_derived_external_reverse_low,MEDIUM,Cardmarket direct finish-specific Low was not demonstrated in this audit. reverseHoloLow is Cardmarket-derived through Pokémon TCG API; not imported and not yet adopted as dashboard primary. TCGplayer value is USD secondary reference only; never converted to EUR.
25339,091,Cloyster,normal,Uncommon,False,False,True,True,True,tcgplayer_secondary_reference,MEDIUM,Cardmarket direct finish-specific Low was not demonstrated in this audit. TCGplayer value is USD secondary reference only; never converted to EUR.
25340,091,Cloyster,reverse_holo,Uncommon,False,True,True,True,True,cardmarket_derived_external_reverse_low,MEDIUM,Cardmarket direct finish-specific Low was not demonstrated in this audit. reverseHoloLow is Cardmarket-derived through Pokémon TCG API; not imported and not yet adopted as dashboard primary. TCGplayer value is USD secondary reference only; never converted to EUR.
25341,092,Gastly,normal,Common,False,False,True,True,True,tcgplayer_secondary_reference,MEDIUM,Cardmarket direct finish-specific Low was not demonstrated in this audit. TCGplayer value is USD secondary reference only; never converted to EUR.
25342,092,Gastly,reverse_holo,Common,False,True,True,True,True,cardmarket_derived_external_reverse_low,MEDIUM,Cardmarket direct finish-specific Low was not demonstrated in this audit. reverseHoloLow is Cardmarket-derived through Pokémon TCG API; not imported and not yet adopted as dashboard primary. TCGplayer value is USD secondary reference only; never converted to EUR.
25343,093,Haunter,normal,Uncommon,False,False,True,True,True,tcgplayer_secondary_reference,MEDIUM,Cardmarket direct finish-specific Low was not demonstrated in this audit. TCGplayer value is USD secondary reference only; never converted to EUR.
25344,093,Haunter,reverse_holo,Uncommon,False,True,True,True,True,cardmarket_derived_external_reverse_low,MEDIUM,Cardmarket direct finish-specific Low was not demonstrated in this audit. reverseHoloLow is Cardmarket-derived through Pokémon TCG API; not imported and not yet adopted as dashboard primary. TCGplayer value is USD secondary reference only; never converted to EUR.
25345,094,Gengar,holo,Rare,False,False,True,True,True,tcgplayer_secondary_reference,MEDIUM,Cardmarket direct finish-specific Low was not demonstrated in this audit. TCGplayer value is USD secondary reference only; never converted to EUR.
25346,094,Gengar,reverse_holo,Rare,False,True,True,True,True,cardmarket_derived_external_reverse_low,MEDIUM,Cardmarket direct finish-specific Low was not demonstrated in this audit. reverseHoloLow is Cardmarket-derived through Pokémon TCG API; not imported and not yet adopted as dashboard primary. TCGplayer value is USD secondary reference only; never converted to EUR.
25347,095,Onix,normal,Uncommon,False,False,True,True,True,tcgplayer_secondary_reference,MEDIUM,Cardmarket direct finish-specific Low was not demonstrated in this audit. TCGplayer value is USD secondary reference only; never converted to EUR.
25348,095,Onix,reverse_holo,Uncommon,False,True,True,True,True,cardmarket_derived_external_reverse_low,MEDIUM,Cardmarket direct finish-specific Low was not demonstrated in this audit. reverseHoloLow is Cardmarket-derived through Pokémon TCG API; not imported and not yet adopted as dashboard primary. TCGplayer value is USD secondary reference only; never converted to EUR.
25349,096,Drowzee,normal,Common,False,False,True,True,True,tcgplayer_secondary_reference,MEDIUM,Cardmarket direct finish-specific Low was not demonstrated in this audit. TCGplayer value is USD secondary reference only; never converted to EUR.
25350,096,Drowzee,reverse_holo,Common,False,True,True,True,True,cardmarket_derived_external_reverse_low,MEDIUM,Cardmarket direct finish-specific Low was not demonstrated in this audit. reverseHoloLow is Cardmarket-derived through Pokémon TCG API; not imported and not yet adopted as dashboard primary. TCGplayer value is USD secondary reference only; never converted to EUR.
25351,097,Hypno,normal,Uncommon,False,False,True,True,True,tcgplayer_secondary_reference,MEDIUM,Cardmarket direct finish-specific Low was not demonstrated in this audit. TCGplayer value is USD secondary reference only; never converted to EUR.
25352,097,Hypno,reverse_holo,Uncommon,False,True,True,True,True,cardmarket_derived_external_reverse_low,MEDIUM,Cardmarket direct finish-specific Low was not demonstrated in this audit. reverseHoloLow is Cardmarket-derived through Pokémon TCG API; not imported and not yet adopted as dashboard primary. TCGplayer value is USD secondary reference only; never converted to EUR.
25353,098,Krabby,normal,Common,False,False,True,True,True,tcgplayer_secondary_reference,MEDIUM,Cardmarket direct finish-specific Low was not demonstrated in this audit. TCGplayer value is USD secondary reference only; never converted to EUR.
25354,098,Krabby,reverse_holo,Common,False,True,True,True,True,cardmarket_derived_external_reverse_low,MEDIUM,Cardmarket direct finish-specific Low was not demonstrated in this audit. reverseHoloLow is Cardmarket-derived through Pokémon TCG API; not imported and not yet adopted as dashboard primary. TCGplayer value is USD secondary reference only; never converted to EUR.
25355,099,Kingler,normal,Uncommon,False,False,True,True,True,tcgplayer_secondary_reference,MEDIUM,Cardmarket direct finish-specific Low was not demonstrated in this audit. TCGplayer value is USD secondary reference only; never converted to EUR.
25356,099,Kingler,reverse_holo,Uncommon,False,True,True,True,True,cardmarket_derived_external_reverse_low,MEDIUM,Cardmarket direct finish-specific Low was not demonstrated in this audit. reverseHoloLow is Cardmarket-derived through Pokémon TCG API; not imported and not yet adopted as dashboard primary. TCGplayer value is USD secondary reference only; never converted to EUR.
25357,100,Voltorb,normal,Common,False,False,True,True,True,tcgplayer_secondary_reference,MEDIUM,Cardmarket direct finish-specific Low was not demonstrated in this audit. TCGplayer value is USD secondary reference only; never converted to EUR.
25358,100,Voltorb,reverse_holo,Common,False,True,True,True,True,cardmarket_derived_external_reverse_low,MEDIUM,Cardmarket direct finish-specific Low was not demonstrated in this audit. reverseHoloLow is Cardmarket-derived through Pokémon TCG API; not imported and not yet adopted as dashboard primary. TCGplayer value is USD secondary reference only; never converted to EUR.
25359,101,Electrode,holo,Rare,False,False,True,True,True,tcgplayer_secondary_reference,MEDIUM,Cardmarket direct finish-specific Low was not demonstrated in this audit. TCGplayer value is USD secondary reference only; never converted to EUR.
25360,101,Electrode,reverse_holo,Rare,False,True,True,True,True,cardmarket_derived_external_reverse_low,MEDIUM,Cardmarket direct finish-specific Low was not demonstrated in this audit. reverseHoloLow is Cardmarket-derived through Pokémon TCG API; not imported and not yet adopted as dashboard primary. TCGplayer value is USD secondary reference only; never converted to EUR.
25361,102,Exeggcute,normal,Common,False,False,True,True,True,tcgplayer_secondary_reference,MEDIUM,Cardmarket direct finish-specific Low was not demonstrated in this audit. TCGplayer value is USD secondary reference only; never converted to EUR.
25362,102,Exeggcute,reverse_holo,Common,False,True,True,True,True,cardmarket_derived_external_reverse_low,MEDIUM,Cardmarket direct finish-specific Low was not demonstrated in this audit. reverseHoloLow is Cardmarket-derived through Pokémon TCG API; not imported and not yet adopted as dashboard primary. TCGplayer value is USD secondary reference only; never converted to EUR.
25363,103,Exeggutor,normal,Uncommon,False,False,True,True,True,tcgplayer_secondary_reference,MEDIUM,Cardmarket direct finish-specific Low was not demonstrated in this audit. TCGplayer value is USD secondary reference only; never converted to EUR.
25364,103,Exeggutor,reverse_holo,Uncommon,False,True,True,True,True,cardmarket_derived_external_reverse_low,MEDIUM,Cardmarket direct finish-specific Low was not demonstrated in this audit. reverseHoloLow is Cardmarket-derived through Pokémon TCG API; not imported and not yet adopted as dashboard primary. TCGplayer value is USD secondary reference only; never converted to EUR.
25365,104,Cubone,normal,Common,False,False,True,True,True,tcgplayer_secondary_reference,MEDIUM,Cardmarket direct finish-specific Low was not demonstrated in this audit. TCGplayer value is USD secondary reference only; never converted to EUR.
25366,104,Cubone,reverse_holo,Common,False,True,True,True,True,cardmarket_derived_external_reverse_low,MEDIUM,Cardmarket direct finish-specific Low was not demonstrated in this audit. reverseHoloLow is Cardmarket-derived through Pokémon TCG API; not imported and not yet adopted as dashboard primary. TCGplayer value is USD secondary reference only; never converted to EUR.
25367,105,Marowak,holo,Rare,False,False,True,True,True,tcgplayer_secondary_reference,MEDIUM,Cardmarket direct finish-specific Low was not demonstrated in this audit. TCGplayer value is USD secondary reference only; never converted to EUR.
25368,105,Marowak,reverse_holo,Rare,False,True,True,True,True,cardmarket_derived_external_reverse_low,MEDIUM,Cardmarket direct finish-specific Low was not demonstrated in this audit. reverseHoloLow is Cardmarket-derived through Pokémon TCG API; not imported and not yet adopted as dashboard primary. TCGplayer value is USD secondary reference only; never converted to EUR.
25369,106,Hitmonlee,normal,Uncommon,False,False,True,True,True,tcgplayer_secondary_reference,MEDIUM,Cardmarket direct finish-specific Low was not demonstrated in this audit. TCGplayer value is USD secondary reference only; never converted to EUR.
25370,106,Hitmonlee,reverse_holo,Uncommon,False,True,True,True,True,cardmarket_derived_external_reverse_low,MEDIUM,Cardmarket direct finish-specific Low was not demonstrated in this audit. reverseHoloLow is Cardmarket-derived through Pokémon TCG API; not imported and not yet adopted as dashboard primary. TCGplayer value is USD secondary reference only; never converted to EUR.
25371,107,Hitmonchan,normal,Uncommon,False,False,True,True,True,tcgplayer_secondary_reference,MEDIUM,Cardmarket direct finish-specific Low was not demonstrated in this audit. TCGplayer value is USD secondary reference only; never converted to EUR.
25372,107,Hitmonchan,reverse_holo,Uncommon,False,True,True,True,True,cardmarket_derived_external_reverse_low,MEDIUM,Cardmarket direct finish-specific Low was not demonstrated in this audit. reverseHoloLow is Cardmarket-derived through Pokémon TCG API; not imported and not yet adopted as dashboard primary. TCGplayer value is USD secondary reference only; never converted to EUR.
25373,108,Lickitung,normal,Common,False,False,True,True,True,tcgplayer_secondary_reference,MEDIUM,Cardmarket direct finish-specific Low was not demonstrated in this audit. TCGplayer value is USD secondary reference only; never converted to EUR.
25374,108,Lickitung,reverse_holo,Common,False,True,True,True,True,cardmarket_derived_external_reverse_low,MEDIUM,Cardmarket direct finish-specific Low was not demonstrated in this audit. reverseHoloLow is Cardmarket-derived through Pokémon TCG API; not imported and not yet adopted as dashboard primary. TCGplayer value is USD secondary reference only; never converted to EUR.
25375,109,Koffing,normal,Common,False,False,True,True,True,tcgplayer_secondary_reference,MEDIUM,Cardmarket direct finish-specific Low was not demonstrated in this audit. TCGplayer value is USD secondary reference only; never converted to EUR.
25376,109,Koffing,reverse_holo,Common,False,True,True,True,True,cardmarket_derived_external_reverse_low,MEDIUM,Cardmarket direct finish-specific Low was not demonstrated in this audit. reverseHoloLow is Cardmarket-derived through Pokémon TCG API; not imported and not yet adopted as dashboard primary. TCGplayer value is USD secondary reference only; never converted to EUR.
25377,110,Weezing,holo,Rare,False,False,True,True,True,tcgplayer_secondary_reference,MEDIUM,Cardmarket direct finish-specific Low was not demonstrated in this audit. TCGplayer value is USD secondary reference only; never converted to EUR.
25378,110,Weezing,reverse_holo,Rare,False,True,True,True,True,cardmarket_derived_external_reverse_low,MEDIUM,Cardmarket direct finish-specific Low was not demonstrated in this audit. reverseHoloLow is Cardmarket-derived through Pokémon TCG API; not imported and not yet adopted as dashboard primary. TCGplayer value is USD secondary reference only; never converted to EUR.
25379,111,Rhyhorn,normal,Common,False,False,True,True,True,tcgplayer_secondary_reference,MEDIUM,Cardmarket direct finish-specific Low was not demonstrated in this audit. TCGplayer value is USD secondary reference only; never converted to EUR.
25380,111,Rhyhorn,reverse_holo,Common,False,True,True,True,True,cardmarket_derived_external_reverse_low,MEDIUM,Cardmarket direct finish-specific Low was not demonstrated in this audit. reverseHoloLow is Cardmarket-derived through Pokémon TCG API; not imported and not yet adopted as dashboard primary. TCGplayer value is USD secondary reference only; never converted to EUR.
25381,112,Rhydon,normal,Uncommon,False,False,True,True,True,tcgplayer_secondary_reference,MEDIUM,Cardmarket direct finish-specific Low was not demonstrated in this audit. TCGplayer value is USD secondary reference only; never converted to EUR.
25382,112,Rhydon,reverse_holo,Uncommon,False,True,True,True,True,cardmarket_derived_external_reverse_low,MEDIUM,Cardmarket direct finish-specific Low was not demonstrated in this audit. reverseHoloLow is Cardmarket-derived through Pokémon TCG API; not imported and not yet adopted as dashboard primary. TCGplayer value is USD secondary reference only; never converted to EUR.
25383,113,Chansey,holo,Rare,False,False,True,True,True,tcgplayer_secondary_reference,MEDIUM,Cardmarket direct finish-specific Low was not demonstrated in this audit. TCGplayer value is USD secondary reference only; never converted to EUR.
25384,113,Chansey,reverse_holo,Rare,False,True,True,True,True,cardmarket_derived_external_reverse_low,MEDIUM,Cardmarket direct finish-specific Low was not demonstrated in this audit. reverseHoloLow is Cardmarket-derived through Pokémon TCG API; not imported and not yet adopted as dashboard primary. TCGplayer value is USD secondary reference only; never converted to EUR.
25385,114,Tangela,normal,Common,False,False,True,True,True,tcgplayer_secondary_reference,MEDIUM,Cardmarket direct finish-specific Low was not demonstrated in this audit. TCGplayer value is USD secondary reference only; never converted to EUR.
25386,114,Tangela,reverse_holo,Common,False,True,True,True,True,cardmarket_derived_external_reverse_low,MEDIUM,Cardmarket direct finish-specific Low was not demonstrated in this audit. reverseHoloLow is Cardmarket-derived through Pokémon TCG API; not imported and not yet adopted as dashboard primary. TCGplayer value is USD secondary reference only; never converted to EUR.
25387,115,Kangaskhan ex,holo,Double rare,False,False,True,True,True,tcgplayer_secondary_reference,MEDIUM,Cardmarket direct finish-specific Low was not demonstrated in this audit. TCGplayer value is USD secondary reference only; never converted to EUR.
25388,116,Horsea,normal,Common,False,False,True,True,True,tcgplayer_secondary_reference,MEDIUM,Cardmarket direct finish-specific Low was not demonstrated in this audit. TCGplayer value is USD secondary reference only; never converted to EUR.
25389,116,Horsea,reverse_holo,Common,False,True,True,True,True,cardmarket_derived_external_reverse_low,MEDIUM,Cardmarket direct finish-specific Low was not demonstrated in this audit. reverseHoloLow is Cardmarket-derived through Pokémon TCG API; not imported and not yet adopted as dashboard primary. TCGplayer value is USD secondary reference only; never converted to EUR.
25390,117,Seadra,normal,Uncommon,False,False,True,True,True,tcgplayer_secondary_reference,MEDIUM,Cardmarket direct finish-specific Low was not demonstrated in this audit. TCGplayer value is USD secondary reference only; never converted to EUR.
25391,117,Seadra,reverse_holo,Uncommon,False,True,True,True,True,cardmarket_derived_external_reverse_low,MEDIUM,Cardmarket direct finish-specific Low was not demonstrated in this audit. reverseHoloLow is Cardmarket-derived through Pokémon TCG API; not imported and not yet adopted as dashboard primary. TCGplayer value is USD secondary reference only; never converted to EUR.
25392,118,Goldeen,normal,Common,False,False,True,True,True,tcgplayer_secondary_reference,MEDIUM,Cardmarket direct finish-specific Low was not demonstrated in this audit. TCGplayer value is USD secondary reference only; never converted to EUR.
25393,118,Goldeen,reverse_holo,Common,False,True,True,True,True,cardmarket_derived_external_reverse_low,MEDIUM,Cardmarket direct finish-specific Low was not demonstrated in this audit. reverseHoloLow is Cardmarket-derived through Pokémon TCG API; not imported and not yet adopted as dashboard primary. TCGplayer value is USD secondary reference only; never converted to EUR.
25394,119,Seaking,normal,Uncommon,False,False,True,True,True,tcgplayer_secondary_reference,MEDIUM,Cardmarket direct finish-specific Low was not demonstrated in this audit. TCGplayer value is USD secondary reference only; never converted to EUR.
25395,119,Seaking,reverse_holo,Uncommon,False,True,True,True,True,cardmarket_derived_external_reverse_low,MEDIUM,Cardmarket direct finish-specific Low was not demonstrated in this audit. reverseHoloLow is Cardmarket-derived through Pokémon TCG API; not imported and not yet adopted as dashboard primary. TCGplayer value is USD secondary reference only; never converted to EUR.
25396,120,Staryu,normal,Common,False,False,True,True,True,tcgplayer_secondary_reference,MEDIUM,Cardmarket direct finish-specific Low was not demonstrated in this audit. TCGplayer value is USD secondary reference only; never converted to EUR.
25397,120,Staryu,reverse_holo,Common,False,True,True,True,True,cardmarket_derived_external_reverse_low,MEDIUM,Cardmarket direct finish-specific Low was not demonstrated in this audit. reverseHoloLow is Cardmarket-derived through Pokémon TCG API; not imported and not yet adopted as dashboard primary. TCGplayer value is USD secondary reference only; never converted to EUR.
25398,121,Starmie,holo,Rare,False,False,True,True,True,tcgplayer_secondary_reference,MEDIUM,Cardmarket direct finish-specific Low was not demonstrated in this audit. TCGplayer value is USD secondary reference only; never converted to EUR.
25399,121,Starmie,reverse_holo,Rare,False,True,True,True,True,cardmarket_derived_external_reverse_low,MEDIUM,Cardmarket direct finish-specific Low was not demonstrated in this audit. reverseHoloLow is Cardmarket-derived through Pokémon TCG API; not imported and not yet adopted as dashboard primary. TCGplayer value is USD secondary reference only; never converted to EUR.
25400,122,Mr. Mime,holo,Rare,False,False,True,True,True,tcgplayer_secondary_reference,MEDIUM,Cardmarket direct finish-specific Low was not demonstrated in this audit. TCGplayer value is USD secondary reference only; never converted to EUR.
25401,122,Mr. Mime,reverse_holo,Rare,False,True,True,True,True,cardmarket_derived_external_reverse_low,MEDIUM,Cardmarket direct finish-specific Low was not demonstrated in this audit. reverseHoloLow is Cardmarket-derived through Pokémon TCG API; not imported and not yet adopted as dashboard primary. TCGplayer value is USD secondary reference only; never converted to EUR.
25402,123,Scyther,normal,Uncommon,False,False,True,True,True,tcgplayer_secondary_reference,MEDIUM,Cardmarket direct finish-specific Low was not demonstrated in this audit. TCGplayer value is USD secondary reference only; never converted to EUR.
25403,123,Scyther,reverse_holo,Uncommon,False,True,True,True,True,cardmarket_derived_external_reverse_low,MEDIUM,Cardmarket direct finish-specific Low was not demonstrated in this audit. reverseHoloLow is Cardmarket-derived through Pokémon TCG API; not imported and not yet adopted as dashboard primary. TCGplayer value is USD secondary reference only; never converted to EUR.
25404,124,Jynx ex,holo,Double rare,False,False,True,True,True,tcgplayer_secondary_reference,MEDIUM,Cardmarket direct finish-specific Low was not demonstrated in this audit. TCGplayer value is USD secondary reference only; never converted to EUR.
25405,125,Electabuzz,normal,Common,False,False,True,True,True,tcgplayer_secondary_reference,MEDIUM,Cardmarket direct finish-specific Low was not demonstrated in this audit. TCGplayer value is USD secondary reference only; never converted to EUR.
25406,125,Electabuzz,reverse_holo,Common,False,False,True,True,True,tcgplayer_secondary_reference,MEDIUM,Cardmarket direct finish-specific Low was not demonstrated in this audit. TCGplayer value is USD secondary reference only; never converted to EUR.
25407,126,Magmar,normal,Common,False,False,True,True,True,tcgplayer_secondary_reference,MEDIUM,Cardmarket direct finish-specific Low was not demonstrated in this audit. TCGplayer value is USD secondary reference only; never converted to EUR.
25408,126,Magmar,reverse_holo,Common,False,True,True,True,True,cardmarket_derived_external_reverse_low,MEDIUM,Cardmarket direct finish-specific Low was not demonstrated in this audit. reverseHoloLow is Cardmarket-derived through Pokémon TCG API; not imported and not yet adopted as dashboard primary. TCGplayer value is USD secondary reference only; never converted to EUR.
25409,127,Pinsir,normal,Uncommon,False,False,True,True,True,tcgplayer_secondary_reference,MEDIUM,Cardmarket direct finish-specific Low was not demonstrated in this audit. TCGplayer value is USD secondary reference only; never converted to EUR.
25410,127,Pinsir,reverse_holo,Uncommon,False,True,True,True,True,cardmarket_derived_external_reverse_low,MEDIUM,Cardmarket direct finish-specific Low was not demonstrated in this audit. reverseHoloLow is Cardmarket-derived through Pokémon TCG API; not imported and not yet adopted as dashboard primary. TCGplayer value is USD secondary reference only; never converted to EUR.
25411,128,Tauros,normal,Uncommon,False,False,True,True,True,tcgplayer_secondary_reference,MEDIUM,Cardmarket direct finish-specific Low was not demonstrated in this audit. TCGplayer value is USD secondary reference only; never converted to EUR.
25412,128,Tauros,reverse_holo,Uncommon,False,True,True,True,True,cardmarket_derived_external_reverse_low,MEDIUM,Cardmarket direct finish-specific Low was not demonstrated in this audit. reverseHoloLow is Cardmarket-derived through Pokémon TCG API; not imported and not yet adopted as dashboard primary. TCGplayer value is USD secondary reference only; never converted to EUR.
25413,129,Magikarp,normal,Common,False,False,True,True,True,tcgplayer_secondary_reference,MEDIUM,Cardmarket direct finish-specific Low was not demonstrated in this audit. TCGplayer value is USD secondary reference only; never converted to EUR.
25414,129,Magikarp,reverse_holo,Common,False,True,True,True,True,cardmarket_derived_external_reverse_low,MEDIUM,Cardmarket direct finish-specific Low was not demonstrated in this audit. reverseHoloLow is Cardmarket-derived through Pokémon TCG API; not imported and not yet adopted as dashboard primary. TCGplayer value is USD secondary reference only; never converted to EUR.
25415,130,Gyarados,holo,Rare,False,False,True,True,True,tcgplayer_secondary_reference,MEDIUM,Cardmarket direct finish-specific Low was not demonstrated in this audit. TCGplayer value is USD secondary reference only; never converted to EUR.
25416,130,Gyarados,reverse_holo,Rare,False,True,True,True,True,cardmarket_derived_external_reverse_low,MEDIUM,Cardmarket direct finish-specific Low was not demonstrated in this audit. reverseHoloLow is Cardmarket-derived through Pokémon TCG API; not imported and not yet adopted as dashboard primary. TCGplayer value is USD secondary reference only; never converted to EUR.
25417,131,Lapras,normal,Uncommon,False,False,True,True,True,tcgplayer_secondary_reference,MEDIUM,Cardmarket direct finish-specific Low was not demonstrated in this audit. TCGplayer value is USD secondary reference only; never converted to EUR.
25418,131,Lapras,reverse_holo,Uncommon,False,True,True,True,True,cardmarket_derived_external_reverse_low,MEDIUM,Cardmarket direct finish-specific Low was not demonstrated in this audit. reverseHoloLow is Cardmarket-derived through Pokémon TCG API; not imported and not yet adopted as dashboard primary. TCGplayer value is USD secondary reference only; never converted to EUR.
25419,132,Ditto,holo,Rare,False,False,True,True,True,tcgplayer_secondary_reference,MEDIUM,Cardmarket direct finish-specific Low was not demonstrated in this audit. TCGplayer value is USD secondary reference only; never converted to EUR.
25420,132,Ditto,reverse_holo,Rare,False,True,True,True,True,cardmarket_derived_external_reverse_low,MEDIUM,Cardmarket direct finish-specific Low was not demonstrated in this audit. reverseHoloLow is Cardmarket-derived through Pokémon TCG API; not imported and not yet adopted as dashboard primary. TCGplayer value is USD secondary reference only; never converted to EUR.
25421,133,Eevee,normal,Common,False,False,True,True,True,tcgplayer_secondary_reference,MEDIUM,Cardmarket direct finish-specific Low was not demonstrated in this audit. TCGplayer value is USD secondary reference only; never converted to EUR.
25422,133,Eevee,reverse_holo,Common,False,True,True,True,True,cardmarket_derived_external_reverse_low,MEDIUM,Cardmarket direct finish-specific Low was not demonstrated in this audit. reverseHoloLow is Cardmarket-derived through Pokémon TCG API; not imported and not yet adopted as dashboard primary. TCGplayer value is USD secondary reference only; never converted to EUR.
25423,134,Vaporeon,holo,Rare,False,False,True,True,True,tcgplayer_secondary_reference,MEDIUM,Cardmarket direct finish-specific Low was not demonstrated in this audit. TCGplayer value is USD secondary reference only; never converted to EUR.
25424,134,Vaporeon,reverse_holo,Rare,False,True,True,True,True,cardmarket_derived_external_reverse_low,MEDIUM,Cardmarket direct finish-specific Low was not demonstrated in this audit. reverseHoloLow is Cardmarket-derived through Pokémon TCG API; not imported and not yet adopted as dashboard primary. TCGplayer value is USD secondary reference only; never converted to EUR.
25425,135,Jolteon,holo,Rare,False,False,True,True,True,tcgplayer_secondary_reference,MEDIUM,Cardmarket direct finish-specific Low was not demonstrated in this audit. TCGplayer value is USD secondary reference only; never converted to EUR.
25426,135,Jolteon,reverse_holo,Rare,False,True,True,True,True,cardmarket_derived_external_reverse_low,MEDIUM,Cardmarket direct finish-specific Low was not demonstrated in this audit. reverseHoloLow is Cardmarket-derived through Pokémon TCG API; not imported and not yet adopted as dashboard primary. TCGplayer value is USD secondary reference only; never converted to EUR.
25427,136,Flareon,holo,Rare,False,False,True,True,True,tcgplayer_secondary_reference,MEDIUM,Cardmarket direct finish-specific Low was not demonstrated in this audit. TCGplayer value is USD secondary reference only; never converted to EUR.
25428,136,Flareon,reverse_holo,Rare,False,True,True,True,True,cardmarket_derived_external_reverse_low,MEDIUM,Cardmarket direct finish-specific Low was not demonstrated in this audit. reverseHoloLow is Cardmarket-derived through Pokémon TCG API; not imported and not yet adopted as dashboard primary. TCGplayer value is USD secondary reference only; never converted to EUR.
25429,137,Porygon,normal,Common,False,False,True,True,True,tcgplayer_secondary_reference,MEDIUM,Cardmarket direct finish-specific Low was not demonstrated in this audit. TCGplayer value is USD secondary reference only; never converted to EUR.
25430,137,Porygon,reverse_holo,Common,False,True,True,True,True,cardmarket_derived_external_reverse_low,MEDIUM,Cardmarket direct finish-specific Low was not demonstrated in this audit. reverseHoloLow is Cardmarket-derived through Pokémon TCG API; not imported and not yet adopted as dashboard primary. TCGplayer value is USD secondary reference only; never converted to EUR.
25431,138,Omanyte,normal,Uncommon,False,False,True,True,True,tcgplayer_secondary_reference,MEDIUM,Cardmarket direct finish-specific Low was not demonstrated in this audit. TCGplayer value is USD secondary reference only; never converted to EUR.
25432,138,Omanyte,reverse_holo,Uncommon,False,True,True,True,True,cardmarket_derived_external_reverse_low,MEDIUM,Cardmarket direct finish-specific Low was not demonstrated in this audit. reverseHoloLow is Cardmarket-derived through Pokémon TCG API; not imported and not yet adopted as dashboard primary. TCGplayer value is USD secondary reference only; never converted to EUR.
25433,139,Omastar,holo,Rare,False,False,True,True,True,tcgplayer_secondary_reference,MEDIUM,Cardmarket direct finish-specific Low was not demonstrated in this audit. TCGplayer value is USD secondary reference only; never converted to EUR.
25434,139,Omastar,reverse_holo,Rare,False,True,True,True,True,cardmarket_derived_external_reverse_low,MEDIUM,Cardmarket direct finish-specific Low was not demonstrated in this audit. reverseHoloLow is Cardmarket-derived through Pokémon TCG API; not imported and not yet adopted as dashboard primary. TCGplayer value is USD secondary reference only; never converted to EUR.
25435,140,Kabuto,normal,Uncommon,False,False,True,True,True,tcgplayer_secondary_reference,MEDIUM,Cardmarket direct finish-specific Low was not demonstrated in this audit. TCGplayer value is USD secondary reference only; never converted to EUR.
25436,140,Kabuto,reverse_holo,Uncommon,False,True,True,True,True,cardmarket_derived_external_reverse_low,MEDIUM,Cardmarket direct finish-specific Low was not demonstrated in this audit. reverseHoloLow is Cardmarket-derived through Pokémon TCG API; not imported and not yet adopted as dashboard primary. TCGplayer value is USD secondary reference only; never converted to EUR.
25437,141,Kabutops,holo,Rare,False,False,True,True,True,tcgplayer_secondary_reference,MEDIUM,Cardmarket direct finish-specific Low was not demonstrated in this audit. TCGplayer value is USD secondary reference only; never converted to EUR.
25438,141,Kabutops,reverse_holo,Rare,False,True,True,True,True,cardmarket_derived_external_reverse_low,MEDIUM,Cardmarket direct finish-specific Low was not demonstrated in this audit. reverseHoloLow is Cardmarket-derived through Pokémon TCG API; not imported and not yet adopted as dashboard primary. TCGplayer value is USD secondary reference only; never converted to EUR.
25439,142,Aerodactyl,holo,Rare,False,False,True,True,True,tcgplayer_secondary_reference,MEDIUM,Cardmarket direct finish-specific Low was not demonstrated in this audit. TCGplayer value is USD secondary reference only; never converted to EUR.
25440,142,Aerodactyl,reverse_holo,Rare,False,True,True,True,True,cardmarket_derived_external_reverse_low,MEDIUM,Cardmarket direct finish-specific Low was not demonstrated in this audit. reverseHoloLow is Cardmarket-derived through Pokémon TCG API; not imported and not yet adopted as dashboard primary. TCGplayer value is USD secondary reference only; never converted to EUR.
25441,143,Snorlax,normal,Uncommon,False,False,True,True,True,tcgplayer_secondary_reference,MEDIUM,Cardmarket direct finish-specific Low was not demonstrated in this audit. TCGplayer value is USD secondary reference only; never converted to EUR.
25442,143,Snorlax,reverse_holo,Uncommon,False,True,True,True,True,cardmarket_derived_external_reverse_low,MEDIUM,Cardmarket direct finish-specific Low was not demonstrated in this audit. reverseHoloLow is Cardmarket-derived through Pokémon TCG API; not imported and not yet adopted as dashboard primary. TCGplayer value is USD secondary reference only; never converted to EUR.
25443,144,Articuno,holo,Rare,False,False,True,True,True,tcgplayer_secondary_reference,MEDIUM,Cardmarket direct finish-specific Low was not demonstrated in this audit. TCGplayer value is USD secondary reference only; never converted to EUR.
25444,144,Articuno,reverse_holo,Rare,False,True,True,True,True,cardmarket_derived_external_reverse_low,MEDIUM,Cardmarket direct finish-specific Low was not demonstrated in this audit. reverseHoloLow is Cardmarket-derived through Pokémon TCG API; not imported and not yet adopted as dashboard primary. TCGplayer value is USD secondary reference only; never converted to EUR.
25445,145,Zapdos ex,holo,Double rare,False,False,True,True,True,tcgplayer_secondary_reference,MEDIUM,Cardmarket direct finish-specific Low was not demonstrated in this audit. TCGplayer value is USD secondary reference only; never converted to EUR.
25446,146,Moltres,holo,Rare,False,False,True,True,True,tcgplayer_secondary_reference,MEDIUM,Cardmarket direct finish-specific Low was not demonstrated in this audit. TCGplayer value is USD secondary reference only; never converted to EUR.
25447,146,Moltres,reverse_holo,Rare,False,True,True,True,True,cardmarket_derived_external_reverse_low,MEDIUM,Cardmarket direct finish-specific Low was not demonstrated in this audit. reverseHoloLow is Cardmarket-derived through Pokémon TCG API; not imported and not yet adopted as dashboard primary. TCGplayer value is USD secondary reference only; never converted to EUR.
25448,147,Dratini,normal,Common,False,False,True,True,True,tcgplayer_secondary_reference,MEDIUM,Cardmarket direct finish-specific Low was not demonstrated in this audit. TCGplayer value is USD secondary reference only; never converted to EUR.
25449,147,Dratini,reverse_holo,Common,False,True,True,True,True,cardmarket_derived_external_reverse_low,MEDIUM,Cardmarket direct finish-specific Low was not demonstrated in this audit. reverseHoloLow is Cardmarket-derived through Pokémon TCG API; not imported and not yet adopted as dashboard primary. TCGplayer value is USD secondary reference only; never converted to EUR.
25450,148,Dragonair,normal,Uncommon,False,False,True,True,True,tcgplayer_secondary_reference,MEDIUM,Cardmarket direct finish-specific Low was not demonstrated in this audit. TCGplayer value is USD secondary reference only; never converted to EUR.
25451,148,Dragonair,reverse_holo,Uncommon,False,True,True,True,True,cardmarket_derived_external_reverse_low,MEDIUM,Cardmarket direct finish-specific Low was not demonstrated in this audit. reverseHoloLow is Cardmarket-derived through Pokémon TCG API; not imported and not yet adopted as dashboard primary. TCGplayer value is USD secondary reference only; never converted to EUR.
25452,149,Dragonite,holo,Rare,False,False,True,True,True,tcgplayer_secondary_reference,MEDIUM,Cardmarket direct finish-specific Low was not demonstrated in this audit. TCGplayer value is USD secondary reference only; never converted to EUR.
25453,149,Dragonite,reverse_holo,Rare,False,True,True,True,True,cardmarket_derived_external_reverse_low,MEDIUM,Cardmarket direct finish-specific Low was not demonstrated in this audit. reverseHoloLow is Cardmarket-derived through Pokémon TCG API; not imported and not yet adopted as dashboard primary. TCGplayer value is USD secondary reference only; never converted to EUR.
25454,150,Mewtwo,holo,Rare,False,False,True,True,True,tcgplayer_secondary_reference,MEDIUM,Cardmarket direct finish-specific Low was not demonstrated in this audit. TCGplayer value is USD secondary reference only; never converted to EUR.
25455,150,Mewtwo,reverse_holo,Rare,False,True,True,True,True,cardmarket_derived_external_reverse_low,MEDIUM,Cardmarket direct finish-specific Low was not demonstrated in this audit. reverseHoloLow is Cardmarket-derived through Pokémon TCG API; not imported and not yet adopted as dashboard primary. TCGplayer value is USD secondary reference only; never converted to EUR.
25456,151,Mew ex,holo,Double rare,False,False,True,True,True,tcgplayer_secondary_reference,MEDIUM,Cardmarket direct finish-specific Low was not demonstrated in this audit. TCGplayer value is USD secondary reference only; never converted to EUR.
25457,152,Antique Dome Fossil,normal,Common,False,False,True,True,True,tcgplayer_secondary_reference,MEDIUM,Cardmarket direct finish-specific Low was not demonstrated in this audit. TCGplayer value is USD secondary reference only; never converted to EUR.
25458,152,Antique Dome Fossil,reverse_holo,Common,False,True,True,True,True,cardmarket_derived_external_reverse_low,MEDIUM,Cardmarket direct finish-specific Low was not demonstrated in this audit. reverseHoloLow is Cardmarket-derived through Pokémon TCG API; not imported and not yet adopted as dashboard primary. TCGplayer value is USD secondary reference only; never converted to EUR.
25459,153,Antique Helix Fossil,normal,Common,False,False,True,True,True,tcgplayer_secondary_reference,MEDIUM,Cardmarket direct finish-specific Low was not demonstrated in this audit. TCGplayer value is USD secondary reference only; never converted to EUR.
25460,153,Antique Helix Fossil,reverse_holo,Common,False,True,True,True,True,cardmarket_derived_external_reverse_low,MEDIUM,Cardmarket direct finish-specific Low was not demonstrated in this audit. reverseHoloLow is Cardmarket-derived through Pokémon TCG API; not imported and not yet adopted as dashboard primary. TCGplayer value is USD secondary reference only; never converted to EUR.
25461,154,Antique Old Amber,normal,Common,False,False,True,True,True,tcgplayer_secondary_reference,MEDIUM,Cardmarket direct finish-specific Low was not demonstrated in this audit. TCGplayer value is USD secondary reference only; never converted to EUR.
25462,154,Antique Old Amber,reverse_holo,Common,False,True,True,True,True,cardmarket_derived_external_reverse_low,MEDIUM,Cardmarket direct finish-specific Low was not demonstrated in this audit. reverseHoloLow is Cardmarket-derived through Pokémon TCG API; not imported and not yet adopted as dashboard primary. TCGplayer value is USD secondary reference only; never converted to EUR.
25463,155,Big Air Balloon,normal,Uncommon,False,False,True,True,True,tcgplayer_secondary_reference,MEDIUM,Cardmarket direct finish-specific Low was not demonstrated in this audit. TCGplayer value is USD secondary reference only; never converted to EUR.
25464,155,Big Air Balloon,reverse_holo,Uncommon,False,True,True,True,True,cardmarket_derived_external_reverse_low,MEDIUM,Cardmarket direct finish-specific Low was not demonstrated in this audit. reverseHoloLow is Cardmarket-derived through Pokémon TCG API; not imported and not yet adopted as dashboard primary. TCGplayer value is USD secondary reference only; never converted to EUR.
25465,156,Bill’s Transfer,normal,Uncommon,False,False,False,False,False,NULL,LOW,Cardmarket direct finish-specific Low was not demonstrated in this audit.
25466,156,Bill’s Transfer,reverse_holo,Uncommon,False,False,False,False,False,NULL,LOW,Cardmarket direct finish-specific Low was not demonstrated in this audit.
25467,157,Cycling Road,normal,Uncommon,False,False,True,True,True,tcgplayer_secondary_reference,MEDIUM,Cardmarket direct finish-specific Low was not demonstrated in this audit. TCGplayer value is USD secondary reference only; never converted to EUR.
25468,157,Cycling Road,reverse_holo,Uncommon,False,True,True,True,True,cardmarket_derived_external_reverse_low,MEDIUM,Cardmarket direct finish-specific Low was not demonstrated in this audit. reverseHoloLow is Cardmarket-derived through Pokémon TCG API; not imported and not yet adopted as dashboard primary. TCGplayer value is USD secondary reference only; never converted to EUR.
25469,158,Daisy’s Help,normal,Uncommon,False,False,False,False,False,NULL,LOW,Cardmarket direct finish-specific Low was not demonstrated in this audit.
25470,158,Daisy’s Help,reverse_holo,Uncommon,False,False,False,False,False,NULL,LOW,Cardmarket direct finish-specific Low was not demonstrated in this audit.
25471,159,Energy Sticker,normal,Uncommon,False,False,True,True,True,tcgplayer_secondary_reference,MEDIUM,Cardmarket direct finish-specific Low was not demonstrated in this audit. TCGplayer value is USD secondary reference only; never converted to EUR.
25472,159,Energy Sticker,reverse_holo,Uncommon,False,True,True,True,True,cardmarket_derived_external_reverse_low,MEDIUM,Cardmarket direct finish-specific Low was not demonstrated in this audit. reverseHoloLow is Cardmarket-derived through Pokémon TCG API; not imported and not yet adopted as dashboard primary. TCGplayer value is USD secondary reference only; never converted to EUR.
25473,160,Erika’s Invitation,normal,Uncommon,False,False,False,False,False,NULL,LOW,Cardmarket direct finish-specific Low was not demonstrated in this audit.
25474,160,Erika’s Invitation,reverse_holo,Uncommon,False,False,False,False,False,NULL,LOW,Cardmarket direct finish-specific Low was not demonstrated in this audit.
25475,161,Giovanni’s Charisma,normal,Uncommon,False,False,False,False,False,NULL,LOW,Cardmarket direct finish-specific Low was not demonstrated in this audit.
25476,161,Giovanni’s Charisma,reverse_holo,Uncommon,False,False,False,False,False,NULL,LOW,Cardmarket direct finish-specific Low was not demonstrated in this audit.
25477,162,Grabber,normal,Uncommon,False,False,True,True,True,tcgplayer_secondary_reference,MEDIUM,Cardmarket direct finish-specific Low was not demonstrated in this audit. TCGplayer value is USD secondary reference only; never converted to EUR.
25478,162,Grabber,reverse_holo,Uncommon,False,True,True,True,True,cardmarket_derived_external_reverse_low,MEDIUM,Cardmarket direct finish-specific Low was not demonstrated in this audit. reverseHoloLow is Cardmarket-derived through Pokémon TCG API; not imported and not yet adopted as dashboard primary. TCGplayer value is USD secondary reference only; never converted to EUR.
25479,163,Leftovers,normal,Uncommon,False,False,True,True,True,tcgplayer_secondary_reference,MEDIUM,Cardmarket direct finish-specific Low was not demonstrated in this audit. TCGplayer value is USD secondary reference only; never converted to EUR.
25480,163,Leftovers,reverse_holo,Uncommon,False,True,True,True,True,cardmarket_derived_external_reverse_low,MEDIUM,Cardmarket direct finish-specific Low was not demonstrated in this audit. reverseHoloLow is Cardmarket-derived through Pokémon TCG API; not imported and not yet adopted as dashboard primary. TCGplayer value is USD secondary reference only; never converted to EUR.
25481,164,Protective Goggles,normal,Uncommon,False,False,True,True,True,tcgplayer_secondary_reference,MEDIUM,Cardmarket direct finish-specific Low was not demonstrated in this audit. TCGplayer value is USD secondary reference only; never converted to EUR.
25482,164,Protective Goggles,reverse_holo,Uncommon,False,True,True,True,True,cardmarket_derived_external_reverse_low,MEDIUM,Cardmarket direct finish-specific Low was not demonstrated in this audit. reverseHoloLow is Cardmarket-derived through Pokémon TCG API; not imported and not yet adopted as dashboard primary. TCGplayer value is USD secondary reference only; never converted to EUR.
25483,165,Rigid Band,normal,Uncommon,False,False,True,True,True,tcgplayer_secondary_reference,MEDIUM,Cardmarket direct finish-specific Low was not demonstrated in this audit. TCGplayer value is USD secondary reference only; never converted to EUR.
25484,165,Rigid Band,reverse_holo,Uncommon,False,True,True,True,True,cardmarket_derived_external_reverse_low,MEDIUM,Cardmarket direct finish-specific Low was not demonstrated in this audit. reverseHoloLow is Cardmarket-derived through Pokémon TCG API; not imported and not yet adopted as dashboard primary. TCGplayer value is USD secondary reference only; never converted to EUR.
25485,166,Bulbasaur,holo,Illustration rare,False,False,True,True,True,tcgplayer_secondary_reference,MEDIUM,Cardmarket direct finish-specific Low was not demonstrated in this audit. TCGplayer value is USD secondary reference only; never converted to EUR.
25486,167,Ivysaur,holo,Illustration rare,False,False,True,True,True,tcgplayer_secondary_reference,MEDIUM,Cardmarket direct finish-specific Low was not demonstrated in this audit. TCGplayer value is USD secondary reference only; never converted to EUR.
25487,168,Charmander,holo,Illustration rare,False,False,True,True,True,tcgplayer_secondary_reference,MEDIUM,Cardmarket direct finish-specific Low was not demonstrated in this audit. TCGplayer value is USD secondary reference only; never converted to EUR.
25488,169,Charmeleon,holo,Illustration rare,False,False,True,True,True,tcgplayer_secondary_reference,MEDIUM,Cardmarket direct finish-specific Low was not demonstrated in this audit. TCGplayer value is USD secondary reference only; never converted to EUR.
25489,170,Squirtle,holo,Illustration rare,False,False,True,True,True,tcgplayer_secondary_reference,MEDIUM,Cardmarket direct finish-specific Low was not demonstrated in this audit. TCGplayer value is USD secondary reference only; never converted to EUR.
25490,171,Wartortle,holo,Illustration rare,False,False,True,True,True,tcgplayer_secondary_reference,MEDIUM,Cardmarket direct finish-specific Low was not demonstrated in this audit. TCGplayer value is USD secondary reference only; never converted to EUR.
25491,172,Caterpie,holo,Illustration rare,False,False,True,True,True,tcgplayer_secondary_reference,MEDIUM,Cardmarket direct finish-specific Low was not demonstrated in this audit. TCGplayer value is USD secondary reference only; never converted to EUR.
25492,173,Pikachu,holo,Illustration rare,False,False,True,True,True,tcgplayer_secondary_reference,MEDIUM,Cardmarket direct finish-specific Low was not demonstrated in this audit. TCGplayer value is USD secondary reference only; never converted to EUR.
25493,174,Nidoking,holo,Illustration rare,False,False,True,True,True,tcgplayer_secondary_reference,MEDIUM,Cardmarket direct finish-specific Low was not demonstrated in this audit. TCGplayer value is USD secondary reference only; never converted to EUR.
25494,175,Psyduck,holo,Illustration rare,False,False,True,True,True,tcgplayer_secondary_reference,MEDIUM,Cardmarket direct finish-specific Low was not demonstrated in this audit. TCGplayer value is USD secondary reference only; never converted to EUR.
25495,176,Poliwhirl,holo,Illustration rare,False,False,True,True,True,tcgplayer_secondary_reference,MEDIUM,Cardmarket direct finish-specific Low was not demonstrated in this audit. TCGplayer value is USD secondary reference only; never converted to EUR.
25496,177,Machoke,holo,Illustration rare,False,False,True,True,True,tcgplayer_secondary_reference,MEDIUM,Cardmarket direct finish-specific Low was not demonstrated in this audit. TCGplayer value is USD secondary reference only; never converted to EUR.
25497,178,Tangela,holo,Illustration rare,False,False,True,True,True,tcgplayer_secondary_reference,MEDIUM,Cardmarket direct finish-specific Low was not demonstrated in this audit. TCGplayer value is USD secondary reference only; never converted to EUR.
25498,179,Mr. Mime,holo,Illustration rare,False,False,True,True,True,tcgplayer_secondary_reference,MEDIUM,Cardmarket direct finish-specific Low was not demonstrated in this audit. TCGplayer value is USD secondary reference only; never converted to EUR.
25499,180,Omanyte,holo,Illustration rare,False,False,True,True,True,tcgplayer_secondary_reference,MEDIUM,Cardmarket direct finish-specific Low was not demonstrated in this audit. TCGplayer value is USD secondary reference only; never converted to EUR.
25500,181,Dragonair,holo,Illustration rare,False,False,True,True,True,tcgplayer_secondary_reference,MEDIUM,Cardmarket direct finish-specific Low was not demonstrated in this audit. TCGplayer value is USD secondary reference only; never converted to EUR.
25501,182,Venusaur ex,holo,Ultra Rare,False,False,True,True,True,tcgplayer_secondary_reference,MEDIUM,Cardmarket direct finish-specific Low was not demonstrated in this audit. TCGplayer value is USD secondary reference only; never converted to EUR.
25502,183,Charizard ex,holo,Ultra Rare,False,False,True,True,True,tcgplayer_secondary_reference,MEDIUM,Cardmarket direct finish-specific Low was not demonstrated in this audit. TCGplayer value is USD secondary reference only; never converted to EUR.
25503,184,Blastoise ex,holo,Ultra Rare,False,False,True,True,True,tcgplayer_secondary_reference,MEDIUM,Cardmarket direct finish-specific Low was not demonstrated in this audit. TCGplayer value is USD secondary reference only; never converted to EUR.
25504,185,Arbok ex,holo,Ultra Rare,False,False,True,True,True,tcgplayer_secondary_reference,MEDIUM,Cardmarket direct finish-specific Low was not demonstrated in this audit. TCGplayer value is USD secondary reference only; never converted to EUR.
25505,186,Ninetales ex,holo,Ultra Rare,False,False,True,True,True,tcgplayer_secondary_reference,MEDIUM,Cardmarket direct finish-specific Low was not demonstrated in this audit. TCGplayer value is USD secondary reference only; never converted to EUR.
25506,187,Wigglytuff ex,holo,Ultra Rare,False,False,True,True,True,tcgplayer_secondary_reference,MEDIUM,Cardmarket direct finish-specific Low was not demonstrated in this audit. TCGplayer value is USD secondary reference only; never converted to EUR.
25507,188,Alakazam ex,holo,Ultra Rare,False,False,True,True,True,tcgplayer_secondary_reference,MEDIUM,Cardmarket direct finish-specific Low was not demonstrated in this audit. TCGplayer value is USD secondary reference only; never converted to EUR.
25508,189,Golem ex,holo,Ultra Rare,False,False,True,True,True,tcgplayer_secondary_reference,MEDIUM,Cardmarket direct finish-specific Low was not demonstrated in this audit. TCGplayer value is USD secondary reference only; never converted to EUR.
25509,190,Kangaskhan ex,holo,Ultra Rare,False,False,True,True,True,tcgplayer_secondary_reference,MEDIUM,Cardmarket direct finish-specific Low was not demonstrated in this audit. TCGplayer value is USD secondary reference only; never converted to EUR.
25510,191,Jynx ex,holo,Ultra Rare,False,False,True,True,True,tcgplayer_secondary_reference,MEDIUM,Cardmarket direct finish-specific Low was not demonstrated in this audit. TCGplayer value is USD secondary reference only; never converted to EUR.
25511,192,Zapdos ex,holo,Ultra Rare,False,False,True,True,True,tcgplayer_secondary_reference,MEDIUM,Cardmarket direct finish-specific Low was not demonstrated in this audit. TCGplayer value is USD secondary reference only; never converted to EUR.
25512,193,Mew ex,holo,Ultra Rare,False,False,True,True,True,tcgplayer_secondary_reference,MEDIUM,Cardmarket direct finish-specific Low was not demonstrated in this audit. TCGplayer value is USD secondary reference only; never converted to EUR.
25513,194,Bill’s Transfer,holo,Ultra Rare,False,False,False,False,False,NULL,LOW,Cardmarket direct finish-specific Low was not demonstrated in this audit.
25514,195,Daisy’s Help,holo,Ultra Rare,False,False,False,False,False,NULL,LOW,Cardmarket direct finish-specific Low was not demonstrated in this audit.
25515,196,Erika’s Invitation,holo,Ultra Rare,False,False,False,False,False,NULL,LOW,Cardmarket direct finish-specific Low was not demonstrated in this audit.
25516,197,Giovanni’s Charisma,holo,Ultra Rare,False,False,False,False,False,NULL,LOW,Cardmarket direct finish-specific Low was not demonstrated in this audit.
25517,198,Venusaur ex,holo,Special illustration rare,False,False,True,True,True,tcgplayer_secondary_reference,MEDIUM,Cardmarket direct finish-specific Low was not demonstrated in this audit. TCGplayer value is USD secondary reference only; never converted to EUR.
25518,199,Charizard ex,holo,Special illustration rare,False,False,True,True,True,tcgplayer_secondary_reference,MEDIUM,Cardmarket direct finish-specific Low was not demonstrated in this audit. TCGplayer value is USD secondary reference only; never converted to EUR.
25519,200,Blastoise ex,holo,Special illustration rare,False,False,True,True,True,tcgplayer_secondary_reference,MEDIUM,Cardmarket direct finish-specific Low was not demonstrated in this audit. TCGplayer value is USD secondary reference only; never converted to EUR.
25520,201,Alakazam ex,holo,Special illustration rare,False,False,True,True,True,tcgplayer_secondary_reference,MEDIUM,Cardmarket direct finish-specific Low was not demonstrated in this audit. TCGplayer value is USD secondary reference only; never converted to EUR.
25521,202,Zapdos ex,holo,Special illustration rare,False,False,True,True,True,tcgplayer_secondary_reference,MEDIUM,Cardmarket direct finish-specific Low was not demonstrated in this audit. TCGplayer value is USD secondary reference only; never converted to EUR.
25522,203,Erika’s Invitation,holo,Special illustration rare,False,False,False,False,False,NULL,LOW,Cardmarket direct finish-specific Low was not demonstrated in this audit.
25523,204,Giovanni’s Charisma,holo,Special illustration rare,False,False,False,False,False,NULL,LOW,Cardmarket direct finish-specific Low was not demonstrated in this audit.
25524,205,Mew ex,holo,Hyper rare,False,False,True,True,True,tcgplayer_secondary_reference,MEDIUM,Cardmarket direct finish-specific Low was not demonstrated in this audit. TCGplayer value is USD secondary reference only; never converted to EUR.
25525,206,Switch,holo,Hyper rare,False,False,True,True,True,tcgplayer_secondary_reference,MEDIUM,Cardmarket direct finish-specific Low was not demonstrated in this audit. TCGplayer value is USD secondary reference only; never converted to EUR.
25526,207,Basic Energy,holo,Hyper rare,False,False,False,False,False,NULL,LOW,Cardmarket direct finish-specific Low was not demonstrated in this audit.
