idProduct,canonical_card_id,collector_number,canonical_name,metric_family,metric_columns,present_metric_columns,canonical_mapping_status,metric_mapping_status,pricing_eligible,card_id,candidate_card_ids,compatible_finishes,finish_scope,mapping_method,confidence,evidence,provenance
719453,23366,011,Metapod,base,"[""low"",""trend"",""avg1"",""avg7"",""avg30""]","[""low"",""trend"",""avg1"",""avg7"",""avg30""]",EXACT,AMBIGUOUS,False,,"[25184,25185]","[""normal"",""reverse_holo""]",multiple,multiple_physical_finish_candidates_without_family_specific_evidence,LOW,"Source fact: Price Guide exposes base columns ['low', 'trend', 'avg1', 'avg7', 'avg30']; source fact: canonical scope exposes compatible finishes ['normal', 'reverse_holo']. Inference withheld: no Cardmarket source field identifies this metric family with one finish.","{""canonical_source"":{""canonical_card_id"":23366,""canonical_number"":""011"",""status"":""EXACT""},""cardmarket_source"":{""idMetacard"":421090,""idProduct"":719453,""name"":""Metapod [Tackle | Defensive Posture]""},""inference"":{""base_to_finish"":""not inferred"",""foil_to_finish"":""not inferred""},""physical_candidates"":[{""art_kind"":""unknown"",""card_id"":25184,""finish"":""normal"",""rarity"":""Common""},{""art_kind"":""unknown"",""card_id"":25185,""finish"":""reverse_holo"",""rarity"":""Common""}],""source_fields_audited"":{""all_expected_columns_present"":true,""base_columns"":[""low"",""trend"",""avg1"",""avg7"",""avg30""],""foil_columns"":[""low-holo"",""trend-holo"",""avg1-holo"",""avg7-holo"",""avg30-holo""],""observed_metric_columns"":[""avg1"",""avg1-holo"",""avg30"",""avg30-holo"",""avg7"",""avg7-holo"",""low"",""low-holo"",""trend"",""trend-holo""],""unexpected_metric_columns"":[""avg"",""avg-holo""]},""source_files"":{""discovery_mapping_sha256"":""81b5c2edaebda0de843c7f6b13a9710e731d48fe3717881219ea5196d7e0335d"",""prices_path"":""/Users/facundogalmarini/Desktop/price_guide_6 (1).json"",""prices_sha256"":""86282c2015adc332db82ce65d162f6cc44dc0bb3208b8bfedd952268ffafa145"",""products_path"":""/Users/facundogalmarini/Desktop/products_singles_6 (1).json"",""products_sha256"":""318cdf83b38813443530bb4d14f770ed0c1225be9ad87ddebbbee00b097613b5""}}"
719453,23366,011,Metapod,foil,"[""low-holo"",""trend-holo"",""avg1-holo"",""avg7-holo"",""avg30-holo""]","[""low-holo"",""trend-holo"",""avg1-holo"",""avg7-holo"",""avg30-holo""]",EXACT,AMBIGUOUS,False,,"[25184,25185]","[""normal"",""reverse_holo""]",multiple,multiple_physical_finish_candidates_without_family_specific_evidence,LOW,"Source fact: Price Guide exposes foil columns ['low-holo', 'trend-holo', 'avg1-holo', 'avg7-holo', 'avg30-holo']; source fact: canonical scope exposes compatible finishes ['normal', 'reverse_holo']. Inference withheld: no Cardmarket source field identifies this metric family with one finish.","{""canonical_source"":{""canonical_card_id"":23366,""canonical_number"":""011"",""status"":""EXACT""},""cardmarket_source"":{""idMetacard"":421090,""idProduct"":719453,""name"":""Metapod [Tackle | Defensive Posture]""},""inference"":{""base_to_finish"":""not inferred"",""foil_to_finish"":""not inferred""},""physical_candidates"":[{""art_kind"":""unknown"",""card_id"":25184,""finish"":""normal"",""rarity"":""Common""},{""art_kind"":""unknown"",""card_id"":25185,""finish"":""reverse_holo"",""rarity"":""Common""}],""source_fields_audited"":{""all_expected_columns_present"":true,""base_columns"":[""low"",""trend"",""avg1"",""avg7"",""avg30""],""foil_columns"":[""low-holo"",""trend-holo"",""avg1-holo"",""avg7-holo"",""avg30-holo""],""observed_metric_columns"":[""avg1"",""avg1-holo"",""avg30"",""avg30-holo"",""avg7"",""avg7-holo"",""low"",""low-holo"",""trend"",""trend-holo""],""unexpected_metric_columns"":[""avg"",""avg-holo""]},""source_files"":{""discovery_mapping_sha256"":""81b5c2edaebda0de843c7f6b13a9710e731d48fe3717881219ea5196d7e0335d"",""prices_path"":""/Users/facundogalmarini/Desktop/price_guide_6 (1).json"",""prices_sha256"":""86282c2015adc332db82ce65d162f6cc44dc0bb3208b8bfedd952268ffafa145"",""products_path"":""/Users/facundogalmarini/Desktop/products_singles_6 (1).json"",""products_sha256"":""318cdf83b38813443530bb4d14f770ed0c1225be9ad87ddebbbee00b097613b5""}}"
719454,23367,012,Butterfree,base,"[""low"",""trend"",""avg1"",""avg7"",""avg30""]","[""low"",""trend"",""avg1"",""avg7"",""avg30""]",EXACT,AMBIGUOUS,False,,"[25186,25187]","[""normal"",""reverse_holo""]",multiple,multiple_physical_finish_candidates_without_family_specific_evidence,LOW,"Source fact: Price Guide exposes base columns ['low', 'trend', 'avg1', 'avg7', 'avg30']; source fact: canonical scope exposes compatible finishes ['normal', 'reverse_holo']. Inference withheld: no Cardmarket source field identifies this metric family with one finish.","{""canonical_source"":{""canonical_card_id"":23367,""canonical_number"":""012"",""status"":""EXACT""},""cardmarket_source"":{""idMetacard"":421091,""idProduct"":719454,""name"":""Butterfree [Whirlwind | Bye Bye Flight]""},""inference"":{""base_to_finish"":""not inferred"",""foil_to_finish"":""not inferred""},""physical_candidates"":[{""art_kind"":""unknown"",""card_id"":25186,""finish"":""normal"",""rarity"":""Uncommon""},{""art_kind"":""unknown"",""card_id"":25187,""finish"":""reverse_holo"",""rarity"":""Uncommon""}],""source_fields_audited"":{""all_expected_columns_present"":true,""base_columns"":[""low"",""trend"",""avg1"",""avg7"",""avg30""],""foil_columns"":[""low-holo"",""trend-holo"",""avg1-holo"",""avg7-holo"",""avg30-holo""],""observed_metric_columns"":[""avg1"",""avg1-holo"",""avg30"",""avg30-holo"",""avg7"",""avg7-holo"",""low"",""low-holo"",""trend"",""trend-holo""],""unexpected_metric_columns"":[""avg"",""avg-holo""]},""source_files"":{""discovery_mapping_sha256"":""81b5c2edaebda0de843c7f6b13a9710e731d48fe3717881219ea5196d7e0335d"",""prices_path"":""/Users/facundogalmarini/Desktop/price_guide_6 (1).json"",""prices_sha256"":""86282c2015adc332db82ce65d162f6cc44dc0bb3208b8bfedd952268ffafa145"",""products_path"":""/Users/facundogalmarini/Desktop/products_singles_6 (1).json"",""products_sha256"":""318cdf83b38813443530bb4d14f770ed0c1225be9ad87ddebbbee00b097613b5""}}"
719454,23367,012,Butterfree,foil,"[""low-holo"",""trend-holo"",""avg1-holo"",""avg7-holo"",""avg30-holo""]","[""low-holo"",""trend-holo"",""avg1-holo"",""avg7-holo"",""avg30-holo""]",EXACT,AMBIGUOUS,False,,"[25186,25187]","[""normal"",""reverse_holo""]",multiple,multiple_physical_finish_candidates_without_family_specific_evidence,LOW,"Source fact: Price Guide exposes foil columns ['low-holo', 'trend-holo', 'avg1-holo', 'avg7-holo', 'avg30-holo']; source fact: canonical scope exposes compatible finishes ['normal', 'reverse_holo']. Inference withheld: no Cardmarket source field identifies this metric family with one finish.","{""canonical_source"":{""canonical_card_id"":23367,""canonical_number"":""012"",""status"":""EXACT""},""cardmarket_source"":{""idMetacard"":421091,""idProduct"":719454,""name"":""Butterfree [Whirlwind | Bye Bye Flight]""},""inference"":{""base_to_finish"":""not inferred"",""foil_to_finish"":""not inferred""},""physical_candidates"":[{""art_kind"":""unknown"",""card_id"":25186,""finish"":""normal"",""rarity"":""Uncommon""},{""art_kind"":""unknown"",""card_id"":25187,""finish"":""reverse_holo"",""rarity"":""Uncommon""}],""source_fields_audited"":{""all_expected_columns_present"":true,""base_columns"":[""low"",""trend"",""avg1"",""avg7"",""avg30""],""foil_columns"":[""low-holo"",""trend-holo"",""avg1-holo"",""avg7-holo"",""avg30-holo""],""observed_metric_columns"":[""avg1"",""avg1-holo"",""avg30"",""avg30-holo"",""avg7"",""avg7-holo"",""low"",""low-holo"",""trend"",""trend-holo""],""unexpected_metric_columns"":[""avg"",""avg-holo""]},""source_files"":{""discovery_mapping_sha256"":""81b5c2edaebda0de843c7f6b13a9710e731d48fe3717881219ea5196d7e0335d"",""prices_path"":""/Users/facundogalmarini/Desktop/price_guide_6 (1).json"",""prices_sha256"":""86282c2015adc332db82ce65d162f6cc44dc0bb3208b8bfedd952268ffafa145"",""products_path"":""/Users/facundogalmarini/Desktop/products_singles_6 (1).json"",""products_sha256"":""318cdf83b38813443530bb4d14f770ed0c1225be9ad87ddebbbee00b097613b5""}}"
719455,23368,013,Weedle,base,"[""low"",""trend"",""avg1"",""avg7"",""avg30""]","[""low"",""trend"",""avg1"",""avg7"",""avg30""]",EXACT,AMBIGUOUS,False,,"[25188,25189]","[""normal"",""reverse_holo""]",multiple,multiple_physical_finish_candidates_without_family_specific_evidence,LOW,"Source fact: Price Guide exposes base columns ['low', 'trend', 'avg1', 'avg7', 'avg30']; source fact: canonical scope exposes compatible finishes ['normal', 'reverse_holo']. Inference withheld: no Cardmarket source field identifies this metric family with one finish.","{""canonical_source"":{""canonical_card_id"":23368,""canonical_number"":""013"",""status"":""EXACT""},""cardmarket_source"":{""idMetacard"":421092,""idProduct"":719455,""name"":""Weedle [Ram | Bug Bite]""},""inference"":{""base_to_finish"":""not inferred"",""foil_to_finish"":""not inferred""},""physical_candidates"":[{""art_kind"":""unknown"",""card_id"":25188,""finish"":""normal"",""rarity"":""Common""},{""art_kind"":""unknown"",""card_id"":25189,""finish"":""reverse_holo"",""rarity"":""Common""}],""source_fields_audited"":{""all_expected_columns_present"":true,""base_columns"":[""low"",""trend"",""avg1"",""avg7"",""avg30""],""foil_columns"":[""low-holo"",""trend-holo"",""avg1-holo"",""avg7-holo"",""avg30-holo""],""observed_metric_columns"":[""avg1"",""avg1-holo"",""avg30"",""avg30-holo"",""avg7"",""avg7-holo"",""low"",""low-holo"",""trend"",""trend-holo""],""unexpected_metric_columns"":[""avg"",""avg-holo""]},""source_files"":{""discovery_mapping_sha256"":""81b5c2edaebda0de843c7f6b13a9710e731d48fe3717881219ea5196d7e0335d"",""prices_path"":""/Users/facundogalmarini/Desktop/price_guide_6 (1).json"",""prices_sha256"":""86282c2015adc332db82ce65d162f6cc44dc0bb3208b8bfedd952268ffafa145"",""products_path"":""/Users/facundogalmarini/Desktop/products_singles_6 (1).json"",""products_sha256"":""318cdf83b38813443530bb4d14f770ed0c1225be9ad87ddebbbee00b097613b5""}}"
719455,23368,013,Weedle,foil,"[""low-holo"",""trend-holo"",""avg1-holo"",""avg7-holo"",""avg30-holo""]","[""low-holo"",""trend-holo"",""avg1-holo"",""avg7-holo"",""avg30-holo""]",EXACT,AMBIGUOUS,False,,"[25188,25189]","[""normal"",""reverse_holo""]",multiple,multiple_physical_finish_candidates_without_family_specific_evidence,LOW,"Source fact: Price Guide exposes foil columns ['low-holo', 'trend-holo', 'avg1-holo', 'avg7-holo', 'avg30-holo']; source fact: canonical scope exposes compatible finishes ['normal', 'reverse_holo']. Inference withheld: no Cardmarket source field identifies this metric family with one finish.","{""canonical_source"":{""canonical_card_id"":23368,""canonical_number"":""013"",""status"":""EXACT""},""cardmarket_source"":{""idMetacard"":421092,""idProduct"":719455,""name"":""Weedle [Ram | Bug Bite]""},""inference"":{""base_to_finish"":""not inferred"",""foil_to_finish"":""not inferred""},""physical_candidates"":[{""art_kind"":""unknown"",""card_id"":25188,""finish"":""normal"",""rarity"":""Common""},{""art_kind"":""unknown"",""card_id"":25189,""finish"":""reverse_holo"",""rarity"":""Common""}],""source_fields_audited"":{""all_expected_columns_present"":true,""base_columns"":[""low"",""trend"",""avg1"",""avg7"",""avg30""],""foil_columns"":[""low-holo"",""trend-holo"",""avg1-holo"",""avg7-holo"",""avg30-holo""],""observed_metric_columns"":[""avg1"",""avg1-holo"",""avg30"",""avg30-holo"",""avg7"",""avg7-holo"",""low"",""low-holo"",""trend"",""trend-holo""],""unexpected_metric_columns"":[""avg"",""avg-holo""]},""source_files"":{""discovery_mapping_sha256"":""81b5c2edaebda0de843c7f6b13a9710e731d48fe3717881219ea5196d7e0335d"",""prices_path"":""/Users/facundogalmarini/Desktop/price_guide_6 (1).json"",""prices_sha256"":""86282c2015adc332db82ce65d162f6cc44dc0bb3208b8bfedd952268ffafa145"",""products_path"":""/Users/facundogalmarini/Desktop/products_singles_6 (1).json"",""products_sha256"":""318cdf83b38813443530bb4d14f770ed0c1225be9ad87ddebbbee00b097613b5""}}"
719456,23369,014,Kakuna,base,"[""low"",""trend"",""avg1"",""avg7"",""avg30""]","[""low"",""trend"",""avg1"",""avg7"",""avg30""]",EXACT,AMBIGUOUS,False,,"[25190,25191]","[""normal"",""reverse_holo""]",multiple,multiple_physical_finish_candidates_without_family_specific_evidence,LOW,"Source fact: Price Guide exposes base columns ['low', 'trend', 'avg1', 'avg7', 'avg30']; source fact: canonical scope exposes compatible finishes ['normal', 'reverse_holo']. Inference withheld: no Cardmarket source field identifies this metric family with one finish.","{""canonical_source"":{""canonical_card_id"":23369,""canonical_number"":""014"",""status"":""EXACT""},""cardmarket_source"":{""idMetacard"":421093,""idProduct"":719456,""name"":""Kakuna [Cocoon Cover | Zzzt]""},""inference"":{""base_to_finish"":""not inferred"",""foil_to_finish"":""not inferred""},""physical_candidates"":[{""art_kind"":""unknown"",""card_id"":25190,""finish"":""normal"",""rarity"":""Common""},{""art_kind"":""unknown"",""card_id"":25191,""finish"":""reverse_holo"",""rarity"":""Common""}],""source_fields_audited"":{""all_expected_columns_present"":true,""base_columns"":[""low"",""trend"",""avg1"",""avg7"",""avg30""],""foil_columns"":[""low-holo"",""trend-holo"",""avg1-holo"",""avg7-holo"",""avg30-holo""],""observed_metric_columns"":[""avg1"",""avg1-holo"",""avg30"",""avg30-holo"",""avg7"",""avg7-holo"",""low"",""low-holo"",""trend"",""trend-holo""],""unexpected_metric_columns"":[""avg"",""avg-holo""]},""source_files"":{""discovery_mapping_sha256"":""81b5c2edaebda0de843c7f6b13a9710e731d48fe3717881219ea5196d7e0335d"",""prices_path"":""/Users/facundogalmarini/Desktop/price_guide_6 (1).json"",""prices_sha256"":""86282c2015adc332db82ce65d162f6cc44dc0bb3208b8bfedd952268ffafa145"",""products_path"":""/Users/facundogalmarini/Desktop/products_singles_6 (1).json"",""products_sha256"":""318cdf83b38813443530bb4d14f770ed0c1225be9ad87ddebbbee00b097613b5""}}"
719456,23369,014,Kakuna,foil,"[""low-holo"",""trend-holo"",""avg1-holo"",""avg7-holo"",""avg30-holo""]","[""low-holo"",""trend-holo"",""avg1-holo"",""avg7-holo"",""avg30-holo""]",EXACT,AMBIGUOUS,False,,"[25190,25191]","[""normal"",""reverse_holo""]",multiple,multiple_physical_finish_candidates_without_family_specific_evidence,LOW,"Source fact: Price Guide exposes foil columns ['low-holo', 'trend-holo', 'avg1-holo', 'avg7-holo', 'avg30-holo']; source fact: canonical scope exposes compatible finishes ['normal', 'reverse_holo']. Inference withheld: no Cardmarket source field identifies this metric family with one finish.","{""canonical_source"":{""canonical_card_id"":23369,""canonical_number"":""014"",""status"":""EXACT""},""cardmarket_source"":{""idMetacard"":421093,""idProduct"":719456,""name"":""Kakuna [Cocoon Cover | Zzzt]""},""inference"":{""base_to_finish"":""not inferred"",""foil_to_finish"":""not inferred""},""physical_candidates"":[{""art_kind"":""unknown"",""card_id"":25190,""finish"":""normal"",""rarity"":""Common""},{""art_kind"":""unknown"",""card_id"":25191,""finish"":""reverse_holo"",""rarity"":""Common""}],""source_fields_audited"":{""all_expected_columns_present"":true,""base_columns"":[""low"",""trend"",""avg1"",""avg7"",""avg30""],""foil_columns"":[""low-holo"",""trend-holo"",""avg1-holo"",""avg7-holo"",""avg30-holo""],""observed_metric_columns"":[""avg1"",""avg1-holo"",""avg30"",""avg30-holo"",""avg7"",""avg7-holo"",""low"",""low-holo"",""trend"",""trend-holo""],""unexpected_metric_columns"":[""avg"",""avg-holo""]},""source_files"":{""discovery_mapping_sha256"":""81b5c2edaebda0de843c7f6b13a9710e731d48fe3717881219ea5196d7e0335d"",""prices_path"":""/Users/facundogalmarini/Desktop/price_guide_6 (1).json"",""prices_sha256"":""86282c2015adc332db82ce65d162f6cc44dc0bb3208b8bfedd952268ffafa145"",""products_path"":""/Users/facundogalmarini/Desktop/products_singles_6 (1).json"",""products_sha256"":""318cdf83b38813443530bb4d14f770ed0c1225be9ad87ddebbbee00b097613b5""}}"
719457,23370,015,Beedrill,base,"[""low"",""trend"",""avg1"",""avg7"",""avg30""]","[""low"",""trend"",""avg1"",""avg7"",""avg30""]",EXACT,AMBIGUOUS,False,,"[25192,25193]","[""holo"",""reverse_holo""]",multiple,multiple_physical_finish_candidates_without_family_specific_evidence,LOW,"Source fact: Price Guide exposes base columns ['low', 'trend', 'avg1', 'avg7', 'avg30']; source fact: canonical scope exposes compatible finishes ['holo', 'reverse_holo']. Inference withheld: no Cardmarket source field identifies this metric family with one finish.","{""canonical_source"":{""canonical_card_id"":23370,""canonical_number"":""015"",""status"":""EXACT""},""cardmarket_source"":{""idMetacard"":421094,""idProduct"":719457,""name"":""Beedrill [Nadir Needle | Pierce]""},""inference"":{""base_to_finish"":""not inferred"",""foil_to_finish"":""not inferred""},""physical_candidates"":[{""art_kind"":""unknown"",""card_id"":25192,""finish"":""holo"",""rarity"":""Rare""},{""art_kind"":""unknown"",""card_id"":25193,""finish"":""reverse_holo"",""rarity"":""Rare""}],""source_fields_audited"":{""all_expected_columns_present"":true,""base_columns"":[""low"",""trend"",""avg1"",""avg7"",""avg30""],""foil_columns"":[""low-holo"",""trend-holo"",""avg1-holo"",""avg7-holo"",""avg30-holo""],""observed_metric_columns"":[""avg1"",""avg1-holo"",""avg30"",""avg30-holo"",""avg7"",""avg7-holo"",""low"",""low-holo"",""trend"",""trend-holo""],""unexpected_metric_columns"":[""avg"",""avg-holo""]},""source_files"":{""discovery_mapping_sha256"":""81b5c2edaebda0de843c7f6b13a9710e731d48fe3717881219ea5196d7e0335d"",""prices_path"":""/Users/facundogalmarini/Desktop/price_guide_6 (1).json"",""prices_sha256"":""86282c2015adc332db82ce65d162f6cc44dc0bb3208b8bfedd952268ffafa145"",""products_path"":""/Users/facundogalmarini/Desktop/products_singles_6 (1).json"",""products_sha256"":""318cdf83b38813443530bb4d14f770ed0c1225be9ad87ddebbbee00b097613b5""}}"
719457,23370,015,Beedrill,foil,"[""low-holo"",""trend-holo"",""avg1-holo"",""avg7-holo"",""avg30-holo""]","[""low-holo"",""trend-holo"",""avg1-holo"",""avg7-holo"",""avg30-holo""]",EXACT,AMBIGUOUS,False,,"[25192,25193]","[""holo"",""reverse_holo""]",multiple,multiple_physical_finish_candidates_without_family_specific_evidence,LOW,"Source fact: Price Guide exposes foil columns ['low-holo', 'trend-holo', 'avg1-holo', 'avg7-holo', 'avg30-holo']; source fact: canonical scope exposes compatible finishes ['holo', 'reverse_holo']. Inference withheld: no Cardmarket source field identifies this metric family with one finish.","{""canonical_source"":{""canonical_card_id"":23370,""canonical_number"":""015"",""status"":""EXACT""},""cardmarket_source"":{""idMetacard"":421094,""idProduct"":719457,""name"":""Beedrill [Nadir Needle | Pierce]""},""inference"":{""base_to_finish"":""not inferred"",""foil_to_finish"":""not inferred""},""physical_candidates"":[{""art_kind"":""unknown"",""card_id"":25192,""finish"":""holo"",""rarity"":""Rare""},{""art_kind"":""unknown"",""card_id"":25193,""finish"":""reverse_holo"",""rarity"":""Rare""}],""source_fields_audited"":{""all_expected_columns_present"":true,""base_columns"":[""low"",""trend"",""avg1"",""avg7"",""avg30""],""foil_columns"":[""low-holo"",""trend-holo"",""avg1-holo"",""avg7-holo"",""avg30-holo""],""observed_metric_columns"":[""avg1"",""avg1-holo"",""avg30"",""avg30-holo"",""avg7"",""avg7-holo"",""low"",""low-holo"",""trend"",""trend-holo""],""unexpected_metric_columns"":[""avg"",""avg-holo""]},""source_files"":{""discovery_mapping_sha256"":""81b5c2edaebda0de843c7f6b13a9710e731d48fe3717881219ea5196d7e0335d"",""prices_path"":""/Users/facundogalmarini/Desktop/price_guide_6 (1).json"",""prices_sha256"":""86282c2015adc332db82ce65d162f6cc44dc0bb3208b8bfedd952268ffafa145"",""products_path"":""/Users/facundogalmarini/Desktop/products_singles_6 (1).json"",""products_sha256"":""318cdf83b38813443530bb4d14f770ed0c1225be9ad87ddebbbee00b097613b5""}}"
719458,23371,016,Pidgey,base,"[""low"",""trend"",""avg1"",""avg7"",""avg30""]","[""low"",""trend"",""avg1"",""avg7"",""avg30""]",EXACT,AMBIGUOUS,False,,"[25194,25195]","[""normal"",""reverse_holo""]",multiple,multiple_physical_finish_candidates_without_family_specific_evidence,LOW,"Source fact: Price Guide exposes base columns ['low', 'trend', 'avg1', 'avg7', 'avg30']; source fact: canonical scope exposes compatible finishes ['normal', 'reverse_holo']. Inference withheld: no Cardmarket source field identifies this metric family with one finish.","{""canonical_source"":{""canonical_card_id"":23371,""canonical_number"":""016"",""status"":""EXACT""},""cardmarket_source"":{""idMetacard"":421095,""idProduct"":719458,""name"":""Pidgey [Call for Family | Tackle]""},""inference"":{""base_to_finish"":""not inferred"",""foil_to_finish"":""not inferred""},""physical_candidates"":[{""art_kind"":""unknown"",""card_id"":25194,""finish"":""normal"",""rarity"":""Common""},{""art_kind"":""unknown"",""card_id"":25195,""finish"":""reverse_holo"",""rarity"":""Common""}],""source_fields_audited"":{""all_expected_columns_present"":true,""base_columns"":[""low"",""trend"",""avg1"",""avg7"",""avg30""],""foil_columns"":[""low-holo"",""trend-holo"",""avg1-holo"",""avg7-holo"",""avg30-holo""],""observed_metric_columns"":[""avg1"",""avg1-holo"",""avg30"",""avg30-holo"",""avg7"",""avg7-holo"",""low"",""low-holo"",""trend"",""trend-holo""],""unexpected_metric_columns"":[""avg"",""avg-holo""]},""source_files"":{""discovery_mapping_sha256"":""81b5c2edaebda0de843c7f6b13a9710e731d48fe3717881219ea5196d7e0335d"",""prices_path"":""/Users/facundogalmarini/Desktop/price_guide_6 (1).json"",""prices_sha256"":""86282c2015adc332db82ce65d162f6cc44dc0bb3208b8bfedd952268ffafa145"",""products_path"":""/Users/facundogalmarini/Desktop/products_singles_6 (1).json"",""products_sha256"":""318cdf83b38813443530bb4d14f770ed0c1225be9ad87ddebbbee00b097613b5""}}"
719458,23371,016,Pidgey,foil,"[""low-holo"",""trend-holo"",""avg1-holo"",""avg7-holo"",""avg30-holo""]","[""low-holo"",""trend-holo"",""avg1-holo"",""avg7-holo"",""avg30-holo""]",EXACT,AMBIGUOUS,False,,"[25194,25195]","[""normal"",""reverse_holo""]",multiple,multiple_physical_finish_candidates_without_family_specific_evidence,LOW,"Source fact: Price Guide exposes foil columns ['low-holo', 'trend-holo', 'avg1-holo', 'avg7-holo', 'avg30-holo']; source fact: canonical scope exposes compatible finishes ['normal', 'reverse_holo']. Inference withheld: no Cardmarket source field identifies this metric family with one finish.","{""canonical_source"":{""canonical_card_id"":23371,""canonical_number"":""016"",""status"":""EXACT""},""cardmarket_source"":{""idMetacard"":421095,""idProduct"":719458,""name"":""Pidgey [Call for Family | Tackle]""},""inference"":{""base_to_finish"":""not inferred"",""foil_to_finish"":""not inferred""},""physical_candidates"":[{""art_kind"":""unknown"",""card_id"":25194,""finish"":""normal"",""rarity"":""Common""},{""art_kind"":""unknown"",""card_id"":25195,""finish"":""reverse_holo"",""rarity"":""Common""}],""source_fields_audited"":{""all_expected_columns_present"":true,""base_columns"":[""low"",""trend"",""avg1"",""avg7"",""avg30""],""foil_columns"":[""low-holo"",""trend-holo"",""avg1-holo"",""avg7-holo"",""avg30-holo""],""observed_metric_columns"":[""avg1"",""avg1-holo"",""avg30"",""avg30-holo"",""avg7"",""avg7-holo"",""low"",""low-holo"",""trend"",""trend-holo""],""unexpected_metric_columns"":[""avg"",""avg-holo""]},""source_files"":{""discovery_mapping_sha256"":""81b5c2edaebda0de843c7f6b13a9710e731d48fe3717881219ea5196d7e0335d"",""prices_path"":""/Users/facundogalmarini/Desktop/price_guide_6 (1).json"",""prices_sha256"":""86282c2015adc332db82ce65d162f6cc44dc0bb3208b8bfedd952268ffafa145"",""products_path"":""/Users/facundogalmarini/Desktop/products_singles_6 (1).json"",""products_sha256"":""318cdf83b38813443530bb4d14f770ed0c1225be9ad87ddebbbee00b097613b5""}}"
719459,23372,017,Pidgeotto,base,"[""low"",""trend"",""avg1"",""avg7"",""avg30""]","[""low"",""trend"",""avg1"",""avg7"",""avg30""]",EXACT,AMBIGUOUS,False,,"[25196,25197]","[""normal"",""reverse_holo""]",multiple,multiple_physical_finish_candidates_without_family_specific_evidence,LOW,"Source fact: Price Guide exposes base columns ['low', 'trend', 'avg1', 'avg7', 'avg30']; source fact: canonical scope exposes compatible finishes ['normal', 'reverse_holo']. Inference withheld: no Cardmarket source field identifies this metric family with one finish.","{""canonical_source"":{""canonical_card_id"":23372,""canonical_number"":""017"",""status"":""EXACT""},""cardmarket_source"":{""idMetacard"":421096,""idProduct"":719459,""name"":""Pidgeotto [Flap]""},""inference"":{""base_to_finish"":""not inferred"",""foil_to_finish"":""not inferred""},""physical_candidates"":[{""art_kind"":""unknown"",""card_id"":25196,""finish"":""normal"",""rarity"":""Common""},{""art_kind"":""unknown"",""card_id"":25197,""finish"":""reverse_holo"",""rarity"":""Common""}],""source_fields_audited"":{""all_expected_columns_present"":true,""base_columns"":[""low"",""trend"",""avg1"",""avg7"",""avg30""],""foil_columns"":[""low-holo"",""trend-holo"",""avg1-holo"",""avg7-holo"",""avg30-holo""],""observed_metric_columns"":[""avg1"",""avg1-holo"",""avg30"",""avg30-holo"",""avg7"",""avg7-holo"",""low"",""low-holo"",""trend"",""trend-holo""],""unexpected_metric_columns"":[""avg"",""avg-holo""]},""source_files"":{""discovery_mapping_sha256"":""81b5c2edaebda0de843c7f6b13a9710e731d48fe3717881219ea5196d7e0335d"",""prices_path"":""/Users/facundogalmarini/Desktop/price_guide_6 (1).json"",""prices_sha256"":""86282c2015adc332db82ce65d162f6cc44dc0bb3208b8bfedd952268ffafa145"",""products_path"":""/Users/facundogalmarini/Desktop/products_singles_6 (1).json"",""products_sha256"":""318cdf83b38813443530bb4d14f770ed0c1225be9ad87ddebbbee00b097613b5""}}"
719459,23372,017,Pidgeotto,foil,"[""low-holo"",""trend-holo"",""avg1-holo"",""avg7-holo"",""avg30-holo""]","[""low-holo"",""trend-holo"",""avg1-holo"",""avg7-holo"",""avg30-holo""]",EXACT,AMBIGUOUS,False,,"[25196,25197]","[""normal"",""reverse_holo""]",multiple,multiple_physical_finish_candidates_without_family_specific_evidence,LOW,"Source fact: Price Guide exposes foil columns ['low-holo', 'trend-holo', 'avg1-holo', 'avg7-holo', 'avg30-holo']; source fact: canonical scope exposes compatible finishes ['normal', 'reverse_holo']. Inference withheld: no Cardmarket source field identifies this metric family with one finish.","{""canonical_source"":{""canonical_card_id"":23372,""canonical_number"":""017"",""status"":""EXACT""},""cardmarket_source"":{""idMetacard"":421096,""idProduct"":719459,""name"":""Pidgeotto [Flap]""},""inference"":{""base_to_finish"":""not inferred"",""foil_to_finish"":""not inferred""},""physical_candidates"":[{""art_kind"":""unknown"",""card_id"":25196,""finish"":""normal"",""rarity"":""Common""},{""art_kind"":""unknown"",""card_id"":25197,""finish"":""reverse_holo"",""rarity"":""Common""}],""source_fields_audited"":{""all_expected_columns_present"":true,""base_columns"":[""low"",""trend"",""avg1"",""avg7"",""avg30""],""foil_columns"":[""low-holo"",""trend-holo"",""avg1-holo"",""avg7-holo"",""avg30-holo""],""observed_metric_columns"":[""avg1"",""avg1-holo"",""avg30"",""avg30-holo"",""avg7"",""avg7-holo"",""low"",""low-holo"",""trend"",""trend-holo""],""unexpected_metric_columns"":[""avg"",""avg-holo""]},""source_files"":{""discovery_mapping_sha256"":""81b5c2edaebda0de843c7f6b13a9710e731d48fe3717881219ea5196d7e0335d"",""prices_path"":""/Users/facundogalmarini/Desktop/price_guide_6 (1).json"",""prices_sha256"":""86282c2015adc332db82ce65d162f6cc44dc0bb3208b8bfedd952268ffafa145"",""products_path"":""/Users/facundogalmarini/Desktop/products_singles_6 (1).json"",""products_sha256"":""318cdf83b38813443530bb4d14f770ed0c1225be9ad87ddebbbee00b097613b5""}}"
719460,23373,018,Pidgeot,base,"[""low"",""trend"",""avg1"",""avg7"",""avg30""]","[""low"",""trend"",""avg1"",""avg7"",""avg30""]",EXACT,AMBIGUOUS,False,,"[25198,25199]","[""normal"",""reverse_holo""]",multiple,multiple_physical_finish_candidates_without_family_specific_evidence,LOW,"Source fact: Price Guide exposes base columns ['low', 'trend', 'avg1', 'avg7', 'avg30']; source fact: canonical scope exposes compatible finishes ['normal', 'reverse_holo']. Inference withheld: no Cardmarket source field identifies this metric family with one finish.","{""canonical_source"":{""canonical_card_id"":23373,""canonical_number"":""018"",""status"":""EXACT""},""cardmarket_source"":{""idMetacard"":421097,""idProduct"":719460,""name"":""Pidgeot [Flap | Fly]""},""inference"":{""base_to_finish"":""not inferred"",""foil_to_finish"":""not inferred""},""physical_candidates"":[{""art_kind"":""unknown"",""card_id"":25198,""finish"":""normal"",""rarity"":""Uncommon""},{""art_kind"":""unknown"",""card_id"":25199,""finish"":""reverse_holo"",""rarity"":""Uncommon""}],""source_fields_audited"":{""all_expected_columns_present"":true,""base_columns"":[""low"",""trend"",""avg1"",""avg7"",""avg30""],""foil_columns"":[""low-holo"",""trend-holo"",""avg1-holo"",""avg7-holo"",""avg30-holo""],""observed_metric_columns"":[""avg1"",""avg1-holo"",""avg30"",""avg30-holo"",""avg7"",""avg7-holo"",""low"",""low-holo"",""trend"",""trend-holo""],""unexpected_metric_columns"":[""avg"",""avg-holo""]},""source_files"":{""discovery_mapping_sha256"":""81b5c2edaebda0de843c7f6b13a9710e731d48fe3717881219ea5196d7e0335d"",""prices_path"":""/Users/facundogalmarini/Desktop/price_guide_6 (1).json"",""prices_sha256"":""86282c2015adc332db82ce65d162f6cc44dc0bb3208b8bfedd952268ffafa145"",""products_path"":""/Users/facundogalmarini/Desktop/products_singles_6 (1).json"",""products_sha256"":""318cdf83b38813443530bb4d14f770ed0c1225be9ad87ddebbbee00b097613b5""}}"
719460,23373,018,Pidgeot,foil,"[""low-holo"",""trend-holo"",""avg1-holo"",""avg7-holo"",""avg30-holo""]","[""low-holo"",""trend-holo"",""avg1-holo"",""avg7-holo"",""avg30-holo""]",EXACT,AMBIGUOUS,False,,"[25198,25199]","[""normal"",""reverse_holo""]",multiple,multiple_physical_finish_candidates_without_family_specific_evidence,LOW,"Source fact: Price Guide exposes foil columns ['low-holo', 'trend-holo', 'avg1-holo', 'avg7-holo', 'avg30-holo']; source fact: canonical scope exposes compatible finishes ['normal', 'reverse_holo']. Inference withheld: no Cardmarket source field identifies this metric family with one finish.","{""canonical_source"":{""canonical_card_id"":23373,""canonical_number"":""018"",""status"":""EXACT""},""cardmarket_source"":{""idMetacard"":421097,""idProduct"":719460,""name"":""Pidgeot [Flap | Fly]""},""inference"":{""base_to_finish"":""not inferred"",""foil_to_finish"":""not inferred""},""physical_candidates"":[{""art_kind"":""unknown"",""card_id"":25198,""finish"":""normal"",""rarity"":""Uncommon""},{""art_kind"":""unknown"",""card_id"":25199,""finish"":""reverse_holo"",""rarity"":""Uncommon""}],""source_fields_audited"":{""all_expected_columns_present"":true,""base_columns"":[""low"",""trend"",""avg1"",""avg7"",""avg30""],""foil_columns"":[""low-holo"",""trend-holo"",""avg1-holo"",""avg7-holo"",""avg30-holo""],""observed_metric_columns"":[""avg1"",""avg1-holo"",""avg30"",""avg30-holo"",""avg7"",""avg7-holo"",""low"",""low-holo"",""trend"",""trend-holo""],""unexpected_metric_columns"":[""avg"",""avg-holo""]},""source_files"":{""discovery_mapping_sha256"":""81b5c2edaebda0de843c7f6b13a9710e731d48fe3717881219ea5196d7e0335d"",""prices_path"":""/Users/facundogalmarini/Desktop/price_guide_6 (1).json"",""prices_sha256"":""86282c2015adc332db82ce65d162f6cc44dc0bb3208b8bfedd952268ffafa145"",""products_path"":""/Users/facundogalmarini/Desktop/products_singles_6 (1).json"",""products_sha256"":""318cdf83b38813443530bb4d14f770ed0c1225be9ad87ddebbbee00b097613b5""}}"
719461,23374,019,Rattata,base,"[""low"",""trend"",""avg1"",""avg7"",""avg30""]","[""low"",""trend"",""avg1"",""avg7"",""avg30""]",EXACT,AMBIGUOUS,False,,"[25200,25201]","[""normal"",""reverse_holo""]",multiple,multiple_physical_finish_candidates_without_family_specific_evidence,LOW,"Source fact: Price Guide exposes base columns ['low', 'trend', 'avg1', 'avg7', 'avg30']; source fact: canonical scope exposes compatible finishes ['normal', 'reverse_holo']. Inference withheld: no Cardmarket source field identifies this metric family with one finish.","{""canonical_source"":{""canonical_card_id"":23374,""canonical_number"":""019"",""status"":""EXACT""},""cardmarket_source"":{""idMetacard"":421098,""idProduct"":719461,""name"":""Rattata [Gnaw the Wound]""},""inference"":{""base_to_finish"":""not inferred"",""foil_to_finish"":""not inferred""},""physical_candidates"":[{""art_kind"":""unknown"",""card_id"":25200,""finish"":""normal"",""rarity"":""Common""},{""art_kind"":""unknown"",""card_id"":25201,""finish"":""reverse_holo"",""rarity"":""Common""}],""source_fields_audited"":{""all_expected_columns_present"":true,""base_columns"":[""low"",""trend"",""avg1"",""avg7"",""avg30""],""foil_columns"":[""low-holo"",""trend-holo"",""avg1-holo"",""avg7-holo"",""avg30-holo""],""observed_metric_columns"":[""avg1"",""avg1-holo"",""avg30"",""avg30-holo"",""avg7"",""avg7-holo"",""low"",""low-holo"",""trend"",""trend-holo""],""unexpected_metric_columns"":[""avg"",""avg-holo""]},""source_files"":{""discovery_mapping_sha256"":""81b5c2edaebda0de843c7f6b13a9710e731d48fe3717881219ea5196d7e0335d"",""prices_path"":""/Users/facundogalmarini/Desktop/price_guide_6 (1).json"",""prices_sha256"":""86282c2015adc332db82ce65d162f6cc44dc0bb3208b8bfedd952268ffafa145"",""products_path"":""/Users/facundogalmarini/Desktop/products_singles_6 (1).json"",""products_sha256"":""318cdf83b38813443530bb4d14f770ed0c1225be9ad87ddebbbee00b097613b5""}}"
719461,23374,019,Rattata,foil,"[""low-holo"",""trend-holo"",""avg1-holo"",""avg7-holo"",""avg30-holo""]","[""low-holo"",""trend-holo"",""avg1-holo"",""avg7-holo"",""avg30-holo""]",EXACT,AMBIGUOUS,False,,"[25200,25201]","[""normal"",""reverse_holo""]",multiple,multiple_physical_finish_candidates_without_family_specific_evidence,LOW,"Source fact: Price Guide exposes foil columns ['low-holo', 'trend-holo', 'avg1-holo', 'avg7-holo', 'avg30-holo']; source fact: canonical scope exposes compatible finishes ['normal', 'reverse_holo']. Inference withheld: no Cardmarket source field identifies this metric family with one finish.","{""canonical_source"":{""canonical_card_id"":23374,""canonical_number"":""019"",""status"":""EXACT""},""cardmarket_source"":{""idMetacard"":421098,""idProduct"":719461,""name"":""Rattata [Gnaw the Wound]""},""inference"":{""base_to_finish"":""not inferred"",""foil_to_finish"":""not inferred""},""physical_candidates"":[{""art_kind"":""unknown"",""card_id"":25200,""finish"":""normal"",""rarity"":""Common""},{""art_kind"":""unknown"",""card_id"":25201,""finish"":""reverse_holo"",""rarity"":""Common""}],""source_fields_audited"":{""all_expected_columns_present"":true,""base_columns"":[""low"",""trend"",""avg1"",""avg7"",""avg30""],""foil_columns"":[""low-holo"",""trend-holo"",""avg1-holo"",""avg7-holo"",""avg30-holo""],""observed_metric_columns"":[""avg1"",""avg1-holo"",""avg30"",""avg30-holo"",""avg7"",""avg7-holo"",""low"",""low-holo"",""trend"",""trend-holo""],""unexpected_metric_columns"":[""avg"",""avg-holo""]},""source_files"":{""discovery_mapping_sha256"":""81b5c2edaebda0de843c7f6b13a9710e731d48fe3717881219ea5196d7e0335d"",""prices_path"":""/Users/facundogalmarini/Desktop/price_guide_6 (1).json"",""prices_sha256"":""86282c2015adc332db82ce65d162f6cc44dc0bb3208b8bfedd952268ffafa145"",""products_path"":""/Users/facundogalmarini/Desktop/products_singles_6 (1).json"",""products_sha256"":""318cdf83b38813443530bb4d14f770ed0c1225be9ad87ddebbbee00b097613b5""}}"
719462,23375,020,Raticate,base,"[""low"",""trend"",""avg1"",""avg7"",""avg30""]","[""low"",""trend"",""avg1"",""avg7"",""avg30""]",EXACT,AMBIGUOUS,False,,"[25202,25203]","[""normal"",""reverse_holo""]",multiple,multiple_physical_finish_candidates_without_family_specific_evidence,LOW,"Source fact: Price Guide exposes base columns ['low', 'trend', 'avg1', 'avg7', 'avg30']; source fact: canonical scope exposes compatible finishes ['normal', 'reverse_holo']. Inference withheld: no Cardmarket source field identifies this metric family with one finish.","{""canonical_source"":{""canonical_card_id"":23375,""canonical_number"":""020"",""status"":""EXACT""},""cardmarket_source"":{""idMetacard"":421099,""idProduct"":719462,""name"":""Raticate [Second Bite]""},""inference"":{""base_to_finish"":""not inferred"",""foil_to_finish"":""not inferred""},""physical_candidates"":[{""art_kind"":""unknown"",""card_id"":25202,""finish"":""normal"",""rarity"":""Uncommon""},{""art_kind"":""unknown"",""card_id"":25203,""finish"":""reverse_holo"",""rarity"":""Uncommon""}],""source_fields_audited"":{""all_expected_columns_present"":true,""base_columns"":[""low"",""trend"",""avg1"",""avg7"",""avg30""],""foil_columns"":[""low-holo"",""trend-holo"",""avg1-holo"",""avg7-holo"",""avg30-holo""],""observed_metric_columns"":[""avg1"",""avg1-holo"",""avg30"",""avg30-holo"",""avg7"",""avg7-holo"",""low"",""low-holo"",""trend"",""trend-holo""],""unexpected_metric_columns"":[""avg"",""avg-holo""]},""source_files"":{""discovery_mapping_sha256"":""81b5c2edaebda0de843c7f6b13a9710e731d48fe3717881219ea5196d7e0335d"",""prices_path"":""/Users/facundogalmarini/Desktop/price_guide_6 (1).json"",""prices_sha256"":""86282c2015adc332db82ce65d162f6cc44dc0bb3208b8bfedd952268ffafa145"",""products_path"":""/Users/facundogalmarini/Desktop/products_singles_6 (1).json"",""products_sha256"":""318cdf83b38813443530bb4d14f770ed0c1225be9ad87ddebbbee00b097613b5""}}"
719462,23375,020,Raticate,foil,"[""low-holo"",""trend-holo"",""avg1-holo"",""avg7-holo"",""avg30-holo""]","[""low-holo"",""trend-holo"",""avg1-holo"",""avg7-holo"",""avg30-holo""]",EXACT,AMBIGUOUS,False,,"[25202,25203]","[""normal"",""reverse_holo""]",multiple,multiple_physical_finish_candidates_without_family_specific_evidence,LOW,"Source fact: Price Guide exposes foil columns ['low-holo', 'trend-holo', 'avg1-holo', 'avg7-holo', 'avg30-holo']; source fact: canonical scope exposes compatible finishes ['normal', 'reverse_holo']. Inference withheld: no Cardmarket source field identifies this metric family with one finish.","{""canonical_source"":{""canonical_card_id"":23375,""canonical_number"":""020"",""status"":""EXACT""},""cardmarket_source"":{""idMetacard"":421099,""idProduct"":719462,""name"":""Raticate [Second Bite]""},""inference"":{""base_to_finish"":""not inferred"",""foil_to_finish"":""not inferred""},""physical_candidates"":[{""art_kind"":""unknown"",""card_id"":25202,""finish"":""normal"",""rarity"":""Uncommon""},{""art_kind"":""unknown"",""card_id"":25203,""finish"":""reverse_holo"",""rarity"":""Uncommon""}],""source_fields_audited"":{""all_expected_columns_present"":true,""base_columns"":[""low"",""trend"",""avg1"",""avg7"",""avg30""],""foil_columns"":[""low-holo"",""trend-holo"",""avg1-holo"",""avg7-holo"",""avg30-holo""],""observed_metric_columns"":[""avg1"",""avg1-holo"",""avg30"",""avg30-holo"",""avg7"",""avg7-holo"",""low"",""low-holo"",""trend"",""trend-holo""],""unexpected_metric_columns"":[""avg"",""avg-holo""]},""source_files"":{""discovery_mapping_sha256"":""81b5c2edaebda0de843c7f6b13a9710e731d48fe3717881219ea5196d7e0335d"",""prices_path"":""/Users/facundogalmarini/Desktop/price_guide_6 (1).json"",""prices_sha256"":""86282c2015adc332db82ce65d162f6cc44dc0bb3208b8bfedd952268ffafa145"",""products_path"":""/Users/facundogalmarini/Desktop/products_singles_6 (1).json"",""products_sha256"":""318cdf83b38813443530bb4d14f770ed0c1225be9ad87ddebbbee00b097613b5""}}"
719463,23376,021,Spearow,base,"[""low"",""trend"",""avg1"",""avg7"",""avg30""]","[""low"",""trend"",""avg1"",""avg7"",""avg30""]",EXACT,AMBIGUOUS,False,,"[25204,25205]","[""normal"",""reverse_holo""]",multiple,multiple_physical_finish_candidates_without_family_specific_evidence,LOW,"Source fact: Price Guide exposes base columns ['low', 'trend', 'avg1', 'avg7', 'avg30']; source fact: canonical scope exposes compatible finishes ['normal', 'reverse_holo']. Inference withheld: no Cardmarket source field identifies this metric family with one finish.","{""canonical_source"":{""canonical_card_id"":23376,""canonical_number"":""021"",""status"":""EXACT""},""cardmarket_source"":{""idMetacard"":421100,""idProduct"":719463,""name"":""Spearow [Evolutionary Advantage | Speed Dive]""},""inference"":{""base_to_finish"":""not inferred"",""foil_to_finish"":""not inferred""},""physical_candidates"":[{""art_kind"":""unknown"",""card_id"":25204,""finish"":""normal"",""rarity"":""Common""},{""art_kind"":""unknown"",""card_id"":25205,""finish"":""reverse_holo"",""rarity"":""Common""}],""source_fields_audited"":{""all_expected_columns_present"":true,""base_columns"":[""low"",""trend"",""avg1"",""avg7"",""avg30""],""foil_columns"":[""low-holo"",""trend-holo"",""avg1-holo"",""avg7-holo"",""avg30-holo""],""observed_metric_columns"":[""avg1"",""avg1-holo"",""avg30"",""avg30-holo"",""avg7"",""avg7-holo"",""low"",""low-holo"",""trend"",""trend-holo""],""unexpected_metric_columns"":[""avg"",""avg-holo""]},""source_files"":{""discovery_mapping_sha256"":""81b5c2edaebda0de843c7f6b13a9710e731d48fe3717881219ea5196d7e0335d"",""prices_path"":""/Users/facundogalmarini/Desktop/price_guide_6 (1).json"",""prices_sha256"":""86282c2015adc332db82ce65d162f6cc44dc0bb3208b8bfedd952268ffafa145"",""products_path"":""/Users/facundogalmarini/Desktop/products_singles_6 (1).json"",""products_sha256"":""318cdf83b38813443530bb4d14f770ed0c1225be9ad87ddebbbee00b097613b5""}}"
719463,23376,021,Spearow,foil,"[""low-holo"",""trend-holo"",""avg1-holo"",""avg7-holo"",""avg30-holo""]","[""low-holo"",""trend-holo"",""avg1-holo"",""avg7-holo"",""avg30-holo""]",EXACT,AMBIGUOUS,False,,"[25204,25205]","[""normal"",""reverse_holo""]",multiple,multiple_physical_finish_candidates_without_family_specific_evidence,LOW,"Source fact: Price Guide exposes foil columns ['low-holo', 'trend-holo', 'avg1-holo', 'avg7-holo', 'avg30-holo']; source fact: canonical scope exposes compatible finishes ['normal', 'reverse_holo']. Inference withheld: no Cardmarket source field identifies this metric family with one finish.","{""canonical_source"":{""canonical_card_id"":23376,""canonical_number"":""021"",""status"":""EXACT""},""cardmarket_source"":{""idMetacard"":421100,""idProduct"":719463,""name"":""Spearow [Evolutionary Advantage | Speed Dive]""},""inference"":{""base_to_finish"":""not inferred"",""foil_to_finish"":""not inferred""},""physical_candidates"":[{""art_kind"":""unknown"",""card_id"":25204,""finish"":""normal"",""rarity"":""Common""},{""art_kind"":""unknown"",""card_id"":25205,""finish"":""reverse_holo"",""rarity"":""Common""}],""source_fields_audited"":{""all_expected_columns_present"":true,""base_columns"":[""low"",""trend"",""avg1"",""avg7"",""avg30""],""foil_columns"":[""low-holo"",""trend-holo"",""avg1-holo"",""avg7-holo"",""avg30-holo""],""observed_metric_columns"":[""avg1"",""avg1-holo"",""avg30"",""avg30-holo"",""avg7"",""avg7-holo"",""low"",""low-holo"",""trend"",""trend-holo""],""unexpected_metric_columns"":[""avg"",""avg-holo""]},""source_files"":{""discovery_mapping_sha256"":""81b5c2edaebda0de843c7f6b13a9710e731d48fe3717881219ea5196d7e0335d"",""prices_path"":""/Users/facundogalmarini/Desktop/price_guide_6 (1).json"",""prices_sha256"":""86282c2015adc332db82ce65d162f6cc44dc0bb3208b8bfedd952268ffafa145"",""products_path"":""/Users/facundogalmarini/Desktop/products_singles_6 (1).json"",""products_sha256"":""318cdf83b38813443530bb4d14f770ed0c1225be9ad87ddebbbee00b097613b5""}}"
719464,23377,022,Fearow,base,"[""low"",""trend"",""avg1"",""avg7"",""avg30""]","[""low"",""trend"",""avg1"",""avg7"",""avg30""]",EXACT,AMBIGUOUS,False,,"[25206,25207]","[""normal"",""reverse_holo""]",multiple,multiple_physical_finish_candidates_without_family_specific_evidence,LOW,"Source fact: Price Guide exposes base columns ['low', 'trend', 'avg1', 'avg7', 'avg30']; source fact: canonical scope exposes compatible finishes ['normal', 'reverse_holo']. Inference withheld: no Cardmarket source field identifies this metric family with one finish.","{""canonical_source"":{""canonical_card_id"":23377,""canonical_number"":""022"",""status"":""EXACT""},""cardmarket_source"":{""idMetacard"":421101,""idProduct"":719464,""name"":""Fearow [Beak Catch | Speed Dive]""},""inference"":{""base_to_finish"":""not inferred"",""foil_to_finish"":""not inferred""},""physical_candidates"":[{""art_kind"":""unknown"",""card_id"":25206,""finish"":""normal"",""rarity"":""Uncommon""},{""art_kind"":""unknown"",""card_id"":25207,""finish"":""reverse_holo"",""rarity"":""Uncommon""}],""source_fields_audited"":{""all_expected_columns_present"":true,""base_columns"":[""low"",""trend"",""avg1"",""avg7"",""avg30""],""foil_columns"":[""low-holo"",""trend-holo"",""avg1-holo"",""avg7-holo"",""avg30-holo""],""observed_metric_columns"":[""avg1"",""avg1-holo"",""avg30"",""avg30-holo"",""avg7"",""avg7-holo"",""low"",""low-holo"",""trend"",""trend-holo""],""unexpected_metric_columns"":[""avg"",""avg-holo""]},""source_files"":{""discovery_mapping_sha256"":""81b5c2edaebda0de843c7f6b13a9710e731d48fe3717881219ea5196d7e0335d"",""prices_path"":""/Users/facundogalmarini/Desktop/price_guide_6 (1).json"",""prices_sha256"":""86282c2015adc332db82ce65d162f6cc44dc0bb3208b8bfedd952268ffafa145"",""products_path"":""/Users/facundogalmarini/Desktop/products_singles_6 (1).json"",""products_sha256"":""318cdf83b38813443530bb4d14f770ed0c1225be9ad87ddebbbee00b097613b5""}}"
719464,23377,022,Fearow,foil,"[""low-holo"",""trend-holo"",""avg1-holo"",""avg7-holo"",""avg30-holo""]","[""low-holo"",""trend-holo"",""avg1-holo"",""avg7-holo"",""avg30-holo""]",EXACT,AMBIGUOUS,False,,"[25206,25207]","[""normal"",""reverse_holo""]",multiple,multiple_physical_finish_candidates_without_family_specific_evidence,LOW,"Source fact: Price Guide exposes foil columns ['low-holo', 'trend-holo', 'avg1-holo', 'avg7-holo', 'avg30-holo']; source fact: canonical scope exposes compatible finishes ['normal', 'reverse_holo']. Inference withheld: no Cardmarket source field identifies this metric family with one finish.","{""canonical_source"":{""canonical_card_id"":23377,""canonical_number"":""022"",""status"":""EXACT""},""cardmarket_source"":{""idMetacard"":421101,""idProduct"":719464,""name"":""Fearow [Beak Catch | Speed Dive]""},""inference"":{""base_to_finish"":""not inferred"",""foil_to_finish"":""not inferred""},""physical_candidates"":[{""art_kind"":""unknown"",""card_id"":25206,""finish"":""normal"",""rarity"":""Uncommon""},{""art_kind"":""unknown"",""card_id"":25207,""finish"":""reverse_holo"",""rarity"":""Uncommon""}],""source_fields_audited"":{""all_expected_columns_present"":true,""base_columns"":[""low"",""trend"",""avg1"",""avg7"",""avg30""],""foil_columns"":[""low-holo"",""trend-holo"",""avg1-holo"",""avg7-holo"",""avg30-holo""],""observed_metric_columns"":[""avg1"",""avg1-holo"",""avg30"",""avg30-holo"",""avg7"",""avg7-holo"",""low"",""low-holo"",""trend"",""trend-holo""],""unexpected_metric_columns"":[""avg"",""avg-holo""]},""source_files"":{""discovery_mapping_sha256"":""81b5c2edaebda0de843c7f6b13a9710e731d48fe3717881219ea5196d7e0335d"",""prices_path"":""/Users/facundogalmarini/Desktop/price_guide_6 (1).json"",""prices_sha256"":""86282c2015adc332db82ce65d162f6cc44dc0bb3208b8bfedd952268ffafa145"",""products_path"":""/Users/facundogalmarini/Desktop/products_singles_6 (1).json"",""products_sha256"":""318cdf83b38813443530bb4d14f770ed0c1225be9ad87ddebbbee00b097613b5""}}"
719465,23378,023,Ekans,base,"[""low"",""trend"",""avg1"",""avg7"",""avg30""]","[""low"",""trend"",""avg1"",""avg7"",""avg30""]",EXACT,AMBIGUOUS,False,,"[25208,25209]","[""normal"",""reverse_holo""]",multiple,multiple_physical_finish_candidates_without_family_specific_evidence,LOW,"Source fact: Price Guide exposes base columns ['low', 'trend', 'avg1', 'avg7', 'avg30']; source fact: canonical scope exposes compatible finishes ['normal', 'reverse_holo']. Inference withheld: no Cardmarket source field identifies this metric family with one finish.","{""canonical_source"":{""canonical_card_id"":23378,""canonical_number"":""023"",""status"":""EXACT""},""cardmarket_source"":{""idMetacard"":421102,""idProduct"":719465,""name"":""Ekans [Acid Spray]""},""inference"":{""base_to_finish"":""not inferred"",""foil_to_finish"":""not inferred""},""physical_candidates"":[{""art_kind"":""unknown"",""card_id"":25208,""finish"":""normal"",""rarity"":""Common""},{""art_kind"":""unknown"",""card_id"":25209,""finish"":""reverse_holo"",""rarity"":""Common""}],""source_fields_audited"":{""all_expected_columns_present"":true,""base_columns"":[""low"",""trend"",""avg1"",""avg7"",""avg30""],""foil_columns"":[""low-holo"",""trend-holo"",""avg1-holo"",""avg7-holo"",""avg30-holo""],""observed_metric_columns"":[""avg1"",""avg1-holo"",""avg30"",""avg30-holo"",""avg7"",""avg7-holo"",""low"",""low-holo"",""trend"",""trend-holo""],""unexpected_metric_columns"":[""avg"",""avg-holo""]},""source_files"":{""discovery_mapping_sha256"":""81b5c2edaebda0de843c7f6b13a9710e731d48fe3717881219ea5196d7e0335d"",""prices_path"":""/Users/facundogalmarini/Desktop/price_guide_6 (1).json"",""prices_sha256"":""86282c2015adc332db82ce65d162f6cc44dc0bb3208b8bfedd952268ffafa145"",""products_path"":""/Users/facundogalmarini/Desktop/products_singles_6 (1).json"",""products_sha256"":""318cdf83b38813443530bb4d14f770ed0c1225be9ad87ddebbbee00b097613b5""}}"
719465,23378,023,Ekans,foil,"[""low-holo"",""trend-holo"",""avg1-holo"",""avg7-holo"",""avg30-holo""]","[""low-holo"",""trend-holo"",""avg1-holo"",""avg7-holo"",""avg30-holo""]",EXACT,AMBIGUOUS,False,,"[25208,25209]","[""normal"",""reverse_holo""]",multiple,multiple_physical_finish_candidates_without_family_specific_evidence,LOW,"Source fact: Price Guide exposes foil columns ['low-holo', 'trend-holo', 'avg1-holo', 'avg7-holo', 'avg30-holo']; source fact: canonical scope exposes compatible finishes ['normal', 'reverse_holo']. Inference withheld: no Cardmarket source field identifies this metric family with one finish.","{""canonical_source"":{""canonical_card_id"":23378,""canonical_number"":""023"",""status"":""EXACT""},""cardmarket_source"":{""idMetacard"":421102,""idProduct"":719465,""name"":""Ekans [Acid Spray]""},""inference"":{""base_to_finish"":""not inferred"",""foil_to_finish"":""not inferred""},""physical_candidates"":[{""art_kind"":""unknown"",""card_id"":25208,""finish"":""normal"",""rarity"":""Common""},{""art_kind"":""unknown"",""card_id"":25209,""finish"":""reverse_holo"",""rarity"":""Common""}],""source_fields_audited"":{""all_expected_columns_present"":true,""base_columns"":[""low"",""trend"",""avg1"",""avg7"",""avg30""],""foil_columns"":[""low-holo"",""trend-holo"",""avg1-holo"",""avg7-holo"",""avg30-holo""],""observed_metric_columns"":[""avg1"",""avg1-holo"",""avg30"",""avg30-holo"",""avg7"",""avg7-holo"",""low"",""low-holo"",""trend"",""trend-holo""],""unexpected_metric_columns"":[""avg"",""avg-holo""]},""source_files"":{""discovery_mapping_sha256"":""81b5c2edaebda0de843c7f6b13a9710e731d48fe3717881219ea5196d7e0335d"",""prices_path"":""/Users/facundogalmarini/Desktop/price_guide_6 (1).json"",""prices_sha256"":""86282c2015adc332db82ce65d162f6cc44dc0bb3208b8bfedd952268ffafa145"",""products_path"":""/Users/facundogalmarini/Desktop/products_singles_6 (1).json"",""products_sha256"":""318cdf83b38813443530bb4d14f770ed0c1225be9ad87ddebbbee00b097613b5""}}"
719468,23381,026,Raichu,base,"[""low"",""trend"",""avg1"",""avg7"",""avg30""]","[""low"",""trend"",""avg1"",""avg7"",""avg30""]",EXACT,AMBIGUOUS,False,,"[25213,25214]","[""holo"",""reverse_holo""]",multiple,multiple_physical_finish_candidates_without_family_specific_evidence,LOW,"Source fact: Price Guide exposes base columns ['low', 'trend', 'avg1', 'avg7', 'avg30']; source fact: canonical scope exposes compatible finishes ['holo', 'reverse_holo']. Inference withheld: no Cardmarket source field identifies this metric family with one finish.","{""canonical_source"":{""canonical_card_id"":23381,""canonical_number"":""026"",""status"":""EXACT""},""cardmarket_source"":{""idMetacard"":421105,""idProduct"":719468,""name"":""Raichu [Electrical Grounding | Thunder]""},""inference"":{""base_to_finish"":""not inferred"",""foil_to_finish"":""not inferred""},""physical_candidates"":[{""art_kind"":""unknown"",""card_id"":25213,""finish"":""holo"",""rarity"":""Rare""},{""art_kind"":""unknown"",""card_id"":25214,""finish"":""reverse_holo"",""rarity"":""Rare""}],""source_fields_audited"":{""all_expected_columns_present"":true,""base_columns"":[""low"",""trend"",""avg1"",""avg7"",""avg30""],""foil_columns"":[""low-holo"",""trend-holo"",""avg1-holo"",""avg7-holo"",""avg30-holo""],""observed_metric_columns"":[""avg1"",""avg1-holo"",""avg30"",""avg30-holo"",""avg7"",""avg7-holo"",""low"",""low-holo"",""trend"",""trend-holo""],""unexpected_metric_columns"":[""avg"",""avg-holo""]},""source_files"":{""discovery_mapping_sha256"":""81b5c2edaebda0de843c7f6b13a9710e731d48fe3717881219ea5196d7e0335d"",""prices_path"":""/Users/facundogalmarini/Desktop/price_guide_6 (1).json"",""prices_sha256"":""86282c2015adc332db82ce65d162f6cc44dc0bb3208b8bfedd952268ffafa145"",""products_path"":""/Users/facundogalmarini/Desktop/products_singles_6 (1).json"",""products_sha256"":""318cdf83b38813443530bb4d14f770ed0c1225be9ad87ddebbbee00b097613b5""}}"
719468,23381,026,Raichu,foil,"[""low-holo"",""trend-holo"",""avg1-holo"",""avg7-holo"",""avg30-holo""]","[""low-holo"",""trend-holo"",""avg1-holo"",""avg7-holo"",""avg30-holo""]",EXACT,AMBIGUOUS,False,,"[25213,25214]","[""holo"",""reverse_holo""]",multiple,multiple_physical_finish_candidates_without_family_specific_evidence,LOW,"Source fact: Price Guide exposes foil columns ['low-holo', 'trend-holo', 'avg1-holo', 'avg7-holo', 'avg30-holo']; source fact: canonical scope exposes compatible finishes ['holo', 'reverse_holo']. Inference withheld: no Cardmarket source field identifies this metric family with one finish.","{""canonical_source"":{""canonical_card_id"":23381,""canonical_number"":""026"",""status"":""EXACT""},""cardmarket_source"":{""idMetacard"":421105,""idProduct"":719468,""name"":""Raichu [Electrical Grounding | Thunder]""},""inference"":{""base_to_finish"":""not inferred"",""foil_to_finish"":""not inferred""},""physical_candidates"":[{""art_kind"":""unknown"",""card_id"":25213,""finish"":""holo"",""rarity"":""Rare""},{""art_kind"":""unknown"",""card_id"":25214,""finish"":""reverse_holo"",""rarity"":""Rare""}],""source_fields_audited"":{""all_expected_columns_present"":true,""base_columns"":[""low"",""trend"",""avg1"",""avg7"",""avg30""],""foil_columns"":[""low-holo"",""trend-holo"",""avg1-holo"",""avg7-holo"",""avg30-holo""],""observed_metric_columns"":[""avg1"",""avg1-holo"",""avg30"",""avg30-holo"",""avg7"",""avg7-holo"",""low"",""low-holo"",""trend"",""trend-holo""],""unexpected_metric_columns"":[""avg"",""avg-holo""]},""source_files"":{""discovery_mapping_sha256"":""81b5c2edaebda0de843c7f6b13a9710e731d48fe3717881219ea5196d7e0335d"",""prices_path"":""/Users/facundogalmarini/Desktop/price_guide_6 (1).json"",""prices_sha256"":""86282c2015adc332db82ce65d162f6cc44dc0bb3208b8bfedd952268ffafa145"",""products_path"":""/Users/facundogalmarini/Desktop/products_singles_6 (1).json"",""products_sha256"":""318cdf83b38813443530bb4d14f770ed0c1225be9ad87ddebbbee00b097613b5""}}"
719469,23382,027,Sandshrew,base,"[""low"",""trend"",""avg1"",""avg7"",""avg30""]","[""low"",""trend"",""avg1"",""avg7"",""avg30""]",EXACT,AMBIGUOUS,False,,"[25215,25216]","[""normal"",""reverse_holo""]",multiple,multiple_physical_finish_candidates_without_family_specific_evidence,LOW,"Source fact: Price Guide exposes base columns ['low', 'trend', 'avg1', 'avg7', 'avg30']; source fact: canonical scope exposes compatible finishes ['normal', 'reverse_holo']. Inference withheld: no Cardmarket source field identifies this metric family with one finish.","{""canonical_source"":{""canonical_card_id"":23382,""canonical_number"":""027"",""status"":""EXACT""},""cardmarket_source"":{""idMetacard"":421106,""idProduct"":719469,""name"":""Sandshrew [Sand Screen | Scratch]""},""inference"":{""base_to_finish"":""not inferred"",""foil_to_finish"":""not inferred""},""physical_candidates"":[{""art_kind"":""unknown"",""card_id"":25215,""finish"":""normal"",""rarity"":""Common""},{""art_kind"":""unknown"",""card_id"":25216,""finish"":""reverse_holo"",""rarity"":""Common""}],""source_fields_audited"":{""all_expected_columns_present"":true,""base_columns"":[""low"",""trend"",""avg1"",""avg7"",""avg30""],""foil_columns"":[""low-holo"",""trend-holo"",""avg1-holo"",""avg7-holo"",""avg30-holo""],""observed_metric_columns"":[""avg1"",""avg1-holo"",""avg30"",""avg30-holo"",""avg7"",""avg7-holo"",""low"",""low-holo"",""trend"",""trend-holo""],""unexpected_metric_columns"":[""avg"",""avg-holo""]},""source_files"":{""discovery_mapping_sha256"":""81b5c2edaebda0de843c7f6b13a9710e731d48fe3717881219ea5196d7e0335d"",""prices_path"":""/Users/facundogalmarini/Desktop/price_guide_6 (1).json"",""prices_sha256"":""86282c2015adc332db82ce65d162f6cc44dc0bb3208b8bfedd952268ffafa145"",""products_path"":""/Users/facundogalmarini/Desktop/products_singles_6 (1).json"",""products_sha256"":""318cdf83b38813443530bb4d14f770ed0c1225be9ad87ddebbbee00b097613b5""}}"
719469,23382,027,Sandshrew,foil,"[""low-holo"",""trend-holo"",""avg1-holo"",""avg7-holo"",""avg30-holo""]","[""low-holo"",""trend-holo"",""avg1-holo"",""avg7-holo"",""avg30-holo""]",EXACT,AMBIGUOUS,False,,"[25215,25216]","[""normal"",""reverse_holo""]",multiple,multiple_physical_finish_candidates_without_family_specific_evidence,LOW,"Source fact: Price Guide exposes foil columns ['low-holo', 'trend-holo', 'avg1-holo', 'avg7-holo', 'avg30-holo']; source fact: canonical scope exposes compatible finishes ['normal', 'reverse_holo']. Inference withheld: no Cardmarket source field identifies this metric family with one finish.","{""canonical_source"":{""canonical_card_id"":23382,""canonical_number"":""027"",""status"":""EXACT""},""cardmarket_source"":{""idMetacard"":421106,""idProduct"":719469,""name"":""Sandshrew [Sand Screen | Scratch]""},""inference"":{""base_to_finish"":""not inferred"",""foil_to_finish"":""not inferred""},""physical_candidates"":[{""art_kind"":""unknown"",""card_id"":25215,""finish"":""normal"",""rarity"":""Common""},{""art_kind"":""unknown"",""card_id"":25216,""finish"":""reverse_holo"",""rarity"":""Common""}],""source_fields_audited"":{""all_expected_columns_present"":true,""base_columns"":[""low"",""trend"",""avg1"",""avg7"",""avg30""],""foil_columns"":[""low-holo"",""trend-holo"",""avg1-holo"",""avg7-holo"",""avg30-holo""],""observed_metric_columns"":[""avg1"",""avg1-holo"",""avg30"",""avg30-holo"",""avg7"",""avg7-holo"",""low"",""low-holo"",""trend"",""trend-holo""],""unexpected_metric_columns"":[""avg"",""avg-holo""]},""source_files"":{""discovery_mapping_sha256"":""81b5c2edaebda0de843c7f6b13a9710e731d48fe3717881219ea5196d7e0335d"",""prices_path"":""/Users/facundogalmarini/Desktop/price_guide_6 (1).json"",""prices_sha256"":""86282c2015adc332db82ce65d162f6cc44dc0bb3208b8bfedd952268ffafa145"",""products_path"":""/Users/facundogalmarini/Desktop/products_singles_6 (1).json"",""products_sha256"":""318cdf83b38813443530bb4d14f770ed0c1225be9ad87ddebbbee00b097613b5""}}"
719470,23383,028,Sandslash,base,"[""low"",""trend"",""avg1"",""avg7"",""avg30""]","[""low"",""trend"",""avg1"",""avg7"",""avg30""]",EXACT,AMBIGUOUS,False,,"[25217,25218]","[""normal"",""reverse_holo""]",multiple,multiple_physical_finish_candidates_without_family_specific_evidence,LOW,"Source fact: Price Guide exposes base columns ['low', 'trend', 'avg1', 'avg7', 'avg30']; source fact: canonical scope exposes compatible finishes ['normal', 'reverse_holo']. Inference withheld: no Cardmarket source field identifies this metric family with one finish.","{""canonical_source"":{""canonical_card_id"":23383,""canonical_number"":""028"",""status"":""EXACT""},""cardmarket_source"":{""idMetacard"":421107,""idProduct"":719470,""name"":""Sandslash [Rumble | Spike Rend]""},""inference"":{""base_to_finish"":""not inferred"",""foil_to_finish"":""not inferred""},""physical_candidates"":[{""art_kind"":""unknown"",""card_id"":25217,""finish"":""normal"",""rarity"":""Uncommon""},{""art_kind"":""unknown"",""card_id"":25218,""finish"":""reverse_holo"",""rarity"":""Uncommon""}],""source_fields_audited"":{""all_expected_columns_present"":true,""base_columns"":[""low"",""trend"",""avg1"",""avg7"",""avg30""],""foil_columns"":[""low-holo"",""trend-holo"",""avg1-holo"",""avg7-holo"",""avg30-holo""],""observed_metric_columns"":[""avg1"",""avg1-holo"",""avg30"",""avg30-holo"",""avg7"",""avg7-holo"",""low"",""low-holo"",""trend"",""trend-holo""],""unexpected_metric_columns"":[""avg"",""avg-holo""]},""source_files"":{""discovery_mapping_sha256"":""81b5c2edaebda0de843c7f6b13a9710e731d48fe3717881219ea5196d7e0335d"",""prices_path"":""/Users/facundogalmarini/Desktop/price_guide_6 (1).json"",""prices_sha256"":""86282c2015adc332db82ce65d162f6cc44dc0bb3208b8bfedd952268ffafa145"",""products_path"":""/Users/facundogalmarini/Desktop/products_singles_6 (1).json"",""products_sha256"":""318cdf83b38813443530bb4d14f770ed0c1225be9ad87ddebbbee00b097613b5""}}"
719470,23383,028,Sandslash,foil,"[""low-holo"",""trend-holo"",""avg1-holo"",""avg7-holo"",""avg30-holo""]","[""low-holo"",""trend-holo"",""avg1-holo"",""avg7-holo"",""avg30-holo""]",EXACT,AMBIGUOUS,False,,"[25217,25218]","[""normal"",""reverse_holo""]",multiple,multiple_physical_finish_candidates_without_family_specific_evidence,LOW,"Source fact: Price Guide exposes foil columns ['low-holo', 'trend-holo', 'avg1-holo', 'avg7-holo', 'avg30-holo']; source fact: canonical scope exposes compatible finishes ['normal', 'reverse_holo']. Inference withheld: no Cardmarket source field identifies this metric family with one finish.","{""canonical_source"":{""canonical_card_id"":23383,""canonical_number"":""028"",""status"":""EXACT""},""cardmarket_source"":{""idMetacard"":421107,""idProduct"":719470,""name"":""Sandslash [Rumble | Spike Rend]""},""inference"":{""base_to_finish"":""not inferred"",""foil_to_finish"":""not inferred""},""physical_candidates"":[{""art_kind"":""unknown"",""card_id"":25217,""finish"":""normal"",""rarity"":""Uncommon""},{""art_kind"":""unknown"",""card_id"":25218,""finish"":""reverse_holo"",""rarity"":""Uncommon""}],""source_fields_audited"":{""all_expected_columns_present"":true,""base_columns"":[""low"",""trend"",""avg1"",""avg7"",""avg30""],""foil_columns"":[""low-holo"",""trend-holo"",""avg1-holo"",""avg7-holo"",""avg30-holo""],""observed_metric_columns"":[""avg1"",""avg1-holo"",""avg30"",""avg30-holo"",""avg7"",""avg7-holo"",""low"",""low-holo"",""trend"",""trend-holo""],""unexpected_metric_columns"":[""avg"",""avg-holo""]},""source_files"":{""discovery_mapping_sha256"":""81b5c2edaebda0de843c7f6b13a9710e731d48fe3717881219ea5196d7e0335d"",""prices_path"":""/Users/facundogalmarini/Desktop/price_guide_6 (1).json"",""prices_sha256"":""86282c2015adc332db82ce65d162f6cc44dc0bb3208b8bfedd952268ffafa145"",""products_path"":""/Users/facundogalmarini/Desktop/products_singles_6 (1).json"",""products_sha256"":""318cdf83b38813443530bb4d14f770ed0c1225be9ad87ddebbbee00b097613b5""}}"
719471,23384,029,Nidoran♀,base,"[""low"",""trend"",""avg1"",""avg7"",""avg30""]","[""low"",""trend"",""avg1"",""avg7"",""avg30""]",EXACT,AMBIGUOUS,False,,"[25219,25220]","[""normal"",""reverse_holo""]",multiple,multiple_physical_finish_candidates_without_family_specific_evidence,LOW,"Source fact: Price Guide exposes base columns ['low', 'trend', 'avg1', 'avg7', 'avg30']; source fact: canonical scope exposes compatible finishes ['normal', 'reverse_holo']. Inference withheld: no Cardmarket source field identifies this metric family with one finish.","{""canonical_source"":{""canonical_card_id"":23384,""canonical_number"":""029"",""status"":""EXACT""},""cardmarket_source"":{""idMetacard"":421108,""idProduct"":719471,""name"":""Nidoran [F] [Poison Horn]""},""inference"":{""base_to_finish"":""not inferred"",""foil_to_finish"":""not inferred""},""physical_candidates"":[{""art_kind"":""unknown"",""card_id"":25219,""finish"":""normal"",""rarity"":""Common""},{""art_kind"":""unknown"",""card_id"":25220,""finish"":""reverse_holo"",""rarity"":""Common""}],""source_fields_audited"":{""all_expected_columns_present"":true,""base_columns"":[""low"",""trend"",""avg1"",""avg7"",""avg30""],""foil_columns"":[""low-holo"",""trend-holo"",""avg1-holo"",""avg7-holo"",""avg30-holo""],""observed_metric_columns"":[""avg1"",""avg1-holo"",""avg30"",""avg30-holo"",""avg7"",""avg7-holo"",""low"",""low-holo"",""trend"",""trend-holo""],""unexpected_metric_columns"":[""avg"",""avg-holo""]},""source_files"":{""discovery_mapping_sha256"":""81b5c2edaebda0de843c7f6b13a9710e731d48fe3717881219ea5196d7e0335d"",""prices_path"":""/Users/facundogalmarini/Desktop/price_guide_6 (1).json"",""prices_sha256"":""86282c2015adc332db82ce65d162f6cc44dc0bb3208b8bfedd952268ffafa145"",""products_path"":""/Users/facundogalmarini/Desktop/products_singles_6 (1).json"",""products_sha256"":""318cdf83b38813443530bb4d14f770ed0c1225be9ad87ddebbbee00b097613b5""}}"
719471,23384,029,Nidoran♀,foil,"[""low-holo"",""trend-holo"",""avg1-holo"",""avg7-holo"",""avg30-holo""]","[""low-holo"",""trend-holo"",""avg1-holo"",""avg7-holo"",""avg30-holo""]",EXACT,AMBIGUOUS,False,,"[25219,25220]","[""normal"",""reverse_holo""]",multiple,multiple_physical_finish_candidates_without_family_specific_evidence,LOW,"Source fact: Price Guide exposes foil columns ['low-holo', 'trend-holo', 'avg1-holo', 'avg7-holo', 'avg30-holo']; source fact: canonical scope exposes compatible finishes ['normal', 'reverse_holo']. Inference withheld: no Cardmarket source field identifies this metric family with one finish.","{""canonical_source"":{""canonical_card_id"":23384,""canonical_number"":""029"",""status"":""EXACT""},""cardmarket_source"":{""idMetacard"":421108,""idProduct"":719471,""name"":""Nidoran [F] [Poison Horn]""},""inference"":{""base_to_finish"":""not inferred"",""foil_to_finish"":""not inferred""},""physical_candidates"":[{""art_kind"":""unknown"",""card_id"":25219,""finish"":""normal"",""rarity"":""Common""},{""art_kind"":""unknown"",""card_id"":25220,""finish"":""reverse_holo"",""rarity"":""Common""}],""source_fields_audited"":{""all_expected_columns_present"":true,""base_columns"":[""low"",""trend"",""avg1"",""avg7"",""avg30""],""foil_columns"":[""low-holo"",""trend-holo"",""avg1-holo"",""avg7-holo"",""avg30-holo""],""observed_metric_columns"":[""avg1"",""avg1-holo"",""avg30"",""avg30-holo"",""avg7"",""avg7-holo"",""low"",""low-holo"",""trend"",""trend-holo""],""unexpected_metric_columns"":[""avg"",""avg-holo""]},""source_files"":{""discovery_mapping_sha256"":""81b5c2edaebda0de843c7f6b13a9710e731d48fe3717881219ea5196d7e0335d"",""prices_path"":""/Users/facundogalmarini/Desktop/price_guide_6 (1).json"",""prices_sha256"":""86282c2015adc332db82ce65d162f6cc44dc0bb3208b8bfedd952268ffafa145"",""products_path"":""/Users/facundogalmarini/Desktop/products_singles_6 (1).json"",""products_sha256"":""318cdf83b38813443530bb4d14f770ed0c1225be9ad87ddebbbee00b097613b5""}}"
719472,23385,030,Nidorina,base,"[""low"",""trend"",""avg1"",""avg7"",""avg30""]","[""low"",""trend"",""avg1"",""avg7"",""avg30""]",EXACT,AMBIGUOUS,False,,"[25221,25222]","[""normal"",""reverse_holo""]",multiple,multiple_physical_finish_candidates_without_family_specific_evidence,LOW,"Source fact: Price Guide exposes base columns ['low', 'trend', 'avg1', 'avg7', 'avg30']; source fact: canonical scope exposes compatible finishes ['normal', 'reverse_holo']. Inference withheld: no Cardmarket source field identifies this metric family with one finish.","{""canonical_source"":{""canonical_card_id"":23385,""canonical_number"":""030"",""status"":""EXACT""},""cardmarket_source"":{""idMetacard"":421109,""idProduct"":719472,""name"":""Nidorina [Fetch Family | Sharp Fang]""},""inference"":{""base_to_finish"":""not inferred"",""foil_to_finish"":""not inferred""},""physical_candidates"":[{""art_kind"":""unknown"",""card_id"":25221,""finish"":""normal"",""rarity"":""Uncommon""},{""art_kind"":""unknown"",""card_id"":25222,""finish"":""reverse_holo"",""rarity"":""Uncommon""}],""source_fields_audited"":{""all_expected_columns_present"":true,""base_columns"":[""low"",""trend"",""avg1"",""avg7"",""avg30""],""foil_columns"":[""low-holo"",""trend-holo"",""avg1-holo"",""avg7-holo"",""avg30-holo""],""observed_metric_columns"":[""avg1"",""avg1-holo"",""avg30"",""avg30-holo"",""avg7"",""avg7-holo"",""low"",""low-holo"",""trend"",""trend-holo""],""unexpected_metric_columns"":[""avg"",""avg-holo""]},""source_files"":{""discovery_mapping_sha256"":""81b5c2edaebda0de843c7f6b13a9710e731d48fe3717881219ea5196d7e0335d"",""prices_path"":""/Users/facundogalmarini/Desktop/price_guide_6 (1).json"",""prices_sha256"":""86282c2015adc332db82ce65d162f6cc44dc0bb3208b8bfedd952268ffafa145"",""products_path"":""/Users/facundogalmarini/Desktop/products_singles_6 (1).json"",""products_sha256"":""318cdf83b38813443530bb4d14f770ed0c1225be9ad87ddebbbee00b097613b5""}}"
719472,23385,030,Nidorina,foil,"[""low-holo"",""trend-holo"",""avg1-holo"",""avg7-holo"",""avg30-holo""]","[""low-holo"",""trend-holo"",""avg1-holo"",""avg7-holo"",""avg30-holo""]",EXACT,AMBIGUOUS,False,,"[25221,25222]","[""normal"",""reverse_holo""]",multiple,multiple_physical_finish_candidates_without_family_specific_evidence,LOW,"Source fact: Price Guide exposes foil columns ['low-holo', 'trend-holo', 'avg1-holo', 'avg7-holo', 'avg30-holo']; source fact: canonical scope exposes compatible finishes ['normal', 'reverse_holo']. Inference withheld: no Cardmarket source field identifies this metric family with one finish.","{""canonical_source"":{""canonical_card_id"":23385,""canonical_number"":""030"",""status"":""EXACT""},""cardmarket_source"":{""idMetacard"":421109,""idProduct"":719472,""name"":""Nidorina [Fetch Family | Sharp Fang]""},""inference"":{""base_to_finish"":""not inferred"",""foil_to_finish"":""not inferred""},""physical_candidates"":[{""art_kind"":""unknown"",""card_id"":25221,""finish"":""normal"",""rarity"":""Uncommon""},{""art_kind"":""unknown"",""card_id"":25222,""finish"":""reverse_holo"",""rarity"":""Uncommon""}],""source_fields_audited"":{""all_expected_columns_present"":true,""base_columns"":[""low"",""trend"",""avg1"",""avg7"",""avg30""],""foil_columns"":[""low-holo"",""trend-holo"",""avg1-holo"",""avg7-holo"",""avg30-holo""],""observed_metric_columns"":[""avg1"",""avg1-holo"",""avg30"",""avg30-holo"",""avg7"",""avg7-holo"",""low"",""low-holo"",""trend"",""trend-holo""],""unexpected_metric_columns"":[""avg"",""avg-holo""]},""source_files"":{""discovery_mapping_sha256"":""81b5c2edaebda0de843c7f6b13a9710e731d48fe3717881219ea5196d7e0335d"",""prices_path"":""/Users/facundogalmarini/Desktop/price_guide_6 (1).json"",""prices_sha256"":""86282c2015adc332db82ce65d162f6cc44dc0bb3208b8bfedd952268ffafa145"",""products_path"":""/Users/facundogalmarini/Desktop/products_singles_6 (1).json"",""products_sha256"":""318cdf83b38813443530bb4d14f770ed0c1225be9ad87ddebbbee00b097613b5""}}"
719473,23386,031,Nidoqueen,base,"[""low"",""trend"",""avg1"",""avg7"",""avg30""]","[""low"",""trend"",""avg1"",""avg7"",""avg30""]",EXACT,AMBIGUOUS,False,,"[25223,25224]","[""normal"",""reverse_holo""]",multiple,multiple_physical_finish_candidates_without_family_specific_evidence,LOW,"Source fact: Price Guide exposes base columns ['low', 'trend', 'avg1', 'avg7', 'avg30']; source fact: canonical scope exposes compatible finishes ['normal', 'reverse_holo']. Inference withheld: no Cardmarket source field identifies this metric family with one finish.","{""canonical_source"":{""canonical_card_id"":23386,""canonical_number"":""031"",""status"":""EXACT""},""cardmarket_source"":{""idMetacard"":421110,""idProduct"":719473,""name"":""Nidoqueen [Queen Press | Lunge Out]""},""inference"":{""base_to_finish"":""not inferred"",""foil_to_finish"":""not inferred""},""physical_candidates"":[{""art_kind"":""unknown"",""card_id"":25223,""finish"":""normal"",""rarity"":""Uncommon""},{""art_kind"":""unknown"",""card_id"":25224,""finish"":""reverse_holo"",""rarity"":""Uncommon""}],""source_fields_audited"":{""all_expected_columns_present"":true,""base_columns"":[""low"",""trend"",""avg1"",""avg7"",""avg30""],""foil_columns"":[""low-holo"",""trend-holo"",""avg1-holo"",""avg7-holo"",""avg30-holo""],""observed_metric_columns"":[""avg1"",""avg1-holo"",""avg30"",""avg30-holo"",""avg7"",""avg7-holo"",""low"",""low-holo"",""trend"",""trend-holo""],""unexpected_metric_columns"":[""avg"",""avg-holo""]},""source_files"":{""discovery_mapping_sha256"":""81b5c2edaebda0de843c7f6b13a9710e731d48fe3717881219ea5196d7e0335d"",""prices_path"":""/Users/facundogalmarini/Desktop/price_guide_6 (1).json"",""prices_sha256"":""86282c2015adc332db82ce65d162f6cc44dc0bb3208b8bfedd952268ffafa145"",""products_path"":""/Users/facundogalmarini/Desktop/products_singles_6 (1).json"",""products_sha256"":""318cdf83b38813443530bb4d14f770ed0c1225be9ad87ddebbbee00b097613b5""}}"
719473,23386,031,Nidoqueen,foil,"[""low-holo"",""trend-holo"",""avg1-holo"",""avg7-holo"",""avg30-holo""]","[""low-holo"",""trend-holo"",""avg1-holo"",""avg7-holo"",""avg30-holo""]",EXACT,AMBIGUOUS,False,,"[25223,25224]","[""normal"",""reverse_holo""]",multiple,multiple_physical_finish_candidates_without_family_specific_evidence,LOW,"Source fact: Price Guide exposes foil columns ['low-holo', 'trend-holo', 'avg1-holo', 'avg7-holo', 'avg30-holo']; source fact: canonical scope exposes compatible finishes ['normal', 'reverse_holo']. Inference withheld: no Cardmarket source field identifies this metric family with one finish.","{""canonical_source"":{""canonical_card_id"":23386,""canonical_number"":""031"",""status"":""EXACT""},""cardmarket_source"":{""idMetacard"":421110,""idProduct"":719473,""name"":""Nidoqueen [Queen Press | Lunge Out]""},""inference"":{""base_to_finish"":""not inferred"",""foil_to_finish"":""not inferred""},""physical_candidates"":[{""art_kind"":""unknown"",""card_id"":25223,""finish"":""normal"",""rarity"":""Uncommon""},{""art_kind"":""unknown"",""card_id"":25224,""finish"":""reverse_holo"",""rarity"":""Uncommon""}],""source_fields_audited"":{""all_expected_columns_present"":true,""base_columns"":[""low"",""trend"",""avg1"",""avg7"",""avg30""],""foil_columns"":[""low-holo"",""trend-holo"",""avg1-holo"",""avg7-holo"",""avg30-holo""],""observed_metric_columns"":[""avg1"",""avg1-holo"",""avg30"",""avg30-holo"",""avg7"",""avg7-holo"",""low"",""low-holo"",""trend"",""trend-holo""],""unexpected_metric_columns"":[""avg"",""avg-holo""]},""source_files"":{""discovery_mapping_sha256"":""81b5c2edaebda0de843c7f6b13a9710e731d48fe3717881219ea5196d7e0335d"",""prices_path"":""/Users/facundogalmarini/Desktop/price_guide_6 (1).json"",""prices_sha256"":""86282c2015adc332db82ce65d162f6cc44dc0bb3208b8bfedd952268ffafa145"",""products_path"":""/Users/facundogalmarini/Desktop/products_singles_6 (1).json"",""products_sha256"":""318cdf83b38813443530bb4d14f770ed0c1225be9ad87ddebbbee00b097613b5""}}"
719474,23387,032,Nidoran♂,base,"[""low"",""trend"",""avg1"",""avg7"",""avg30""]","[""low"",""trend"",""avg1"",""avg7"",""avg30""]",EXACT,AMBIGUOUS,False,,"[25225,25226]","[""normal"",""reverse_holo""]",multiple,multiple_physical_finish_candidates_without_family_specific_evidence,LOW,"Source fact: Price Guide exposes base columns ['low', 'trend', 'avg1', 'avg7', 'avg30']; source fact: canonical scope exposes compatible finishes ['normal', 'reverse_holo']. Inference withheld: no Cardmarket source field identifies this metric family with one finish.","{""canonical_source"":{""canonical_card_id"":23387,""canonical_number"":""032"",""status"":""EXACT""},""cardmarket_source"":{""idMetacard"":421111,""idProduct"":719474,""name"":""Nidoran [M] [Horn Attack]""},""inference"":{""base_to_finish"":""not inferred"",""foil_to_finish"":""not inferred""},""physical_candidates"":[{""art_kind"":""unknown"",""card_id"":25225,""finish"":""normal"",""rarity"":""Common""},{""art_kind"":""unknown"",""card_id"":25226,""finish"":""reverse_holo"",""rarity"":""Common""}],""source_fields_audited"":{""all_expected_columns_present"":true,""base_columns"":[""low"",""trend"",""avg1"",""avg7"",""avg30""],""foil_columns"":[""low-holo"",""trend-holo"",""avg1-holo"",""avg7-holo"",""avg30-holo""],""observed_metric_columns"":[""avg1"",""avg1-holo"",""avg30"",""avg30-holo"",""avg7"",""avg7-holo"",""low"",""low-holo"",""trend"",""trend-holo""],""unexpected_metric_columns"":[""avg"",""avg-holo""]},""source_files"":{""discovery_mapping_sha256"":""81b5c2edaebda0de843c7f6b13a9710e731d48fe3717881219ea5196d7e0335d"",""prices_path"":""/Users/facundogalmarini/Desktop/price_guide_6 (1).json"",""prices_sha256"":""86282c2015adc332db82ce65d162f6cc44dc0bb3208b8bfedd952268ffafa145"",""products_path"":""/Users/facundogalmarini/Desktop/products_singles_6 (1).json"",""products_sha256"":""318cdf83b38813443530bb4d14f770ed0c1225be9ad87ddebbbee00b097613b5""}}"
719474,23387,032,Nidoran♂,foil,"[""low-holo"",""trend-holo"",""avg1-holo"",""avg7-holo"",""avg30-holo""]","[""low-holo"",""trend-holo"",""avg1-holo"",""avg7-holo"",""avg30-holo""]",EXACT,AMBIGUOUS,False,,"[25225,25226]","[""normal"",""reverse_holo""]",multiple,multiple_physical_finish_candidates_without_family_specific_evidence,LOW,"Source fact: Price Guide exposes foil columns ['low-holo', 'trend-holo', 'avg1-holo', 'avg7-holo', 'avg30-holo']; source fact: canonical scope exposes compatible finishes ['normal', 'reverse_holo']. Inference withheld: no Cardmarket source field identifies this metric family with one finish.","{""canonical_source"":{""canonical_card_id"":23387,""canonical_number"":""032"",""status"":""EXACT""},""cardmarket_source"":{""idMetacard"":421111,""idProduct"":719474,""name"":""Nidoran [M] [Horn Attack]""},""inference"":{""base_to_finish"":""not inferred"",""foil_to_finish"":""not inferred""},""physical_candidates"":[{""art_kind"":""unknown"",""card_id"":25225,""finish"":""normal"",""rarity"":""Common""},{""art_kind"":""unknown"",""card_id"":25226,""finish"":""reverse_holo"",""rarity"":""Common""}],""source_fields_audited"":{""all_expected_columns_present"":true,""base_columns"":[""low"",""trend"",""avg1"",""avg7"",""avg30""],""foil_columns"":[""low-holo"",""trend-holo"",""avg1-holo"",""avg7-holo"",""avg30-holo""],""observed_metric_columns"":[""avg1"",""avg1-holo"",""avg30"",""avg30-holo"",""avg7"",""avg7-holo"",""low"",""low-holo"",""trend"",""trend-holo""],""unexpected_metric_columns"":[""avg"",""avg-holo""]},""source_files"":{""discovery_mapping_sha256"":""81b5c2edaebda0de843c7f6b13a9710e731d48fe3717881219ea5196d7e0335d"",""prices_path"":""/Users/facundogalmarini/Desktop/price_guide_6 (1).json"",""prices_sha256"":""86282c2015adc332db82ce65d162f6cc44dc0bb3208b8bfedd952268ffafa145"",""products_path"":""/Users/facundogalmarini/Desktop/products_singles_6 (1).json"",""products_sha256"":""318cdf83b38813443530bb4d14f770ed0c1225be9ad87ddebbbee00b097613b5""}}"
719475,23388,033,Nidorino,base,"[""low"",""trend"",""avg1"",""avg7"",""avg30""]","[""low"",""trend"",""avg1"",""avg7"",""avg30""]",EXACT,AMBIGUOUS,False,,"[25227,25228]","[""normal"",""reverse_holo""]",multiple,multiple_physical_finish_candidates_without_family_specific_evidence,LOW,"Source fact: Price Guide exposes base columns ['low', 'trend', 'avg1', 'avg7', 'avg30']; source fact: canonical scope exposes compatible finishes ['normal', 'reverse_holo']. Inference withheld: no Cardmarket source field identifies this metric family with one finish.","{""canonical_source"":{""canonical_card_id"":23388,""canonical_number"":""033"",""status"":""EXACT""},""cardmarket_source"":{""idMetacard"":421112,""idProduct"":719475,""name"":""Nidorino [Sharp Fang | Superpowered Horns]""},""inference"":{""base_to_finish"":""not inferred"",""foil_to_finish"":""not inferred""},""physical_candidates"":[{""art_kind"":""unknown"",""card_id"":25227,""finish"":""normal"",""rarity"":""Uncommon""},{""art_kind"":""unknown"",""card_id"":25228,""finish"":""reverse_holo"",""rarity"":""Uncommon""}],""source_fields_audited"":{""all_expected_columns_present"":true,""base_columns"":[""low"",""trend"",""avg1"",""avg7"",""avg30""],""foil_columns"":[""low-holo"",""trend-holo"",""avg1-holo"",""avg7-holo"",""avg30-holo""],""observed_metric_columns"":[""avg1"",""avg1-holo"",""avg30"",""avg30-holo"",""avg7"",""avg7-holo"",""low"",""low-holo"",""trend"",""trend-holo""],""unexpected_metric_columns"":[""avg"",""avg-holo""]},""source_files"":{""discovery_mapping_sha256"":""81b5c2edaebda0de843c7f6b13a9710e731d48fe3717881219ea5196d7e0335d"",""prices_path"":""/Users/facundogalmarini/Desktop/price_guide_6 (1).json"",""prices_sha256"":""86282c2015adc332db82ce65d162f6cc44dc0bb3208b8bfedd952268ffafa145"",""products_path"":""/Users/facundogalmarini/Desktop/products_singles_6 (1).json"",""products_sha256"":""318cdf83b38813443530bb4d14f770ed0c1225be9ad87ddebbbee00b097613b5""}}"
719475,23388,033,Nidorino,foil,"[""low-holo"",""trend-holo"",""avg1-holo"",""avg7-holo"",""avg30-holo""]","[""low-holo"",""trend-holo"",""avg1-holo"",""avg7-holo"",""avg30-holo""]",EXACT,AMBIGUOUS,False,,"[25227,25228]","[""normal"",""reverse_holo""]",multiple,multiple_physical_finish_candidates_without_family_specific_evidence,LOW,"Source fact: Price Guide exposes foil columns ['low-holo', 'trend-holo', 'avg1-holo', 'avg7-holo', 'avg30-holo']; source fact: canonical scope exposes compatible finishes ['normal', 'reverse_holo']. Inference withheld: no Cardmarket source field identifies this metric family with one finish.","{""canonical_source"":{""canonical_card_id"":23388,""canonical_number"":""033"",""status"":""EXACT""},""cardmarket_source"":{""idMetacard"":421112,""idProduct"":719475,""name"":""Nidorino [Sharp Fang | Superpowered Horns]""},""inference"":{""base_to_finish"":""not inferred"",""foil_to_finish"":""not inferred""},""physical_candidates"":[{""art_kind"":""unknown"",""card_id"":25227,""finish"":""normal"",""rarity"":""Uncommon""},{""art_kind"":""unknown"",""card_id"":25228,""finish"":""reverse_holo"",""rarity"":""Uncommon""}],""source_fields_audited"":{""all_expected_columns_present"":true,""base_columns"":[""low"",""trend"",""avg1"",""avg7"",""avg30""],""foil_columns"":[""low-holo"",""trend-holo"",""avg1-holo"",""avg7-holo"",""avg30-holo""],""observed_metric_columns"":[""avg1"",""avg1-holo"",""avg30"",""avg30-holo"",""avg7"",""avg7-holo"",""low"",""low-holo"",""trend"",""trend-holo""],""unexpected_metric_columns"":[""avg"",""avg-holo""]},""source_files"":{""discovery_mapping_sha256"":""81b5c2edaebda0de843c7f6b13a9710e731d48fe3717881219ea5196d7e0335d"",""prices_path"":""/Users/facundogalmarini/Desktop/price_guide_6 (1).json"",""prices_sha256"":""86282c2015adc332db82ce65d162f6cc44dc0bb3208b8bfedd952268ffafa145"",""products_path"":""/Users/facundogalmarini/Desktop/products_singles_6 (1).json"",""products_sha256"":""318cdf83b38813443530bb4d14f770ed0c1225be9ad87ddebbbee00b097613b5""}}"
719477,23390,035,Clefairy,base,"[""low"",""trend"",""avg1"",""avg7"",""avg30""]","[""low"",""trend"",""avg1"",""avg7"",""avg30""]",EXACT,AMBIGUOUS,False,,"[25231,25232]","[""normal"",""reverse_holo""]",multiple,multiple_physical_finish_candidates_without_family_specific_evidence,LOW,"Source fact: Price Guide exposes base columns ['low', 'trend', 'avg1', 'avg7', 'avg30']; source fact: canonical scope exposes compatible finishes ['normal', 'reverse_holo']. Inference withheld: no Cardmarket source field identifies this metric family with one finish.","{""canonical_source"":{""canonical_card_id"":23390,""canonical_number"":""035"",""status"":""EXACT""},""cardmarket_source"":{""idMetacard"":421114,""idProduct"":719477,""name"":""Clefairy [Moon-Viewing Invitation | Smack]""},""inference"":{""base_to_finish"":""not inferred"",""foil_to_finish"":""not inferred""},""physical_candidates"":[{""art_kind"":""unknown"",""card_id"":25231,""finish"":""normal"",""rarity"":""Common""},{""art_kind"":""unknown"",""card_id"":25232,""finish"":""reverse_holo"",""rarity"":""Common""}],""source_fields_audited"":{""all_expected_columns_present"":true,""base_columns"":[""low"",""trend"",""avg1"",""avg7"",""avg30""],""foil_columns"":[""low-holo"",""trend-holo"",""avg1-holo"",""avg7-holo"",""avg30-holo""],""observed_metric_columns"":[""avg1"",""avg1-holo"",""avg30"",""avg30-holo"",""avg7"",""avg7-holo"",""low"",""low-holo"",""trend"",""trend-holo""],""unexpected_metric_columns"":[""avg"",""avg-holo""]},""source_files"":{""discovery_mapping_sha256"":""81b5c2edaebda0de843c7f6b13a9710e731d48fe3717881219ea5196d7e0335d"",""prices_path"":""/Users/facundogalmarini/Desktop/price_guide_6 (1).json"",""prices_sha256"":""86282c2015adc332db82ce65d162f6cc44dc0bb3208b8bfedd952268ffafa145"",""products_path"":""/Users/facundogalmarini/Desktop/products_singles_6 (1).json"",""products_sha256"":""318cdf83b38813443530bb4d14f770ed0c1225be9ad87ddebbbee00b097613b5""}}"
719477,23390,035,Clefairy,foil,"[""low-holo"",""trend-holo"",""avg1-holo"",""avg7-holo"",""avg30-holo""]","[""low-holo"",""trend-holo"",""avg1-holo"",""avg7-holo"",""avg30-holo""]",EXACT,AMBIGUOUS,False,,"[25231,25232]","[""normal"",""reverse_holo""]",multiple,multiple_physical_finish_candidates_without_family_specific_evidence,LOW,"Source fact: Price Guide exposes foil columns ['low-holo', 'trend-holo', 'avg1-holo', 'avg7-holo', 'avg30-holo']; source fact: canonical scope exposes compatible finishes ['normal', 'reverse_holo']. Inference withheld: no Cardmarket source field identifies this metric family with one finish.","{""canonical_source"":{""canonical_card_id"":23390,""canonical_number"":""035"",""status"":""EXACT""},""cardmarket_source"":{""idMetacard"":421114,""idProduct"":719477,""name"":""Clefairy [Moon-Viewing Invitation | Smack]""},""inference"":{""base_to_finish"":""not inferred"",""foil_to_finish"":""not inferred""},""physical_candidates"":[{""art_kind"":""unknown"",""card_id"":25231,""finish"":""normal"",""rarity"":""Common""},{""art_kind"":""unknown"",""card_id"":25232,""finish"":""reverse_holo"",""rarity"":""Common""}],""source_fields_audited"":{""all_expected_columns_present"":true,""base_columns"":[""low"",""trend"",""avg1"",""avg7"",""avg30""],""foil_columns"":[""low-holo"",""trend-holo"",""avg1-holo"",""avg7-holo"",""avg30-holo""],""observed_metric_columns"":[""avg1"",""avg1-holo"",""avg30"",""avg30-holo"",""avg7"",""avg7-holo"",""low"",""low-holo"",""trend"",""trend-holo""],""unexpected_metric_columns"":[""avg"",""avg-holo""]},""source_files"":{""discovery_mapping_sha256"":""81b5c2edaebda0de843c7f6b13a9710e731d48fe3717881219ea5196d7e0335d"",""prices_path"":""/Users/facundogalmarini/Desktop/price_guide_6 (1).json"",""prices_sha256"":""86282c2015adc332db82ce65d162f6cc44dc0bb3208b8bfedd952268ffafa145"",""products_path"":""/Users/facundogalmarini/Desktop/products_singles_6 (1).json"",""products_sha256"":""318cdf83b38813443530bb4d14f770ed0c1225be9ad87ddebbbee00b097613b5""}}"
719478,23391,036,Clefable,base,"[""low"",""trend"",""avg1"",""avg7"",""avg30""]","[""low"",""trend"",""avg1"",""avg7"",""avg30""]",EXACT,AMBIGUOUS,False,,"[25233,25234]","[""normal"",""reverse_holo""]",multiple,multiple_physical_finish_candidates_without_family_specific_evidence,LOW,"Source fact: Price Guide exposes base columns ['low', 'trend', 'avg1', 'avg7', 'avg30']; source fact: canonical scope exposes compatible finishes ['normal', 'reverse_holo']. Inference withheld: no Cardmarket source field identifies this metric family with one finish.","{""canonical_source"":{""canonical_card_id"":23391,""canonical_number"":""036"",""status"":""EXACT""},""cardmarket_source"":{""idMetacard"":421115,""idProduct"":719478,""name"":""Clefable [Follow Me | More Moon]""},""inference"":{""base_to_finish"":""not inferred"",""foil_to_finish"":""not inferred""},""physical_candidates"":[{""art_kind"":""unknown"",""card_id"":25233,""finish"":""normal"",""rarity"":""Uncommon""},{""art_kind"":""unknown"",""card_id"":25234,""finish"":""reverse_holo"",""rarity"":""Uncommon""}],""source_fields_audited"":{""all_expected_columns_present"":true,""base_columns"":[""low"",""trend"",""avg1"",""avg7"",""avg30""],""foil_columns"":[""low-holo"",""trend-holo"",""avg1-holo"",""avg7-holo"",""avg30-holo""],""observed_metric_columns"":[""avg1"",""avg1-holo"",""avg30"",""avg30-holo"",""avg7"",""avg7-holo"",""low"",""low-holo"",""trend"",""trend-holo""],""unexpected_metric_columns"":[""avg"",""avg-holo""]},""source_files"":{""discovery_mapping_sha256"":""81b5c2edaebda0de843c7f6b13a9710e731d48fe3717881219ea5196d7e0335d"",""prices_path"":""/Users/facundogalmarini/Desktop/price_guide_6 (1).json"",""prices_sha256"":""86282c2015adc332db82ce65d162f6cc44dc0bb3208b8bfedd952268ffafa145"",""products_path"":""/Users/facundogalmarini/Desktop/products_singles_6 (1).json"",""products_sha256"":""318cdf83b38813443530bb4d14f770ed0c1225be9ad87ddebbbee00b097613b5""}}"
719478,23391,036,Clefable,foil,"[""low-holo"",""trend-holo"",""avg1-holo"",""avg7-holo"",""avg30-holo""]","[""low-holo"",""trend-holo"",""avg1-holo"",""avg7-holo"",""avg30-holo""]",EXACT,AMBIGUOUS,False,,"[25233,25234]","[""normal"",""reverse_holo""]",multiple,multiple_physical_finish_candidates_without_family_specific_evidence,LOW,"Source fact: Price Guide exposes foil columns ['low-holo', 'trend-holo', 'avg1-holo', 'avg7-holo', 'avg30-holo']; source fact: canonical scope exposes compatible finishes ['normal', 'reverse_holo']. Inference withheld: no Cardmarket source field identifies this metric family with one finish.","{""canonical_source"":{""canonical_card_id"":23391,""canonical_number"":""036"",""status"":""EXACT""},""cardmarket_source"":{""idMetacard"":421115,""idProduct"":719478,""name"":""Clefable [Follow Me | More Moon]""},""inference"":{""base_to_finish"":""not inferred"",""foil_to_finish"":""not inferred""},""physical_candidates"":[{""art_kind"":""unknown"",""card_id"":25233,""finish"":""normal"",""rarity"":""Uncommon""},{""art_kind"":""unknown"",""card_id"":25234,""finish"":""reverse_holo"",""rarity"":""Uncommon""}],""source_fields_audited"":{""all_expected_columns_present"":true,""base_columns"":[""low"",""trend"",""avg1"",""avg7"",""avg30""],""foil_columns"":[""low-holo"",""trend-holo"",""avg1-holo"",""avg7-holo"",""avg30-holo""],""observed_metric_columns"":[""avg1"",""avg1-holo"",""avg30"",""avg30-holo"",""avg7"",""avg7-holo"",""low"",""low-holo"",""trend"",""trend-holo""],""unexpected_metric_columns"":[""avg"",""avg-holo""]},""source_files"":{""discovery_mapping_sha256"":""81b5c2edaebda0de843c7f6b13a9710e731d48fe3717881219ea5196d7e0335d"",""prices_path"":""/Users/facundogalmarini/Desktop/price_guide_6 (1).json"",""prices_sha256"":""86282c2015adc332db82ce65d162f6cc44dc0bb3208b8bfedd952268ffafa145"",""products_path"":""/Users/facundogalmarini/Desktop/products_singles_6 (1).json"",""products_sha256"":""318cdf83b38813443530bb4d14f770ed0c1225be9ad87ddebbbee00b097613b5""}}"
719479,23392,037,Vulpix,base,"[""low"",""trend"",""avg1"",""avg7"",""avg30""]","[""low"",""trend"",""avg1"",""avg7"",""avg30""]",EXACT,AMBIGUOUS,False,,"[25235,25236]","[""normal"",""reverse_holo""]",multiple,multiple_physical_finish_candidates_without_family_specific_evidence,LOW,"Source fact: Price Guide exposes base columns ['low', 'trend', 'avg1', 'avg7', 'avg30']; source fact: canonical scope exposes compatible finishes ['normal', 'reverse_holo']. Inference withheld: no Cardmarket source field identifies this metric family with one finish.","{""canonical_source"":{""canonical_card_id"":23392,""canonical_number"":""037"",""status"":""EXACT""},""cardmarket_source"":{""idMetacard"":421116,""idProduct"":719479,""name"":""Vulpix [Super Singe]""},""inference"":{""base_to_finish"":""not inferred"",""foil_to_finish"":""not inferred""},""physical_candidates"":[{""art_kind"":""unknown"",""card_id"":25235,""finish"":""normal"",""rarity"":""Common""},{""art_kind"":""unknown"",""card_id"":25236,""finish"":""reverse_holo"",""rarity"":""Common""}],""source_fields_audited"":{""all_expected_columns_present"":true,""base_columns"":[""low"",""trend"",""avg1"",""avg7"",""avg30""],""foil_columns"":[""low-holo"",""trend-holo"",""avg1-holo"",""avg7-holo"",""avg30-holo""],""observed_metric_columns"":[""avg1"",""avg1-holo"",""avg30"",""avg30-holo"",""avg7"",""avg7-holo"",""low"",""low-holo"",""trend"",""trend-holo""],""unexpected_metric_columns"":[""avg"",""avg-holo""]},""source_files"":{""discovery_mapping_sha256"":""81b5c2edaebda0de843c7f6b13a9710e731d48fe3717881219ea5196d7e0335d"",""prices_path"":""/Users/facundogalmarini/Desktop/price_guide_6 (1).json"",""prices_sha256"":""86282c2015adc332db82ce65d162f6cc44dc0bb3208b8bfedd952268ffafa145"",""products_path"":""/Users/facundogalmarini/Desktop/products_singles_6 (1).json"",""products_sha256"":""318cdf83b38813443530bb4d14f770ed0c1225be9ad87ddebbbee00b097613b5""}}"
719479,23392,037,Vulpix,foil,"[""low-holo"",""trend-holo"",""avg1-holo"",""avg7-holo"",""avg30-holo""]","[""low-holo"",""trend-holo"",""avg1-holo"",""avg7-holo"",""avg30-holo""]",EXACT,AMBIGUOUS,False,,"[25235,25236]","[""normal"",""reverse_holo""]",multiple,multiple_physical_finish_candidates_without_family_specific_evidence,LOW,"Source fact: Price Guide exposes foil columns ['low-holo', 'trend-holo', 'avg1-holo', 'avg7-holo', 'avg30-holo']; source fact: canonical scope exposes compatible finishes ['normal', 'reverse_holo']. Inference withheld: no Cardmarket source field identifies this metric family with one finish.","{""canonical_source"":{""canonical_card_id"":23392,""canonical_number"":""037"",""status"":""EXACT""},""cardmarket_source"":{""idMetacard"":421116,""idProduct"":719479,""name"":""Vulpix [Super Singe]""},""inference"":{""base_to_finish"":""not inferred"",""foil_to_finish"":""not inferred""},""physical_candidates"":[{""art_kind"":""unknown"",""card_id"":25235,""finish"":""normal"",""rarity"":""Common""},{""art_kind"":""unknown"",""card_id"":25236,""finish"":""reverse_holo"",""rarity"":""Common""}],""source_fields_audited"":{""all_expected_columns_present"":true,""base_columns"":[""low"",""trend"",""avg1"",""avg7"",""avg30""],""foil_columns"":[""low-holo"",""trend-holo"",""avg1-holo"",""avg7-holo"",""avg30-holo""],""observed_metric_columns"":[""avg1"",""avg1-holo"",""avg30"",""avg30-holo"",""avg7"",""avg7-holo"",""low"",""low-holo"",""trend"",""trend-holo""],""unexpected_metric_columns"":[""avg"",""avg-holo""]},""source_files"":{""discovery_mapping_sha256"":""81b5c2edaebda0de843c7f6b13a9710e731d48fe3717881219ea5196d7e0335d"",""prices_path"":""/Users/facundogalmarini/Desktop/price_guide_6 (1).json"",""prices_sha256"":""86282c2015adc332db82ce65d162f6cc44dc0bb3208b8bfedd952268ffafa145"",""products_path"":""/Users/facundogalmarini/Desktop/products_singles_6 (1).json"",""products_sha256"":""318cdf83b38813443530bb4d14f770ed0c1225be9ad87ddebbbee00b097613b5""}}"
719481,23394,039,Jigglypuff,base,"[""low"",""trend"",""avg1"",""avg7"",""avg30""]","[""low"",""trend"",""avg1"",""avg7"",""avg30""]",EXACT,AMBIGUOUS,False,,"[25238,25239]","[""normal"",""reverse_holo""]",multiple,multiple_physical_finish_candidates_without_family_specific_evidence,LOW,"Source fact: Price Guide exposes base columns ['low', 'trend', 'avg1', 'avg7', 'avg30']; source fact: canonical scope exposes compatible finishes ['normal', 'reverse_holo']. Inference withheld: no Cardmarket source field identifies this metric family with one finish.","{""canonical_source"":{""canonical_card_id"":23394,""canonical_number"":""039"",""status"":""EXACT""},""cardmarket_source"":{""idMetacard"":421118,""idProduct"":719481,""name"":""Jigglypuff [Lead | Stompy Stomp]""},""inference"":{""base_to_finish"":""not inferred"",""foil_to_finish"":""not inferred""},""physical_candidates"":[{""art_kind"":""unknown"",""card_id"":25238,""finish"":""normal"",""rarity"":""Common""},{""art_kind"":""unknown"",""card_id"":25239,""finish"":""reverse_holo"",""rarity"":""Common""}],""source_fields_audited"":{""all_expected_columns_present"":true,""base_columns"":[""low"",""trend"",""avg1"",""avg7"",""avg30""],""foil_columns"":[""low-holo"",""trend-holo"",""avg1-holo"",""avg7-holo"",""avg30-holo""],""observed_metric_columns"":[""avg1"",""avg1-holo"",""avg30"",""avg30-holo"",""avg7"",""avg7-holo"",""low"",""low-holo"",""trend"",""trend-holo""],""unexpected_metric_columns"":[""avg"",""avg-holo""]},""source_files"":{""discovery_mapping_sha256"":""81b5c2edaebda0de843c7f6b13a9710e731d48fe3717881219ea5196d7e0335d"",""prices_path"":""/Users/facundogalmarini/Desktop/price_guide_6 (1).json"",""prices_sha256"":""86282c2015adc332db82ce65d162f6cc44dc0bb3208b8bfedd952268ffafa145"",""products_path"":""/Users/facundogalmarini/Desktop/products_singles_6 (1).json"",""products_sha256"":""318cdf83b38813443530bb4d14f770ed0c1225be9ad87ddebbbee00b097613b5""}}"
719481,23394,039,Jigglypuff,foil,"[""low-holo"",""trend-holo"",""avg1-holo"",""avg7-holo"",""avg30-holo""]","[""low-holo"",""trend-holo"",""avg1-holo"",""avg7-holo"",""avg30-holo""]",EXACT,AMBIGUOUS,False,,"[25238,25239]","[""normal"",""reverse_holo""]",multiple,multiple_physical_finish_candidates_without_family_specific_evidence,LOW,"Source fact: Price Guide exposes foil columns ['low-holo', 'trend-holo', 'avg1-holo', 'avg7-holo', 'avg30-holo']; source fact: canonical scope exposes compatible finishes ['normal', 'reverse_holo']. Inference withheld: no Cardmarket source field identifies this metric family with one finish.","{""canonical_source"":{""canonical_card_id"":23394,""canonical_number"":""039"",""status"":""EXACT""},""cardmarket_source"":{""idMetacard"":421118,""idProduct"":719481,""name"":""Jigglypuff [Lead | Stompy Stomp]""},""inference"":{""base_to_finish"":""not inferred"",""foil_to_finish"":""not inferred""},""physical_candidates"":[{""art_kind"":""unknown"",""card_id"":25238,""finish"":""normal"",""rarity"":""Common""},{""art_kind"":""unknown"",""card_id"":25239,""finish"":""reverse_holo"",""rarity"":""Common""}],""source_fields_audited"":{""all_expected_columns_present"":true,""base_columns"":[""low"",""trend"",""avg1"",""avg7"",""avg30""],""foil_columns"":[""low-holo"",""trend-holo"",""avg1-holo"",""avg7-holo"",""avg30-holo""],""observed_metric_columns"":[""avg1"",""avg1-holo"",""avg30"",""avg30-holo"",""avg7"",""avg7-holo"",""low"",""low-holo"",""trend"",""trend-holo""],""unexpected_metric_columns"":[""avg"",""avg-holo""]},""source_files"":{""discovery_mapping_sha256"":""81b5c2edaebda0de843c7f6b13a9710e731d48fe3717881219ea5196d7e0335d"",""prices_path"":""/Users/facundogalmarini/Desktop/price_guide_6 (1).json"",""prices_sha256"":""86282c2015adc332db82ce65d162f6cc44dc0bb3208b8bfedd952268ffafa145"",""products_path"":""/Users/facundogalmarini/Desktop/products_singles_6 (1).json"",""products_sha256"":""318cdf83b38813443530bb4d14f770ed0c1225be9ad87ddebbbee00b097613b5""}}"
719483,23396,041,Zubat,base,"[""low"",""trend"",""avg1"",""avg7"",""avg30""]","[""low"",""trend"",""avg1"",""avg7"",""avg30""]",EXACT,AMBIGUOUS,False,,"[25241,25242]","[""normal"",""reverse_holo""]",multiple,multiple_physical_finish_candidates_without_family_specific_evidence,LOW,"Source fact: Price Guide exposes base columns ['low', 'trend', 'avg1', 'avg7', 'avg30']; source fact: canonical scope exposes compatible finishes ['normal', 'reverse_holo']. Inference withheld: no Cardmarket source field identifies this metric family with one finish.","{""canonical_source"":{""canonical_card_id"":23396,""canonical_number"":""041"",""status"":""EXACT""},""cardmarket_source"":{""idMetacard"":421120,""idProduct"":719483,""name"":""Zubat [Revealing Echo | Bite]""},""inference"":{""base_to_finish"":""not inferred"",""foil_to_finish"":""not inferred""},""physical_candidates"":[{""art_kind"":""unknown"",""card_id"":25241,""finish"":""normal"",""rarity"":""Common""},{""art_kind"":""unknown"",""card_id"":25242,""finish"":""reverse_holo"",""rarity"":""Common""}],""source_fields_audited"":{""all_expected_columns_present"":true,""base_columns"":[""low"",""trend"",""avg1"",""avg7"",""avg30""],""foil_columns"":[""low-holo"",""trend-holo"",""avg1-holo"",""avg7-holo"",""avg30-holo""],""observed_metric_columns"":[""avg1"",""avg1-holo"",""avg30"",""avg30-holo"",""avg7"",""avg7-holo"",""low"",""low-holo"",""trend"",""trend-holo""],""unexpected_metric_columns"":[""avg"",""avg-holo""]},""source_files"":{""discovery_mapping_sha256"":""81b5c2edaebda0de843c7f6b13a9710e731d48fe3717881219ea5196d7e0335d"",""prices_path"":""/Users/facundogalmarini/Desktop/price_guide_6 (1).json"",""prices_sha256"":""86282c2015adc332db82ce65d162f6cc44dc0bb3208b8bfedd952268ffafa145"",""products_path"":""/Users/facundogalmarini/Desktop/products_singles_6 (1).json"",""products_sha256"":""318cdf83b38813443530bb4d14f770ed0c1225be9ad87ddebbbee00b097613b5""}}"
719483,23396,041,Zubat,foil,"[""low-holo"",""trend-holo"",""avg1-holo"",""avg7-holo"",""avg30-holo""]","[""low-holo"",""trend-holo"",""avg1-holo"",""avg7-holo"",""avg30-holo""]",EXACT,AMBIGUOUS,False,,"[25241,25242]","[""normal"",""reverse_holo""]",multiple,multiple_physical_finish_candidates_without_family_specific_evidence,LOW,"Source fact: Price Guide exposes foil columns ['low-holo', 'trend-holo', 'avg1-holo', 'avg7-holo', 'avg30-holo']; source fact: canonical scope exposes compatible finishes ['normal', 'reverse_holo']. Inference withheld: no Cardmarket source field identifies this metric family with one finish.","{""canonical_source"":{""canonical_card_id"":23396,""canonical_number"":""041"",""status"":""EXACT""},""cardmarket_source"":{""idMetacard"":421120,""idProduct"":719483,""name"":""Zubat [Revealing Echo | Bite]""},""inference"":{""base_to_finish"":""not inferred"",""foil_to_finish"":""not inferred""},""physical_candidates"":[{""art_kind"":""unknown"",""card_id"":25241,""finish"":""normal"",""rarity"":""Common""},{""art_kind"":""unknown"",""card_id"":25242,""finish"":""reverse_holo"",""rarity"":""Common""}],""source_fields_audited"":{""all_expected_columns_present"":true,""base_columns"":[""low"",""trend"",""avg1"",""avg7"",""avg30""],""foil_columns"":[""low-holo"",""trend-holo"",""avg1-holo"",""avg7-holo"",""avg30-holo""],""observed_metric_columns"":[""avg1"",""avg1-holo"",""avg30"",""avg30-holo"",""avg7"",""avg7-holo"",""low"",""low-holo"",""trend"",""trend-holo""],""unexpected_metric_columns"":[""avg"",""avg-holo""]},""source_files"":{""discovery_mapping_sha256"":""81b5c2edaebda0de843c7f6b13a9710e731d48fe3717881219ea5196d7e0335d"",""prices_path"":""/Users/facundogalmarini/Desktop/price_guide_6 (1).json"",""prices_sha256"":""86282c2015adc332db82ce65d162f6cc44dc0bb3208b8bfedd952268ffafa145"",""products_path"":""/Users/facundogalmarini/Desktop/products_singles_6 (1).json"",""products_sha256"":""318cdf83b38813443530bb4d14f770ed0c1225be9ad87ddebbbee00b097613b5""}}"
719484,23397,042,Golbat,base,"[""low"",""trend"",""avg1"",""avg7"",""avg30""]","[""low"",""trend"",""avg1"",""avg7"",""avg30""]",EXACT,AMBIGUOUS,False,,"[25243,25244]","[""normal"",""reverse_holo""]",multiple,multiple_physical_finish_candidates_without_family_specific_evidence,LOW,"Source fact: Price Guide exposes base columns ['low', 'trend', 'avg1', 'avg7', 'avg30']; source fact: canonical scope exposes compatible finishes ['normal', 'reverse_holo']. Inference withheld: no Cardmarket source field identifies this metric family with one finish.","{""canonical_source"":{""canonical_card_id"":23397,""canonical_number"":""042"",""status"":""EXACT""},""cardmarket_source"":{""idMetacard"":421121,""idProduct"":719484,""name"":""Golbat [Skill Dive]""},""inference"":{""base_to_finish"":""not inferred"",""foil_to_finish"":""not inferred""},""physical_candidates"":[{""art_kind"":""unknown"",""card_id"":25243,""finish"":""normal"",""rarity"":""Uncommon""},{""art_kind"":""unknown"",""card_id"":25244,""finish"":""reverse_holo"",""rarity"":""Uncommon""}],""source_fields_audited"":{""all_expected_columns_present"":true,""base_columns"":[""low"",""trend"",""avg1"",""avg7"",""avg30""],""foil_columns"":[""low-holo"",""trend-holo"",""avg1-holo"",""avg7-holo"",""avg30-holo""],""observed_metric_columns"":[""avg1"",""avg1-holo"",""avg30"",""avg30-holo"",""avg7"",""avg7-holo"",""low"",""low-holo"",""trend"",""trend-holo""],""unexpected_metric_columns"":[""avg"",""avg-holo""]},""source_files"":{""discovery_mapping_sha256"":""81b5c2edaebda0de843c7f6b13a9710e731d48fe3717881219ea5196d7e0335d"",""prices_path"":""/Users/facundogalmarini/Desktop/price_guide_6 (1).json"",""prices_sha256"":""86282c2015adc332db82ce65d162f6cc44dc0bb3208b8bfedd952268ffafa145"",""products_path"":""/Users/facundogalmarini/Desktop/products_singles_6 (1).json"",""products_sha256"":""318cdf83b38813443530bb4d14f770ed0c1225be9ad87ddebbbee00b097613b5""}}"
719484,23397,042,Golbat,foil,"[""low-holo"",""trend-holo"",""avg1-holo"",""avg7-holo"",""avg30-holo""]","[""low-holo"",""trend-holo"",""avg1-holo"",""avg7-holo"",""avg30-holo""]",EXACT,AMBIGUOUS,False,,"[25243,25244]","[""normal"",""reverse_holo""]",multiple,multiple_physical_finish_candidates_without_family_specific_evidence,LOW,"Source fact: Price Guide exposes foil columns ['low-holo', 'trend-holo', 'avg1-holo', 'avg7-holo', 'avg30-holo']; source fact: canonical scope exposes compatible finishes ['normal', 'reverse_holo']. Inference withheld: no Cardmarket source field identifies this metric family with one finish.","{""canonical_source"":{""canonical_card_id"":23397,""canonical_number"":""042"",""status"":""EXACT""},""cardmarket_source"":{""idMetacard"":421121,""idProduct"":719484,""name"":""Golbat [Skill Dive]""},""inference"":{""base_to_finish"":""not inferred"",""foil_to_finish"":""not inferred""},""physical_candidates"":[{""art_kind"":""unknown"",""card_id"":25243,""finish"":""normal"",""rarity"":""Uncommon""},{""art_kind"":""unknown"",""card_id"":25244,""finish"":""reverse_holo"",""rarity"":""Uncommon""}],""source_fields_audited"":{""all_expected_columns_present"":true,""base_columns"":[""low"",""trend"",""avg1"",""avg7"",""avg30""],""foil_columns"":[""low-holo"",""trend-holo"",""avg1-holo"",""avg7-holo"",""avg30-holo""],""observed_metric_columns"":[""avg1"",""avg1-holo"",""avg30"",""avg30-holo"",""avg7"",""avg7-holo"",""low"",""low-holo"",""trend"",""trend-holo""],""unexpected_metric_columns"":[""avg"",""avg-holo""]},""source_files"":{""discovery_mapping_sha256"":""81b5c2edaebda0de843c7f6b13a9710e731d48fe3717881219ea5196d7e0335d"",""prices_path"":""/Users/facundogalmarini/Desktop/price_guide_6 (1).json"",""prices_sha256"":""86282c2015adc332db82ce65d162f6cc44dc0bb3208b8bfedd952268ffafa145"",""products_path"":""/Users/facundogalmarini/Desktop/products_singles_6 (1).json"",""products_sha256"":""318cdf83b38813443530bb4d14f770ed0c1225be9ad87ddebbbee00b097613b5""}}"
719485,23398,043,Oddish,base,"[""low"",""trend"",""avg1"",""avg7"",""avg30""]","[""low"",""trend"",""avg1"",""avg7"",""avg30""]",EXACT,AMBIGUOUS,False,,"[25245,25246]","[""normal"",""reverse_holo""]",multiple,multiple_physical_finish_candidates_without_family_specific_evidence,LOW,"Source fact: Price Guide exposes base columns ['low', 'trend', 'avg1', 'avg7', 'avg30']; source fact: canonical scope exposes compatible finishes ['normal', 'reverse_holo']. Inference withheld: no Cardmarket source field identifies this metric family with one finish.","{""canonical_source"":{""canonical_card_id"":23398,""canonical_number"":""043"",""status"":""EXACT""},""cardmarket_source"":{""idMetacard"":421122,""idProduct"":719485,""name"":""Oddish [Razor Leaf]""},""inference"":{""base_to_finish"":""not inferred"",""foil_to_finish"":""not inferred""},""physical_candidates"":[{""art_kind"":""unknown"",""card_id"":25245,""finish"":""normal"",""rarity"":""Common""},{""art_kind"":""unknown"",""card_id"":25246,""finish"":""reverse_holo"",""rarity"":""Common""}],""source_fields_audited"":{""all_expected_columns_present"":true,""base_columns"":[""low"",""trend"",""avg1"",""avg7"",""avg30""],""foil_columns"":[""low-holo"",""trend-holo"",""avg1-holo"",""avg7-holo"",""avg30-holo""],""observed_metric_columns"":[""avg1"",""avg1-holo"",""avg30"",""avg30-holo"",""avg7"",""avg7-holo"",""low"",""low-holo"",""trend"",""trend-holo""],""unexpected_metric_columns"":[""avg"",""avg-holo""]},""source_files"":{""discovery_mapping_sha256"":""81b5c2edaebda0de843c7f6b13a9710e731d48fe3717881219ea5196d7e0335d"",""prices_path"":""/Users/facundogalmarini/Desktop/price_guide_6 (1).json"",""prices_sha256"":""86282c2015adc332db82ce65d162f6cc44dc0bb3208b8bfedd952268ffafa145"",""products_path"":""/Users/facundogalmarini/Desktop/products_singles_6 (1).json"",""products_sha256"":""318cdf83b38813443530bb4d14f770ed0c1225be9ad87ddebbbee00b097613b5""}}"
719485,23398,043,Oddish,foil,"[""low-holo"",""trend-holo"",""avg1-holo"",""avg7-holo"",""avg30-holo""]","[""low-holo"",""trend-holo"",""avg1-holo"",""avg7-holo"",""avg30-holo""]",EXACT,AMBIGUOUS,False,,"[25245,25246]","[""normal"",""reverse_holo""]",multiple,multiple_physical_finish_candidates_without_family_specific_evidence,LOW,"Source fact: Price Guide exposes foil columns ['low-holo', 'trend-holo', 'avg1-holo', 'avg7-holo', 'avg30-holo']; source fact: canonical scope exposes compatible finishes ['normal', 'reverse_holo']. Inference withheld: no Cardmarket source field identifies this metric family with one finish.","{""canonical_source"":{""canonical_card_id"":23398,""canonical_number"":""043"",""status"":""EXACT""},""cardmarket_source"":{""idMetacard"":421122,""idProduct"":719485,""name"":""Oddish [Razor Leaf]""},""inference"":{""base_to_finish"":""not inferred"",""foil_to_finish"":""not inferred""},""physical_candidates"":[{""art_kind"":""unknown"",""card_id"":25245,""finish"":""normal"",""rarity"":""Common""},{""art_kind"":""unknown"",""card_id"":25246,""finish"":""reverse_holo"",""rarity"":""Common""}],""source_fields_audited"":{""all_expected_columns_present"":true,""base_columns"":[""low"",""trend"",""avg1"",""avg7"",""avg30""],""foil_columns"":[""low-holo"",""trend-holo"",""avg1-holo"",""avg7-holo"",""avg30-holo""],""observed_metric_columns"":[""avg1"",""avg1-holo"",""avg30"",""avg30-holo"",""avg7"",""avg7-holo"",""low"",""low-holo"",""trend"",""trend-holo""],""unexpected_metric_columns"":[""avg"",""avg-holo""]},""source_files"":{""discovery_mapping_sha256"":""81b5c2edaebda0de843c7f6b13a9710e731d48fe3717881219ea5196d7e0335d"",""prices_path"":""/Users/facundogalmarini/Desktop/price_guide_6 (1).json"",""prices_sha256"":""86282c2015adc332db82ce65d162f6cc44dc0bb3208b8bfedd952268ffafa145"",""products_path"":""/Users/facundogalmarini/Desktop/products_singles_6 (1).json"",""products_sha256"":""318cdf83b38813443530bb4d14f770ed0c1225be9ad87ddebbbee00b097613b5""}}"
719486,23399,044,Gloom,base,"[""low"",""trend"",""avg1"",""avg7"",""avg30""]","[""low"",""trend"",""avg1"",""avg7"",""avg30""]",EXACT,AMBIGUOUS,False,,"[25247,25248]","[""normal"",""reverse_holo""]",multiple,multiple_physical_finish_candidates_without_family_specific_evidence,LOW,"Source fact: Price Guide exposes base columns ['low', 'trend', 'avg1', 'avg7', 'avg30']; source fact: canonical scope exposes compatible finishes ['normal', 'reverse_holo']. Inference withheld: no Cardmarket source field identifies this metric family with one finish.","{""canonical_source"":{""canonical_card_id"":23399,""canonical_number"":""044"",""status"":""EXACT""},""cardmarket_source"":{""idMetacard"":421123,""idProduct"":719486,""name"":""Gloom [Semi-Blooming Energy | Drool]""},""inference"":{""base_to_finish"":""not inferred"",""foil_to_finish"":""not inferred""},""physical_candidates"":[{""art_kind"":""unknown"",""card_id"":25247,""finish"":""normal"",""rarity"":""Uncommon""},{""art_kind"":""unknown"",""card_id"":25248,""finish"":""reverse_holo"",""rarity"":""Uncommon""}],""source_fields_audited"":{""all_expected_columns_present"":true,""base_columns"":[""low"",""trend"",""avg1"",""avg7"",""avg30""],""foil_columns"":[""low-holo"",""trend-holo"",""avg1-holo"",""avg7-holo"",""avg30-holo""],""observed_metric_columns"":[""avg1"",""avg1-holo"",""avg30"",""avg30-holo"",""avg7"",""avg7-holo"",""low"",""low-holo"",""trend"",""trend-holo""],""unexpected_metric_columns"":[""avg"",""avg-holo""]},""source_files"":{""discovery_mapping_sha256"":""81b5c2edaebda0de843c7f6b13a9710e731d48fe3717881219ea5196d7e0335d"",""prices_path"":""/Users/facundogalmarini/Desktop/price_guide_6 (1).json"",""prices_sha256"":""86282c2015adc332db82ce65d162f6cc44dc0bb3208b8bfedd952268ffafa145"",""products_path"":""/Users/facundogalmarini/Desktop/products_singles_6 (1).json"",""products_sha256"":""318cdf83b38813443530bb4d14f770ed0c1225be9ad87ddebbbee00b097613b5""}}"
719486,23399,044,Gloom,foil,"[""low-holo"",""trend-holo"",""avg1-holo"",""avg7-holo"",""avg30-holo""]","[""low-holo"",""trend-holo"",""avg1-holo"",""avg7-holo"",""avg30-holo""]",EXACT,AMBIGUOUS,False,,"[25247,25248]","[""normal"",""reverse_holo""]",multiple,multiple_physical_finish_candidates_without_family_specific_evidence,LOW,"Source fact: Price Guide exposes foil columns ['low-holo', 'trend-holo', 'avg1-holo', 'avg7-holo', 'avg30-holo']; source fact: canonical scope exposes compatible finishes ['normal', 'reverse_holo']. Inference withheld: no Cardmarket source field identifies this metric family with one finish.","{""canonical_source"":{""canonical_card_id"":23399,""canonical_number"":""044"",""status"":""EXACT""},""cardmarket_source"":{""idMetacard"":421123,""idProduct"":719486,""name"":""Gloom [Semi-Blooming Energy | Drool]""},""inference"":{""base_to_finish"":""not inferred"",""foil_to_finish"":""not inferred""},""physical_candidates"":[{""art_kind"":""unknown"",""card_id"":25247,""finish"":""normal"",""rarity"":""Uncommon""},{""art_kind"":""unknown"",""card_id"":25248,""finish"":""reverse_holo"",""rarity"":""Uncommon""}],""source_fields_audited"":{""all_expected_columns_present"":true,""base_columns"":[""low"",""trend"",""avg1"",""avg7"",""avg30""],""foil_columns"":[""low-holo"",""trend-holo"",""avg1-holo"",""avg7-holo"",""avg30-holo""],""observed_metric_columns"":[""avg1"",""avg1-holo"",""avg30"",""avg30-holo"",""avg7"",""avg7-holo"",""low"",""low-holo"",""trend"",""trend-holo""],""unexpected_metric_columns"":[""avg"",""avg-holo""]},""source_files"":{""discovery_mapping_sha256"":""81b5c2edaebda0de843c7f6b13a9710e731d48fe3717881219ea5196d7e0335d"",""prices_path"":""/Users/facundogalmarini/Desktop/price_guide_6 (1).json"",""prices_sha256"":""86282c2015adc332db82ce65d162f6cc44dc0bb3208b8bfedd952268ffafa145"",""products_path"":""/Users/facundogalmarini/Desktop/products_singles_6 (1).json"",""products_sha256"":""318cdf83b38813443530bb4d14f770ed0c1225be9ad87ddebbbee00b097613b5""}}"
719487,23400,045,Vileplume,base,"[""low"",""trend"",""avg1"",""avg7"",""avg30""]","[""low"",""trend"",""avg1"",""avg7"",""avg30""]",EXACT,AMBIGUOUS,False,,"[25249,25250]","[""holo"",""reverse_holo""]",multiple,multiple_physical_finish_candidates_without_family_specific_evidence,LOW,"Source fact: Price Guide exposes base columns ['low', 'trend', 'avg1', 'avg7', 'avg30']; source fact: canonical scope exposes compatible finishes ['holo', 'reverse_holo']. Inference withheld: no Cardmarket source field identifies this metric family with one finish.","{""canonical_source"":{""canonical_card_id"":23400,""canonical_number"":""045"",""status"":""EXACT""},""cardmarket_source"":{""idMetacard"":421124,""idProduct"":719487,""name"":""Vileplume [Fully Blooming Energy | Solar Beam]""},""inference"":{""base_to_finish"":""not inferred"",""foil_to_finish"":""not inferred""},""physical_candidates"":[{""art_kind"":""unknown"",""card_id"":25249,""finish"":""holo"",""rarity"":""Rare""},{""art_kind"":""unknown"",""card_id"":25250,""finish"":""reverse_holo"",""rarity"":""Rare""}],""source_fields_audited"":{""all_expected_columns_present"":true,""base_columns"":[""low"",""trend"",""avg1"",""avg7"",""avg30""],""foil_columns"":[""low-holo"",""trend-holo"",""avg1-holo"",""avg7-holo"",""avg30-holo""],""observed_metric_columns"":[""avg1"",""avg1-holo"",""avg30"",""avg30-holo"",""avg7"",""avg7-holo"",""low"",""low-holo"",""trend"",""trend-holo""],""unexpected_metric_columns"":[""avg"",""avg-holo""]},""source_files"":{""discovery_mapping_sha256"":""81b5c2edaebda0de843c7f6b13a9710e731d48fe3717881219ea5196d7e0335d"",""prices_path"":""/Users/facundogalmarini/Desktop/price_guide_6 (1).json"",""prices_sha256"":""86282c2015adc332db82ce65d162f6cc44dc0bb3208b8bfedd952268ffafa145"",""products_path"":""/Users/facundogalmarini/Desktop/products_singles_6 (1).json"",""products_sha256"":""318cdf83b38813443530bb4d14f770ed0c1225be9ad87ddebbbee00b097613b5""}}"
719487,23400,045,Vileplume,foil,"[""low-holo"",""trend-holo"",""avg1-holo"",""avg7-holo"",""avg30-holo""]","[""low-holo"",""trend-holo"",""avg1-holo"",""avg7-holo"",""avg30-holo""]",EXACT,AMBIGUOUS,False,,"[25249,25250]","[""holo"",""reverse_holo""]",multiple,multiple_physical_finish_candidates_without_family_specific_evidence,LOW,"Source fact: Price Guide exposes foil columns ['low-holo', 'trend-holo', 'avg1-holo', 'avg7-holo', 'avg30-holo']; source fact: canonical scope exposes compatible finishes ['holo', 'reverse_holo']. Inference withheld: no Cardmarket source field identifies this metric family with one finish.","{""canonical_source"":{""canonical_card_id"":23400,""canonical_number"":""045"",""status"":""EXACT""},""cardmarket_source"":{""idMetacard"":421124,""idProduct"":719487,""name"":""Vileplume [Fully Blooming Energy | Solar Beam]""},""inference"":{""base_to_finish"":""not inferred"",""foil_to_finish"":""not inferred""},""physical_candidates"":[{""art_kind"":""unknown"",""card_id"":25249,""finish"":""holo"",""rarity"":""Rare""},{""art_kind"":""unknown"",""card_id"":25250,""finish"":""reverse_holo"",""rarity"":""Rare""}],""source_fields_audited"":{""all_expected_columns_present"":true,""base_columns"":[""low"",""trend"",""avg1"",""avg7"",""avg30""],""foil_columns"":[""low-holo"",""trend-holo"",""avg1-holo"",""avg7-holo"",""avg30-holo""],""observed_metric_columns"":[""avg1"",""avg1-holo"",""avg30"",""avg30-holo"",""avg7"",""avg7-holo"",""low"",""low-holo"",""trend"",""trend-holo""],""unexpected_metric_columns"":[""avg"",""avg-holo""]},""source_files"":{""discovery_mapping_sha256"":""81b5c2edaebda0de843c7f6b13a9710e731d48fe3717881219ea5196d7e0335d"",""prices_path"":""/Users/facundogalmarini/Desktop/price_guide_6 (1).json"",""prices_sha256"":""86282c2015adc332db82ce65d162f6cc44dc0bb3208b8bfedd952268ffafa145"",""products_path"":""/Users/facundogalmarini/Desktop/products_singles_6 (1).json"",""products_sha256"":""318cdf83b38813443530bb4d14f770ed0c1225be9ad87ddebbbee00b097613b5""}}"
719488,23401,046,Paras,base,"[""low"",""trend"",""avg1"",""avg7"",""avg30""]","[""low"",""trend"",""avg1"",""avg7"",""avg30""]",EXACT,AMBIGUOUS,False,,"[25251,25252]","[""normal"",""reverse_holo""]",multiple,multiple_physical_finish_candidates_without_family_specific_evidence,LOW,"Source fact: Price Guide exposes base columns ['low', 'trend', 'avg1', 'avg7', 'avg30']; source fact: canonical scope exposes compatible finishes ['normal', 'reverse_holo']. Inference withheld: no Cardmarket source field identifies this metric family with one finish.","{""canonical_source"":{""canonical_card_id"":23401,""canonical_number"":""046"",""status"":""EXACT""},""cardmarket_source"":{""idMetacard"":421125,""idProduct"":719488,""name"":""Paras [Stampede | Spore Ball]""},""inference"":{""base_to_finish"":""not inferred"",""foil_to_finish"":""not inferred""},""physical_candidates"":[{""art_kind"":""unknown"",""card_id"":25251,""finish"":""normal"",""rarity"":""Common""},{""art_kind"":""unknown"",""card_id"":25252,""finish"":""reverse_holo"",""rarity"":""Common""}],""source_fields_audited"":{""all_expected_columns_present"":true,""base_columns"":[""low"",""trend"",""avg1"",""avg7"",""avg30""],""foil_columns"":[""low-holo"",""trend-holo"",""avg1-holo"",""avg7-holo"",""avg30-holo""],""observed_metric_columns"":[""avg1"",""avg1-holo"",""avg30"",""avg30-holo"",""avg7"",""avg7-holo"",""low"",""low-holo"",""trend"",""trend-holo""],""unexpected_metric_columns"":[""avg"",""avg-holo""]},""source_files"":{""discovery_mapping_sha256"":""81b5c2edaebda0de843c7f6b13a9710e731d48fe3717881219ea5196d7e0335d"",""prices_path"":""/Users/facundogalmarini/Desktop/price_guide_6 (1).json"",""prices_sha256"":""86282c2015adc332db82ce65d162f6cc44dc0bb3208b8bfedd952268ffafa145"",""products_path"":""/Users/facundogalmarini/Desktop/products_singles_6 (1).json"",""products_sha256"":""318cdf83b38813443530bb4d14f770ed0c1225be9ad87ddebbbee00b097613b5""}}"
719488,23401,046,Paras,foil,"[""low-holo"",""trend-holo"",""avg1-holo"",""avg7-holo"",""avg30-holo""]","[""low-holo"",""trend-holo"",""avg1-holo"",""avg7-holo"",""avg30-holo""]",EXACT,AMBIGUOUS,False,,"[25251,25252]","[""normal"",""reverse_holo""]",multiple,multiple_physical_finish_candidates_without_family_specific_evidence,LOW,"Source fact: Price Guide exposes foil columns ['low-holo', 'trend-holo', 'avg1-holo', 'avg7-holo', 'avg30-holo']; source fact: canonical scope exposes compatible finishes ['normal', 'reverse_holo']. Inference withheld: no Cardmarket source field identifies this metric family with one finish.","{""canonical_source"":{""canonical_card_id"":23401,""canonical_number"":""046"",""status"":""EXACT""},""cardmarket_source"":{""idMetacard"":421125,""idProduct"":719488,""name"":""Paras [Stampede | Spore Ball]""},""inference"":{""base_to_finish"":""not inferred"",""foil_to_finish"":""not inferred""},""physical_candidates"":[{""art_kind"":""unknown"",""card_id"":25251,""finish"":""normal"",""rarity"":""Common""},{""art_kind"":""unknown"",""card_id"":25252,""finish"":""reverse_holo"",""rarity"":""Common""}],""source_fields_audited"":{""all_expected_columns_present"":true,""base_columns"":[""low"",""trend"",""avg1"",""avg7"",""avg30""],""foil_columns"":[""low-holo"",""trend-holo"",""avg1-holo"",""avg7-holo"",""avg30-holo""],""observed_metric_columns"":[""avg1"",""avg1-holo"",""avg30"",""avg30-holo"",""avg7"",""avg7-holo"",""low"",""low-holo"",""trend"",""trend-holo""],""unexpected_metric_columns"":[""avg"",""avg-holo""]},""source_files"":{""discovery_mapping_sha256"":""81b5c2edaebda0de843c7f6b13a9710e731d48fe3717881219ea5196d7e0335d"",""prices_path"":""/Users/facundogalmarini/Desktop/price_guide_6 (1).json"",""prices_sha256"":""86282c2015adc332db82ce65d162f6cc44dc0bb3208b8bfedd952268ffafa145"",""products_path"":""/Users/facundogalmarini/Desktop/products_singles_6 (1).json"",""products_sha256"":""318cdf83b38813443530bb4d14f770ed0c1225be9ad87ddebbbee00b097613b5""}}"
719489,23402,047,Parasect,base,"[""low"",""trend"",""avg1"",""avg7"",""avg30""]","[""low"",""trend"",""avg1"",""avg7"",""avg30""]",EXACT,AMBIGUOUS,False,,"[25253,25254]","[""normal"",""reverse_holo""]",multiple,multiple_physical_finish_candidates_without_family_specific_evidence,LOW,"Source fact: Price Guide exposes base columns ['low', 'trend', 'avg1', 'avg7', 'avg30']; source fact: canonical scope exposes compatible finishes ['normal', 'reverse_holo']. Inference withheld: no Cardmarket source field identifies this metric family with one finish.","{""canonical_source"":{""canonical_card_id"":23402,""canonical_number"":""047"",""status"":""EXACT""},""cardmarket_source"":{""idMetacard"":421126,""idProduct"":719489,""name"":""Parasect [Spread Filaments | Claw Slash]""},""inference"":{""base_to_finish"":""not inferred"",""foil_to_finish"":""not inferred""},""physical_candidates"":[{""art_kind"":""unknown"",""card_id"":25253,""finish"":""normal"",""rarity"":""Uncommon""},{""art_kind"":""unknown"",""card_id"":25254,""finish"":""reverse_holo"",""rarity"":""Uncommon""}],""source_fields_audited"":{""all_expected_columns_present"":true,""base_columns"":[""low"",""trend"",""avg1"",""avg7"",""avg30""],""foil_columns"":[""low-holo"",""trend-holo"",""avg1-holo"",""avg7-holo"",""avg30-holo""],""observed_metric_columns"":[""avg1"",""avg1-holo"",""avg30"",""avg30-holo"",""avg7"",""avg7-holo"",""low"",""low-holo"",""trend"",""trend-holo""],""unexpected_metric_columns"":[""avg"",""avg-holo""]},""source_files"":{""discovery_mapping_sha256"":""81b5c2edaebda0de843c7f6b13a9710e731d48fe3717881219ea5196d7e0335d"",""prices_path"":""/Users/facundogalmarini/Desktop/price_guide_6 (1).json"",""prices_sha256"":""86282c2015adc332db82ce65d162f6cc44dc0bb3208b8bfedd952268ffafa145"",""products_path"":""/Users/facundogalmarini/Desktop/products_singles_6 (1).json"",""products_sha256"":""318cdf83b38813443530bb4d14f770ed0c1225be9ad87ddebbbee00b097613b5""}}"
719489,23402,047,Parasect,foil,"[""low-holo"",""trend-holo"",""avg1-holo"",""avg7-holo"",""avg30-holo""]","[""low-holo"",""trend-holo"",""avg1-holo"",""avg7-holo"",""avg30-holo""]",EXACT,AMBIGUOUS,False,,"[25253,25254]","[""normal"",""reverse_holo""]",multiple,multiple_physical_finish_candidates_without_family_specific_evidence,LOW,"Source fact: Price Guide exposes foil columns ['low-holo', 'trend-holo', 'avg1-holo', 'avg7-holo', 'avg30-holo']; source fact: canonical scope exposes compatible finishes ['normal', 'reverse_holo']. Inference withheld: no Cardmarket source field identifies this metric family with one finish.","{""canonical_source"":{""canonical_card_id"":23402,""canonical_number"":""047"",""status"":""EXACT""},""cardmarket_source"":{""idMetacard"":421126,""idProduct"":719489,""name"":""Parasect [Spread Filaments | Claw Slash]""},""inference"":{""base_to_finish"":""not inferred"",""foil_to_finish"":""not inferred""},""physical_candidates"":[{""art_kind"":""unknown"",""card_id"":25253,""finish"":""normal"",""rarity"":""Uncommon""},{""art_kind"":""unknown"",""card_id"":25254,""finish"":""reverse_holo"",""rarity"":""Uncommon""}],""source_fields_audited"":{""all_expected_columns_present"":true,""base_columns"":[""low"",""trend"",""avg1"",""avg7"",""avg30""],""foil_columns"":[""low-holo"",""trend-holo"",""avg1-holo"",""avg7-holo"",""avg30-holo""],""observed_metric_columns"":[""avg1"",""avg1-holo"",""avg30"",""avg30-holo"",""avg7"",""avg7-holo"",""low"",""low-holo"",""trend"",""trend-holo""],""unexpected_metric_columns"":[""avg"",""avg-holo""]},""source_files"":{""discovery_mapping_sha256"":""81b5c2edaebda0de843c7f6b13a9710e731d48fe3717881219ea5196d7e0335d"",""prices_path"":""/Users/facundogalmarini/Desktop/price_guide_6 (1).json"",""prices_sha256"":""86282c2015adc332db82ce65d162f6cc44dc0bb3208b8bfedd952268ffafa145"",""products_path"":""/Users/facundogalmarini/Desktop/products_singles_6 (1).json"",""products_sha256"":""318cdf83b38813443530bb4d14f770ed0c1225be9ad87ddebbbee00b097613b5""}}"
719490,23403,048,Venonat,base,"[""low"",""trend"",""avg1"",""avg7"",""avg30""]","[""low"",""trend"",""avg1"",""avg7"",""avg30""]",EXACT,AMBIGUOUS,False,,"[25255,25256]","[""normal"",""reverse_holo""]",multiple,multiple_physical_finish_candidates_without_family_specific_evidence,LOW,"Source fact: Price Guide exposes base columns ['low', 'trend', 'avg1', 'avg7', 'avg30']; source fact: canonical scope exposes compatible finishes ['normal', 'reverse_holo']. Inference withheld: no Cardmarket source field identifies this metric family with one finish.","{""canonical_source"":{""canonical_card_id"":23403,""canonical_number"":""048"",""status"":""EXACT""},""cardmarket_source"":{""idMetacard"":421127,""idProduct"":719490,""name"":""Venonat [Gnaw | Beam]""},""inference"":{""base_to_finish"":""not inferred"",""foil_to_finish"":""not inferred""},""physical_candidates"":[{""art_kind"":""unknown"",""card_id"":25255,""finish"":""normal"",""rarity"":""Common""},{""art_kind"":""unknown"",""card_id"":25256,""finish"":""reverse_holo"",""rarity"":""Common""}],""source_fields_audited"":{""all_expected_columns_present"":true,""base_columns"":[""low"",""trend"",""avg1"",""avg7"",""avg30""],""foil_columns"":[""low-holo"",""trend-holo"",""avg1-holo"",""avg7-holo"",""avg30-holo""],""observed_metric_columns"":[""avg1"",""avg1-holo"",""avg30"",""avg30-holo"",""avg7"",""avg7-holo"",""low"",""low-holo"",""trend"",""trend-holo""],""unexpected_metric_columns"":[""avg"",""avg-holo""]},""source_files"":{""discovery_mapping_sha256"":""81b5c2edaebda0de843c7f6b13a9710e731d48fe3717881219ea5196d7e0335d"",""prices_path"":""/Users/facundogalmarini/Desktop/price_guide_6 (1).json"",""prices_sha256"":""86282c2015adc332db82ce65d162f6cc44dc0bb3208b8bfedd952268ffafa145"",""products_path"":""/Users/facundogalmarini/Desktop/products_singles_6 (1).json"",""products_sha256"":""318cdf83b38813443530bb4d14f770ed0c1225be9ad87ddebbbee00b097613b5""}}"
719490,23403,048,Venonat,foil,"[""low-holo"",""trend-holo"",""avg1-holo"",""avg7-holo"",""avg30-holo""]","[""low-holo"",""trend-holo"",""avg1-holo"",""avg7-holo"",""avg30-holo""]",EXACT,AMBIGUOUS,False,,"[25255,25256]","[""normal"",""reverse_holo""]",multiple,multiple_physical_finish_candidates_without_family_specific_evidence,LOW,"Source fact: Price Guide exposes foil columns ['low-holo', 'trend-holo', 'avg1-holo', 'avg7-holo', 'avg30-holo']; source fact: canonical scope exposes compatible finishes ['normal', 'reverse_holo']. Inference withheld: no Cardmarket source field identifies this metric family with one finish.","{""canonical_source"":{""canonical_card_id"":23403,""canonical_number"":""048"",""status"":""EXACT""},""cardmarket_source"":{""idMetacard"":421127,""idProduct"":719490,""name"":""Venonat [Gnaw | Beam]""},""inference"":{""base_to_finish"":""not inferred"",""foil_to_finish"":""not inferred""},""physical_candidates"":[{""art_kind"":""unknown"",""card_id"":25255,""finish"":""normal"",""rarity"":""Common""},{""art_kind"":""unknown"",""card_id"":25256,""finish"":""reverse_holo"",""rarity"":""Common""}],""source_fields_audited"":{""all_expected_columns_present"":true,""base_columns"":[""low"",""trend"",""avg1"",""avg7"",""avg30""],""foil_columns"":[""low-holo"",""trend-holo"",""avg1-holo"",""avg7-holo"",""avg30-holo""],""observed_metric_columns"":[""avg1"",""avg1-holo"",""avg30"",""avg30-holo"",""avg7"",""avg7-holo"",""low"",""low-holo"",""trend"",""trend-holo""],""unexpected_metric_columns"":[""avg"",""avg-holo""]},""source_files"":{""discovery_mapping_sha256"":""81b5c2edaebda0de843c7f6b13a9710e731d48fe3717881219ea5196d7e0335d"",""prices_path"":""/Users/facundogalmarini/Desktop/price_guide_6 (1).json"",""prices_sha256"":""86282c2015adc332db82ce65d162f6cc44dc0bb3208b8bfedd952268ffafa145"",""products_path"":""/Users/facundogalmarini/Desktop/products_singles_6 (1).json"",""products_sha256"":""318cdf83b38813443530bb4d14f770ed0c1225be9ad87ddebbbee00b097613b5""}}"
719491,23404,049,Venomoth,base,"[""low"",""trend"",""avg1"",""avg7"",""avg30""]","[""low"",""trend"",""avg1"",""avg7"",""avg30""]",EXACT,AMBIGUOUS,False,,"[25257,25258]","[""normal"",""reverse_holo""]",multiple,multiple_physical_finish_candidates_without_family_specific_evidence,LOW,"Source fact: Price Guide exposes base columns ['low', 'trend', 'avg1', 'avg7', 'avg30']; source fact: canonical scope exposes compatible finishes ['normal', 'reverse_holo']. Inference withheld: no Cardmarket source field identifies this metric family with one finish.","{""canonical_source"":{""canonical_card_id"":23404,""canonical_number"":""049"",""status"":""EXACT""},""cardmarket_source"":{""idMetacard"":421128,""idProduct"":719491,""name"":""Venomoth [Perplexing Powder | Speed Wing]""},""inference"":{""base_to_finish"":""not inferred"",""foil_to_finish"":""not inferred""},""physical_candidates"":[{""art_kind"":""unknown"",""card_id"":25257,""finish"":""normal"",""rarity"":""Uncommon""},{""art_kind"":""unknown"",""card_id"":25258,""finish"":""reverse_holo"",""rarity"":""Uncommon""}],""source_fields_audited"":{""all_expected_columns_present"":true,""base_columns"":[""low"",""trend"",""avg1"",""avg7"",""avg30""],""foil_columns"":[""low-holo"",""trend-holo"",""avg1-holo"",""avg7-holo"",""avg30-holo""],""observed_metric_columns"":[""avg1"",""avg1-holo"",""avg30"",""avg30-holo"",""avg7"",""avg7-holo"",""low"",""low-holo"",""trend"",""trend-holo""],""unexpected_metric_columns"":[""avg"",""avg-holo""]},""source_files"":{""discovery_mapping_sha256"":""81b5c2edaebda0de843c7f6b13a9710e731d48fe3717881219ea5196d7e0335d"",""prices_path"":""/Users/facundogalmarini/Desktop/price_guide_6 (1).json"",""prices_sha256"":""86282c2015adc332db82ce65d162f6cc44dc0bb3208b8bfedd952268ffafa145"",""products_path"":""/Users/facundogalmarini/Desktop/products_singles_6 (1).json"",""products_sha256"":""318cdf83b38813443530bb4d14f770ed0c1225be9ad87ddebbbee00b097613b5""}}"
719491,23404,049,Venomoth,foil,"[""low-holo"",""trend-holo"",""avg1-holo"",""avg7-holo"",""avg30-holo""]","[""low-holo"",""trend-holo"",""avg1-holo"",""avg7-holo"",""avg30-holo""]",EXACT,AMBIGUOUS,False,,"[25257,25258]","[""normal"",""reverse_holo""]",multiple,multiple_physical_finish_candidates_without_family_specific_evidence,LOW,"Source fact: Price Guide exposes foil columns ['low-holo', 'trend-holo', 'avg1-holo', 'avg7-holo', 'avg30-holo']; source fact: canonical scope exposes compatible finishes ['normal', 'reverse_holo']. Inference withheld: no Cardmarket source field identifies this metric family with one finish.","{""canonical_source"":{""canonical_card_id"":23404,""canonical_number"":""049"",""status"":""EXACT""},""cardmarket_source"":{""idMetacard"":421128,""idProduct"":719491,""name"":""Venomoth [Perplexing Powder | Speed Wing]""},""inference"":{""base_to_finish"":""not inferred"",""foil_to_finish"":""not inferred""},""physical_candidates"":[{""art_kind"":""unknown"",""card_id"":25257,""finish"":""normal"",""rarity"":""Uncommon""},{""art_kind"":""unknown"",""card_id"":25258,""finish"":""reverse_holo"",""rarity"":""Uncommon""}],""source_fields_audited"":{""all_expected_columns_present"":true,""base_columns"":[""low"",""trend"",""avg1"",""avg7"",""avg30""],""foil_columns"":[""low-holo"",""trend-holo"",""avg1-holo"",""avg7-holo"",""avg30-holo""],""observed_metric_columns"":[""avg1"",""avg1-holo"",""avg30"",""avg30-holo"",""avg7"",""avg7-holo"",""low"",""low-holo"",""trend"",""trend-holo""],""unexpected_metric_columns"":[""avg"",""avg-holo""]},""source_files"":{""discovery_mapping_sha256"":""81b5c2edaebda0de843c7f6b13a9710e731d48fe3717881219ea5196d7e0335d"",""prices_path"":""/Users/facundogalmarini/Desktop/price_guide_6 (1).json"",""prices_sha256"":""86282c2015adc332db82ce65d162f6cc44dc0bb3208b8bfedd952268ffafa145"",""products_path"":""/Users/facundogalmarini/Desktop/products_singles_6 (1).json"",""products_sha256"":""318cdf83b38813443530bb4d14f770ed0c1225be9ad87ddebbbee00b097613b5""}}"
719492,23405,050,Diglett,base,"[""low"",""trend"",""avg1"",""avg7"",""avg30""]","[""low"",""trend"",""avg1"",""avg7"",""avg30""]",EXACT,AMBIGUOUS,False,,"[25259,25260]","[""normal"",""reverse_holo""]",multiple,multiple_physical_finish_candidates_without_family_specific_evidence,LOW,"Source fact: Price Guide exposes base columns ['low', 'trend', 'avg1', 'avg7', 'avg30']; source fact: canonical scope exposes compatible finishes ['normal', 'reverse_holo']. Inference withheld: no Cardmarket source field identifies this metric family with one finish.","{""canonical_source"":{""canonical_card_id"":23405,""canonical_number"":""050"",""status"":""EXACT""},""cardmarket_source"":{""idMetacard"":421129,""idProduct"":719492,""name"":""Diglett [Headbutt Bounce | Mud-Slap]""},""inference"":{""base_to_finish"":""not inferred"",""foil_to_finish"":""not inferred""},""physical_candidates"":[{""art_kind"":""unknown"",""card_id"":25259,""finish"":""normal"",""rarity"":""Common""},{""art_kind"":""unknown"",""card_id"":25260,""finish"":""reverse_holo"",""rarity"":""Common""}],""source_fields_audited"":{""all_expected_columns_present"":true,""base_columns"":[""low"",""trend"",""avg1"",""avg7"",""avg30""],""foil_columns"":[""low-holo"",""trend-holo"",""avg1-holo"",""avg7-holo"",""avg30-holo""],""observed_metric_columns"":[""avg1"",""avg1-holo"",""avg30"",""avg30-holo"",""avg7"",""avg7-holo"",""low"",""low-holo"",""trend"",""trend-holo""],""unexpected_metric_columns"":[""avg"",""avg-holo""]},""source_files"":{""discovery_mapping_sha256"":""81b5c2edaebda0de843c7f6b13a9710e731d48fe3717881219ea5196d7e0335d"",""prices_path"":""/Users/facundogalmarini/Desktop/price_guide_6 (1).json"",""prices_sha256"":""86282c2015adc332db82ce65d162f6cc44dc0bb3208b8bfedd952268ffafa145"",""products_path"":""/Users/facundogalmarini/Desktop/products_singles_6 (1).json"",""products_sha256"":""318cdf83b38813443530bb4d14f770ed0c1225be9ad87ddebbbee00b097613b5""}}"
719492,23405,050,Diglett,foil,"[""low-holo"",""trend-holo"",""avg1-holo"",""avg7-holo"",""avg30-holo""]","[""low-holo"",""trend-holo"",""avg1-holo"",""avg7-holo"",""avg30-holo""]",EXACT,AMBIGUOUS,False,,"[25259,25260]","[""normal"",""reverse_holo""]",multiple,multiple_physical_finish_candidates_without_family_specific_evidence,LOW,"Source fact: Price Guide exposes foil columns ['low-holo', 'trend-holo', 'avg1-holo', 'avg7-holo', 'avg30-holo']; source fact: canonical scope exposes compatible finishes ['normal', 'reverse_holo']. Inference withheld: no Cardmarket source field identifies this metric family with one finish.","{""canonical_source"":{""canonical_card_id"":23405,""canonical_number"":""050"",""status"":""EXACT""},""cardmarket_source"":{""idMetacard"":421129,""idProduct"":719492,""name"":""Diglett [Headbutt Bounce | Mud-Slap]""},""inference"":{""base_to_finish"":""not inferred"",""foil_to_finish"":""not inferred""},""physical_candidates"":[{""art_kind"":""unknown"",""card_id"":25259,""finish"":""normal"",""rarity"":""Common""},{""art_kind"":""unknown"",""card_id"":25260,""finish"":""reverse_holo"",""rarity"":""Common""}],""source_fields_audited"":{""all_expected_columns_present"":true,""base_columns"":[""low"",""trend"",""avg1"",""avg7"",""avg30""],""foil_columns"":[""low-holo"",""trend-holo"",""avg1-holo"",""avg7-holo"",""avg30-holo""],""observed_metric_columns"":[""avg1"",""avg1-holo"",""avg30"",""avg30-holo"",""avg7"",""avg7-holo"",""low"",""low-holo"",""trend"",""trend-holo""],""unexpected_metric_columns"":[""avg"",""avg-holo""]},""source_files"":{""discovery_mapping_sha256"":""81b5c2edaebda0de843c7f6b13a9710e731d48fe3717881219ea5196d7e0335d"",""prices_path"":""/Users/facundogalmarini/Desktop/price_guide_6 (1).json"",""prices_sha256"":""86282c2015adc332db82ce65d162f6cc44dc0bb3208b8bfedd952268ffafa145"",""products_path"":""/Users/facundogalmarini/Desktop/products_singles_6 (1).json"",""products_sha256"":""318cdf83b38813443530bb4d14f770ed0c1225be9ad87ddebbbee00b097613b5""}}"
719493,23406,051,Dugtrio,base,"[""low"",""trend"",""avg1"",""avg7"",""avg30""]","[""low"",""trend"",""avg1"",""avg7"",""avg30""]",EXACT,AMBIGUOUS,False,,"[25261,25262]","[""normal"",""reverse_holo""]",multiple,multiple_physical_finish_candidates_without_family_specific_evidence,LOW,"Source fact: Price Guide exposes base columns ['low', 'trend', 'avg1', 'avg7', 'avg30']; source fact: canonical scope exposes compatible finishes ['normal', 'reverse_holo']. Inference withheld: no Cardmarket source field identifies this metric family with one finish.","{""canonical_source"":{""canonical_card_id"":23406,""canonical_number"":""051"",""status"":""EXACT""},""cardmarket_source"":{""idMetacard"":421130,""idProduct"":719493,""name"":""Dugtrio [Headbutt Bounce | Mud Bomb]""},""inference"":{""base_to_finish"":""not inferred"",""foil_to_finish"":""not inferred""},""physical_candidates"":[{""art_kind"":""unknown"",""card_id"":25261,""finish"":""normal"",""rarity"":""Uncommon""},{""art_kind"":""unknown"",""card_id"":25262,""finish"":""reverse_holo"",""rarity"":""Uncommon""}],""source_fields_audited"":{""all_expected_columns_present"":true,""base_columns"":[""low"",""trend"",""avg1"",""avg7"",""avg30""],""foil_columns"":[""low-holo"",""trend-holo"",""avg1-holo"",""avg7-holo"",""avg30-holo""],""observed_metric_columns"":[""avg1"",""avg1-holo"",""avg30"",""avg30-holo"",""avg7"",""avg7-holo"",""low"",""low-holo"",""trend"",""trend-holo""],""unexpected_metric_columns"":[""avg"",""avg-holo""]},""source_files"":{""discovery_mapping_sha256"":""81b5c2edaebda0de843c7f6b13a9710e731d48fe3717881219ea5196d7e0335d"",""prices_path"":""/Users/facundogalmarini/Desktop/price_guide_6 (1).json"",""prices_sha256"":""86282c2015adc332db82ce65d162f6cc44dc0bb3208b8bfedd952268ffafa145"",""products_path"":""/Users/facundogalmarini/Desktop/products_singles_6 (1).json"",""products_sha256"":""318cdf83b38813443530bb4d14f770ed0c1225be9ad87ddebbbee00b097613b5""}}"
719493,23406,051,Dugtrio,foil,"[""low-holo"",""trend-holo"",""avg1-holo"",""avg7-holo"",""avg30-holo""]","[""low-holo"",""trend-holo"",""avg1-holo"",""avg7-holo"",""avg30-holo""]",EXACT,AMBIGUOUS,False,,"[25261,25262]","[""normal"",""reverse_holo""]",multiple,multiple_physical_finish_candidates_without_family_specific_evidence,LOW,"Source fact: Price Guide exposes foil columns ['low-holo', 'trend-holo', 'avg1-holo', 'avg7-holo', 'avg30-holo']; source fact: canonical scope exposes compatible finishes ['normal', 'reverse_holo']. Inference withheld: no Cardmarket source field identifies this metric family with one finish.","{""canonical_source"":{""canonical_card_id"":23406,""canonical_number"":""051"",""status"":""EXACT""},""cardmarket_source"":{""idMetacard"":421130,""idProduct"":719493,""name"":""Dugtrio [Headbutt Bounce | Mud Bomb]""},""inference"":{""base_to_finish"":""not inferred"",""foil_to_finish"":""not inferred""},""physical_candidates"":[{""art_kind"":""unknown"",""card_id"":25261,""finish"":""normal"",""rarity"":""Uncommon""},{""art_kind"":""unknown"",""card_id"":25262,""finish"":""reverse_holo"",""rarity"":""Uncommon""}],""source_fields_audited"":{""all_expected_columns_present"":true,""base_columns"":[""low"",""trend"",""avg1"",""avg7"",""avg30""],""foil_columns"":[""low-holo"",""trend-holo"",""avg1-holo"",""avg7-holo"",""avg30-holo""],""observed_metric_columns"":[""avg1"",""avg1-holo"",""avg30"",""avg30-holo"",""avg7"",""avg7-holo"",""low"",""low-holo"",""trend"",""trend-holo""],""unexpected_metric_columns"":[""avg"",""avg-holo""]},""source_files"":{""discovery_mapping_sha256"":""81b5c2edaebda0de843c7f6b13a9710e731d48fe3717881219ea5196d7e0335d"",""prices_path"":""/Users/facundogalmarini/Desktop/price_guide_6 (1).json"",""prices_sha256"":""86282c2015adc332db82ce65d162f6cc44dc0bb3208b8bfedd952268ffafa145"",""products_path"":""/Users/facundogalmarini/Desktop/products_singles_6 (1).json"",""products_sha256"":""318cdf83b38813443530bb4d14f770ed0c1225be9ad87ddebbbee00b097613b5""}}"
719494,23407,052,Meowth,base,"[""low"",""trend"",""avg1"",""avg7"",""avg30""]","[""low"",""trend"",""avg1"",""avg7"",""avg30""]",EXACT,AMBIGUOUS,False,,"[25263,25264]","[""normal"",""reverse_holo""]",multiple,multiple_physical_finish_candidates_without_family_specific_evidence,LOW,"Source fact: Price Guide exposes base columns ['low', 'trend', 'avg1', 'avg7', 'avg30']; source fact: canonical scope exposes compatible finishes ['normal', 'reverse_holo']. Inference withheld: no Cardmarket source field identifies this metric family with one finish.","{""canonical_source"":{""canonical_card_id"":23407,""canonical_number"":""052"",""status"":""EXACT""},""cardmarket_source"":{""idMetacard"":421131,""idProduct"":719494,""name"":""Meowth [Come Here Right Meow | Dig Claws]""},""inference"":{""base_to_finish"":""not inferred"",""foil_to_finish"":""not inferred""},""physical_candidates"":[{""art_kind"":""unknown"",""card_id"":25263,""finish"":""normal"",""rarity"":""Common""},{""art_kind"":""unknown"",""card_id"":25264,""finish"":""reverse_holo"",""rarity"":""Common""}],""source_fields_audited"":{""all_expected_columns_present"":true,""base_columns"":[""low"",""trend"",""avg1"",""avg7"",""avg30""],""foil_columns"":[""low-holo"",""trend-holo"",""avg1-holo"",""avg7-holo"",""avg30-holo""],""observed_metric_columns"":[""avg1"",""avg1-holo"",""avg30"",""avg30-holo"",""avg7"",""avg7-holo"",""low"",""low-holo"",""trend"",""trend-holo""],""unexpected_metric_columns"":[""avg"",""avg-holo""]},""source_files"":{""discovery_mapping_sha256"":""81b5c2edaebda0de843c7f6b13a9710e731d48fe3717881219ea5196d7e0335d"",""prices_path"":""/Users/facundogalmarini/Desktop/price_guide_6 (1).json"",""prices_sha256"":""86282c2015adc332db82ce65d162f6cc44dc0bb3208b8bfedd952268ffafa145"",""products_path"":""/Users/facundogalmarini/Desktop/products_singles_6 (1).json"",""products_sha256"":""318cdf83b38813443530bb4d14f770ed0c1225be9ad87ddebbbee00b097613b5""}}"
719494,23407,052,Meowth,foil,"[""low-holo"",""trend-holo"",""avg1-holo"",""avg7-holo"",""avg30-holo""]","[""low-holo"",""trend-holo"",""avg1-holo"",""avg7-holo"",""avg30-holo""]",EXACT,AMBIGUOUS,False,,"[25263,25264]","[""normal"",""reverse_holo""]",multiple,multiple_physical_finish_candidates_without_family_specific_evidence,LOW,"Source fact: Price Guide exposes foil columns ['low-holo', 'trend-holo', 'avg1-holo', 'avg7-holo', 'avg30-holo']; source fact: canonical scope exposes compatible finishes ['normal', 'reverse_holo']. Inference withheld: no Cardmarket source field identifies this metric family with one finish.","{""canonical_source"":{""canonical_card_id"":23407,""canonical_number"":""052"",""status"":""EXACT""},""cardmarket_source"":{""idMetacard"":421131,""idProduct"":719494,""name"":""Meowth [Come Here Right Meow | Dig Claws]""},""inference"":{""base_to_finish"":""not inferred"",""foil_to_finish"":""not inferred""},""physical_candidates"":[{""art_kind"":""unknown"",""card_id"":25263,""finish"":""normal"",""rarity"":""Common""},{""art_kind"":""unknown"",""card_id"":25264,""finish"":""reverse_holo"",""rarity"":""Common""}],""source_fields_audited"":{""all_expected_columns_present"":true,""base_columns"":[""low"",""trend"",""avg1"",""avg7"",""avg30""],""foil_columns"":[""low-holo"",""trend-holo"",""avg1-holo"",""avg7-holo"",""avg30-holo""],""observed_metric_columns"":[""avg1"",""avg1-holo"",""avg30"",""avg30-holo"",""avg7"",""avg7-holo"",""low"",""low-holo"",""trend"",""trend-holo""],""unexpected_metric_columns"":[""avg"",""avg-holo""]},""source_files"":{""discovery_mapping_sha256"":""81b5c2edaebda0de843c7f6b13a9710e731d48fe3717881219ea5196d7e0335d"",""prices_path"":""/Users/facundogalmarini/Desktop/price_guide_6 (1).json"",""prices_sha256"":""86282c2015adc332db82ce65d162f6cc44dc0bb3208b8bfedd952268ffafa145"",""products_path"":""/Users/facundogalmarini/Desktop/products_singles_6 (1).json"",""products_sha256"":""318cdf83b38813443530bb4d14f770ed0c1225be9ad87ddebbbee00b097613b5""}}"
719495,23408,053,Persian,base,"[""low"",""trend"",""avg1"",""avg7"",""avg30""]","[""low"",""trend"",""avg1"",""avg7"",""avg30""]",EXACT,AMBIGUOUS,False,,"[25265,25266]","[""normal"",""reverse_holo""]",multiple,multiple_physical_finish_candidates_without_family_specific_evidence,LOW,"Source fact: Price Guide exposes base columns ['low', 'trend', 'avg1', 'avg7', 'avg30']; source fact: canonical scope exposes compatible finishes ['normal', 'reverse_holo']. Inference withheld: no Cardmarket source field identifies this metric family with one finish.","{""canonical_source"":{""canonical_card_id"":23408,""canonical_number"":""053"",""status"":""EXACT""},""cardmarket_source"":{""idMetacard"":421132,""idProduct"":719495,""name"":""Persian [Rocket Call | Slash]""},""inference"":{""base_to_finish"":""not inferred"",""foil_to_finish"":""not inferred""},""physical_candidates"":[{""art_kind"":""unknown"",""card_id"":25265,""finish"":""normal"",""rarity"":""Uncommon""},{""art_kind"":""unknown"",""card_id"":25266,""finish"":""reverse_holo"",""rarity"":""Uncommon""}],""source_fields_audited"":{""all_expected_columns_present"":true,""base_columns"":[""low"",""trend"",""avg1"",""avg7"",""avg30""],""foil_columns"":[""low-holo"",""trend-holo"",""avg1-holo"",""avg7-holo"",""avg30-holo""],""observed_metric_columns"":[""avg1"",""avg1-holo"",""avg30"",""avg30-holo"",""avg7"",""avg7-holo"",""low"",""low-holo"",""trend"",""trend-holo""],""unexpected_metric_columns"":[""avg"",""avg-holo""]},""source_files"":{""discovery_mapping_sha256"":""81b5c2edaebda0de843c7f6b13a9710e731d48fe3717881219ea5196d7e0335d"",""prices_path"":""/Users/facundogalmarini/Desktop/price_guide_6 (1).json"",""prices_sha256"":""86282c2015adc332db82ce65d162f6cc44dc0bb3208b8bfedd952268ffafa145"",""products_path"":""/Users/facundogalmarini/Desktop/products_singles_6 (1).json"",""products_sha256"":""318cdf83b38813443530bb4d14f770ed0c1225be9ad87ddebbbee00b097613b5""}}"
719495,23408,053,Persian,foil,"[""low-holo"",""trend-holo"",""avg1-holo"",""avg7-holo"",""avg30-holo""]","[""low-holo"",""trend-holo"",""avg1-holo"",""avg7-holo"",""avg30-holo""]",EXACT,AMBIGUOUS,False,,"[25265,25266]","[""normal"",""reverse_holo""]",multiple,multiple_physical_finish_candidates_without_family_specific_evidence,LOW,"Source fact: Price Guide exposes foil columns ['low-holo', 'trend-holo', 'avg1-holo', 'avg7-holo', 'avg30-holo']; source fact: canonical scope exposes compatible finishes ['normal', 'reverse_holo']. Inference withheld: no Cardmarket source field identifies this metric family with one finish.","{""canonical_source"":{""canonical_card_id"":23408,""canonical_number"":""053"",""status"":""EXACT""},""cardmarket_source"":{""idMetacard"":421132,""idProduct"":719495,""name"":""Persian [Rocket Call | Slash]""},""inference"":{""base_to_finish"":""not inferred"",""foil_to_finish"":""not inferred""},""physical_candidates"":[{""art_kind"":""unknown"",""card_id"":25265,""finish"":""normal"",""rarity"":""Uncommon""},{""art_kind"":""unknown"",""card_id"":25266,""finish"":""reverse_holo"",""rarity"":""Uncommon""}],""source_fields_audited"":{""all_expected_columns_present"":true,""base_columns"":[""low"",""trend"",""avg1"",""avg7"",""avg30""],""foil_columns"":[""low-holo"",""trend-holo"",""avg1-holo"",""avg7-holo"",""avg30-holo""],""observed_metric_columns"":[""avg1"",""avg1-holo"",""avg30"",""avg30-holo"",""avg7"",""avg7-holo"",""low"",""low-holo"",""trend"",""trend-holo""],""unexpected_metric_columns"":[""avg"",""avg-holo""]},""source_files"":{""discovery_mapping_sha256"":""81b5c2edaebda0de843c7f6b13a9710e731d48fe3717881219ea5196d7e0335d"",""prices_path"":""/Users/facundogalmarini/Desktop/price_guide_6 (1).json"",""prices_sha256"":""86282c2015adc332db82ce65d162f6cc44dc0bb3208b8bfedd952268ffafa145"",""products_path"":""/Users/facundogalmarini/Desktop/products_singles_6 (1).json"",""products_sha256"":""318cdf83b38813443530bb4d14f770ed0c1225be9ad87ddebbbee00b097613b5""}}"
719497,23410,055,Golduck,base,"[""low"",""trend"",""avg1"",""avg7"",""avg30""]","[""low"",""trend"",""avg1"",""avg7"",""avg30""]",EXACT,AMBIGUOUS,False,,"[25269,25270]","[""normal"",""reverse_holo""]",multiple,multiple_physical_finish_candidates_without_family_specific_evidence,LOW,"Source fact: Price Guide exposes base columns ['low', 'trend', 'avg1', 'avg7', 'avg30']; source fact: canonical scope exposes compatible finishes ['normal', 'reverse_holo']. Inference withheld: no Cardmarket source field identifies this metric family with one finish.","{""canonical_source"":{""canonical_card_id"":23410,""canonical_number"":""055"",""status"":""EXACT""},""cardmarket_source"":{""idMetacard"":421134,""idProduct"":719497,""name"":""Golduck [Aquatic Rescue | Super Splash]""},""inference"":{""base_to_finish"":""not inferred"",""foil_to_finish"":""not inferred""},""physical_candidates"":[{""art_kind"":""unknown"",""card_id"":25269,""finish"":""normal"",""rarity"":""Uncommon""},{""art_kind"":""unknown"",""card_id"":25270,""finish"":""reverse_holo"",""rarity"":""Uncommon""}],""source_fields_audited"":{""all_expected_columns_present"":true,""base_columns"":[""low"",""trend"",""avg1"",""avg7"",""avg30""],""foil_columns"":[""low-holo"",""trend-holo"",""avg1-holo"",""avg7-holo"",""avg30-holo""],""observed_metric_columns"":[""avg1"",""avg1-holo"",""avg30"",""avg30-holo"",""avg7"",""avg7-holo"",""low"",""low-holo"",""trend"",""trend-holo""],""unexpected_metric_columns"":[""avg"",""avg-holo""]},""source_files"":{""discovery_mapping_sha256"":""81b5c2edaebda0de843c7f6b13a9710e731d48fe3717881219ea5196d7e0335d"",""prices_path"":""/Users/facundogalmarini/Desktop/price_guide_6 (1).json"",""prices_sha256"":""86282c2015adc332db82ce65d162f6cc44dc0bb3208b8bfedd952268ffafa145"",""products_path"":""/Users/facundogalmarini/Desktop/products_singles_6 (1).json"",""products_sha256"":""318cdf83b38813443530bb4d14f770ed0c1225be9ad87ddebbbee00b097613b5""}}"
719497,23410,055,Golduck,foil,"[""low-holo"",""trend-holo"",""avg1-holo"",""avg7-holo"",""avg30-holo""]","[""low-holo"",""trend-holo"",""avg1-holo"",""avg7-holo"",""avg30-holo""]",EXACT,AMBIGUOUS,False,,"[25269,25270]","[""normal"",""reverse_holo""]",multiple,multiple_physical_finish_candidates_without_family_specific_evidence,LOW,"Source fact: Price Guide exposes foil columns ['low-holo', 'trend-holo', 'avg1-holo', 'avg7-holo', 'avg30-holo']; source fact: canonical scope exposes compatible finishes ['normal', 'reverse_holo']. Inference withheld: no Cardmarket source field identifies this metric family with one finish.","{""canonical_source"":{""canonical_card_id"":23410,""canonical_number"":""055"",""status"":""EXACT""},""cardmarket_source"":{""idMetacard"":421134,""idProduct"":719497,""name"":""Golduck [Aquatic Rescue | Super Splash]""},""inference"":{""base_to_finish"":""not inferred"",""foil_to_finish"":""not inferred""},""physical_candidates"":[{""art_kind"":""unknown"",""card_id"":25269,""finish"":""normal"",""rarity"":""Uncommon""},{""art_kind"":""unknown"",""card_id"":25270,""finish"":""reverse_holo"",""rarity"":""Uncommon""}],""source_fields_audited"":{""all_expected_columns_present"":true,""base_columns"":[""low"",""trend"",""avg1"",""avg7"",""avg30""],""foil_columns"":[""low-holo"",""trend-holo"",""avg1-holo"",""avg7-holo"",""avg30-holo""],""observed_metric_columns"":[""avg1"",""avg1-holo"",""avg30"",""avg30-holo"",""avg7"",""avg7-holo"",""low"",""low-holo"",""trend"",""trend-holo""],""unexpected_metric_columns"":[""avg"",""avg-holo""]},""source_files"":{""discovery_mapping_sha256"":""81b5c2edaebda0de843c7f6b13a9710e731d48fe3717881219ea5196d7e0335d"",""prices_path"":""/Users/facundogalmarini/Desktop/price_guide_6 (1).json"",""prices_sha256"":""86282c2015adc332db82ce65d162f6cc44dc0bb3208b8bfedd952268ffafa145"",""products_path"":""/Users/facundogalmarini/Desktop/products_singles_6 (1).json"",""products_sha256"":""318cdf83b38813443530bb4d14f770ed0c1225be9ad87ddebbbee00b097613b5""}}"
719498,23411,056,Mankey,base,"[""low"",""trend"",""avg1"",""avg7"",""avg30""]","[""low"",""trend"",""avg1"",""avg7"",""avg30""]",EXACT,AMBIGUOUS,False,,"[25271,25272]","[""normal"",""reverse_holo""]",multiple,multiple_physical_finish_candidates_without_family_specific_evidence,LOW,"Source fact: Price Guide exposes base columns ['low', 'trend', 'avg1', 'avg7', 'avg30']; source fact: canonical scope exposes compatible finishes ['normal', 'reverse_holo']. Inference withheld: no Cardmarket source field identifies this metric family with one finish.","{""canonical_source"":{""canonical_card_id"":23411,""canonical_number"":""056"",""status"":""EXACT""},""cardmarket_source"":{""idMetacard"":421135,""idProduct"":719498,""name"":""Mankey [Thrash]""},""inference"":{""base_to_finish"":""not inferred"",""foil_to_finish"":""not inferred""},""physical_candidates"":[{""art_kind"":""unknown"",""card_id"":25271,""finish"":""normal"",""rarity"":""Common""},{""art_kind"":""unknown"",""card_id"":25272,""finish"":""reverse_holo"",""rarity"":""Common""}],""source_fields_audited"":{""all_expected_columns_present"":true,""base_columns"":[""low"",""trend"",""avg1"",""avg7"",""avg30""],""foil_columns"":[""low-holo"",""trend-holo"",""avg1-holo"",""avg7-holo"",""avg30-holo""],""observed_metric_columns"":[""avg1"",""avg1-holo"",""avg30"",""avg30-holo"",""avg7"",""avg7-holo"",""low"",""low-holo"",""trend"",""trend-holo""],""unexpected_metric_columns"":[""avg"",""avg-holo""]},""source_files"":{""discovery_mapping_sha256"":""81b5c2edaebda0de843c7f6b13a9710e731d48fe3717881219ea5196d7e0335d"",""prices_path"":""/Users/facundogalmarini/Desktop/price_guide_6 (1).json"",""prices_sha256"":""86282c2015adc332db82ce65d162f6cc44dc0bb3208b8bfedd952268ffafa145"",""products_path"":""/Users/facundogalmarini/Desktop/products_singles_6 (1).json"",""products_sha256"":""318cdf83b38813443530bb4d14f770ed0c1225be9ad87ddebbbee00b097613b5""}}"
719498,23411,056,Mankey,foil,"[""low-holo"",""trend-holo"",""avg1-holo"",""avg7-holo"",""avg30-holo""]","[""low-holo"",""trend-holo"",""avg1-holo"",""avg7-holo"",""avg30-holo""]",EXACT,AMBIGUOUS,False,,"[25271,25272]","[""normal"",""reverse_holo""]",multiple,multiple_physical_finish_candidates_without_family_specific_evidence,LOW,"Source fact: Price Guide exposes foil columns ['low-holo', 'trend-holo', 'avg1-holo', 'avg7-holo', 'avg30-holo']; source fact: canonical scope exposes compatible finishes ['normal', 'reverse_holo']. Inference withheld: no Cardmarket source field identifies this metric family with one finish.","{""canonical_source"":{""canonical_card_id"":23411,""canonical_number"":""056"",""status"":""EXACT""},""cardmarket_source"":{""idMetacard"":421135,""idProduct"":719498,""name"":""Mankey [Thrash]""},""inference"":{""base_to_finish"":""not inferred"",""foil_to_finish"":""not inferred""},""physical_candidates"":[{""art_kind"":""unknown"",""card_id"":25271,""finish"":""normal"",""rarity"":""Common""},{""art_kind"":""unknown"",""card_id"":25272,""finish"":""reverse_holo"",""rarity"":""Common""}],""source_fields_audited"":{""all_expected_columns_present"":true,""base_columns"":[""low"",""trend"",""avg1"",""avg7"",""avg30""],""foil_columns"":[""low-holo"",""trend-holo"",""avg1-holo"",""avg7-holo"",""avg30-holo""],""observed_metric_columns"":[""avg1"",""avg1-holo"",""avg30"",""avg30-holo"",""avg7"",""avg7-holo"",""low"",""low-holo"",""trend"",""trend-holo""],""unexpected_metric_columns"":[""avg"",""avg-holo""]},""source_files"":{""discovery_mapping_sha256"":""81b5c2edaebda0de843c7f6b13a9710e731d48fe3717881219ea5196d7e0335d"",""prices_path"":""/Users/facundogalmarini/Desktop/price_guide_6 (1).json"",""prices_sha256"":""86282c2015adc332db82ce65d162f6cc44dc0bb3208b8bfedd952268ffafa145"",""products_path"":""/Users/facundogalmarini/Desktop/products_singles_6 (1).json"",""products_sha256"":""318cdf83b38813443530bb4d14f770ed0c1225be9ad87ddebbbee00b097613b5""}}"
719499,23412,057,Primeape,base,"[""low"",""trend"",""avg1"",""avg7"",""avg30""]","[""low"",""trend"",""avg1"",""avg7"",""avg30""]",EXACT,AMBIGUOUS,False,,"[25273,25274]","[""normal"",""reverse_holo""]",multiple,multiple_physical_finish_candidates_without_family_specific_evidence,LOW,"Source fact: Price Guide exposes base columns ['low', 'trend', 'avg1', 'avg7', 'avg30']; source fact: canonical scope exposes compatible finishes ['normal', 'reverse_holo']. Inference withheld: no Cardmarket source field identifies this metric family with one finish.","{""canonical_source"":{""canonical_card_id"":23412,""canonical_number"":""057"",""status"":""EXACT""},""cardmarket_source"":{""idMetacard"":421136,""idProduct"":719499,""name"":""Primeape [Rant and Rave | Raging Smash]""},""inference"":{""base_to_finish"":""not inferred"",""foil_to_finish"":""not inferred""},""physical_candidates"":[{""art_kind"":""unknown"",""card_id"":25273,""finish"":""normal"",""rarity"":""Uncommon""},{""art_kind"":""unknown"",""card_id"":25274,""finish"":""reverse_holo"",""rarity"":""Uncommon""}],""source_fields_audited"":{""all_expected_columns_present"":true,""base_columns"":[""low"",""trend"",""avg1"",""avg7"",""avg30""],""foil_columns"":[""low-holo"",""trend-holo"",""avg1-holo"",""avg7-holo"",""avg30-holo""],""observed_metric_columns"":[""avg1"",""avg1-holo"",""avg30"",""avg30-holo"",""avg7"",""avg7-holo"",""low"",""low-holo"",""trend"",""trend-holo""],""unexpected_metric_columns"":[""avg"",""avg-holo""]},""source_files"":{""discovery_mapping_sha256"":""81b5c2edaebda0de843c7f6b13a9710e731d48fe3717881219ea5196d7e0335d"",""prices_path"":""/Users/facundogalmarini/Desktop/price_guide_6 (1).json"",""prices_sha256"":""86282c2015adc332db82ce65d162f6cc44dc0bb3208b8bfedd952268ffafa145"",""products_path"":""/Users/facundogalmarini/Desktop/products_singles_6 (1).json"",""products_sha256"":""318cdf83b38813443530bb4d14f770ed0c1225be9ad87ddebbbee00b097613b5""}}"
719499,23412,057,Primeape,foil,"[""low-holo"",""trend-holo"",""avg1-holo"",""avg7-holo"",""avg30-holo""]","[""low-holo"",""trend-holo"",""avg1-holo"",""avg7-holo"",""avg30-holo""]",EXACT,AMBIGUOUS,False,,"[25273,25274]","[""normal"",""reverse_holo""]",multiple,multiple_physical_finish_candidates_without_family_specific_evidence,LOW,"Source fact: Price Guide exposes foil columns ['low-holo', 'trend-holo', 'avg1-holo', 'avg7-holo', 'avg30-holo']; source fact: canonical scope exposes compatible finishes ['normal', 'reverse_holo']. Inference withheld: no Cardmarket source field identifies this metric family with one finish.","{""canonical_source"":{""canonical_card_id"":23412,""canonical_number"":""057"",""status"":""EXACT""},""cardmarket_source"":{""idMetacard"":421136,""idProduct"":719499,""name"":""Primeape [Rant and Rave | Raging Smash]""},""inference"":{""base_to_finish"":""not inferred"",""foil_to_finish"":""not inferred""},""physical_candidates"":[{""art_kind"":""unknown"",""card_id"":25273,""finish"":""normal"",""rarity"":""Uncommon""},{""art_kind"":""unknown"",""card_id"":25274,""finish"":""reverse_holo"",""rarity"":""Uncommon""}],""source_fields_audited"":{""all_expected_columns_present"":true,""base_columns"":[""low"",""trend"",""avg1"",""avg7"",""avg30""],""foil_columns"":[""low-holo"",""trend-holo"",""avg1-holo"",""avg7-holo"",""avg30-holo""],""observed_metric_columns"":[""avg1"",""avg1-holo"",""avg30"",""avg30-holo"",""avg7"",""avg7-holo"",""low"",""low-holo"",""trend"",""trend-holo""],""unexpected_metric_columns"":[""avg"",""avg-holo""]},""source_files"":{""discovery_mapping_sha256"":""81b5c2edaebda0de843c7f6b13a9710e731d48fe3717881219ea5196d7e0335d"",""prices_path"":""/Users/facundogalmarini/Desktop/price_guide_6 (1).json"",""prices_sha256"":""86282c2015adc332db82ce65d162f6cc44dc0bb3208b8bfedd952268ffafa145"",""products_path"":""/Users/facundogalmarini/Desktop/products_singles_6 (1).json"",""products_sha256"":""318cdf83b38813443530bb4d14f770ed0c1225be9ad87ddebbbee00b097613b5""}}"
719500,23413,058,Growlithe,base,"[""low"",""trend"",""avg1"",""avg7"",""avg30""]","[""low"",""trend"",""avg1"",""avg7"",""avg30""]",EXACT,AMBIGUOUS,False,,"[25275,25276]","[""normal"",""reverse_holo""]",multiple,multiple_physical_finish_candidates_without_family_specific_evidence,LOW,"Source fact: Price Guide exposes base columns ['low', 'trend', 'avg1', 'avg7', 'avg30']; source fact: canonical scope exposes compatible finishes ['normal', 'reverse_holo']. Inference withheld: no Cardmarket source field identifies this metric family with one finish.","{""canonical_source"":{""canonical_card_id"":23413,""canonical_number"":""058"",""status"":""EXACT""},""cardmarket_source"":{""idMetacard"":421137,""idProduct"":719500,""name"":""Growlithe [Vaporize]""},""inference"":{""base_to_finish"":""not inferred"",""foil_to_finish"":""not inferred""},""physical_candidates"":[{""art_kind"":""unknown"",""card_id"":25275,""finish"":""normal"",""rarity"":""Common""},{""art_kind"":""unknown"",""card_id"":25276,""finish"":""reverse_holo"",""rarity"":""Common""}],""source_fields_audited"":{""all_expected_columns_present"":true,""base_columns"":[""low"",""trend"",""avg1"",""avg7"",""avg30""],""foil_columns"":[""low-holo"",""trend-holo"",""avg1-holo"",""avg7-holo"",""avg30-holo""],""observed_metric_columns"":[""avg1"",""avg1-holo"",""avg30"",""avg30-holo"",""avg7"",""avg7-holo"",""low"",""low-holo"",""trend"",""trend-holo""],""unexpected_metric_columns"":[""avg"",""avg-holo""]},""source_files"":{""discovery_mapping_sha256"":""81b5c2edaebda0de843c7f6b13a9710e731d48fe3717881219ea5196d7e0335d"",""prices_path"":""/Users/facundogalmarini/Desktop/price_guide_6 (1).json"",""prices_sha256"":""86282c2015adc332db82ce65d162f6cc44dc0bb3208b8bfedd952268ffafa145"",""products_path"":""/Users/facundogalmarini/Desktop/products_singles_6 (1).json"",""products_sha256"":""318cdf83b38813443530bb4d14f770ed0c1225be9ad87ddebbbee00b097613b5""}}"
719500,23413,058,Growlithe,foil,"[""low-holo"",""trend-holo"",""avg1-holo"",""avg7-holo"",""avg30-holo""]","[""low-holo"",""trend-holo"",""avg1-holo"",""avg7-holo"",""avg30-holo""]",EXACT,AMBIGUOUS,False,,"[25275,25276]","[""normal"",""reverse_holo""]",multiple,multiple_physical_finish_candidates_without_family_specific_evidence,LOW,"Source fact: Price Guide exposes foil columns ['low-holo', 'trend-holo', 'avg1-holo', 'avg7-holo', 'avg30-holo']; source fact: canonical scope exposes compatible finishes ['normal', 'reverse_holo']. Inference withheld: no Cardmarket source field identifies this metric family with one finish.","{""canonical_source"":{""canonical_card_id"":23413,""canonical_number"":""058"",""status"":""EXACT""},""cardmarket_source"":{""idMetacard"":421137,""idProduct"":719500,""name"":""Growlithe [Vaporize]""},""inference"":{""base_to_finish"":""not inferred"",""foil_to_finish"":""not inferred""},""physical_candidates"":[{""art_kind"":""unknown"",""card_id"":25275,""finish"":""normal"",""rarity"":""Common""},{""art_kind"":""unknown"",""card_id"":25276,""finish"":""reverse_holo"",""rarity"":""Common""}],""source_fields_audited"":{""all_expected_columns_present"":true,""base_columns"":[""low"",""trend"",""avg1"",""avg7"",""avg30""],""foil_columns"":[""low-holo"",""trend-holo"",""avg1-holo"",""avg7-holo"",""avg30-holo""],""observed_metric_columns"":[""avg1"",""avg1-holo"",""avg30"",""avg30-holo"",""avg7"",""avg7-holo"",""low"",""low-holo"",""trend"",""trend-holo""],""unexpected_metric_columns"":[""avg"",""avg-holo""]},""source_files"":{""discovery_mapping_sha256"":""81b5c2edaebda0de843c7f6b13a9710e731d48fe3717881219ea5196d7e0335d"",""prices_path"":""/Users/facundogalmarini/Desktop/price_guide_6 (1).json"",""prices_sha256"":""86282c2015adc332db82ce65d162f6cc44dc0bb3208b8bfedd952268ffafa145"",""products_path"":""/Users/facundogalmarini/Desktop/products_singles_6 (1).json"",""products_sha256"":""318cdf83b38813443530bb4d14f770ed0c1225be9ad87ddebbbee00b097613b5""}}"
719501,23414,059,Arcanine,base,"[""low"",""trend"",""avg1"",""avg7"",""avg30""]","[""low"",""trend"",""avg1"",""avg7"",""avg30""]",EXACT,AMBIGUOUS,False,,"[25277,25278]","[""normal"",""reverse_holo""]",multiple,multiple_physical_finish_candidates_without_family_specific_evidence,LOW,"Source fact: Price Guide exposes base columns ['low', 'trend', 'avg1', 'avg7', 'avg30']; source fact: canonical scope exposes compatible finishes ['normal', 'reverse_holo']. Inference withheld: no Cardmarket source field identifies this metric family with one finish.","{""canonical_source"":{""canonical_card_id"":23414,""canonical_number"":""059"",""status"":""EXACT""},""cardmarket_source"":{""idMetacard"":421138,""idProduct"":719501,""name"":""Arcanine [Torrid Torrent | Dynamite Fang]""},""inference"":{""base_to_finish"":""not inferred"",""foil_to_finish"":""not inferred""},""physical_candidates"":[{""art_kind"":""unknown"",""card_id"":25277,""finish"":""normal"",""rarity"":""Uncommon""},{""art_kind"":""unknown"",""card_id"":25278,""finish"":""reverse_holo"",""rarity"":""Uncommon""}],""source_fields_audited"":{""all_expected_columns_present"":true,""base_columns"":[""low"",""trend"",""avg1"",""avg7"",""avg30""],""foil_columns"":[""low-holo"",""trend-holo"",""avg1-holo"",""avg7-holo"",""avg30-holo""],""observed_metric_columns"":[""avg1"",""avg1-holo"",""avg30"",""avg30-holo"",""avg7"",""avg7-holo"",""low"",""low-holo"",""trend"",""trend-holo""],""unexpected_metric_columns"":[""avg"",""avg-holo""]},""source_files"":{""discovery_mapping_sha256"":""81b5c2edaebda0de843c7f6b13a9710e731d48fe3717881219ea5196d7e0335d"",""prices_path"":""/Users/facundogalmarini/Desktop/price_guide_6 (1).json"",""prices_sha256"":""86282c2015adc332db82ce65d162f6cc44dc0bb3208b8bfedd952268ffafa145"",""products_path"":""/Users/facundogalmarini/Desktop/products_singles_6 (1).json"",""products_sha256"":""318cdf83b38813443530bb4d14f770ed0c1225be9ad87ddebbbee00b097613b5""}}"
719501,23414,059,Arcanine,foil,"[""low-holo"",""trend-holo"",""avg1-holo"",""avg7-holo"",""avg30-holo""]","[""low-holo"",""trend-holo"",""avg1-holo"",""avg7-holo"",""avg30-holo""]",EXACT,AMBIGUOUS,False,,"[25277,25278]","[""normal"",""reverse_holo""]",multiple,multiple_physical_finish_candidates_without_family_specific_evidence,LOW,"Source fact: Price Guide exposes foil columns ['low-holo', 'trend-holo', 'avg1-holo', 'avg7-holo', 'avg30-holo']; source fact: canonical scope exposes compatible finishes ['normal', 'reverse_holo']. Inference withheld: no Cardmarket source field identifies this metric family with one finish.","{""canonical_source"":{""canonical_card_id"":23414,""canonical_number"":""059"",""status"":""EXACT""},""cardmarket_source"":{""idMetacard"":421138,""idProduct"":719501,""name"":""Arcanine [Torrid Torrent | Dynamite Fang]""},""inference"":{""base_to_finish"":""not inferred"",""foil_to_finish"":""not inferred""},""physical_candidates"":[{""art_kind"":""unknown"",""card_id"":25277,""finish"":""normal"",""rarity"":""Uncommon""},{""art_kind"":""unknown"",""card_id"":25278,""finish"":""reverse_holo"",""rarity"":""Uncommon""}],""source_fields_audited"":{""all_expected_columns_present"":true,""base_columns"":[""low"",""trend"",""avg1"",""avg7"",""avg30""],""foil_columns"":[""low-holo"",""trend-holo"",""avg1-holo"",""avg7-holo"",""avg30-holo""],""observed_metric_columns"":[""avg1"",""avg1-holo"",""avg30"",""avg30-holo"",""avg7"",""avg7-holo"",""low"",""low-holo"",""trend"",""trend-holo""],""unexpected_metric_columns"":[""avg"",""avg-holo""]},""source_files"":{""discovery_mapping_sha256"":""81b5c2edaebda0de843c7f6b13a9710e731d48fe3717881219ea5196d7e0335d"",""prices_path"":""/Users/facundogalmarini/Desktop/price_guide_6 (1).json"",""prices_sha256"":""86282c2015adc332db82ce65d162f6cc44dc0bb3208b8bfedd952268ffafa145"",""products_path"":""/Users/facundogalmarini/Desktop/products_singles_6 (1).json"",""products_sha256"":""318cdf83b38813443530bb4d14f770ed0c1225be9ad87ddebbbee00b097613b5""}}"
719502,23415,060,Poliwag,base,"[""low"",""trend"",""avg1"",""avg7"",""avg30""]","[""low"",""trend"",""avg1"",""avg7"",""avg30""]",EXACT,AMBIGUOUS,False,,"[25279,25280]","[""normal"",""reverse_holo""]",multiple,multiple_physical_finish_candidates_without_family_specific_evidence,LOW,"Source fact: Price Guide exposes base columns ['low', 'trend', 'avg1', 'avg7', 'avg30']; source fact: canonical scope exposes compatible finishes ['normal', 'reverse_holo']. Inference withheld: no Cardmarket source field identifies this metric family with one finish.","{""canonical_source"":{""canonical_card_id"":23415,""canonical_number"":""060"",""status"":""EXACT""},""cardmarket_source"":{""idMetacard"":421139,""idProduct"":719502,""name"":""Poliwag [Bubble | 151]""},""inference"":{""base_to_finish"":""not inferred"",""foil_to_finish"":""not inferred""},""physical_candidates"":[{""art_kind"":""unknown"",""card_id"":25279,""finish"":""normal"",""rarity"":""Common""},{""art_kind"":""unknown"",""card_id"":25280,""finish"":""reverse_holo"",""rarity"":""Common""}],""source_fields_audited"":{""all_expected_columns_present"":true,""base_columns"":[""low"",""trend"",""avg1"",""avg7"",""avg30""],""foil_columns"":[""low-holo"",""trend-holo"",""avg1-holo"",""avg7-holo"",""avg30-holo""],""observed_metric_columns"":[""avg1"",""avg1-holo"",""avg30"",""avg30-holo"",""avg7"",""avg7-holo"",""low"",""low-holo"",""trend"",""trend-holo""],""unexpected_metric_columns"":[""avg"",""avg-holo""]},""source_files"":{""discovery_mapping_sha256"":""81b5c2edaebda0de843c7f6b13a9710e731d48fe3717881219ea5196d7e0335d"",""prices_path"":""/Users/facundogalmarini/Desktop/price_guide_6 (1).json"",""prices_sha256"":""86282c2015adc332db82ce65d162f6cc44dc0bb3208b8bfedd952268ffafa145"",""products_path"":""/Users/facundogalmarini/Desktop/products_singles_6 (1).json"",""products_sha256"":""318cdf83b38813443530bb4d14f770ed0c1225be9ad87ddebbbee00b097613b5""}}"
719502,23415,060,Poliwag,foil,"[""low-holo"",""trend-holo"",""avg1-holo"",""avg7-holo"",""avg30-holo""]","[""low-holo"",""trend-holo"",""avg1-holo"",""avg7-holo"",""avg30-holo""]",EXACT,AMBIGUOUS,False,,"[25279,25280]","[""normal"",""reverse_holo""]",multiple,multiple_physical_finish_candidates_without_family_specific_evidence,LOW,"Source fact: Price Guide exposes foil columns ['low-holo', 'trend-holo', 'avg1-holo', 'avg7-holo', 'avg30-holo']; source fact: canonical scope exposes compatible finishes ['normal', 'reverse_holo']. Inference withheld: no Cardmarket source field identifies this metric family with one finish.","{""canonical_source"":{""canonical_card_id"":23415,""canonical_number"":""060"",""status"":""EXACT""},""cardmarket_source"":{""idMetacard"":421139,""idProduct"":719502,""name"":""Poliwag [Bubble | 151]""},""inference"":{""base_to_finish"":""not inferred"",""foil_to_finish"":""not inferred""},""physical_candidates"":[{""art_kind"":""unknown"",""card_id"":25279,""finish"":""normal"",""rarity"":""Common""},{""art_kind"":""unknown"",""card_id"":25280,""finish"":""reverse_holo"",""rarity"":""Common""}],""source_fields_audited"":{""all_expected_columns_present"":true,""base_columns"":[""low"",""trend"",""avg1"",""avg7"",""avg30""],""foil_columns"":[""low-holo"",""trend-holo"",""avg1-holo"",""avg7-holo"",""avg30-holo""],""observed_metric_columns"":[""avg1"",""avg1-holo"",""avg30"",""avg30-holo"",""avg7"",""avg7-holo"",""low"",""low-holo"",""trend"",""trend-holo""],""unexpected_metric_columns"":[""avg"",""avg-holo""]},""source_files"":{""discovery_mapping_sha256"":""81b5c2edaebda0de843c7f6b13a9710e731d48fe3717881219ea5196d7e0335d"",""prices_path"":""/Users/facundogalmarini/Desktop/price_guide_6 (1).json"",""prices_sha256"":""86282c2015adc332db82ce65d162f6cc44dc0bb3208b8bfedd952268ffafa145"",""products_path"":""/Users/facundogalmarini/Desktop/products_singles_6 (1).json"",""products_sha256"":""318cdf83b38813443530bb4d14f770ed0c1225be9ad87ddebbbee00b097613b5""}}"
719504,23417,062,Poliwrath,base,"[""low"",""trend"",""avg1"",""avg7"",""avg30""]","[""low"",""trend"",""avg1"",""avg7"",""avg30""]",EXACT,AMBIGUOUS,False,,"[25283,25284]","[""normal"",""reverse_holo""]",multiple,multiple_physical_finish_candidates_without_family_specific_evidence,LOW,"Source fact: Price Guide exposes base columns ['low', 'trend', 'avg1', 'avg7', 'avg30']; source fact: canonical scope exposes compatible finishes ['normal', 'reverse_holo']. Inference withheld: no Cardmarket source field identifies this metric family with one finish.","{""canonical_source"":{""canonical_card_id"":23417,""canonical_number"":""062"",""status"":""EXACT""},""cardmarket_source"":{""idMetacard"":421141,""idProduct"":719504,""name"":""Poliwrath [Bubble Beam | Heroic Punch]""},""inference"":{""base_to_finish"":""not inferred"",""foil_to_finish"":""not inferred""},""physical_candidates"":[{""art_kind"":""unknown"",""card_id"":25283,""finish"":""normal"",""rarity"":""Uncommon""},{""art_kind"":""unknown"",""card_id"":25284,""finish"":""reverse_holo"",""rarity"":""Uncommon""}],""source_fields_audited"":{""all_expected_columns_present"":true,""base_columns"":[""low"",""trend"",""avg1"",""avg7"",""avg30""],""foil_columns"":[""low-holo"",""trend-holo"",""avg1-holo"",""avg7-holo"",""avg30-holo""],""observed_metric_columns"":[""avg1"",""avg1-holo"",""avg30"",""avg30-holo"",""avg7"",""avg7-holo"",""low"",""low-holo"",""trend"",""trend-holo""],""unexpected_metric_columns"":[""avg"",""avg-holo""]},""source_files"":{""discovery_mapping_sha256"":""81b5c2edaebda0de843c7f6b13a9710e731d48fe3717881219ea5196d7e0335d"",""prices_path"":""/Users/facundogalmarini/Desktop/price_guide_6 (1).json"",""prices_sha256"":""86282c2015adc332db82ce65d162f6cc44dc0bb3208b8bfedd952268ffafa145"",""products_path"":""/Users/facundogalmarini/Desktop/products_singles_6 (1).json"",""products_sha256"":""318cdf83b38813443530bb4d14f770ed0c1225be9ad87ddebbbee00b097613b5""}}"
719504,23417,062,Poliwrath,foil,"[""low-holo"",""trend-holo"",""avg1-holo"",""avg7-holo"",""avg30-holo""]","[""low-holo"",""trend-holo"",""avg1-holo"",""avg7-holo"",""avg30-holo""]",EXACT,AMBIGUOUS,False,,"[25283,25284]","[""normal"",""reverse_holo""]",multiple,multiple_physical_finish_candidates_without_family_specific_evidence,LOW,"Source fact: Price Guide exposes foil columns ['low-holo', 'trend-holo', 'avg1-holo', 'avg7-holo', 'avg30-holo']; source fact: canonical scope exposes compatible finishes ['normal', 'reverse_holo']. Inference withheld: no Cardmarket source field identifies this metric family with one finish.","{""canonical_source"":{""canonical_card_id"":23417,""canonical_number"":""062"",""status"":""EXACT""},""cardmarket_source"":{""idMetacard"":421141,""idProduct"":719504,""name"":""Poliwrath [Bubble Beam | Heroic Punch]""},""inference"":{""base_to_finish"":""not inferred"",""foil_to_finish"":""not inferred""},""physical_candidates"":[{""art_kind"":""unknown"",""card_id"":25283,""finish"":""normal"",""rarity"":""Uncommon""},{""art_kind"":""unknown"",""card_id"":25284,""finish"":""reverse_holo"",""rarity"":""Uncommon""}],""source_fields_audited"":{""all_expected_columns_present"":true,""base_columns"":[""low"",""trend"",""avg1"",""avg7"",""avg30""],""foil_columns"":[""low-holo"",""trend-holo"",""avg1-holo"",""avg7-holo"",""avg30-holo""],""observed_metric_columns"":[""avg1"",""avg1-holo"",""avg30"",""avg30-holo"",""avg7"",""avg7-holo"",""low"",""low-holo"",""trend"",""trend-holo""],""unexpected_metric_columns"":[""avg"",""avg-holo""]},""source_files"":{""discovery_mapping_sha256"":""81b5c2edaebda0de843c7f6b13a9710e731d48fe3717881219ea5196d7e0335d"",""prices_path"":""/Users/facundogalmarini/Desktop/price_guide_6 (1).json"",""prices_sha256"":""86282c2015adc332db82ce65d162f6cc44dc0bb3208b8bfedd952268ffafa145"",""products_path"":""/Users/facundogalmarini/Desktop/products_singles_6 (1).json"",""products_sha256"":""318cdf83b38813443530bb4d14f770ed0c1225be9ad87ddebbbee00b097613b5""}}"
719505,23418,063,Abra,base,"[""low"",""trend"",""avg1"",""avg7"",""avg30""]","[""low"",""trend"",""avg1"",""avg7"",""avg30""]",EXACT,AMBIGUOUS,False,,"[25285,25286]","[""normal"",""reverse_holo""]",multiple,multiple_physical_finish_candidates_without_family_specific_evidence,LOW,"Source fact: Price Guide exposes base columns ['low', 'trend', 'avg1', 'avg7', 'avg30']; source fact: canonical scope exposes compatible finishes ['normal', 'reverse_holo']. Inference withheld: no Cardmarket source field identifies this metric family with one finish.","{""canonical_source"":{""canonical_card_id"":23418,""canonical_number"":""063"",""status"":""EXACT""},""cardmarket_source"":{""idMetacard"":421142,""idProduct"":719505,""name"":""Abra [Psyshot]""},""inference"":{""base_to_finish"":""not inferred"",""foil_to_finish"":""not inferred""},""physical_candidates"":[{""art_kind"":""unknown"",""card_id"":25285,""finish"":""normal"",""rarity"":""Common""},{""art_kind"":""unknown"",""card_id"":25286,""finish"":""reverse_holo"",""rarity"":""Common""}],""source_fields_audited"":{""all_expected_columns_present"":true,""base_columns"":[""low"",""trend"",""avg1"",""avg7"",""avg30""],""foil_columns"":[""low-holo"",""trend-holo"",""avg1-holo"",""avg7-holo"",""avg30-holo""],""observed_metric_columns"":[""avg1"",""avg1-holo"",""avg30"",""avg30-holo"",""avg7"",""avg7-holo"",""low"",""low-holo"",""trend"",""trend-holo""],""unexpected_metric_columns"":[""avg"",""avg-holo""]},""source_files"":{""discovery_mapping_sha256"":""81b5c2edaebda0de843c7f6b13a9710e731d48fe3717881219ea5196d7e0335d"",""prices_path"":""/Users/facundogalmarini/Desktop/price_guide_6 (1).json"",""prices_sha256"":""86282c2015adc332db82ce65d162f6cc44dc0bb3208b8bfedd952268ffafa145"",""products_path"":""/Users/facundogalmarini/Desktop/products_singles_6 (1).json"",""products_sha256"":""318cdf83b38813443530bb4d14f770ed0c1225be9ad87ddebbbee00b097613b5""}}"
719505,23418,063,Abra,foil,"[""low-holo"",""trend-holo"",""avg1-holo"",""avg7-holo"",""avg30-holo""]","[""low-holo"",""trend-holo"",""avg1-holo"",""avg7-holo"",""avg30-holo""]",EXACT,AMBIGUOUS,False,,"[25285,25286]","[""normal"",""reverse_holo""]",multiple,multiple_physical_finish_candidates_without_family_specific_evidence,LOW,"Source fact: Price Guide exposes foil columns ['low-holo', 'trend-holo', 'avg1-holo', 'avg7-holo', 'avg30-holo']; source fact: canonical scope exposes compatible finishes ['normal', 'reverse_holo']. Inference withheld: no Cardmarket source field identifies this metric family with one finish.","{""canonical_source"":{""canonical_card_id"":23418,""canonical_number"":""063"",""status"":""EXACT""},""cardmarket_source"":{""idMetacard"":421142,""idProduct"":719505,""name"":""Abra [Psyshot]""},""inference"":{""base_to_finish"":""not inferred"",""foil_to_finish"":""not inferred""},""physical_candidates"":[{""art_kind"":""unknown"",""card_id"":25285,""finish"":""normal"",""rarity"":""Common""},{""art_kind"":""unknown"",""card_id"":25286,""finish"":""reverse_holo"",""rarity"":""Common""}],""source_fields_audited"":{""all_expected_columns_present"":true,""base_columns"":[""low"",""trend"",""avg1"",""avg7"",""avg30""],""foil_columns"":[""low-holo"",""trend-holo"",""avg1-holo"",""avg7-holo"",""avg30-holo""],""observed_metric_columns"":[""avg1"",""avg1-holo"",""avg30"",""avg30-holo"",""avg7"",""avg7-holo"",""low"",""low-holo"",""trend"",""trend-holo""],""unexpected_metric_columns"":[""avg"",""avg-holo""]},""source_files"":{""discovery_mapping_sha256"":""81b5c2edaebda0de843c7f6b13a9710e731d48fe3717881219ea5196d7e0335d"",""prices_path"":""/Users/facundogalmarini/Desktop/price_guide_6 (1).json"",""prices_sha256"":""86282c2015adc332db82ce65d162f6cc44dc0bb3208b8bfedd952268ffafa145"",""products_path"":""/Users/facundogalmarini/Desktop/products_singles_6 (1).json"",""products_sha256"":""318cdf83b38813443530bb4d14f770ed0c1225be9ad87ddebbbee00b097613b5""}}"
719506,23419,064,Kadabra,base,"[""low"",""trend"",""avg1"",""avg7"",""avg30""]","[""low"",""trend"",""avg1"",""avg7"",""avg30""]",EXACT,AMBIGUOUS,False,,"[25287,25288]","[""normal"",""reverse_holo""]",multiple,multiple_physical_finish_candidates_without_family_specific_evidence,LOW,"Source fact: Price Guide exposes base columns ['low', 'trend', 'avg1', 'avg7', 'avg30']; source fact: canonical scope exposes compatible finishes ['normal', 'reverse_holo']. Inference withheld: no Cardmarket source field identifies this metric family with one finish.","{""canonical_source"":{""canonical_card_id"":23419,""canonical_number"":""064"",""status"":""EXACT""},""cardmarket_source"":{""idMetacard"":421143,""idProduct"":719506,""name"":""Kadabra [Teleportation Attack]""},""inference"":{""base_to_finish"":""not inferred"",""foil_to_finish"":""not inferred""},""physical_candidates"":[{""art_kind"":""unknown"",""card_id"":25287,""finish"":""normal"",""rarity"":""Uncommon""},{""art_kind"":""unknown"",""card_id"":25288,""finish"":""reverse_holo"",""rarity"":""Uncommon""}],""source_fields_audited"":{""all_expected_columns_present"":true,""base_columns"":[""low"",""trend"",""avg1"",""avg7"",""avg30""],""foil_columns"":[""low-holo"",""trend-holo"",""avg1-holo"",""avg7-holo"",""avg30-holo""],""observed_metric_columns"":[""avg1"",""avg1-holo"",""avg30"",""avg30-holo"",""avg7"",""avg7-holo"",""low"",""low-holo"",""trend"",""trend-holo""],""unexpected_metric_columns"":[""avg"",""avg-holo""]},""source_files"":{""discovery_mapping_sha256"":""81b5c2edaebda0de843c7f6b13a9710e731d48fe3717881219ea5196d7e0335d"",""prices_path"":""/Users/facundogalmarini/Desktop/price_guide_6 (1).json"",""prices_sha256"":""86282c2015adc332db82ce65d162f6cc44dc0bb3208b8bfedd952268ffafa145"",""products_path"":""/Users/facundogalmarini/Desktop/products_singles_6 (1).json"",""products_sha256"":""318cdf83b38813443530bb4d14f770ed0c1225be9ad87ddebbbee00b097613b5""}}"
719506,23419,064,Kadabra,foil,"[""low-holo"",""trend-holo"",""avg1-holo"",""avg7-holo"",""avg30-holo""]","[""low-holo"",""trend-holo"",""avg1-holo"",""avg7-holo"",""avg30-holo""]",EXACT,AMBIGUOUS,False,,"[25287,25288]","[""normal"",""reverse_holo""]",multiple,multiple_physical_finish_candidates_without_family_specific_evidence,LOW,"Source fact: Price Guide exposes foil columns ['low-holo', 'trend-holo', 'avg1-holo', 'avg7-holo', 'avg30-holo']; source fact: canonical scope exposes compatible finishes ['normal', 'reverse_holo']. Inference withheld: no Cardmarket source field identifies this metric family with one finish.","{""canonical_source"":{""canonical_card_id"":23419,""canonical_number"":""064"",""status"":""EXACT""},""cardmarket_source"":{""idMetacard"":421143,""idProduct"":719506,""name"":""Kadabra [Teleportation Attack]""},""inference"":{""base_to_finish"":""not inferred"",""foil_to_finish"":""not inferred""},""physical_candidates"":[{""art_kind"":""unknown"",""card_id"":25287,""finish"":""normal"",""rarity"":""Uncommon""},{""art_kind"":""unknown"",""card_id"":25288,""finish"":""reverse_holo"",""rarity"":""Uncommon""}],""source_fields_audited"":{""all_expected_columns_present"":true,""base_columns"":[""low"",""trend"",""avg1"",""avg7"",""avg30""],""foil_columns"":[""low-holo"",""trend-holo"",""avg1-holo"",""avg7-holo"",""avg30-holo""],""observed_metric_columns"":[""avg1"",""avg1-holo"",""avg30"",""avg30-holo"",""avg7"",""avg7-holo"",""low"",""low-holo"",""trend"",""trend-holo""],""unexpected_metric_columns"":[""avg"",""avg-holo""]},""source_files"":{""discovery_mapping_sha256"":""81b5c2edaebda0de843c7f6b13a9710e731d48fe3717881219ea5196d7e0335d"",""prices_path"":""/Users/facundogalmarini/Desktop/price_guide_6 (1).json"",""prices_sha256"":""86282c2015adc332db82ce65d162f6cc44dc0bb3208b8bfedd952268ffafa145"",""products_path"":""/Users/facundogalmarini/Desktop/products_singles_6 (1).json"",""products_sha256"":""318cdf83b38813443530bb4d14f770ed0c1225be9ad87ddebbbee00b097613b5""}}"
719508,23421,066,Machop,base,"[""low"",""trend"",""avg1"",""avg7"",""avg30""]","[""low"",""trend"",""avg1"",""avg7"",""avg30""]",EXACT,AMBIGUOUS,False,,"[25290,25291]","[""normal"",""reverse_holo""]",multiple,multiple_physical_finish_candidates_without_family_specific_evidence,LOW,"Source fact: Price Guide exposes base columns ['low', 'trend', 'avg1', 'avg7', 'avg30']; source fact: canonical scope exposes compatible finishes ['normal', 'reverse_holo']. Inference withheld: no Cardmarket source field identifies this metric family with one finish.","{""canonical_source"":{""canonical_card_id"":23421,""canonical_number"":""066"",""status"":""EXACT""},""cardmarket_source"":{""idMetacard"":421145,""idProduct"":719508,""name"":""Machop [Mountain Mashing | Punch]""},""inference"":{""base_to_finish"":""not inferred"",""foil_to_finish"":""not inferred""},""physical_candidates"":[{""art_kind"":""unknown"",""card_id"":25290,""finish"":""normal"",""rarity"":""Common""},{""art_kind"":""unknown"",""card_id"":25291,""finish"":""reverse_holo"",""rarity"":""Common""}],""source_fields_audited"":{""all_expected_columns_present"":true,""base_columns"":[""low"",""trend"",""avg1"",""avg7"",""avg30""],""foil_columns"":[""low-holo"",""trend-holo"",""avg1-holo"",""avg7-holo"",""avg30-holo""],""observed_metric_columns"":[""avg1"",""avg1-holo"",""avg30"",""avg30-holo"",""avg7"",""avg7-holo"",""low"",""low-holo"",""trend"",""trend-holo""],""unexpected_metric_columns"":[""avg"",""avg-holo""]},""source_files"":{""discovery_mapping_sha256"":""81b5c2edaebda0de843c7f6b13a9710e731d48fe3717881219ea5196d7e0335d"",""prices_path"":""/Users/facundogalmarini/Desktop/price_guide_6 (1).json"",""prices_sha256"":""86282c2015adc332db82ce65d162f6cc44dc0bb3208b8bfedd952268ffafa145"",""products_path"":""/Users/facundogalmarini/Desktop/products_singles_6 (1).json"",""products_sha256"":""318cdf83b38813443530bb4d14f770ed0c1225be9ad87ddebbbee00b097613b5""}}"
719508,23421,066,Machop,foil,"[""low-holo"",""trend-holo"",""avg1-holo"",""avg7-holo"",""avg30-holo""]","[""low-holo"",""trend-holo"",""avg1-holo"",""avg7-holo"",""avg30-holo""]",EXACT,AMBIGUOUS,False,,"[25290,25291]","[""normal"",""reverse_holo""]",multiple,multiple_physical_finish_candidates_without_family_specific_evidence,LOW,"Source fact: Price Guide exposes foil columns ['low-holo', 'trend-holo', 'avg1-holo', 'avg7-holo', 'avg30-holo']; source fact: canonical scope exposes compatible finishes ['normal', 'reverse_holo']. Inference withheld: no Cardmarket source field identifies this metric family with one finish.","{""canonical_source"":{""canonical_card_id"":23421,""canonical_number"":""066"",""status"":""EXACT""},""cardmarket_source"":{""idMetacard"":421145,""idProduct"":719508,""name"":""Machop [Mountain Mashing | Punch]""},""inference"":{""base_to_finish"":""not inferred"",""foil_to_finish"":""not inferred""},""physical_candidates"":[{""art_kind"":""unknown"",""card_id"":25290,""finish"":""normal"",""rarity"":""Common""},{""art_kind"":""unknown"",""card_id"":25291,""finish"":""reverse_holo"",""rarity"":""Common""}],""source_fields_audited"":{""all_expected_columns_present"":true,""base_columns"":[""low"",""trend"",""avg1"",""avg7"",""avg30""],""foil_columns"":[""low-holo"",""trend-holo"",""avg1-holo"",""avg7-holo"",""avg30-holo""],""observed_metric_columns"":[""avg1"",""avg1-holo"",""avg30"",""avg30-holo"",""avg7"",""avg7-holo"",""low"",""low-holo"",""trend"",""trend-holo""],""unexpected_metric_columns"":[""avg"",""avg-holo""]},""source_files"":{""discovery_mapping_sha256"":""81b5c2edaebda0de843c7f6b13a9710e731d48fe3717881219ea5196d7e0335d"",""prices_path"":""/Users/facundogalmarini/Desktop/price_guide_6 (1).json"",""prices_sha256"":""86282c2015adc332db82ce65d162f6cc44dc0bb3208b8bfedd952268ffafa145"",""products_path"":""/Users/facundogalmarini/Desktop/products_singles_6 (1).json"",""products_sha256"":""318cdf83b38813443530bb4d14f770ed0c1225be9ad87ddebbbee00b097613b5""}}"
719510,23423,068,Machamp,base,"[""low"",""trend"",""avg1"",""avg7"",""avg30""]","[""low"",""trend"",""avg1"",""avg7"",""avg30""]",EXACT,AMBIGUOUS,False,,"[25294,25295]","[""holo"",""reverse_holo""]",multiple,multiple_physical_finish_candidates_without_family_specific_evidence,LOW,"Source fact: Price Guide exposes base columns ['low', 'trend', 'avg1', 'avg7', 'avg30']; source fact: canonical scope exposes compatible finishes ['holo', 'reverse_holo']. Inference withheld: no Cardmarket source field identifies this metric family with one finish.","{""canonical_source"":{""canonical_card_id"":23423,""canonical_number"":""068"",""status"":""EXACT""},""cardmarket_source"":{""idMetacard"":421147,""idProduct"":719510,""name"":""Machamp [Guts | Mountain Chopping]""},""inference"":{""base_to_finish"":""not inferred"",""foil_to_finish"":""not inferred""},""physical_candidates"":[{""art_kind"":""unknown"",""card_id"":25294,""finish"":""holo"",""rarity"":""Rare""},{""art_kind"":""unknown"",""card_id"":25295,""finish"":""reverse_holo"",""rarity"":""Rare""}],""source_fields_audited"":{""all_expected_columns_present"":true,""base_columns"":[""low"",""trend"",""avg1"",""avg7"",""avg30""],""foil_columns"":[""low-holo"",""trend-holo"",""avg1-holo"",""avg7-holo"",""avg30-holo""],""observed_metric_columns"":[""avg1"",""avg1-holo"",""avg30"",""avg30-holo"",""avg7"",""avg7-holo"",""low"",""low-holo"",""trend"",""trend-holo""],""unexpected_metric_columns"":[""avg"",""avg-holo""]},""source_files"":{""discovery_mapping_sha256"":""81b5c2edaebda0de843c7f6b13a9710e731d48fe3717881219ea5196d7e0335d"",""prices_path"":""/Users/facundogalmarini/Desktop/price_guide_6 (1).json"",""prices_sha256"":""86282c2015adc332db82ce65d162f6cc44dc0bb3208b8bfedd952268ffafa145"",""products_path"":""/Users/facundogalmarini/Desktop/products_singles_6 (1).json"",""products_sha256"":""318cdf83b38813443530bb4d14f770ed0c1225be9ad87ddebbbee00b097613b5""}}"
719510,23423,068,Machamp,foil,"[""low-holo"",""trend-holo"",""avg1-holo"",""avg7-holo"",""avg30-holo""]","[""low-holo"",""trend-holo"",""avg1-holo"",""avg7-holo"",""avg30-holo""]",EXACT,AMBIGUOUS,False,,"[25294,25295]","[""holo"",""reverse_holo""]",multiple,multiple_physical_finish_candidates_without_family_specific_evidence,LOW,"Source fact: Price Guide exposes foil columns ['low-holo', 'trend-holo', 'avg1-holo', 'avg7-holo', 'avg30-holo']; source fact: canonical scope exposes compatible finishes ['holo', 'reverse_holo']. Inference withheld: no Cardmarket source field identifies this metric family with one finish.","{""canonical_source"":{""canonical_card_id"":23423,""canonical_number"":""068"",""status"":""EXACT""},""cardmarket_source"":{""idMetacard"":421147,""idProduct"":719510,""name"":""Machamp [Guts | Mountain Chopping]""},""inference"":{""base_to_finish"":""not inferred"",""foil_to_finish"":""not inferred""},""physical_candidates"":[{""art_kind"":""unknown"",""card_id"":25294,""finish"":""holo"",""rarity"":""Rare""},{""art_kind"":""unknown"",""card_id"":25295,""finish"":""reverse_holo"",""rarity"":""Rare""}],""source_fields_audited"":{""all_expected_columns_present"":true,""base_columns"":[""low"",""trend"",""avg1"",""avg7"",""avg30""],""foil_columns"":[""low-holo"",""trend-holo"",""avg1-holo"",""avg7-holo"",""avg30-holo""],""observed_metric_columns"":[""avg1"",""avg1-holo"",""avg30"",""avg30-holo"",""avg7"",""avg7-holo"",""low"",""low-holo"",""trend"",""trend-holo""],""unexpected_metric_columns"":[""avg"",""avg-holo""]},""source_files"":{""discovery_mapping_sha256"":""81b5c2edaebda0de843c7f6b13a9710e731d48fe3717881219ea5196d7e0335d"",""prices_path"":""/Users/facundogalmarini/Desktop/price_guide_6 (1).json"",""prices_sha256"":""86282c2015adc332db82ce65d162f6cc44dc0bb3208b8bfedd952268ffafa145"",""products_path"":""/Users/facundogalmarini/Desktop/products_singles_6 (1).json"",""products_sha256"":""318cdf83b38813443530bb4d14f770ed0c1225be9ad87ddebbbee00b097613b5""}}"
719511,23424,069,Bellsprout,base,"[""low"",""trend"",""avg1"",""avg7"",""avg30""]","[""low"",""trend"",""avg1"",""avg7"",""avg30""]",EXACT,AMBIGUOUS,False,,"[25296,25297]","[""normal"",""reverse_holo""]",multiple,multiple_physical_finish_candidates_without_family_specific_evidence,LOW,"Source fact: Price Guide exposes base columns ['low', 'trend', 'avg1', 'avg7', 'avg30']; source fact: canonical scope exposes compatible finishes ['normal', 'reverse_holo']. Inference withheld: no Cardmarket source field identifies this metric family with one finish.","{""canonical_source"":{""canonical_card_id"":23424,""canonical_number"":""069"",""status"":""EXACT""},""cardmarket_source"":{""idMetacard"":421148,""idProduct"":719511,""name"":""Bellsprout [Cut | Bind Down]""},""inference"":{""base_to_finish"":""not inferred"",""foil_to_finish"":""not inferred""},""physical_candidates"":[{""art_kind"":""unknown"",""card_id"":25296,""finish"":""normal"",""rarity"":""Common""},{""art_kind"":""unknown"",""card_id"":25297,""finish"":""reverse_holo"",""rarity"":""Common""}],""source_fields_audited"":{""all_expected_columns_present"":true,""base_columns"":[""low"",""trend"",""avg1"",""avg7"",""avg30""],""foil_columns"":[""low-holo"",""trend-holo"",""avg1-holo"",""avg7-holo"",""avg30-holo""],""observed_metric_columns"":[""avg1"",""avg1-holo"",""avg30"",""avg30-holo"",""avg7"",""avg7-holo"",""low"",""low-holo"",""trend"",""trend-holo""],""unexpected_metric_columns"":[""avg"",""avg-holo""]},""source_files"":{""discovery_mapping_sha256"":""81b5c2edaebda0de843c7f6b13a9710e731d48fe3717881219ea5196d7e0335d"",""prices_path"":""/Users/facundogalmarini/Desktop/price_guide_6 (1).json"",""prices_sha256"":""86282c2015adc332db82ce65d162f6cc44dc0bb3208b8bfedd952268ffafa145"",""products_path"":""/Users/facundogalmarini/Desktop/products_singles_6 (1).json"",""products_sha256"":""318cdf83b38813443530bb4d14f770ed0c1225be9ad87ddebbbee00b097613b5""}}"
719511,23424,069,Bellsprout,foil,"[""low-holo"",""trend-holo"",""avg1-holo"",""avg7-holo"",""avg30-holo""]","[""low-holo"",""trend-holo"",""avg1-holo"",""avg7-holo"",""avg30-holo""]",EXACT,AMBIGUOUS,False,,"[25296,25297]","[""normal"",""reverse_holo""]",multiple,multiple_physical_finish_candidates_without_family_specific_evidence,LOW,"Source fact: Price Guide exposes foil columns ['low-holo', 'trend-holo', 'avg1-holo', 'avg7-holo', 'avg30-holo']; source fact: canonical scope exposes compatible finishes ['normal', 'reverse_holo']. Inference withheld: no Cardmarket source field identifies this metric family with one finish.","{""canonical_source"":{""canonical_card_id"":23424,""canonical_number"":""069"",""status"":""EXACT""},""cardmarket_source"":{""idMetacard"":421148,""idProduct"":719511,""name"":""Bellsprout [Cut | Bind Down]""},""inference"":{""base_to_finish"":""not inferred"",""foil_to_finish"":""not inferred""},""physical_candidates"":[{""art_kind"":""unknown"",""card_id"":25296,""finish"":""normal"",""rarity"":""Common""},{""art_kind"":""unknown"",""card_id"":25297,""finish"":""reverse_holo"",""rarity"":""Common""}],""source_fields_audited"":{""all_expected_columns_present"":true,""base_columns"":[""low"",""trend"",""avg1"",""avg7"",""avg30""],""foil_columns"":[""low-holo"",""trend-holo"",""avg1-holo"",""avg7-holo"",""avg30-holo""],""observed_metric_columns"":[""avg1"",""avg1-holo"",""avg30"",""avg30-holo"",""avg7"",""avg7-holo"",""low"",""low-holo"",""trend"",""trend-holo""],""unexpected_metric_columns"":[""avg"",""avg-holo""]},""source_files"":{""discovery_mapping_sha256"":""81b5c2edaebda0de843c7f6b13a9710e731d48fe3717881219ea5196d7e0335d"",""prices_path"":""/Users/facundogalmarini/Desktop/price_guide_6 (1).json"",""prices_sha256"":""86282c2015adc332db82ce65d162f6cc44dc0bb3208b8bfedd952268ffafa145"",""products_path"":""/Users/facundogalmarini/Desktop/products_singles_6 (1).json"",""products_sha256"":""318cdf83b38813443530bb4d14f770ed0c1225be9ad87ddebbbee00b097613b5""}}"
719512,23425,070,Weepinbell,base,"[""low"",""trend"",""avg1"",""avg7"",""avg30""]","[""low"",""trend"",""avg1"",""avg7"",""avg30""]",EXACT,AMBIGUOUS,False,,"[25298,25299]","[""normal"",""reverse_holo""]",multiple,multiple_physical_finish_candidates_without_family_specific_evidence,LOW,"Source fact: Price Guide exposes base columns ['low', 'trend', 'avg1', 'avg7', 'avg30']; source fact: canonical scope exposes compatible finishes ['normal', 'reverse_holo']. Inference withheld: no Cardmarket source field identifies this metric family with one finish.","{""canonical_source"":{""canonical_card_id"":23425,""canonical_number"":""070"",""status"":""EXACT""},""cardmarket_source"":{""idMetacard"":421149,""idProduct"":719512,""name"":""Weepinbell [Cut | Spray Fluid]""},""inference"":{""base_to_finish"":""not inferred"",""foil_to_finish"":""not inferred""},""physical_candidates"":[{""art_kind"":""unknown"",""card_id"":25298,""finish"":""normal"",""rarity"":""Common""},{""art_kind"":""unknown"",""card_id"":25299,""finish"":""reverse_holo"",""rarity"":""Common""}],""source_fields_audited"":{""all_expected_columns_present"":true,""base_columns"":[""low"",""trend"",""avg1"",""avg7"",""avg30""],""foil_columns"":[""low-holo"",""trend-holo"",""avg1-holo"",""avg7-holo"",""avg30-holo""],""observed_metric_columns"":[""avg1"",""avg1-holo"",""avg30"",""avg30-holo"",""avg7"",""avg7-holo"",""low"",""low-holo"",""trend"",""trend-holo""],""unexpected_metric_columns"":[""avg"",""avg-holo""]},""source_files"":{""discovery_mapping_sha256"":""81b5c2edaebda0de843c7f6b13a9710e731d48fe3717881219ea5196d7e0335d"",""prices_path"":""/Users/facundogalmarini/Desktop/price_guide_6 (1).json"",""prices_sha256"":""86282c2015adc332db82ce65d162f6cc44dc0bb3208b8bfedd952268ffafa145"",""products_path"":""/Users/facundogalmarini/Desktop/products_singles_6 (1).json"",""products_sha256"":""318cdf83b38813443530bb4d14f770ed0c1225be9ad87ddebbbee00b097613b5""}}"
719512,23425,070,Weepinbell,foil,"[""low-holo"",""trend-holo"",""avg1-holo"",""avg7-holo"",""avg30-holo""]","[""low-holo"",""trend-holo"",""avg1-holo"",""avg7-holo"",""avg30-holo""]",EXACT,AMBIGUOUS,False,,"[25298,25299]","[""normal"",""reverse_holo""]",multiple,multiple_physical_finish_candidates_without_family_specific_evidence,LOW,"Source fact: Price Guide exposes foil columns ['low-holo', 'trend-holo', 'avg1-holo', 'avg7-holo', 'avg30-holo']; source fact: canonical scope exposes compatible finishes ['normal', 'reverse_holo']. Inference withheld: no Cardmarket source field identifies this metric family with one finish.","{""canonical_source"":{""canonical_card_id"":23425,""canonical_number"":""070"",""status"":""EXACT""},""cardmarket_source"":{""idMetacard"":421149,""idProduct"":719512,""name"":""Weepinbell [Cut | Spray Fluid]""},""inference"":{""base_to_finish"":""not inferred"",""foil_to_finish"":""not inferred""},""physical_candidates"":[{""art_kind"":""unknown"",""card_id"":25298,""finish"":""normal"",""rarity"":""Common""},{""art_kind"":""unknown"",""card_id"":25299,""finish"":""reverse_holo"",""rarity"":""Common""}],""source_fields_audited"":{""all_expected_columns_present"":true,""base_columns"":[""low"",""trend"",""avg1"",""avg7"",""avg30""],""foil_columns"":[""low-holo"",""trend-holo"",""avg1-holo"",""avg7-holo"",""avg30-holo""],""observed_metric_columns"":[""avg1"",""avg1-holo"",""avg30"",""avg30-holo"",""avg7"",""avg7-holo"",""low"",""low-holo"",""trend"",""trend-holo""],""unexpected_metric_columns"":[""avg"",""avg-holo""]},""source_files"":{""discovery_mapping_sha256"":""81b5c2edaebda0de843c7f6b13a9710e731d48fe3717881219ea5196d7e0335d"",""prices_path"":""/Users/facundogalmarini/Desktop/price_guide_6 (1).json"",""prices_sha256"":""86282c2015adc332db82ce65d162f6cc44dc0bb3208b8bfedd952268ffafa145"",""products_path"":""/Users/facundogalmarini/Desktop/products_singles_6 (1).json"",""products_sha256"":""318cdf83b38813443530bb4d14f770ed0c1225be9ad87ddebbbee00b097613b5""}}"
719513,23426,071,Victreebel,base,"[""low"",""trend"",""avg1"",""avg7"",""avg30""]","[""low"",""trend"",""avg1"",""avg7"",""avg30""]",EXACT,AMBIGUOUS,False,,"[25300,25301]","[""normal"",""reverse_holo""]",multiple,multiple_physical_finish_candidates_without_family_specific_evidence,LOW,"Source fact: Price Guide exposes base columns ['low', 'trend', 'avg1', 'avg7', 'avg30']; source fact: canonical scope exposes compatible finishes ['normal', 'reverse_holo']. Inference withheld: no Cardmarket source field identifies this metric family with one finish.","{""canonical_source"":{""canonical_card_id"":23426,""canonical_number"":""071"",""status"":""EXACT""},""cardmarket_source"":{""idMetacard"":421150,""idProduct"":719513,""name"":""Victreebel [Spit Up | Slow-Acting Acid]""},""inference"":{""base_to_finish"":""not inferred"",""foil_to_finish"":""not inferred""},""physical_candidates"":[{""art_kind"":""unknown"",""card_id"":25300,""finish"":""normal"",""rarity"":""Uncommon""},{""art_kind"":""unknown"",""card_id"":25301,""finish"":""reverse_holo"",""rarity"":""Uncommon""}],""source_fields_audited"":{""all_expected_columns_present"":true,""base_columns"":[""low"",""trend"",""avg1"",""avg7"",""avg30""],""foil_columns"":[""low-holo"",""trend-holo"",""avg1-holo"",""avg7-holo"",""avg30-holo""],""observed_metric_columns"":[""avg1"",""avg1-holo"",""avg30"",""avg30-holo"",""avg7"",""avg7-holo"",""low"",""low-holo"",""trend"",""trend-holo""],""unexpected_metric_columns"":[""avg"",""avg-holo""]},""source_files"":{""discovery_mapping_sha256"":""81b5c2edaebda0de843c7f6b13a9710e731d48fe3717881219ea5196d7e0335d"",""prices_path"":""/Users/facundogalmarini/Desktop/price_guide_6 (1).json"",""prices_sha256"":""86282c2015adc332db82ce65d162f6cc44dc0bb3208b8bfedd952268ffafa145"",""products_path"":""/Users/facundogalmarini/Desktop/products_singles_6 (1).json"",""products_sha256"":""318cdf83b38813443530bb4d14f770ed0c1225be9ad87ddebbbee00b097613b5""}}"
719513,23426,071,Victreebel,foil,"[""low-holo"",""trend-holo"",""avg1-holo"",""avg7-holo"",""avg30-holo""]","[""low-holo"",""trend-holo"",""avg1-holo"",""avg7-holo"",""avg30-holo""]",EXACT,AMBIGUOUS,False,,"[25300,25301]","[""normal"",""reverse_holo""]",multiple,multiple_physical_finish_candidates_without_family_specific_evidence,LOW,"Source fact: Price Guide exposes foil columns ['low-holo', 'trend-holo', 'avg1-holo', 'avg7-holo', 'avg30-holo']; source fact: canonical scope exposes compatible finishes ['normal', 'reverse_holo']. Inference withheld: no Cardmarket source field identifies this metric family with one finish.","{""canonical_source"":{""canonical_card_id"":23426,""canonical_number"":""071"",""status"":""EXACT""},""cardmarket_source"":{""idMetacard"":421150,""idProduct"":719513,""name"":""Victreebel [Spit Up | Slow-Acting Acid]""},""inference"":{""base_to_finish"":""not inferred"",""foil_to_finish"":""not inferred""},""physical_candidates"":[{""art_kind"":""unknown"",""card_id"":25300,""finish"":""normal"",""rarity"":""Uncommon""},{""art_kind"":""unknown"",""card_id"":25301,""finish"":""reverse_holo"",""rarity"":""Uncommon""}],""source_fields_audited"":{""all_expected_columns_present"":true,""base_columns"":[""low"",""trend"",""avg1"",""avg7"",""avg30""],""foil_columns"":[""low-holo"",""trend-holo"",""avg1-holo"",""avg7-holo"",""avg30-holo""],""observed_metric_columns"":[""avg1"",""avg1-holo"",""avg30"",""avg30-holo"",""avg7"",""avg7-holo"",""low"",""low-holo"",""trend"",""trend-holo""],""unexpected_metric_columns"":[""avg"",""avg-holo""]},""source_files"":{""discovery_mapping_sha256"":""81b5c2edaebda0de843c7f6b13a9710e731d48fe3717881219ea5196d7e0335d"",""prices_path"":""/Users/facundogalmarini/Desktop/price_guide_6 (1).json"",""prices_sha256"":""86282c2015adc332db82ce65d162f6cc44dc0bb3208b8bfedd952268ffafa145"",""products_path"":""/Users/facundogalmarini/Desktop/products_singles_6 (1).json"",""products_sha256"":""318cdf83b38813443530bb4d14f770ed0c1225be9ad87ddebbbee00b097613b5""}}"
719514,23427,072,Tentacool,base,"[""low"",""trend"",""avg1"",""avg7"",""avg30""]","[""low"",""trend"",""avg1"",""avg7"",""avg30""]",EXACT,AMBIGUOUS,False,,"[25302,25303]","[""normal"",""reverse_holo""]",multiple,multiple_physical_finish_candidates_without_family_specific_evidence,LOW,"Source fact: Price Guide exposes base columns ['low', 'trend', 'avg1', 'avg7', 'avg30']; source fact: canonical scope exposes compatible finishes ['normal', 'reverse_holo']. Inference withheld: no Cardmarket source field identifies this metric family with one finish.","{""canonical_source"":{""canonical_card_id"":23427,""canonical_number"":""072"",""status"":""EXACT""},""cardmarket_source"":{""idMetacard"":421151,""idProduct"":719514,""name"":""Tentacool [Tingle | Watering]""},""inference"":{""base_to_finish"":""not inferred"",""foil_to_finish"":""not inferred""},""physical_candidates"":[{""art_kind"":""unknown"",""card_id"":25302,""finish"":""normal"",""rarity"":""Common""},{""art_kind"":""unknown"",""card_id"":25303,""finish"":""reverse_holo"",""rarity"":""Common""}],""source_fields_audited"":{""all_expected_columns_present"":true,""base_columns"":[""low"",""trend"",""avg1"",""avg7"",""avg30""],""foil_columns"":[""low-holo"",""trend-holo"",""avg1-holo"",""avg7-holo"",""avg30-holo""],""observed_metric_columns"":[""avg1"",""avg1-holo"",""avg30"",""avg30-holo"",""avg7"",""avg7-holo"",""low"",""low-holo"",""trend"",""trend-holo""],""unexpected_metric_columns"":[""avg"",""avg-holo""]},""source_files"":{""discovery_mapping_sha256"":""81b5c2edaebda0de843c7f6b13a9710e731d48fe3717881219ea5196d7e0335d"",""prices_path"":""/Users/facundogalmarini/Desktop/price_guide_6 (1).json"",""prices_sha256"":""86282c2015adc332db82ce65d162f6cc44dc0bb3208b8bfedd952268ffafa145"",""products_path"":""/Users/facundogalmarini/Desktop/products_singles_6 (1).json"",""products_sha256"":""318cdf83b38813443530bb4d14f770ed0c1225be9ad87ddebbbee00b097613b5""}}"
719514,23427,072,Tentacool,foil,"[""low-holo"",""trend-holo"",""avg1-holo"",""avg7-holo"",""avg30-holo""]","[""low-holo"",""trend-holo"",""avg1-holo"",""avg7-holo"",""avg30-holo""]",EXACT,AMBIGUOUS,False,,"[25302,25303]","[""normal"",""reverse_holo""]",multiple,multiple_physical_finish_candidates_without_family_specific_evidence,LOW,"Source fact: Price Guide exposes foil columns ['low-holo', 'trend-holo', 'avg1-holo', 'avg7-holo', 'avg30-holo']; source fact: canonical scope exposes compatible finishes ['normal', 'reverse_holo']. Inference withheld: no Cardmarket source field identifies this metric family with one finish.","{""canonical_source"":{""canonical_card_id"":23427,""canonical_number"":""072"",""status"":""EXACT""},""cardmarket_source"":{""idMetacard"":421151,""idProduct"":719514,""name"":""Tentacool [Tingle | Watering]""},""inference"":{""base_to_finish"":""not inferred"",""foil_to_finish"":""not inferred""},""physical_candidates"":[{""art_kind"":""unknown"",""card_id"":25302,""finish"":""normal"",""rarity"":""Common""},{""art_kind"":""unknown"",""card_id"":25303,""finish"":""reverse_holo"",""rarity"":""Common""}],""source_fields_audited"":{""all_expected_columns_present"":true,""base_columns"":[""low"",""trend"",""avg1"",""avg7"",""avg30""],""foil_columns"":[""low-holo"",""trend-holo"",""avg1-holo"",""avg7-holo"",""avg30-holo""],""observed_metric_columns"":[""avg1"",""avg1-holo"",""avg30"",""avg30-holo"",""avg7"",""avg7-holo"",""low"",""low-holo"",""trend"",""trend-holo""],""unexpected_metric_columns"":[""avg"",""avg-holo""]},""source_files"":{""discovery_mapping_sha256"":""81b5c2edaebda0de843c7f6b13a9710e731d48fe3717881219ea5196d7e0335d"",""prices_path"":""/Users/facundogalmarini/Desktop/price_guide_6 (1).json"",""prices_sha256"":""86282c2015adc332db82ce65d162f6cc44dc0bb3208b8bfedd952268ffafa145"",""products_path"":""/Users/facundogalmarini/Desktop/products_singles_6 (1).json"",""products_sha256"":""318cdf83b38813443530bb4d14f770ed0c1225be9ad87ddebbbee00b097613b5""}}"
719515,23428,073,Tentacruel,base,"[""low"",""trend"",""avg1"",""avg7"",""avg30""]","[""low"",""trend"",""avg1"",""avg7"",""avg30""]",EXACT,AMBIGUOUS,False,,"[25304,25305]","[""normal"",""reverse_holo""]",multiple,multiple_physical_finish_candidates_without_family_specific_evidence,LOW,"Source fact: Price Guide exposes base columns ['low', 'trend', 'avg1', 'avg7', 'avg30']; source fact: canonical scope exposes compatible finishes ['normal', 'reverse_holo']. Inference withheld: no Cardmarket source field identifies this metric family with one finish.","{""canonical_source"":{""canonical_card_id"":23428,""canonical_number"":""073"",""status"":""EXACT""},""cardmarket_source"":{""idMetacard"":421152,""idProduct"":719515,""name"":""Tentacruel [Poisonous Whip | Tentacular Panic]""},""inference"":{""base_to_finish"":""not inferred"",""foil_to_finish"":""not inferred""},""physical_candidates"":[{""art_kind"":""unknown"",""card_id"":25304,""finish"":""normal"",""rarity"":""Uncommon""},{""art_kind"":""unknown"",""card_id"":25305,""finish"":""reverse_holo"",""rarity"":""Uncommon""}],""source_fields_audited"":{""all_expected_columns_present"":true,""base_columns"":[""low"",""trend"",""avg1"",""avg7"",""avg30""],""foil_columns"":[""low-holo"",""trend-holo"",""avg1-holo"",""avg7-holo"",""avg30-holo""],""observed_metric_columns"":[""avg1"",""avg1-holo"",""avg30"",""avg30-holo"",""avg7"",""avg7-holo"",""low"",""low-holo"",""trend"",""trend-holo""],""unexpected_metric_columns"":[""avg"",""avg-holo""]},""source_files"":{""discovery_mapping_sha256"":""81b5c2edaebda0de843c7f6b13a9710e731d48fe3717881219ea5196d7e0335d"",""prices_path"":""/Users/facundogalmarini/Desktop/price_guide_6 (1).json"",""prices_sha256"":""86282c2015adc332db82ce65d162f6cc44dc0bb3208b8bfedd952268ffafa145"",""products_path"":""/Users/facundogalmarini/Desktop/products_singles_6 (1).json"",""products_sha256"":""318cdf83b38813443530bb4d14f770ed0c1225be9ad87ddebbbee00b097613b5""}}"
719515,23428,073,Tentacruel,foil,"[""low-holo"",""trend-holo"",""avg1-holo"",""avg7-holo"",""avg30-holo""]","[""low-holo"",""trend-holo"",""avg1-holo"",""avg7-holo"",""avg30-holo""]",EXACT,AMBIGUOUS,False,,"[25304,25305]","[""normal"",""reverse_holo""]",multiple,multiple_physical_finish_candidates_without_family_specific_evidence,LOW,"Source fact: Price Guide exposes foil columns ['low-holo', 'trend-holo', 'avg1-holo', 'avg7-holo', 'avg30-holo']; source fact: canonical scope exposes compatible finishes ['normal', 'reverse_holo']. Inference withheld: no Cardmarket source field identifies this metric family with one finish.","{""canonical_source"":{""canonical_card_id"":23428,""canonical_number"":""073"",""status"":""EXACT""},""cardmarket_source"":{""idMetacard"":421152,""idProduct"":719515,""name"":""Tentacruel [Poisonous Whip | Tentacular Panic]""},""inference"":{""base_to_finish"":""not inferred"",""foil_to_finish"":""not inferred""},""physical_candidates"":[{""art_kind"":""unknown"",""card_id"":25304,""finish"":""normal"",""rarity"":""Uncommon""},{""art_kind"":""unknown"",""card_id"":25305,""finish"":""reverse_holo"",""rarity"":""Uncommon""}],""source_fields_audited"":{""all_expected_columns_present"":true,""base_columns"":[""low"",""trend"",""avg1"",""avg7"",""avg30""],""foil_columns"":[""low-holo"",""trend-holo"",""avg1-holo"",""avg7-holo"",""avg30-holo""],""observed_metric_columns"":[""avg1"",""avg1-holo"",""avg30"",""avg30-holo"",""avg7"",""avg7-holo"",""low"",""low-holo"",""trend"",""trend-holo""],""unexpected_metric_columns"":[""avg"",""avg-holo""]},""source_files"":{""discovery_mapping_sha256"":""81b5c2edaebda0de843c7f6b13a9710e731d48fe3717881219ea5196d7e0335d"",""prices_path"":""/Users/facundogalmarini/Desktop/price_guide_6 (1).json"",""prices_sha256"":""86282c2015adc332db82ce65d162f6cc44dc0bb3208b8bfedd952268ffafa145"",""products_path"":""/Users/facundogalmarini/Desktop/products_singles_6 (1).json"",""products_sha256"":""318cdf83b38813443530bb4d14f770ed0c1225be9ad87ddebbbee00b097613b5""}}"
719516,23429,074,Geodude,base,"[""low"",""trend"",""avg1"",""avg7"",""avg30""]","[""low"",""trend"",""avg1"",""avg7"",""avg30""]",EXACT,AMBIGUOUS,False,,"[25306,25307]","[""normal"",""reverse_holo""]",multiple,multiple_physical_finish_candidates_without_family_specific_evidence,LOW,"Source fact: Price Guide exposes base columns ['low', 'trend', 'avg1', 'avg7', 'avg30']; source fact: canonical scope exposes compatible finishes ['normal', 'reverse_holo']. Inference withheld: no Cardmarket source field identifies this metric family with one finish.","{""canonical_source"":{""canonical_card_id"":23429,""canonical_number"":""074"",""status"":""EXACT""},""cardmarket_source"":{""idMetacard"":421153,""idProduct"":719516,""name"":""Geodude [Stiffen | Knuckle Punch]""},""inference"":{""base_to_finish"":""not inferred"",""foil_to_finish"":""not inferred""},""physical_candidates"":[{""art_kind"":""unknown"",""card_id"":25306,""finish"":""normal"",""rarity"":""Common""},{""art_kind"":""unknown"",""card_id"":25307,""finish"":""reverse_holo"",""rarity"":""Common""}],""source_fields_audited"":{""all_expected_columns_present"":true,""base_columns"":[""low"",""trend"",""avg1"",""avg7"",""avg30""],""foil_columns"":[""low-holo"",""trend-holo"",""avg1-holo"",""avg7-holo"",""avg30-holo""],""observed_metric_columns"":[""avg1"",""avg1-holo"",""avg30"",""avg30-holo"",""avg7"",""avg7-holo"",""low"",""low-holo"",""trend"",""trend-holo""],""unexpected_metric_columns"":[""avg"",""avg-holo""]},""source_files"":{""discovery_mapping_sha256"":""81b5c2edaebda0de843c7f6b13a9710e731d48fe3717881219ea5196d7e0335d"",""prices_path"":""/Users/facundogalmarini/Desktop/price_guide_6 (1).json"",""prices_sha256"":""86282c2015adc332db82ce65d162f6cc44dc0bb3208b8bfedd952268ffafa145"",""products_path"":""/Users/facundogalmarini/Desktop/products_singles_6 (1).json"",""products_sha256"":""318cdf83b38813443530bb4d14f770ed0c1225be9ad87ddebbbee00b097613b5""}}"
719516,23429,074,Geodude,foil,"[""low-holo"",""trend-holo"",""avg1-holo"",""avg7-holo"",""avg30-holo""]","[""low-holo"",""trend-holo"",""avg1-holo"",""avg7-holo"",""avg30-holo""]",EXACT,AMBIGUOUS,False,,"[25306,25307]","[""normal"",""reverse_holo""]",multiple,multiple_physical_finish_candidates_without_family_specific_evidence,LOW,"Source fact: Price Guide exposes foil columns ['low-holo', 'trend-holo', 'avg1-holo', 'avg7-holo', 'avg30-holo']; source fact: canonical scope exposes compatible finishes ['normal', 'reverse_holo']. Inference withheld: no Cardmarket source field identifies this metric family with one finish.","{""canonical_source"":{""canonical_card_id"":23429,""canonical_number"":""074"",""status"":""EXACT""},""cardmarket_source"":{""idMetacard"":421153,""idProduct"":719516,""name"":""Geodude [Stiffen | Knuckle Punch]""},""inference"":{""base_to_finish"":""not inferred"",""foil_to_finish"":""not inferred""},""physical_candidates"":[{""art_kind"":""unknown"",""card_id"":25306,""finish"":""normal"",""rarity"":""Common""},{""art_kind"":""unknown"",""card_id"":25307,""finish"":""reverse_holo"",""rarity"":""Common""}],""source_fields_audited"":{""all_expected_columns_present"":true,""base_columns"":[""low"",""trend"",""avg1"",""avg7"",""avg30""],""foil_columns"":[""low-holo"",""trend-holo"",""avg1-holo"",""avg7-holo"",""avg30-holo""],""observed_metric_columns"":[""avg1"",""avg1-holo"",""avg30"",""avg30-holo"",""avg7"",""avg7-holo"",""low"",""low-holo"",""trend"",""trend-holo""],""unexpected_metric_columns"":[""avg"",""avg-holo""]},""source_files"":{""discovery_mapping_sha256"":""81b5c2edaebda0de843c7f6b13a9710e731d48fe3717881219ea5196d7e0335d"",""prices_path"":""/Users/facundogalmarini/Desktop/price_guide_6 (1).json"",""prices_sha256"":""86282c2015adc332db82ce65d162f6cc44dc0bb3208b8bfedd952268ffafa145"",""products_path"":""/Users/facundogalmarini/Desktop/products_singles_6 (1).json"",""products_sha256"":""318cdf83b38813443530bb4d14f770ed0c1225be9ad87ddebbbee00b097613b5""}}"
719517,23430,075,Graveler,base,"[""low"",""trend"",""avg1"",""avg7"",""avg30""]","[""low"",""trend"",""avg1"",""avg7"",""avg30""]",EXACT,AMBIGUOUS,False,,"[25308,25309]","[""normal"",""reverse_holo""]",multiple,multiple_physical_finish_candidates_without_family_specific_evidence,LOW,"Source fact: Price Guide exposes base columns ['low', 'trend', 'avg1', 'avg7', 'avg30']; source fact: canonical scope exposes compatible finishes ['normal', 'reverse_holo']. Inference withheld: no Cardmarket source field identifies this metric family with one finish.","{""canonical_source"":{""canonical_card_id"":23430,""canonical_number"":""075"",""status"":""EXACT""},""cardmarket_source"":{""idMetacard"":421154,""idProduct"":719517,""name"":""Graveler [Rock Cannon | Heavy Impact]""},""inference"":{""base_to_finish"":""not inferred"",""foil_to_finish"":""not inferred""},""physical_candidates"":[{""art_kind"":""unknown"",""card_id"":25308,""finish"":""normal"",""rarity"":""Uncommon""},{""art_kind"":""unknown"",""card_id"":25309,""finish"":""reverse_holo"",""rarity"":""Uncommon""}],""source_fields_audited"":{""all_expected_columns_present"":true,""base_columns"":[""low"",""trend"",""avg1"",""avg7"",""avg30""],""foil_columns"":[""low-holo"",""trend-holo"",""avg1-holo"",""avg7-holo"",""avg30-holo""],""observed_metric_columns"":[""avg1"",""avg1-holo"",""avg30"",""avg30-holo"",""avg7"",""avg7-holo"",""low"",""low-holo"",""trend"",""trend-holo""],""unexpected_metric_columns"":[""avg"",""avg-holo""]},""source_files"":{""discovery_mapping_sha256"":""81b5c2edaebda0de843c7f6b13a9710e731d48fe3717881219ea5196d7e0335d"",""prices_path"":""/Users/facundogalmarini/Desktop/price_guide_6 (1).json"",""prices_sha256"":""86282c2015adc332db82ce65d162f6cc44dc0bb3208b8bfedd952268ffafa145"",""products_path"":""/Users/facundogalmarini/Desktop/products_singles_6 (1).json"",""products_sha256"":""318cdf83b38813443530bb4d14f770ed0c1225be9ad87ddebbbee00b097613b5""}}"
719517,23430,075,Graveler,foil,"[""low-holo"",""trend-holo"",""avg1-holo"",""avg7-holo"",""avg30-holo""]","[""low-holo"",""trend-holo"",""avg1-holo"",""avg7-holo"",""avg30-holo""]",EXACT,AMBIGUOUS,False,,"[25308,25309]","[""normal"",""reverse_holo""]",multiple,multiple_physical_finish_candidates_without_family_specific_evidence,LOW,"Source fact: Price Guide exposes foil columns ['low-holo', 'trend-holo', 'avg1-holo', 'avg7-holo', 'avg30-holo']; source fact: canonical scope exposes compatible finishes ['normal', 'reverse_holo']. Inference withheld: no Cardmarket source field identifies this metric family with one finish.","{""canonical_source"":{""canonical_card_id"":23430,""canonical_number"":""075"",""status"":""EXACT""},""cardmarket_source"":{""idMetacard"":421154,""idProduct"":719517,""name"":""Graveler [Rock Cannon | Heavy Impact]""},""inference"":{""base_to_finish"":""not inferred"",""foil_to_finish"":""not inferred""},""physical_candidates"":[{""art_kind"":""unknown"",""card_id"":25308,""finish"":""normal"",""rarity"":""Uncommon""},{""art_kind"":""unknown"",""card_id"":25309,""finish"":""reverse_holo"",""rarity"":""Uncommon""}],""source_fields_audited"":{""all_expected_columns_present"":true,""base_columns"":[""low"",""trend"",""avg1"",""avg7"",""avg30""],""foil_columns"":[""low-holo"",""trend-holo"",""avg1-holo"",""avg7-holo"",""avg30-holo""],""observed_metric_columns"":[""avg1"",""avg1-holo"",""avg30"",""avg30-holo"",""avg7"",""avg7-holo"",""low"",""low-holo"",""trend"",""trend-holo""],""unexpected_metric_columns"":[""avg"",""avg-holo""]},""source_files"":{""discovery_mapping_sha256"":""81b5c2edaebda0de843c7f6b13a9710e731d48fe3717881219ea5196d7e0335d"",""prices_path"":""/Users/facundogalmarini/Desktop/price_guide_6 (1).json"",""prices_sha256"":""86282c2015adc332db82ce65d162f6cc44dc0bb3208b8bfedd952268ffafa145"",""products_path"":""/Users/facundogalmarini/Desktop/products_singles_6 (1).json"",""products_sha256"":""318cdf83b38813443530bb4d14f770ed0c1225be9ad87ddebbbee00b097613b5""}}"
719519,23432,077,Ponyta,base,"[""low"",""trend"",""avg1"",""avg7"",""avg30""]","[""low"",""trend"",""avg1"",""avg7"",""avg30""]",EXACT,AMBIGUOUS,False,,"[25311,25312]","[""normal"",""reverse_holo""]",multiple,multiple_physical_finish_candidates_without_family_specific_evidence,LOW,"Source fact: Price Guide exposes base columns ['low', 'trend', 'avg1', 'avg7', 'avg30']; source fact: canonical scope exposes compatible finishes ['normal', 'reverse_holo']. Inference withheld: no Cardmarket source field identifies this metric family with one finish.","{""canonical_source"":{""canonical_card_id"":23432,""canonical_number"":""077"",""status"":""EXACT""},""cardmarket_source"":{""idMetacard"":421156,""idProduct"":719519,""name"":""Ponyta [Collect | Flop]""},""inference"":{""base_to_finish"":""not inferred"",""foil_to_finish"":""not inferred""},""physical_candidates"":[{""art_kind"":""unknown"",""card_id"":25311,""finish"":""normal"",""rarity"":""Common""},{""art_kind"":""unknown"",""card_id"":25312,""finish"":""reverse_holo"",""rarity"":""Common""}],""source_fields_audited"":{""all_expected_columns_present"":true,""base_columns"":[""low"",""trend"",""avg1"",""avg7"",""avg30""],""foil_columns"":[""low-holo"",""trend-holo"",""avg1-holo"",""avg7-holo"",""avg30-holo""],""observed_metric_columns"":[""avg1"",""avg1-holo"",""avg30"",""avg30-holo"",""avg7"",""avg7-holo"",""low"",""low-holo"",""trend"",""trend-holo""],""unexpected_metric_columns"":[""avg"",""avg-holo""]},""source_files"":{""discovery_mapping_sha256"":""81b5c2edaebda0de843c7f6b13a9710e731d48fe3717881219ea5196d7e0335d"",""prices_path"":""/Users/facundogalmarini/Desktop/price_guide_6 (1).json"",""prices_sha256"":""86282c2015adc332db82ce65d162f6cc44dc0bb3208b8bfedd952268ffafa145"",""products_path"":""/Users/facundogalmarini/Desktop/products_singles_6 (1).json"",""products_sha256"":""318cdf83b38813443530bb4d14f770ed0c1225be9ad87ddebbbee00b097613b5""}}"
719519,23432,077,Ponyta,foil,"[""low-holo"",""trend-holo"",""avg1-holo"",""avg7-holo"",""avg30-holo""]","[""low-holo"",""trend-holo"",""avg1-holo"",""avg7-holo"",""avg30-holo""]",EXACT,AMBIGUOUS,False,,"[25311,25312]","[""normal"",""reverse_holo""]",multiple,multiple_physical_finish_candidates_without_family_specific_evidence,LOW,"Source fact: Price Guide exposes foil columns ['low-holo', 'trend-holo', 'avg1-holo', 'avg7-holo', 'avg30-holo']; source fact: canonical scope exposes compatible finishes ['normal', 'reverse_holo']. Inference withheld: no Cardmarket source field identifies this metric family with one finish.","{""canonical_source"":{""canonical_card_id"":23432,""canonical_number"":""077"",""status"":""EXACT""},""cardmarket_source"":{""idMetacard"":421156,""idProduct"":719519,""name"":""Ponyta [Collect | Flop]""},""inference"":{""base_to_finish"":""not inferred"",""foil_to_finish"":""not inferred""},""physical_candidates"":[{""art_kind"":""unknown"",""card_id"":25311,""finish"":""normal"",""rarity"":""Common""},{""art_kind"":""unknown"",""card_id"":25312,""finish"":""reverse_holo"",""rarity"":""Common""}],""source_fields_audited"":{""all_expected_columns_present"":true,""base_columns"":[""low"",""trend"",""avg1"",""avg7"",""avg30""],""foil_columns"":[""low-holo"",""trend-holo"",""avg1-holo"",""avg7-holo"",""avg30-holo""],""observed_metric_columns"":[""avg1"",""avg1-holo"",""avg30"",""avg30-holo"",""avg7"",""avg7-holo"",""low"",""low-holo"",""trend"",""trend-holo""],""unexpected_metric_columns"":[""avg"",""avg-holo""]},""source_files"":{""discovery_mapping_sha256"":""81b5c2edaebda0de843c7f6b13a9710e731d48fe3717881219ea5196d7e0335d"",""prices_path"":""/Users/facundogalmarini/Desktop/price_guide_6 (1).json"",""prices_sha256"":""86282c2015adc332db82ce65d162f6cc44dc0bb3208b8bfedd952268ffafa145"",""products_path"":""/Users/facundogalmarini/Desktop/products_singles_6 (1).json"",""products_sha256"":""318cdf83b38813443530bb4d14f770ed0c1225be9ad87ddebbbee00b097613b5""}}"
719520,23433,078,Rapidash,base,"[""low"",""trend"",""avg1"",""avg7"",""avg30""]","[""low"",""trend"",""avg1"",""avg7"",""avg30""]",EXACT,AMBIGUOUS,False,,"[25313,25314]","[""normal"",""reverse_holo""]",multiple,multiple_physical_finish_candidates_without_family_specific_evidence,LOW,"Source fact: Price Guide exposes base columns ['low', 'trend', 'avg1', 'avg7', 'avg30']; source fact: canonical scope exposes compatible finishes ['normal', 'reverse_holo']. Inference withheld: no Cardmarket source field identifies this metric family with one finish.","{""canonical_source"":{""canonical_card_id"":23433,""canonical_number"":""078"",""status"":""EXACT""},""cardmarket_source"":{""idMetacard"":421157,""idProduct"":719520,""name"":""Rapidash [Singe | Mach Turn]""},""inference"":{""base_to_finish"":""not inferred"",""foil_to_finish"":""not inferred""},""physical_candidates"":[{""art_kind"":""unknown"",""card_id"":25313,""finish"":""normal"",""rarity"":""Uncommon""},{""art_kind"":""unknown"",""card_id"":25314,""finish"":""reverse_holo"",""rarity"":""Uncommon""}],""source_fields_audited"":{""all_expected_columns_present"":true,""base_columns"":[""low"",""trend"",""avg1"",""avg7"",""avg30""],""foil_columns"":[""low-holo"",""trend-holo"",""avg1-holo"",""avg7-holo"",""avg30-holo""],""observed_metric_columns"":[""avg1"",""avg1-holo"",""avg30"",""avg30-holo"",""avg7"",""avg7-holo"",""low"",""low-holo"",""trend"",""trend-holo""],""unexpected_metric_columns"":[""avg"",""avg-holo""]},""source_files"":{""discovery_mapping_sha256"":""81b5c2edaebda0de843c7f6b13a9710e731d48fe3717881219ea5196d7e0335d"",""prices_path"":""/Users/facundogalmarini/Desktop/price_guide_6 (1).json"",""prices_sha256"":""86282c2015adc332db82ce65d162f6cc44dc0bb3208b8bfedd952268ffafa145"",""products_path"":""/Users/facundogalmarini/Desktop/products_singles_6 (1).json"",""products_sha256"":""318cdf83b38813443530bb4d14f770ed0c1225be9ad87ddebbbee00b097613b5""}}"
719520,23433,078,Rapidash,foil,"[""low-holo"",""trend-holo"",""avg1-holo"",""avg7-holo"",""avg30-holo""]","[""low-holo"",""trend-holo"",""avg1-holo"",""avg7-holo"",""avg30-holo""]",EXACT,AMBIGUOUS,False,,"[25313,25314]","[""normal"",""reverse_holo""]",multiple,multiple_physical_finish_candidates_without_family_specific_evidence,LOW,"Source fact: Price Guide exposes foil columns ['low-holo', 'trend-holo', 'avg1-holo', 'avg7-holo', 'avg30-holo']; source fact: canonical scope exposes compatible finishes ['normal', 'reverse_holo']. Inference withheld: no Cardmarket source field identifies this metric family with one finish.","{""canonical_source"":{""canonical_card_id"":23433,""canonical_number"":""078"",""status"":""EXACT""},""cardmarket_source"":{""idMetacard"":421157,""idProduct"":719520,""name"":""Rapidash [Singe | Mach Turn]""},""inference"":{""base_to_finish"":""not inferred"",""foil_to_finish"":""not inferred""},""physical_candidates"":[{""art_kind"":""unknown"",""card_id"":25313,""finish"":""normal"",""rarity"":""Uncommon""},{""art_kind"":""unknown"",""card_id"":25314,""finish"":""reverse_holo"",""rarity"":""Uncommon""}],""source_fields_audited"":{""all_expected_columns_present"":true,""base_columns"":[""low"",""trend"",""avg1"",""avg7"",""avg30""],""foil_columns"":[""low-holo"",""trend-holo"",""avg1-holo"",""avg7-holo"",""avg30-holo""],""observed_metric_columns"":[""avg1"",""avg1-holo"",""avg30"",""avg30-holo"",""avg7"",""avg7-holo"",""low"",""low-holo"",""trend"",""trend-holo""],""unexpected_metric_columns"":[""avg"",""avg-holo""]},""source_files"":{""discovery_mapping_sha256"":""81b5c2edaebda0de843c7f6b13a9710e731d48fe3717881219ea5196d7e0335d"",""prices_path"":""/Users/facundogalmarini/Desktop/price_guide_6 (1).json"",""prices_sha256"":""86282c2015adc332db82ce65d162f6cc44dc0bb3208b8bfedd952268ffafa145"",""products_path"":""/Users/facundogalmarini/Desktop/products_singles_6 (1).json"",""products_sha256"":""318cdf83b38813443530bb4d14f770ed0c1225be9ad87ddebbbee00b097613b5""}}"
719521,23434,079,Slowpoke,base,"[""low"",""trend"",""avg1"",""avg7"",""avg30""]","[""low"",""trend"",""avg1"",""avg7"",""avg30""]",EXACT,AMBIGUOUS,False,,"[25315,25316]","[""normal"",""reverse_holo""]",multiple,multiple_physical_finish_candidates_without_family_specific_evidence,LOW,"Source fact: Price Guide exposes base columns ['low', 'trend', 'avg1', 'avg7', 'avg30']; source fact: canonical scope exposes compatible finishes ['normal', 'reverse_holo']. Inference withheld: no Cardmarket source field identifies this metric family with one finish.","{""canonical_source"":{""canonical_card_id"":23434,""canonical_number"":""079"",""status"":""EXACT""},""cardmarket_source"":{""idMetacard"":421158,""idProduct"":719521,""name"":""Slowpoke [Sea Bathing | Headbutt]""},""inference"":{""base_to_finish"":""not inferred"",""foil_to_finish"":""not inferred""},""physical_candidates"":[{""art_kind"":""unknown"",""card_id"":25315,""finish"":""normal"",""rarity"":""Common""},{""art_kind"":""unknown"",""card_id"":25316,""finish"":""reverse_holo"",""rarity"":""Common""}],""source_fields_audited"":{""all_expected_columns_present"":true,""base_columns"":[""low"",""trend"",""avg1"",""avg7"",""avg30""],""foil_columns"":[""low-holo"",""trend-holo"",""avg1-holo"",""avg7-holo"",""avg30-holo""],""observed_metric_columns"":[""avg1"",""avg1-holo"",""avg30"",""avg30-holo"",""avg7"",""avg7-holo"",""low"",""low-holo"",""trend"",""trend-holo""],""unexpected_metric_columns"":[""avg"",""avg-holo""]},""source_files"":{""discovery_mapping_sha256"":""81b5c2edaebda0de843c7f6b13a9710e731d48fe3717881219ea5196d7e0335d"",""prices_path"":""/Users/facundogalmarini/Desktop/price_guide_6 (1).json"",""prices_sha256"":""86282c2015adc332db82ce65d162f6cc44dc0bb3208b8bfedd952268ffafa145"",""products_path"":""/Users/facundogalmarini/Desktop/products_singles_6 (1).json"",""products_sha256"":""318cdf83b38813443530bb4d14f770ed0c1225be9ad87ddebbbee00b097613b5""}}"
719521,23434,079,Slowpoke,foil,"[""low-holo"",""trend-holo"",""avg1-holo"",""avg7-holo"",""avg30-holo""]","[""low-holo"",""trend-holo"",""avg1-holo"",""avg7-holo"",""avg30-holo""]",EXACT,AMBIGUOUS,False,,"[25315,25316]","[""normal"",""reverse_holo""]",multiple,multiple_physical_finish_candidates_without_family_specific_evidence,LOW,"Source fact: Price Guide exposes foil columns ['low-holo', 'trend-holo', 'avg1-holo', 'avg7-holo', 'avg30-holo']; source fact: canonical scope exposes compatible finishes ['normal', 'reverse_holo']. Inference withheld: no Cardmarket source field identifies this metric family with one finish.","{""canonical_source"":{""canonical_card_id"":23434,""canonical_number"":""079"",""status"":""EXACT""},""cardmarket_source"":{""idMetacard"":421158,""idProduct"":719521,""name"":""Slowpoke [Sea Bathing | Headbutt]""},""inference"":{""base_to_finish"":""not inferred"",""foil_to_finish"":""not inferred""},""physical_candidates"":[{""art_kind"":""unknown"",""card_id"":25315,""finish"":""normal"",""rarity"":""Common""},{""art_kind"":""unknown"",""card_id"":25316,""finish"":""reverse_holo"",""rarity"":""Common""}],""source_fields_audited"":{""all_expected_columns_present"":true,""base_columns"":[""low"",""trend"",""avg1"",""avg7"",""avg30""],""foil_columns"":[""low-holo"",""trend-holo"",""avg1-holo"",""avg7-holo"",""avg30-holo""],""observed_metric_columns"":[""avg1"",""avg1-holo"",""avg30"",""avg30-holo"",""avg7"",""avg7-holo"",""low"",""low-holo"",""trend"",""trend-holo""],""unexpected_metric_columns"":[""avg"",""avg-holo""]},""source_files"":{""discovery_mapping_sha256"":""81b5c2edaebda0de843c7f6b13a9710e731d48fe3717881219ea5196d7e0335d"",""prices_path"":""/Users/facundogalmarini/Desktop/price_guide_6 (1).json"",""prices_sha256"":""86282c2015adc332db82ce65d162f6cc44dc0bb3208b8bfedd952268ffafa145"",""products_path"":""/Users/facundogalmarini/Desktop/products_singles_6 (1).json"",""products_sha256"":""318cdf83b38813443530bb4d14f770ed0c1225be9ad87ddebbbee00b097613b5""}}"
719522,23435,080,Slowbro,base,"[""low"",""trend"",""avg1"",""avg7"",""avg30""]","[""low"",""trend"",""avg1"",""avg7"",""avg30""]",EXACT,AMBIGUOUS,False,,"[25317,25318]","[""normal"",""reverse_holo""]",multiple,multiple_physical_finish_candidates_without_family_specific_evidence,LOW,"Source fact: Price Guide exposes base columns ['low', 'trend', 'avg1', 'avg7', 'avg30']; source fact: canonical scope exposes compatible finishes ['normal', 'reverse_holo']. Inference withheld: no Cardmarket source field identifies this metric family with one finish.","{""canonical_source"":{""canonical_card_id"":23435,""canonical_number"":""080"",""status"":""EXACT""},""cardmarket_source"":{""idMetacard"":421159,""idProduct"":719522,""name"":""Slowbro [Big Yawn | Laid-Back Tackle]""},""inference"":{""base_to_finish"":""not inferred"",""foil_to_finish"":""not inferred""},""physical_candidates"":[{""art_kind"":""unknown"",""card_id"":25317,""finish"":""normal"",""rarity"":""Uncommon""},{""art_kind"":""unknown"",""card_id"":25318,""finish"":""reverse_holo"",""rarity"":""Uncommon""}],""source_fields_audited"":{""all_expected_columns_present"":true,""base_columns"":[""low"",""trend"",""avg1"",""avg7"",""avg30""],""foil_columns"":[""low-holo"",""trend-holo"",""avg1-holo"",""avg7-holo"",""avg30-holo""],""observed_metric_columns"":[""avg1"",""avg1-holo"",""avg30"",""avg30-holo"",""avg7"",""avg7-holo"",""low"",""low-holo"",""trend"",""trend-holo""],""unexpected_metric_columns"":[""avg"",""avg-holo""]},""source_files"":{""discovery_mapping_sha256"":""81b5c2edaebda0de843c7f6b13a9710e731d48fe3717881219ea5196d7e0335d"",""prices_path"":""/Users/facundogalmarini/Desktop/price_guide_6 (1).json"",""prices_sha256"":""86282c2015adc332db82ce65d162f6cc44dc0bb3208b8bfedd952268ffafa145"",""products_path"":""/Users/facundogalmarini/Desktop/products_singles_6 (1).json"",""products_sha256"":""318cdf83b38813443530bb4d14f770ed0c1225be9ad87ddebbbee00b097613b5""}}"
719522,23435,080,Slowbro,foil,"[""low-holo"",""trend-holo"",""avg1-holo"",""avg7-holo"",""avg30-holo""]","[""low-holo"",""trend-holo"",""avg1-holo"",""avg7-holo"",""avg30-holo""]",EXACT,AMBIGUOUS,False,,"[25317,25318]","[""normal"",""reverse_holo""]",multiple,multiple_physical_finish_candidates_without_family_specific_evidence,LOW,"Source fact: Price Guide exposes foil columns ['low-holo', 'trend-holo', 'avg1-holo', 'avg7-holo', 'avg30-holo']; source fact: canonical scope exposes compatible finishes ['normal', 'reverse_holo']. Inference withheld: no Cardmarket source field identifies this metric family with one finish.","{""canonical_source"":{""canonical_card_id"":23435,""canonical_number"":""080"",""status"":""EXACT""},""cardmarket_source"":{""idMetacard"":421159,""idProduct"":719522,""name"":""Slowbro [Big Yawn | Laid-Back Tackle]""},""inference"":{""base_to_finish"":""not inferred"",""foil_to_finish"":""not inferred""},""physical_candidates"":[{""art_kind"":""unknown"",""card_id"":25317,""finish"":""normal"",""rarity"":""Uncommon""},{""art_kind"":""unknown"",""card_id"":25318,""finish"":""reverse_holo"",""rarity"":""Uncommon""}],""source_fields_audited"":{""all_expected_columns_present"":true,""base_columns"":[""low"",""trend"",""avg1"",""avg7"",""avg30""],""foil_columns"":[""low-holo"",""trend-holo"",""avg1-holo"",""avg7-holo"",""avg30-holo""],""observed_metric_columns"":[""avg1"",""avg1-holo"",""avg30"",""avg30-holo"",""avg7"",""avg7-holo"",""low"",""low-holo"",""trend"",""trend-holo""],""unexpected_metric_columns"":[""avg"",""avg-holo""]},""source_files"":{""discovery_mapping_sha256"":""81b5c2edaebda0de843c7f6b13a9710e731d48fe3717881219ea5196d7e0335d"",""prices_path"":""/Users/facundogalmarini/Desktop/price_guide_6 (1).json"",""prices_sha256"":""86282c2015adc332db82ce65d162f6cc44dc0bb3208b8bfedd952268ffafa145"",""products_path"":""/Users/facundogalmarini/Desktop/products_singles_6 (1).json"",""products_sha256"":""318cdf83b38813443530bb4d14f770ed0c1225be9ad87ddebbbee00b097613b5""}}"
719523,23436,081,Magnemite,base,"[""low"",""trend"",""avg1"",""avg7"",""avg30""]","[""low"",""trend"",""avg1"",""avg7"",""avg30""]",EXACT,AMBIGUOUS,False,,"[25319,25320]","[""normal"",""reverse_holo""]",multiple,multiple_physical_finish_candidates_without_family_specific_evidence,LOW,"Source fact: Price Guide exposes base columns ['low', 'trend', 'avg1', 'avg7', 'avg30']; source fact: canonical scope exposes compatible finishes ['normal', 'reverse_holo']. Inference withheld: no Cardmarket source field identifies this metric family with one finish.","{""canonical_source"":{""canonical_card_id"":23436,""canonical_number"":""081"",""status"":""EXACT""},""cardmarket_source"":{""idMetacard"":421160,""idProduct"":719523,""name"":""Magnemite [Tiny Charge | Big Explosion]""},""inference"":{""base_to_finish"":""not inferred"",""foil_to_finish"":""not inferred""},""physical_candidates"":[{""art_kind"":""unknown"",""card_id"":25319,""finish"":""normal"",""rarity"":""Common""},{""art_kind"":""unknown"",""card_id"":25320,""finish"":""reverse_holo"",""rarity"":""Common""}],""source_fields_audited"":{""all_expected_columns_present"":true,""base_columns"":[""low"",""trend"",""avg1"",""avg7"",""avg30""],""foil_columns"":[""low-holo"",""trend-holo"",""avg1-holo"",""avg7-holo"",""avg30-holo""],""observed_metric_columns"":[""avg1"",""avg1-holo"",""avg30"",""avg30-holo"",""avg7"",""avg7-holo"",""low"",""low-holo"",""trend"",""trend-holo""],""unexpected_metric_columns"":[""avg"",""avg-holo""]},""source_files"":{""discovery_mapping_sha256"":""81b5c2edaebda0de843c7f6b13a9710e731d48fe3717881219ea5196d7e0335d"",""prices_path"":""/Users/facundogalmarini/Desktop/price_guide_6 (1).json"",""prices_sha256"":""86282c2015adc332db82ce65d162f6cc44dc0bb3208b8bfedd952268ffafa145"",""products_path"":""/Users/facundogalmarini/Desktop/products_singles_6 (1).json"",""products_sha256"":""318cdf83b38813443530bb4d14f770ed0c1225be9ad87ddebbbee00b097613b5""}}"
719523,23436,081,Magnemite,foil,"[""low-holo"",""trend-holo"",""avg1-holo"",""avg7-holo"",""avg30-holo""]","[""low-holo"",""trend-holo"",""avg1-holo"",""avg7-holo"",""avg30-holo""]",EXACT,AMBIGUOUS,False,,"[25319,25320]","[""normal"",""reverse_holo""]",multiple,multiple_physical_finish_candidates_without_family_specific_evidence,LOW,"Source fact: Price Guide exposes foil columns ['low-holo', 'trend-holo', 'avg1-holo', 'avg7-holo', 'avg30-holo']; source fact: canonical scope exposes compatible finishes ['normal', 'reverse_holo']. Inference withheld: no Cardmarket source field identifies this metric family with one finish.","{""canonical_source"":{""canonical_card_id"":23436,""canonical_number"":""081"",""status"":""EXACT""},""cardmarket_source"":{""idMetacard"":421160,""idProduct"":719523,""name"":""Magnemite [Tiny Charge | Big Explosion]""},""inference"":{""base_to_finish"":""not inferred"",""foil_to_finish"":""not inferred""},""physical_candidates"":[{""art_kind"":""unknown"",""card_id"":25319,""finish"":""normal"",""rarity"":""Common""},{""art_kind"":""unknown"",""card_id"":25320,""finish"":""reverse_holo"",""rarity"":""Common""}],""source_fields_audited"":{""all_expected_columns_present"":true,""base_columns"":[""low"",""trend"",""avg1"",""avg7"",""avg30""],""foil_columns"":[""low-holo"",""trend-holo"",""avg1-holo"",""avg7-holo"",""avg30-holo""],""observed_metric_columns"":[""avg1"",""avg1-holo"",""avg30"",""avg30-holo"",""avg7"",""avg7-holo"",""low"",""low-holo"",""trend"",""trend-holo""],""unexpected_metric_columns"":[""avg"",""avg-holo""]},""source_files"":{""discovery_mapping_sha256"":""81b5c2edaebda0de843c7f6b13a9710e731d48fe3717881219ea5196d7e0335d"",""prices_path"":""/Users/facundogalmarini/Desktop/price_guide_6 (1).json"",""prices_sha256"":""86282c2015adc332db82ce65d162f6cc44dc0bb3208b8bfedd952268ffafa145"",""products_path"":""/Users/facundogalmarini/Desktop/products_singles_6 (1).json"",""products_sha256"":""318cdf83b38813443530bb4d14f770ed0c1225be9ad87ddebbbee00b097613b5""}}"
719524,23437,082,Magneton,base,"[""low"",""trend"",""avg1"",""avg7"",""avg30""]","[""low"",""trend"",""avg1"",""avg7"",""avg30""]",EXACT,AMBIGUOUS,False,,"[25321,25322]","[""normal"",""reverse_holo""]",multiple,multiple_physical_finish_candidates_without_family_specific_evidence,LOW,"Source fact: Price Guide exposes base columns ['low', 'trend', 'avg1', 'avg7', 'avg30']; source fact: canonical scope exposes compatible finishes ['normal', 'reverse_holo']. Inference withheld: no Cardmarket source field identifies this metric family with one finish.","{""canonical_source"":{""canonical_card_id"":23437,""canonical_number"":""082"",""status"":""EXACT""},""cardmarket_source"":{""idMetacard"":421161,""idProduct"":719524,""name"":""Magneton [Junk Magnet | Head Bolt]""},""inference"":{""base_to_finish"":""not inferred"",""foil_to_finish"":""not inferred""},""physical_candidates"":[{""art_kind"":""unknown"",""card_id"":25321,""finish"":""normal"",""rarity"":""Uncommon""},{""art_kind"":""unknown"",""card_id"":25322,""finish"":""reverse_holo"",""rarity"":""Uncommon""}],""source_fields_audited"":{""all_expected_columns_present"":true,""base_columns"":[""low"",""trend"",""avg1"",""avg7"",""avg30""],""foil_columns"":[""low-holo"",""trend-holo"",""avg1-holo"",""avg7-holo"",""avg30-holo""],""observed_metric_columns"":[""avg1"",""avg1-holo"",""avg30"",""avg30-holo"",""avg7"",""avg7-holo"",""low"",""low-holo"",""trend"",""trend-holo""],""unexpected_metric_columns"":[""avg"",""avg-holo""]},""source_files"":{""discovery_mapping_sha256"":""81b5c2edaebda0de843c7f6b13a9710e731d48fe3717881219ea5196d7e0335d"",""prices_path"":""/Users/facundogalmarini/Desktop/price_guide_6 (1).json"",""prices_sha256"":""86282c2015adc332db82ce65d162f6cc44dc0bb3208b8bfedd952268ffafa145"",""products_path"":""/Users/facundogalmarini/Desktop/products_singles_6 (1).json"",""products_sha256"":""318cdf83b38813443530bb4d14f770ed0c1225be9ad87ddebbbee00b097613b5""}}"
719524,23437,082,Magneton,foil,"[""low-holo"",""trend-holo"",""avg1-holo"",""avg7-holo"",""avg30-holo""]","[""low-holo"",""trend-holo"",""avg1-holo"",""avg7-holo"",""avg30-holo""]",EXACT,AMBIGUOUS,False,,"[25321,25322]","[""normal"",""reverse_holo""]",multiple,multiple_physical_finish_candidates_without_family_specific_evidence,LOW,"Source fact: Price Guide exposes foil columns ['low-holo', 'trend-holo', 'avg1-holo', 'avg7-holo', 'avg30-holo']; source fact: canonical scope exposes compatible finishes ['normal', 'reverse_holo']. Inference withheld: no Cardmarket source field identifies this metric family with one finish.","{""canonical_source"":{""canonical_card_id"":23437,""canonical_number"":""082"",""status"":""EXACT""},""cardmarket_source"":{""idMetacard"":421161,""idProduct"":719524,""name"":""Magneton [Junk Magnet | Head Bolt]""},""inference"":{""base_to_finish"":""not inferred"",""foil_to_finish"":""not inferred""},""physical_candidates"":[{""art_kind"":""unknown"",""card_id"":25321,""finish"":""normal"",""rarity"":""Uncommon""},{""art_kind"":""unknown"",""card_id"":25322,""finish"":""reverse_holo"",""rarity"":""Uncommon""}],""source_fields_audited"":{""all_expected_columns_present"":true,""base_columns"":[""low"",""trend"",""avg1"",""avg7"",""avg30""],""foil_columns"":[""low-holo"",""trend-holo"",""avg1-holo"",""avg7-holo"",""avg30-holo""],""observed_metric_columns"":[""avg1"",""avg1-holo"",""avg30"",""avg30-holo"",""avg7"",""avg7-holo"",""low"",""low-holo"",""trend"",""trend-holo""],""unexpected_metric_columns"":[""avg"",""avg-holo""]},""source_files"":{""discovery_mapping_sha256"":""81b5c2edaebda0de843c7f6b13a9710e731d48fe3717881219ea5196d7e0335d"",""prices_path"":""/Users/facundogalmarini/Desktop/price_guide_6 (1).json"",""prices_sha256"":""86282c2015adc332db82ce65d162f6cc44dc0bb3208b8bfedd952268ffafa145"",""products_path"":""/Users/facundogalmarini/Desktop/products_singles_6 (1).json"",""products_sha256"":""318cdf83b38813443530bb4d14f770ed0c1225be9ad87ddebbbee00b097613b5""}}"
719525,23438,083,Farfetch’d,base,"[""low"",""trend"",""avg1"",""avg7"",""avg30""]","[""low"",""trend"",""avg1"",""avg7"",""avg30""]",EXACT,AMBIGUOUS,False,,"[25323,25324]","[""normal"",""reverse_holo""]",multiple,multiple_physical_finish_candidates_without_family_specific_evidence,LOW,"Source fact: Price Guide exposes base columns ['low', 'trend', 'avg1', 'avg7', 'avg30']; source fact: canonical scope exposes compatible finishes ['normal', 'reverse_holo']. Inference withheld: no Cardmarket source field identifies this metric family with one finish.","{""canonical_source"":{""canonical_card_id"":23438,""canonical_number"":""083"",""status"":""EXACT""},""cardmarket_source"":{""idMetacard"":421162,""idProduct"":719525,""name"":""Farfetch'd [Package Deal | Leek Clobber]""},""inference"":{""base_to_finish"":""not inferred"",""foil_to_finish"":""not inferred""},""physical_candidates"":[{""art_kind"":""unknown"",""card_id"":25323,""finish"":""normal"",""rarity"":""Common""},{""art_kind"":""unknown"",""card_id"":25324,""finish"":""reverse_holo"",""rarity"":""Common""}],""source_fields_audited"":{""all_expected_columns_present"":true,""base_columns"":[""low"",""trend"",""avg1"",""avg7"",""avg30""],""foil_columns"":[""low-holo"",""trend-holo"",""avg1-holo"",""avg7-holo"",""avg30-holo""],""observed_metric_columns"":[""avg1"",""avg1-holo"",""avg30"",""avg30-holo"",""avg7"",""avg7-holo"",""low"",""low-holo"",""trend"",""trend-holo""],""unexpected_metric_columns"":[""avg"",""avg-holo""]},""source_files"":{""discovery_mapping_sha256"":""81b5c2edaebda0de843c7f6b13a9710e731d48fe3717881219ea5196d7e0335d"",""prices_path"":""/Users/facundogalmarini/Desktop/price_guide_6 (1).json"",""prices_sha256"":""86282c2015adc332db82ce65d162f6cc44dc0bb3208b8bfedd952268ffafa145"",""products_path"":""/Users/facundogalmarini/Desktop/products_singles_6 (1).json"",""products_sha256"":""318cdf83b38813443530bb4d14f770ed0c1225be9ad87ddebbbee00b097613b5""}}"
719525,23438,083,Farfetch’d,foil,"[""low-holo"",""trend-holo"",""avg1-holo"",""avg7-holo"",""avg30-holo""]","[""low-holo"",""trend-holo"",""avg1-holo"",""avg7-holo"",""avg30-holo""]",EXACT,AMBIGUOUS,False,,"[25323,25324]","[""normal"",""reverse_holo""]",multiple,multiple_physical_finish_candidates_without_family_specific_evidence,LOW,"Source fact: Price Guide exposes foil columns ['low-holo', 'trend-holo', 'avg1-holo', 'avg7-holo', 'avg30-holo']; source fact: canonical scope exposes compatible finishes ['normal', 'reverse_holo']. Inference withheld: no Cardmarket source field identifies this metric family with one finish.","{""canonical_source"":{""canonical_card_id"":23438,""canonical_number"":""083"",""status"":""EXACT""},""cardmarket_source"":{""idMetacard"":421162,""idProduct"":719525,""name"":""Farfetch'd [Package Deal | Leek Clobber]""},""inference"":{""base_to_finish"":""not inferred"",""foil_to_finish"":""not inferred""},""physical_candidates"":[{""art_kind"":""unknown"",""card_id"":25323,""finish"":""normal"",""rarity"":""Common""},{""art_kind"":""unknown"",""card_id"":25324,""finish"":""reverse_holo"",""rarity"":""Common""}],""source_fields_audited"":{""all_expected_columns_present"":true,""base_columns"":[""low"",""trend"",""avg1"",""avg7"",""avg30""],""foil_columns"":[""low-holo"",""trend-holo"",""avg1-holo"",""avg7-holo"",""avg30-holo""],""observed_metric_columns"":[""avg1"",""avg1-holo"",""avg30"",""avg30-holo"",""avg7"",""avg7-holo"",""low"",""low-holo"",""trend"",""trend-holo""],""unexpected_metric_columns"":[""avg"",""avg-holo""]},""source_files"":{""discovery_mapping_sha256"":""81b5c2edaebda0de843c7f6b13a9710e731d48fe3717881219ea5196d7e0335d"",""prices_path"":""/Users/facundogalmarini/Desktop/price_guide_6 (1).json"",""prices_sha256"":""86282c2015adc332db82ce65d162f6cc44dc0bb3208b8bfedd952268ffafa145"",""products_path"":""/Users/facundogalmarini/Desktop/products_singles_6 (1).json"",""products_sha256"":""318cdf83b38813443530bb4d14f770ed0c1225be9ad87ddebbbee00b097613b5""}}"
719526,23439,084,Doduo,base,"[""low"",""trend"",""avg1"",""avg7"",""avg30""]","[""low"",""trend"",""avg1"",""avg7"",""avg30""]",EXACT,AMBIGUOUS,False,,"[25325,25326]","[""normal"",""reverse_holo""]",multiple,multiple_physical_finish_candidates_without_family_specific_evidence,LOW,"Source fact: Price Guide exposes base columns ['low', 'trend', 'avg1', 'avg7', 'avg30']; source fact: canonical scope exposes compatible finishes ['normal', 'reverse_holo']. Inference withheld: no Cardmarket source field identifies this metric family with one finish.","{""canonical_source"":{""canonical_card_id"":23439,""canonical_number"":""084"",""status"":""EXACT""},""cardmarket_source"":{""idMetacard"":421163,""idProduct"":719526,""name"":""Doduo [Reckless Charge]""},""inference"":{""base_to_finish"":""not inferred"",""foil_to_finish"":""not inferred""},""physical_candidates"":[{""art_kind"":""unknown"",""card_id"":25325,""finish"":""normal"",""rarity"":""Common""},{""art_kind"":""unknown"",""card_id"":25326,""finish"":""reverse_holo"",""rarity"":""Common""}],""source_fields_audited"":{""all_expected_columns_present"":true,""base_columns"":[""low"",""trend"",""avg1"",""avg7"",""avg30""],""foil_columns"":[""low-holo"",""trend-holo"",""avg1-holo"",""avg7-holo"",""avg30-holo""],""observed_metric_columns"":[""avg1"",""avg1-holo"",""avg30"",""avg30-holo"",""avg7"",""avg7-holo"",""low"",""low-holo"",""trend"",""trend-holo""],""unexpected_metric_columns"":[""avg"",""avg-holo""]},""source_files"":{""discovery_mapping_sha256"":""81b5c2edaebda0de843c7f6b13a9710e731d48fe3717881219ea5196d7e0335d"",""prices_path"":""/Users/facundogalmarini/Desktop/price_guide_6 (1).json"",""prices_sha256"":""86282c2015adc332db82ce65d162f6cc44dc0bb3208b8bfedd952268ffafa145"",""products_path"":""/Users/facundogalmarini/Desktop/products_singles_6 (1).json"",""products_sha256"":""318cdf83b38813443530bb4d14f770ed0c1225be9ad87ddebbbee00b097613b5""}}"
719526,23439,084,Doduo,foil,"[""low-holo"",""trend-holo"",""avg1-holo"",""avg7-holo"",""avg30-holo""]","[""low-holo"",""trend-holo"",""avg1-holo"",""avg7-holo"",""avg30-holo""]",EXACT,AMBIGUOUS,False,,"[25325,25326]","[""normal"",""reverse_holo""]",multiple,multiple_physical_finish_candidates_without_family_specific_evidence,LOW,"Source fact: Price Guide exposes foil columns ['low-holo', 'trend-holo', 'avg1-holo', 'avg7-holo', 'avg30-holo']; source fact: canonical scope exposes compatible finishes ['normal', 'reverse_holo']. Inference withheld: no Cardmarket source field identifies this metric family with one finish.","{""canonical_source"":{""canonical_card_id"":23439,""canonical_number"":""084"",""status"":""EXACT""},""cardmarket_source"":{""idMetacard"":421163,""idProduct"":719526,""name"":""Doduo [Reckless Charge]""},""inference"":{""base_to_finish"":""not inferred"",""foil_to_finish"":""not inferred""},""physical_candidates"":[{""art_kind"":""unknown"",""card_id"":25325,""finish"":""normal"",""rarity"":""Common""},{""art_kind"":""unknown"",""card_id"":25326,""finish"":""reverse_holo"",""rarity"":""Common""}],""source_fields_audited"":{""all_expected_columns_present"":true,""base_columns"":[""low"",""trend"",""avg1"",""avg7"",""avg30""],""foil_columns"":[""low-holo"",""trend-holo"",""avg1-holo"",""avg7-holo"",""avg30-holo""],""observed_metric_columns"":[""avg1"",""avg1-holo"",""avg30"",""avg30-holo"",""avg7"",""avg7-holo"",""low"",""low-holo"",""trend"",""trend-holo""],""unexpected_metric_columns"":[""avg"",""avg-holo""]},""source_files"":{""discovery_mapping_sha256"":""81b5c2edaebda0de843c7f6b13a9710e731d48fe3717881219ea5196d7e0335d"",""prices_path"":""/Users/facundogalmarini/Desktop/price_guide_6 (1).json"",""prices_sha256"":""86282c2015adc332db82ce65d162f6cc44dc0bb3208b8bfedd952268ffafa145"",""products_path"":""/Users/facundogalmarini/Desktop/products_singles_6 (1).json"",""products_sha256"":""318cdf83b38813443530bb4d14f770ed0c1225be9ad87ddebbbee00b097613b5""}}"
719527,23440,085,Dodrio,base,"[""low"",""trend"",""avg1"",""avg7"",""avg30""]","[""low"",""trend"",""avg1"",""avg7"",""avg30""]",EXACT,AMBIGUOUS,False,,"[25327,25328]","[""holo"",""reverse_holo""]",multiple,multiple_physical_finish_candidates_without_family_specific_evidence,LOW,"Source fact: Price Guide exposes base columns ['low', 'trend', 'avg1', 'avg7', 'avg30']; source fact: canonical scope exposes compatible finishes ['holo', 'reverse_holo']. Inference withheld: no Cardmarket source field identifies this metric family with one finish.","{""canonical_source"":{""canonical_card_id"":23440,""canonical_number"":""085"",""status"":""EXACT""},""cardmarket_source"":{""idMetacard"":421164,""idProduct"":719527,""name"":""Dodrio [Zooming Draw | Ballistic Beak]""},""inference"":{""base_to_finish"":""not inferred"",""foil_to_finish"":""not inferred""},""physical_candidates"":[{""art_kind"":""unknown"",""card_id"":25327,""finish"":""holo"",""rarity"":""Rare""},{""art_kind"":""unknown"",""card_id"":25328,""finish"":""reverse_holo"",""rarity"":""Rare""}],""source_fields_audited"":{""all_expected_columns_present"":true,""base_columns"":[""low"",""trend"",""avg1"",""avg7"",""avg30""],""foil_columns"":[""low-holo"",""trend-holo"",""avg1-holo"",""avg7-holo"",""avg30-holo""],""observed_metric_columns"":[""avg1"",""avg1-holo"",""avg30"",""avg30-holo"",""avg7"",""avg7-holo"",""low"",""low-holo"",""trend"",""trend-holo""],""unexpected_metric_columns"":[""avg"",""avg-holo""]},""source_files"":{""discovery_mapping_sha256"":""81b5c2edaebda0de843c7f6b13a9710e731d48fe3717881219ea5196d7e0335d"",""prices_path"":""/Users/facundogalmarini/Desktop/price_guide_6 (1).json"",""prices_sha256"":""86282c2015adc332db82ce65d162f6cc44dc0bb3208b8bfedd952268ffafa145"",""products_path"":""/Users/facundogalmarini/Desktop/products_singles_6 (1).json"",""products_sha256"":""318cdf83b38813443530bb4d14f770ed0c1225be9ad87ddebbbee00b097613b5""}}"
719527,23440,085,Dodrio,foil,"[""low-holo"",""trend-holo"",""avg1-holo"",""avg7-holo"",""avg30-holo""]","[""low-holo"",""trend-holo"",""avg1-holo"",""avg7-holo"",""avg30-holo""]",EXACT,AMBIGUOUS,False,,"[25327,25328]","[""holo"",""reverse_holo""]",multiple,multiple_physical_finish_candidates_without_family_specific_evidence,LOW,"Source fact: Price Guide exposes foil columns ['low-holo', 'trend-holo', 'avg1-holo', 'avg7-holo', 'avg30-holo']; source fact: canonical scope exposes compatible finishes ['holo', 'reverse_holo']. Inference withheld: no Cardmarket source field identifies this metric family with one finish.","{""canonical_source"":{""canonical_card_id"":23440,""canonical_number"":""085"",""status"":""EXACT""},""cardmarket_source"":{""idMetacard"":421164,""idProduct"":719527,""name"":""Dodrio [Zooming Draw | Ballistic Beak]""},""inference"":{""base_to_finish"":""not inferred"",""foil_to_finish"":""not inferred""},""physical_candidates"":[{""art_kind"":""unknown"",""card_id"":25327,""finish"":""holo"",""rarity"":""Rare""},{""art_kind"":""unknown"",""card_id"":25328,""finish"":""reverse_holo"",""rarity"":""Rare""}],""source_fields_audited"":{""all_expected_columns_present"":true,""base_columns"":[""low"",""trend"",""avg1"",""avg7"",""avg30""],""foil_columns"":[""low-holo"",""trend-holo"",""avg1-holo"",""avg7-holo"",""avg30-holo""],""observed_metric_columns"":[""avg1"",""avg1-holo"",""avg30"",""avg30-holo"",""avg7"",""avg7-holo"",""low"",""low-holo"",""trend"",""trend-holo""],""unexpected_metric_columns"":[""avg"",""avg-holo""]},""source_files"":{""discovery_mapping_sha256"":""81b5c2edaebda0de843c7f6b13a9710e731d48fe3717881219ea5196d7e0335d"",""prices_path"":""/Users/facundogalmarini/Desktop/price_guide_6 (1).json"",""prices_sha256"":""86282c2015adc332db82ce65d162f6cc44dc0bb3208b8bfedd952268ffafa145"",""products_path"":""/Users/facundogalmarini/Desktop/products_singles_6 (1).json"",""products_sha256"":""318cdf83b38813443530bb4d14f770ed0c1225be9ad87ddebbbee00b097613b5""}}"
719528,23441,086,Seel,base,"[""low"",""trend"",""avg1"",""avg7"",""avg30""]","[""low"",""trend"",""avg1"",""avg7"",""avg30""]",EXACT,AMBIGUOUS,False,,"[25329,25330]","[""normal"",""reverse_holo""]",multiple,multiple_physical_finish_candidates_without_family_specific_evidence,LOW,"Source fact: Price Guide exposes base columns ['low', 'trend', 'avg1', 'avg7', 'avg30']; source fact: canonical scope exposes compatible finishes ['normal', 'reverse_holo']. Inference withheld: no Cardmarket source field identifies this metric family with one finish.","{""canonical_source"":{""canonical_card_id"":23441,""canonical_number"":""086"",""status"":""EXACT""},""cardmarket_source"":{""idMetacard"":421165,""idProduct"":719528,""name"":""Seel [Chilly]""},""inference"":{""base_to_finish"":""not inferred"",""foil_to_finish"":""not inferred""},""physical_candidates"":[{""art_kind"":""unknown"",""card_id"":25329,""finish"":""normal"",""rarity"":""Common""},{""art_kind"":""unknown"",""card_id"":25330,""finish"":""reverse_holo"",""rarity"":""Common""}],""source_fields_audited"":{""all_expected_columns_present"":true,""base_columns"":[""low"",""trend"",""avg1"",""avg7"",""avg30""],""foil_columns"":[""low-holo"",""trend-holo"",""avg1-holo"",""avg7-holo"",""avg30-holo""],""observed_metric_columns"":[""avg1"",""avg1-holo"",""avg30"",""avg30-holo"",""avg7"",""avg7-holo"",""low"",""low-holo"",""trend"",""trend-holo""],""unexpected_metric_columns"":[""avg"",""avg-holo""]},""source_files"":{""discovery_mapping_sha256"":""81b5c2edaebda0de843c7f6b13a9710e731d48fe3717881219ea5196d7e0335d"",""prices_path"":""/Users/facundogalmarini/Desktop/price_guide_6 (1).json"",""prices_sha256"":""86282c2015adc332db82ce65d162f6cc44dc0bb3208b8bfedd952268ffafa145"",""products_path"":""/Users/facundogalmarini/Desktop/products_singles_6 (1).json"",""products_sha256"":""318cdf83b38813443530bb4d14f770ed0c1225be9ad87ddebbbee00b097613b5""}}"
719528,23441,086,Seel,foil,"[""low-holo"",""trend-holo"",""avg1-holo"",""avg7-holo"",""avg30-holo""]","[""low-holo"",""trend-holo"",""avg1-holo"",""avg7-holo"",""avg30-holo""]",EXACT,AMBIGUOUS,False,,"[25329,25330]","[""normal"",""reverse_holo""]",multiple,multiple_physical_finish_candidates_without_family_specific_evidence,LOW,"Source fact: Price Guide exposes foil columns ['low-holo', 'trend-holo', 'avg1-holo', 'avg7-holo', 'avg30-holo']; source fact: canonical scope exposes compatible finishes ['normal', 'reverse_holo']. Inference withheld: no Cardmarket source field identifies this metric family with one finish.","{""canonical_source"":{""canonical_card_id"":23441,""canonical_number"":""086"",""status"":""EXACT""},""cardmarket_source"":{""idMetacard"":421165,""idProduct"":719528,""name"":""Seel [Chilly]""},""inference"":{""base_to_finish"":""not inferred"",""foil_to_finish"":""not inferred""},""physical_candidates"":[{""art_kind"":""unknown"",""card_id"":25329,""finish"":""normal"",""rarity"":""Common""},{""art_kind"":""unknown"",""card_id"":25330,""finish"":""reverse_holo"",""rarity"":""Common""}],""source_fields_audited"":{""all_expected_columns_present"":true,""base_columns"":[""low"",""trend"",""avg1"",""avg7"",""avg30""],""foil_columns"":[""low-holo"",""trend-holo"",""avg1-holo"",""avg7-holo"",""avg30-holo""],""observed_metric_columns"":[""avg1"",""avg1-holo"",""avg30"",""avg30-holo"",""avg7"",""avg7-holo"",""low"",""low-holo"",""trend"",""trend-holo""],""unexpected_metric_columns"":[""avg"",""avg-holo""]},""source_files"":{""discovery_mapping_sha256"":""81b5c2edaebda0de843c7f6b13a9710e731d48fe3717881219ea5196d7e0335d"",""prices_path"":""/Users/facundogalmarini/Desktop/price_guide_6 (1).json"",""prices_sha256"":""86282c2015adc332db82ce65d162f6cc44dc0bb3208b8bfedd952268ffafa145"",""products_path"":""/Users/facundogalmarini/Desktop/products_singles_6 (1).json"",""products_sha256"":""318cdf83b38813443530bb4d14f770ed0c1225be9ad87ddebbbee00b097613b5""}}"
719529,23442,087,Dewgong,base,"[""low"",""trend"",""avg1"",""avg7"",""avg30""]","[""low"",""trend"",""avg1"",""avg7"",""avg30""]",EXACT,AMBIGUOUS,False,,"[25331,25332]","[""normal"",""reverse_holo""]",multiple,multiple_physical_finish_candidates_without_family_specific_evidence,LOW,"Source fact: Price Guide exposes base columns ['low', 'trend', 'avg1', 'avg7', 'avg30']; source fact: canonical scope exposes compatible finishes ['normal', 'reverse_holo']. Inference withheld: no Cardmarket source field identifies this metric family with one finish.","{""canonical_source"":{""canonical_card_id"":23442,""canonical_number"":""087"",""status"":""EXACT""},""cardmarket_source"":{""idMetacard"":421166,""idProduct"":719529,""name"":""Dewgong [Dual Splash | Aurora Beam]""},""inference"":{""base_to_finish"":""not inferred"",""foil_to_finish"":""not inferred""},""physical_candidates"":[{""art_kind"":""unknown"",""card_id"":25331,""finish"":""normal"",""rarity"":""Uncommon""},{""art_kind"":""unknown"",""card_id"":25332,""finish"":""reverse_holo"",""rarity"":""Uncommon""}],""source_fields_audited"":{""all_expected_columns_present"":true,""base_columns"":[""low"",""trend"",""avg1"",""avg7"",""avg30""],""foil_columns"":[""low-holo"",""trend-holo"",""avg1-holo"",""avg7-holo"",""avg30-holo""],""observed_metric_columns"":[""avg1"",""avg1-holo"",""avg30"",""avg30-holo"",""avg7"",""avg7-holo"",""low"",""low-holo"",""trend"",""trend-holo""],""unexpected_metric_columns"":[""avg"",""avg-holo""]},""source_files"":{""discovery_mapping_sha256"":""81b5c2edaebda0de843c7f6b13a9710e731d48fe3717881219ea5196d7e0335d"",""prices_path"":""/Users/facundogalmarini/Desktop/price_guide_6 (1).json"",""prices_sha256"":""86282c2015adc332db82ce65d162f6cc44dc0bb3208b8bfedd952268ffafa145"",""products_path"":""/Users/facundogalmarini/Desktop/products_singles_6 (1).json"",""products_sha256"":""318cdf83b38813443530bb4d14f770ed0c1225be9ad87ddebbbee00b097613b5""}}"
719529,23442,087,Dewgong,foil,"[""low-holo"",""trend-holo"",""avg1-holo"",""avg7-holo"",""avg30-holo""]","[""low-holo"",""trend-holo"",""avg1-holo"",""avg7-holo"",""avg30-holo""]",EXACT,AMBIGUOUS,False,,"[25331,25332]","[""normal"",""reverse_holo""]",multiple,multiple_physical_finish_candidates_without_family_specific_evidence,LOW,"Source fact: Price Guide exposes foil columns ['low-holo', 'trend-holo', 'avg1-holo', 'avg7-holo', 'avg30-holo']; source fact: canonical scope exposes compatible finishes ['normal', 'reverse_holo']. Inference withheld: no Cardmarket source field identifies this metric family with one finish.","{""canonical_source"":{""canonical_card_id"":23442,""canonical_number"":""087"",""status"":""EXACT""},""cardmarket_source"":{""idMetacard"":421166,""idProduct"":719529,""name"":""Dewgong [Dual Splash | Aurora Beam]""},""inference"":{""base_to_finish"":""not inferred"",""foil_to_finish"":""not inferred""},""physical_candidates"":[{""art_kind"":""unknown"",""card_id"":25331,""finish"":""normal"",""rarity"":""Uncommon""},{""art_kind"":""unknown"",""card_id"":25332,""finish"":""reverse_holo"",""rarity"":""Uncommon""}],""source_fields_audited"":{""all_expected_columns_present"":true,""base_columns"":[""low"",""trend"",""avg1"",""avg7"",""avg30""],""foil_columns"":[""low-holo"",""trend-holo"",""avg1-holo"",""avg7-holo"",""avg30-holo""],""observed_metric_columns"":[""avg1"",""avg1-holo"",""avg30"",""avg30-holo"",""avg7"",""avg7-holo"",""low"",""low-holo"",""trend"",""trend-holo""],""unexpected_metric_columns"":[""avg"",""avg-holo""]},""source_files"":{""discovery_mapping_sha256"":""81b5c2edaebda0de843c7f6b13a9710e731d48fe3717881219ea5196d7e0335d"",""prices_path"":""/Users/facundogalmarini/Desktop/price_guide_6 (1).json"",""prices_sha256"":""86282c2015adc332db82ce65d162f6cc44dc0bb3208b8bfedd952268ffafa145"",""products_path"":""/Users/facundogalmarini/Desktop/products_singles_6 (1).json"",""products_sha256"":""318cdf83b38813443530bb4d14f770ed0c1225be9ad87ddebbbee00b097613b5""}}"
719530,23443,088,Grimer,base,"[""low"",""trend"",""avg1"",""avg7"",""avg30""]","[""low"",""trend"",""avg1"",""avg7"",""avg30""]",EXACT,AMBIGUOUS,False,,"[25333,25334]","[""normal"",""reverse_holo""]",multiple,multiple_physical_finish_candidates_without_family_specific_evidence,LOW,"Source fact: Price Guide exposes base columns ['low', 'trend', 'avg1', 'avg7', 'avg30']; source fact: canonical scope exposes compatible finishes ['normal', 'reverse_holo']. Inference withheld: no Cardmarket source field identifies this metric family with one finish.","{""canonical_source"":{""canonical_card_id"":23443,""canonical_number"":""088"",""status"":""EXACT""},""cardmarket_source"":{""idMetacard"":421167,""idProduct"":719530,""name"":""Grimer [Gummy Press]""},""inference"":{""base_to_finish"":""not inferred"",""foil_to_finish"":""not inferred""},""physical_candidates"":[{""art_kind"":""unknown"",""card_id"":25333,""finish"":""normal"",""rarity"":""Common""},{""art_kind"":""unknown"",""card_id"":25334,""finish"":""reverse_holo"",""rarity"":""Common""}],""source_fields_audited"":{""all_expected_columns_present"":true,""base_columns"":[""low"",""trend"",""avg1"",""avg7"",""avg30""],""foil_columns"":[""low-holo"",""trend-holo"",""avg1-holo"",""avg7-holo"",""avg30-holo""],""observed_metric_columns"":[""avg1"",""avg1-holo"",""avg30"",""avg30-holo"",""avg7"",""avg7-holo"",""low"",""low-holo"",""trend"",""trend-holo""],""unexpected_metric_columns"":[""avg"",""avg-holo""]},""source_files"":{""discovery_mapping_sha256"":""81b5c2edaebda0de843c7f6b13a9710e731d48fe3717881219ea5196d7e0335d"",""prices_path"":""/Users/facundogalmarini/Desktop/price_guide_6 (1).json"",""prices_sha256"":""86282c2015adc332db82ce65d162f6cc44dc0bb3208b8bfedd952268ffafa145"",""products_path"":""/Users/facundogalmarini/Desktop/products_singles_6 (1).json"",""products_sha256"":""318cdf83b38813443530bb4d14f770ed0c1225be9ad87ddebbbee00b097613b5""}}"
719530,23443,088,Grimer,foil,"[""low-holo"",""trend-holo"",""avg1-holo"",""avg7-holo"",""avg30-holo""]","[""low-holo"",""trend-holo"",""avg1-holo"",""avg7-holo"",""avg30-holo""]",EXACT,AMBIGUOUS,False,,"[25333,25334]","[""normal"",""reverse_holo""]",multiple,multiple_physical_finish_candidates_without_family_specific_evidence,LOW,"Source fact: Price Guide exposes foil columns ['low-holo', 'trend-holo', 'avg1-holo', 'avg7-holo', 'avg30-holo']; source fact: canonical scope exposes compatible finishes ['normal', 'reverse_holo']. Inference withheld: no Cardmarket source field identifies this metric family with one finish.","{""canonical_source"":{""canonical_card_id"":23443,""canonical_number"":""088"",""status"":""EXACT""},""cardmarket_source"":{""idMetacard"":421167,""idProduct"":719530,""name"":""Grimer [Gummy Press]""},""inference"":{""base_to_finish"":""not inferred"",""foil_to_finish"":""not inferred""},""physical_candidates"":[{""art_kind"":""unknown"",""card_id"":25333,""finish"":""normal"",""rarity"":""Common""},{""art_kind"":""unknown"",""card_id"":25334,""finish"":""reverse_holo"",""rarity"":""Common""}],""source_fields_audited"":{""all_expected_columns_present"":true,""base_columns"":[""low"",""trend"",""avg1"",""avg7"",""avg30""],""foil_columns"":[""low-holo"",""trend-holo"",""avg1-holo"",""avg7-holo"",""avg30-holo""],""observed_metric_columns"":[""avg1"",""avg1-holo"",""avg30"",""avg30-holo"",""avg7"",""avg7-holo"",""low"",""low-holo"",""trend"",""trend-holo""],""unexpected_metric_columns"":[""avg"",""avg-holo""]},""source_files"":{""discovery_mapping_sha256"":""81b5c2edaebda0de843c7f6b13a9710e731d48fe3717881219ea5196d7e0335d"",""prices_path"":""/Users/facundogalmarini/Desktop/price_guide_6 (1).json"",""prices_sha256"":""86282c2015adc332db82ce65d162f6cc44dc0bb3208b8bfedd952268ffafa145"",""products_path"":""/Users/facundogalmarini/Desktop/products_singles_6 (1).json"",""products_sha256"":""318cdf83b38813443530bb4d14f770ed0c1225be9ad87ddebbbee00b097613b5""}}"
719531,23444,089,Muk,base,"[""low"",""trend"",""avg1"",""avg7"",""avg30""]","[""low"",""trend"",""avg1"",""avg7"",""avg30""]",EXACT,AMBIGUOUS,False,,"[25335,25336]","[""normal"",""reverse_holo""]",multiple,multiple_physical_finish_candidates_without_family_specific_evidence,LOW,"Source fact: Price Guide exposes base columns ['low', 'trend', 'avg1', 'avg7', 'avg30']; source fact: canonical scope exposes compatible finishes ['normal', 'reverse_holo']. Inference withheld: no Cardmarket source field identifies this metric family with one finish.","{""canonical_source"":{""canonical_card_id"":23444,""canonical_number"":""089"",""status"":""EXACT""},""cardmarket_source"":{""idMetacard"":421168,""idProduct"":719531,""name"":""Muk [Sticky Jail | Sludge Bomb]""},""inference"":{""base_to_finish"":""not inferred"",""foil_to_finish"":""not inferred""},""physical_candidates"":[{""art_kind"":""unknown"",""card_id"":25335,""finish"":""normal"",""rarity"":""Uncommon""},{""art_kind"":""unknown"",""card_id"":25336,""finish"":""reverse_holo"",""rarity"":""Uncommon""}],""source_fields_audited"":{""all_expected_columns_present"":true,""base_columns"":[""low"",""trend"",""avg1"",""avg7"",""avg30""],""foil_columns"":[""low-holo"",""trend-holo"",""avg1-holo"",""avg7-holo"",""avg30-holo""],""observed_metric_columns"":[""avg1"",""avg1-holo"",""avg30"",""avg30-holo"",""avg7"",""avg7-holo"",""low"",""low-holo"",""trend"",""trend-holo""],""unexpected_metric_columns"":[""avg"",""avg-holo""]},""source_files"":{""discovery_mapping_sha256"":""81b5c2edaebda0de843c7f6b13a9710e731d48fe3717881219ea5196d7e0335d"",""prices_path"":""/Users/facundogalmarini/Desktop/price_guide_6 (1).json"",""prices_sha256"":""86282c2015adc332db82ce65d162f6cc44dc0bb3208b8bfedd952268ffafa145"",""products_path"":""/Users/facundogalmarini/Desktop/products_singles_6 (1).json"",""products_sha256"":""318cdf83b38813443530bb4d14f770ed0c1225be9ad87ddebbbee00b097613b5""}}"
719531,23444,089,Muk,foil,"[""low-holo"",""trend-holo"",""avg1-holo"",""avg7-holo"",""avg30-holo""]","[""low-holo"",""trend-holo"",""avg1-holo"",""avg7-holo"",""avg30-holo""]",EXACT,AMBIGUOUS,False,,"[25335,25336]","[""normal"",""reverse_holo""]",multiple,multiple_physical_finish_candidates_without_family_specific_evidence,LOW,"Source fact: Price Guide exposes foil columns ['low-holo', 'trend-holo', 'avg1-holo', 'avg7-holo', 'avg30-holo']; source fact: canonical scope exposes compatible finishes ['normal', 'reverse_holo']. Inference withheld: no Cardmarket source field identifies this metric family with one finish.","{""canonical_source"":{""canonical_card_id"":23444,""canonical_number"":""089"",""status"":""EXACT""},""cardmarket_source"":{""idMetacard"":421168,""idProduct"":719531,""name"":""Muk [Sticky Jail | Sludge Bomb]""},""inference"":{""base_to_finish"":""not inferred"",""foil_to_finish"":""not inferred""},""physical_candidates"":[{""art_kind"":""unknown"",""card_id"":25335,""finish"":""normal"",""rarity"":""Uncommon""},{""art_kind"":""unknown"",""card_id"":25336,""finish"":""reverse_holo"",""rarity"":""Uncommon""}],""source_fields_audited"":{""all_expected_columns_present"":true,""base_columns"":[""low"",""trend"",""avg1"",""avg7"",""avg30""],""foil_columns"":[""low-holo"",""trend-holo"",""avg1-holo"",""avg7-holo"",""avg30-holo""],""observed_metric_columns"":[""avg1"",""avg1-holo"",""avg30"",""avg30-holo"",""avg7"",""avg7-holo"",""low"",""low-holo"",""trend"",""trend-holo""],""unexpected_metric_columns"":[""avg"",""avg-holo""]},""source_files"":{""discovery_mapping_sha256"":""81b5c2edaebda0de843c7f6b13a9710e731d48fe3717881219ea5196d7e0335d"",""prices_path"":""/Users/facundogalmarini/Desktop/price_guide_6 (1).json"",""prices_sha256"":""86282c2015adc332db82ce65d162f6cc44dc0bb3208b8bfedd952268ffafa145"",""products_path"":""/Users/facundogalmarini/Desktop/products_singles_6 (1).json"",""products_sha256"":""318cdf83b38813443530bb4d14f770ed0c1225be9ad87ddebbbee00b097613b5""}}"
719543,23445,090,Shellder,base,"[""low"",""trend"",""avg1"",""avg7"",""avg30""]","[""low"",""trend"",""avg1"",""avg7"",""avg30""]",EXACT,AMBIGUOUS,False,,"[25337,25338]","[""normal"",""reverse_holo""]",multiple,multiple_physical_finish_candidates_without_family_specific_evidence,LOW,"Source fact: Price Guide exposes base columns ['low', 'trend', 'avg1', 'avg7', 'avg30']; source fact: canonical scope exposes compatible finishes ['normal', 'reverse_holo']. Inference withheld: no Cardmarket source field identifies this metric family with one finish.","{""canonical_source"":{""canonical_card_id"":23445,""canonical_number"":""090"",""status"":""EXACT""},""cardmarket_source"":{""idMetacard"":421169,""idProduct"":719543,""name"":""Shellder [Shell Press]""},""inference"":{""base_to_finish"":""not inferred"",""foil_to_finish"":""not inferred""},""physical_candidates"":[{""art_kind"":""unknown"",""card_id"":25337,""finish"":""normal"",""rarity"":""Common""},{""art_kind"":""unknown"",""card_id"":25338,""finish"":""reverse_holo"",""rarity"":""Common""}],""source_fields_audited"":{""all_expected_columns_present"":true,""base_columns"":[""low"",""trend"",""avg1"",""avg7"",""avg30""],""foil_columns"":[""low-holo"",""trend-holo"",""avg1-holo"",""avg7-holo"",""avg30-holo""],""observed_metric_columns"":[""avg1"",""avg1-holo"",""avg30"",""avg30-holo"",""avg7"",""avg7-holo"",""low"",""low-holo"",""trend"",""trend-holo""],""unexpected_metric_columns"":[""avg"",""avg-holo""]},""source_files"":{""discovery_mapping_sha256"":""81b5c2edaebda0de843c7f6b13a9710e731d48fe3717881219ea5196d7e0335d"",""prices_path"":""/Users/facundogalmarini/Desktop/price_guide_6 (1).json"",""prices_sha256"":""86282c2015adc332db82ce65d162f6cc44dc0bb3208b8bfedd952268ffafa145"",""products_path"":""/Users/facundogalmarini/Desktop/products_singles_6 (1).json"",""products_sha256"":""318cdf83b38813443530bb4d14f770ed0c1225be9ad87ddebbbee00b097613b5""}}"
719543,23445,090,Shellder,foil,"[""low-holo"",""trend-holo"",""avg1-holo"",""avg7-holo"",""avg30-holo""]","[""low-holo"",""trend-holo"",""avg1-holo"",""avg7-holo"",""avg30-holo""]",EXACT,AMBIGUOUS,False,,"[25337,25338]","[""normal"",""reverse_holo""]",multiple,multiple_physical_finish_candidates_without_family_specific_evidence,LOW,"Source fact: Price Guide exposes foil columns ['low-holo', 'trend-holo', 'avg1-holo', 'avg7-holo', 'avg30-holo']; source fact: canonical scope exposes compatible finishes ['normal', 'reverse_holo']. Inference withheld: no Cardmarket source field identifies this metric family with one finish.","{""canonical_source"":{""canonical_card_id"":23445,""canonical_number"":""090"",""status"":""EXACT""},""cardmarket_source"":{""idMetacard"":421169,""idProduct"":719543,""name"":""Shellder [Shell Press]""},""inference"":{""base_to_finish"":""not inferred"",""foil_to_finish"":""not inferred""},""physical_candidates"":[{""art_kind"":""unknown"",""card_id"":25337,""finish"":""normal"",""rarity"":""Common""},{""art_kind"":""unknown"",""card_id"":25338,""finish"":""reverse_holo"",""rarity"":""Common""}],""source_fields_audited"":{""all_expected_columns_present"":true,""base_columns"":[""low"",""trend"",""avg1"",""avg7"",""avg30""],""foil_columns"":[""low-holo"",""trend-holo"",""avg1-holo"",""avg7-holo"",""avg30-holo""],""observed_metric_columns"":[""avg1"",""avg1-holo"",""avg30"",""avg30-holo"",""avg7"",""avg7-holo"",""low"",""low-holo"",""trend"",""trend-holo""],""unexpected_metric_columns"":[""avg"",""avg-holo""]},""source_files"":{""discovery_mapping_sha256"":""81b5c2edaebda0de843c7f6b13a9710e731d48fe3717881219ea5196d7e0335d"",""prices_path"":""/Users/facundogalmarini/Desktop/price_guide_6 (1).json"",""prices_sha256"":""86282c2015adc332db82ce65d162f6cc44dc0bb3208b8bfedd952268ffafa145"",""products_path"":""/Users/facundogalmarini/Desktop/products_singles_6 (1).json"",""products_sha256"":""318cdf83b38813443530bb4d14f770ed0c1225be9ad87ddebbbee00b097613b5""}}"
719544,23446,091,Cloyster,base,"[""low"",""trend"",""avg1"",""avg7"",""avg30""]","[""low"",""trend"",""avg1"",""avg7"",""avg30""]",EXACT,AMBIGUOUS,False,,"[25339,25340]","[""normal"",""reverse_holo""]",multiple,multiple_physical_finish_candidates_without_family_specific_evidence,LOW,"Source fact: Price Guide exposes base columns ['low', 'trend', 'avg1', 'avg7', 'avg30']; source fact: canonical scope exposes compatible finishes ['normal', 'reverse_holo']. Inference withheld: no Cardmarket source field identifies this metric family with one finish.","{""canonical_source"":{""canonical_card_id"":23446,""canonical_number"":""091"",""status"":""EXACT""},""cardmarket_source"":{""idMetacard"":421170,""idProduct"":719544,""name"":""Cloyster [Protect Charge]""},""inference"":{""base_to_finish"":""not inferred"",""foil_to_finish"":""not inferred""},""physical_candidates"":[{""art_kind"":""unknown"",""card_id"":25339,""finish"":""normal"",""rarity"":""Uncommon""},{""art_kind"":""unknown"",""card_id"":25340,""finish"":""reverse_holo"",""rarity"":""Uncommon""}],""source_fields_audited"":{""all_expected_columns_present"":true,""base_columns"":[""low"",""trend"",""avg1"",""avg7"",""avg30""],""foil_columns"":[""low-holo"",""trend-holo"",""avg1-holo"",""avg7-holo"",""avg30-holo""],""observed_metric_columns"":[""avg1"",""avg1-holo"",""avg30"",""avg30-holo"",""avg7"",""avg7-holo"",""low"",""low-holo"",""trend"",""trend-holo""],""unexpected_metric_columns"":[""avg"",""avg-holo""]},""source_files"":{""discovery_mapping_sha256"":""81b5c2edaebda0de843c7f6b13a9710e731d48fe3717881219ea5196d7e0335d"",""prices_path"":""/Users/facundogalmarini/Desktop/price_guide_6 (1).json"",""prices_sha256"":""86282c2015adc332db82ce65d162f6cc44dc0bb3208b8bfedd952268ffafa145"",""products_path"":""/Users/facundogalmarini/Desktop/products_singles_6 (1).json"",""products_sha256"":""318cdf83b38813443530bb4d14f770ed0c1225be9ad87ddebbbee00b097613b5""}}"
719544,23446,091,Cloyster,foil,"[""low-holo"",""trend-holo"",""avg1-holo"",""avg7-holo"",""avg30-holo""]","[""low-holo"",""trend-holo"",""avg1-holo"",""avg7-holo"",""avg30-holo""]",EXACT,AMBIGUOUS,False,,"[25339,25340]","[""normal"",""reverse_holo""]",multiple,multiple_physical_finish_candidates_without_family_specific_evidence,LOW,"Source fact: Price Guide exposes foil columns ['low-holo', 'trend-holo', 'avg1-holo', 'avg7-holo', 'avg30-holo']; source fact: canonical scope exposes compatible finishes ['normal', 'reverse_holo']. Inference withheld: no Cardmarket source field identifies this metric family with one finish.","{""canonical_source"":{""canonical_card_id"":23446,""canonical_number"":""091"",""status"":""EXACT""},""cardmarket_source"":{""idMetacard"":421170,""idProduct"":719544,""name"":""Cloyster [Protect Charge]""},""inference"":{""base_to_finish"":""not inferred"",""foil_to_finish"":""not inferred""},""physical_candidates"":[{""art_kind"":""unknown"",""card_id"":25339,""finish"":""normal"",""rarity"":""Uncommon""},{""art_kind"":""unknown"",""card_id"":25340,""finish"":""reverse_holo"",""rarity"":""Uncommon""}],""source_fields_audited"":{""all_expected_columns_present"":true,""base_columns"":[""low"",""trend"",""avg1"",""avg7"",""avg30""],""foil_columns"":[""low-holo"",""trend-holo"",""avg1-holo"",""avg7-holo"",""avg30-holo""],""observed_metric_columns"":[""avg1"",""avg1-holo"",""avg30"",""avg30-holo"",""avg7"",""avg7-holo"",""low"",""low-holo"",""trend"",""trend-holo""],""unexpected_metric_columns"":[""avg"",""avg-holo""]},""source_files"":{""discovery_mapping_sha256"":""81b5c2edaebda0de843c7f6b13a9710e731d48fe3717881219ea5196d7e0335d"",""prices_path"":""/Users/facundogalmarini/Desktop/price_guide_6 (1).json"",""prices_sha256"":""86282c2015adc332db82ce65d162f6cc44dc0bb3208b8bfedd952268ffafa145"",""products_path"":""/Users/facundogalmarini/Desktop/products_singles_6 (1).json"",""products_sha256"":""318cdf83b38813443530bb4d14f770ed0c1225be9ad87ddebbbee00b097613b5""}}"
719545,23447,092,Gastly,base,"[""low"",""trend"",""avg1"",""avg7"",""avg30""]","[""low"",""trend"",""avg1"",""avg7"",""avg30""]",EXACT,AMBIGUOUS,False,,"[25341,25342]","[""normal"",""reverse_holo""]",multiple,multiple_physical_finish_candidates_without_family_specific_evidence,LOW,"Source fact: Price Guide exposes base columns ['low', 'trend', 'avg1', 'avg7', 'avg30']; source fact: canonical scope exposes compatible finishes ['normal', 'reverse_holo']. Inference withheld: no Cardmarket source field identifies this metric family with one finish.","{""canonical_source"":{""canonical_card_id"":23447,""canonical_number"":""092"",""status"":""EXACT""},""cardmarket_source"":{""idMetacard"":421171,""idProduct"":719545,""name"":""Gastly [Suffocating Gas]""},""inference"":{""base_to_finish"":""not inferred"",""foil_to_finish"":""not inferred""},""physical_candidates"":[{""art_kind"":""unknown"",""card_id"":25341,""finish"":""normal"",""rarity"":""Common""},{""art_kind"":""unknown"",""card_id"":25342,""finish"":""reverse_holo"",""rarity"":""Common""}],""source_fields_audited"":{""all_expected_columns_present"":true,""base_columns"":[""low"",""trend"",""avg1"",""avg7"",""avg30""],""foil_columns"":[""low-holo"",""trend-holo"",""avg1-holo"",""avg7-holo"",""avg30-holo""],""observed_metric_columns"":[""avg1"",""avg1-holo"",""avg30"",""avg30-holo"",""avg7"",""avg7-holo"",""low"",""low-holo"",""trend"",""trend-holo""],""unexpected_metric_columns"":[""avg"",""avg-holo""]},""source_files"":{""discovery_mapping_sha256"":""81b5c2edaebda0de843c7f6b13a9710e731d48fe3717881219ea5196d7e0335d"",""prices_path"":""/Users/facundogalmarini/Desktop/price_guide_6 (1).json"",""prices_sha256"":""86282c2015adc332db82ce65d162f6cc44dc0bb3208b8bfedd952268ffafa145"",""products_path"":""/Users/facundogalmarini/Desktop/products_singles_6 (1).json"",""products_sha256"":""318cdf83b38813443530bb4d14f770ed0c1225be9ad87ddebbbee00b097613b5""}}"
719545,23447,092,Gastly,foil,"[""low-holo"",""trend-holo"",""avg1-holo"",""avg7-holo"",""avg30-holo""]","[""low-holo"",""trend-holo"",""avg1-holo"",""avg7-holo"",""avg30-holo""]",EXACT,AMBIGUOUS,False,,"[25341,25342]","[""normal"",""reverse_holo""]",multiple,multiple_physical_finish_candidates_without_family_specific_evidence,LOW,"Source fact: Price Guide exposes foil columns ['low-holo', 'trend-holo', 'avg1-holo', 'avg7-holo', 'avg30-holo']; source fact: canonical scope exposes compatible finishes ['normal', 'reverse_holo']. Inference withheld: no Cardmarket source field identifies this metric family with one finish.","{""canonical_source"":{""canonical_card_id"":23447,""canonical_number"":""092"",""status"":""EXACT""},""cardmarket_source"":{""idMetacard"":421171,""idProduct"":719545,""name"":""Gastly [Suffocating Gas]""},""inference"":{""base_to_finish"":""not inferred"",""foil_to_finish"":""not inferred""},""physical_candidates"":[{""art_kind"":""unknown"",""card_id"":25341,""finish"":""normal"",""rarity"":""Common""},{""art_kind"":""unknown"",""card_id"":25342,""finish"":""reverse_holo"",""rarity"":""Common""}],""source_fields_audited"":{""all_expected_columns_present"":true,""base_columns"":[""low"",""trend"",""avg1"",""avg7"",""avg30""],""foil_columns"":[""low-holo"",""trend-holo"",""avg1-holo"",""avg7-holo"",""avg30-holo""],""observed_metric_columns"":[""avg1"",""avg1-holo"",""avg30"",""avg30-holo"",""avg7"",""avg7-holo"",""low"",""low-holo"",""trend"",""trend-holo""],""unexpected_metric_columns"":[""avg"",""avg-holo""]},""source_files"":{""discovery_mapping_sha256"":""81b5c2edaebda0de843c7f6b13a9710e731d48fe3717881219ea5196d7e0335d"",""prices_path"":""/Users/facundogalmarini/Desktop/price_guide_6 (1).json"",""prices_sha256"":""86282c2015adc332db82ce65d162f6cc44dc0bb3208b8bfedd952268ffafa145"",""products_path"":""/Users/facundogalmarini/Desktop/products_singles_6 (1).json"",""products_sha256"":""318cdf83b38813443530bb4d14f770ed0c1225be9ad87ddebbbee00b097613b5""}}"
719546,23448,093,Haunter,base,"[""low"",""trend"",""avg1"",""avg7"",""avg30""]","[""low"",""trend"",""avg1"",""avg7"",""avg30""]",EXACT,AMBIGUOUS,False,,"[25343,25344]","[""normal"",""reverse_holo""]",multiple,multiple_physical_finish_candidates_without_family_specific_evidence,LOW,"Source fact: Price Guide exposes base columns ['low', 'trend', 'avg1', 'avg7', 'avg30']; source fact: canonical scope exposes compatible finishes ['normal', 'reverse_holo']. Inference withheld: no Cardmarket source field identifies this metric family with one finish.","{""canonical_source"":{""canonical_card_id"":23448,""canonical_number"":""093"",""status"":""EXACT""},""cardmarket_source"":{""idMetacard"":421172,""idProduct"":719546,""name"":""Haunter [Spirit Return | Mumble]""},""inference"":{""base_to_finish"":""not inferred"",""foil_to_finish"":""not inferred""},""physical_candidates"":[{""art_kind"":""unknown"",""card_id"":25343,""finish"":""normal"",""rarity"":""Uncommon""},{""art_kind"":""unknown"",""card_id"":25344,""finish"":""reverse_holo"",""rarity"":""Uncommon""}],""source_fields_audited"":{""all_expected_columns_present"":true,""base_columns"":[""low"",""trend"",""avg1"",""avg7"",""avg30""],""foil_columns"":[""low-holo"",""trend-holo"",""avg1-holo"",""avg7-holo"",""avg30-holo""],""observed_metric_columns"":[""avg1"",""avg1-holo"",""avg30"",""avg30-holo"",""avg7"",""avg7-holo"",""low"",""low-holo"",""trend"",""trend-holo""],""unexpected_metric_columns"":[""avg"",""avg-holo""]},""source_files"":{""discovery_mapping_sha256"":""81b5c2edaebda0de843c7f6b13a9710e731d48fe3717881219ea5196d7e0335d"",""prices_path"":""/Users/facundogalmarini/Desktop/price_guide_6 (1).json"",""prices_sha256"":""86282c2015adc332db82ce65d162f6cc44dc0bb3208b8bfedd952268ffafa145"",""products_path"":""/Users/facundogalmarini/Desktop/products_singles_6 (1).json"",""products_sha256"":""318cdf83b38813443530bb4d14f770ed0c1225be9ad87ddebbbee00b097613b5""}}"
719546,23448,093,Haunter,foil,"[""low-holo"",""trend-holo"",""avg1-holo"",""avg7-holo"",""avg30-holo""]","[""low-holo"",""trend-holo"",""avg1-holo"",""avg7-holo"",""avg30-holo""]",EXACT,AMBIGUOUS,False,,"[25343,25344]","[""normal"",""reverse_holo""]",multiple,multiple_physical_finish_candidates_without_family_specific_evidence,LOW,"Source fact: Price Guide exposes foil columns ['low-holo', 'trend-holo', 'avg1-holo', 'avg7-holo', 'avg30-holo']; source fact: canonical scope exposes compatible finishes ['normal', 'reverse_holo']. Inference withheld: no Cardmarket source field identifies this metric family with one finish.","{""canonical_source"":{""canonical_card_id"":23448,""canonical_number"":""093"",""status"":""EXACT""},""cardmarket_source"":{""idMetacard"":421172,""idProduct"":719546,""name"":""Haunter [Spirit Return | Mumble]""},""inference"":{""base_to_finish"":""not inferred"",""foil_to_finish"":""not inferred""},""physical_candidates"":[{""art_kind"":""unknown"",""card_id"":25343,""finish"":""normal"",""rarity"":""Uncommon""},{""art_kind"":""unknown"",""card_id"":25344,""finish"":""reverse_holo"",""rarity"":""Uncommon""}],""source_fields_audited"":{""all_expected_columns_present"":true,""base_columns"":[""low"",""trend"",""avg1"",""avg7"",""avg30""],""foil_columns"":[""low-holo"",""trend-holo"",""avg1-holo"",""avg7-holo"",""avg30-holo""],""observed_metric_columns"":[""avg1"",""avg1-holo"",""avg30"",""avg30-holo"",""avg7"",""avg7-holo"",""low"",""low-holo"",""trend"",""trend-holo""],""unexpected_metric_columns"":[""avg"",""avg-holo""]},""source_files"":{""discovery_mapping_sha256"":""81b5c2edaebda0de843c7f6b13a9710e731d48fe3717881219ea5196d7e0335d"",""prices_path"":""/Users/facundogalmarini/Desktop/price_guide_6 (1).json"",""prices_sha256"":""86282c2015adc332db82ce65d162f6cc44dc0bb3208b8bfedd952268ffafa145"",""products_path"":""/Users/facundogalmarini/Desktop/products_singles_6 (1).json"",""products_sha256"":""318cdf83b38813443530bb4d14f770ed0c1225be9ad87ddebbbee00b097613b5""}}"
719547,23449,094,Gengar,base,"[""low"",""trend"",""avg1"",""avg7"",""avg30""]","[""low"",""trend"",""avg1"",""avg7"",""avg30""]",EXACT,AMBIGUOUS,False,,"[25345,25346]","[""holo"",""reverse_holo""]",multiple,multiple_physical_finish_candidates_without_family_specific_evidence,LOW,"Source fact: Price Guide exposes base columns ['low', 'trend', 'avg1', 'avg7', 'avg30']; source fact: canonical scope exposes compatible finishes ['holo', 'reverse_holo']. Inference withheld: no Cardmarket source field identifies this metric family with one finish.","{""canonical_source"":{""canonical_card_id"":23449,""canonical_number"":""094"",""status"":""EXACT""},""cardmarket_source"":{""idMetacard"":421173,""idProduct"":719547,""name"":""Gengar [Poltergeist | Hollow Dive]""},""inference"":{""base_to_finish"":""not inferred"",""foil_to_finish"":""not inferred""},""physical_candidates"":[{""art_kind"":""unknown"",""card_id"":25345,""finish"":""holo"",""rarity"":""Rare""},{""art_kind"":""unknown"",""card_id"":25346,""finish"":""reverse_holo"",""rarity"":""Rare""}],""source_fields_audited"":{""all_expected_columns_present"":true,""base_columns"":[""low"",""trend"",""avg1"",""avg7"",""avg30""],""foil_columns"":[""low-holo"",""trend-holo"",""avg1-holo"",""avg7-holo"",""avg30-holo""],""observed_metric_columns"":[""avg1"",""avg1-holo"",""avg30"",""avg30-holo"",""avg7"",""avg7-holo"",""low"",""low-holo"",""trend"",""trend-holo""],""unexpected_metric_columns"":[""avg"",""avg-holo""]},""source_files"":{""discovery_mapping_sha256"":""81b5c2edaebda0de843c7f6b13a9710e731d48fe3717881219ea5196d7e0335d"",""prices_path"":""/Users/facundogalmarini/Desktop/price_guide_6 (1).json"",""prices_sha256"":""86282c2015adc332db82ce65d162f6cc44dc0bb3208b8bfedd952268ffafa145"",""products_path"":""/Users/facundogalmarini/Desktop/products_singles_6 (1).json"",""products_sha256"":""318cdf83b38813443530bb4d14f770ed0c1225be9ad87ddebbbee00b097613b5""}}"
719547,23449,094,Gengar,foil,"[""low-holo"",""trend-holo"",""avg1-holo"",""avg7-holo"",""avg30-holo""]","[""low-holo"",""trend-holo"",""avg1-holo"",""avg7-holo"",""avg30-holo""]",EXACT,AMBIGUOUS,False,,"[25345,25346]","[""holo"",""reverse_holo""]",multiple,multiple_physical_finish_candidates_without_family_specific_evidence,LOW,"Source fact: Price Guide exposes foil columns ['low-holo', 'trend-holo', 'avg1-holo', 'avg7-holo', 'avg30-holo']; source fact: canonical scope exposes compatible finishes ['holo', 'reverse_holo']. Inference withheld: no Cardmarket source field identifies this metric family with one finish.","{""canonical_source"":{""canonical_card_id"":23449,""canonical_number"":""094"",""status"":""EXACT""},""cardmarket_source"":{""idMetacard"":421173,""idProduct"":719547,""name"":""Gengar [Poltergeist | Hollow Dive]""},""inference"":{""base_to_finish"":""not inferred"",""foil_to_finish"":""not inferred""},""physical_candidates"":[{""art_kind"":""unknown"",""card_id"":25345,""finish"":""holo"",""rarity"":""Rare""},{""art_kind"":""unknown"",""card_id"":25346,""finish"":""reverse_holo"",""rarity"":""Rare""}],""source_fields_audited"":{""all_expected_columns_present"":true,""base_columns"":[""low"",""trend"",""avg1"",""avg7"",""avg30""],""foil_columns"":[""low-holo"",""trend-holo"",""avg1-holo"",""avg7-holo"",""avg30-holo""],""observed_metric_columns"":[""avg1"",""avg1-holo"",""avg30"",""avg30-holo"",""avg7"",""avg7-holo"",""low"",""low-holo"",""trend"",""trend-holo""],""unexpected_metric_columns"":[""avg"",""avg-holo""]},""source_files"":{""discovery_mapping_sha256"":""81b5c2edaebda0de843c7f6b13a9710e731d48fe3717881219ea5196d7e0335d"",""prices_path"":""/Users/facundogalmarini/Desktop/price_guide_6 (1).json"",""prices_sha256"":""86282c2015adc332db82ce65d162f6cc44dc0bb3208b8bfedd952268ffafa145"",""products_path"":""/Users/facundogalmarini/Desktop/products_singles_6 (1).json"",""products_sha256"":""318cdf83b38813443530bb4d14f770ed0c1225be9ad87ddebbbee00b097613b5""}}"
719548,23450,095,Onix,base,"[""low"",""trend"",""avg1"",""avg7"",""avg30""]","[""low"",""trend"",""avg1"",""avg7"",""avg30""]",EXACT,AMBIGUOUS,False,,"[25347,25348]","[""normal"",""reverse_holo""]",multiple,multiple_physical_finish_candidates_without_family_specific_evidence,LOW,"Source fact: Price Guide exposes base columns ['low', 'trend', 'avg1', 'avg7', 'avg30']; source fact: canonical scope exposes compatible finishes ['normal', 'reverse_holo']. Inference withheld: no Cardmarket source field identifies this metric family with one finish.","{""canonical_source"":{""canonical_card_id"":23450,""canonical_number"":""095"",""status"":""EXACT""},""cardmarket_source"":{""idMetacard"":421174,""idProduct"":719548,""name"":""Onix [Thumpalanche | Heavy Impact]""},""inference"":{""base_to_finish"":""not inferred"",""foil_to_finish"":""not inferred""},""physical_candidates"":[{""art_kind"":""unknown"",""card_id"":25347,""finish"":""normal"",""rarity"":""Uncommon""},{""art_kind"":""unknown"",""card_id"":25348,""finish"":""reverse_holo"",""rarity"":""Uncommon""}],""source_fields_audited"":{""all_expected_columns_present"":true,""base_columns"":[""low"",""trend"",""avg1"",""avg7"",""avg30""],""foil_columns"":[""low-holo"",""trend-holo"",""avg1-holo"",""avg7-holo"",""avg30-holo""],""observed_metric_columns"":[""avg1"",""avg1-holo"",""avg30"",""avg30-holo"",""avg7"",""avg7-holo"",""low"",""low-holo"",""trend"",""trend-holo""],""unexpected_metric_columns"":[""avg"",""avg-holo""]},""source_files"":{""discovery_mapping_sha256"":""81b5c2edaebda0de843c7f6b13a9710e731d48fe3717881219ea5196d7e0335d"",""prices_path"":""/Users/facundogalmarini/Desktop/price_guide_6 (1).json"",""prices_sha256"":""86282c2015adc332db82ce65d162f6cc44dc0bb3208b8bfedd952268ffafa145"",""products_path"":""/Users/facundogalmarini/Desktop/products_singles_6 (1).json"",""products_sha256"":""318cdf83b38813443530bb4d14f770ed0c1225be9ad87ddebbbee00b097613b5""}}"
719548,23450,095,Onix,foil,"[""low-holo"",""trend-holo"",""avg1-holo"",""avg7-holo"",""avg30-holo""]","[""low-holo"",""trend-holo"",""avg1-holo"",""avg7-holo"",""avg30-holo""]",EXACT,AMBIGUOUS,False,,"[25347,25348]","[""normal"",""reverse_holo""]",multiple,multiple_physical_finish_candidates_without_family_specific_evidence,LOW,"Source fact: Price Guide exposes foil columns ['low-holo', 'trend-holo', 'avg1-holo', 'avg7-holo', 'avg30-holo']; source fact: canonical scope exposes compatible finishes ['normal', 'reverse_holo']. Inference withheld: no Cardmarket source field identifies this metric family with one finish.","{""canonical_source"":{""canonical_card_id"":23450,""canonical_number"":""095"",""status"":""EXACT""},""cardmarket_source"":{""idMetacard"":421174,""idProduct"":719548,""name"":""Onix [Thumpalanche | Heavy Impact]""},""inference"":{""base_to_finish"":""not inferred"",""foil_to_finish"":""not inferred""},""physical_candidates"":[{""art_kind"":""unknown"",""card_id"":25347,""finish"":""normal"",""rarity"":""Uncommon""},{""art_kind"":""unknown"",""card_id"":25348,""finish"":""reverse_holo"",""rarity"":""Uncommon""}],""source_fields_audited"":{""all_expected_columns_present"":true,""base_columns"":[""low"",""trend"",""avg1"",""avg7"",""avg30""],""foil_columns"":[""low-holo"",""trend-holo"",""avg1-holo"",""avg7-holo"",""avg30-holo""],""observed_metric_columns"":[""avg1"",""avg1-holo"",""avg30"",""avg30-holo"",""avg7"",""avg7-holo"",""low"",""low-holo"",""trend"",""trend-holo""],""unexpected_metric_columns"":[""avg"",""avg-holo""]},""source_files"":{""discovery_mapping_sha256"":""81b5c2edaebda0de843c7f6b13a9710e731d48fe3717881219ea5196d7e0335d"",""prices_path"":""/Users/facundogalmarini/Desktop/price_guide_6 (1).json"",""prices_sha256"":""86282c2015adc332db82ce65d162f6cc44dc0bb3208b8bfedd952268ffafa145"",""products_path"":""/Users/facundogalmarini/Desktop/products_singles_6 (1).json"",""products_sha256"":""318cdf83b38813443530bb4d14f770ed0c1225be9ad87ddebbbee00b097613b5""}}"
719549,23451,096,Drowzee,base,"[""low"",""trend"",""avg1"",""avg7"",""avg30""]","[""low"",""trend"",""avg1"",""avg7"",""avg30""]",EXACT,AMBIGUOUS,False,,"[25349,25350]","[""normal"",""reverse_holo""]",multiple,multiple_physical_finish_candidates_without_family_specific_evidence,LOW,"Source fact: Price Guide exposes base columns ['low', 'trend', 'avg1', 'avg7', 'avg30']; source fact: canonical scope exposes compatible finishes ['normal', 'reverse_holo']. Inference withheld: no Cardmarket source field identifies this metric family with one finish.","{""canonical_source"":{""canonical_card_id"":23451,""canonical_number"":""096"",""status"":""EXACT""},""cardmarket_source"":{""idMetacard"":421175,""idProduct"":719549,""name"":""Drowzee [Zen Headbutt]""},""inference"":{""base_to_finish"":""not inferred"",""foil_to_finish"":""not inferred""},""physical_candidates"":[{""art_kind"":""unknown"",""card_id"":25349,""finish"":""normal"",""rarity"":""Common""},{""art_kind"":""unknown"",""card_id"":25350,""finish"":""reverse_holo"",""rarity"":""Common""}],""source_fields_audited"":{""all_expected_columns_present"":true,""base_columns"":[""low"",""trend"",""avg1"",""avg7"",""avg30""],""foil_columns"":[""low-holo"",""trend-holo"",""avg1-holo"",""avg7-holo"",""avg30-holo""],""observed_metric_columns"":[""avg1"",""avg1-holo"",""avg30"",""avg30-holo"",""avg7"",""avg7-holo"",""low"",""low-holo"",""trend"",""trend-holo""],""unexpected_metric_columns"":[""avg"",""avg-holo""]},""source_files"":{""discovery_mapping_sha256"":""81b5c2edaebda0de843c7f6b13a9710e731d48fe3717881219ea5196d7e0335d"",""prices_path"":""/Users/facundogalmarini/Desktop/price_guide_6 (1).json"",""prices_sha256"":""86282c2015adc332db82ce65d162f6cc44dc0bb3208b8bfedd952268ffafa145"",""products_path"":""/Users/facundogalmarini/Desktop/products_singles_6 (1).json"",""products_sha256"":""318cdf83b38813443530bb4d14f770ed0c1225be9ad87ddebbbee00b097613b5""}}"
719549,23451,096,Drowzee,foil,"[""low-holo"",""trend-holo"",""avg1-holo"",""avg7-holo"",""avg30-holo""]","[""low-holo"",""trend-holo"",""avg1-holo"",""avg7-holo"",""avg30-holo""]",EXACT,AMBIGUOUS,False,,"[25349,25350]","[""normal"",""reverse_holo""]",multiple,multiple_physical_finish_candidates_without_family_specific_evidence,LOW,"Source fact: Price Guide exposes foil columns ['low-holo', 'trend-holo', 'avg1-holo', 'avg7-holo', 'avg30-holo']; source fact: canonical scope exposes compatible finishes ['normal', 'reverse_holo']. Inference withheld: no Cardmarket source field identifies this metric family with one finish.","{""canonical_source"":{""canonical_card_id"":23451,""canonical_number"":""096"",""status"":""EXACT""},""cardmarket_source"":{""idMetacard"":421175,""idProduct"":719549,""name"":""Drowzee [Zen Headbutt]""},""inference"":{""base_to_finish"":""not inferred"",""foil_to_finish"":""not inferred""},""physical_candidates"":[{""art_kind"":""unknown"",""card_id"":25349,""finish"":""normal"",""rarity"":""Common""},{""art_kind"":""unknown"",""card_id"":25350,""finish"":""reverse_holo"",""rarity"":""Common""}],""source_fields_audited"":{""all_expected_columns_present"":true,""base_columns"":[""low"",""trend"",""avg1"",""avg7"",""avg30""],""foil_columns"":[""low-holo"",""trend-holo"",""avg1-holo"",""avg7-holo"",""avg30-holo""],""observed_metric_columns"":[""avg1"",""avg1-holo"",""avg30"",""avg30-holo"",""avg7"",""avg7-holo"",""low"",""low-holo"",""trend"",""trend-holo""],""unexpected_metric_columns"":[""avg"",""avg-holo""]},""source_files"":{""discovery_mapping_sha256"":""81b5c2edaebda0de843c7f6b13a9710e731d48fe3717881219ea5196d7e0335d"",""prices_path"":""/Users/facundogalmarini/Desktop/price_guide_6 (1).json"",""prices_sha256"":""86282c2015adc332db82ce65d162f6cc44dc0bb3208b8bfedd952268ffafa145"",""products_path"":""/Users/facundogalmarini/Desktop/products_singles_6 (1).json"",""products_sha256"":""318cdf83b38813443530bb4d14f770ed0c1225be9ad87ddebbbee00b097613b5""}}"
719550,23452,097,Hypno,base,"[""low"",""trend"",""avg1"",""avg7"",""avg30""]","[""low"",""trend"",""avg1"",""avg7"",""avg30""]",EXACT,AMBIGUOUS,False,,"[25351,25352]","[""normal"",""reverse_holo""]",multiple,multiple_physical_finish_candidates_without_family_specific_evidence,LOW,"Source fact: Price Guide exposes base columns ['low', 'trend', 'avg1', 'avg7', 'avg30']; source fact: canonical scope exposes compatible finishes ['normal', 'reverse_holo']. Inference withheld: no Cardmarket source field identifies this metric family with one finish.","{""canonical_source"":{""canonical_card_id"":23452,""canonical_number"":""097"",""status"":""EXACT""},""cardmarket_source"":{""idMetacard"":421176,""idProduct"":719550,""name"":""Hypno [Here for Hypnosis | Super Psy Bolt]""},""inference"":{""base_to_finish"":""not inferred"",""foil_to_finish"":""not inferred""},""physical_candidates"":[{""art_kind"":""unknown"",""card_id"":25351,""finish"":""normal"",""rarity"":""Uncommon""},{""art_kind"":""unknown"",""card_id"":25352,""finish"":""reverse_holo"",""rarity"":""Uncommon""}],""source_fields_audited"":{""all_expected_columns_present"":true,""base_columns"":[""low"",""trend"",""avg1"",""avg7"",""avg30""],""foil_columns"":[""low-holo"",""trend-holo"",""avg1-holo"",""avg7-holo"",""avg30-holo""],""observed_metric_columns"":[""avg1"",""avg1-holo"",""avg30"",""avg30-holo"",""avg7"",""avg7-holo"",""low"",""low-holo"",""trend"",""trend-holo""],""unexpected_metric_columns"":[""avg"",""avg-holo""]},""source_files"":{""discovery_mapping_sha256"":""81b5c2edaebda0de843c7f6b13a9710e731d48fe3717881219ea5196d7e0335d"",""prices_path"":""/Users/facundogalmarini/Desktop/price_guide_6 (1).json"",""prices_sha256"":""86282c2015adc332db82ce65d162f6cc44dc0bb3208b8bfedd952268ffafa145"",""products_path"":""/Users/facundogalmarini/Desktop/products_singles_6 (1).json"",""products_sha256"":""318cdf83b38813443530bb4d14f770ed0c1225be9ad87ddebbbee00b097613b5""}}"
719550,23452,097,Hypno,foil,"[""low-holo"",""trend-holo"",""avg1-holo"",""avg7-holo"",""avg30-holo""]","[""low-holo"",""trend-holo"",""avg1-holo"",""avg7-holo"",""avg30-holo""]",EXACT,AMBIGUOUS,False,,"[25351,25352]","[""normal"",""reverse_holo""]",multiple,multiple_physical_finish_candidates_without_family_specific_evidence,LOW,"Source fact: Price Guide exposes foil columns ['low-holo', 'trend-holo', 'avg1-holo', 'avg7-holo', 'avg30-holo']; source fact: canonical scope exposes compatible finishes ['normal', 'reverse_holo']. Inference withheld: no Cardmarket source field identifies this metric family with one finish.","{""canonical_source"":{""canonical_card_id"":23452,""canonical_number"":""097"",""status"":""EXACT""},""cardmarket_source"":{""idMetacard"":421176,""idProduct"":719550,""name"":""Hypno [Here for Hypnosis | Super Psy Bolt]""},""inference"":{""base_to_finish"":""not inferred"",""foil_to_finish"":""not inferred""},""physical_candidates"":[{""art_kind"":""unknown"",""card_id"":25351,""finish"":""normal"",""rarity"":""Uncommon""},{""art_kind"":""unknown"",""card_id"":25352,""finish"":""reverse_holo"",""rarity"":""Uncommon""}],""source_fields_audited"":{""all_expected_columns_present"":true,""base_columns"":[""low"",""trend"",""avg1"",""avg7"",""avg30""],""foil_columns"":[""low-holo"",""trend-holo"",""avg1-holo"",""avg7-holo"",""avg30-holo""],""observed_metric_columns"":[""avg1"",""avg1-holo"",""avg30"",""avg30-holo"",""avg7"",""avg7-holo"",""low"",""low-holo"",""trend"",""trend-holo""],""unexpected_metric_columns"":[""avg"",""avg-holo""]},""source_files"":{""discovery_mapping_sha256"":""81b5c2edaebda0de843c7f6b13a9710e731d48fe3717881219ea5196d7e0335d"",""prices_path"":""/Users/facundogalmarini/Desktop/price_guide_6 (1).json"",""prices_sha256"":""86282c2015adc332db82ce65d162f6cc44dc0bb3208b8bfedd952268ffafa145"",""products_path"":""/Users/facundogalmarini/Desktop/products_singles_6 (1).json"",""products_sha256"":""318cdf83b38813443530bb4d14f770ed0c1225be9ad87ddebbbee00b097613b5""}}"
719551,23453,098,Krabby,base,"[""low"",""trend"",""avg1"",""avg7"",""avg30""]","[""low"",""trend"",""avg1"",""avg7"",""avg30""]",EXACT,AMBIGUOUS,False,,"[25353,25354]","[""normal"",""reverse_holo""]",multiple,multiple_physical_finish_candidates_without_family_specific_evidence,LOW,"Source fact: Price Guide exposes base columns ['low', 'trend', 'avg1', 'avg7', 'avg30']; source fact: canonical scope exposes compatible finishes ['normal', 'reverse_holo']. Inference withheld: no Cardmarket source field identifies this metric family with one finish.","{""canonical_source"":{""canonical_card_id"":23453,""canonical_number"":""098"",""status"":""EXACT""},""cardmarket_source"":{""idMetacard"":421177,""idProduct"":719551,""name"":""Krabby [Salt Water | Crabhammer]""},""inference"":{""base_to_finish"":""not inferred"",""foil_to_finish"":""not inferred""},""physical_candidates"":[{""art_kind"":""unknown"",""card_id"":25353,""finish"":""normal"",""rarity"":""Common""},{""art_kind"":""unknown"",""card_id"":25354,""finish"":""reverse_holo"",""rarity"":""Common""}],""source_fields_audited"":{""all_expected_columns_present"":true,""base_columns"":[""low"",""trend"",""avg1"",""avg7"",""avg30""],""foil_columns"":[""low-holo"",""trend-holo"",""avg1-holo"",""avg7-holo"",""avg30-holo""],""observed_metric_columns"":[""avg1"",""avg1-holo"",""avg30"",""avg30-holo"",""avg7"",""avg7-holo"",""low"",""low-holo"",""trend"",""trend-holo""],""unexpected_metric_columns"":[""avg"",""avg-holo""]},""source_files"":{""discovery_mapping_sha256"":""81b5c2edaebda0de843c7f6b13a9710e731d48fe3717881219ea5196d7e0335d"",""prices_path"":""/Users/facundogalmarini/Desktop/price_guide_6 (1).json"",""prices_sha256"":""86282c2015adc332db82ce65d162f6cc44dc0bb3208b8bfedd952268ffafa145"",""products_path"":""/Users/facundogalmarini/Desktop/products_singles_6 (1).json"",""products_sha256"":""318cdf83b38813443530bb4d14f770ed0c1225be9ad87ddebbbee00b097613b5""}}"
719551,23453,098,Krabby,foil,"[""low-holo"",""trend-holo"",""avg1-holo"",""avg7-holo"",""avg30-holo""]","[""low-holo"",""trend-holo"",""avg1-holo"",""avg7-holo"",""avg30-holo""]",EXACT,AMBIGUOUS,False,,"[25353,25354]","[""normal"",""reverse_holo""]",multiple,multiple_physical_finish_candidates_without_family_specific_evidence,LOW,"Source fact: Price Guide exposes foil columns ['low-holo', 'trend-holo', 'avg1-holo', 'avg7-holo', 'avg30-holo']; source fact: canonical scope exposes compatible finishes ['normal', 'reverse_holo']. Inference withheld: no Cardmarket source field identifies this metric family with one finish.","{""canonical_source"":{""canonical_card_id"":23453,""canonical_number"":""098"",""status"":""EXACT""},""cardmarket_source"":{""idMetacard"":421177,""idProduct"":719551,""name"":""Krabby [Salt Water | Crabhammer]""},""inference"":{""base_to_finish"":""not inferred"",""foil_to_finish"":""not inferred""},""physical_candidates"":[{""art_kind"":""unknown"",""card_id"":25353,""finish"":""normal"",""rarity"":""Common""},{""art_kind"":""unknown"",""card_id"":25354,""finish"":""reverse_holo"",""rarity"":""Common""}],""source_fields_audited"":{""all_expected_columns_present"":true,""base_columns"":[""low"",""trend"",""avg1"",""avg7"",""avg30""],""foil_columns"":[""low-holo"",""trend-holo"",""avg1-holo"",""avg7-holo"",""avg30-holo""],""observed_metric_columns"":[""avg1"",""avg1-holo"",""avg30"",""avg30-holo"",""avg7"",""avg7-holo"",""low"",""low-holo"",""trend"",""trend-holo""],""unexpected_metric_columns"":[""avg"",""avg-holo""]},""source_files"":{""discovery_mapping_sha256"":""81b5c2edaebda0de843c7f6b13a9710e731d48fe3717881219ea5196d7e0335d"",""prices_path"":""/Users/facundogalmarini/Desktop/price_guide_6 (1).json"",""prices_sha256"":""86282c2015adc332db82ce65d162f6cc44dc0bb3208b8bfedd952268ffafa145"",""products_path"":""/Users/facundogalmarini/Desktop/products_singles_6 (1).json"",""products_sha256"":""318cdf83b38813443530bb4d14f770ed0c1225be9ad87ddebbbee00b097613b5""}}"
719552,23454,099,Kingler,base,"[""low"",""trend"",""avg1"",""avg7"",""avg30""]","[""low"",""trend"",""avg1"",""avg7"",""avg30""]",EXACT,AMBIGUOUS,False,,"[25355,25356]","[""normal"",""reverse_holo""]",multiple,multiple_physical_finish_candidates_without_family_specific_evidence,LOW,"Source fact: Price Guide exposes base columns ['low', 'trend', 'avg1', 'avg7', 'avg30']; source fact: canonical scope exposes compatible finishes ['normal', 'reverse_holo']. Inference withheld: no Cardmarket source field identifies this metric family with one finish.","{""canonical_source"":{""canonical_card_id"":23454,""canonical_number"":""099"",""status"":""EXACT""},""cardmarket_source"":{""idMetacard"":421178,""idProduct"":719552,""name"":""Kingler [Hammer Arm | Guillotine]""},""inference"":{""base_to_finish"":""not inferred"",""foil_to_finish"":""not inferred""},""physical_candidates"":[{""art_kind"":""unknown"",""card_id"":25355,""finish"":""normal"",""rarity"":""Uncommon""},{""art_kind"":""unknown"",""card_id"":25356,""finish"":""reverse_holo"",""rarity"":""Uncommon""}],""source_fields_audited"":{""all_expected_columns_present"":true,""base_columns"":[""low"",""trend"",""avg1"",""avg7"",""avg30""],""foil_columns"":[""low-holo"",""trend-holo"",""avg1-holo"",""avg7-holo"",""avg30-holo""],""observed_metric_columns"":[""avg1"",""avg1-holo"",""avg30"",""avg30-holo"",""avg7"",""avg7-holo"",""low"",""low-holo"",""trend"",""trend-holo""],""unexpected_metric_columns"":[""avg"",""avg-holo""]},""source_files"":{""discovery_mapping_sha256"":""81b5c2edaebda0de843c7f6b13a9710e731d48fe3717881219ea5196d7e0335d"",""prices_path"":""/Users/facundogalmarini/Desktop/price_guide_6 (1).json"",""prices_sha256"":""86282c2015adc332db82ce65d162f6cc44dc0bb3208b8bfedd952268ffafa145"",""products_path"":""/Users/facundogalmarini/Desktop/products_singles_6 (1).json"",""products_sha256"":""318cdf83b38813443530bb4d14f770ed0c1225be9ad87ddebbbee00b097613b5""}}"
719552,23454,099,Kingler,foil,"[""low-holo"",""trend-holo"",""avg1-holo"",""avg7-holo"",""avg30-holo""]","[""low-holo"",""trend-holo"",""avg1-holo"",""avg7-holo"",""avg30-holo""]",EXACT,AMBIGUOUS,False,,"[25355,25356]","[""normal"",""reverse_holo""]",multiple,multiple_physical_finish_candidates_without_family_specific_evidence,LOW,"Source fact: Price Guide exposes foil columns ['low-holo', 'trend-holo', 'avg1-holo', 'avg7-holo', 'avg30-holo']; source fact: canonical scope exposes compatible finishes ['normal', 'reverse_holo']. Inference withheld: no Cardmarket source field identifies this metric family with one finish.","{""canonical_source"":{""canonical_card_id"":23454,""canonical_number"":""099"",""status"":""EXACT""},""cardmarket_source"":{""idMetacard"":421178,""idProduct"":719552,""name"":""Kingler [Hammer Arm | Guillotine]""},""inference"":{""base_to_finish"":""not inferred"",""foil_to_finish"":""not inferred""},""physical_candidates"":[{""art_kind"":""unknown"",""card_id"":25355,""finish"":""normal"",""rarity"":""Uncommon""},{""art_kind"":""unknown"",""card_id"":25356,""finish"":""reverse_holo"",""rarity"":""Uncommon""}],""source_fields_audited"":{""all_expected_columns_present"":true,""base_columns"":[""low"",""trend"",""avg1"",""avg7"",""avg30""],""foil_columns"":[""low-holo"",""trend-holo"",""avg1-holo"",""avg7-holo"",""avg30-holo""],""observed_metric_columns"":[""avg1"",""avg1-holo"",""avg30"",""avg30-holo"",""avg7"",""avg7-holo"",""low"",""low-holo"",""trend"",""trend-holo""],""unexpected_metric_columns"":[""avg"",""avg-holo""]},""source_files"":{""discovery_mapping_sha256"":""81b5c2edaebda0de843c7f6b13a9710e731d48fe3717881219ea5196d7e0335d"",""prices_path"":""/Users/facundogalmarini/Desktop/price_guide_6 (1).json"",""prices_sha256"":""86282c2015adc332db82ce65d162f6cc44dc0bb3208b8bfedd952268ffafa145"",""products_path"":""/Users/facundogalmarini/Desktop/products_singles_6 (1).json"",""products_sha256"":""318cdf83b38813443530bb4d14f770ed0c1225be9ad87ddebbbee00b097613b5""}}"
719553,23455,100,Voltorb,base,"[""low"",""trend"",""avg1"",""avg7"",""avg30""]","[""low"",""trend"",""avg1"",""avg7"",""avg30""]",EXACT,AMBIGUOUS,False,,"[25357,25358]","[""normal"",""reverse_holo""]",multiple,multiple_physical_finish_candidates_without_family_specific_evidence,LOW,"Source fact: Price Guide exposes base columns ['low', 'trend', 'avg1', 'avg7', 'avg30']; source fact: canonical scope exposes compatible finishes ['normal', 'reverse_holo']. Inference withheld: no Cardmarket source field identifies this metric family with one finish.","{""canonical_source"":{""canonical_card_id"":23455,""canonical_number"":""100"",""status"":""EXACT""},""cardmarket_source"":{""idMetacard"":421179,""idProduct"":719553,""name"":""Voltorb [Tumbling Attack]""},""inference"":{""base_to_finish"":""not inferred"",""foil_to_finish"":""not inferred""},""physical_candidates"":[{""art_kind"":""unknown"",""card_id"":25357,""finish"":""normal"",""rarity"":""Common""},{""art_kind"":""unknown"",""card_id"":25358,""finish"":""reverse_holo"",""rarity"":""Common""}],""source_fields_audited"":{""all_expected_columns_present"":true,""base_columns"":[""low"",""trend"",""avg1"",""avg7"",""avg30""],""foil_columns"":[""low-holo"",""trend-holo"",""avg1-holo"",""avg7-holo"",""avg30-holo""],""observed_metric_columns"":[""avg1"",""avg1-holo"",""avg30"",""avg30-holo"",""avg7"",""avg7-holo"",""low"",""low-holo"",""trend"",""trend-holo""],""unexpected_metric_columns"":[""avg"",""avg-holo""]},""source_files"":{""discovery_mapping_sha256"":""81b5c2edaebda0de843c7f6b13a9710e731d48fe3717881219ea5196d7e0335d"",""prices_path"":""/Users/facundogalmarini/Desktop/price_guide_6 (1).json"",""prices_sha256"":""86282c2015adc332db82ce65d162f6cc44dc0bb3208b8bfedd952268ffafa145"",""products_path"":""/Users/facundogalmarini/Desktop/products_singles_6 (1).json"",""products_sha256"":""318cdf83b38813443530bb4d14f770ed0c1225be9ad87ddebbbee00b097613b5""}}"
719553,23455,100,Voltorb,foil,"[""low-holo"",""trend-holo"",""avg1-holo"",""avg7-holo"",""avg30-holo""]","[""low-holo"",""trend-holo"",""avg1-holo"",""avg7-holo"",""avg30-holo""]",EXACT,AMBIGUOUS,False,,"[25357,25358]","[""normal"",""reverse_holo""]",multiple,multiple_physical_finish_candidates_without_family_specific_evidence,LOW,"Source fact: Price Guide exposes foil columns ['low-holo', 'trend-holo', 'avg1-holo', 'avg7-holo', 'avg30-holo']; source fact: canonical scope exposes compatible finishes ['normal', 'reverse_holo']. Inference withheld: no Cardmarket source field identifies this metric family with one finish.","{""canonical_source"":{""canonical_card_id"":23455,""canonical_number"":""100"",""status"":""EXACT""},""cardmarket_source"":{""idMetacard"":421179,""idProduct"":719553,""name"":""Voltorb [Tumbling Attack]""},""inference"":{""base_to_finish"":""not inferred"",""foil_to_finish"":""not inferred""},""physical_candidates"":[{""art_kind"":""unknown"",""card_id"":25357,""finish"":""normal"",""rarity"":""Common""},{""art_kind"":""unknown"",""card_id"":25358,""finish"":""reverse_holo"",""rarity"":""Common""}],""source_fields_audited"":{""all_expected_columns_present"":true,""base_columns"":[""low"",""trend"",""avg1"",""avg7"",""avg30""],""foil_columns"":[""low-holo"",""trend-holo"",""avg1-holo"",""avg7-holo"",""avg30-holo""],""observed_metric_columns"":[""avg1"",""avg1-holo"",""avg30"",""avg30-holo"",""avg7"",""avg7-holo"",""low"",""low-holo"",""trend"",""trend-holo""],""unexpected_metric_columns"":[""avg"",""avg-holo""]},""source_files"":{""discovery_mapping_sha256"":""81b5c2edaebda0de843c7f6b13a9710e731d48fe3717881219ea5196d7e0335d"",""prices_path"":""/Users/facundogalmarini/Desktop/price_guide_6 (1).json"",""prices_sha256"":""86282c2015adc332db82ce65d162f6cc44dc0bb3208b8bfedd952268ffafa145"",""products_path"":""/Users/facundogalmarini/Desktop/products_singles_6 (1).json"",""products_sha256"":""318cdf83b38813443530bb4d14f770ed0c1225be9ad87ddebbbee00b097613b5""}}"
719554,23456,101,Electrode,base,"[""low"",""trend"",""avg1"",""avg7"",""avg30""]","[""low"",""trend"",""avg1"",""avg7"",""avg30""]",EXACT,AMBIGUOUS,False,,"[25359,25360]","[""holo"",""reverse_holo""]",multiple,multiple_physical_finish_candidates_without_family_specific_evidence,LOW,"Source fact: Price Guide exposes base columns ['low', 'trend', 'avg1', 'avg7', 'avg30']; source fact: canonical scope exposes compatible finishes ['holo', 'reverse_holo']. Inference withheld: no Cardmarket source field identifies this metric family with one finish.","{""canonical_source"":{""canonical_card_id"":23456,""canonical_number"":""101"",""status"":""EXACT""},""cardmarket_source"":{""idMetacard"":421180,""idProduct"":719554,""name"":""Electrode [Bang Boom Chain | Electro Ball]""},""inference"":{""base_to_finish"":""not inferred"",""foil_to_finish"":""not inferred""},""physical_candidates"":[{""art_kind"":""unknown"",""card_id"":25359,""finish"":""holo"",""rarity"":""Rare""},{""art_kind"":""unknown"",""card_id"":25360,""finish"":""reverse_holo"",""rarity"":""Rare""}],""source_fields_audited"":{""all_expected_columns_present"":true,""base_columns"":[""low"",""trend"",""avg1"",""avg7"",""avg30""],""foil_columns"":[""low-holo"",""trend-holo"",""avg1-holo"",""avg7-holo"",""avg30-holo""],""observed_metric_columns"":[""avg1"",""avg1-holo"",""avg30"",""avg30-holo"",""avg7"",""avg7-holo"",""low"",""low-holo"",""trend"",""trend-holo""],""unexpected_metric_columns"":[""avg"",""avg-holo""]},""source_files"":{""discovery_mapping_sha256"":""81b5c2edaebda0de843c7f6b13a9710e731d48fe3717881219ea5196d7e0335d"",""prices_path"":""/Users/facundogalmarini/Desktop/price_guide_6 (1).json"",""prices_sha256"":""86282c2015adc332db82ce65d162f6cc44dc0bb3208b8bfedd952268ffafa145"",""products_path"":""/Users/facundogalmarini/Desktop/products_singles_6 (1).json"",""products_sha256"":""318cdf83b38813443530bb4d14f770ed0c1225be9ad87ddebbbee00b097613b5""}}"
719554,23456,101,Electrode,foil,"[""low-holo"",""trend-holo"",""avg1-holo"",""avg7-holo"",""avg30-holo""]","[""low-holo"",""trend-holo"",""avg1-holo"",""avg7-holo"",""avg30-holo""]",EXACT,AMBIGUOUS,False,,"[25359,25360]","[""holo"",""reverse_holo""]",multiple,multiple_physical_finish_candidates_without_family_specific_evidence,LOW,"Source fact: Price Guide exposes foil columns ['low-holo', 'trend-holo', 'avg1-holo', 'avg7-holo', 'avg30-holo']; source fact: canonical scope exposes compatible finishes ['holo', 'reverse_holo']. Inference withheld: no Cardmarket source field identifies this metric family with one finish.","{""canonical_source"":{""canonical_card_id"":23456,""canonical_number"":""101"",""status"":""EXACT""},""cardmarket_source"":{""idMetacard"":421180,""idProduct"":719554,""name"":""Electrode [Bang Boom Chain | Electro Ball]""},""inference"":{""base_to_finish"":""not inferred"",""foil_to_finish"":""not inferred""},""physical_candidates"":[{""art_kind"":""unknown"",""card_id"":25359,""finish"":""holo"",""rarity"":""Rare""},{""art_kind"":""unknown"",""card_id"":25360,""finish"":""reverse_holo"",""rarity"":""Rare""}],""source_fields_audited"":{""all_expected_columns_present"":true,""base_columns"":[""low"",""trend"",""avg1"",""avg7"",""avg30""],""foil_columns"":[""low-holo"",""trend-holo"",""avg1-holo"",""avg7-holo"",""avg30-holo""],""observed_metric_columns"":[""avg1"",""avg1-holo"",""avg30"",""avg30-holo"",""avg7"",""avg7-holo"",""low"",""low-holo"",""trend"",""trend-holo""],""unexpected_metric_columns"":[""avg"",""avg-holo""]},""source_files"":{""discovery_mapping_sha256"":""81b5c2edaebda0de843c7f6b13a9710e731d48fe3717881219ea5196d7e0335d"",""prices_path"":""/Users/facundogalmarini/Desktop/price_guide_6 (1).json"",""prices_sha256"":""86282c2015adc332db82ce65d162f6cc44dc0bb3208b8bfedd952268ffafa145"",""products_path"":""/Users/facundogalmarini/Desktop/products_singles_6 (1).json"",""products_sha256"":""318cdf83b38813443530bb4d14f770ed0c1225be9ad87ddebbbee00b097613b5""}}"
719555,23457,102,Exeggcute,base,"[""low"",""trend"",""avg1"",""avg7"",""avg30""]","[""low"",""trend"",""avg1"",""avg7"",""avg30""]",EXACT,AMBIGUOUS,False,,"[25361,25362]","[""normal"",""reverse_holo""]",multiple,multiple_physical_finish_candidates_without_family_specific_evidence,LOW,"Source fact: Price Guide exposes base columns ['low', 'trend', 'avg1', 'avg7', 'avg30']; source fact: canonical scope exposes compatible finishes ['normal', 'reverse_holo']. Inference withheld: no Cardmarket source field identifies this metric family with one finish.","{""canonical_source"":{""canonical_card_id"":23457,""canonical_number"":""102"",""status"":""EXACT""},""cardmarket_source"":{""idMetacard"":421181,""idProduct"":719555,""name"":""Exeggcute [Ball Roll]""},""inference"":{""base_to_finish"":""not inferred"",""foil_to_finish"":""not inferred""},""physical_candidates"":[{""art_kind"":""unknown"",""card_id"":25361,""finish"":""normal"",""rarity"":""Common""},{""art_kind"":""unknown"",""card_id"":25362,""finish"":""reverse_holo"",""rarity"":""Common""}],""source_fields_audited"":{""all_expected_columns_present"":true,""base_columns"":[""low"",""trend"",""avg1"",""avg7"",""avg30""],""foil_columns"":[""low-holo"",""trend-holo"",""avg1-holo"",""avg7-holo"",""avg30-holo""],""observed_metric_columns"":[""avg1"",""avg1-holo"",""avg30"",""avg30-holo"",""avg7"",""avg7-holo"",""low"",""low-holo"",""trend"",""trend-holo""],""unexpected_metric_columns"":[""avg"",""avg-holo""]},""source_files"":{""discovery_mapping_sha256"":""81b5c2edaebda0de843c7f6b13a9710e731d48fe3717881219ea5196d7e0335d"",""prices_path"":""/Users/facundogalmarini/Desktop/price_guide_6 (1).json"",""prices_sha256"":""86282c2015adc332db82ce65d162f6cc44dc0bb3208b8bfedd952268ffafa145"",""products_path"":""/Users/facundogalmarini/Desktop/products_singles_6 (1).json"",""products_sha256"":""318cdf83b38813443530bb4d14f770ed0c1225be9ad87ddebbbee00b097613b5""}}"
719555,23457,102,Exeggcute,foil,"[""low-holo"",""trend-holo"",""avg1-holo"",""avg7-holo"",""avg30-holo""]","[""low-holo"",""trend-holo"",""avg1-holo"",""avg7-holo"",""avg30-holo""]",EXACT,AMBIGUOUS,False,,"[25361,25362]","[""normal"",""reverse_holo""]",multiple,multiple_physical_finish_candidates_without_family_specific_evidence,LOW,"Source fact: Price Guide exposes foil columns ['low-holo', 'trend-holo', 'avg1-holo', 'avg7-holo', 'avg30-holo']; source fact: canonical scope exposes compatible finishes ['normal', 'reverse_holo']. Inference withheld: no Cardmarket source field identifies this metric family with one finish.","{""canonical_source"":{""canonical_card_id"":23457,""canonical_number"":""102"",""status"":""EXACT""},""cardmarket_source"":{""idMetacard"":421181,""idProduct"":719555,""name"":""Exeggcute [Ball Roll]""},""inference"":{""base_to_finish"":""not inferred"",""foil_to_finish"":""not inferred""},""physical_candidates"":[{""art_kind"":""unknown"",""card_id"":25361,""finish"":""normal"",""rarity"":""Common""},{""art_kind"":""unknown"",""card_id"":25362,""finish"":""reverse_holo"",""rarity"":""Common""}],""source_fields_audited"":{""all_expected_columns_present"":true,""base_columns"":[""low"",""trend"",""avg1"",""avg7"",""avg30""],""foil_columns"":[""low-holo"",""trend-holo"",""avg1-holo"",""avg7-holo"",""avg30-holo""],""observed_metric_columns"":[""avg1"",""avg1-holo"",""avg30"",""avg30-holo"",""avg7"",""avg7-holo"",""low"",""low-holo"",""trend"",""trend-holo""],""unexpected_metric_columns"":[""avg"",""avg-holo""]},""source_files"":{""discovery_mapping_sha256"":""81b5c2edaebda0de843c7f6b13a9710e731d48fe3717881219ea5196d7e0335d"",""prices_path"":""/Users/facundogalmarini/Desktop/price_guide_6 (1).json"",""prices_sha256"":""86282c2015adc332db82ce65d162f6cc44dc0bb3208b8bfedd952268ffafa145"",""products_path"":""/Users/facundogalmarini/Desktop/products_singles_6 (1).json"",""products_sha256"":""318cdf83b38813443530bb4d14f770ed0c1225be9ad87ddebbbee00b097613b5""}}"
719556,23458,103,Exeggutor,base,"[""low"",""trend"",""avg1"",""avg7"",""avg30""]","[""low"",""trend"",""avg1"",""avg7"",""avg30""]",EXACT,AMBIGUOUS,False,,"[25363,25364]","[""normal"",""reverse_holo""]",multiple,multiple_physical_finish_candidates_without_family_specific_evidence,LOW,"Source fact: Price Guide exposes base columns ['low', 'trend', 'avg1', 'avg7', 'avg30']; source fact: canonical scope exposes compatible finishes ['normal', 'reverse_holo']. Inference withheld: no Cardmarket source field identifies this metric family with one finish.","{""canonical_source"":{""canonical_card_id"":23458,""canonical_number"":""103"",""status"":""EXACT""},""cardmarket_source"":{""idMetacard"":421182,""idProduct"":719556,""name"":""Exeggutor [Psychic | Hammer In]""},""inference"":{""base_to_finish"":""not inferred"",""foil_to_finish"":""not inferred""},""physical_candidates"":[{""art_kind"":""unknown"",""card_id"":25363,""finish"":""normal"",""rarity"":""Uncommon""},{""art_kind"":""unknown"",""card_id"":25364,""finish"":""reverse_holo"",""rarity"":""Uncommon""}],""source_fields_audited"":{""all_expected_columns_present"":true,""base_columns"":[""low"",""trend"",""avg1"",""avg7"",""avg30""],""foil_columns"":[""low-holo"",""trend-holo"",""avg1-holo"",""avg7-holo"",""avg30-holo""],""observed_metric_columns"":[""avg1"",""avg1-holo"",""avg30"",""avg30-holo"",""avg7"",""avg7-holo"",""low"",""low-holo"",""trend"",""trend-holo""],""unexpected_metric_columns"":[""avg"",""avg-holo""]},""source_files"":{""discovery_mapping_sha256"":""81b5c2edaebda0de843c7f6b13a9710e731d48fe3717881219ea5196d7e0335d"",""prices_path"":""/Users/facundogalmarini/Desktop/price_guide_6 (1).json"",""prices_sha256"":""86282c2015adc332db82ce65d162f6cc44dc0bb3208b8bfedd952268ffafa145"",""products_path"":""/Users/facundogalmarini/Desktop/products_singles_6 (1).json"",""products_sha256"":""318cdf83b38813443530bb4d14f770ed0c1225be9ad87ddebbbee00b097613b5""}}"
719556,23458,103,Exeggutor,foil,"[""low-holo"",""trend-holo"",""avg1-holo"",""avg7-holo"",""avg30-holo""]","[""low-holo"",""trend-holo"",""avg1-holo"",""avg7-holo"",""avg30-holo""]",EXACT,AMBIGUOUS,False,,"[25363,25364]","[""normal"",""reverse_holo""]",multiple,multiple_physical_finish_candidates_without_family_specific_evidence,LOW,"Source fact: Price Guide exposes foil columns ['low-holo', 'trend-holo', 'avg1-holo', 'avg7-holo', 'avg30-holo']; source fact: canonical scope exposes compatible finishes ['normal', 'reverse_holo']. Inference withheld: no Cardmarket source field identifies this metric family with one finish.","{""canonical_source"":{""canonical_card_id"":23458,""canonical_number"":""103"",""status"":""EXACT""},""cardmarket_source"":{""idMetacard"":421182,""idProduct"":719556,""name"":""Exeggutor [Psychic | Hammer In]""},""inference"":{""base_to_finish"":""not inferred"",""foil_to_finish"":""not inferred""},""physical_candidates"":[{""art_kind"":""unknown"",""card_id"":25363,""finish"":""normal"",""rarity"":""Uncommon""},{""art_kind"":""unknown"",""card_id"":25364,""finish"":""reverse_holo"",""rarity"":""Uncommon""}],""source_fields_audited"":{""all_expected_columns_present"":true,""base_columns"":[""low"",""trend"",""avg1"",""avg7"",""avg30""],""foil_columns"":[""low-holo"",""trend-holo"",""avg1-holo"",""avg7-holo"",""avg30-holo""],""observed_metric_columns"":[""avg1"",""avg1-holo"",""avg30"",""avg30-holo"",""avg7"",""avg7-holo"",""low"",""low-holo"",""trend"",""trend-holo""],""unexpected_metric_columns"":[""avg"",""avg-holo""]},""source_files"":{""discovery_mapping_sha256"":""81b5c2edaebda0de843c7f6b13a9710e731d48fe3717881219ea5196d7e0335d"",""prices_path"":""/Users/facundogalmarini/Desktop/price_guide_6 (1).json"",""prices_sha256"":""86282c2015adc332db82ce65d162f6cc44dc0bb3208b8bfedd952268ffafa145"",""products_path"":""/Users/facundogalmarini/Desktop/products_singles_6 (1).json"",""products_sha256"":""318cdf83b38813443530bb4d14f770ed0c1225be9ad87ddebbbee00b097613b5""}}"
719557,23459,104,Cubone,base,"[""low"",""trend"",""avg1"",""avg7"",""avg30""]","[""low"",""trend"",""avg1"",""avg7"",""avg30""]",EXACT,AMBIGUOUS,False,,"[25365,25366]","[""normal"",""reverse_holo""]",multiple,multiple_physical_finish_candidates_without_family_specific_evidence,LOW,"Source fact: Price Guide exposes base columns ['low', 'trend', 'avg1', 'avg7', 'avg30']; source fact: canonical scope exposes compatible finishes ['normal', 'reverse_holo']. Inference withheld: no Cardmarket source field identifies this metric family with one finish.","{""canonical_source"":{""canonical_card_id"":23459,""canonical_number"":""104"",""status"":""EXACT""},""cardmarket_source"":{""idMetacard"":421183,""idProduct"":719557,""name"":""Cubone [Cheering Bone | Hit Twice]""},""inference"":{""base_to_finish"":""not inferred"",""foil_to_finish"":""not inferred""},""physical_candidates"":[{""art_kind"":""unknown"",""card_id"":25365,""finish"":""normal"",""rarity"":""Common""},{""art_kind"":""unknown"",""card_id"":25366,""finish"":""reverse_holo"",""rarity"":""Common""}],""source_fields_audited"":{""all_expected_columns_present"":true,""base_columns"":[""low"",""trend"",""avg1"",""avg7"",""avg30""],""foil_columns"":[""low-holo"",""trend-holo"",""avg1-holo"",""avg7-holo"",""avg30-holo""],""observed_metric_columns"":[""avg1"",""avg1-holo"",""avg30"",""avg30-holo"",""avg7"",""avg7-holo"",""low"",""low-holo"",""trend"",""trend-holo""],""unexpected_metric_columns"":[""avg"",""avg-holo""]},""source_files"":{""discovery_mapping_sha256"":""81b5c2edaebda0de843c7f6b13a9710e731d48fe3717881219ea5196d7e0335d"",""prices_path"":""/Users/facundogalmarini/Desktop/price_guide_6 (1).json"",""prices_sha256"":""86282c2015adc332db82ce65d162f6cc44dc0bb3208b8bfedd952268ffafa145"",""products_path"":""/Users/facundogalmarini/Desktop/products_singles_6 (1).json"",""products_sha256"":""318cdf83b38813443530bb4d14f770ed0c1225be9ad87ddebbbee00b097613b5""}}"
719557,23459,104,Cubone,foil,"[""low-holo"",""trend-holo"",""avg1-holo"",""avg7-holo"",""avg30-holo""]","[""low-holo"",""trend-holo"",""avg1-holo"",""avg7-holo"",""avg30-holo""]",EXACT,AMBIGUOUS,False,,"[25365,25366]","[""normal"",""reverse_holo""]",multiple,multiple_physical_finish_candidates_without_family_specific_evidence,LOW,"Source fact: Price Guide exposes foil columns ['low-holo', 'trend-holo', 'avg1-holo', 'avg7-holo', 'avg30-holo']; source fact: canonical scope exposes compatible finishes ['normal', 'reverse_holo']. Inference withheld: no Cardmarket source field identifies this metric family with one finish.","{""canonical_source"":{""canonical_card_id"":23459,""canonical_number"":""104"",""status"":""EXACT""},""cardmarket_source"":{""idMetacard"":421183,""idProduct"":719557,""name"":""Cubone [Cheering Bone | Hit Twice]""},""inference"":{""base_to_finish"":""not inferred"",""foil_to_finish"":""not inferred""},""physical_candidates"":[{""art_kind"":""unknown"",""card_id"":25365,""finish"":""normal"",""rarity"":""Common""},{""art_kind"":""unknown"",""card_id"":25366,""finish"":""reverse_holo"",""rarity"":""Common""}],""source_fields_audited"":{""all_expected_columns_present"":true,""base_columns"":[""low"",""trend"",""avg1"",""avg7"",""avg30""],""foil_columns"":[""low-holo"",""trend-holo"",""avg1-holo"",""avg7-holo"",""avg30-holo""],""observed_metric_columns"":[""avg1"",""avg1-holo"",""avg30"",""avg30-holo"",""avg7"",""avg7-holo"",""low"",""low-holo"",""trend"",""trend-holo""],""unexpected_metric_columns"":[""avg"",""avg-holo""]},""source_files"":{""discovery_mapping_sha256"":""81b5c2edaebda0de843c7f6b13a9710e731d48fe3717881219ea5196d7e0335d"",""prices_path"":""/Users/facundogalmarini/Desktop/price_guide_6 (1).json"",""prices_sha256"":""86282c2015adc332db82ce65d162f6cc44dc0bb3208b8bfedd952268ffafa145"",""products_path"":""/Users/facundogalmarini/Desktop/products_singles_6 (1).json"",""products_sha256"":""318cdf83b38813443530bb4d14f770ed0c1225be9ad87ddebbbee00b097613b5""}}"
719558,23460,105,Marowak,base,"[""low"",""trend"",""avg1"",""avg7"",""avg30""]","[""low"",""trend"",""avg1"",""avg7"",""avg30""]",EXACT,AMBIGUOUS,False,,"[25367,25368]","[""holo"",""reverse_holo""]",multiple,multiple_physical_finish_candidates_without_family_specific_evidence,LOW,"Source fact: Price Guide exposes base columns ['low', 'trend', 'avg1', 'avg7', 'avg30']; source fact: canonical scope exposes compatible finishes ['holo', 'reverse_holo']. Inference withheld: no Cardmarket source field identifies this metric family with one finish.","{""canonical_source"":{""canonical_card_id"":23460,""canonical_number"":""105"",""status"":""EXACT""},""cardmarket_source"":{""idMetacard"":421184,""idProduct"":719558,""name"":""Marowak [Bone Throw | Boundless Power]""},""inference"":{""base_to_finish"":""not inferred"",""foil_to_finish"":""not inferred""},""physical_candidates"":[{""art_kind"":""unknown"",""card_id"":25367,""finish"":""holo"",""rarity"":""Rare""},{""art_kind"":""unknown"",""card_id"":25368,""finish"":""reverse_holo"",""rarity"":""Rare""}],""source_fields_audited"":{""all_expected_columns_present"":true,""base_columns"":[""low"",""trend"",""avg1"",""avg7"",""avg30""],""foil_columns"":[""low-holo"",""trend-holo"",""avg1-holo"",""avg7-holo"",""avg30-holo""],""observed_metric_columns"":[""avg1"",""avg1-holo"",""avg30"",""avg30-holo"",""avg7"",""avg7-holo"",""low"",""low-holo"",""trend"",""trend-holo""],""unexpected_metric_columns"":[""avg"",""avg-holo""]},""source_files"":{""discovery_mapping_sha256"":""81b5c2edaebda0de843c7f6b13a9710e731d48fe3717881219ea5196d7e0335d"",""prices_path"":""/Users/facundogalmarini/Desktop/price_guide_6 (1).json"",""prices_sha256"":""86282c2015adc332db82ce65d162f6cc44dc0bb3208b8bfedd952268ffafa145"",""products_path"":""/Users/facundogalmarini/Desktop/products_singles_6 (1).json"",""products_sha256"":""318cdf83b38813443530bb4d14f770ed0c1225be9ad87ddebbbee00b097613b5""}}"
719558,23460,105,Marowak,foil,"[""low-holo"",""trend-holo"",""avg1-holo"",""avg7-holo"",""avg30-holo""]","[""low-holo"",""trend-holo"",""avg1-holo"",""avg7-holo"",""avg30-holo""]",EXACT,AMBIGUOUS,False,,"[25367,25368]","[""holo"",""reverse_holo""]",multiple,multiple_physical_finish_candidates_without_family_specific_evidence,LOW,"Source fact: Price Guide exposes foil columns ['low-holo', 'trend-holo', 'avg1-holo', 'avg7-holo', 'avg30-holo']; source fact: canonical scope exposes compatible finishes ['holo', 'reverse_holo']. Inference withheld: no Cardmarket source field identifies this metric family with one finish.","{""canonical_source"":{""canonical_card_id"":23460,""canonical_number"":""105"",""status"":""EXACT""},""cardmarket_source"":{""idMetacard"":421184,""idProduct"":719558,""name"":""Marowak [Bone Throw | Boundless Power]""},""inference"":{""base_to_finish"":""not inferred"",""foil_to_finish"":""not inferred""},""physical_candidates"":[{""art_kind"":""unknown"",""card_id"":25367,""finish"":""holo"",""rarity"":""Rare""},{""art_kind"":""unknown"",""card_id"":25368,""finish"":""reverse_holo"",""rarity"":""Rare""}],""source_fields_audited"":{""all_expected_columns_present"":true,""base_columns"":[""low"",""trend"",""avg1"",""avg7"",""avg30""],""foil_columns"":[""low-holo"",""trend-holo"",""avg1-holo"",""avg7-holo"",""avg30-holo""],""observed_metric_columns"":[""avg1"",""avg1-holo"",""avg30"",""avg30-holo"",""avg7"",""avg7-holo"",""low"",""low-holo"",""trend"",""trend-holo""],""unexpected_metric_columns"":[""avg"",""avg-holo""]},""source_files"":{""discovery_mapping_sha256"":""81b5c2edaebda0de843c7f6b13a9710e731d48fe3717881219ea5196d7e0335d"",""prices_path"":""/Users/facundogalmarini/Desktop/price_guide_6 (1).json"",""prices_sha256"":""86282c2015adc332db82ce65d162f6cc44dc0bb3208b8bfedd952268ffafa145"",""products_path"":""/Users/facundogalmarini/Desktop/products_singles_6 (1).json"",""products_sha256"":""318cdf83b38813443530bb4d14f770ed0c1225be9ad87ddebbbee00b097613b5""}}"
719559,23461,106,Hitmonlee,base,"[""low"",""trend"",""avg1"",""avg7"",""avg30""]","[""low"",""trend"",""avg1"",""avg7"",""avg30""]",EXACT,AMBIGUOUS,False,,"[25369,25370]","[""normal"",""reverse_holo""]",multiple,multiple_physical_finish_candidates_without_family_specific_evidence,LOW,"Source fact: Price Guide exposes base columns ['low', 'trend', 'avg1', 'avg7', 'avg30']; source fact: canonical scope exposes compatible finishes ['normal', 'reverse_holo']. Inference withheld: no Cardmarket source field identifies this metric family with one finish.","{""canonical_source"":{""canonical_card_id"":23461,""canonical_number"":""106"",""status"":""EXACT""},""cardmarket_source"":{""idMetacard"":421185,""idProduct"":719559,""name"":""Hitmonlee [Twister Kick | Low Kick]""},""inference"":{""base_to_finish"":""not inferred"",""foil_to_finish"":""not inferred""},""physical_candidates"":[{""art_kind"":""unknown"",""card_id"":25369,""finish"":""normal"",""rarity"":""Uncommon""},{""art_kind"":""unknown"",""card_id"":25370,""finish"":""reverse_holo"",""rarity"":""Uncommon""}],""source_fields_audited"":{""all_expected_columns_present"":true,""base_columns"":[""low"",""trend"",""avg1"",""avg7"",""avg30""],""foil_columns"":[""low-holo"",""trend-holo"",""avg1-holo"",""avg7-holo"",""avg30-holo""],""observed_metric_columns"":[""avg1"",""avg1-holo"",""avg30"",""avg30-holo"",""avg7"",""avg7-holo"",""low"",""low-holo"",""trend"",""trend-holo""],""unexpected_metric_columns"":[""avg"",""avg-holo""]},""source_files"":{""discovery_mapping_sha256"":""81b5c2edaebda0de843c7f6b13a9710e731d48fe3717881219ea5196d7e0335d"",""prices_path"":""/Users/facundogalmarini/Desktop/price_guide_6 (1).json"",""prices_sha256"":""86282c2015adc332db82ce65d162f6cc44dc0bb3208b8bfedd952268ffafa145"",""products_path"":""/Users/facundogalmarini/Desktop/products_singles_6 (1).json"",""products_sha256"":""318cdf83b38813443530bb4d14f770ed0c1225be9ad87ddebbbee00b097613b5""}}"
719559,23461,106,Hitmonlee,foil,"[""low-holo"",""trend-holo"",""avg1-holo"",""avg7-holo"",""avg30-holo""]","[""low-holo"",""trend-holo"",""avg1-holo"",""avg7-holo"",""avg30-holo""]",EXACT,AMBIGUOUS,False,,"[25369,25370]","[""normal"",""reverse_holo""]",multiple,multiple_physical_finish_candidates_without_family_specific_evidence,LOW,"Source fact: Price Guide exposes foil columns ['low-holo', 'trend-holo', 'avg1-holo', 'avg7-holo', 'avg30-holo']; source fact: canonical scope exposes compatible finishes ['normal', 'reverse_holo']. Inference withheld: no Cardmarket source field identifies this metric family with one finish.","{""canonical_source"":{""canonical_card_id"":23461,""canonical_number"":""106"",""status"":""EXACT""},""cardmarket_source"":{""idMetacard"":421185,""idProduct"":719559,""name"":""Hitmonlee [Twister Kick | Low Kick]""},""inference"":{""base_to_finish"":""not inferred"",""foil_to_finish"":""not inferred""},""physical_candidates"":[{""art_kind"":""unknown"",""card_id"":25369,""finish"":""normal"",""rarity"":""Uncommon""},{""art_kind"":""unknown"",""card_id"":25370,""finish"":""reverse_holo"",""rarity"":""Uncommon""}],""source_fields_audited"":{""all_expected_columns_present"":true,""base_columns"":[""low"",""trend"",""avg1"",""avg7"",""avg30""],""foil_columns"":[""low-holo"",""trend-holo"",""avg1-holo"",""avg7-holo"",""avg30-holo""],""observed_metric_columns"":[""avg1"",""avg1-holo"",""avg30"",""avg30-holo"",""avg7"",""avg7-holo"",""low"",""low-holo"",""trend"",""trend-holo""],""unexpected_metric_columns"":[""avg"",""avg-holo""]},""source_files"":{""discovery_mapping_sha256"":""81b5c2edaebda0de843c7f6b13a9710e731d48fe3717881219ea5196d7e0335d"",""prices_path"":""/Users/facundogalmarini/Desktop/price_guide_6 (1).json"",""prices_sha256"":""86282c2015adc332db82ce65d162f6cc44dc0bb3208b8bfedd952268ffafa145"",""products_path"":""/Users/facundogalmarini/Desktop/products_singles_6 (1).json"",""products_sha256"":""318cdf83b38813443530bb4d14f770ed0c1225be9ad87ddebbbee00b097613b5""}}"
719560,23462,107,Hitmonchan,base,"[""low"",""trend"",""avg1"",""avg7"",""avg30""]","[""low"",""trend"",""avg1"",""avg7"",""avg30""]",EXACT,AMBIGUOUS,False,,"[25371,25372]","[""normal"",""reverse_holo""]",multiple,multiple_physical_finish_candidates_without_family_specific_evidence,LOW,"Source fact: Price Guide exposes base columns ['low', 'trend', 'avg1', 'avg7', 'avg30']; source fact: canonical scope exposes compatible finishes ['normal', 'reverse_holo']. Inference withheld: no Cardmarket source field identifies this metric family with one finish.","{""canonical_source"":{""canonical_card_id"":23462,""canonical_number"":""107"",""status"":""EXACT""},""cardmarket_source"":{""idMetacard"":421186,""idProduct"":719560,""name"":""Hitmonchan [Counterattack | Excited Punch]""},""inference"":{""base_to_finish"":""not inferred"",""foil_to_finish"":""not inferred""},""physical_candidates"":[{""art_kind"":""unknown"",""card_id"":25371,""finish"":""normal"",""rarity"":""Uncommon""},{""art_kind"":""unknown"",""card_id"":25372,""finish"":""reverse_holo"",""rarity"":""Uncommon""}],""source_fields_audited"":{""all_expected_columns_present"":true,""base_columns"":[""low"",""trend"",""avg1"",""avg7"",""avg30""],""foil_columns"":[""low-holo"",""trend-holo"",""avg1-holo"",""avg7-holo"",""avg30-holo""],""observed_metric_columns"":[""avg1"",""avg1-holo"",""avg30"",""avg30-holo"",""avg7"",""avg7-holo"",""low"",""low-holo"",""trend"",""trend-holo""],""unexpected_metric_columns"":[""avg"",""avg-holo""]},""source_files"":{""discovery_mapping_sha256"":""81b5c2edaebda0de843c7f6b13a9710e731d48fe3717881219ea5196d7e0335d"",""prices_path"":""/Users/facundogalmarini/Desktop/price_guide_6 (1).json"",""prices_sha256"":""86282c2015adc332db82ce65d162f6cc44dc0bb3208b8bfedd952268ffafa145"",""products_path"":""/Users/facundogalmarini/Desktop/products_singles_6 (1).json"",""products_sha256"":""318cdf83b38813443530bb4d14f770ed0c1225be9ad87ddebbbee00b097613b5""}}"
719560,23462,107,Hitmonchan,foil,"[""low-holo"",""trend-holo"",""avg1-holo"",""avg7-holo"",""avg30-holo""]","[""low-holo"",""trend-holo"",""avg1-holo"",""avg7-holo"",""avg30-holo""]",EXACT,AMBIGUOUS,False,,"[25371,25372]","[""normal"",""reverse_holo""]",multiple,multiple_physical_finish_candidates_without_family_specific_evidence,LOW,"Source fact: Price Guide exposes foil columns ['low-holo', 'trend-holo', 'avg1-holo', 'avg7-holo', 'avg30-holo']; source fact: canonical scope exposes compatible finishes ['normal', 'reverse_holo']. Inference withheld: no Cardmarket source field identifies this metric family with one finish.","{""canonical_source"":{""canonical_card_id"":23462,""canonical_number"":""107"",""status"":""EXACT""},""cardmarket_source"":{""idMetacard"":421186,""idProduct"":719560,""name"":""Hitmonchan [Counterattack | Excited Punch]""},""inference"":{""base_to_finish"":""not inferred"",""foil_to_finish"":""not inferred""},""physical_candidates"":[{""art_kind"":""unknown"",""card_id"":25371,""finish"":""normal"",""rarity"":""Uncommon""},{""art_kind"":""unknown"",""card_id"":25372,""finish"":""reverse_holo"",""rarity"":""Uncommon""}],""source_fields_audited"":{""all_expected_columns_present"":true,""base_columns"":[""low"",""trend"",""avg1"",""avg7"",""avg30""],""foil_columns"":[""low-holo"",""trend-holo"",""avg1-holo"",""avg7-holo"",""avg30-holo""],""observed_metric_columns"":[""avg1"",""avg1-holo"",""avg30"",""avg30-holo"",""avg7"",""avg7-holo"",""low"",""low-holo"",""trend"",""trend-holo""],""unexpected_metric_columns"":[""avg"",""avg-holo""]},""source_files"":{""discovery_mapping_sha256"":""81b5c2edaebda0de843c7f6b13a9710e731d48fe3717881219ea5196d7e0335d"",""prices_path"":""/Users/facundogalmarini/Desktop/price_guide_6 (1).json"",""prices_sha256"":""86282c2015adc332db82ce65d162f6cc44dc0bb3208b8bfedd952268ffafa145"",""products_path"":""/Users/facundogalmarini/Desktop/products_singles_6 (1).json"",""products_sha256"":""318cdf83b38813443530bb4d14f770ed0c1225be9ad87ddebbbee00b097613b5""}}"
719561,23463,108,Lickitung,base,"[""low"",""trend"",""avg1"",""avg7"",""avg30""]","[""low"",""trend"",""avg1"",""avg7"",""avg30""]",EXACT,AMBIGUOUS,False,,"[25373,25374]","[""normal"",""reverse_holo""]",multiple,multiple_physical_finish_candidates_without_family_specific_evidence,LOW,"Source fact: Price Guide exposes base columns ['low', 'trend', 'avg1', 'avg7', 'avg30']; source fact: canonical scope exposes compatible finishes ['normal', 'reverse_holo']. Inference withheld: no Cardmarket source field identifies this metric family with one finish.","{""canonical_source"":{""canonical_card_id"":23463,""canonical_number"":""108"",""status"":""EXACT""},""cardmarket_source"":{""idMetacard"":421187,""idProduct"":719561,""name"":""Lickitung [Tongue-Tied]""},""inference"":{""base_to_finish"":""not inferred"",""foil_to_finish"":""not inferred""},""physical_candidates"":[{""art_kind"":""unknown"",""card_id"":25373,""finish"":""normal"",""rarity"":""Common""},{""art_kind"":""unknown"",""card_id"":25374,""finish"":""reverse_holo"",""rarity"":""Common""}],""source_fields_audited"":{""all_expected_columns_present"":true,""base_columns"":[""low"",""trend"",""avg1"",""avg7"",""avg30""],""foil_columns"":[""low-holo"",""trend-holo"",""avg1-holo"",""avg7-holo"",""avg30-holo""],""observed_metric_columns"":[""avg1"",""avg1-holo"",""avg30"",""avg30-holo"",""avg7"",""avg7-holo"",""low"",""low-holo"",""trend"",""trend-holo""],""unexpected_metric_columns"":[""avg"",""avg-holo""]},""source_files"":{""discovery_mapping_sha256"":""81b5c2edaebda0de843c7f6b13a9710e731d48fe3717881219ea5196d7e0335d"",""prices_path"":""/Users/facundogalmarini/Desktop/price_guide_6 (1).json"",""prices_sha256"":""86282c2015adc332db82ce65d162f6cc44dc0bb3208b8bfedd952268ffafa145"",""products_path"":""/Users/facundogalmarini/Desktop/products_singles_6 (1).json"",""products_sha256"":""318cdf83b38813443530bb4d14f770ed0c1225be9ad87ddebbbee00b097613b5""}}"
719561,23463,108,Lickitung,foil,"[""low-holo"",""trend-holo"",""avg1-holo"",""avg7-holo"",""avg30-holo""]","[""low-holo"",""trend-holo"",""avg1-holo"",""avg7-holo"",""avg30-holo""]",EXACT,AMBIGUOUS,False,,"[25373,25374]","[""normal"",""reverse_holo""]",multiple,multiple_physical_finish_candidates_without_family_specific_evidence,LOW,"Source fact: Price Guide exposes foil columns ['low-holo', 'trend-holo', 'avg1-holo', 'avg7-holo', 'avg30-holo']; source fact: canonical scope exposes compatible finishes ['normal', 'reverse_holo']. Inference withheld: no Cardmarket source field identifies this metric family with one finish.","{""canonical_source"":{""canonical_card_id"":23463,""canonical_number"":""108"",""status"":""EXACT""},""cardmarket_source"":{""idMetacard"":421187,""idProduct"":719561,""name"":""Lickitung [Tongue-Tied]""},""inference"":{""base_to_finish"":""not inferred"",""foil_to_finish"":""not inferred""},""physical_candidates"":[{""art_kind"":""unknown"",""card_id"":25373,""finish"":""normal"",""rarity"":""Common""},{""art_kind"":""unknown"",""card_id"":25374,""finish"":""reverse_holo"",""rarity"":""Common""}],""source_fields_audited"":{""all_expected_columns_present"":true,""base_columns"":[""low"",""trend"",""avg1"",""avg7"",""avg30""],""foil_columns"":[""low-holo"",""trend-holo"",""avg1-holo"",""avg7-holo"",""avg30-holo""],""observed_metric_columns"":[""avg1"",""avg1-holo"",""avg30"",""avg30-holo"",""avg7"",""avg7-holo"",""low"",""low-holo"",""trend"",""trend-holo""],""unexpected_metric_columns"":[""avg"",""avg-holo""]},""source_files"":{""discovery_mapping_sha256"":""81b5c2edaebda0de843c7f6b13a9710e731d48fe3717881219ea5196d7e0335d"",""prices_path"":""/Users/facundogalmarini/Desktop/price_guide_6 (1).json"",""prices_sha256"":""86282c2015adc332db82ce65d162f6cc44dc0bb3208b8bfedd952268ffafa145"",""products_path"":""/Users/facundogalmarini/Desktop/products_singles_6 (1).json"",""products_sha256"":""318cdf83b38813443530bb4d14f770ed0c1225be9ad87ddebbbee00b097613b5""}}"
719562,23464,109,Koffing,base,"[""low"",""trend"",""avg1"",""avg7"",""avg30""]","[""low"",""trend"",""avg1"",""avg7"",""avg30""]",EXACT,AMBIGUOUS,False,,"[25375,25376]","[""normal"",""reverse_holo""]",multiple,multiple_physical_finish_candidates_without_family_specific_evidence,LOW,"Source fact: Price Guide exposes base columns ['low', 'trend', 'avg1', 'avg7', 'avg30']; source fact: canonical scope exposes compatible finishes ['normal', 'reverse_holo']. Inference withheld: no Cardmarket source field identifies this metric family with one finish.","{""canonical_source"":{""canonical_card_id"":23464,""canonical_number"":""109"",""status"":""EXACT""},""cardmarket_source"":{""idMetacard"":421188,""idProduct"":719562,""name"":""Koffing [Suspicious Gas]""},""inference"":{""base_to_finish"":""not inferred"",""foil_to_finish"":""not inferred""},""physical_candidates"":[{""art_kind"":""unknown"",""card_id"":25375,""finish"":""normal"",""rarity"":""Common""},{""art_kind"":""unknown"",""card_id"":25376,""finish"":""reverse_holo"",""rarity"":""Common""}],""source_fields_audited"":{""all_expected_columns_present"":true,""base_columns"":[""low"",""trend"",""avg1"",""avg7"",""avg30""],""foil_columns"":[""low-holo"",""trend-holo"",""avg1-holo"",""avg7-holo"",""avg30-holo""],""observed_metric_columns"":[""avg1"",""avg1-holo"",""avg30"",""avg30-holo"",""avg7"",""avg7-holo"",""low"",""low-holo"",""trend"",""trend-holo""],""unexpected_metric_columns"":[""avg"",""avg-holo""]},""source_files"":{""discovery_mapping_sha256"":""81b5c2edaebda0de843c7f6b13a9710e731d48fe3717881219ea5196d7e0335d"",""prices_path"":""/Users/facundogalmarini/Desktop/price_guide_6 (1).json"",""prices_sha256"":""86282c2015adc332db82ce65d162f6cc44dc0bb3208b8bfedd952268ffafa145"",""products_path"":""/Users/facundogalmarini/Desktop/products_singles_6 (1).json"",""products_sha256"":""318cdf83b38813443530bb4d14f770ed0c1225be9ad87ddebbbee00b097613b5""}}"
719562,23464,109,Koffing,foil,"[""low-holo"",""trend-holo"",""avg1-holo"",""avg7-holo"",""avg30-holo""]","[""low-holo"",""trend-holo"",""avg1-holo"",""avg7-holo"",""avg30-holo""]",EXACT,AMBIGUOUS,False,,"[25375,25376]","[""normal"",""reverse_holo""]",multiple,multiple_physical_finish_candidates_without_family_specific_evidence,LOW,"Source fact: Price Guide exposes foil columns ['low-holo', 'trend-holo', 'avg1-holo', 'avg7-holo', 'avg30-holo']; source fact: canonical scope exposes compatible finishes ['normal', 'reverse_holo']. Inference withheld: no Cardmarket source field identifies this metric family with one finish.","{""canonical_source"":{""canonical_card_id"":23464,""canonical_number"":""109"",""status"":""EXACT""},""cardmarket_source"":{""idMetacard"":421188,""idProduct"":719562,""name"":""Koffing [Suspicious Gas]""},""inference"":{""base_to_finish"":""not inferred"",""foil_to_finish"":""not inferred""},""physical_candidates"":[{""art_kind"":""unknown"",""card_id"":25375,""finish"":""normal"",""rarity"":""Common""},{""art_kind"":""unknown"",""card_id"":25376,""finish"":""reverse_holo"",""rarity"":""Common""}],""source_fields_audited"":{""all_expected_columns_present"":true,""base_columns"":[""low"",""trend"",""avg1"",""avg7"",""avg30""],""foil_columns"":[""low-holo"",""trend-holo"",""avg1-holo"",""avg7-holo"",""avg30-holo""],""observed_metric_columns"":[""avg1"",""avg1-holo"",""avg30"",""avg30-holo"",""avg7"",""avg7-holo"",""low"",""low-holo"",""trend"",""trend-holo""],""unexpected_metric_columns"":[""avg"",""avg-holo""]},""source_files"":{""discovery_mapping_sha256"":""81b5c2edaebda0de843c7f6b13a9710e731d48fe3717881219ea5196d7e0335d"",""prices_path"":""/Users/facundogalmarini/Desktop/price_guide_6 (1).json"",""prices_sha256"":""86282c2015adc332db82ce65d162f6cc44dc0bb3208b8bfedd952268ffafa145"",""products_path"":""/Users/facundogalmarini/Desktop/products_singles_6 (1).json"",""products_sha256"":""318cdf83b38813443530bb4d14f770ed0c1225be9ad87ddebbbee00b097613b5""}}"
719563,23465,110,Weezing,base,"[""low"",""trend"",""avg1"",""avg7"",""avg30""]","[""low"",""trend"",""avg1"",""avg7"",""avg30""]",EXACT,AMBIGUOUS,False,,"[25377,25378]","[""holo"",""reverse_holo""]",multiple,multiple_physical_finish_candidates_without_family_specific_evidence,LOW,"Source fact: Price Guide exposes base columns ['low', 'trend', 'avg1', 'avg7', 'avg30']; source fact: canonical scope exposes compatible finishes ['holo', 'reverse_holo']. Inference withheld: no Cardmarket source field identifies this metric family with one finish.","{""canonical_source"":{""canonical_card_id"":23465,""canonical_number"":""110"",""status"":""EXACT""},""cardmarket_source"":{""idMetacard"":421189,""idProduct"":719563,""name"":""Weezing [Let's Have a Blast | Spinning Fumes]""},""inference"":{""base_to_finish"":""not inferred"",""foil_to_finish"":""not inferred""},""physical_candidates"":[{""art_kind"":""unknown"",""card_id"":25377,""finish"":""holo"",""rarity"":""Rare""},{""art_kind"":""unknown"",""card_id"":25378,""finish"":""reverse_holo"",""rarity"":""Rare""}],""source_fields_audited"":{""all_expected_columns_present"":true,""base_columns"":[""low"",""trend"",""avg1"",""avg7"",""avg30""],""foil_columns"":[""low-holo"",""trend-holo"",""avg1-holo"",""avg7-holo"",""avg30-holo""],""observed_metric_columns"":[""avg1"",""avg1-holo"",""avg30"",""avg30-holo"",""avg7"",""avg7-holo"",""low"",""low-holo"",""trend"",""trend-holo""],""unexpected_metric_columns"":[""avg"",""avg-holo""]},""source_files"":{""discovery_mapping_sha256"":""81b5c2edaebda0de843c7f6b13a9710e731d48fe3717881219ea5196d7e0335d"",""prices_path"":""/Users/facundogalmarini/Desktop/price_guide_6 (1).json"",""prices_sha256"":""86282c2015adc332db82ce65d162f6cc44dc0bb3208b8bfedd952268ffafa145"",""products_path"":""/Users/facundogalmarini/Desktop/products_singles_6 (1).json"",""products_sha256"":""318cdf83b38813443530bb4d14f770ed0c1225be9ad87ddebbbee00b097613b5""}}"
719563,23465,110,Weezing,foil,"[""low-holo"",""trend-holo"",""avg1-holo"",""avg7-holo"",""avg30-holo""]","[""low-holo"",""trend-holo"",""avg1-holo"",""avg7-holo"",""avg30-holo""]",EXACT,AMBIGUOUS,False,,"[25377,25378]","[""holo"",""reverse_holo""]",multiple,multiple_physical_finish_candidates_without_family_specific_evidence,LOW,"Source fact: Price Guide exposes foil columns ['low-holo', 'trend-holo', 'avg1-holo', 'avg7-holo', 'avg30-holo']; source fact: canonical scope exposes compatible finishes ['holo', 'reverse_holo']. Inference withheld: no Cardmarket source field identifies this metric family with one finish.","{""canonical_source"":{""canonical_card_id"":23465,""canonical_number"":""110"",""status"":""EXACT""},""cardmarket_source"":{""idMetacard"":421189,""idProduct"":719563,""name"":""Weezing [Let's Have a Blast | Spinning Fumes]""},""inference"":{""base_to_finish"":""not inferred"",""foil_to_finish"":""not inferred""},""physical_candidates"":[{""art_kind"":""unknown"",""card_id"":25377,""finish"":""holo"",""rarity"":""Rare""},{""art_kind"":""unknown"",""card_id"":25378,""finish"":""reverse_holo"",""rarity"":""Rare""}],""source_fields_audited"":{""all_expected_columns_present"":true,""base_columns"":[""low"",""trend"",""avg1"",""avg7"",""avg30""],""foil_columns"":[""low-holo"",""trend-holo"",""avg1-holo"",""avg7-holo"",""avg30-holo""],""observed_metric_columns"":[""avg1"",""avg1-holo"",""avg30"",""avg30-holo"",""avg7"",""avg7-holo"",""low"",""low-holo"",""trend"",""trend-holo""],""unexpected_metric_columns"":[""avg"",""avg-holo""]},""source_files"":{""discovery_mapping_sha256"":""81b5c2edaebda0de843c7f6b13a9710e731d48fe3717881219ea5196d7e0335d"",""prices_path"":""/Users/facundogalmarini/Desktop/price_guide_6 (1).json"",""prices_sha256"":""86282c2015adc332db82ce65d162f6cc44dc0bb3208b8bfedd952268ffafa145"",""products_path"":""/Users/facundogalmarini/Desktop/products_singles_6 (1).json"",""products_sha256"":""318cdf83b38813443530bb4d14f770ed0c1225be9ad87ddebbbee00b097613b5""}}"
719564,23466,111,Rhyhorn,base,"[""low"",""trend"",""avg1"",""avg7"",""avg30""]","[""low"",""trend"",""avg1"",""avg7"",""avg30""]",EXACT,AMBIGUOUS,False,,"[25379,25380]","[""normal"",""reverse_holo""]",multiple,multiple_physical_finish_candidates_without_family_specific_evidence,LOW,"Source fact: Price Guide exposes base columns ['low', 'trend', 'avg1', 'avg7', 'avg30']; source fact: canonical scope exposes compatible finishes ['normal', 'reverse_holo']. Inference withheld: no Cardmarket source field identifies this metric family with one finish.","{""canonical_source"":{""canonical_card_id"":23466,""canonical_number"":""111"",""status"":""EXACT""},""cardmarket_source"":{""idMetacard"":421190,""idProduct"":719564,""name"":""Rhyhorn [Push Down | Boulder Crush]""},""inference"":{""base_to_finish"":""not inferred"",""foil_to_finish"":""not inferred""},""physical_candidates"":[{""art_kind"":""unknown"",""card_id"":25379,""finish"":""normal"",""rarity"":""Common""},{""art_kind"":""unknown"",""card_id"":25380,""finish"":""reverse_holo"",""rarity"":""Common""}],""source_fields_audited"":{""all_expected_columns_present"":true,""base_columns"":[""low"",""trend"",""avg1"",""avg7"",""avg30""],""foil_columns"":[""low-holo"",""trend-holo"",""avg1-holo"",""avg7-holo"",""avg30-holo""],""observed_metric_columns"":[""avg1"",""avg1-holo"",""avg30"",""avg30-holo"",""avg7"",""avg7-holo"",""low"",""low-holo"",""trend"",""trend-holo""],""unexpected_metric_columns"":[""avg"",""avg-holo""]},""source_files"":{""discovery_mapping_sha256"":""81b5c2edaebda0de843c7f6b13a9710e731d48fe3717881219ea5196d7e0335d"",""prices_path"":""/Users/facundogalmarini/Desktop/price_guide_6 (1).json"",""prices_sha256"":""86282c2015adc332db82ce65d162f6cc44dc0bb3208b8bfedd952268ffafa145"",""products_path"":""/Users/facundogalmarini/Desktop/products_singles_6 (1).json"",""products_sha256"":""318cdf83b38813443530bb4d14f770ed0c1225be9ad87ddebbbee00b097613b5""}}"
719564,23466,111,Rhyhorn,foil,"[""low-holo"",""trend-holo"",""avg1-holo"",""avg7-holo"",""avg30-holo""]","[""low-holo"",""trend-holo"",""avg1-holo"",""avg7-holo"",""avg30-holo""]",EXACT,AMBIGUOUS,False,,"[25379,25380]","[""normal"",""reverse_holo""]",multiple,multiple_physical_finish_candidates_without_family_specific_evidence,LOW,"Source fact: Price Guide exposes foil columns ['low-holo', 'trend-holo', 'avg1-holo', 'avg7-holo', 'avg30-holo']; source fact: canonical scope exposes compatible finishes ['normal', 'reverse_holo']. Inference withheld: no Cardmarket source field identifies this metric family with one finish.","{""canonical_source"":{""canonical_card_id"":23466,""canonical_number"":""111"",""status"":""EXACT""},""cardmarket_source"":{""idMetacard"":421190,""idProduct"":719564,""name"":""Rhyhorn [Push Down | Boulder Crush]""},""inference"":{""base_to_finish"":""not inferred"",""foil_to_finish"":""not inferred""},""physical_candidates"":[{""art_kind"":""unknown"",""card_id"":25379,""finish"":""normal"",""rarity"":""Common""},{""art_kind"":""unknown"",""card_id"":25380,""finish"":""reverse_holo"",""rarity"":""Common""}],""source_fields_audited"":{""all_expected_columns_present"":true,""base_columns"":[""low"",""trend"",""avg1"",""avg7"",""avg30""],""foil_columns"":[""low-holo"",""trend-holo"",""avg1-holo"",""avg7-holo"",""avg30-holo""],""observed_metric_columns"":[""avg1"",""avg1-holo"",""avg30"",""avg30-holo"",""avg7"",""avg7-holo"",""low"",""low-holo"",""trend"",""trend-holo""],""unexpected_metric_columns"":[""avg"",""avg-holo""]},""source_files"":{""discovery_mapping_sha256"":""81b5c2edaebda0de843c7f6b13a9710e731d48fe3717881219ea5196d7e0335d"",""prices_path"":""/Users/facundogalmarini/Desktop/price_guide_6 (1).json"",""prices_sha256"":""86282c2015adc332db82ce65d162f6cc44dc0bb3208b8bfedd952268ffafa145"",""products_path"":""/Users/facundogalmarini/Desktop/products_singles_6 (1).json"",""products_sha256"":""318cdf83b38813443530bb4d14f770ed0c1225be9ad87ddebbbee00b097613b5""}}"
719565,23467,112,Rhydon,base,"[""low"",""trend"",""avg1"",""avg7"",""avg30""]","[""low"",""trend"",""avg1"",""avg7"",""avg30""]",EXACT,AMBIGUOUS,False,,"[25381,25382]","[""normal"",""reverse_holo""]",multiple,multiple_physical_finish_candidates_without_family_specific_evidence,LOW,"Source fact: Price Guide exposes base columns ['low', 'trend', 'avg1', 'avg7', 'avg30']; source fact: canonical scope exposes compatible finishes ['normal', 'reverse_holo']. Inference withheld: no Cardmarket source field identifies this metric family with one finish.","{""canonical_source"":{""canonical_card_id"":23467,""canonical_number"":""112"",""status"":""EXACT""},""cardmarket_source"":{""idMetacard"":421191,""idProduct"":719565,""name"":""Rhydon [Wrack Down | Charismatic Drill]""},""inference"":{""base_to_finish"":""not inferred"",""foil_to_finish"":""not inferred""},""physical_candidates"":[{""art_kind"":""unknown"",""card_id"":25381,""finish"":""normal"",""rarity"":""Uncommon""},{""art_kind"":""unknown"",""card_id"":25382,""finish"":""reverse_holo"",""rarity"":""Uncommon""}],""source_fields_audited"":{""all_expected_columns_present"":true,""base_columns"":[""low"",""trend"",""avg1"",""avg7"",""avg30""],""foil_columns"":[""low-holo"",""trend-holo"",""avg1-holo"",""avg7-holo"",""avg30-holo""],""observed_metric_columns"":[""avg1"",""avg1-holo"",""avg30"",""avg30-holo"",""avg7"",""avg7-holo"",""low"",""low-holo"",""trend"",""trend-holo""],""unexpected_metric_columns"":[""avg"",""avg-holo""]},""source_files"":{""discovery_mapping_sha256"":""81b5c2edaebda0de843c7f6b13a9710e731d48fe3717881219ea5196d7e0335d"",""prices_path"":""/Users/facundogalmarini/Desktop/price_guide_6 (1).json"",""prices_sha256"":""86282c2015adc332db82ce65d162f6cc44dc0bb3208b8bfedd952268ffafa145"",""products_path"":""/Users/facundogalmarini/Desktop/products_singles_6 (1).json"",""products_sha256"":""318cdf83b38813443530bb4d14f770ed0c1225be9ad87ddebbbee00b097613b5""}}"
719565,23467,112,Rhydon,foil,"[""low-holo"",""trend-holo"",""avg1-holo"",""avg7-holo"",""avg30-holo""]","[""low-holo"",""trend-holo"",""avg1-holo"",""avg7-holo"",""avg30-holo""]",EXACT,AMBIGUOUS,False,,"[25381,25382]","[""normal"",""reverse_holo""]",multiple,multiple_physical_finish_candidates_without_family_specific_evidence,LOW,"Source fact: Price Guide exposes foil columns ['low-holo', 'trend-holo', 'avg1-holo', 'avg7-holo', 'avg30-holo']; source fact: canonical scope exposes compatible finishes ['normal', 'reverse_holo']. Inference withheld: no Cardmarket source field identifies this metric family with one finish.","{""canonical_source"":{""canonical_card_id"":23467,""canonical_number"":""112"",""status"":""EXACT""},""cardmarket_source"":{""idMetacard"":421191,""idProduct"":719565,""name"":""Rhydon [Wrack Down | Charismatic Drill]""},""inference"":{""base_to_finish"":""not inferred"",""foil_to_finish"":""not inferred""},""physical_candidates"":[{""art_kind"":""unknown"",""card_id"":25381,""finish"":""normal"",""rarity"":""Uncommon""},{""art_kind"":""unknown"",""card_id"":25382,""finish"":""reverse_holo"",""rarity"":""Uncommon""}],""source_fields_audited"":{""all_expected_columns_present"":true,""base_columns"":[""low"",""trend"",""avg1"",""avg7"",""avg30""],""foil_columns"":[""low-holo"",""trend-holo"",""avg1-holo"",""avg7-holo"",""avg30-holo""],""observed_metric_columns"":[""avg1"",""avg1-holo"",""avg30"",""avg30-holo"",""avg7"",""avg7-holo"",""low"",""low-holo"",""trend"",""trend-holo""],""unexpected_metric_columns"":[""avg"",""avg-holo""]},""source_files"":{""discovery_mapping_sha256"":""81b5c2edaebda0de843c7f6b13a9710e731d48fe3717881219ea5196d7e0335d"",""prices_path"":""/Users/facundogalmarini/Desktop/price_guide_6 (1).json"",""prices_sha256"":""86282c2015adc332db82ce65d162f6cc44dc0bb3208b8bfedd952268ffafa145"",""products_path"":""/Users/facundogalmarini/Desktop/products_singles_6 (1).json"",""products_sha256"":""318cdf83b38813443530bb4d14f770ed0c1225be9ad87ddebbbee00b097613b5""}}"
719566,23468,113,Chansey,base,"[""low"",""trend"",""avg1"",""avg7"",""avg30""]","[""low"",""trend"",""avg1"",""avg7"",""avg30""]",EXACT,AMBIGUOUS,False,,"[25383,25384]","[""holo"",""reverse_holo""]",multiple,multiple_physical_finish_candidates_without_family_specific_evidence,LOW,"Source fact: Price Guide exposes base columns ['low', 'trend', 'avg1', 'avg7', 'avg30']; source fact: canonical scope exposes compatible finishes ['holo', 'reverse_holo']. Inference withheld: no Cardmarket source field identifies this metric family with one finish.","{""canonical_source"":{""canonical_card_id"":23468,""canonical_number"":""113"",""status"":""EXACT""},""cardmarket_source"":{""idMetacard"":421192,""idProduct"":719566,""name"":""Chansey [Lucky Bonus | Gentle Slap]""},""inference"":{""base_to_finish"":""not inferred"",""foil_to_finish"":""not inferred""},""physical_candidates"":[{""art_kind"":""unknown"",""card_id"":25383,""finish"":""holo"",""rarity"":""Rare""},{""art_kind"":""unknown"",""card_id"":25384,""finish"":""reverse_holo"",""rarity"":""Rare""}],""source_fields_audited"":{""all_expected_columns_present"":true,""base_columns"":[""low"",""trend"",""avg1"",""avg7"",""avg30""],""foil_columns"":[""low-holo"",""trend-holo"",""avg1-holo"",""avg7-holo"",""avg30-holo""],""observed_metric_columns"":[""avg1"",""avg1-holo"",""avg30"",""avg30-holo"",""avg7"",""avg7-holo"",""low"",""low-holo"",""trend"",""trend-holo""],""unexpected_metric_columns"":[""avg"",""avg-holo""]},""source_files"":{""discovery_mapping_sha256"":""81b5c2edaebda0de843c7f6b13a9710e731d48fe3717881219ea5196d7e0335d"",""prices_path"":""/Users/facundogalmarini/Desktop/price_guide_6 (1).json"",""prices_sha256"":""86282c2015adc332db82ce65d162f6cc44dc0bb3208b8bfedd952268ffafa145"",""products_path"":""/Users/facundogalmarini/Desktop/products_singles_6 (1).json"",""products_sha256"":""318cdf83b38813443530bb4d14f770ed0c1225be9ad87ddebbbee00b097613b5""}}"
719566,23468,113,Chansey,foil,"[""low-holo"",""trend-holo"",""avg1-holo"",""avg7-holo"",""avg30-holo""]","[""low-holo"",""trend-holo"",""avg1-holo"",""avg7-holo"",""avg30-holo""]",EXACT,AMBIGUOUS,False,,"[25383,25384]","[""holo"",""reverse_holo""]",multiple,multiple_physical_finish_candidates_without_family_specific_evidence,LOW,"Source fact: Price Guide exposes foil columns ['low-holo', 'trend-holo', 'avg1-holo', 'avg7-holo', 'avg30-holo']; source fact: canonical scope exposes compatible finishes ['holo', 'reverse_holo']. Inference withheld: no Cardmarket source field identifies this metric family with one finish.","{""canonical_source"":{""canonical_card_id"":23468,""canonical_number"":""113"",""status"":""EXACT""},""cardmarket_source"":{""idMetacard"":421192,""idProduct"":719566,""name"":""Chansey [Lucky Bonus | Gentle Slap]""},""inference"":{""base_to_finish"":""not inferred"",""foil_to_finish"":""not inferred""},""physical_candidates"":[{""art_kind"":""unknown"",""card_id"":25383,""finish"":""holo"",""rarity"":""Rare""},{""art_kind"":""unknown"",""card_id"":25384,""finish"":""reverse_holo"",""rarity"":""Rare""}],""source_fields_audited"":{""all_expected_columns_present"":true,""base_columns"":[""low"",""trend"",""avg1"",""avg7"",""avg30""],""foil_columns"":[""low-holo"",""trend-holo"",""avg1-holo"",""avg7-holo"",""avg30-holo""],""observed_metric_columns"":[""avg1"",""avg1-holo"",""avg30"",""avg30-holo"",""avg7"",""avg7-holo"",""low"",""low-holo"",""trend"",""trend-holo""],""unexpected_metric_columns"":[""avg"",""avg-holo""]},""source_files"":{""discovery_mapping_sha256"":""81b5c2edaebda0de843c7f6b13a9710e731d48fe3717881219ea5196d7e0335d"",""prices_path"":""/Users/facundogalmarini/Desktop/price_guide_6 (1).json"",""prices_sha256"":""86282c2015adc332db82ce65d162f6cc44dc0bb3208b8bfedd952268ffafa145"",""products_path"":""/Users/facundogalmarini/Desktop/products_singles_6 (1).json"",""products_sha256"":""318cdf83b38813443530bb4d14f770ed0c1225be9ad87ddebbbee00b097613b5""}}"
719569,23471,116,Horsea,base,"[""low"",""trend"",""avg1"",""avg7"",""avg30""]","[""low"",""trend"",""avg1"",""avg7"",""avg30""]",EXACT,AMBIGUOUS,False,,"[25388,25389]","[""normal"",""reverse_holo""]",multiple,multiple_physical_finish_candidates_without_family_specific_evidence,LOW,"Source fact: Price Guide exposes base columns ['low', 'trend', 'avg1', 'avg7', 'avg30']; source fact: canonical scope exposes compatible finishes ['normal', 'reverse_holo']. Inference withheld: no Cardmarket source field identifies this metric family with one finish.","{""canonical_source"":{""canonical_card_id"":23471,""canonical_number"":""116"",""status"":""EXACT""},""cardmarket_source"":{""idMetacard"":421195,""idProduct"":719569,""name"":""Horsea [Rain Splash | Sharp Fin]""},""inference"":{""base_to_finish"":""not inferred"",""foil_to_finish"":""not inferred""},""physical_candidates"":[{""art_kind"":""unknown"",""card_id"":25388,""finish"":""normal"",""rarity"":""Common""},{""art_kind"":""unknown"",""card_id"":25389,""finish"":""reverse_holo"",""rarity"":""Common""}],""source_fields_audited"":{""all_expected_columns_present"":true,""base_columns"":[""low"",""trend"",""avg1"",""avg7"",""avg30""],""foil_columns"":[""low-holo"",""trend-holo"",""avg1-holo"",""avg7-holo"",""avg30-holo""],""observed_metric_columns"":[""avg1"",""avg1-holo"",""avg30"",""avg30-holo"",""avg7"",""avg7-holo"",""low"",""low-holo"",""trend"",""trend-holo""],""unexpected_metric_columns"":[""avg"",""avg-holo""]},""source_files"":{""discovery_mapping_sha256"":""81b5c2edaebda0de843c7f6b13a9710e731d48fe3717881219ea5196d7e0335d"",""prices_path"":""/Users/facundogalmarini/Desktop/price_guide_6 (1).json"",""prices_sha256"":""86282c2015adc332db82ce65d162f6cc44dc0bb3208b8bfedd952268ffafa145"",""products_path"":""/Users/facundogalmarini/Desktop/products_singles_6 (1).json"",""products_sha256"":""318cdf83b38813443530bb4d14f770ed0c1225be9ad87ddebbbee00b097613b5""}}"
719569,23471,116,Horsea,foil,"[""low-holo"",""trend-holo"",""avg1-holo"",""avg7-holo"",""avg30-holo""]","[""low-holo"",""trend-holo"",""avg1-holo"",""avg7-holo"",""avg30-holo""]",EXACT,AMBIGUOUS,False,,"[25388,25389]","[""normal"",""reverse_holo""]",multiple,multiple_physical_finish_candidates_without_family_specific_evidence,LOW,"Source fact: Price Guide exposes foil columns ['low-holo', 'trend-holo', 'avg1-holo', 'avg7-holo', 'avg30-holo']; source fact: canonical scope exposes compatible finishes ['normal', 'reverse_holo']. Inference withheld: no Cardmarket source field identifies this metric family with one finish.","{""canonical_source"":{""canonical_card_id"":23471,""canonical_number"":""116"",""status"":""EXACT""},""cardmarket_source"":{""idMetacard"":421195,""idProduct"":719569,""name"":""Horsea [Rain Splash | Sharp Fin]""},""inference"":{""base_to_finish"":""not inferred"",""foil_to_finish"":""not inferred""},""physical_candidates"":[{""art_kind"":""unknown"",""card_id"":25388,""finish"":""normal"",""rarity"":""Common""},{""art_kind"":""unknown"",""card_id"":25389,""finish"":""reverse_holo"",""rarity"":""Common""}],""source_fields_audited"":{""all_expected_columns_present"":true,""base_columns"":[""low"",""trend"",""avg1"",""avg7"",""avg30""],""foil_columns"":[""low-holo"",""trend-holo"",""avg1-holo"",""avg7-holo"",""avg30-holo""],""observed_metric_columns"":[""avg1"",""avg1-holo"",""avg30"",""avg30-holo"",""avg7"",""avg7-holo"",""low"",""low-holo"",""trend"",""trend-holo""],""unexpected_metric_columns"":[""avg"",""avg-holo""]},""source_files"":{""discovery_mapping_sha256"":""81b5c2edaebda0de843c7f6b13a9710e731d48fe3717881219ea5196d7e0335d"",""prices_path"":""/Users/facundogalmarini/Desktop/price_guide_6 (1).json"",""prices_sha256"":""86282c2015adc332db82ce65d162f6cc44dc0bb3208b8bfedd952268ffafa145"",""products_path"":""/Users/facundogalmarini/Desktop/products_singles_6 (1).json"",""products_sha256"":""318cdf83b38813443530bb4d14f770ed0c1225be9ad87ddebbbee00b097613b5""}}"
719570,23472,117,Seadra,base,"[""low"",""trend"",""avg1"",""avg7"",""avg30""]","[""low"",""trend"",""avg1"",""avg7"",""avg30""]",EXACT,AMBIGUOUS,False,,"[25390,25391]","[""normal"",""reverse_holo""]",multiple,multiple_physical_finish_candidates_without_family_specific_evidence,LOW,"Source fact: Price Guide exposes base columns ['low', 'trend', 'avg1', 'avg7', 'avg30']; source fact: canonical scope exposes compatible finishes ['normal', 'reverse_holo']. Inference withheld: no Cardmarket source field identifies this metric family with one finish.","{""canonical_source"":{""canonical_card_id"":23472,""canonical_number"":""117"",""status"":""EXACT""},""cardmarket_source"":{""idMetacard"":421196,""idProduct"":719570,""name"":""Seadra [Blinding Ink]""},""inference"":{""base_to_finish"":""not inferred"",""foil_to_finish"":""not inferred""},""physical_candidates"":[{""art_kind"":""unknown"",""card_id"":25390,""finish"":""normal"",""rarity"":""Uncommon""},{""art_kind"":""unknown"",""card_id"":25391,""finish"":""reverse_holo"",""rarity"":""Uncommon""}],""source_fields_audited"":{""all_expected_columns_present"":true,""base_columns"":[""low"",""trend"",""avg1"",""avg7"",""avg30""],""foil_columns"":[""low-holo"",""trend-holo"",""avg1-holo"",""avg7-holo"",""avg30-holo""],""observed_metric_columns"":[""avg1"",""avg1-holo"",""avg30"",""avg30-holo"",""avg7"",""avg7-holo"",""low"",""low-holo"",""trend"",""trend-holo""],""unexpected_metric_columns"":[""avg"",""avg-holo""]},""source_files"":{""discovery_mapping_sha256"":""81b5c2edaebda0de843c7f6b13a9710e731d48fe3717881219ea5196d7e0335d"",""prices_path"":""/Users/facundogalmarini/Desktop/price_guide_6 (1).json"",""prices_sha256"":""86282c2015adc332db82ce65d162f6cc44dc0bb3208b8bfedd952268ffafa145"",""products_path"":""/Users/facundogalmarini/Desktop/products_singles_6 (1).json"",""products_sha256"":""318cdf83b38813443530bb4d14f770ed0c1225be9ad87ddebbbee00b097613b5""}}"
719570,23472,117,Seadra,foil,"[""low-holo"",""trend-holo"",""avg1-holo"",""avg7-holo"",""avg30-holo""]","[""low-holo"",""trend-holo"",""avg1-holo"",""avg7-holo"",""avg30-holo""]",EXACT,AMBIGUOUS,False,,"[25390,25391]","[""normal"",""reverse_holo""]",multiple,multiple_physical_finish_candidates_without_family_specific_evidence,LOW,"Source fact: Price Guide exposes foil columns ['low-holo', 'trend-holo', 'avg1-holo', 'avg7-holo', 'avg30-holo']; source fact: canonical scope exposes compatible finishes ['normal', 'reverse_holo']. Inference withheld: no Cardmarket source field identifies this metric family with one finish.","{""canonical_source"":{""canonical_card_id"":23472,""canonical_number"":""117"",""status"":""EXACT""},""cardmarket_source"":{""idMetacard"":421196,""idProduct"":719570,""name"":""Seadra [Blinding Ink]""},""inference"":{""base_to_finish"":""not inferred"",""foil_to_finish"":""not inferred""},""physical_candidates"":[{""art_kind"":""unknown"",""card_id"":25390,""finish"":""normal"",""rarity"":""Uncommon""},{""art_kind"":""unknown"",""card_id"":25391,""finish"":""reverse_holo"",""rarity"":""Uncommon""}],""source_fields_audited"":{""all_expected_columns_present"":true,""base_columns"":[""low"",""trend"",""avg1"",""avg7"",""avg30""],""foil_columns"":[""low-holo"",""trend-holo"",""avg1-holo"",""avg7-holo"",""avg30-holo""],""observed_metric_columns"":[""avg1"",""avg1-holo"",""avg30"",""avg30-holo"",""avg7"",""avg7-holo"",""low"",""low-holo"",""trend"",""trend-holo""],""unexpected_metric_columns"":[""avg"",""avg-holo""]},""source_files"":{""discovery_mapping_sha256"":""81b5c2edaebda0de843c7f6b13a9710e731d48fe3717881219ea5196d7e0335d"",""prices_path"":""/Users/facundogalmarini/Desktop/price_guide_6 (1).json"",""prices_sha256"":""86282c2015adc332db82ce65d162f6cc44dc0bb3208b8bfedd952268ffafa145"",""products_path"":""/Users/facundogalmarini/Desktop/products_singles_6 (1).json"",""products_sha256"":""318cdf83b38813443530bb4d14f770ed0c1225be9ad87ddebbbee00b097613b5""}}"
719571,23473,118,Goldeen,base,"[""low"",""trend"",""avg1"",""avg7"",""avg30""]","[""low"",""trend"",""avg1"",""avg7"",""avg30""]",EXACT,AMBIGUOUS,False,,"[25392,25393]","[""normal"",""reverse_holo""]",multiple,multiple_physical_finish_candidates_without_family_specific_evidence,LOW,"Source fact: Price Guide exposes base columns ['low', 'trend', 'avg1', 'avg7', 'avg30']; source fact: canonical scope exposes compatible finishes ['normal', 'reverse_holo']. Inference withheld: no Cardmarket source field identifies this metric family with one finish.","{""canonical_source"":{""canonical_card_id"":23473,""canonical_number"":""118"",""status"":""EXACT""},""cardmarket_source"":{""idMetacard"":421197,""idProduct"":719571,""name"":""Goldeen [Triple Strike | Sprinkle Water]""},""inference"":{""base_to_finish"":""not inferred"",""foil_to_finish"":""not inferred""},""physical_candidates"":[{""art_kind"":""unknown"",""card_id"":25392,""finish"":""normal"",""rarity"":""Common""},{""art_kind"":""unknown"",""card_id"":25393,""finish"":""reverse_holo"",""rarity"":""Common""}],""source_fields_audited"":{""all_expected_columns_present"":true,""base_columns"":[""low"",""trend"",""avg1"",""avg7"",""avg30""],""foil_columns"":[""low-holo"",""trend-holo"",""avg1-holo"",""avg7-holo"",""avg30-holo""],""observed_metric_columns"":[""avg1"",""avg1-holo"",""avg30"",""avg30-holo"",""avg7"",""avg7-holo"",""low"",""low-holo"",""trend"",""trend-holo""],""unexpected_metric_columns"":[""avg"",""avg-holo""]},""source_files"":{""discovery_mapping_sha256"":""81b5c2edaebda0de843c7f6b13a9710e731d48fe3717881219ea5196d7e0335d"",""prices_path"":""/Users/facundogalmarini/Desktop/price_guide_6 (1).json"",""prices_sha256"":""86282c2015adc332db82ce65d162f6cc44dc0bb3208b8bfedd952268ffafa145"",""products_path"":""/Users/facundogalmarini/Desktop/products_singles_6 (1).json"",""products_sha256"":""318cdf83b38813443530bb4d14f770ed0c1225be9ad87ddebbbee00b097613b5""}}"
719571,23473,118,Goldeen,foil,"[""low-holo"",""trend-holo"",""avg1-holo"",""avg7-holo"",""avg30-holo""]","[""low-holo"",""trend-holo"",""avg1-holo"",""avg7-holo"",""avg30-holo""]",EXACT,AMBIGUOUS,False,,"[25392,25393]","[""normal"",""reverse_holo""]",multiple,multiple_physical_finish_candidates_without_family_specific_evidence,LOW,"Source fact: Price Guide exposes foil columns ['low-holo', 'trend-holo', 'avg1-holo', 'avg7-holo', 'avg30-holo']; source fact: canonical scope exposes compatible finishes ['normal', 'reverse_holo']. Inference withheld: no Cardmarket source field identifies this metric family with one finish.","{""canonical_source"":{""canonical_card_id"":23473,""canonical_number"":""118"",""status"":""EXACT""},""cardmarket_source"":{""idMetacard"":421197,""idProduct"":719571,""name"":""Goldeen [Triple Strike | Sprinkle Water]""},""inference"":{""base_to_finish"":""not inferred"",""foil_to_finish"":""not inferred""},""physical_candidates"":[{""art_kind"":""unknown"",""card_id"":25392,""finish"":""normal"",""rarity"":""Common""},{""art_kind"":""unknown"",""card_id"":25393,""finish"":""reverse_holo"",""rarity"":""Common""}],""source_fields_audited"":{""all_expected_columns_present"":true,""base_columns"":[""low"",""trend"",""avg1"",""avg7"",""avg30""],""foil_columns"":[""low-holo"",""trend-holo"",""avg1-holo"",""avg7-holo"",""avg30-holo""],""observed_metric_columns"":[""avg1"",""avg1-holo"",""avg30"",""avg30-holo"",""avg7"",""avg7-holo"",""low"",""low-holo"",""trend"",""trend-holo""],""unexpected_metric_columns"":[""avg"",""avg-holo""]},""source_files"":{""discovery_mapping_sha256"":""81b5c2edaebda0de843c7f6b13a9710e731d48fe3717881219ea5196d7e0335d"",""prices_path"":""/Users/facundogalmarini/Desktop/price_guide_6 (1).json"",""prices_sha256"":""86282c2015adc332db82ce65d162f6cc44dc0bb3208b8bfedd952268ffafa145"",""products_path"":""/Users/facundogalmarini/Desktop/products_singles_6 (1).json"",""products_sha256"":""318cdf83b38813443530bb4d14f770ed0c1225be9ad87ddebbbee00b097613b5""}}"
719572,23474,119,Seaking,base,"[""low"",""trend"",""avg1"",""avg7"",""avg30""]","[""low"",""trend"",""avg1"",""avg7"",""avg30""]",EXACT,AMBIGUOUS,False,,"[25394,25395]","[""normal"",""reverse_holo""]",multiple,multiple_physical_finish_candidates_without_family_specific_evidence,LOW,"Source fact: Price Guide exposes base columns ['low', 'trend', 'avg1', 'avg7', 'avg30']; source fact: canonical scope exposes compatible finishes ['normal', 'reverse_holo']. Inference withheld: no Cardmarket source field identifies this metric family with one finish.","{""canonical_source"":{""canonical_card_id"":23474,""canonical_number"":""119"",""status"":""EXACT""},""cardmarket_source"":{""idMetacard"":421198,""idProduct"":719572,""name"":""Seaking [Swim Freely | Aqua Horn]""},""inference"":{""base_to_finish"":""not inferred"",""foil_to_finish"":""not inferred""},""physical_candidates"":[{""art_kind"":""unknown"",""card_id"":25394,""finish"":""normal"",""rarity"":""Uncommon""},{""art_kind"":""unknown"",""card_id"":25395,""finish"":""reverse_holo"",""rarity"":""Uncommon""}],""source_fields_audited"":{""all_expected_columns_present"":true,""base_columns"":[""low"",""trend"",""avg1"",""avg7"",""avg30""],""foil_columns"":[""low-holo"",""trend-holo"",""avg1-holo"",""avg7-holo"",""avg30-holo""],""observed_metric_columns"":[""avg1"",""avg1-holo"",""avg30"",""avg30-holo"",""avg7"",""avg7-holo"",""low"",""low-holo"",""trend"",""trend-holo""],""unexpected_metric_columns"":[""avg"",""avg-holo""]},""source_files"":{""discovery_mapping_sha256"":""81b5c2edaebda0de843c7f6b13a9710e731d48fe3717881219ea5196d7e0335d"",""prices_path"":""/Users/facundogalmarini/Desktop/price_guide_6 (1).json"",""prices_sha256"":""86282c2015adc332db82ce65d162f6cc44dc0bb3208b8bfedd952268ffafa145"",""products_path"":""/Users/facundogalmarini/Desktop/products_singles_6 (1).json"",""products_sha256"":""318cdf83b38813443530bb4d14f770ed0c1225be9ad87ddebbbee00b097613b5""}}"
719572,23474,119,Seaking,foil,"[""low-holo"",""trend-holo"",""avg1-holo"",""avg7-holo"",""avg30-holo""]","[""low-holo"",""trend-holo"",""avg1-holo"",""avg7-holo"",""avg30-holo""]",EXACT,AMBIGUOUS,False,,"[25394,25395]","[""normal"",""reverse_holo""]",multiple,multiple_physical_finish_candidates_without_family_specific_evidence,LOW,"Source fact: Price Guide exposes foil columns ['low-holo', 'trend-holo', 'avg1-holo', 'avg7-holo', 'avg30-holo']; source fact: canonical scope exposes compatible finishes ['normal', 'reverse_holo']. Inference withheld: no Cardmarket source field identifies this metric family with one finish.","{""canonical_source"":{""canonical_card_id"":23474,""canonical_number"":""119"",""status"":""EXACT""},""cardmarket_source"":{""idMetacard"":421198,""idProduct"":719572,""name"":""Seaking [Swim Freely | Aqua Horn]""},""inference"":{""base_to_finish"":""not inferred"",""foil_to_finish"":""not inferred""},""physical_candidates"":[{""art_kind"":""unknown"",""card_id"":25394,""finish"":""normal"",""rarity"":""Uncommon""},{""art_kind"":""unknown"",""card_id"":25395,""finish"":""reverse_holo"",""rarity"":""Uncommon""}],""source_fields_audited"":{""all_expected_columns_present"":true,""base_columns"":[""low"",""trend"",""avg1"",""avg7"",""avg30""],""foil_columns"":[""low-holo"",""trend-holo"",""avg1-holo"",""avg7-holo"",""avg30-holo""],""observed_metric_columns"":[""avg1"",""avg1-holo"",""avg30"",""avg30-holo"",""avg7"",""avg7-holo"",""low"",""low-holo"",""trend"",""trend-holo""],""unexpected_metric_columns"":[""avg"",""avg-holo""]},""source_files"":{""discovery_mapping_sha256"":""81b5c2edaebda0de843c7f6b13a9710e731d48fe3717881219ea5196d7e0335d"",""prices_path"":""/Users/facundogalmarini/Desktop/price_guide_6 (1).json"",""prices_sha256"":""86282c2015adc332db82ce65d162f6cc44dc0bb3208b8bfedd952268ffafa145"",""products_path"":""/Users/facundogalmarini/Desktop/products_singles_6 (1).json"",""products_sha256"":""318cdf83b38813443530bb4d14f770ed0c1225be9ad87ddebbbee00b097613b5""}}"
719573,23475,120,Staryu,base,"[""low"",""trend"",""avg1"",""avg7"",""avg30""]","[""low"",""trend"",""avg1"",""avg7"",""avg30""]",EXACT,AMBIGUOUS,False,,"[25396,25397]","[""normal"",""reverse_holo""]",multiple,multiple_physical_finish_candidates_without_family_specific_evidence,LOW,"Source fact: Price Guide exposes base columns ['low', 'trend', 'avg1', 'avg7', 'avg30']; source fact: canonical scope exposes compatible finishes ['normal', 'reverse_holo']. Inference withheld: no Cardmarket source field identifies this metric family with one finish.","{""canonical_source"":{""canonical_card_id"":23475,""canonical_number"":""120"",""status"":""EXACT""},""cardmarket_source"":{""idMetacard"":421199,""idProduct"":719573,""name"":""Staryu [Swift]""},""inference"":{""base_to_finish"":""not inferred"",""foil_to_finish"":""not inferred""},""physical_candidates"":[{""art_kind"":""unknown"",""card_id"":25396,""finish"":""normal"",""rarity"":""Common""},{""art_kind"":""unknown"",""card_id"":25397,""finish"":""reverse_holo"",""rarity"":""Common""}],""source_fields_audited"":{""all_expected_columns_present"":true,""base_columns"":[""low"",""trend"",""avg1"",""avg7"",""avg30""],""foil_columns"":[""low-holo"",""trend-holo"",""avg1-holo"",""avg7-holo"",""avg30-holo""],""observed_metric_columns"":[""avg1"",""avg1-holo"",""avg30"",""avg30-holo"",""avg7"",""avg7-holo"",""low"",""low-holo"",""trend"",""trend-holo""],""unexpected_metric_columns"":[""avg"",""avg-holo""]},""source_files"":{""discovery_mapping_sha256"":""81b5c2edaebda0de843c7f6b13a9710e731d48fe3717881219ea5196d7e0335d"",""prices_path"":""/Users/facundogalmarini/Desktop/price_guide_6 (1).json"",""prices_sha256"":""86282c2015adc332db82ce65d162f6cc44dc0bb3208b8bfedd952268ffafa145"",""products_path"":""/Users/facundogalmarini/Desktop/products_singles_6 (1).json"",""products_sha256"":""318cdf83b38813443530bb4d14f770ed0c1225be9ad87ddebbbee00b097613b5""}}"
719573,23475,120,Staryu,foil,"[""low-holo"",""trend-holo"",""avg1-holo"",""avg7-holo"",""avg30-holo""]","[""low-holo"",""trend-holo"",""avg1-holo"",""avg7-holo"",""avg30-holo""]",EXACT,AMBIGUOUS,False,,"[25396,25397]","[""normal"",""reverse_holo""]",multiple,multiple_physical_finish_candidates_without_family_specific_evidence,LOW,"Source fact: Price Guide exposes foil columns ['low-holo', 'trend-holo', 'avg1-holo', 'avg7-holo', 'avg30-holo']; source fact: canonical scope exposes compatible finishes ['normal', 'reverse_holo']. Inference withheld: no Cardmarket source field identifies this metric family with one finish.","{""canonical_source"":{""canonical_card_id"":23475,""canonical_number"":""120"",""status"":""EXACT""},""cardmarket_source"":{""idMetacard"":421199,""idProduct"":719573,""name"":""Staryu [Swift]""},""inference"":{""base_to_finish"":""not inferred"",""foil_to_finish"":""not inferred""},""physical_candidates"":[{""art_kind"":""unknown"",""card_id"":25396,""finish"":""normal"",""rarity"":""Common""},{""art_kind"":""unknown"",""card_id"":25397,""finish"":""reverse_holo"",""rarity"":""Common""}],""source_fields_audited"":{""all_expected_columns_present"":true,""base_columns"":[""low"",""trend"",""avg1"",""avg7"",""avg30""],""foil_columns"":[""low-holo"",""trend-holo"",""avg1-holo"",""avg7-holo"",""avg30-holo""],""observed_metric_columns"":[""avg1"",""avg1-holo"",""avg30"",""avg30-holo"",""avg7"",""avg7-holo"",""low"",""low-holo"",""trend"",""trend-holo""],""unexpected_metric_columns"":[""avg"",""avg-holo""]},""source_files"":{""discovery_mapping_sha256"":""81b5c2edaebda0de843c7f6b13a9710e731d48fe3717881219ea5196d7e0335d"",""prices_path"":""/Users/facundogalmarini/Desktop/price_guide_6 (1).json"",""prices_sha256"":""86282c2015adc332db82ce65d162f6cc44dc0bb3208b8bfedd952268ffafa145"",""products_path"":""/Users/facundogalmarini/Desktop/products_singles_6 (1).json"",""products_sha256"":""318cdf83b38813443530bb4d14f770ed0c1225be9ad87ddebbbee00b097613b5""}}"
719574,23476,121,Starmie,base,"[""low"",""trend"",""avg1"",""avg7"",""avg30""]","[""low"",""trend"",""avg1"",""avg7"",""avg30""]",EXACT,AMBIGUOUS,False,,"[25398,25399]","[""holo"",""reverse_holo""]",multiple,multiple_physical_finish_candidates_without_family_specific_evidence,LOW,"Source fact: Price Guide exposes base columns ['low', 'trend', 'avg1', 'avg7', 'avg30']; source fact: canonical scope exposes compatible finishes ['holo', 'reverse_holo']. Inference withheld: no Cardmarket source field identifies this metric family with one finish.","{""canonical_source"":{""canonical_card_id"":23476,""canonical_number"":""121"",""status"":""EXACT""},""cardmarket_source"":{""idMetacard"":421200,""idProduct"":719574,""name"":""Starmie [Mysterious Comet | Speed Attack]""},""inference"":{""base_to_finish"":""not inferred"",""foil_to_finish"":""not inferred""},""physical_candidates"":[{""art_kind"":""unknown"",""card_id"":25398,""finish"":""holo"",""rarity"":""Rare""},{""art_kind"":""unknown"",""card_id"":25399,""finish"":""reverse_holo"",""rarity"":""Rare""}],""source_fields_audited"":{""all_expected_columns_present"":true,""base_columns"":[""low"",""trend"",""avg1"",""avg7"",""avg30""],""foil_columns"":[""low-holo"",""trend-holo"",""avg1-holo"",""avg7-holo"",""avg30-holo""],""observed_metric_columns"":[""avg1"",""avg1-holo"",""avg30"",""avg30-holo"",""avg7"",""avg7-holo"",""low"",""low-holo"",""trend"",""trend-holo""],""unexpected_metric_columns"":[""avg"",""avg-holo""]},""source_files"":{""discovery_mapping_sha256"":""81b5c2edaebda0de843c7f6b13a9710e731d48fe3717881219ea5196d7e0335d"",""prices_path"":""/Users/facundogalmarini/Desktop/price_guide_6 (1).json"",""prices_sha256"":""86282c2015adc332db82ce65d162f6cc44dc0bb3208b8bfedd952268ffafa145"",""products_path"":""/Users/facundogalmarini/Desktop/products_singles_6 (1).json"",""products_sha256"":""318cdf83b38813443530bb4d14f770ed0c1225be9ad87ddebbbee00b097613b5""}}"
719574,23476,121,Starmie,foil,"[""low-holo"",""trend-holo"",""avg1-holo"",""avg7-holo"",""avg30-holo""]","[""low-holo"",""trend-holo"",""avg1-holo"",""avg7-holo"",""avg30-holo""]",EXACT,AMBIGUOUS,False,,"[25398,25399]","[""holo"",""reverse_holo""]",multiple,multiple_physical_finish_candidates_without_family_specific_evidence,LOW,"Source fact: Price Guide exposes foil columns ['low-holo', 'trend-holo', 'avg1-holo', 'avg7-holo', 'avg30-holo']; source fact: canonical scope exposes compatible finishes ['holo', 'reverse_holo']. Inference withheld: no Cardmarket source field identifies this metric family with one finish.","{""canonical_source"":{""canonical_card_id"":23476,""canonical_number"":""121"",""status"":""EXACT""},""cardmarket_source"":{""idMetacard"":421200,""idProduct"":719574,""name"":""Starmie [Mysterious Comet | Speed Attack]""},""inference"":{""base_to_finish"":""not inferred"",""foil_to_finish"":""not inferred""},""physical_candidates"":[{""art_kind"":""unknown"",""card_id"":25398,""finish"":""holo"",""rarity"":""Rare""},{""art_kind"":""unknown"",""card_id"":25399,""finish"":""reverse_holo"",""rarity"":""Rare""}],""source_fields_audited"":{""all_expected_columns_present"":true,""base_columns"":[""low"",""trend"",""avg1"",""avg7"",""avg30""],""foil_columns"":[""low-holo"",""trend-holo"",""avg1-holo"",""avg7-holo"",""avg30-holo""],""observed_metric_columns"":[""avg1"",""avg1-holo"",""avg30"",""avg30-holo"",""avg7"",""avg7-holo"",""low"",""low-holo"",""trend"",""trend-holo""],""unexpected_metric_columns"":[""avg"",""avg-holo""]},""source_files"":{""discovery_mapping_sha256"":""81b5c2edaebda0de843c7f6b13a9710e731d48fe3717881219ea5196d7e0335d"",""prices_path"":""/Users/facundogalmarini/Desktop/price_guide_6 (1).json"",""prices_sha256"":""86282c2015adc332db82ce65d162f6cc44dc0bb3208b8bfedd952268ffafa145"",""products_path"":""/Users/facundogalmarini/Desktop/products_singles_6 (1).json"",""products_sha256"":""318cdf83b38813443530bb4d14f770ed0c1225be9ad87ddebbbee00b097613b5""}}"
719576,23478,123,Scyther,base,"[""low"",""trend"",""avg1"",""avg7"",""avg30""]","[""low"",""trend"",""avg1"",""avg7"",""avg30""]",EXACT,AMBIGUOUS,False,,"[25402,25403]","[""normal"",""reverse_holo""]",multiple,multiple_physical_finish_candidates_without_family_specific_evidence,LOW,"Source fact: Price Guide exposes base columns ['low', 'trend', 'avg1', 'avg7', 'avg30']; source fact: canonical scope exposes compatible finishes ['normal', 'reverse_holo']. Inference withheld: no Cardmarket source field identifies this metric family with one finish.","{""canonical_source"":{""canonical_card_id"":23478,""canonical_number"":""123"",""status"":""EXACT""},""cardmarket_source"":{""idMetacard"":421202,""idProduct"":719576,""name"":""Scyther [Helpful Slash | Slicing Blade]""},""inference"":{""base_to_finish"":""not inferred"",""foil_to_finish"":""not inferred""},""physical_candidates"":[{""art_kind"":""unknown"",""card_id"":25402,""finish"":""normal"",""rarity"":""Uncommon""},{""art_kind"":""unknown"",""card_id"":25403,""finish"":""reverse_holo"",""rarity"":""Uncommon""}],""source_fields_audited"":{""all_expected_columns_present"":true,""base_columns"":[""low"",""trend"",""avg1"",""avg7"",""avg30""],""foil_columns"":[""low-holo"",""trend-holo"",""avg1-holo"",""avg7-holo"",""avg30-holo""],""observed_metric_columns"":[""avg1"",""avg1-holo"",""avg30"",""avg30-holo"",""avg7"",""avg7-holo"",""low"",""low-holo"",""trend"",""trend-holo""],""unexpected_metric_columns"":[""avg"",""avg-holo""]},""source_files"":{""discovery_mapping_sha256"":""81b5c2edaebda0de843c7f6b13a9710e731d48fe3717881219ea5196d7e0335d"",""prices_path"":""/Users/facundogalmarini/Desktop/price_guide_6 (1).json"",""prices_sha256"":""86282c2015adc332db82ce65d162f6cc44dc0bb3208b8bfedd952268ffafa145"",""products_path"":""/Users/facundogalmarini/Desktop/products_singles_6 (1).json"",""products_sha256"":""318cdf83b38813443530bb4d14f770ed0c1225be9ad87ddebbbee00b097613b5""}}"
719576,23478,123,Scyther,foil,"[""low-holo"",""trend-holo"",""avg1-holo"",""avg7-holo"",""avg30-holo""]","[""low-holo"",""trend-holo"",""avg1-holo"",""avg7-holo"",""avg30-holo""]",EXACT,AMBIGUOUS,False,,"[25402,25403]","[""normal"",""reverse_holo""]",multiple,multiple_physical_finish_candidates_without_family_specific_evidence,LOW,"Source fact: Price Guide exposes foil columns ['low-holo', 'trend-holo', 'avg1-holo', 'avg7-holo', 'avg30-holo']; source fact: canonical scope exposes compatible finishes ['normal', 'reverse_holo']. Inference withheld: no Cardmarket source field identifies this metric family with one finish.","{""canonical_source"":{""canonical_card_id"":23478,""canonical_number"":""123"",""status"":""EXACT""},""cardmarket_source"":{""idMetacard"":421202,""idProduct"":719576,""name"":""Scyther [Helpful Slash | Slicing Blade]""},""inference"":{""base_to_finish"":""not inferred"",""foil_to_finish"":""not inferred""},""physical_candidates"":[{""art_kind"":""unknown"",""card_id"":25402,""finish"":""normal"",""rarity"":""Uncommon""},{""art_kind"":""unknown"",""card_id"":25403,""finish"":""reverse_holo"",""rarity"":""Uncommon""}],""source_fields_audited"":{""all_expected_columns_present"":true,""base_columns"":[""low"",""trend"",""avg1"",""avg7"",""avg30""],""foil_columns"":[""low-holo"",""trend-holo"",""avg1-holo"",""avg7-holo"",""avg30-holo""],""observed_metric_columns"":[""avg1"",""avg1-holo"",""avg30"",""avg30-holo"",""avg7"",""avg7-holo"",""low"",""low-holo"",""trend"",""trend-holo""],""unexpected_metric_columns"":[""avg"",""avg-holo""]},""source_files"":{""discovery_mapping_sha256"":""81b5c2edaebda0de843c7f6b13a9710e731d48fe3717881219ea5196d7e0335d"",""prices_path"":""/Users/facundogalmarini/Desktop/price_guide_6 (1).json"",""prices_sha256"":""86282c2015adc332db82ce65d162f6cc44dc0bb3208b8bfedd952268ffafa145"",""products_path"":""/Users/facundogalmarini/Desktop/products_singles_6 (1).json"",""products_sha256"":""318cdf83b38813443530bb4d14f770ed0c1225be9ad87ddebbbee00b097613b5""}}"
719578,23480,125,Electabuzz,base,"[""low"",""trend"",""avg1"",""avg7"",""avg30""]","[""low"",""trend"",""avg1"",""avg7"",""avg30""]",EXACT,AMBIGUOUS,False,,"[25405,25406]","[""normal"",""reverse_holo""]",multiple,multiple_physical_finish_candidates_without_family_specific_evidence,LOW,"Source fact: Price Guide exposes base columns ['low', 'trend', 'avg1', 'avg7', 'avg30']; source fact: canonical scope exposes compatible finishes ['normal', 'reverse_holo']. Inference withheld: no Cardmarket source field identifies this metric family with one finish.","{""canonical_source"":{""canonical_card_id"":23480,""canonical_number"":""125"",""status"":""EXACT""},""cardmarket_source"":{""idMetacard"":421204,""idProduct"":719578,""name"":""Electabuzz [Electro Combo | Light Punch]""},""inference"":{""base_to_finish"":""not inferred"",""foil_to_finish"":""not inferred""},""physical_candidates"":[{""art_kind"":""unknown"",""card_id"":25405,""finish"":""normal"",""rarity"":""Common""},{""art_kind"":""unknown"",""card_id"":25406,""finish"":""reverse_holo"",""rarity"":""Common""}],""source_fields_audited"":{""all_expected_columns_present"":true,""base_columns"":[""low"",""trend"",""avg1"",""avg7"",""avg30""],""foil_columns"":[""low-holo"",""trend-holo"",""avg1-holo"",""avg7-holo"",""avg30-holo""],""observed_metric_columns"":[""avg1"",""avg1-holo"",""avg30"",""avg30-holo"",""avg7"",""avg7-holo"",""low"",""low-holo"",""trend"",""trend-holo""],""unexpected_metric_columns"":[""avg"",""avg-holo""]},""source_files"":{""discovery_mapping_sha256"":""81b5c2edaebda0de843c7f6b13a9710e731d48fe3717881219ea5196d7e0335d"",""prices_path"":""/Users/facundogalmarini/Desktop/price_guide_6 (1).json"",""prices_sha256"":""86282c2015adc332db82ce65d162f6cc44dc0bb3208b8bfedd952268ffafa145"",""products_path"":""/Users/facundogalmarini/Desktop/products_singles_6 (1).json"",""products_sha256"":""318cdf83b38813443530bb4d14f770ed0c1225be9ad87ddebbbee00b097613b5""}}"
719578,23480,125,Electabuzz,foil,"[""low-holo"",""trend-holo"",""avg1-holo"",""avg7-holo"",""avg30-holo""]","[""low-holo"",""trend-holo"",""avg1-holo"",""avg7-holo"",""avg30-holo""]",EXACT,AMBIGUOUS,False,,"[25405,25406]","[""normal"",""reverse_holo""]",multiple,multiple_physical_finish_candidates_without_family_specific_evidence,LOW,"Source fact: Price Guide exposes foil columns ['low-holo', 'trend-holo', 'avg1-holo', 'avg7-holo', 'avg30-holo']; source fact: canonical scope exposes compatible finishes ['normal', 'reverse_holo']. Inference withheld: no Cardmarket source field identifies this metric family with one finish.","{""canonical_source"":{""canonical_card_id"":23480,""canonical_number"":""125"",""status"":""EXACT""},""cardmarket_source"":{""idMetacard"":421204,""idProduct"":719578,""name"":""Electabuzz [Electro Combo | Light Punch]""},""inference"":{""base_to_finish"":""not inferred"",""foil_to_finish"":""not inferred""},""physical_candidates"":[{""art_kind"":""unknown"",""card_id"":25405,""finish"":""normal"",""rarity"":""Common""},{""art_kind"":""unknown"",""card_id"":25406,""finish"":""reverse_holo"",""rarity"":""Common""}],""source_fields_audited"":{""all_expected_columns_present"":true,""base_columns"":[""low"",""trend"",""avg1"",""avg7"",""avg30""],""foil_columns"":[""low-holo"",""trend-holo"",""avg1-holo"",""avg7-holo"",""avg30-holo""],""observed_metric_columns"":[""avg1"",""avg1-holo"",""avg30"",""avg30-holo"",""avg7"",""avg7-holo"",""low"",""low-holo"",""trend"",""trend-holo""],""unexpected_metric_columns"":[""avg"",""avg-holo""]},""source_files"":{""discovery_mapping_sha256"":""81b5c2edaebda0de843c7f6b13a9710e731d48fe3717881219ea5196d7e0335d"",""prices_path"":""/Users/facundogalmarini/Desktop/price_guide_6 (1).json"",""prices_sha256"":""86282c2015adc332db82ce65d162f6cc44dc0bb3208b8bfedd952268ffafa145"",""products_path"":""/Users/facundogalmarini/Desktop/products_singles_6 (1).json"",""products_sha256"":""318cdf83b38813443530bb4d14f770ed0c1225be9ad87ddebbbee00b097613b5""}}"
719579,23481,126,Magmar,base,"[""low"",""trend"",""avg1"",""avg7"",""avg30""]","[""low"",""trend"",""avg1"",""avg7"",""avg30""]",EXACT,AMBIGUOUS,False,,"[25407,25408]","[""normal"",""reverse_holo""]",multiple,multiple_physical_finish_candidates_without_family_specific_evidence,LOW,"Source fact: Price Guide exposes base columns ['low', 'trend', 'avg1', 'avg7', 'avg30']; source fact: canonical scope exposes compatible finishes ['normal', 'reverse_holo']. Inference withheld: no Cardmarket source field identifies this metric family with one finish.","{""canonical_source"":{""canonical_card_id"":23481,""canonical_number"":""126"",""status"":""EXACT""},""cardmarket_source"":{""idMetacard"":421205,""idProduct"":719579,""name"":""Magmar [Live Coal | Flare Combo]""},""inference"":{""base_to_finish"":""not inferred"",""foil_to_finish"":""not inferred""},""physical_candidates"":[{""art_kind"":""unknown"",""card_id"":25407,""finish"":""normal"",""rarity"":""Common""},{""art_kind"":""unknown"",""card_id"":25408,""finish"":""reverse_holo"",""rarity"":""Common""}],""source_fields_audited"":{""all_expected_columns_present"":true,""base_columns"":[""low"",""trend"",""avg1"",""avg7"",""avg30""],""foil_columns"":[""low-holo"",""trend-holo"",""avg1-holo"",""avg7-holo"",""avg30-holo""],""observed_metric_columns"":[""avg1"",""avg1-holo"",""avg30"",""avg30-holo"",""avg7"",""avg7-holo"",""low"",""low-holo"",""trend"",""trend-holo""],""unexpected_metric_columns"":[""avg"",""avg-holo""]},""source_files"":{""discovery_mapping_sha256"":""81b5c2edaebda0de843c7f6b13a9710e731d48fe3717881219ea5196d7e0335d"",""prices_path"":""/Users/facundogalmarini/Desktop/price_guide_6 (1).json"",""prices_sha256"":""86282c2015adc332db82ce65d162f6cc44dc0bb3208b8bfedd952268ffafa145"",""products_path"":""/Users/facundogalmarini/Desktop/products_singles_6 (1).json"",""products_sha256"":""318cdf83b38813443530bb4d14f770ed0c1225be9ad87ddebbbee00b097613b5""}}"
719579,23481,126,Magmar,foil,"[""low-holo"",""trend-holo"",""avg1-holo"",""avg7-holo"",""avg30-holo""]","[""low-holo"",""trend-holo"",""avg1-holo"",""avg7-holo"",""avg30-holo""]",EXACT,AMBIGUOUS,False,,"[25407,25408]","[""normal"",""reverse_holo""]",multiple,multiple_physical_finish_candidates_without_family_specific_evidence,LOW,"Source fact: Price Guide exposes foil columns ['low-holo', 'trend-holo', 'avg1-holo', 'avg7-holo', 'avg30-holo']; source fact: canonical scope exposes compatible finishes ['normal', 'reverse_holo']. Inference withheld: no Cardmarket source field identifies this metric family with one finish.","{""canonical_source"":{""canonical_card_id"":23481,""canonical_number"":""126"",""status"":""EXACT""},""cardmarket_source"":{""idMetacard"":421205,""idProduct"":719579,""name"":""Magmar [Live Coal | Flare Combo]""},""inference"":{""base_to_finish"":""not inferred"",""foil_to_finish"":""not inferred""},""physical_candidates"":[{""art_kind"":""unknown"",""card_id"":25407,""finish"":""normal"",""rarity"":""Common""},{""art_kind"":""unknown"",""card_id"":25408,""finish"":""reverse_holo"",""rarity"":""Common""}],""source_fields_audited"":{""all_expected_columns_present"":true,""base_columns"":[""low"",""trend"",""avg1"",""avg7"",""avg30""],""foil_columns"":[""low-holo"",""trend-holo"",""avg1-holo"",""avg7-holo"",""avg30-holo""],""observed_metric_columns"":[""avg1"",""avg1-holo"",""avg30"",""avg30-holo"",""avg7"",""avg7-holo"",""low"",""low-holo"",""trend"",""trend-holo""],""unexpected_metric_columns"":[""avg"",""avg-holo""]},""source_files"":{""discovery_mapping_sha256"":""81b5c2edaebda0de843c7f6b13a9710e731d48fe3717881219ea5196d7e0335d"",""prices_path"":""/Users/facundogalmarini/Desktop/price_guide_6 (1).json"",""prices_sha256"":""86282c2015adc332db82ce65d162f6cc44dc0bb3208b8bfedd952268ffafa145"",""products_path"":""/Users/facundogalmarini/Desktop/products_singles_6 (1).json"",""products_sha256"":""318cdf83b38813443530bb4d14f770ed0c1225be9ad87ddebbbee00b097613b5""}}"
719580,23482,127,Pinsir,base,"[""low"",""trend"",""avg1"",""avg7"",""avg30""]","[""low"",""trend"",""avg1"",""avg7"",""avg30""]",EXACT,AMBIGUOUS,False,,"[25409,25410]","[""normal"",""reverse_holo""]",multiple,multiple_physical_finish_candidates_without_family_specific_evidence,LOW,"Source fact: Price Guide exposes base columns ['low', 'trend', 'avg1', 'avg7', 'avg30']; source fact: canonical scope exposes compatible finishes ['normal', 'reverse_holo']. Inference withheld: no Cardmarket source field identifies this metric family with one finish.","{""canonical_source"":{""canonical_card_id"":23482,""canonical_number"":""127"",""status"":""EXACT""},""cardmarket_source"":{""idMetacard"":421206,""idProduct"":719580,""name"":""Pinsir [Vise Grip | Reckless Throw]""},""inference"":{""base_to_finish"":""not inferred"",""foil_to_finish"":""not inferred""},""physical_candidates"":[{""art_kind"":""unknown"",""card_id"":25409,""finish"":""normal"",""rarity"":""Uncommon""},{""art_kind"":""unknown"",""card_id"":25410,""finish"":""reverse_holo"",""rarity"":""Uncommon""}],""source_fields_audited"":{""all_expected_columns_present"":true,""base_columns"":[""low"",""trend"",""avg1"",""avg7"",""avg30""],""foil_columns"":[""low-holo"",""trend-holo"",""avg1-holo"",""avg7-holo"",""avg30-holo""],""observed_metric_columns"":[""avg1"",""avg1-holo"",""avg30"",""avg30-holo"",""avg7"",""avg7-holo"",""low"",""low-holo"",""trend"",""trend-holo""],""unexpected_metric_columns"":[""avg"",""avg-holo""]},""source_files"":{""discovery_mapping_sha256"":""81b5c2edaebda0de843c7f6b13a9710e731d48fe3717881219ea5196d7e0335d"",""prices_path"":""/Users/facundogalmarini/Desktop/price_guide_6 (1).json"",""prices_sha256"":""86282c2015adc332db82ce65d162f6cc44dc0bb3208b8bfedd952268ffafa145"",""products_path"":""/Users/facundogalmarini/Desktop/products_singles_6 (1).json"",""products_sha256"":""318cdf83b38813443530bb4d14f770ed0c1225be9ad87ddebbbee00b097613b5""}}"
719580,23482,127,Pinsir,foil,"[""low-holo"",""trend-holo"",""avg1-holo"",""avg7-holo"",""avg30-holo""]","[""low-holo"",""trend-holo"",""avg1-holo"",""avg7-holo"",""avg30-holo""]",EXACT,AMBIGUOUS,False,,"[25409,25410]","[""normal"",""reverse_holo""]",multiple,multiple_physical_finish_candidates_without_family_specific_evidence,LOW,"Source fact: Price Guide exposes foil columns ['low-holo', 'trend-holo', 'avg1-holo', 'avg7-holo', 'avg30-holo']; source fact: canonical scope exposes compatible finishes ['normal', 'reverse_holo']. Inference withheld: no Cardmarket source field identifies this metric family with one finish.","{""canonical_source"":{""canonical_card_id"":23482,""canonical_number"":""127"",""status"":""EXACT""},""cardmarket_source"":{""idMetacard"":421206,""idProduct"":719580,""name"":""Pinsir [Vise Grip | Reckless Throw]""},""inference"":{""base_to_finish"":""not inferred"",""foil_to_finish"":""not inferred""},""physical_candidates"":[{""art_kind"":""unknown"",""card_id"":25409,""finish"":""normal"",""rarity"":""Uncommon""},{""art_kind"":""unknown"",""card_id"":25410,""finish"":""reverse_holo"",""rarity"":""Uncommon""}],""source_fields_audited"":{""all_expected_columns_present"":true,""base_columns"":[""low"",""trend"",""avg1"",""avg7"",""avg30""],""foil_columns"":[""low-holo"",""trend-holo"",""avg1-holo"",""avg7-holo"",""avg30-holo""],""observed_metric_columns"":[""avg1"",""avg1-holo"",""avg30"",""avg30-holo"",""avg7"",""avg7-holo"",""low"",""low-holo"",""trend"",""trend-holo""],""unexpected_metric_columns"":[""avg"",""avg-holo""]},""source_files"":{""discovery_mapping_sha256"":""81b5c2edaebda0de843c7f6b13a9710e731d48fe3717881219ea5196d7e0335d"",""prices_path"":""/Users/facundogalmarini/Desktop/price_guide_6 (1).json"",""prices_sha256"":""86282c2015adc332db82ce65d162f6cc44dc0bb3208b8bfedd952268ffafa145"",""products_path"":""/Users/facundogalmarini/Desktop/products_singles_6 (1).json"",""products_sha256"":""318cdf83b38813443530bb4d14f770ed0c1225be9ad87ddebbbee00b097613b5""}}"
719581,23483,128,Tauros,base,"[""low"",""trend"",""avg1"",""avg7"",""avg30""]","[""low"",""trend"",""avg1"",""avg7"",""avg30""]",EXACT,AMBIGUOUS,False,,"[25411,25412]","[""normal"",""reverse_holo""]",multiple,multiple_physical_finish_candidates_without_family_specific_evidence,LOW,"Source fact: Price Guide exposes base columns ['low', 'trend', 'avg1', 'avg7', 'avg30']; source fact: canonical scope exposes compatible finishes ['normal', 'reverse_holo']. Inference withheld: no Cardmarket source field identifies this metric family with one finish.","{""canonical_source"":{""canonical_card_id"":23483,""canonical_number"":""128"",""status"":""EXACT""},""cardmarket_source"":{""idMetacard"":421207,""idProduct"":719581,""name"":""Tauros [Gather the Crew | Rage]""},""inference"":{""base_to_finish"":""not inferred"",""foil_to_finish"":""not inferred""},""physical_candidates"":[{""art_kind"":""unknown"",""card_id"":25411,""finish"":""normal"",""rarity"":""Uncommon""},{""art_kind"":""unknown"",""card_id"":25412,""finish"":""reverse_holo"",""rarity"":""Uncommon""}],""source_fields_audited"":{""all_expected_columns_present"":true,""base_columns"":[""low"",""trend"",""avg1"",""avg7"",""avg30""],""foil_columns"":[""low-holo"",""trend-holo"",""avg1-holo"",""avg7-holo"",""avg30-holo""],""observed_metric_columns"":[""avg1"",""avg1-holo"",""avg30"",""avg30-holo"",""avg7"",""avg7-holo"",""low"",""low-holo"",""trend"",""trend-holo""],""unexpected_metric_columns"":[""avg"",""avg-holo""]},""source_files"":{""discovery_mapping_sha256"":""81b5c2edaebda0de843c7f6b13a9710e731d48fe3717881219ea5196d7e0335d"",""prices_path"":""/Users/facundogalmarini/Desktop/price_guide_6 (1).json"",""prices_sha256"":""86282c2015adc332db82ce65d162f6cc44dc0bb3208b8bfedd952268ffafa145"",""products_path"":""/Users/facundogalmarini/Desktop/products_singles_6 (1).json"",""products_sha256"":""318cdf83b38813443530bb4d14f770ed0c1225be9ad87ddebbbee00b097613b5""}}"
719581,23483,128,Tauros,foil,"[""low-holo"",""trend-holo"",""avg1-holo"",""avg7-holo"",""avg30-holo""]","[""low-holo"",""trend-holo"",""avg1-holo"",""avg7-holo"",""avg30-holo""]",EXACT,AMBIGUOUS,False,,"[25411,25412]","[""normal"",""reverse_holo""]",multiple,multiple_physical_finish_candidates_without_family_specific_evidence,LOW,"Source fact: Price Guide exposes foil columns ['low-holo', 'trend-holo', 'avg1-holo', 'avg7-holo', 'avg30-holo']; source fact: canonical scope exposes compatible finishes ['normal', 'reverse_holo']. Inference withheld: no Cardmarket source field identifies this metric family with one finish.","{""canonical_source"":{""canonical_card_id"":23483,""canonical_number"":""128"",""status"":""EXACT""},""cardmarket_source"":{""idMetacard"":421207,""idProduct"":719581,""name"":""Tauros [Gather the Crew | Rage]""},""inference"":{""base_to_finish"":""not inferred"",""foil_to_finish"":""not inferred""},""physical_candidates"":[{""art_kind"":""unknown"",""card_id"":25411,""finish"":""normal"",""rarity"":""Uncommon""},{""art_kind"":""unknown"",""card_id"":25412,""finish"":""reverse_holo"",""rarity"":""Uncommon""}],""source_fields_audited"":{""all_expected_columns_present"":true,""base_columns"":[""low"",""trend"",""avg1"",""avg7"",""avg30""],""foil_columns"":[""low-holo"",""trend-holo"",""avg1-holo"",""avg7-holo"",""avg30-holo""],""observed_metric_columns"":[""avg1"",""avg1-holo"",""avg30"",""avg30-holo"",""avg7"",""avg7-holo"",""low"",""low-holo"",""trend"",""trend-holo""],""unexpected_metric_columns"":[""avg"",""avg-holo""]},""source_files"":{""discovery_mapping_sha256"":""81b5c2edaebda0de843c7f6b13a9710e731d48fe3717881219ea5196d7e0335d"",""prices_path"":""/Users/facundogalmarini/Desktop/price_guide_6 (1).json"",""prices_sha256"":""86282c2015adc332db82ce65d162f6cc44dc0bb3208b8bfedd952268ffafa145"",""products_path"":""/Users/facundogalmarini/Desktop/products_singles_6 (1).json"",""products_sha256"":""318cdf83b38813443530bb4d14f770ed0c1225be9ad87ddebbbee00b097613b5""}}"
719582,23484,129,Magikarp,base,"[""low"",""trend"",""avg1"",""avg7"",""avg30""]","[""low"",""trend"",""avg1"",""avg7"",""avg30""]",EXACT,AMBIGUOUS,False,,"[25413,25414]","[""normal"",""reverse_holo""]",multiple,multiple_physical_finish_candidates_without_family_specific_evidence,LOW,"Source fact: Price Guide exposes base columns ['low', 'trend', 'avg1', 'avg7', 'avg30']; source fact: canonical scope exposes compatible finishes ['normal', 'reverse_holo']. Inference withheld: no Cardmarket source field identifies this metric family with one finish.","{""canonical_source"":{""canonical_card_id"":23484,""canonical_number"":""129"",""status"":""EXACT""},""cardmarket_source"":{""idMetacard"":421208,""idProduct"":719582,""name"":""Magikarp [Splashy Splash]""},""inference"":{""base_to_finish"":""not inferred"",""foil_to_finish"":""not inferred""},""physical_candidates"":[{""art_kind"":""unknown"",""card_id"":25413,""finish"":""normal"",""rarity"":""Common""},{""art_kind"":""unknown"",""card_id"":25414,""finish"":""reverse_holo"",""rarity"":""Common""}],""source_fields_audited"":{""all_expected_columns_present"":true,""base_columns"":[""low"",""trend"",""avg1"",""avg7"",""avg30""],""foil_columns"":[""low-holo"",""trend-holo"",""avg1-holo"",""avg7-holo"",""avg30-holo""],""observed_metric_columns"":[""avg1"",""avg1-holo"",""avg30"",""avg30-holo"",""avg7"",""avg7-holo"",""low"",""low-holo"",""trend"",""trend-holo""],""unexpected_metric_columns"":[""avg"",""avg-holo""]},""source_files"":{""discovery_mapping_sha256"":""81b5c2edaebda0de843c7f6b13a9710e731d48fe3717881219ea5196d7e0335d"",""prices_path"":""/Users/facundogalmarini/Desktop/price_guide_6 (1).json"",""prices_sha256"":""86282c2015adc332db82ce65d162f6cc44dc0bb3208b8bfedd952268ffafa145"",""products_path"":""/Users/facundogalmarini/Desktop/products_singles_6 (1).json"",""products_sha256"":""318cdf83b38813443530bb4d14f770ed0c1225be9ad87ddebbbee00b097613b5""}}"
719582,23484,129,Magikarp,foil,"[""low-holo"",""trend-holo"",""avg1-holo"",""avg7-holo"",""avg30-holo""]","[""low-holo"",""trend-holo"",""avg1-holo"",""avg7-holo"",""avg30-holo""]",EXACT,AMBIGUOUS,False,,"[25413,25414]","[""normal"",""reverse_holo""]",multiple,multiple_physical_finish_candidates_without_family_specific_evidence,LOW,"Source fact: Price Guide exposes foil columns ['low-holo', 'trend-holo', 'avg1-holo', 'avg7-holo', 'avg30-holo']; source fact: canonical scope exposes compatible finishes ['normal', 'reverse_holo']. Inference withheld: no Cardmarket source field identifies this metric family with one finish.","{""canonical_source"":{""canonical_card_id"":23484,""canonical_number"":""129"",""status"":""EXACT""},""cardmarket_source"":{""idMetacard"":421208,""idProduct"":719582,""name"":""Magikarp [Splashy Splash]""},""inference"":{""base_to_finish"":""not inferred"",""foil_to_finish"":""not inferred""},""physical_candidates"":[{""art_kind"":""unknown"",""card_id"":25413,""finish"":""normal"",""rarity"":""Common""},{""art_kind"":""unknown"",""card_id"":25414,""finish"":""reverse_holo"",""rarity"":""Common""}],""source_fields_audited"":{""all_expected_columns_present"":true,""base_columns"":[""low"",""trend"",""avg1"",""avg7"",""avg30""],""foil_columns"":[""low-holo"",""trend-holo"",""avg1-holo"",""avg7-holo"",""avg30-holo""],""observed_metric_columns"":[""avg1"",""avg1-holo"",""avg30"",""avg30-holo"",""avg7"",""avg7-holo"",""low"",""low-holo"",""trend"",""trend-holo""],""unexpected_metric_columns"":[""avg"",""avg-holo""]},""source_files"":{""discovery_mapping_sha256"":""81b5c2edaebda0de843c7f6b13a9710e731d48fe3717881219ea5196d7e0335d"",""prices_path"":""/Users/facundogalmarini/Desktop/price_guide_6 (1).json"",""prices_sha256"":""86282c2015adc332db82ce65d162f6cc44dc0bb3208b8bfedd952268ffafa145"",""products_path"":""/Users/facundogalmarini/Desktop/products_singles_6 (1).json"",""products_sha256"":""318cdf83b38813443530bb4d14f770ed0c1225be9ad87ddebbbee00b097613b5""}}"
719583,23485,130,Gyarados,base,"[""low"",""trend"",""avg1"",""avg7"",""avg30""]","[""low"",""trend"",""avg1"",""avg7"",""avg30""]",EXACT,AMBIGUOUS,False,,"[25415,25416]","[""holo"",""reverse_holo""]",multiple,multiple_physical_finish_candidates_without_family_specific_evidence,LOW,"Source fact: Price Guide exposes base columns ['low', 'trend', 'avg1', 'avg7', 'avg30']; source fact: canonical scope exposes compatible finishes ['holo', 'reverse_holo']. Inference withheld: no Cardmarket source field identifies this metric family with one finish.","{""canonical_source"":{""canonical_card_id"":23485,""canonical_number"":""130"",""status"":""EXACT""},""cardmarket_source"":{""idMetacard"":421209,""idProduct"":719583,""name"":""Gyarados [Untamed One | Hyper Beam]""},""inference"":{""base_to_finish"":""not inferred"",""foil_to_finish"":""not inferred""},""physical_candidates"":[{""art_kind"":""unknown"",""card_id"":25415,""finish"":""holo"",""rarity"":""Rare""},{""art_kind"":""unknown"",""card_id"":25416,""finish"":""reverse_holo"",""rarity"":""Rare""}],""source_fields_audited"":{""all_expected_columns_present"":true,""base_columns"":[""low"",""trend"",""avg1"",""avg7"",""avg30""],""foil_columns"":[""low-holo"",""trend-holo"",""avg1-holo"",""avg7-holo"",""avg30-holo""],""observed_metric_columns"":[""avg1"",""avg1-holo"",""avg30"",""avg30-holo"",""avg7"",""avg7-holo"",""low"",""low-holo"",""trend"",""trend-holo""],""unexpected_metric_columns"":[""avg"",""avg-holo""]},""source_files"":{""discovery_mapping_sha256"":""81b5c2edaebda0de843c7f6b13a9710e731d48fe3717881219ea5196d7e0335d"",""prices_path"":""/Users/facundogalmarini/Desktop/price_guide_6 (1).json"",""prices_sha256"":""86282c2015adc332db82ce65d162f6cc44dc0bb3208b8bfedd952268ffafa145"",""products_path"":""/Users/facundogalmarini/Desktop/products_singles_6 (1).json"",""products_sha256"":""318cdf83b38813443530bb4d14f770ed0c1225be9ad87ddebbbee00b097613b5""}}"
719583,23485,130,Gyarados,foil,"[""low-holo"",""trend-holo"",""avg1-holo"",""avg7-holo"",""avg30-holo""]","[""low-holo"",""trend-holo"",""avg1-holo"",""avg7-holo"",""avg30-holo""]",EXACT,AMBIGUOUS,False,,"[25415,25416]","[""holo"",""reverse_holo""]",multiple,multiple_physical_finish_candidates_without_family_specific_evidence,LOW,"Source fact: Price Guide exposes foil columns ['low-holo', 'trend-holo', 'avg1-holo', 'avg7-holo', 'avg30-holo']; source fact: canonical scope exposes compatible finishes ['holo', 'reverse_holo']. Inference withheld: no Cardmarket source field identifies this metric family with one finish.","{""canonical_source"":{""canonical_card_id"":23485,""canonical_number"":""130"",""status"":""EXACT""},""cardmarket_source"":{""idMetacard"":421209,""idProduct"":719583,""name"":""Gyarados [Untamed One | Hyper Beam]""},""inference"":{""base_to_finish"":""not inferred"",""foil_to_finish"":""not inferred""},""physical_candidates"":[{""art_kind"":""unknown"",""card_id"":25415,""finish"":""holo"",""rarity"":""Rare""},{""art_kind"":""unknown"",""card_id"":25416,""finish"":""reverse_holo"",""rarity"":""Rare""}],""source_fields_audited"":{""all_expected_columns_present"":true,""base_columns"":[""low"",""trend"",""avg1"",""avg7"",""avg30""],""foil_columns"":[""low-holo"",""trend-holo"",""avg1-holo"",""avg7-holo"",""avg30-holo""],""observed_metric_columns"":[""avg1"",""avg1-holo"",""avg30"",""avg30-holo"",""avg7"",""avg7-holo"",""low"",""low-holo"",""trend"",""trend-holo""],""unexpected_metric_columns"":[""avg"",""avg-holo""]},""source_files"":{""discovery_mapping_sha256"":""81b5c2edaebda0de843c7f6b13a9710e731d48fe3717881219ea5196d7e0335d"",""prices_path"":""/Users/facundogalmarini/Desktop/price_guide_6 (1).json"",""prices_sha256"":""86282c2015adc332db82ce65d162f6cc44dc0bb3208b8bfedd952268ffafa145"",""products_path"":""/Users/facundogalmarini/Desktop/products_singles_6 (1).json"",""products_sha256"":""318cdf83b38813443530bb4d14f770ed0c1225be9ad87ddebbbee00b097613b5""}}"
719584,23486,131,Lapras,base,"[""low"",""trend"",""avg1"",""avg7"",""avg30""]","[""low"",""trend"",""avg1"",""avg7"",""avg30""]",EXACT,AMBIGUOUS,False,,"[25417,25418]","[""normal"",""reverse_holo""]",multiple,multiple_physical_finish_candidates_without_family_specific_evidence,LOW,"Source fact: Price Guide exposes base columns ['low', 'trend', 'avg1', 'avg7', 'avg30']; source fact: canonical scope exposes compatible finishes ['normal', 'reverse_holo']. Inference withheld: no Cardmarket source field identifies this metric family with one finish.","{""canonical_source"":{""canonical_card_id"":23486,""canonical_number"":""131"",""status"":""EXACT""},""cardmarket_source"":{""idMetacard"":421210,""idProduct"":719584,""name"":""Lapras [Hop on My Back | Aqua Edge]""},""inference"":{""base_to_finish"":""not inferred"",""foil_to_finish"":""not inferred""},""physical_candidates"":[{""art_kind"":""unknown"",""card_id"":25417,""finish"":""normal"",""rarity"":""Uncommon""},{""art_kind"":""unknown"",""card_id"":25418,""finish"":""reverse_holo"",""rarity"":""Uncommon""}],""source_fields_audited"":{""all_expected_columns_present"":true,""base_columns"":[""low"",""trend"",""avg1"",""avg7"",""avg30""],""foil_columns"":[""low-holo"",""trend-holo"",""avg1-holo"",""avg7-holo"",""avg30-holo""],""observed_metric_columns"":[""avg1"",""avg1-holo"",""avg30"",""avg30-holo"",""avg7"",""avg7-holo"",""low"",""low-holo"",""trend"",""trend-holo""],""unexpected_metric_columns"":[""avg"",""avg-holo""]},""source_files"":{""discovery_mapping_sha256"":""81b5c2edaebda0de843c7f6b13a9710e731d48fe3717881219ea5196d7e0335d"",""prices_path"":""/Users/facundogalmarini/Desktop/price_guide_6 (1).json"",""prices_sha256"":""86282c2015adc332db82ce65d162f6cc44dc0bb3208b8bfedd952268ffafa145"",""products_path"":""/Users/facundogalmarini/Desktop/products_singles_6 (1).json"",""products_sha256"":""318cdf83b38813443530bb4d14f770ed0c1225be9ad87ddebbbee00b097613b5""}}"
719584,23486,131,Lapras,foil,"[""low-holo"",""trend-holo"",""avg1-holo"",""avg7-holo"",""avg30-holo""]","[""low-holo"",""trend-holo"",""avg1-holo"",""avg7-holo"",""avg30-holo""]",EXACT,AMBIGUOUS,False,,"[25417,25418]","[""normal"",""reverse_holo""]",multiple,multiple_physical_finish_candidates_without_family_specific_evidence,LOW,"Source fact: Price Guide exposes foil columns ['low-holo', 'trend-holo', 'avg1-holo', 'avg7-holo', 'avg30-holo']; source fact: canonical scope exposes compatible finishes ['normal', 'reverse_holo']. Inference withheld: no Cardmarket source field identifies this metric family with one finish.","{""canonical_source"":{""canonical_card_id"":23486,""canonical_number"":""131"",""status"":""EXACT""},""cardmarket_source"":{""idMetacard"":421210,""idProduct"":719584,""name"":""Lapras [Hop on My Back | Aqua Edge]""},""inference"":{""base_to_finish"":""not inferred"",""foil_to_finish"":""not inferred""},""physical_candidates"":[{""art_kind"":""unknown"",""card_id"":25417,""finish"":""normal"",""rarity"":""Uncommon""},{""art_kind"":""unknown"",""card_id"":25418,""finish"":""reverse_holo"",""rarity"":""Uncommon""}],""source_fields_audited"":{""all_expected_columns_present"":true,""base_columns"":[""low"",""trend"",""avg1"",""avg7"",""avg30""],""foil_columns"":[""low-holo"",""trend-holo"",""avg1-holo"",""avg7-holo"",""avg30-holo""],""observed_metric_columns"":[""avg1"",""avg1-holo"",""avg30"",""avg30-holo"",""avg7"",""avg7-holo"",""low"",""low-holo"",""trend"",""trend-holo""],""unexpected_metric_columns"":[""avg"",""avg-holo""]},""source_files"":{""discovery_mapping_sha256"":""81b5c2edaebda0de843c7f6b13a9710e731d48fe3717881219ea5196d7e0335d"",""prices_path"":""/Users/facundogalmarini/Desktop/price_guide_6 (1).json"",""prices_sha256"":""86282c2015adc332db82ce65d162f6cc44dc0bb3208b8bfedd952268ffafa145"",""products_path"":""/Users/facundogalmarini/Desktop/products_singles_6 (1).json"",""products_sha256"":""318cdf83b38813443530bb4d14f770ed0c1225be9ad87ddebbbee00b097613b5""}}"
719585,23487,132,Ditto,base,"[""low"",""trend"",""avg1"",""avg7"",""avg30""]","[""low"",""trend"",""avg1"",""avg7"",""avg30""]",EXACT,AMBIGUOUS,False,,"[25419,25420]","[""holo"",""reverse_holo""]",multiple,multiple_physical_finish_candidates_without_family_specific_evidence,LOW,"Source fact: Price Guide exposes base columns ['low', 'trend', 'avg1', 'avg7', 'avg30']; source fact: canonical scope exposes compatible finishes ['holo', 'reverse_holo']. Inference withheld: no Cardmarket source field identifies this metric family with one finish.","{""canonical_source"":{""canonical_card_id"":23487,""canonical_number"":""132"",""status"":""EXACT""},""cardmarket_source"":{""idMetacard"":421211,""idProduct"":719585,""name"":""Ditto [Transformative Start | Splup]""},""inference"":{""base_to_finish"":""not inferred"",""foil_to_finish"":""not inferred""},""physical_candidates"":[{""art_kind"":""unknown"",""card_id"":25419,""finish"":""holo"",""rarity"":""Rare""},{""art_kind"":""unknown"",""card_id"":25420,""finish"":""reverse_holo"",""rarity"":""Rare""}],""source_fields_audited"":{""all_expected_columns_present"":true,""base_columns"":[""low"",""trend"",""avg1"",""avg7"",""avg30""],""foil_columns"":[""low-holo"",""trend-holo"",""avg1-holo"",""avg7-holo"",""avg30-holo""],""observed_metric_columns"":[""avg1"",""avg1-holo"",""avg30"",""avg30-holo"",""avg7"",""avg7-holo"",""low"",""low-holo"",""trend"",""trend-holo""],""unexpected_metric_columns"":[""avg"",""avg-holo""]},""source_files"":{""discovery_mapping_sha256"":""81b5c2edaebda0de843c7f6b13a9710e731d48fe3717881219ea5196d7e0335d"",""prices_path"":""/Users/facundogalmarini/Desktop/price_guide_6 (1).json"",""prices_sha256"":""86282c2015adc332db82ce65d162f6cc44dc0bb3208b8bfedd952268ffafa145"",""products_path"":""/Users/facundogalmarini/Desktop/products_singles_6 (1).json"",""products_sha256"":""318cdf83b38813443530bb4d14f770ed0c1225be9ad87ddebbbee00b097613b5""}}"
719585,23487,132,Ditto,foil,"[""low-holo"",""trend-holo"",""avg1-holo"",""avg7-holo"",""avg30-holo""]","[""low-holo"",""trend-holo"",""avg1-holo"",""avg7-holo"",""avg30-holo""]",EXACT,AMBIGUOUS,False,,"[25419,25420]","[""holo"",""reverse_holo""]",multiple,multiple_physical_finish_candidates_without_family_specific_evidence,LOW,"Source fact: Price Guide exposes foil columns ['low-holo', 'trend-holo', 'avg1-holo', 'avg7-holo', 'avg30-holo']; source fact: canonical scope exposes compatible finishes ['holo', 'reverse_holo']. Inference withheld: no Cardmarket source field identifies this metric family with one finish.","{""canonical_source"":{""canonical_card_id"":23487,""canonical_number"":""132"",""status"":""EXACT""},""cardmarket_source"":{""idMetacard"":421211,""idProduct"":719585,""name"":""Ditto [Transformative Start | Splup]""},""inference"":{""base_to_finish"":""not inferred"",""foil_to_finish"":""not inferred""},""physical_candidates"":[{""art_kind"":""unknown"",""card_id"":25419,""finish"":""holo"",""rarity"":""Rare""},{""art_kind"":""unknown"",""card_id"":25420,""finish"":""reverse_holo"",""rarity"":""Rare""}],""source_fields_audited"":{""all_expected_columns_present"":true,""base_columns"":[""low"",""trend"",""avg1"",""avg7"",""avg30""],""foil_columns"":[""low-holo"",""trend-holo"",""avg1-holo"",""avg7-holo"",""avg30-holo""],""observed_metric_columns"":[""avg1"",""avg1-holo"",""avg30"",""avg30-holo"",""avg7"",""avg7-holo"",""low"",""low-holo"",""trend"",""trend-holo""],""unexpected_metric_columns"":[""avg"",""avg-holo""]},""source_files"":{""discovery_mapping_sha256"":""81b5c2edaebda0de843c7f6b13a9710e731d48fe3717881219ea5196d7e0335d"",""prices_path"":""/Users/facundogalmarini/Desktop/price_guide_6 (1).json"",""prices_sha256"":""86282c2015adc332db82ce65d162f6cc44dc0bb3208b8bfedd952268ffafa145"",""products_path"":""/Users/facundogalmarini/Desktop/products_singles_6 (1).json"",""products_sha256"":""318cdf83b38813443530bb4d14f770ed0c1225be9ad87ddebbbee00b097613b5""}}"
719586,23488,133,Eevee,base,"[""low"",""trend"",""avg1"",""avg7"",""avg30""]","[""low"",""trend"",""avg1"",""avg7"",""avg30""]",EXACT,AMBIGUOUS,False,,"[25421,25422]","[""normal"",""reverse_holo""]",multiple,multiple_physical_finish_candidates_without_family_specific_evidence,LOW,"Source fact: Price Guide exposes base columns ['low', 'trend', 'avg1', 'avg7', 'avg30']; source fact: canonical scope exposes compatible finishes ['normal', 'reverse_holo']. Inference withheld: no Cardmarket source field identifies this metric family with one finish.","{""canonical_source"":{""canonical_card_id"":23488,""canonical_number"":""133"",""status"":""EXACT""},""cardmarket_source"":{""idMetacard"":421212,""idProduct"":719586,""name"":""Eevee [Colorful Friends | Skip]""},""inference"":{""base_to_finish"":""not inferred"",""foil_to_finish"":""not inferred""},""physical_candidates"":[{""art_kind"":""unknown"",""card_id"":25421,""finish"":""normal"",""rarity"":""Common""},{""art_kind"":""unknown"",""card_id"":25422,""finish"":""reverse_holo"",""rarity"":""Common""}],""source_fields_audited"":{""all_expected_columns_present"":true,""base_columns"":[""low"",""trend"",""avg1"",""avg7"",""avg30""],""foil_columns"":[""low-holo"",""trend-holo"",""avg1-holo"",""avg7-holo"",""avg30-holo""],""observed_metric_columns"":[""avg1"",""avg1-holo"",""avg30"",""avg30-holo"",""avg7"",""avg7-holo"",""low"",""low-holo"",""trend"",""trend-holo""],""unexpected_metric_columns"":[""avg"",""avg-holo""]},""source_files"":{""discovery_mapping_sha256"":""81b5c2edaebda0de843c7f6b13a9710e731d48fe3717881219ea5196d7e0335d"",""prices_path"":""/Users/facundogalmarini/Desktop/price_guide_6 (1).json"",""prices_sha256"":""86282c2015adc332db82ce65d162f6cc44dc0bb3208b8bfedd952268ffafa145"",""products_path"":""/Users/facundogalmarini/Desktop/products_singles_6 (1).json"",""products_sha256"":""318cdf83b38813443530bb4d14f770ed0c1225be9ad87ddebbbee00b097613b5""}}"
719586,23488,133,Eevee,foil,"[""low-holo"",""trend-holo"",""avg1-holo"",""avg7-holo"",""avg30-holo""]","[""low-holo"",""trend-holo"",""avg1-holo"",""avg7-holo"",""avg30-holo""]",EXACT,AMBIGUOUS,False,,"[25421,25422]","[""normal"",""reverse_holo""]",multiple,multiple_physical_finish_candidates_without_family_specific_evidence,LOW,"Source fact: Price Guide exposes foil columns ['low-holo', 'trend-holo', 'avg1-holo', 'avg7-holo', 'avg30-holo']; source fact: canonical scope exposes compatible finishes ['normal', 'reverse_holo']. Inference withheld: no Cardmarket source field identifies this metric family with one finish.","{""canonical_source"":{""canonical_card_id"":23488,""canonical_number"":""133"",""status"":""EXACT""},""cardmarket_source"":{""idMetacard"":421212,""idProduct"":719586,""name"":""Eevee [Colorful Friends | Skip]""},""inference"":{""base_to_finish"":""not inferred"",""foil_to_finish"":""not inferred""},""physical_candidates"":[{""art_kind"":""unknown"",""card_id"":25421,""finish"":""normal"",""rarity"":""Common""},{""art_kind"":""unknown"",""card_id"":25422,""finish"":""reverse_holo"",""rarity"":""Common""}],""source_fields_audited"":{""all_expected_columns_present"":true,""base_columns"":[""low"",""trend"",""avg1"",""avg7"",""avg30""],""foil_columns"":[""low-holo"",""trend-holo"",""avg1-holo"",""avg7-holo"",""avg30-holo""],""observed_metric_columns"":[""avg1"",""avg1-holo"",""avg30"",""avg30-holo"",""avg7"",""avg7-holo"",""low"",""low-holo"",""trend"",""trend-holo""],""unexpected_metric_columns"":[""avg"",""avg-holo""]},""source_files"":{""discovery_mapping_sha256"":""81b5c2edaebda0de843c7f6b13a9710e731d48fe3717881219ea5196d7e0335d"",""prices_path"":""/Users/facundogalmarini/Desktop/price_guide_6 (1).json"",""prices_sha256"":""86282c2015adc332db82ce65d162f6cc44dc0bb3208b8bfedd952268ffafa145"",""products_path"":""/Users/facundogalmarini/Desktop/products_singles_6 (1).json"",""products_sha256"":""318cdf83b38813443530bb4d14f770ed0c1225be9ad87ddebbbee00b097613b5""}}"
719587,23489,134,Vaporeon,base,"[""low"",""trend"",""avg1"",""avg7"",""avg30""]","[""low"",""trend"",""avg1"",""avg7"",""avg30""]",EXACT,AMBIGUOUS,False,,"[25423,25424]","[""holo"",""reverse_holo""]",multiple,multiple_physical_finish_candidates_without_family_specific_evidence,LOW,"Source fact: Price Guide exposes base columns ['low', 'trend', 'avg1', 'avg7', 'avg30']; source fact: canonical scope exposes compatible finishes ['holo', 'reverse_holo']. Inference withheld: no Cardmarket source field identifies this metric family with one finish.","{""canonical_source"":{""canonical_card_id"":23489,""canonical_number"":""134"",""status"":""EXACT""},""cardmarket_source"":{""idMetacard"":421213,""idProduct"":719587,""name"":""Vaporeon [Spiral Drain | Fighting Whirlpool]""},""inference"":{""base_to_finish"":""not inferred"",""foil_to_finish"":""not inferred""},""physical_candidates"":[{""art_kind"":""unknown"",""card_id"":25423,""finish"":""holo"",""rarity"":""Rare""},{""art_kind"":""unknown"",""card_id"":25424,""finish"":""reverse_holo"",""rarity"":""Rare""}],""source_fields_audited"":{""all_expected_columns_present"":true,""base_columns"":[""low"",""trend"",""avg1"",""avg7"",""avg30""],""foil_columns"":[""low-holo"",""trend-holo"",""avg1-holo"",""avg7-holo"",""avg30-holo""],""observed_metric_columns"":[""avg1"",""avg1-holo"",""avg30"",""avg30-holo"",""avg7"",""avg7-holo"",""low"",""low-holo"",""trend"",""trend-holo""],""unexpected_metric_columns"":[""avg"",""avg-holo""]},""source_files"":{""discovery_mapping_sha256"":""81b5c2edaebda0de843c7f6b13a9710e731d48fe3717881219ea5196d7e0335d"",""prices_path"":""/Users/facundogalmarini/Desktop/price_guide_6 (1).json"",""prices_sha256"":""86282c2015adc332db82ce65d162f6cc44dc0bb3208b8bfedd952268ffafa145"",""products_path"":""/Users/facundogalmarini/Desktop/products_singles_6 (1).json"",""products_sha256"":""318cdf83b38813443530bb4d14f770ed0c1225be9ad87ddebbbee00b097613b5""}}"
719587,23489,134,Vaporeon,foil,"[""low-holo"",""trend-holo"",""avg1-holo"",""avg7-holo"",""avg30-holo""]","[""low-holo"",""trend-holo"",""avg1-holo"",""avg7-holo"",""avg30-holo""]",EXACT,AMBIGUOUS,False,,"[25423,25424]","[""holo"",""reverse_holo""]",multiple,multiple_physical_finish_candidates_without_family_specific_evidence,LOW,"Source fact: Price Guide exposes foil columns ['low-holo', 'trend-holo', 'avg1-holo', 'avg7-holo', 'avg30-holo']; source fact: canonical scope exposes compatible finishes ['holo', 'reverse_holo']. Inference withheld: no Cardmarket source field identifies this metric family with one finish.","{""canonical_source"":{""canonical_card_id"":23489,""canonical_number"":""134"",""status"":""EXACT""},""cardmarket_source"":{""idMetacard"":421213,""idProduct"":719587,""name"":""Vaporeon [Spiral Drain | Fighting Whirlpool]""},""inference"":{""base_to_finish"":""not inferred"",""foil_to_finish"":""not inferred""},""physical_candidates"":[{""art_kind"":""unknown"",""card_id"":25423,""finish"":""holo"",""rarity"":""Rare""},{""art_kind"":""unknown"",""card_id"":25424,""finish"":""reverse_holo"",""rarity"":""Rare""}],""source_fields_audited"":{""all_expected_columns_present"":true,""base_columns"":[""low"",""trend"",""avg1"",""avg7"",""avg30""],""foil_columns"":[""low-holo"",""trend-holo"",""avg1-holo"",""avg7-holo"",""avg30-holo""],""observed_metric_columns"":[""avg1"",""avg1-holo"",""avg30"",""avg30-holo"",""avg7"",""avg7-holo"",""low"",""low-holo"",""trend"",""trend-holo""],""unexpected_metric_columns"":[""avg"",""avg-holo""]},""source_files"":{""discovery_mapping_sha256"":""81b5c2edaebda0de843c7f6b13a9710e731d48fe3717881219ea5196d7e0335d"",""prices_path"":""/Users/facundogalmarini/Desktop/price_guide_6 (1).json"",""prices_sha256"":""86282c2015adc332db82ce65d162f6cc44dc0bb3208b8bfedd952268ffafa145"",""products_path"":""/Users/facundogalmarini/Desktop/products_singles_6 (1).json"",""products_sha256"":""318cdf83b38813443530bb4d14f770ed0c1225be9ad87ddebbbee00b097613b5""}}"
719588,23490,135,Jolteon,base,"[""low"",""trend"",""avg1"",""avg7"",""avg30""]","[""low"",""trend"",""avg1"",""avg7"",""avg30""]",EXACT,AMBIGUOUS,False,,"[25425,25426]","[""holo"",""reverse_holo""]",multiple,multiple_physical_finish_candidates_without_family_specific_evidence,LOW,"Source fact: Price Guide exposes base columns ['low', 'trend', 'avg1', 'avg7', 'avg30']; source fact: canonical scope exposes compatible finishes ['holo', 'reverse_holo']. Inference withheld: no Cardmarket source field identifies this metric family with one finish.","{""canonical_source"":{""canonical_card_id"":23490,""canonical_number"":""135"",""status"":""EXACT""},""cardmarket_source"":{""idMetacard"":421214,""idProduct"":719588,""name"":""Jolteon [Linear Attack | Fighting Lightning]""},""inference"":{""base_to_finish"":""not inferred"",""foil_to_finish"":""not inferred""},""physical_candidates"":[{""art_kind"":""unknown"",""card_id"":25425,""finish"":""holo"",""rarity"":""Rare""},{""art_kind"":""unknown"",""card_id"":25426,""finish"":""reverse_holo"",""rarity"":""Rare""}],""source_fields_audited"":{""all_expected_columns_present"":true,""base_columns"":[""low"",""trend"",""avg1"",""avg7"",""avg30""],""foil_columns"":[""low-holo"",""trend-holo"",""avg1-holo"",""avg7-holo"",""avg30-holo""],""observed_metric_columns"":[""avg1"",""avg1-holo"",""avg30"",""avg30-holo"",""avg7"",""avg7-holo"",""low"",""low-holo"",""trend"",""trend-holo""],""unexpected_metric_columns"":[""avg"",""avg-holo""]},""source_files"":{""discovery_mapping_sha256"":""81b5c2edaebda0de843c7f6b13a9710e731d48fe3717881219ea5196d7e0335d"",""prices_path"":""/Users/facundogalmarini/Desktop/price_guide_6 (1).json"",""prices_sha256"":""86282c2015adc332db82ce65d162f6cc44dc0bb3208b8bfedd952268ffafa145"",""products_path"":""/Users/facundogalmarini/Desktop/products_singles_6 (1).json"",""products_sha256"":""318cdf83b38813443530bb4d14f770ed0c1225be9ad87ddebbbee00b097613b5""}}"
719588,23490,135,Jolteon,foil,"[""low-holo"",""trend-holo"",""avg1-holo"",""avg7-holo"",""avg30-holo""]","[""low-holo"",""trend-holo"",""avg1-holo"",""avg7-holo"",""avg30-holo""]",EXACT,AMBIGUOUS,False,,"[25425,25426]","[""holo"",""reverse_holo""]",multiple,multiple_physical_finish_candidates_without_family_specific_evidence,LOW,"Source fact: Price Guide exposes foil columns ['low-holo', 'trend-holo', 'avg1-holo', 'avg7-holo', 'avg30-holo']; source fact: canonical scope exposes compatible finishes ['holo', 'reverse_holo']. Inference withheld: no Cardmarket source field identifies this metric family with one finish.","{""canonical_source"":{""canonical_card_id"":23490,""canonical_number"":""135"",""status"":""EXACT""},""cardmarket_source"":{""idMetacard"":421214,""idProduct"":719588,""name"":""Jolteon [Linear Attack | Fighting Lightning]""},""inference"":{""base_to_finish"":""not inferred"",""foil_to_finish"":""not inferred""},""physical_candidates"":[{""art_kind"":""unknown"",""card_id"":25425,""finish"":""holo"",""rarity"":""Rare""},{""art_kind"":""unknown"",""card_id"":25426,""finish"":""reverse_holo"",""rarity"":""Rare""}],""source_fields_audited"":{""all_expected_columns_present"":true,""base_columns"":[""low"",""trend"",""avg1"",""avg7"",""avg30""],""foil_columns"":[""low-holo"",""trend-holo"",""avg1-holo"",""avg7-holo"",""avg30-holo""],""observed_metric_columns"":[""avg1"",""avg1-holo"",""avg30"",""avg30-holo"",""avg7"",""avg7-holo"",""low"",""low-holo"",""trend"",""trend-holo""],""unexpected_metric_columns"":[""avg"",""avg-holo""]},""source_files"":{""discovery_mapping_sha256"":""81b5c2edaebda0de843c7f6b13a9710e731d48fe3717881219ea5196d7e0335d"",""prices_path"":""/Users/facundogalmarini/Desktop/price_guide_6 (1).json"",""prices_sha256"":""86282c2015adc332db82ce65d162f6cc44dc0bb3208b8bfedd952268ffafa145"",""products_path"":""/Users/facundogalmarini/Desktop/products_singles_6 (1).json"",""products_sha256"":""318cdf83b38813443530bb4d14f770ed0c1225be9ad87ddebbbee00b097613b5""}}"
719589,23491,136,Flareon,base,"[""low"",""trend"",""avg1"",""avg7"",""avg30""]","[""low"",""trend"",""avg1"",""avg7"",""avg30""]",EXACT,AMBIGUOUS,False,,"[25427,25428]","[""holo"",""reverse_holo""]",multiple,multiple_physical_finish_candidates_without_family_specific_evidence,LOW,"Source fact: Price Guide exposes base columns ['low', 'trend', 'avg1', 'avg7', 'avg30']; source fact: canonical scope exposes compatible finishes ['holo', 'reverse_holo']. Inference withheld: no Cardmarket source field identifies this metric family with one finish.","{""canonical_source"":{""canonical_card_id"":23491,""canonical_number"":""136"",""status"":""EXACT""},""cardmarket_source"":{""idMetacard"":421215,""idProduct"":719589,""name"":""Flareon [Destructive Flame | Fighting Blaze]""},""inference"":{""base_to_finish"":""not inferred"",""foil_to_finish"":""not inferred""},""physical_candidates"":[{""art_kind"":""unknown"",""card_id"":25427,""finish"":""holo"",""rarity"":""Rare""},{""art_kind"":""unknown"",""card_id"":25428,""finish"":""reverse_holo"",""rarity"":""Rare""}],""source_fields_audited"":{""all_expected_columns_present"":true,""base_columns"":[""low"",""trend"",""avg1"",""avg7"",""avg30""],""foil_columns"":[""low-holo"",""trend-holo"",""avg1-holo"",""avg7-holo"",""avg30-holo""],""observed_metric_columns"":[""avg1"",""avg1-holo"",""avg30"",""avg30-holo"",""avg7"",""avg7-holo"",""low"",""low-holo"",""trend"",""trend-holo""],""unexpected_metric_columns"":[""avg"",""avg-holo""]},""source_files"":{""discovery_mapping_sha256"":""81b5c2edaebda0de843c7f6b13a9710e731d48fe3717881219ea5196d7e0335d"",""prices_path"":""/Users/facundogalmarini/Desktop/price_guide_6 (1).json"",""prices_sha256"":""86282c2015adc332db82ce65d162f6cc44dc0bb3208b8bfedd952268ffafa145"",""products_path"":""/Users/facundogalmarini/Desktop/products_singles_6 (1).json"",""products_sha256"":""318cdf83b38813443530bb4d14f770ed0c1225be9ad87ddebbbee00b097613b5""}}"
719589,23491,136,Flareon,foil,"[""low-holo"",""trend-holo"",""avg1-holo"",""avg7-holo"",""avg30-holo""]","[""low-holo"",""trend-holo"",""avg1-holo"",""avg7-holo"",""avg30-holo""]",EXACT,AMBIGUOUS,False,,"[25427,25428]","[""holo"",""reverse_holo""]",multiple,multiple_physical_finish_candidates_without_family_specific_evidence,LOW,"Source fact: Price Guide exposes foil columns ['low-holo', 'trend-holo', 'avg1-holo', 'avg7-holo', 'avg30-holo']; source fact: canonical scope exposes compatible finishes ['holo', 'reverse_holo']. Inference withheld: no Cardmarket source field identifies this metric family with one finish.","{""canonical_source"":{""canonical_card_id"":23491,""canonical_number"":""136"",""status"":""EXACT""},""cardmarket_source"":{""idMetacard"":421215,""idProduct"":719589,""name"":""Flareon [Destructive Flame | Fighting Blaze]""},""inference"":{""base_to_finish"":""not inferred"",""foil_to_finish"":""not inferred""},""physical_candidates"":[{""art_kind"":""unknown"",""card_id"":25427,""finish"":""holo"",""rarity"":""Rare""},{""art_kind"":""unknown"",""card_id"":25428,""finish"":""reverse_holo"",""rarity"":""Rare""}],""source_fields_audited"":{""all_expected_columns_present"":true,""base_columns"":[""low"",""trend"",""avg1"",""avg7"",""avg30""],""foil_columns"":[""low-holo"",""trend-holo"",""avg1-holo"",""avg7-holo"",""avg30-holo""],""observed_metric_columns"":[""avg1"",""avg1-holo"",""avg30"",""avg30-holo"",""avg7"",""avg7-holo"",""low"",""low-holo"",""trend"",""trend-holo""],""unexpected_metric_columns"":[""avg"",""avg-holo""]},""source_files"":{""discovery_mapping_sha256"":""81b5c2edaebda0de843c7f6b13a9710e731d48fe3717881219ea5196d7e0335d"",""prices_path"":""/Users/facundogalmarini/Desktop/price_guide_6 (1).json"",""prices_sha256"":""86282c2015adc332db82ce65d162f6cc44dc0bb3208b8bfedd952268ffafa145"",""products_path"":""/Users/facundogalmarini/Desktop/products_singles_6 (1).json"",""products_sha256"":""318cdf83b38813443530bb4d14f770ed0c1225be9ad87ddebbbee00b097613b5""}}"
719590,23492,137,Porygon,base,"[""low"",""trend"",""avg1"",""avg7"",""avg30""]","[""low"",""trend"",""avg1"",""avg7"",""avg30""]",EXACT,AMBIGUOUS,False,,"[25429,25430]","[""normal"",""reverse_holo""]",multiple,multiple_physical_finish_candidates_without_family_specific_evidence,LOW,"Source fact: Price Guide exposes base columns ['low', 'trend', 'avg1', 'avg7', 'avg30']; source fact: canonical scope exposes compatible finishes ['normal', 'reverse_holo']. Inference withheld: no Cardmarket source field identifies this metric family with one finish.","{""canonical_source"":{""canonical_card_id"":23492,""canonical_number"":""137"",""status"":""EXACT""},""cardmarket_source"":{""idMetacard"":421216,""idProduct"":719590,""name"":""Porygon [Conversion 4]""},""inference"":{""base_to_finish"":""not inferred"",""foil_to_finish"":""not inferred""},""physical_candidates"":[{""art_kind"":""unknown"",""card_id"":25429,""finish"":""normal"",""rarity"":""Common""},{""art_kind"":""unknown"",""card_id"":25430,""finish"":""reverse_holo"",""rarity"":""Common""}],""source_fields_audited"":{""all_expected_columns_present"":true,""base_columns"":[""low"",""trend"",""avg1"",""avg7"",""avg30""],""foil_columns"":[""low-holo"",""trend-holo"",""avg1-holo"",""avg7-holo"",""avg30-holo""],""observed_metric_columns"":[""avg1"",""avg1-holo"",""avg30"",""avg30-holo"",""avg7"",""avg7-holo"",""low"",""low-holo"",""trend"",""trend-holo""],""unexpected_metric_columns"":[""avg"",""avg-holo""]},""source_files"":{""discovery_mapping_sha256"":""81b5c2edaebda0de843c7f6b13a9710e731d48fe3717881219ea5196d7e0335d"",""prices_path"":""/Users/facundogalmarini/Desktop/price_guide_6 (1).json"",""prices_sha256"":""86282c2015adc332db82ce65d162f6cc44dc0bb3208b8bfedd952268ffafa145"",""products_path"":""/Users/facundogalmarini/Desktop/products_singles_6 (1).json"",""products_sha256"":""318cdf83b38813443530bb4d14f770ed0c1225be9ad87ddebbbee00b097613b5""}}"
719590,23492,137,Porygon,foil,"[""low-holo"",""trend-holo"",""avg1-holo"",""avg7-holo"",""avg30-holo""]","[""low-holo"",""trend-holo"",""avg1-holo"",""avg7-holo"",""avg30-holo""]",EXACT,AMBIGUOUS,False,,"[25429,25430]","[""normal"",""reverse_holo""]",multiple,multiple_physical_finish_candidates_without_family_specific_evidence,LOW,"Source fact: Price Guide exposes foil columns ['low-holo', 'trend-holo', 'avg1-holo', 'avg7-holo', 'avg30-holo']; source fact: canonical scope exposes compatible finishes ['normal', 'reverse_holo']. Inference withheld: no Cardmarket source field identifies this metric family with one finish.","{""canonical_source"":{""canonical_card_id"":23492,""canonical_number"":""137"",""status"":""EXACT""},""cardmarket_source"":{""idMetacard"":421216,""idProduct"":719590,""name"":""Porygon [Conversion 4]""},""inference"":{""base_to_finish"":""not inferred"",""foil_to_finish"":""not inferred""},""physical_candidates"":[{""art_kind"":""unknown"",""card_id"":25429,""finish"":""normal"",""rarity"":""Common""},{""art_kind"":""unknown"",""card_id"":25430,""finish"":""reverse_holo"",""rarity"":""Common""}],""source_fields_audited"":{""all_expected_columns_present"":true,""base_columns"":[""low"",""trend"",""avg1"",""avg7"",""avg30""],""foil_columns"":[""low-holo"",""trend-holo"",""avg1-holo"",""avg7-holo"",""avg30-holo""],""observed_metric_columns"":[""avg1"",""avg1-holo"",""avg30"",""avg30-holo"",""avg7"",""avg7-holo"",""low"",""low-holo"",""trend"",""trend-holo""],""unexpected_metric_columns"":[""avg"",""avg-holo""]},""source_files"":{""discovery_mapping_sha256"":""81b5c2edaebda0de843c7f6b13a9710e731d48fe3717881219ea5196d7e0335d"",""prices_path"":""/Users/facundogalmarini/Desktop/price_guide_6 (1).json"",""prices_sha256"":""86282c2015adc332db82ce65d162f6cc44dc0bb3208b8bfedd952268ffafa145"",""products_path"":""/Users/facundogalmarini/Desktop/products_singles_6 (1).json"",""products_sha256"":""318cdf83b38813443530bb4d14f770ed0c1225be9ad87ddebbbee00b097613b5""}}"
719592,23494,139,Omastar,base,"[""low"",""trend"",""avg1"",""avg7"",""avg30""]","[""low"",""trend"",""avg1"",""avg7"",""avg30""]",EXACT,AMBIGUOUS,False,,"[25433,25434]","[""holo"",""reverse_holo""]",multiple,multiple_physical_finish_candidates_without_family_specific_evidence,LOW,"Source fact: Price Guide exposes base columns ['low', 'trend', 'avg1', 'avg7', 'avg30']; source fact: canonical scope exposes compatible finishes ['holo', 'reverse_holo']. Inference withheld: no Cardmarket source field identifies this metric family with one finish.","{""canonical_source"":{""canonical_card_id"":23494,""canonical_number"":""139"",""status"":""EXACT""},""cardmarket_source"":{""idMetacard"":421218,""idProduct"":719592,""name"":""Omastar [Primordial Tentacles | Aqua Split]""},""inference"":{""base_to_finish"":""not inferred"",""foil_to_finish"":""not inferred""},""physical_candidates"":[{""art_kind"":""unknown"",""card_id"":25433,""finish"":""holo"",""rarity"":""Rare""},{""art_kind"":""unknown"",""card_id"":25434,""finish"":""reverse_holo"",""rarity"":""Rare""}],""source_fields_audited"":{""all_expected_columns_present"":true,""base_columns"":[""low"",""trend"",""avg1"",""avg7"",""avg30""],""foil_columns"":[""low-holo"",""trend-holo"",""avg1-holo"",""avg7-holo"",""avg30-holo""],""observed_metric_columns"":[""avg1"",""avg1-holo"",""avg30"",""avg30-holo"",""avg7"",""avg7-holo"",""low"",""low-holo"",""trend"",""trend-holo""],""unexpected_metric_columns"":[""avg"",""avg-holo""]},""source_files"":{""discovery_mapping_sha256"":""81b5c2edaebda0de843c7f6b13a9710e731d48fe3717881219ea5196d7e0335d"",""prices_path"":""/Users/facundogalmarini/Desktop/price_guide_6 (1).json"",""prices_sha256"":""86282c2015adc332db82ce65d162f6cc44dc0bb3208b8bfedd952268ffafa145"",""products_path"":""/Users/facundogalmarini/Desktop/products_singles_6 (1).json"",""products_sha256"":""318cdf83b38813443530bb4d14f770ed0c1225be9ad87ddebbbee00b097613b5""}}"
719592,23494,139,Omastar,foil,"[""low-holo"",""trend-holo"",""avg1-holo"",""avg7-holo"",""avg30-holo""]","[""low-holo"",""trend-holo"",""avg1-holo"",""avg7-holo"",""avg30-holo""]",EXACT,AMBIGUOUS,False,,"[25433,25434]","[""holo"",""reverse_holo""]",multiple,multiple_physical_finish_candidates_without_family_specific_evidence,LOW,"Source fact: Price Guide exposes foil columns ['low-holo', 'trend-holo', 'avg1-holo', 'avg7-holo', 'avg30-holo']; source fact: canonical scope exposes compatible finishes ['holo', 'reverse_holo']. Inference withheld: no Cardmarket source field identifies this metric family with one finish.","{""canonical_source"":{""canonical_card_id"":23494,""canonical_number"":""139"",""status"":""EXACT""},""cardmarket_source"":{""idMetacard"":421218,""idProduct"":719592,""name"":""Omastar [Primordial Tentacles | Aqua Split]""},""inference"":{""base_to_finish"":""not inferred"",""foil_to_finish"":""not inferred""},""physical_candidates"":[{""art_kind"":""unknown"",""card_id"":25433,""finish"":""holo"",""rarity"":""Rare""},{""art_kind"":""unknown"",""card_id"":25434,""finish"":""reverse_holo"",""rarity"":""Rare""}],""source_fields_audited"":{""all_expected_columns_present"":true,""base_columns"":[""low"",""trend"",""avg1"",""avg7"",""avg30""],""foil_columns"":[""low-holo"",""trend-holo"",""avg1-holo"",""avg7-holo"",""avg30-holo""],""observed_metric_columns"":[""avg1"",""avg1-holo"",""avg30"",""avg30-holo"",""avg7"",""avg7-holo"",""low"",""low-holo"",""trend"",""trend-holo""],""unexpected_metric_columns"":[""avg"",""avg-holo""]},""source_files"":{""discovery_mapping_sha256"":""81b5c2edaebda0de843c7f6b13a9710e731d48fe3717881219ea5196d7e0335d"",""prices_path"":""/Users/facundogalmarini/Desktop/price_guide_6 (1).json"",""prices_sha256"":""86282c2015adc332db82ce65d162f6cc44dc0bb3208b8bfedd952268ffafa145"",""products_path"":""/Users/facundogalmarini/Desktop/products_singles_6 (1).json"",""products_sha256"":""318cdf83b38813443530bb4d14f770ed0c1225be9ad87ddebbbee00b097613b5""}}"
719593,23495,140,Kabuto,base,"[""low"",""trend"",""avg1"",""avg7"",""avg30""]","[""low"",""trend"",""avg1"",""avg7"",""avg30""]",EXACT,AMBIGUOUS,False,,"[25435,25436]","[""normal"",""reverse_holo""]",multiple,multiple_physical_finish_candidates_without_family_specific_evidence,LOW,"Source fact: Price Guide exposes base columns ['low', 'trend', 'avg1', 'avg7', 'avg30']; source fact: canonical scope exposes compatible finishes ['normal', 'reverse_holo']. Inference withheld: no Cardmarket source field identifies this metric family with one finish.","{""canonical_source"":{""canonical_card_id"":23495,""canonical_number"":""140"",""status"":""EXACT""},""cardmarket_source"":{""idMetacard"":421219,""idProduct"":719593,""name"":""Kabuto [Double Scratch]""},""inference"":{""base_to_finish"":""not inferred"",""foil_to_finish"":""not inferred""},""physical_candidates"":[{""art_kind"":""unknown"",""card_id"":25435,""finish"":""normal"",""rarity"":""Uncommon""},{""art_kind"":""unknown"",""card_id"":25436,""finish"":""reverse_holo"",""rarity"":""Uncommon""}],""source_fields_audited"":{""all_expected_columns_present"":true,""base_columns"":[""low"",""trend"",""avg1"",""avg7"",""avg30""],""foil_columns"":[""low-holo"",""trend-holo"",""avg1-holo"",""avg7-holo"",""avg30-holo""],""observed_metric_columns"":[""avg1"",""avg1-holo"",""avg30"",""avg30-holo"",""avg7"",""avg7-holo"",""low"",""low-holo"",""trend"",""trend-holo""],""unexpected_metric_columns"":[""avg"",""avg-holo""]},""source_files"":{""discovery_mapping_sha256"":""81b5c2edaebda0de843c7f6b13a9710e731d48fe3717881219ea5196d7e0335d"",""prices_path"":""/Users/facundogalmarini/Desktop/price_guide_6 (1).json"",""prices_sha256"":""86282c2015adc332db82ce65d162f6cc44dc0bb3208b8bfedd952268ffafa145"",""products_path"":""/Users/facundogalmarini/Desktop/products_singles_6 (1).json"",""products_sha256"":""318cdf83b38813443530bb4d14f770ed0c1225be9ad87ddebbbee00b097613b5""}}"
719593,23495,140,Kabuto,foil,"[""low-holo"",""trend-holo"",""avg1-holo"",""avg7-holo"",""avg30-holo""]","[""low-holo"",""trend-holo"",""avg1-holo"",""avg7-holo"",""avg30-holo""]",EXACT,AMBIGUOUS,False,,"[25435,25436]","[""normal"",""reverse_holo""]",multiple,multiple_physical_finish_candidates_without_family_specific_evidence,LOW,"Source fact: Price Guide exposes foil columns ['low-holo', 'trend-holo', 'avg1-holo', 'avg7-holo', 'avg30-holo']; source fact: canonical scope exposes compatible finishes ['normal', 'reverse_holo']. Inference withheld: no Cardmarket source field identifies this metric family with one finish.","{""canonical_source"":{""canonical_card_id"":23495,""canonical_number"":""140"",""status"":""EXACT""},""cardmarket_source"":{""idMetacard"":421219,""idProduct"":719593,""name"":""Kabuto [Double Scratch]""},""inference"":{""base_to_finish"":""not inferred"",""foil_to_finish"":""not inferred""},""physical_candidates"":[{""art_kind"":""unknown"",""card_id"":25435,""finish"":""normal"",""rarity"":""Uncommon""},{""art_kind"":""unknown"",""card_id"":25436,""finish"":""reverse_holo"",""rarity"":""Uncommon""}],""source_fields_audited"":{""all_expected_columns_present"":true,""base_columns"":[""low"",""trend"",""avg1"",""avg7"",""avg30""],""foil_columns"":[""low-holo"",""trend-holo"",""avg1-holo"",""avg7-holo"",""avg30-holo""],""observed_metric_columns"":[""avg1"",""avg1-holo"",""avg30"",""avg30-holo"",""avg7"",""avg7-holo"",""low"",""low-holo"",""trend"",""trend-holo""],""unexpected_metric_columns"":[""avg"",""avg-holo""]},""source_files"":{""discovery_mapping_sha256"":""81b5c2edaebda0de843c7f6b13a9710e731d48fe3717881219ea5196d7e0335d"",""prices_path"":""/Users/facundogalmarini/Desktop/price_guide_6 (1).json"",""prices_sha256"":""86282c2015adc332db82ce65d162f6cc44dc0bb3208b8bfedd952268ffafa145"",""products_path"":""/Users/facundogalmarini/Desktop/products_singles_6 (1).json"",""products_sha256"":""318cdf83b38813443530bb4d14f770ed0c1225be9ad87ddebbbee00b097613b5""}}"
719594,23496,141,Kabutops,base,"[""low"",""trend"",""avg1"",""avg7"",""avg30""]","[""low"",""trend"",""avg1"",""avg7"",""avg30""]",EXACT,AMBIGUOUS,False,,"[25437,25438]","[""holo"",""reverse_holo""]",multiple,multiple_physical_finish_candidates_without_family_specific_evidence,LOW,"Source fact: Price Guide exposes base columns ['low', 'trend', 'avg1', 'avg7', 'avg30']; source fact: canonical scope exposes compatible finishes ['holo', 'reverse_holo']. Inference withheld: no Cardmarket source field identifies this metric family with one finish.","{""canonical_source"":{""canonical_card_id"":23496,""canonical_number"":""141"",""status"":""EXACT""},""cardmarket_source"":{""idMetacard"":421220,""idProduct"":719594,""name"":""Kabutops [Ancient Way | Draining Blade]""},""inference"":{""base_to_finish"":""not inferred"",""foil_to_finish"":""not inferred""},""physical_candidates"":[{""art_kind"":""unknown"",""card_id"":25437,""finish"":""holo"",""rarity"":""Rare""},{""art_kind"":""unknown"",""card_id"":25438,""finish"":""reverse_holo"",""rarity"":""Rare""}],""source_fields_audited"":{""all_expected_columns_present"":true,""base_columns"":[""low"",""trend"",""avg1"",""avg7"",""avg30""],""foil_columns"":[""low-holo"",""trend-holo"",""avg1-holo"",""avg7-holo"",""avg30-holo""],""observed_metric_columns"":[""avg1"",""avg1-holo"",""avg30"",""avg30-holo"",""avg7"",""avg7-holo"",""low"",""low-holo"",""trend"",""trend-holo""],""unexpected_metric_columns"":[""avg"",""avg-holo""]},""source_files"":{""discovery_mapping_sha256"":""81b5c2edaebda0de843c7f6b13a9710e731d48fe3717881219ea5196d7e0335d"",""prices_path"":""/Users/facundogalmarini/Desktop/price_guide_6 (1).json"",""prices_sha256"":""86282c2015adc332db82ce65d162f6cc44dc0bb3208b8bfedd952268ffafa145"",""products_path"":""/Users/facundogalmarini/Desktop/products_singles_6 (1).json"",""products_sha256"":""318cdf83b38813443530bb4d14f770ed0c1225be9ad87ddebbbee00b097613b5""}}"
719594,23496,141,Kabutops,foil,"[""low-holo"",""trend-holo"",""avg1-holo"",""avg7-holo"",""avg30-holo""]","[""low-holo"",""trend-holo"",""avg1-holo"",""avg7-holo"",""avg30-holo""]",EXACT,AMBIGUOUS,False,,"[25437,25438]","[""holo"",""reverse_holo""]",multiple,multiple_physical_finish_candidates_without_family_specific_evidence,LOW,"Source fact: Price Guide exposes foil columns ['low-holo', 'trend-holo', 'avg1-holo', 'avg7-holo', 'avg30-holo']; source fact: canonical scope exposes compatible finishes ['holo', 'reverse_holo']. Inference withheld: no Cardmarket source field identifies this metric family with one finish.","{""canonical_source"":{""canonical_card_id"":23496,""canonical_number"":""141"",""status"":""EXACT""},""cardmarket_source"":{""idMetacard"":421220,""idProduct"":719594,""name"":""Kabutops [Ancient Way | Draining Blade]""},""inference"":{""base_to_finish"":""not inferred"",""foil_to_finish"":""not inferred""},""physical_candidates"":[{""art_kind"":""unknown"",""card_id"":25437,""finish"":""holo"",""rarity"":""Rare""},{""art_kind"":""unknown"",""card_id"":25438,""finish"":""reverse_holo"",""rarity"":""Rare""}],""source_fields_audited"":{""all_expected_columns_present"":true,""base_columns"":[""low"",""trend"",""avg1"",""avg7"",""avg30""],""foil_columns"":[""low-holo"",""trend-holo"",""avg1-holo"",""avg7-holo"",""avg30-holo""],""observed_metric_columns"":[""avg1"",""avg1-holo"",""avg30"",""avg30-holo"",""avg7"",""avg7-holo"",""low"",""low-holo"",""trend"",""trend-holo""],""unexpected_metric_columns"":[""avg"",""avg-holo""]},""source_files"":{""discovery_mapping_sha256"":""81b5c2edaebda0de843c7f6b13a9710e731d48fe3717881219ea5196d7e0335d"",""prices_path"":""/Users/facundogalmarini/Desktop/price_guide_6 (1).json"",""prices_sha256"":""86282c2015adc332db82ce65d162f6cc44dc0bb3208b8bfedd952268ffafa145"",""products_path"":""/Users/facundogalmarini/Desktop/products_singles_6 (1).json"",""products_sha256"":""318cdf83b38813443530bb4d14f770ed0c1225be9ad87ddebbbee00b097613b5""}}"
719595,23497,142,Aerodactyl,base,"[""low"",""trend"",""avg1"",""avg7"",""avg30""]","[""low"",""trend"",""avg1"",""avg7"",""avg30""]",EXACT,AMBIGUOUS,False,,"[25439,25440]","[""holo"",""reverse_holo""]",multiple,multiple_physical_finish_candidates_without_family_specific_evidence,LOW,"Source fact: Price Guide exposes base columns ['low', 'trend', 'avg1', 'avg7', 'avg30']; source fact: canonical scope exposes compatible finishes ['holo', 'reverse_holo']. Inference withheld: no Cardmarket source field identifies this metric family with one finish.","{""canonical_source"":{""canonical_card_id"":23497,""canonical_number"":""142"",""status"":""EXACT""},""cardmarket_source"":{""idMetacard"":421221,""idProduct"":719595,""name"":""Aerodactyl [Glide | Devolution Ray]""},""inference"":{""base_to_finish"":""not inferred"",""foil_to_finish"":""not inferred""},""physical_candidates"":[{""art_kind"":""unknown"",""card_id"":25439,""finish"":""holo"",""rarity"":""Rare""},{""art_kind"":""unknown"",""card_id"":25440,""finish"":""reverse_holo"",""rarity"":""Rare""}],""source_fields_audited"":{""all_expected_columns_present"":true,""base_columns"":[""low"",""trend"",""avg1"",""avg7"",""avg30""],""foil_columns"":[""low-holo"",""trend-holo"",""avg1-holo"",""avg7-holo"",""avg30-holo""],""observed_metric_columns"":[""avg1"",""avg1-holo"",""avg30"",""avg30-holo"",""avg7"",""avg7-holo"",""low"",""low-holo"",""trend"",""trend-holo""],""unexpected_metric_columns"":[""avg"",""avg-holo""]},""source_files"":{""discovery_mapping_sha256"":""81b5c2edaebda0de843c7f6b13a9710e731d48fe3717881219ea5196d7e0335d"",""prices_path"":""/Users/facundogalmarini/Desktop/price_guide_6 (1).json"",""prices_sha256"":""86282c2015adc332db82ce65d162f6cc44dc0bb3208b8bfedd952268ffafa145"",""products_path"":""/Users/facundogalmarini/Desktop/products_singles_6 (1).json"",""products_sha256"":""318cdf83b38813443530bb4d14f770ed0c1225be9ad87ddebbbee00b097613b5""}}"
719595,23497,142,Aerodactyl,foil,"[""low-holo"",""trend-holo"",""avg1-holo"",""avg7-holo"",""avg30-holo""]","[""low-holo"",""trend-holo"",""avg1-holo"",""avg7-holo"",""avg30-holo""]",EXACT,AMBIGUOUS,False,,"[25439,25440]","[""holo"",""reverse_holo""]",multiple,multiple_physical_finish_candidates_without_family_specific_evidence,LOW,"Source fact: Price Guide exposes foil columns ['low-holo', 'trend-holo', 'avg1-holo', 'avg7-holo', 'avg30-holo']; source fact: canonical scope exposes compatible finishes ['holo', 'reverse_holo']. Inference withheld: no Cardmarket source field identifies this metric family with one finish.","{""canonical_source"":{""canonical_card_id"":23497,""canonical_number"":""142"",""status"":""EXACT""},""cardmarket_source"":{""idMetacard"":421221,""idProduct"":719595,""name"":""Aerodactyl [Glide | Devolution Ray]""},""inference"":{""base_to_finish"":""not inferred"",""foil_to_finish"":""not inferred""},""physical_candidates"":[{""art_kind"":""unknown"",""card_id"":25439,""finish"":""holo"",""rarity"":""Rare""},{""art_kind"":""unknown"",""card_id"":25440,""finish"":""reverse_holo"",""rarity"":""Rare""}],""source_fields_audited"":{""all_expected_columns_present"":true,""base_columns"":[""low"",""trend"",""avg1"",""avg7"",""avg30""],""foil_columns"":[""low-holo"",""trend-holo"",""avg1-holo"",""avg7-holo"",""avg30-holo""],""observed_metric_columns"":[""avg1"",""avg1-holo"",""avg30"",""avg30-holo"",""avg7"",""avg7-holo"",""low"",""low-holo"",""trend"",""trend-holo""],""unexpected_metric_columns"":[""avg"",""avg-holo""]},""source_files"":{""discovery_mapping_sha256"":""81b5c2edaebda0de843c7f6b13a9710e731d48fe3717881219ea5196d7e0335d"",""prices_path"":""/Users/facundogalmarini/Desktop/price_guide_6 (1).json"",""prices_sha256"":""86282c2015adc332db82ce65d162f6cc44dc0bb3208b8bfedd952268ffafa145"",""products_path"":""/Users/facundogalmarini/Desktop/products_singles_6 (1).json"",""products_sha256"":""318cdf83b38813443530bb4d14f770ed0c1225be9ad87ddebbbee00b097613b5""}}"
719596,23498,143,Snorlax,base,"[""low"",""trend"",""avg1"",""avg7"",""avg30""]","[""low"",""trend"",""avg1"",""avg7"",""avg30""]",EXACT,AMBIGUOUS,False,,"[25441,25442]","[""normal"",""reverse_holo""]",multiple,multiple_physical_finish_candidates_without_family_specific_evidence,LOW,"Source fact: Price Guide exposes base columns ['low', 'trend', 'avg1', 'avg7', 'avg30']; source fact: canonical scope exposes compatible finishes ['normal', 'reverse_holo']. Inference withheld: no Cardmarket source field identifies this metric family with one finish.","{""canonical_source"":{""canonical_card_id"":23498,""canonical_number"":""143"",""status"":""EXACT""},""cardmarket_source"":{""idMetacard"":421222,""idProduct"":719596,""name"":""Snorlax [Voraciousness | Thudding Press]""},""inference"":{""base_to_finish"":""not inferred"",""foil_to_finish"":""not inferred""},""physical_candidates"":[{""art_kind"":""unknown"",""card_id"":25441,""finish"":""normal"",""rarity"":""Uncommon""},{""art_kind"":""unknown"",""card_id"":25442,""finish"":""reverse_holo"",""rarity"":""Uncommon""}],""source_fields_audited"":{""all_expected_columns_present"":true,""base_columns"":[""low"",""trend"",""avg1"",""avg7"",""avg30""],""foil_columns"":[""low-holo"",""trend-holo"",""avg1-holo"",""avg7-holo"",""avg30-holo""],""observed_metric_columns"":[""avg1"",""avg1-holo"",""avg30"",""avg30-holo"",""avg7"",""avg7-holo"",""low"",""low-holo"",""trend"",""trend-holo""],""unexpected_metric_columns"":[""avg"",""avg-holo""]},""source_files"":{""discovery_mapping_sha256"":""81b5c2edaebda0de843c7f6b13a9710e731d48fe3717881219ea5196d7e0335d"",""prices_path"":""/Users/facundogalmarini/Desktop/price_guide_6 (1).json"",""prices_sha256"":""86282c2015adc332db82ce65d162f6cc44dc0bb3208b8bfedd952268ffafa145"",""products_path"":""/Users/facundogalmarini/Desktop/products_singles_6 (1).json"",""products_sha256"":""318cdf83b38813443530bb4d14f770ed0c1225be9ad87ddebbbee00b097613b5""}}"
719596,23498,143,Snorlax,foil,"[""low-holo"",""trend-holo"",""avg1-holo"",""avg7-holo"",""avg30-holo""]","[""low-holo"",""trend-holo"",""avg1-holo"",""avg7-holo"",""avg30-holo""]",EXACT,AMBIGUOUS,False,,"[25441,25442]","[""normal"",""reverse_holo""]",multiple,multiple_physical_finish_candidates_without_family_specific_evidence,LOW,"Source fact: Price Guide exposes foil columns ['low-holo', 'trend-holo', 'avg1-holo', 'avg7-holo', 'avg30-holo']; source fact: canonical scope exposes compatible finishes ['normal', 'reverse_holo']. Inference withheld: no Cardmarket source field identifies this metric family with one finish.","{""canonical_source"":{""canonical_card_id"":23498,""canonical_number"":""143"",""status"":""EXACT""},""cardmarket_source"":{""idMetacard"":421222,""idProduct"":719596,""name"":""Snorlax [Voraciousness | Thudding Press]""},""inference"":{""base_to_finish"":""not inferred"",""foil_to_finish"":""not inferred""},""physical_candidates"":[{""art_kind"":""unknown"",""card_id"":25441,""finish"":""normal"",""rarity"":""Uncommon""},{""art_kind"":""unknown"",""card_id"":25442,""finish"":""reverse_holo"",""rarity"":""Uncommon""}],""source_fields_audited"":{""all_expected_columns_present"":true,""base_columns"":[""low"",""trend"",""avg1"",""avg7"",""avg30""],""foil_columns"":[""low-holo"",""trend-holo"",""avg1-holo"",""avg7-holo"",""avg30-holo""],""observed_metric_columns"":[""avg1"",""avg1-holo"",""avg30"",""avg30-holo"",""avg7"",""avg7-holo"",""low"",""low-holo"",""trend"",""trend-holo""],""unexpected_metric_columns"":[""avg"",""avg-holo""]},""source_files"":{""discovery_mapping_sha256"":""81b5c2edaebda0de843c7f6b13a9710e731d48fe3717881219ea5196d7e0335d"",""prices_path"":""/Users/facundogalmarini/Desktop/price_guide_6 (1).json"",""prices_sha256"":""86282c2015adc332db82ce65d162f6cc44dc0bb3208b8bfedd952268ffafa145"",""products_path"":""/Users/facundogalmarini/Desktop/products_singles_6 (1).json"",""products_sha256"":""318cdf83b38813443530bb4d14f770ed0c1225be9ad87ddebbbee00b097613b5""}}"
719597,23499,144,Articuno,base,"[""low"",""trend"",""avg1"",""avg7"",""avg30""]","[""low"",""trend"",""avg1"",""avg7"",""avg30""]",EXACT,AMBIGUOUS,False,,"[25443,25444]","[""holo"",""reverse_holo""]",multiple,multiple_physical_finish_candidates_without_family_specific_evidence,LOW,"Source fact: Price Guide exposes base columns ['low', 'trend', 'avg1', 'avg7', 'avg30']; source fact: canonical scope exposes compatible finishes ['holo', 'reverse_holo']. Inference withheld: no Cardmarket source field identifies this metric family with one finish.","{""canonical_source"":{""canonical_card_id"":23499,""canonical_number"":""144"",""status"":""EXACT""},""cardmarket_source"":{""idMetacard"":421223,""idProduct"":719597,""name"":""Articuno [Ice Float | Blizzard]""},""inference"":{""base_to_finish"":""not inferred"",""foil_to_finish"":""not inferred""},""physical_candidates"":[{""art_kind"":""unknown"",""card_id"":25443,""finish"":""holo"",""rarity"":""Rare""},{""art_kind"":""unknown"",""card_id"":25444,""finish"":""reverse_holo"",""rarity"":""Rare""}],""source_fields_audited"":{""all_expected_columns_present"":true,""base_columns"":[""low"",""trend"",""avg1"",""avg7"",""avg30""],""foil_columns"":[""low-holo"",""trend-holo"",""avg1-holo"",""avg7-holo"",""avg30-holo""],""observed_metric_columns"":[""avg1"",""avg1-holo"",""avg30"",""avg30-holo"",""avg7"",""avg7-holo"",""low"",""low-holo"",""trend"",""trend-holo""],""unexpected_metric_columns"":[""avg"",""avg-holo""]},""source_files"":{""discovery_mapping_sha256"":""81b5c2edaebda0de843c7f6b13a9710e731d48fe3717881219ea5196d7e0335d"",""prices_path"":""/Users/facundogalmarini/Desktop/price_guide_6 (1).json"",""prices_sha256"":""86282c2015adc332db82ce65d162f6cc44dc0bb3208b8bfedd952268ffafa145"",""products_path"":""/Users/facundogalmarini/Desktop/products_singles_6 (1).json"",""products_sha256"":""318cdf83b38813443530bb4d14f770ed0c1225be9ad87ddebbbee00b097613b5""}}"
719597,23499,144,Articuno,foil,"[""low-holo"",""trend-holo"",""avg1-holo"",""avg7-holo"",""avg30-holo""]","[""low-holo"",""trend-holo"",""avg1-holo"",""avg7-holo"",""avg30-holo""]",EXACT,AMBIGUOUS,False,,"[25443,25444]","[""holo"",""reverse_holo""]",multiple,multiple_physical_finish_candidates_without_family_specific_evidence,LOW,"Source fact: Price Guide exposes foil columns ['low-holo', 'trend-holo', 'avg1-holo', 'avg7-holo', 'avg30-holo']; source fact: canonical scope exposes compatible finishes ['holo', 'reverse_holo']. Inference withheld: no Cardmarket source field identifies this metric family with one finish.","{""canonical_source"":{""canonical_card_id"":23499,""canonical_number"":""144"",""status"":""EXACT""},""cardmarket_source"":{""idMetacard"":421223,""idProduct"":719597,""name"":""Articuno [Ice Float | Blizzard]""},""inference"":{""base_to_finish"":""not inferred"",""foil_to_finish"":""not inferred""},""physical_candidates"":[{""art_kind"":""unknown"",""card_id"":25443,""finish"":""holo"",""rarity"":""Rare""},{""art_kind"":""unknown"",""card_id"":25444,""finish"":""reverse_holo"",""rarity"":""Rare""}],""source_fields_audited"":{""all_expected_columns_present"":true,""base_columns"":[""low"",""trend"",""avg1"",""avg7"",""avg30""],""foil_columns"":[""low-holo"",""trend-holo"",""avg1-holo"",""avg7-holo"",""avg30-holo""],""observed_metric_columns"":[""avg1"",""avg1-holo"",""avg30"",""avg30-holo"",""avg7"",""avg7-holo"",""low"",""low-holo"",""trend"",""trend-holo""],""unexpected_metric_columns"":[""avg"",""avg-holo""]},""source_files"":{""discovery_mapping_sha256"":""81b5c2edaebda0de843c7f6b13a9710e731d48fe3717881219ea5196d7e0335d"",""prices_path"":""/Users/facundogalmarini/Desktop/price_guide_6 (1).json"",""prices_sha256"":""86282c2015adc332db82ce65d162f6cc44dc0bb3208b8bfedd952268ffafa145"",""products_path"":""/Users/facundogalmarini/Desktop/products_singles_6 (1).json"",""products_sha256"":""318cdf83b38813443530bb4d14f770ed0c1225be9ad87ddebbbee00b097613b5""}}"
719599,23501,146,Moltres,base,"[""low"",""trend"",""avg1"",""avg7"",""avg30""]","[""low"",""trend"",""avg1"",""avg7"",""avg30""]",EXACT,AMBIGUOUS,False,,"[25446,25447]","[""holo"",""reverse_holo""]",multiple,multiple_physical_finish_candidates_without_family_specific_evidence,LOW,"Source fact: Price Guide exposes base columns ['low', 'trend', 'avg1', 'avg7', 'avg30']; source fact: canonical scope exposes compatible finishes ['holo', 'reverse_holo']. Inference withheld: no Cardmarket source field identifies this metric family with one finish.","{""canonical_source"":{""canonical_card_id"":23501,""canonical_number"":""146"",""status"":""EXACT""},""cardmarket_source"":{""idMetacard"":421225,""idProduct"":719599,""name"":""Moltres [Flare Float | Blazing Flight]""},""inference"":{""base_to_finish"":""not inferred"",""foil_to_finish"":""not inferred""},""physical_candidates"":[{""art_kind"":""unknown"",""card_id"":25446,""finish"":""holo"",""rarity"":""Rare""},{""art_kind"":""unknown"",""card_id"":25447,""finish"":""reverse_holo"",""rarity"":""Rare""}],""source_fields_audited"":{""all_expected_columns_present"":true,""base_columns"":[""low"",""trend"",""avg1"",""avg7"",""avg30""],""foil_columns"":[""low-holo"",""trend-holo"",""avg1-holo"",""avg7-holo"",""avg30-holo""],""observed_metric_columns"":[""avg1"",""avg1-holo"",""avg30"",""avg30-holo"",""avg7"",""avg7-holo"",""low"",""low-holo"",""trend"",""trend-holo""],""unexpected_metric_columns"":[""avg"",""avg-holo""]},""source_files"":{""discovery_mapping_sha256"":""81b5c2edaebda0de843c7f6b13a9710e731d48fe3717881219ea5196d7e0335d"",""prices_path"":""/Users/facundogalmarini/Desktop/price_guide_6 (1).json"",""prices_sha256"":""86282c2015adc332db82ce65d162f6cc44dc0bb3208b8bfedd952268ffafa145"",""products_path"":""/Users/facundogalmarini/Desktop/products_singles_6 (1).json"",""products_sha256"":""318cdf83b38813443530bb4d14f770ed0c1225be9ad87ddebbbee00b097613b5""}}"
719599,23501,146,Moltres,foil,"[""low-holo"",""trend-holo"",""avg1-holo"",""avg7-holo"",""avg30-holo""]","[""low-holo"",""trend-holo"",""avg1-holo"",""avg7-holo"",""avg30-holo""]",EXACT,AMBIGUOUS,False,,"[25446,25447]","[""holo"",""reverse_holo""]",multiple,multiple_physical_finish_candidates_without_family_specific_evidence,LOW,"Source fact: Price Guide exposes foil columns ['low-holo', 'trend-holo', 'avg1-holo', 'avg7-holo', 'avg30-holo']; source fact: canonical scope exposes compatible finishes ['holo', 'reverse_holo']. Inference withheld: no Cardmarket source field identifies this metric family with one finish.","{""canonical_source"":{""canonical_card_id"":23501,""canonical_number"":""146"",""status"":""EXACT""},""cardmarket_source"":{""idMetacard"":421225,""idProduct"":719599,""name"":""Moltres [Flare Float | Blazing Flight]""},""inference"":{""base_to_finish"":""not inferred"",""foil_to_finish"":""not inferred""},""physical_candidates"":[{""art_kind"":""unknown"",""card_id"":25446,""finish"":""holo"",""rarity"":""Rare""},{""art_kind"":""unknown"",""card_id"":25447,""finish"":""reverse_holo"",""rarity"":""Rare""}],""source_fields_audited"":{""all_expected_columns_present"":true,""base_columns"":[""low"",""trend"",""avg1"",""avg7"",""avg30""],""foil_columns"":[""low-holo"",""trend-holo"",""avg1-holo"",""avg7-holo"",""avg30-holo""],""observed_metric_columns"":[""avg1"",""avg1-holo"",""avg30"",""avg30-holo"",""avg7"",""avg7-holo"",""low"",""low-holo"",""trend"",""trend-holo""],""unexpected_metric_columns"":[""avg"",""avg-holo""]},""source_files"":{""discovery_mapping_sha256"":""81b5c2edaebda0de843c7f6b13a9710e731d48fe3717881219ea5196d7e0335d"",""prices_path"":""/Users/facundogalmarini/Desktop/price_guide_6 (1).json"",""prices_sha256"":""86282c2015adc332db82ce65d162f6cc44dc0bb3208b8bfedd952268ffafa145"",""products_path"":""/Users/facundogalmarini/Desktop/products_singles_6 (1).json"",""products_sha256"":""318cdf83b38813443530bb4d14f770ed0c1225be9ad87ddebbbee00b097613b5""}}"
719600,23502,147,Dratini,base,"[""low"",""trend"",""avg1"",""avg7"",""avg30""]","[""low"",""trend"",""avg1"",""avg7"",""avg30""]",EXACT,AMBIGUOUS,False,,"[25448,25449]","[""normal"",""reverse_holo""]",multiple,multiple_physical_finish_candidates_without_family_specific_evidence,LOW,"Source fact: Price Guide exposes base columns ['low', 'trend', 'avg1', 'avg7', 'avg30']; source fact: canonical scope exposes compatible finishes ['normal', 'reverse_holo']. Inference withheld: no Cardmarket source field identifies this metric family with one finish.","{""canonical_source"":{""canonical_card_id"":23502,""canonical_number"":""147"",""status"":""EXACT""},""cardmarket_source"":{""idMetacard"":421226,""idProduct"":719600,""name"":""Dratini [Beat | Draconic Whip]""},""inference"":{""base_to_finish"":""not inferred"",""foil_to_finish"":""not inferred""},""physical_candidates"":[{""art_kind"":""unknown"",""card_id"":25448,""finish"":""normal"",""rarity"":""Common""},{""art_kind"":""unknown"",""card_id"":25449,""finish"":""reverse_holo"",""rarity"":""Common""}],""source_fields_audited"":{""all_expected_columns_present"":true,""base_columns"":[""low"",""trend"",""avg1"",""avg7"",""avg30""],""foil_columns"":[""low-holo"",""trend-holo"",""avg1-holo"",""avg7-holo"",""avg30-holo""],""observed_metric_columns"":[""avg1"",""avg1-holo"",""avg30"",""avg30-holo"",""avg7"",""avg7-holo"",""low"",""low-holo"",""trend"",""trend-holo""],""unexpected_metric_columns"":[""avg"",""avg-holo""]},""source_files"":{""discovery_mapping_sha256"":""81b5c2edaebda0de843c7f6b13a9710e731d48fe3717881219ea5196d7e0335d"",""prices_path"":""/Users/facundogalmarini/Desktop/price_guide_6 (1).json"",""prices_sha256"":""86282c2015adc332db82ce65d162f6cc44dc0bb3208b8bfedd952268ffafa145"",""products_path"":""/Users/facundogalmarini/Desktop/products_singles_6 (1).json"",""products_sha256"":""318cdf83b38813443530bb4d14f770ed0c1225be9ad87ddebbbee00b097613b5""}}"
719600,23502,147,Dratini,foil,"[""low-holo"",""trend-holo"",""avg1-holo"",""avg7-holo"",""avg30-holo""]","[""low-holo"",""trend-holo"",""avg1-holo"",""avg7-holo"",""avg30-holo""]",EXACT,AMBIGUOUS,False,,"[25448,25449]","[""normal"",""reverse_holo""]",multiple,multiple_physical_finish_candidates_without_family_specific_evidence,LOW,"Source fact: Price Guide exposes foil columns ['low-holo', 'trend-holo', 'avg1-holo', 'avg7-holo', 'avg30-holo']; source fact: canonical scope exposes compatible finishes ['normal', 'reverse_holo']. Inference withheld: no Cardmarket source field identifies this metric family with one finish.","{""canonical_source"":{""canonical_card_id"":23502,""canonical_number"":""147"",""status"":""EXACT""},""cardmarket_source"":{""idMetacard"":421226,""idProduct"":719600,""name"":""Dratini [Beat | Draconic Whip]""},""inference"":{""base_to_finish"":""not inferred"",""foil_to_finish"":""not inferred""},""physical_candidates"":[{""art_kind"":""unknown"",""card_id"":25448,""finish"":""normal"",""rarity"":""Common""},{""art_kind"":""unknown"",""card_id"":25449,""finish"":""reverse_holo"",""rarity"":""Common""}],""source_fields_audited"":{""all_expected_columns_present"":true,""base_columns"":[""low"",""trend"",""avg1"",""avg7"",""avg30""],""foil_columns"":[""low-holo"",""trend-holo"",""avg1-holo"",""avg7-holo"",""avg30-holo""],""observed_metric_columns"":[""avg1"",""avg1-holo"",""avg30"",""avg30-holo"",""avg7"",""avg7-holo"",""low"",""low-holo"",""trend"",""trend-holo""],""unexpected_metric_columns"":[""avg"",""avg-holo""]},""source_files"":{""discovery_mapping_sha256"":""81b5c2edaebda0de843c7f6b13a9710e731d48fe3717881219ea5196d7e0335d"",""prices_path"":""/Users/facundogalmarini/Desktop/price_guide_6 (1).json"",""prices_sha256"":""86282c2015adc332db82ce65d162f6cc44dc0bb3208b8bfedd952268ffafa145"",""products_path"":""/Users/facundogalmarini/Desktop/products_singles_6 (1).json"",""products_sha256"":""318cdf83b38813443530bb4d14f770ed0c1225be9ad87ddebbbee00b097613b5""}}"
719602,23504,149,Dragonite,base,"[""low"",""trend"",""avg1"",""avg7"",""avg30""]","[""low"",""trend"",""avg1"",""avg7"",""avg30""]",EXACT,AMBIGUOUS,False,,"[25452,25453]","[""holo"",""reverse_holo""]",multiple,multiple_physical_finish_candidates_without_family_specific_evidence,LOW,"Source fact: Price Guide exposes base columns ['low', 'trend', 'avg1', 'avg7', 'avg30']; source fact: canonical scope exposes compatible finishes ['holo', 'reverse_holo']. Inference withheld: no Cardmarket source field identifies this metric family with one finish.","{""canonical_source"":{""canonical_card_id"":23504,""canonical_number"":""149"",""status"":""EXACT""},""cardmarket_source"":{""idMetacard"":421228,""idProduct"":719602,""name"":""Dragonite [Jet Cruise | Dragon Pulse]""},""inference"":{""base_to_finish"":""not inferred"",""foil_to_finish"":""not inferred""},""physical_candidates"":[{""art_kind"":""unknown"",""card_id"":25452,""finish"":""holo"",""rarity"":""Rare""},{""art_kind"":""unknown"",""card_id"":25453,""finish"":""reverse_holo"",""rarity"":""Rare""}],""source_fields_audited"":{""all_expected_columns_present"":true,""base_columns"":[""low"",""trend"",""avg1"",""avg7"",""avg30""],""foil_columns"":[""low-holo"",""trend-holo"",""avg1-holo"",""avg7-holo"",""avg30-holo""],""observed_metric_columns"":[""avg1"",""avg1-holo"",""avg30"",""avg30-holo"",""avg7"",""avg7-holo"",""low"",""low-holo"",""trend"",""trend-holo""],""unexpected_metric_columns"":[""avg"",""avg-holo""]},""source_files"":{""discovery_mapping_sha256"":""81b5c2edaebda0de843c7f6b13a9710e731d48fe3717881219ea5196d7e0335d"",""prices_path"":""/Users/facundogalmarini/Desktop/price_guide_6 (1).json"",""prices_sha256"":""86282c2015adc332db82ce65d162f6cc44dc0bb3208b8bfedd952268ffafa145"",""products_path"":""/Users/facundogalmarini/Desktop/products_singles_6 (1).json"",""products_sha256"":""318cdf83b38813443530bb4d14f770ed0c1225be9ad87ddebbbee00b097613b5""}}"
719602,23504,149,Dragonite,foil,"[""low-holo"",""trend-holo"",""avg1-holo"",""avg7-holo"",""avg30-holo""]","[""low-holo"",""trend-holo"",""avg1-holo"",""avg7-holo"",""avg30-holo""]",EXACT,AMBIGUOUS,False,,"[25452,25453]","[""holo"",""reverse_holo""]",multiple,multiple_physical_finish_candidates_without_family_specific_evidence,LOW,"Source fact: Price Guide exposes foil columns ['low-holo', 'trend-holo', 'avg1-holo', 'avg7-holo', 'avg30-holo']; source fact: canonical scope exposes compatible finishes ['holo', 'reverse_holo']. Inference withheld: no Cardmarket source field identifies this metric family with one finish.","{""canonical_source"":{""canonical_card_id"":23504,""canonical_number"":""149"",""status"":""EXACT""},""cardmarket_source"":{""idMetacard"":421228,""idProduct"":719602,""name"":""Dragonite [Jet Cruise | Dragon Pulse]""},""inference"":{""base_to_finish"":""not inferred"",""foil_to_finish"":""not inferred""},""physical_candidates"":[{""art_kind"":""unknown"",""card_id"":25452,""finish"":""holo"",""rarity"":""Rare""},{""art_kind"":""unknown"",""card_id"":25453,""finish"":""reverse_holo"",""rarity"":""Rare""}],""source_fields_audited"":{""all_expected_columns_present"":true,""base_columns"":[""low"",""trend"",""avg1"",""avg7"",""avg30""],""foil_columns"":[""low-holo"",""trend-holo"",""avg1-holo"",""avg7-holo"",""avg30-holo""],""observed_metric_columns"":[""avg1"",""avg1-holo"",""avg30"",""avg30-holo"",""avg7"",""avg7-holo"",""low"",""low-holo"",""trend"",""trend-holo""],""unexpected_metric_columns"":[""avg"",""avg-holo""]},""source_files"":{""discovery_mapping_sha256"":""81b5c2edaebda0de843c7f6b13a9710e731d48fe3717881219ea5196d7e0335d"",""prices_path"":""/Users/facundogalmarini/Desktop/price_guide_6 (1).json"",""prices_sha256"":""86282c2015adc332db82ce65d162f6cc44dc0bb3208b8bfedd952268ffafa145"",""products_path"":""/Users/facundogalmarini/Desktop/products_singles_6 (1).json"",""products_sha256"":""318cdf83b38813443530bb4d14f770ed0c1225be9ad87ddebbbee00b097613b5""}}"
719603,23505,150,Mewtwo,base,"[""low"",""trend"",""avg1"",""avg7"",""avg30""]","[""low"",""trend"",""avg1"",""avg7"",""avg30""]",EXACT,AMBIGUOUS,False,,"[25454,25455]","[""holo"",""reverse_holo""]",multiple,multiple_physical_finish_candidates_without_family_specific_evidence,LOW,"Source fact: Price Guide exposes base columns ['low', 'trend', 'avg1', 'avg7', 'avg30']; source fact: canonical scope exposes compatible finishes ['holo', 'reverse_holo']. Inference withheld: no Cardmarket source field identifies this metric family with one finish.","{""canonical_source"":{""canonical_card_id"":23505,""canonical_number"":""150"",""status"":""EXACT""},""cardmarket_source"":{""idMetacard"":421229,""idProduct"":719603,""name"":""Mewtwo [Reflective Barrier | Psyslash]""},""inference"":{""base_to_finish"":""not inferred"",""foil_to_finish"":""not inferred""},""physical_candidates"":[{""art_kind"":""unknown"",""card_id"":25454,""finish"":""holo"",""rarity"":""Rare""},{""art_kind"":""unknown"",""card_id"":25455,""finish"":""reverse_holo"",""rarity"":""Rare""}],""source_fields_audited"":{""all_expected_columns_present"":true,""base_columns"":[""low"",""trend"",""avg1"",""avg7"",""avg30""],""foil_columns"":[""low-holo"",""trend-holo"",""avg1-holo"",""avg7-holo"",""avg30-holo""],""observed_metric_columns"":[""avg1"",""avg1-holo"",""avg30"",""avg30-holo"",""avg7"",""avg7-holo"",""low"",""low-holo"",""trend"",""trend-holo""],""unexpected_metric_columns"":[""avg"",""avg-holo""]},""source_files"":{""discovery_mapping_sha256"":""81b5c2edaebda0de843c7f6b13a9710e731d48fe3717881219ea5196d7e0335d"",""prices_path"":""/Users/facundogalmarini/Desktop/price_guide_6 (1).json"",""prices_sha256"":""86282c2015adc332db82ce65d162f6cc44dc0bb3208b8bfedd952268ffafa145"",""products_path"":""/Users/facundogalmarini/Desktop/products_singles_6 (1).json"",""products_sha256"":""318cdf83b38813443530bb4d14f770ed0c1225be9ad87ddebbbee00b097613b5""}}"
719603,23505,150,Mewtwo,foil,"[""low-holo"",""trend-holo"",""avg1-holo"",""avg7-holo"",""avg30-holo""]","[""low-holo"",""trend-holo"",""avg1-holo"",""avg7-holo"",""avg30-holo""]",EXACT,AMBIGUOUS,False,,"[25454,25455]","[""holo"",""reverse_holo""]",multiple,multiple_physical_finish_candidates_without_family_specific_evidence,LOW,"Source fact: Price Guide exposes foil columns ['low-holo', 'trend-holo', 'avg1-holo', 'avg7-holo', 'avg30-holo']; source fact: canonical scope exposes compatible finishes ['holo', 'reverse_holo']. Inference withheld: no Cardmarket source field identifies this metric family with one finish.","{""canonical_source"":{""canonical_card_id"":23505,""canonical_number"":""150"",""status"":""EXACT""},""cardmarket_source"":{""idMetacard"":421229,""idProduct"":719603,""name"":""Mewtwo [Reflective Barrier | Psyslash]""},""inference"":{""base_to_finish"":""not inferred"",""foil_to_finish"":""not inferred""},""physical_candidates"":[{""art_kind"":""unknown"",""card_id"":25454,""finish"":""holo"",""rarity"":""Rare""},{""art_kind"":""unknown"",""card_id"":25455,""finish"":""reverse_holo"",""rarity"":""Rare""}],""source_fields_audited"":{""all_expected_columns_present"":true,""base_columns"":[""low"",""trend"",""avg1"",""avg7"",""avg30""],""foil_columns"":[""low-holo"",""trend-holo"",""avg1-holo"",""avg7-holo"",""avg30-holo""],""observed_metric_columns"":[""avg1"",""avg1-holo"",""avg30"",""avg30-holo"",""avg7"",""avg7-holo"",""low"",""low-holo"",""trend"",""trend-holo""],""unexpected_metric_columns"":[""avg"",""avg-holo""]},""source_files"":{""discovery_mapping_sha256"":""81b5c2edaebda0de843c7f6b13a9710e731d48fe3717881219ea5196d7e0335d"",""prices_path"":""/Users/facundogalmarini/Desktop/price_guide_6 (1).json"",""prices_sha256"":""86282c2015adc332db82ce65d162f6cc44dc0bb3208b8bfedd952268ffafa145"",""products_path"":""/Users/facundogalmarini/Desktop/products_singles_6 (1).json"",""products_sha256"":""318cdf83b38813443530bb4d14f770ed0c1225be9ad87ddebbbee00b097613b5""}}"
719605,23514,159,Energy Sticker,base,"[""low"",""trend"",""avg1"",""avg7"",""avg30""]","[""low"",""trend"",""avg1"",""avg7"",""avg30""]",EXACT,AMBIGUOUS,False,,"[25471,25472]","[""normal"",""reverse_holo""]",multiple,multiple_physical_finish_candidates_without_family_specific_evidence,LOW,"Source fact: Price Guide exposes base columns ['low', 'trend', 'avg1', 'avg7', 'avg30']; source fact: canonical scope exposes compatible finishes ['normal', 'reverse_holo']. Inference withheld: no Cardmarket source field identifies this metric family with one finish.","{""canonical_source"":{""canonical_card_id"":23514,""canonical_number"":""159"",""status"":""EXACT""},""cardmarket_source"":{""idMetacard"":421231,""idProduct"":719605,""name"":""Energy Sticker""},""inference"":{""base_to_finish"":""not inferred"",""foil_to_finish"":""not inferred""},""physical_candidates"":[{""art_kind"":""unknown"",""card_id"":25471,""finish"":""normal"",""rarity"":""Uncommon""},{""art_kind"":""unknown"",""card_id"":25472,""finish"":""reverse_holo"",""rarity"":""Uncommon""}],""source_fields_audited"":{""all_expected_columns_present"":true,""base_columns"":[""low"",""trend"",""avg1"",""avg7"",""avg30""],""foil_columns"":[""low-holo"",""trend-holo"",""avg1-holo"",""avg7-holo"",""avg30-holo""],""observed_metric_columns"":[""avg1"",""avg1-holo"",""avg30"",""avg30-holo"",""avg7"",""avg7-holo"",""low"",""low-holo"",""trend"",""trend-holo""],""unexpected_metric_columns"":[""avg"",""avg-holo""]},""source_files"":{""discovery_mapping_sha256"":""81b5c2edaebda0de843c7f6b13a9710e731d48fe3717881219ea5196d7e0335d"",""prices_path"":""/Users/facundogalmarini/Desktop/price_guide_6 (1).json"",""prices_sha256"":""86282c2015adc332db82ce65d162f6cc44dc0bb3208b8bfedd952268ffafa145"",""products_path"":""/Users/facundogalmarini/Desktop/products_singles_6 (1).json"",""products_sha256"":""318cdf83b38813443530bb4d14f770ed0c1225be9ad87ddebbbee00b097613b5""}}"
719605,23514,159,Energy Sticker,foil,"[""low-holo"",""trend-holo"",""avg1-holo"",""avg7-holo"",""avg30-holo""]","[""low-holo"",""trend-holo"",""avg1-holo"",""avg7-holo"",""avg30-holo""]",EXACT,AMBIGUOUS,False,,"[25471,25472]","[""normal"",""reverse_holo""]",multiple,multiple_physical_finish_candidates_without_family_specific_evidence,LOW,"Source fact: Price Guide exposes foil columns ['low-holo', 'trend-holo', 'avg1-holo', 'avg7-holo', 'avg30-holo']; source fact: canonical scope exposes compatible finishes ['normal', 'reverse_holo']. Inference withheld: no Cardmarket source field identifies this metric family with one finish.","{""canonical_source"":{""canonical_card_id"":23514,""canonical_number"":""159"",""status"":""EXACT""},""cardmarket_source"":{""idMetacard"":421231,""idProduct"":719605,""name"":""Energy Sticker""},""inference"":{""base_to_finish"":""not inferred"",""foil_to_finish"":""not inferred""},""physical_candidates"":[{""art_kind"":""unknown"",""card_id"":25471,""finish"":""normal"",""rarity"":""Uncommon""},{""art_kind"":""unknown"",""card_id"":25472,""finish"":""reverse_holo"",""rarity"":""Uncommon""}],""source_fields_audited"":{""all_expected_columns_present"":true,""base_columns"":[""low"",""trend"",""avg1"",""avg7"",""avg30""],""foil_columns"":[""low-holo"",""trend-holo"",""avg1-holo"",""avg7-holo"",""avg30-holo""],""observed_metric_columns"":[""avg1"",""avg1-holo"",""avg30"",""avg30-holo"",""avg7"",""avg7-holo"",""low"",""low-holo"",""trend"",""trend-holo""],""unexpected_metric_columns"":[""avg"",""avg-holo""]},""source_files"":{""discovery_mapping_sha256"":""81b5c2edaebda0de843c7f6b13a9710e731d48fe3717881219ea5196d7e0335d"",""prices_path"":""/Users/facundogalmarini/Desktop/price_guide_6 (1).json"",""prices_sha256"":""86282c2015adc332db82ce65d162f6cc44dc0bb3208b8bfedd952268ffafa145"",""products_path"":""/Users/facundogalmarini/Desktop/products_singles_6 (1).json"",""products_sha256"":""318cdf83b38813443530bb4d14f770ed0c1225be9ad87ddebbbee00b097613b5""}}"
719606,23517,162,Grabber,base,"[""low"",""trend"",""avg1"",""avg7"",""avg30""]","[""low"",""trend"",""avg1"",""avg7"",""avg30""]",EXACT,AMBIGUOUS,False,,"[25477,25478]","[""normal"",""reverse_holo""]",multiple,multiple_physical_finish_candidates_without_family_specific_evidence,LOW,"Source fact: Price Guide exposes base columns ['low', 'trend', 'avg1', 'avg7', 'avg30']; source fact: canonical scope exposes compatible finishes ['normal', 'reverse_holo']. Inference withheld: no Cardmarket source field identifies this metric family with one finish.","{""canonical_source"":{""canonical_card_id"":23517,""canonical_number"":""162"",""status"":""EXACT""},""cardmarket_source"":{""idMetacard"":421232,""idProduct"":719606,""name"":""Grabber""},""inference"":{""base_to_finish"":""not inferred"",""foil_to_finish"":""not inferred""},""physical_candidates"":[{""art_kind"":""unknown"",""card_id"":25477,""finish"":""normal"",""rarity"":""Uncommon""},{""art_kind"":""unknown"",""card_id"":25478,""finish"":""reverse_holo"",""rarity"":""Uncommon""}],""source_fields_audited"":{""all_expected_columns_present"":true,""base_columns"":[""low"",""trend"",""avg1"",""avg7"",""avg30""],""foil_columns"":[""low-holo"",""trend-holo"",""avg1-holo"",""avg7-holo"",""avg30-holo""],""observed_metric_columns"":[""avg1"",""avg1-holo"",""avg30"",""avg30-holo"",""avg7"",""avg7-holo"",""low"",""low-holo"",""trend"",""trend-holo""],""unexpected_metric_columns"":[""avg"",""avg-holo""]},""source_files"":{""discovery_mapping_sha256"":""81b5c2edaebda0de843c7f6b13a9710e731d48fe3717881219ea5196d7e0335d"",""prices_path"":""/Users/facundogalmarini/Desktop/price_guide_6 (1).json"",""prices_sha256"":""86282c2015adc332db82ce65d162f6cc44dc0bb3208b8bfedd952268ffafa145"",""products_path"":""/Users/facundogalmarini/Desktop/products_singles_6 (1).json"",""products_sha256"":""318cdf83b38813443530bb4d14f770ed0c1225be9ad87ddebbbee00b097613b5""}}"
719606,23517,162,Grabber,foil,"[""low-holo"",""trend-holo"",""avg1-holo"",""avg7-holo"",""avg30-holo""]","[""low-holo"",""trend-holo"",""avg1-holo"",""avg7-holo"",""avg30-holo""]",EXACT,AMBIGUOUS,False,,"[25477,25478]","[""normal"",""reverse_holo""]",multiple,multiple_physical_finish_candidates_without_family_specific_evidence,LOW,"Source fact: Price Guide exposes foil columns ['low-holo', 'trend-holo', 'avg1-holo', 'avg7-holo', 'avg30-holo']; source fact: canonical scope exposes compatible finishes ['normal', 'reverse_holo']. Inference withheld: no Cardmarket source field identifies this metric family with one finish.","{""canonical_source"":{""canonical_card_id"":23517,""canonical_number"":""162"",""status"":""EXACT""},""cardmarket_source"":{""idMetacard"":421232,""idProduct"":719606,""name"":""Grabber""},""inference"":{""base_to_finish"":""not inferred"",""foil_to_finish"":""not inferred""},""physical_candidates"":[{""art_kind"":""unknown"",""card_id"":25477,""finish"":""normal"",""rarity"":""Uncommon""},{""art_kind"":""unknown"",""card_id"":25478,""finish"":""reverse_holo"",""rarity"":""Uncommon""}],""source_fields_audited"":{""all_expected_columns_present"":true,""base_columns"":[""low"",""trend"",""avg1"",""avg7"",""avg30""],""foil_columns"":[""low-holo"",""trend-holo"",""avg1-holo"",""avg7-holo"",""avg30-holo""],""observed_metric_columns"":[""avg1"",""avg1-holo"",""avg30"",""avg30-holo"",""avg7"",""avg7-holo"",""low"",""low-holo"",""trend"",""trend-holo""],""unexpected_metric_columns"":[""avg"",""avg-holo""]},""source_files"":{""discovery_mapping_sha256"":""81b5c2edaebda0de843c7f6b13a9710e731d48fe3717881219ea5196d7e0335d"",""prices_path"":""/Users/facundogalmarini/Desktop/price_guide_6 (1).json"",""prices_sha256"":""86282c2015adc332db82ce65d162f6cc44dc0bb3208b8bfedd952268ffafa145"",""products_path"":""/Users/facundogalmarini/Desktop/products_singles_6 (1).json"",""products_sha256"":""318cdf83b38813443530bb4d14f770ed0c1225be9ad87ddebbbee00b097613b5""}}"
719607,23508,153,Antique Helix Fossil,base,"[""low"",""trend"",""avg1"",""avg7"",""avg30""]","[""low"",""trend"",""avg1"",""avg7"",""avg30""]",EXACT,AMBIGUOUS,False,,"[25459,25460]","[""normal"",""reverse_holo""]",multiple,multiple_physical_finish_candidates_without_family_specific_evidence,LOW,"Source fact: Price Guide exposes base columns ['low', 'trend', 'avg1', 'avg7', 'avg30']; source fact: canonical scope exposes compatible finishes ['normal', 'reverse_holo']. Inference withheld: no Cardmarket source field identifies this metric family with one finish.","{""canonical_source"":{""canonical_card_id"":23508,""canonical_number"":""153"",""status"":""EXACT""},""cardmarket_source"":{""idMetacard"":421233,""idProduct"":719607,""name"":""Antique Helix Fossil [Helical Swell]""},""inference"":{""base_to_finish"":""not inferred"",""foil_to_finish"":""not inferred""},""physical_candidates"":[{""art_kind"":""unknown"",""card_id"":25459,""finish"":""normal"",""rarity"":""Common""},{""art_kind"":""unknown"",""card_id"":25460,""finish"":""reverse_holo"",""rarity"":""Common""}],""source_fields_audited"":{""all_expected_columns_present"":true,""base_columns"":[""low"",""trend"",""avg1"",""avg7"",""avg30""],""foil_columns"":[""low-holo"",""trend-holo"",""avg1-holo"",""avg7-holo"",""avg30-holo""],""observed_metric_columns"":[""avg1"",""avg1-holo"",""avg30"",""avg30-holo"",""avg7"",""avg7-holo"",""low"",""low-holo"",""trend"",""trend-holo""],""unexpected_metric_columns"":[""avg"",""avg-holo""]},""source_files"":{""discovery_mapping_sha256"":""81b5c2edaebda0de843c7f6b13a9710e731d48fe3717881219ea5196d7e0335d"",""prices_path"":""/Users/facundogalmarini/Desktop/price_guide_6 (1).json"",""prices_sha256"":""86282c2015adc332db82ce65d162f6cc44dc0bb3208b8bfedd952268ffafa145"",""products_path"":""/Users/facundogalmarini/Desktop/products_singles_6 (1).json"",""products_sha256"":""318cdf83b38813443530bb4d14f770ed0c1225be9ad87ddebbbee00b097613b5""}}"
719607,23508,153,Antique Helix Fossil,foil,"[""low-holo"",""trend-holo"",""avg1-holo"",""avg7-holo"",""avg30-holo""]","[""low-holo"",""trend-holo"",""avg1-holo"",""avg7-holo"",""avg30-holo""]",EXACT,AMBIGUOUS,False,,"[25459,25460]","[""normal"",""reverse_holo""]",multiple,multiple_physical_finish_candidates_without_family_specific_evidence,LOW,"Source fact: Price Guide exposes foil columns ['low-holo', 'trend-holo', 'avg1-holo', 'avg7-holo', 'avg30-holo']; source fact: canonical scope exposes compatible finishes ['normal', 'reverse_holo']. Inference withheld: no Cardmarket source field identifies this metric family with one finish.","{""canonical_source"":{""canonical_card_id"":23508,""canonical_number"":""153"",""status"":""EXACT""},""cardmarket_source"":{""idMetacard"":421233,""idProduct"":719607,""name"":""Antique Helix Fossil [Helical Swell]""},""inference"":{""base_to_finish"":""not inferred"",""foil_to_finish"":""not inferred""},""physical_candidates"":[{""art_kind"":""unknown"",""card_id"":25459,""finish"":""normal"",""rarity"":""Common""},{""art_kind"":""unknown"",""card_id"":25460,""finish"":""reverse_holo"",""rarity"":""Common""}],""source_fields_audited"":{""all_expected_columns_present"":true,""base_columns"":[""low"",""trend"",""avg1"",""avg7"",""avg30""],""foil_columns"":[""low-holo"",""trend-holo"",""avg1-holo"",""avg7-holo"",""avg30-holo""],""observed_metric_columns"":[""avg1"",""avg1-holo"",""avg30"",""avg30-holo"",""avg7"",""avg7-holo"",""low"",""low-holo"",""trend"",""trend-holo""],""unexpected_metric_columns"":[""avg"",""avg-holo""]},""source_files"":{""discovery_mapping_sha256"":""81b5c2edaebda0de843c7f6b13a9710e731d48fe3717881219ea5196d7e0335d"",""prices_path"":""/Users/facundogalmarini/Desktop/price_guide_6 (1).json"",""prices_sha256"":""86282c2015adc332db82ce65d162f6cc44dc0bb3208b8bfedd952268ffafa145"",""products_path"":""/Users/facundogalmarini/Desktop/products_singles_6 (1).json"",""products_sha256"":""318cdf83b38813443530bb4d14f770ed0c1225be9ad87ddebbbee00b097613b5""}}"
719608,23507,152,Antique Dome Fossil,base,"[""low"",""trend"",""avg1"",""avg7"",""avg30""]","[""low"",""trend"",""avg1"",""avg7"",""avg30""]",EXACT,AMBIGUOUS,False,,"[25457,25458]","[""normal"",""reverse_holo""]",multiple,multiple_physical_finish_candidates_without_family_specific_evidence,LOW,"Source fact: Price Guide exposes base columns ['low', 'trend', 'avg1', 'avg7', 'avg30']; source fact: canonical scope exposes compatible finishes ['normal', 'reverse_holo']. Inference withheld: no Cardmarket source field identifies this metric family with one finish.","{""canonical_source"":{""canonical_card_id"":23507,""canonical_number"":""152"",""status"":""EXACT""},""cardmarket_source"":{""idMetacard"":421234,""idProduct"":719608,""name"":""Antique Dome Fossil [Domed Armor]""},""inference"":{""base_to_finish"":""not inferred"",""foil_to_finish"":""not inferred""},""physical_candidates"":[{""art_kind"":""unknown"",""card_id"":25457,""finish"":""normal"",""rarity"":""Common""},{""art_kind"":""unknown"",""card_id"":25458,""finish"":""reverse_holo"",""rarity"":""Common""}],""source_fields_audited"":{""all_expected_columns_present"":true,""base_columns"":[""low"",""trend"",""avg1"",""avg7"",""avg30""],""foil_columns"":[""low-holo"",""trend-holo"",""avg1-holo"",""avg7-holo"",""avg30-holo""],""observed_metric_columns"":[""avg1"",""avg1-holo"",""avg30"",""avg30-holo"",""avg7"",""avg7-holo"",""low"",""low-holo"",""trend"",""trend-holo""],""unexpected_metric_columns"":[""avg"",""avg-holo""]},""source_files"":{""discovery_mapping_sha256"":""81b5c2edaebda0de843c7f6b13a9710e731d48fe3717881219ea5196d7e0335d"",""prices_path"":""/Users/facundogalmarini/Desktop/price_guide_6 (1).json"",""prices_sha256"":""86282c2015adc332db82ce65d162f6cc44dc0bb3208b8bfedd952268ffafa145"",""products_path"":""/Users/facundogalmarini/Desktop/products_singles_6 (1).json"",""products_sha256"":""318cdf83b38813443530bb4d14f770ed0c1225be9ad87ddebbbee00b097613b5""}}"
719608,23507,152,Antique Dome Fossil,foil,"[""low-holo"",""trend-holo"",""avg1-holo"",""avg7-holo"",""avg30-holo""]","[""low-holo"",""trend-holo"",""avg1-holo"",""avg7-holo"",""avg30-holo""]",EXACT,AMBIGUOUS,False,,"[25457,25458]","[""normal"",""reverse_holo""]",multiple,multiple_physical_finish_candidates_without_family_specific_evidence,LOW,"Source fact: Price Guide exposes foil columns ['low-holo', 'trend-holo', 'avg1-holo', 'avg7-holo', 'avg30-holo']; source fact: canonical scope exposes compatible finishes ['normal', 'reverse_holo']. Inference withheld: no Cardmarket source field identifies this metric family with one finish.","{""canonical_source"":{""canonical_card_id"":23507,""canonical_number"":""152"",""status"":""EXACT""},""cardmarket_source"":{""idMetacard"":421234,""idProduct"":719608,""name"":""Antique Dome Fossil [Domed Armor]""},""inference"":{""base_to_finish"":""not inferred"",""foil_to_finish"":""not inferred""},""physical_candidates"":[{""art_kind"":""unknown"",""card_id"":25457,""finish"":""normal"",""rarity"":""Common""},{""art_kind"":""unknown"",""card_id"":25458,""finish"":""reverse_holo"",""rarity"":""Common""}],""source_fields_audited"":{""all_expected_columns_present"":true,""base_columns"":[""low"",""trend"",""avg1"",""avg7"",""avg30""],""foil_columns"":[""low-holo"",""trend-holo"",""avg1-holo"",""avg7-holo"",""avg30-holo""],""observed_metric_columns"":[""avg1"",""avg1-holo"",""avg30"",""avg30-holo"",""avg7"",""avg7-holo"",""low"",""low-holo"",""trend"",""trend-holo""],""unexpected_metric_columns"":[""avg"",""avg-holo""]},""source_files"":{""discovery_mapping_sha256"":""81b5c2edaebda0de843c7f6b13a9710e731d48fe3717881219ea5196d7e0335d"",""prices_path"":""/Users/facundogalmarini/Desktop/price_guide_6 (1).json"",""prices_sha256"":""86282c2015adc332db82ce65d162f6cc44dc0bb3208b8bfedd952268ffafa145"",""products_path"":""/Users/facundogalmarini/Desktop/products_singles_6 (1).json"",""products_sha256"":""318cdf83b38813443530bb4d14f770ed0c1225be9ad87ddebbbee00b097613b5""}}"
719609,23509,154,Antique Old Amber,base,"[""low"",""trend"",""avg1"",""avg7"",""avg30""]","[""low"",""trend"",""avg1"",""avg7"",""avg30""]",EXACT,AMBIGUOUS,False,,"[25461,25462]","[""normal"",""reverse_holo""]",multiple,multiple_physical_finish_candidates_without_family_specific_evidence,LOW,"Source fact: Price Guide exposes base columns ['low', 'trend', 'avg1', 'avg7', 'avg30']; source fact: canonical scope exposes compatible finishes ['normal', 'reverse_holo']. Inference withheld: no Cardmarket source field identifies this metric family with one finish.","{""canonical_source"":{""canonical_card_id"":23509,""canonical_number"":""154"",""status"":""EXACT""},""cardmarket_source"":{""idMetacard"":421235,""idProduct"":719609,""name"":""Antique Old Amber [Amber Protection]""},""inference"":{""base_to_finish"":""not inferred"",""foil_to_finish"":""not inferred""},""physical_candidates"":[{""art_kind"":""unknown"",""card_id"":25461,""finish"":""normal"",""rarity"":""Common""},{""art_kind"":""unknown"",""card_id"":25462,""finish"":""reverse_holo"",""rarity"":""Common""}],""source_fields_audited"":{""all_expected_columns_present"":true,""base_columns"":[""low"",""trend"",""avg1"",""avg7"",""avg30""],""foil_columns"":[""low-holo"",""trend-holo"",""avg1-holo"",""avg7-holo"",""avg30-holo""],""observed_metric_columns"":[""avg1"",""avg1-holo"",""avg30"",""avg30-holo"",""avg7"",""avg7-holo"",""low"",""low-holo"",""trend"",""trend-holo""],""unexpected_metric_columns"":[""avg"",""avg-holo""]},""source_files"":{""discovery_mapping_sha256"":""81b5c2edaebda0de843c7f6b13a9710e731d48fe3717881219ea5196d7e0335d"",""prices_path"":""/Users/facundogalmarini/Desktop/price_guide_6 (1).json"",""prices_sha256"":""86282c2015adc332db82ce65d162f6cc44dc0bb3208b8bfedd952268ffafa145"",""products_path"":""/Users/facundogalmarini/Desktop/products_singles_6 (1).json"",""products_sha256"":""318cdf83b38813443530bb4d14f770ed0c1225be9ad87ddebbbee00b097613b5""}}"
719609,23509,154,Antique Old Amber,foil,"[""low-holo"",""trend-holo"",""avg1-holo"",""avg7-holo"",""avg30-holo""]","[""low-holo"",""trend-holo"",""avg1-holo"",""avg7-holo"",""avg30-holo""]",EXACT,AMBIGUOUS,False,,"[25461,25462]","[""normal"",""reverse_holo""]",multiple,multiple_physical_finish_candidates_without_family_specific_evidence,LOW,"Source fact: Price Guide exposes foil columns ['low-holo', 'trend-holo', 'avg1-holo', 'avg7-holo', 'avg30-holo']; source fact: canonical scope exposes compatible finishes ['normal', 'reverse_holo']. Inference withheld: no Cardmarket source field identifies this metric family with one finish.","{""canonical_source"":{""canonical_card_id"":23509,""canonical_number"":""154"",""status"":""EXACT""},""cardmarket_source"":{""idMetacard"":421235,""idProduct"":719609,""name"":""Antique Old Amber [Amber Protection]""},""inference"":{""base_to_finish"":""not inferred"",""foil_to_finish"":""not inferred""},""physical_candidates"":[{""art_kind"":""unknown"",""card_id"":25461,""finish"":""normal"",""rarity"":""Common""},{""art_kind"":""unknown"",""card_id"":25462,""finish"":""reverse_holo"",""rarity"":""Common""}],""source_fields_audited"":{""all_expected_columns_present"":true,""base_columns"":[""low"",""trend"",""avg1"",""avg7"",""avg30""],""foil_columns"":[""low-holo"",""trend-holo"",""avg1-holo"",""avg7-holo"",""avg30-holo""],""observed_metric_columns"":[""avg1"",""avg1-holo"",""avg30"",""avg30-holo"",""avg7"",""avg7-holo"",""low"",""low-holo"",""trend"",""trend-holo""],""unexpected_metric_columns"":[""avg"",""avg-holo""]},""source_files"":{""discovery_mapping_sha256"":""81b5c2edaebda0de843c7f6b13a9710e731d48fe3717881219ea5196d7e0335d"",""prices_path"":""/Users/facundogalmarini/Desktop/price_guide_6 (1).json"",""prices_sha256"":""86282c2015adc332db82ce65d162f6cc44dc0bb3208b8bfedd952268ffafa145"",""products_path"":""/Users/facundogalmarini/Desktop/products_singles_6 (1).json"",""products_sha256"":""318cdf83b38813443530bb4d14f770ed0c1225be9ad87ddebbbee00b097613b5""}}"
719610,23519,164,Protective Goggles,base,"[""low"",""trend"",""avg1"",""avg7"",""avg30""]","[""low"",""trend"",""avg1"",""avg7"",""avg30""]",EXACT,AMBIGUOUS,False,,"[25481,25482]","[""normal"",""reverse_holo""]",multiple,multiple_physical_finish_candidates_without_family_specific_evidence,LOW,"Source fact: Price Guide exposes base columns ['low', 'trend', 'avg1', 'avg7', 'avg30']; source fact: canonical scope exposes compatible finishes ['normal', 'reverse_holo']. Inference withheld: no Cardmarket source field identifies this metric family with one finish.","{""canonical_source"":{""canonical_card_id"":23519,""canonical_number"":""164"",""status"":""EXACT""},""cardmarket_source"":{""idMetacard"":421236,""idProduct"":719610,""name"":""Protective Goggles""},""inference"":{""base_to_finish"":""not inferred"",""foil_to_finish"":""not inferred""},""physical_candidates"":[{""art_kind"":""unknown"",""card_id"":25481,""finish"":""normal"",""rarity"":""Uncommon""},{""art_kind"":""unknown"",""card_id"":25482,""finish"":""reverse_holo"",""rarity"":""Uncommon""}],""source_fields_audited"":{""all_expected_columns_present"":true,""base_columns"":[""low"",""trend"",""avg1"",""avg7"",""avg30""],""foil_columns"":[""low-holo"",""trend-holo"",""avg1-holo"",""avg7-holo"",""avg30-holo""],""observed_metric_columns"":[""avg1"",""avg1-holo"",""avg30"",""avg30-holo"",""avg7"",""avg7-holo"",""low"",""low-holo"",""trend"",""trend-holo""],""unexpected_metric_columns"":[""avg"",""avg-holo""]},""source_files"":{""discovery_mapping_sha256"":""81b5c2edaebda0de843c7f6b13a9710e731d48fe3717881219ea5196d7e0335d"",""prices_path"":""/Users/facundogalmarini/Desktop/price_guide_6 (1).json"",""prices_sha256"":""86282c2015adc332db82ce65d162f6cc44dc0bb3208b8bfedd952268ffafa145"",""products_path"":""/Users/facundogalmarini/Desktop/products_singles_6 (1).json"",""products_sha256"":""318cdf83b38813443530bb4d14f770ed0c1225be9ad87ddebbbee00b097613b5""}}"
719610,23519,164,Protective Goggles,foil,"[""low-holo"",""trend-holo"",""avg1-holo"",""avg7-holo"",""avg30-holo""]","[""low-holo"",""trend-holo"",""avg1-holo"",""avg7-holo"",""avg30-holo""]",EXACT,AMBIGUOUS,False,,"[25481,25482]","[""normal"",""reverse_holo""]",multiple,multiple_physical_finish_candidates_without_family_specific_evidence,LOW,"Source fact: Price Guide exposes foil columns ['low-holo', 'trend-holo', 'avg1-holo', 'avg7-holo', 'avg30-holo']; source fact: canonical scope exposes compatible finishes ['normal', 'reverse_holo']. Inference withheld: no Cardmarket source field identifies this metric family with one finish.","{""canonical_source"":{""canonical_card_id"":23519,""canonical_number"":""164"",""status"":""EXACT""},""cardmarket_source"":{""idMetacard"":421236,""idProduct"":719610,""name"":""Protective Goggles""},""inference"":{""base_to_finish"":""not inferred"",""foil_to_finish"":""not inferred""},""physical_candidates"":[{""art_kind"":""unknown"",""card_id"":25481,""finish"":""normal"",""rarity"":""Uncommon""},{""art_kind"":""unknown"",""card_id"":25482,""finish"":""reverse_holo"",""rarity"":""Uncommon""}],""source_fields_audited"":{""all_expected_columns_present"":true,""base_columns"":[""low"",""trend"",""avg1"",""avg7"",""avg30""],""foil_columns"":[""low-holo"",""trend-holo"",""avg1-holo"",""avg7-holo"",""avg30-holo""],""observed_metric_columns"":[""avg1"",""avg1-holo"",""avg30"",""avg30-holo"",""avg7"",""avg7-holo"",""low"",""low-holo"",""trend"",""trend-holo""],""unexpected_metric_columns"":[""avg"",""avg-holo""]},""source_files"":{""discovery_mapping_sha256"":""81b5c2edaebda0de843c7f6b13a9710e731d48fe3717881219ea5196d7e0335d"",""prices_path"":""/Users/facundogalmarini/Desktop/price_guide_6 (1).json"",""prices_sha256"":""86282c2015adc332db82ce65d162f6cc44dc0bb3208b8bfedd952268ffafa145"",""products_path"":""/Users/facundogalmarini/Desktop/products_singles_6 (1).json"",""products_sha256"":""318cdf83b38813443530bb4d14f770ed0c1225be9ad87ddebbbee00b097613b5""}}"
719611,23510,155,Big Air Balloon,base,"[""low"",""trend"",""avg1"",""avg7"",""avg30""]","[""low"",""trend"",""avg1"",""avg7"",""avg30""]",EXACT,AMBIGUOUS,False,,"[25463,25464]","[""normal"",""reverse_holo""]",multiple,multiple_physical_finish_candidates_without_family_specific_evidence,LOW,"Source fact: Price Guide exposes base columns ['low', 'trend', 'avg1', 'avg7', 'avg30']; source fact: canonical scope exposes compatible finishes ['normal', 'reverse_holo']. Inference withheld: no Cardmarket source field identifies this metric family with one finish.","{""canonical_source"":{""canonical_card_id"":23510,""canonical_number"":""155"",""status"":""EXACT""},""cardmarket_source"":{""idMetacard"":421237,""idProduct"":719611,""name"":""Big Air Balloon""},""inference"":{""base_to_finish"":""not inferred"",""foil_to_finish"":""not inferred""},""physical_candidates"":[{""art_kind"":""unknown"",""card_id"":25463,""finish"":""normal"",""rarity"":""Uncommon""},{""art_kind"":""unknown"",""card_id"":25464,""finish"":""reverse_holo"",""rarity"":""Uncommon""}],""source_fields_audited"":{""all_expected_columns_present"":true,""base_columns"":[""low"",""trend"",""avg1"",""avg7"",""avg30""],""foil_columns"":[""low-holo"",""trend-holo"",""avg1-holo"",""avg7-holo"",""avg30-holo""],""observed_metric_columns"":[""avg1"",""avg1-holo"",""avg30"",""avg30-holo"",""avg7"",""avg7-holo"",""low"",""low-holo"",""trend"",""trend-holo""],""unexpected_metric_columns"":[""avg"",""avg-holo""]},""source_files"":{""discovery_mapping_sha256"":""81b5c2edaebda0de843c7f6b13a9710e731d48fe3717881219ea5196d7e0335d"",""prices_path"":""/Users/facundogalmarini/Desktop/price_guide_6 (1).json"",""prices_sha256"":""86282c2015adc332db82ce65d162f6cc44dc0bb3208b8bfedd952268ffafa145"",""products_path"":""/Users/facundogalmarini/Desktop/products_singles_6 (1).json"",""products_sha256"":""318cdf83b38813443530bb4d14f770ed0c1225be9ad87ddebbbee00b097613b5""}}"
719611,23510,155,Big Air Balloon,foil,"[""low-holo"",""trend-holo"",""avg1-holo"",""avg7-holo"",""avg30-holo""]","[""low-holo"",""trend-holo"",""avg1-holo"",""avg7-holo"",""avg30-holo""]",EXACT,AMBIGUOUS,False,,"[25463,25464]","[""normal"",""reverse_holo""]",multiple,multiple_physical_finish_candidates_without_family_specific_evidence,LOW,"Source fact: Price Guide exposes foil columns ['low-holo', 'trend-holo', 'avg1-holo', 'avg7-holo', 'avg30-holo']; source fact: canonical scope exposes compatible finishes ['normal', 'reverse_holo']. Inference withheld: no Cardmarket source field identifies this metric family with one finish.","{""canonical_source"":{""canonical_card_id"":23510,""canonical_number"":""155"",""status"":""EXACT""},""cardmarket_source"":{""idMetacard"":421237,""idProduct"":719611,""name"":""Big Air Balloon""},""inference"":{""base_to_finish"":""not inferred"",""foil_to_finish"":""not inferred""},""physical_candidates"":[{""art_kind"":""unknown"",""card_id"":25463,""finish"":""normal"",""rarity"":""Uncommon""},{""art_kind"":""unknown"",""card_id"":25464,""finish"":""reverse_holo"",""rarity"":""Uncommon""}],""source_fields_audited"":{""all_expected_columns_present"":true,""base_columns"":[""low"",""trend"",""avg1"",""avg7"",""avg30""],""foil_columns"":[""low-holo"",""trend-holo"",""avg1-holo"",""avg7-holo"",""avg30-holo""],""observed_metric_columns"":[""avg1"",""avg1-holo"",""avg30"",""avg30-holo"",""avg7"",""avg7-holo"",""low"",""low-holo"",""trend"",""trend-holo""],""unexpected_metric_columns"":[""avg"",""avg-holo""]},""source_files"":{""discovery_mapping_sha256"":""81b5c2edaebda0de843c7f6b13a9710e731d48fe3717881219ea5196d7e0335d"",""prices_path"":""/Users/facundogalmarini/Desktop/price_guide_6 (1).json"",""prices_sha256"":""86282c2015adc332db82ce65d162f6cc44dc0bb3208b8bfedd952268ffafa145"",""products_path"":""/Users/facundogalmarini/Desktop/products_singles_6 (1).json"",""products_sha256"":""318cdf83b38813443530bb4d14f770ed0c1225be9ad87ddebbbee00b097613b5""}}"
719612,23520,165,Rigid Band,base,"[""low"",""trend"",""avg1"",""avg7"",""avg30""]","[""low"",""trend"",""avg1"",""avg7"",""avg30""]",EXACT,AMBIGUOUS,False,,"[25483,25484]","[""normal"",""reverse_holo""]",multiple,multiple_physical_finish_candidates_without_family_specific_evidence,LOW,"Source fact: Price Guide exposes base columns ['low', 'trend', 'avg1', 'avg7', 'avg30']; source fact: canonical scope exposes compatible finishes ['normal', 'reverse_holo']. Inference withheld: no Cardmarket source field identifies this metric family with one finish.","{""canonical_source"":{""canonical_card_id"":23520,""canonical_number"":""165"",""status"":""EXACT""},""cardmarket_source"":{""idMetacard"":421238,""idProduct"":719612,""name"":""Rigid Band""},""inference"":{""base_to_finish"":""not inferred"",""foil_to_finish"":""not inferred""},""physical_candidates"":[{""art_kind"":""unknown"",""card_id"":25483,""finish"":""normal"",""rarity"":""Uncommon""},{""art_kind"":""unknown"",""card_id"":25484,""finish"":""reverse_holo"",""rarity"":""Uncommon""}],""source_fields_audited"":{""all_expected_columns_present"":true,""base_columns"":[""low"",""trend"",""avg1"",""avg7"",""avg30""],""foil_columns"":[""low-holo"",""trend-holo"",""avg1-holo"",""avg7-holo"",""avg30-holo""],""observed_metric_columns"":[""avg1"",""avg1-holo"",""avg30"",""avg30-holo"",""avg7"",""avg7-holo"",""low"",""low-holo"",""trend"",""trend-holo""],""unexpected_metric_columns"":[""avg"",""avg-holo""]},""source_files"":{""discovery_mapping_sha256"":""81b5c2edaebda0de843c7f6b13a9710e731d48fe3717881219ea5196d7e0335d"",""prices_path"":""/Users/facundogalmarini/Desktop/price_guide_6 (1).json"",""prices_sha256"":""86282c2015adc332db82ce65d162f6cc44dc0bb3208b8bfedd952268ffafa145"",""products_path"":""/Users/facundogalmarini/Desktop/products_singles_6 (1).json"",""products_sha256"":""318cdf83b38813443530bb4d14f770ed0c1225be9ad87ddebbbee00b097613b5""}}"
719612,23520,165,Rigid Band,foil,"[""low-holo"",""trend-holo"",""avg1-holo"",""avg7-holo"",""avg30-holo""]","[""low-holo"",""trend-holo"",""avg1-holo"",""avg7-holo"",""avg30-holo""]",EXACT,AMBIGUOUS,False,,"[25483,25484]","[""normal"",""reverse_holo""]",multiple,multiple_physical_finish_candidates_without_family_specific_evidence,LOW,"Source fact: Price Guide exposes foil columns ['low-holo', 'trend-holo', 'avg1-holo', 'avg7-holo', 'avg30-holo']; source fact: canonical scope exposes compatible finishes ['normal', 'reverse_holo']. Inference withheld: no Cardmarket source field identifies this metric family with one finish.","{""canonical_source"":{""canonical_card_id"":23520,""canonical_number"":""165"",""status"":""EXACT""},""cardmarket_source"":{""idMetacard"":421238,""idProduct"":719612,""name"":""Rigid Band""},""inference"":{""base_to_finish"":""not inferred"",""foil_to_finish"":""not inferred""},""physical_candidates"":[{""art_kind"":""unknown"",""card_id"":25483,""finish"":""normal"",""rarity"":""Uncommon""},{""art_kind"":""unknown"",""card_id"":25484,""finish"":""reverse_holo"",""rarity"":""Uncommon""}],""source_fields_audited"":{""all_expected_columns_present"":true,""base_columns"":[""low"",""trend"",""avg1"",""avg7"",""avg30""],""foil_columns"":[""low-holo"",""trend-holo"",""avg1-holo"",""avg7-holo"",""avg30-holo""],""observed_metric_columns"":[""avg1"",""avg1-holo"",""avg30"",""avg30-holo"",""avg7"",""avg7-holo"",""low"",""low-holo"",""trend"",""trend-holo""],""unexpected_metric_columns"":[""avg"",""avg-holo""]},""source_files"":{""discovery_mapping_sha256"":""81b5c2edaebda0de843c7f6b13a9710e731d48fe3717881219ea5196d7e0335d"",""prices_path"":""/Users/facundogalmarini/Desktop/price_guide_6 (1).json"",""prices_sha256"":""86282c2015adc332db82ce65d162f6cc44dc0bb3208b8bfedd952268ffafa145"",""products_path"":""/Users/facundogalmarini/Desktop/products_singles_6 (1).json"",""products_sha256"":""318cdf83b38813443530bb4d14f770ed0c1225be9ad87ddebbbee00b097613b5""}}"
719613,23518,163,Leftovers,base,"[""low"",""trend"",""avg1"",""avg7"",""avg30""]","[""low"",""trend"",""avg1"",""avg7"",""avg30""]",EXACT,AMBIGUOUS,False,,"[25479,25480]","[""normal"",""reverse_holo""]",multiple,multiple_physical_finish_candidates_without_family_specific_evidence,LOW,"Source fact: Price Guide exposes base columns ['low', 'trend', 'avg1', 'avg7', 'avg30']; source fact: canonical scope exposes compatible finishes ['normal', 'reverse_holo']. Inference withheld: no Cardmarket source field identifies this metric family with one finish.","{""canonical_source"":{""canonical_card_id"":23518,""canonical_number"":""163"",""status"":""EXACT""},""cardmarket_source"":{""idMetacard"":215862,""idProduct"":719613,""name"":""Leftovers""},""inference"":{""base_to_finish"":""not inferred"",""foil_to_finish"":""not inferred""},""physical_candidates"":[{""art_kind"":""unknown"",""card_id"":25479,""finish"":""normal"",""rarity"":""Uncommon""},{""art_kind"":""unknown"",""card_id"":25480,""finish"":""reverse_holo"",""rarity"":""Uncommon""}],""source_fields_audited"":{""all_expected_columns_present"":true,""base_columns"":[""low"",""trend"",""avg1"",""avg7"",""avg30""],""foil_columns"":[""low-holo"",""trend-holo"",""avg1-holo"",""avg7-holo"",""avg30-holo""],""observed_metric_columns"":[""avg1"",""avg1-holo"",""avg30"",""avg30-holo"",""avg7"",""avg7-holo"",""low"",""low-holo"",""trend"",""trend-holo""],""unexpected_metric_columns"":[""avg"",""avg-holo""]},""source_files"":{""discovery_mapping_sha256"":""81b5c2edaebda0de843c7f6b13a9710e731d48fe3717881219ea5196d7e0335d"",""prices_path"":""/Users/facundogalmarini/Desktop/price_guide_6 (1).json"",""prices_sha256"":""86282c2015adc332db82ce65d162f6cc44dc0bb3208b8bfedd952268ffafa145"",""products_path"":""/Users/facundogalmarini/Desktop/products_singles_6 (1).json"",""products_sha256"":""318cdf83b38813443530bb4d14f770ed0c1225be9ad87ddebbbee00b097613b5""}}"
719613,23518,163,Leftovers,foil,"[""low-holo"",""trend-holo"",""avg1-holo"",""avg7-holo"",""avg30-holo""]","[""low-holo"",""trend-holo"",""avg1-holo"",""avg7-holo"",""avg30-holo""]",EXACT,AMBIGUOUS,False,,"[25479,25480]","[""normal"",""reverse_holo""]",multiple,multiple_physical_finish_candidates_without_family_specific_evidence,LOW,"Source fact: Price Guide exposes foil columns ['low-holo', 'trend-holo', 'avg1-holo', 'avg7-holo', 'avg30-holo']; source fact: canonical scope exposes compatible finishes ['normal', 'reverse_holo']. Inference withheld: no Cardmarket source field identifies this metric family with one finish.","{""canonical_source"":{""canonical_card_id"":23518,""canonical_number"":""163"",""status"":""EXACT""},""cardmarket_source"":{""idMetacard"":215862,""idProduct"":719613,""name"":""Leftovers""},""inference"":{""base_to_finish"":""not inferred"",""foil_to_finish"":""not inferred""},""physical_candidates"":[{""art_kind"":""unknown"",""card_id"":25479,""finish"":""normal"",""rarity"":""Uncommon""},{""art_kind"":""unknown"",""card_id"":25480,""finish"":""reverse_holo"",""rarity"":""Uncommon""}],""source_fields_audited"":{""all_expected_columns_present"":true,""base_columns"":[""low"",""trend"",""avg1"",""avg7"",""avg30""],""foil_columns"":[""low-holo"",""trend-holo"",""avg1-holo"",""avg7-holo"",""avg30-holo""],""observed_metric_columns"":[""avg1"",""avg1-holo"",""avg30"",""avg30-holo"",""avg7"",""avg7-holo"",""low"",""low-holo"",""trend"",""trend-holo""],""unexpected_metric_columns"":[""avg"",""avg-holo""]},""source_files"":{""discovery_mapping_sha256"":""81b5c2edaebda0de843c7f6b13a9710e731d48fe3717881219ea5196d7e0335d"",""prices_path"":""/Users/facundogalmarini/Desktop/price_guide_6 (1).json"",""prices_sha256"":""86282c2015adc332db82ce65d162f6cc44dc0bb3208b8bfedd952268ffafa145"",""products_path"":""/Users/facundogalmarini/Desktop/products_singles_6 (1).json"",""products_sha256"":""318cdf83b38813443530bb4d14f770ed0c1225be9ad87ddebbbee00b097613b5""}}"
719618,23512,157,Cycling Road,base,"[""low"",""trend"",""avg1"",""avg7"",""avg30""]","[""low"",""trend"",""avg1"",""avg7"",""avg30""]",EXACT,AMBIGUOUS,False,,"[25467,25468]","[""normal"",""reverse_holo""]",multiple,multiple_physical_finish_candidates_without_family_specific_evidence,LOW,"Source fact: Price Guide exposes base columns ['low', 'trend', 'avg1', 'avg7', 'avg30']; source fact: canonical scope exposes compatible finishes ['normal', 'reverse_holo']. Inference withheld: no Cardmarket source field identifies this metric family with one finish.","{""canonical_source"":{""canonical_card_id"":23512,""canonical_number"":""157"",""status"":""EXACT""},""cardmarket_source"":{""idMetacard"":421243,""idProduct"":719618,""name"":""Cycling Road""},""inference"":{""base_to_finish"":""not inferred"",""foil_to_finish"":""not inferred""},""physical_candidates"":[{""art_kind"":""unknown"",""card_id"":25467,""finish"":""normal"",""rarity"":""Uncommon""},{""art_kind"":""unknown"",""card_id"":25468,""finish"":""reverse_holo"",""rarity"":""Uncommon""}],""source_fields_audited"":{""all_expected_columns_present"":true,""base_columns"":[""low"",""trend"",""avg1"",""avg7"",""avg30""],""foil_columns"":[""low-holo"",""trend-holo"",""avg1-holo"",""avg7-holo"",""avg30-holo""],""observed_metric_columns"":[""avg1"",""avg1-holo"",""avg30"",""avg30-holo"",""avg7"",""avg7-holo"",""low"",""low-holo"",""trend"",""trend-holo""],""unexpected_metric_columns"":[""avg"",""avg-holo""]},""source_files"":{""discovery_mapping_sha256"":""81b5c2edaebda0de843c7f6b13a9710e731d48fe3717881219ea5196d7e0335d"",""prices_path"":""/Users/facundogalmarini/Desktop/price_guide_6 (1).json"",""prices_sha256"":""86282c2015adc332db82ce65d162f6cc44dc0bb3208b8bfedd952268ffafa145"",""products_path"":""/Users/facundogalmarini/Desktop/products_singles_6 (1).json"",""products_sha256"":""318cdf83b38813443530bb4d14f770ed0c1225be9ad87ddebbbee00b097613b5""}}"
719618,23512,157,Cycling Road,foil,"[""low-holo"",""trend-holo"",""avg1-holo"",""avg7-holo"",""avg30-holo""]","[""low-holo"",""trend-holo"",""avg1-holo"",""avg7-holo"",""avg30-holo""]",EXACT,AMBIGUOUS,False,,"[25467,25468]","[""normal"",""reverse_holo""]",multiple,multiple_physical_finish_candidates_without_family_specific_evidence,LOW,"Source fact: Price Guide exposes foil columns ['low-holo', 'trend-holo', 'avg1-holo', 'avg7-holo', 'avg30-holo']; source fact: canonical scope exposes compatible finishes ['normal', 'reverse_holo']. Inference withheld: no Cardmarket source field identifies this metric family with one finish.","{""canonical_source"":{""canonical_card_id"":23512,""canonical_number"":""157"",""status"":""EXACT""},""cardmarket_source"":{""idMetacard"":421243,""idProduct"":719618,""name"":""Cycling Road""},""inference"":{""base_to_finish"":""not inferred"",""foil_to_finish"":""not inferred""},""physical_candidates"":[{""art_kind"":""unknown"",""card_id"":25467,""finish"":""normal"",""rarity"":""Uncommon""},{""art_kind"":""unknown"",""card_id"":25468,""finish"":""reverse_holo"",""rarity"":""Uncommon""}],""source_fields_audited"":{""all_expected_columns_present"":true,""base_columns"":[""low"",""trend"",""avg1"",""avg7"",""avg30""],""foil_columns"":[""low-holo"",""trend-holo"",""avg1-holo"",""avg7-holo"",""avg30-holo""],""observed_metric_columns"":[""avg1"",""avg1-holo"",""avg30"",""avg30-holo"",""avg7"",""avg7-holo"",""low"",""low-holo"",""trend"",""trend-holo""],""unexpected_metric_columns"":[""avg"",""avg-holo""]},""source_files"":{""discovery_mapping_sha256"":""81b5c2edaebda0de843c7f6b13a9710e731d48fe3717881219ea5196d7e0335d"",""prices_path"":""/Users/facundogalmarini/Desktop/price_guide_6 (1).json"",""prices_sha256"":""86282c2015adc332db82ce65d162f6cc44dc0bb3208b8bfedd952268ffafa145"",""products_path"":""/Users/facundogalmarini/Desktop/products_singles_6 (1).json"",""products_sha256"":""318cdf83b38813443530bb4d14f770ed0c1225be9ad87ddebbbee00b097613b5""}}"
719634,23498,143,Snorlax,base,"[""low"",""trend"",""avg1"",""avg7"",""avg30""]","[""low"",""trend"",""avg1"",""avg7"",""avg30""]",EXACT,UNRESOLVED,False,,[],[],unknown,no_family_specific_finish_evidence,LOW,"Source fact: Price Guide exposes base columns ['low', 'trend', 'avg1', 'avg7', 'avg30']; source fact: compatible physical candidates are []. Inference withheld: a single/unknown physical scope is not sufficient to assign a metric family.","{""canonical_source"":{""canonical_card_id"":23498,""canonical_number"":""143"",""status"":""EXACT""},""cardmarket_source"":{""idMetacard"":421222,""idProduct"":719634,""name"":""Snorlax [Voraciousness | Thudding Press]""},""inference"":{""base_to_finish"":""not inferred"",""foil_to_finish"":""not inferred""},""physical_candidates"":[],""source_fields_audited"":{""all_expected_columns_present"":true,""base_columns"":[""low"",""trend"",""avg1"",""avg7"",""avg30""],""foil_columns"":[""low-holo"",""trend-holo"",""avg1-holo"",""avg7-holo"",""avg30-holo""],""observed_metric_columns"":[""avg1"",""avg1-holo"",""avg30"",""avg30-holo"",""avg7"",""avg7-holo"",""low"",""low-holo"",""trend"",""trend-holo""],""unexpected_metric_columns"":[""avg"",""avg-holo""]},""source_files"":{""discovery_mapping_sha256"":""81b5c2edaebda0de843c7f6b13a9710e731d48fe3717881219ea5196d7e0335d"",""prices_path"":""/Users/facundogalmarini/Desktop/price_guide_6 (1).json"",""prices_sha256"":""86282c2015adc332db82ce65d162f6cc44dc0bb3208b8bfedd952268ffafa145"",""products_path"":""/Users/facundogalmarini/Desktop/products_singles_6 (1).json"",""products_sha256"":""318cdf83b38813443530bb4d14f770ed0c1225be9ad87ddebbbee00b097613b5""}}"
719636,23505,150,Mewtwo,base,"[""low"",""trend"",""avg1"",""avg7"",""avg30""]","[""low"",""trend"",""avg1"",""avg7"",""avg30""]",EXACT,UNRESOLVED,False,,[],[],unknown,no_family_specific_finish_evidence,LOW,"Source fact: Price Guide exposes base columns ['low', 'trend', 'avg1', 'avg7', 'avg30']; source fact: compatible physical candidates are []. Inference withheld: a single/unknown physical scope is not sufficient to assign a metric family.","{""canonical_source"":{""canonical_card_id"":23505,""canonical_number"":""150"",""status"":""EXACT""},""cardmarket_source"":{""idMetacard"":421229,""idProduct"":719636,""name"":""Mewtwo [Reflective Barrier | Psyslash]""},""inference"":{""base_to_finish"":""not inferred"",""foil_to_finish"":""not inferred""},""physical_candidates"":[],""source_fields_audited"":{""all_expected_columns_present"":true,""base_columns"":[""low"",""trend"",""avg1"",""avg7"",""avg30""],""foil_columns"":[""low-holo"",""trend-holo"",""avg1-holo"",""avg7-holo"",""avg30-holo""],""observed_metric_columns"":[""avg1"",""avg1-holo"",""avg30"",""avg30-holo"",""avg7"",""avg7-holo"",""low"",""low-holo"",""trend"",""trend-holo""],""unexpected_metric_columns"":[""avg"",""avg-holo""]},""source_files"":{""discovery_mapping_sha256"":""81b5c2edaebda0de843c7f6b13a9710e731d48fe3717881219ea5196d7e0335d"",""prices_path"":""/Users/facundogalmarini/Desktop/price_guide_6 (1).json"",""prices_sha256"":""86282c2015adc332db82ce65d162f6cc44dc0bb3208b8bfedd952268ffafa145"",""products_path"":""/Users/facundogalmarini/Desktop/products_singles_6 (1).json"",""products_sha256"":""318cdf83b38813443530bb4d14f770ed0c1225be9ad87ddebbbee00b097613b5""}}"
719662,23561,206,Switch,base,"[""low"",""trend"",""avg1"",""avg7"",""avg30""]","[""low"",""trend"",""avg1"",""avg7"",""avg30""]",EXACT,UNRESOLVED,False,,[25525],"[""holo""]",unknown,no_family_specific_finish_evidence,LOW,"Source fact: Price Guide exposes base columns ['low', 'trend', 'avg1', 'avg7', 'avg30']; source fact: compatible physical candidates are ['holo']. Inference withheld: a single/unknown physical scope is not sufficient to assign a metric family.","{""canonical_source"":{""canonical_card_id"":23561,""canonical_number"":""206"",""status"":""EXACT""},""cardmarket_source"":{""idMetacard"":224028,""idProduct"":719662,""name"":""Switch""},""inference"":{""base_to_finish"":""not inferred"",""foil_to_finish"":""not inferred""},""physical_candidates"":[{""art_kind"":""unknown"",""card_id"":25525,""finish"":""holo"",""rarity"":""Hyper rare""}],""source_fields_audited"":{""all_expected_columns_present"":true,""base_columns"":[""low"",""trend"",""avg1"",""avg7"",""avg30""],""foil_columns"":[""low-holo"",""trend-holo"",""avg1-holo"",""avg7-holo"",""avg30-holo""],""observed_metric_columns"":[""avg1"",""avg1-holo"",""avg30"",""avg30-holo"",""avg7"",""avg7-holo"",""low"",""low-holo"",""trend"",""trend-holo""],""unexpected_metric_columns"":[""avg"",""avg-holo""]},""source_files"":{""discovery_mapping_sha256"":""81b5c2edaebda0de843c7f6b13a9710e731d48fe3717881219ea5196d7e0335d"",""prices_path"":""/Users/facundogalmarini/Desktop/price_guide_6 (1).json"",""prices_sha256"":""86282c2015adc332db82ce65d162f6cc44dc0bb3208b8bfedd952268ffafa145"",""products_path"":""/Users/facundogalmarini/Desktop/products_singles_6 (1).json"",""products_sha256"":""318cdf83b38813443530bb4d14f770ed0c1225be9ad87ddebbbee00b097613b5""}}"
719663,23562,207,Basic Energy,base,"[""low"",""trend"",""avg1"",""avg7"",""avg30""]","[""low"",""trend"",""avg1"",""avg7"",""avg30""]",EXACT,UNRESOLVED,False,,[25526],"[""holo""]",unknown,no_family_specific_finish_evidence,LOW,"Source fact: Price Guide exposes base columns ['low', 'trend', 'avg1', 'avg7', 'avg30']; source fact: compatible physical candidates are ['holo']. Inference withheld: a single/unknown physical scope is not sufficient to assign a metric family.","{""canonical_source"":{""canonical_card_id"":23562,""canonical_number"":""207"",""status"":""EXACT""},""cardmarket_source"":{""idMetacard"":439732,""idProduct"":719663,""name"":""Basic Psychic Energy""},""inference"":{""base_to_finish"":""not inferred"",""foil_to_finish"":""not inferred""},""physical_candidates"":[{""art_kind"":""unknown"",""card_id"":25526,""finish"":""holo"",""rarity"":""Hyper rare""}],""source_fields_audited"":{""all_expected_columns_present"":true,""base_columns"":[""low"",""trend"",""avg1"",""avg7"",""avg30""],""foil_columns"":[""low-holo"",""trend-holo"",""avg1-holo"",""avg7-holo"",""avg30-holo""],""observed_metric_columns"":[""avg1"",""avg1-holo"",""avg30"",""avg30-holo"",""avg7"",""avg7-holo"",""low"",""low-holo"",""trend"",""trend-holo""],""unexpected_metric_columns"":[""avg"",""avg-holo""]},""source_files"":{""discovery_mapping_sha256"":""81b5c2edaebda0de843c7f6b13a9710e731d48fe3717881219ea5196d7e0335d"",""prices_path"":""/Users/facundogalmarini/Desktop/price_guide_6 (1).json"",""prices_sha256"":""86282c2015adc332db82ce65d162f6cc44dc0bb3208b8bfedd952268ffafa145"",""products_path"":""/Users/facundogalmarini/Desktop/products_singles_6 (1).json"",""products_sha256"":""318cdf83b38813443530bb4d14f770ed0c1225be9ad87ddebbbee00b097613b5""}}"
