set,collector_number,language,treatment,object_type,name,scryfall_id,layout,type_line,frame_effects,promo_types,source_finish_options,finish,physical_pairing,finish_detail
HOB,1,English,Default,card,Long-Bodied Grey Dog,d1a1e520-1fe2-4529-8afb-c187bb80da3c,normal,Creature — Dog,,universesbeyond,foil|nonfoil,nonfoil,,nonfoil
HOB,1,English,Default,card,Long-Bodied Grey Dog,d1a1e520-1fe2-4529-8afb-c187bb80da3c,normal,Creature — Dog,,universesbeyond,foil|nonfoil,foil,,traditional_foil_or_foil_unspecified
HOB,2,English,Default,card,Old Thrush,3ad02b56-13ec-46ef-92bd-ae078b8bb517,normal,Creature — Bird,,universesbeyond,foil|nonfoil,nonfoil,,nonfoil
HOB,2,English,Default,card,Old Thrush,3ad02b56-13ec-46ef-92bd-ae078b8bb517,normal,Creature — Bird,,universesbeyond,foil|nonfoil,foil,,traditional_foil_or_foil_unspecified
HOB,3,English,Default,card,Troop of Ponies,0b4b1c59-bcec-4779-9e27-0e6f9feb4e11,normal,Creature — Horse,,universesbeyond,foil|nonfoil,nonfoil,,nonfoil
HOB,3,English,Default,card,Troop of Ponies,0b4b1c59-bcec-4779-9e27-0e6f9feb4e11,normal,Creature — Horse,,universesbeyond,foil|nonfoil,foil,,traditional_foil_or_foil_unspecified
HOB,4,English,Default,card,Belladonna Took,88f0c189-c9ed-4ea3-ae62-3d8ac6c7fecf,normal,Legendary Creature — Halfling Citizen,legendary,universesbeyond,foil|nonfoil,nonfoil,,nonfoil
HOB,4,English,Default,card,Belladonna Took,88f0c189-c9ed-4ea3-ae62-3d8ac6c7fecf,normal,Legendary Creature — Halfling Citizen,legendary,universesbeyond,foil|nonfoil,foil,,traditional_foil_or_foil_unspecified
HOB,5,English,Default,card,Bilbo's Gambit,45ad01f0-cda8-4931-82bb-cb4949e56ae9,normal,Instant,,universesbeyond,foil|nonfoil,nonfoil,,nonfoil
HOB,5,English,Default,card,Bilbo's Gambit,45ad01f0-cda8-4931-82bb-cb4949e56ae9,normal,Instant,,universesbeyond,foil|nonfoil,foil,,traditional_foil_or_foil_unspecified
HOB,6,English,Default,card,"Bofur, Reliable Guardian // Concerted Care",6b8e6435-7de4-41d5-bc7d-8e24c11897d0,adventure,Legendary Creature — Dwarf Scout // Instant — Adventure,legendary,universesbeyond,foil|nonfoil,nonfoil,,nonfoil
HOB,6,English,Default,card,"Bofur, Reliable Guardian // Concerted Care",6b8e6435-7de4-41d5-bc7d-8e24c11897d0,adventure,Legendary Creature — Dwarf Scout // Instant — Adventure,legendary,universesbeyond,foil|nonfoil,foil,,traditional_foil_or_foil_unspecified
HOB,7,English,Default,card,Celebrate the Mountain-king,42fbd61d-e1a6-465d-b1a3-f5ee0869d3af,normal,Enchantment,enchantment,universesbeyond,foil|nonfoil,nonfoil,,nonfoil
HOB,7,English,Default,card,Celebrate the Mountain-king,42fbd61d-e1a6-465d-b1a3-f5ee0869d3af,normal,Enchantment,enchantment,universesbeyond,foil|nonfoil,foil,,traditional_foil_or_foil_unspecified
HOB,8,English,Default,card,"Dáin, Lord of the Iron Hills",99d27749-d16c-45e9-accc-6a01351c17f9,normal,Legendary Creature — Dwarf Noble,legendary,universesbeyond,foil|nonfoil,nonfoil,,nonfoil
HOB,8,English,Default,card,"Dáin, Lord of the Iron Hills",99d27749-d16c-45e9-accc-6a01351c17f9,normal,Legendary Creature — Dwarf Noble,legendary,universesbeyond,foil|nonfoil,foil,,traditional_foil_or_foil_unspecified
HOB,9,English,Default,card,Dwarven Provisioner,1f9a61a1-454e-4d5b-a6dd-1a79fe9dedf3,normal,Creature — Dwarf Citizen,,universesbeyond,foil|nonfoil,nonfoil,,nonfoil
HOB,9,English,Default,card,Dwarven Provisioner,1f9a61a1-454e-4d5b-a6dd-1a79fe9dedf3,normal,Creature — Dwarf Citizen,,universesbeyond,foil|nonfoil,foil,,traditional_foil_or_foil_unspecified
HOB,10,English,Default,card,Dwarven Shortsword,f2341cf3-4d2c-4a4f-9aea-8834104a8910,normal,Artifact — Equipment,,universesbeyond,foil|nonfoil,nonfoil,,nonfoil
HOB,10,English,Default,card,Dwarven Shortsword,f2341cf3-4d2c-4a4f-9aea-8834104a8910,normal,Artifact — Equipment,,universesbeyond,foil|nonfoil,foil,,traditional_foil_or_foil_unspecified
HOB,11,English,Default,card,Eagle of the Great Shelf,3feca644-5f65-4477-bbc8-d505cec6f3a5,normal,Creature — Bird Soldier,,universesbeyond,foil|nonfoil,nonfoil,,nonfoil
HOB,11,English,Default,card,Eagle of the Great Shelf,3feca644-5f65-4477-bbc8-d505cec6f3a5,normal,Creature — Bird Soldier,,universesbeyond,foil|nonfoil,foil,,traditional_foil_or_foil_unspecified
HOB,12,English,Default,card,The Eagles Are Coming!,0bda1b62-47fc-42c2-a841-ccad8ea0db48,normal,Instant,,universesbeyond,foil|nonfoil,nonfoil,,nonfoil
HOB,12,English,Default,card,The Eagles Are Coming!,0bda1b62-47fc-42c2-a841-ccad8ea0db48,normal,Instant,,universesbeyond,foil|nonfoil,foil,,traditional_foil_or_foil_unspecified
HOB,13,English,Default,card,Esgaroth Garrison,573f67b0-6ce8-4857-a703-4a5728640736,normal,Creature — Human Soldier,,universesbeyond,foil|nonfoil,nonfoil,,nonfoil
HOB,13,English,Default,card,Esgaroth Garrison,573f67b0-6ce8-4857-a703-4a5728640736,normal,Creature — Human Soldier,,universesbeyond,foil|nonfoil,foil,,traditional_foil_or_foil_unspecified
HOB,14,English,Default,card,Fíli the Pathfinder,b02142f3-5e55-40dc-a02c-9113fb7d763c,normal,Legendary Creature — Dwarf Scout,legendary,universesbeyond,foil|nonfoil,nonfoil,,nonfoil
HOB,14,English,Default,card,Fíli the Pathfinder,b02142f3-5e55-40dc-a02c-9113fb7d763c,normal,Legendary Creature — Dwarf Scout,legendary,universesbeyond,foil|nonfoil,foil,,traditional_foil_or_foil_unspecified
HOB,15,English,Default,card,Gleaming Splendor,3b087bd4-bbb7-4963-bdb6-0a700ff19a04,normal,Enchantment,enchantment,universesbeyond,foil|nonfoil,nonfoil,,nonfoil
HOB,15,English,Default,card,Gleaming Splendor,3b087bd4-bbb7-4963-bdb6-0a700ff19a04,normal,Enchantment,enchantment,universesbeyond,foil|nonfoil,foil,,traditional_foil_or_foil_unspecified
HOB,16,English,Default,card,Iron Hills Blacksmith,370e09c2-36c5-4662-8350-1db798afad3e,normal,Creature — Dwarf Artificer,,universesbeyond,foil|nonfoil,nonfoil,,nonfoil
HOB,16,English,Default,card,Iron Hills Blacksmith,370e09c2-36c5-4662-8350-1db798afad3e,normal,Creature — Dwarf Artificer,,universesbeyond,foil|nonfoil,foil,,traditional_foil_or_foil_unspecified
HOB,17,English,Default,card,Kíli the Resourceful,1805532f-6d99-47d0-9529-5f5831a7fdc8,normal,Legendary Creature — Dwarf Scout,legendary,universesbeyond,foil|nonfoil,nonfoil,,nonfoil
HOB,17,English,Default,card,Kíli the Resourceful,1805532f-6d99-47d0-9529-5f5831a7fdc8,normal,Legendary Creature — Dwarf Scout,legendary,universesbeyond,foil|nonfoil,foil,,traditional_foil_or_foil_unspecified
HOB,18,English,Default,card,Lake-town Lookout,178c4cf6-6b11-40e4-9673-c560d6818a6b,normal,Creature — Human Scout,,universesbeyond,foil|nonfoil,nonfoil,,nonfoil
HOB,18,English,Default,card,Lake-town Lookout,178c4cf6-6b11-40e4-9673-c560d6818a6b,normal,Creature — Human Scout,,universesbeyond,foil|nonfoil,foil,,traditional_foil_or_foil_unspecified
HOB,19,English,Default,card,Lake-town Toymaker,67304269-c595-4cf0-8dbf-fcb2e9e01fe2,normal,Creature — Human Artificer,,universesbeyond,foil|nonfoil,nonfoil,,nonfoil
HOB,19,English,Default,card,Lake-town Toymaker,67304269-c595-4cf0-8dbf-fcb2e9e01fe2,normal,Creature — Human Artificer,,universesbeyond,foil|nonfoil,foil,,traditional_foil_or_foil_unspecified
HOB,20,English,Default,card,Magnificent End,430c8916-1167-400b-9cad-d301f59d5e5d,normal,Instant,,universesbeyond,foil|nonfoil,nonfoil,,nonfoil
HOB,20,English,Default,card,Magnificent End,430c8916-1167-400b-9cad-d301f59d5e5d,normal,Instant,,universesbeyond,foil|nonfoil,foil,,traditional_foil_or_foil_unspecified
HOB,21,English,Default,card,Moment of Glory,0a6a6ff0-b1cd-4b06-bd31-612690094e0e,normal,Sorcery,,universesbeyond,foil|nonfoil,nonfoil,,nonfoil
HOB,21,English,Default,card,Moment of Glory,0a6a6ff0-b1cd-4b06-bd31-612690094e0e,normal,Sorcery,,universesbeyond,foil|nonfoil,foil,,traditional_foil_or_foil_unspecified
HOB,22,English,Default,card,The Mountain-king's Return,68f4893d-e9a5-4f89-ade3-9ab78a834ad5,saga,Enchantment — Saga,enchantment,universesbeyond,foil|nonfoil,nonfoil,,nonfoil
HOB,22,English,Default,card,The Mountain-king's Return,68f4893d-e9a5-4f89-ade3-9ab78a834ad5,saga,Enchantment — Saga,enchantment,universesbeyond,foil|nonfoil,foil,,traditional_foil_or_foil_unspecified
HOB,23,English,Default,card,"Ori, Keeper of Songs",c5727af5-a487-4b16-8278-81c3c928c417,normal,Legendary Creature — Dwarf Bard,legendary,universesbeyond,foil|nonfoil,nonfoil,,nonfoil
HOB,23,English,Default,card,"Ori, Keeper of Songs",c5727af5-a487-4b16-8278-81c3c928c417,normal,Legendary Creature — Dwarf Bard,legendary,universesbeyond,foil|nonfoil,foil,,traditional_foil_or_foil_unspecified
HOB,24,English,Default,card,The Queen of Dale,c977fb5f-4436-41d0-af68-93b6d05897e5,normal,Legendary Creature — Human Noble,legendary,universesbeyond,foil|nonfoil,nonfoil,,nonfoil
HOB,24,English,Default,card,The Queen of Dale,c977fb5f-4436-41d0-af68-93b6d05897e5,normal,Legendary Creature — Human Noble,legendary,universesbeyond,foil|nonfoil,foil,,traditional_foil_or_foil_unspecified
HOB,25,English,Default,card,"Roads Go Ever, Ever On",b3c1ebd6-967f-4b8c-8f1f-442ce8c1da24,saga,Enchantment — Saga,enchantment,universesbeyond,foil|nonfoil,nonfoil,,nonfoil
HOB,25,English,Default,card,"Roads Go Ever, Ever On",b3c1ebd6-967f-4b8c-8f1f-442ce8c1da24,saga,Enchantment — Saga,enchantment,universesbeyond,foil|nonfoil,foil,,traditional_foil_or_foil_unspecified
HOB,26,English,Default,card,Settle the Wreckage,31a7a5e2-4cb8-48fc-8351-18344b4a7560,normal,Instant,,universesbeyond,foil|nonfoil,nonfoil,,nonfoil
HOB,26,English,Default,card,Settle the Wreckage,31a7a5e2-4cb8-48fc-8351-18344b4a7560,normal,Instant,,universesbeyond,foil|nonfoil,foil,,traditional_foil_or_foil_unspecified
HOB,27,English,Default,card,Stone by Sunlight,c5752731-253c-4b41-bdd8-94c26d715206,normal,Instant,,universesbeyond,foil|nonfoil,nonfoil,,nonfoil
HOB,27,English,Default,card,Stone by Sunlight,c5752731-253c-4b41-bdd8-94c26d715206,normal,Instant,,universesbeyond,foil|nonfoil,foil,,traditional_foil_or_foil_unspecified
HOB,28,English,Default,card,Thorin's Last Stand,127367b6-9cfe-4516-9bfd-5b951468a25c,normal,Instant,,universesbeyond,foil|nonfoil,nonfoil,,nonfoil
HOB,28,English,Default,card,Thorin's Last Stand,127367b6-9cfe-4516-9bfd-5b951468a25c,normal,Instant,,universesbeyond,foil|nonfoil,foil,,traditional_foil_or_foil_unspecified
HOB,29,English,Default,card,An Unexpected Party // At the Door,3aa29fe8-1687-486f-b4df-c04977869ab1,adventure,Enchantment // Sorcery — Adventure,enchantment,universesbeyond,foil|nonfoil,nonfoil,,nonfoil
HOB,29,English,Default,card,An Unexpected Party // At the Door,3aa29fe8-1687-486f-b4df-c04977869ab1,adventure,Enchantment // Sorcery — Adventure,enchantment,universesbeyond,foil|nonfoil,foil,,traditional_foil_or_foil_unspecified
HOB,30,English,Default,card,Velvetwing Butterflies // Gaze in Wonder,5cc0f994-5048-4898-926e-b56cbc97e0ca,adventure,Creature — Insect // Instant — Adventure,,universesbeyond,foil|nonfoil,nonfoil,,nonfoil
HOB,30,English,Default,card,Velvetwing Butterflies // Gaze in Wonder,5cc0f994-5048-4898-926e-b56cbc97e0ca,adventure,Creature — Insect // Instant — Adventure,,universesbeyond,foil|nonfoil,foil,,traditional_foil_or_foil_unspecified
HOB,31,English,Default,card,Vow to Erebor,8d4f3eb5-fedf-45d6-8bd8-aacbe0ce33b2,normal,Instant,,universesbeyond,foil|nonfoil,nonfoil,,nonfoil
HOB,31,English,Default,card,Vow to Erebor,8d4f3eb5-fedf-45d6-8bd8-aacbe0ce33b2,normal,Instant,,universesbeyond,foil|nonfoil,foil,,traditional_foil_or_foil_unspecified
HOB,32,English,Default,card,"Bilbo, Luckwearer // Burglar's Plot",8bff0aa6-16d9-4c83-b598-ef00a3b33d2c,adventure,Legendary Creature — Halfling Rogue // Sorcery — Adventure,legendary,universesbeyond,foil|nonfoil,nonfoil,,nonfoil
HOB,32,English,Default,card,"Bilbo, Luckwearer // Burglar's Plot",8bff0aa6-16d9-4c83-b598-ef00a3b33d2c,adventure,Legendary Creature — Halfling Rogue // Sorcery — Adventure,legendary,universesbeyond,foil|nonfoil,foil,,traditional_foil_or_foil_unspecified
HOB,33,English,Default,card,"Bilbo, Thief in the Night",484c7f83-8339-4ae1-8350-68ce1f7d05a3,normal,Legendary Creature — Halfling Rogue,legendary,universesbeyond,foil|nonfoil,nonfoil,,nonfoil
HOB,33,English,Default,card,"Bilbo, Thief in the Night",484c7f83-8339-4ae1-8350-68ce1f7d05a3,normal,Legendary Creature — Halfling Rogue,legendary,universesbeyond,foil|nonfoil,foil,,traditional_foil_or_foil_unspecified
HOB,34,English,Default,card,"Bilbo Baggins, Burglar // Take a Glance",6a109b3e-9f5b-4625-abb7-6b992c10530b,adventure,Legendary Creature — Halfling Rogue // Sorcery — Adventure,legendary,universesbeyond,foil|nonfoil,nonfoil,,nonfoil
HOB,34,English,Default,card,"Bilbo Baggins, Burglar // Take a Glance",6a109b3e-9f5b-4625-abb7-6b992c10530b,adventure,Legendary Creature — Halfling Rogue // Sorcery — Adventure,legendary,universesbeyond,foil|nonfoil,foil,,traditional_foil_or_foil_unspecified
HOB,35,English,Default,card,Confusticate and Bebother,9de48690-e5ae-495a-addf-305f1db7ec21,normal,Instant,,universesbeyond,foil|nonfoil,nonfoil,,nonfoil
HOB,35,English,Default,card,Confusticate and Bebother,9de48690-e5ae-495a-addf-305f1db7ec21,normal,Instant,,universesbeyond,foil|nonfoil,foil,,traditional_foil_or_foil_unspecified
HOB,36,English,Default,card,"Elrond, Moon-Reader",fbcb310c-be73-46f8-8e65-8632454ccc6e,normal,Legendary Creature — Elf Noble,legendary,universesbeyond,foil|nonfoil,nonfoil,,nonfoil
HOB,36,English,Default,card,"Elrond, Moon-Reader",fbcb310c-be73-46f8-8e65-8632454ccc6e,normal,Legendary Creature — Elf Noble,legendary,universesbeyond,foil|nonfoil,foil,,traditional_foil_or_foil_unspecified
HOB,37,English,Default,card,Elven Raft-Steerer,c141695c-c108-41d5-85cb-1f7485d9d533,normal,Creature — Elf Pilot,,universesbeyond,foil|nonfoil,nonfoil,,nonfoil
HOB,37,English,Default,card,Elven Raft-Steerer,c141695c-c108-41d5-85cb-1f7485d9d533,normal,Creature — Elf Pilot,,universesbeyond,foil|nonfoil,foil,,traditional_foil_or_foil_unspecified
HOB,38,English,Default,card,Elvenking's Harper,9c50656d-c74a-4e90-9ef7-afa237682516,normal,Creature — Elf Bard,,universesbeyond,foil|nonfoil,nonfoil,,nonfoil
HOB,38,English,Default,card,Elvenking's Harper,9c50656d-c74a-4e90-9ef7-afa237682516,normal,Creature — Elf Bard,,universesbeyond,foil|nonfoil,foil,,traditional_foil_or_foil_unspecified
HOB,39,English,Default,card,Enchanted River's Grasp,ad40a4b9-9fab-49c1-8e9f-6e0776966833,normal,Enchantment — Aura,enchantment,universesbeyond,foil|nonfoil,nonfoil,,nonfoil
HOB,39,English,Default,card,Enchanted River's Grasp,ad40a4b9-9fab-49c1-8e9f-6e0776966833,normal,Enchantment — Aura,enchantment,universesbeyond,foil|nonfoil,foil,,traditional_foil_or_foil_unspecified
HOB,40,English,Default,card,Fateful Discovery,a1142fa1-b861-4876-aa48-402af35aaa63,normal,Enchantment,enchantment,universesbeyond,foil|nonfoil,nonfoil,,nonfoil
HOB,40,English,Default,card,Fateful Discovery,a1142fa1-b861-4876-aa48-402af35aaa63,normal,Enchantment,enchantment,universesbeyond,foil|nonfoil,foil,,traditional_foil_or_foil_unspecified
HOB,41,English,Default,card,"Gandalf, Wandering Wizard",1f8403a2-849c-4a59-b0ed-c8803995028d,normal,Legendary Creature — Avatar Wizard,legendary,universesbeyond,foil|nonfoil,nonfoil,,nonfoil
HOB,41,English,Default,card,"Gandalf, Wandering Wizard",1f8403a2-849c-4a59-b0ed-c8803995028d,normal,Legendary Creature — Avatar Wizard,legendary,universesbeyond,foil|nonfoil,foil,,traditional_foil_or_foil_unspecified
HOB,42,English,Default,card,Great Gilded Boat,b2fb3995-5b43-4776-88b2-346d353edee0,normal,Artifact — Vehicle,,universesbeyond,foil|nonfoil,nonfoil,,nonfoil
HOB,42,English,Default,card,Great Gilded Boat,b2fb3995-5b43-4776-88b2-346d353edee0,normal,Artifact — Vehicle,,universesbeyond,foil|nonfoil,foil,,traditional_foil_or_foil_unspecified
HOB,43,English,Default,card,Lakeshore Apothecary,abfbb255-a39b-4df5-bfb6-5298584e89f0,normal,Creature — Human Cleric,,universesbeyond,foil|nonfoil,nonfoil,,nonfoil
HOB,43,English,Default,card,Lakeshore Apothecary,abfbb255-a39b-4df5-bfb6-5298584e89f0,normal,Creature — Human Cleric,,universesbeyond,foil|nonfoil,foil,,traditional_foil_or_foil_unspecified
HOB,44,English,Default,card,Lake-town Mariners // Gone Fishing,4202a678-a5f4-47f9-9c18-e88ab9ad20a4,adventure,Creature — Human Citizen // Instant — Adventure,,universesbeyond,foil|nonfoil,nonfoil,,nonfoil
HOB,44,English,Default,card,Lake-town Mariners // Gone Fishing,4202a678-a5f4-47f9-9c18-e88ab9ad20a4,adventure,Creature — Human Citizen // Instant — Adventure,,universesbeyond,foil|nonfoil,foil,,traditional_foil_or_foil_unspecified
HOB,45,English,Default,card,Long Lake Nuisance,cd5af94d-6321-4834-8e5f-e5d0261b3ef3,normal,Creature — Bird,,universesbeyond,foil|nonfoil,nonfoil,,nonfoil
HOB,45,English,Default,card,Long Lake Nuisance,cd5af94d-6321-4834-8e5f-e5d0261b3ef3,normal,Creature — Bird,,universesbeyond,foil|nonfoil,foil,,traditional_foil_or_foil_unspecified
HOB,46,English,Default,card,The Lord of the Eagles,fa0554fc-9448-4ae2-8712-4f4f7af3c7b4,normal,Legendary Creature — Bird Noble,legendary,universesbeyond,foil|nonfoil,nonfoil,,nonfoil
HOB,46,English,Default,card,The Lord of the Eagles,fa0554fc-9448-4ae2-8712-4f4f7af3c7b4,normal,Legendary Creature — Bird Noble,legendary,universesbeyond,foil|nonfoil,foil,,traditional_foil_or_foil_unspecified
HOB,47,English,Default,card,Master's Councillors,addcefdd-e012-4adf-9052-e60376a8d2d3,normal,Creature — Human Advisor,,universesbeyond,foil|nonfoil,nonfoil,,nonfoil
HOB,47,English,Default,card,Master's Councillors,addcefdd-e012-4adf-9052-e60376a8d2d3,normal,Creature — Human Advisor,,universesbeyond,foil|nonfoil,foil,,traditional_foil_or_foil_unspecified
HOB,48,English,Default,card,Mirkwood Meditator,ad7ed4e6-3fe2-40f1-909b-a03b2a3c941a,normal,Creature — Elf Druid,,universesbeyond,foil|nonfoil,nonfoil,,nonfoil
HOB,48,English,Default,card,Mirkwood Meditator,ad7ed4e6-3fe2-40f1-909b-a03b2a3c941a,normal,Creature — Elf Druid,,universesbeyond,foil|nonfoil,foil,,traditional_foil_or_foil_unspecified
HOB,49,English,Default,card,Most Decrepit Old Bird // Speak Secrets,2d838feb-89f2-4cdb-a5ab-ec880f28d873,adventure,Creature — Bird // Sorcery — Adventure,,universesbeyond,foil|nonfoil,nonfoil,,nonfoil
HOB,49,English,Default,card,Most Decrepit Old Bird // Speak Secrets,2d838feb-89f2-4cdb-a5ab-ec880f28d873,adventure,Creature — Bird // Sorcery — Adventure,,universesbeyond,foil|nonfoil,foil,,traditional_foil_or_foil_unspecified
HOB,50,English,Default,card,Old Fat Spider Can't See Me,4a865cea-f947-4736-8ace-ba478fceeb22,saga,Enchantment — Saga,enchantment,universesbeyond,foil|nonfoil,nonfoil,,nonfoil
HOB,50,English,Default,card,Old Fat Spider Can't See Me,4a865cea-f947-4736-8ace-ba478fceeb22,saga,Enchantment — Saga,enchantment,universesbeyond,foil|nonfoil,foil,,traditional_foil_or_foil_unspecified
HOB,51,English,Default,card,Plunder the Trollshaws,afb73190-b9bd-4744-a011-a37cd9c0148d,normal,Instant,,universesbeyond,foil|nonfoil,nonfoil,,nonfoil
HOB,51,English,Default,card,Plunder the Trollshaws,afb73190-b9bd-4744-a011-a37cd9c0148d,normal,Instant,,universesbeyond,foil|nonfoil,foil,,traditional_foil_or_foil_unspecified
HOB,52,English,Default,card,Ravenhill Flock,acbb4d32-2771-469e-a6de-0df15155cc62,normal,Creature — Bird,,universesbeyond,foil|nonfoil,nonfoil,,nonfoil
HOB,52,English,Default,card,Ravenhill Flock,acbb4d32-2771-469e-a6de-0df15155cc62,normal,Creature — Bird,,universesbeyond,foil|nonfoil,foil,,traditional_foil_or_foil_unspecified
HOB,53,English,Default,card,Riddles in the Dark,a6129286-7437-4ba4-be55-586a22cd67ca,normal,Instant,,universesbeyond,foil|nonfoil,nonfoil,,nonfoil
HOB,53,English,Default,card,Riddles in the Dark,a6129286-7437-4ba4-be55-586a22cd67ca,normal,Instant,,universesbeyond,foil|nonfoil,foil,,traditional_foil_or_foil_unspecified
HOB,54,English,Default,card,Roll-Roll-Roll-Roll,a2e4099e-86bd-461f-87fa-7f7850ae7eec,saga,Enchantment — Saga,enchantment,universesbeyond,foil|nonfoil,nonfoil,,nonfoil
HOB,54,English,Default,card,Roll-Roll-Roll-Roll,a2e4099e-86bd-461f-87fa-7f7850ae7eec,saga,Enchantment — Saga,enchantment,universesbeyond,foil|nonfoil,foil,,traditional_foil_or_foil_unspecified
HOB,55,English,Default,card,Sound the Trumpets,dd32a1dd-3541-4572-a717-1deabc14b827,normal,Instant,,universesbeyond,foil|nonfoil,nonfoil,,nonfoil
HOB,55,English,Default,card,Sound the Trumpets,dd32a1dd-3541-4572-a717-1deabc14b827,normal,Instant,,universesbeyond,foil|nonfoil,foil,,traditional_foil_or_foil_unspecified
HOB,56,English,Default,card,Thranduil's Decree,e4ded4c1-0e3e-47c5-8fdc-e7c187f68b12,normal,Instant,,universesbeyond,foil|nonfoil,nonfoil,,nonfoil
HOB,56,English,Default,card,Thranduil's Decree,e4ded4c1-0e3e-47c5-8fdc-e7c187f68b12,normal,Instant,,universesbeyond,foil|nonfoil,foil,,traditional_foil_or_foil_unspecified
HOB,57,English,Default,card,Uncover the Moon-Letters,79edf5f6-f6b6-4271-bd2a-14a980f30616,normal,Enchantment,enchantment,universesbeyond,foil|nonfoil,nonfoil,,nonfoil
HOB,57,English,Default,card,Uncover the Moon-Letters,79edf5f6-f6b6-4271-bd2a-14a980f30616,normal,Enchantment,enchantment,universesbeyond,foil|nonfoil,foil,,traditional_foil_or_foil_unspecified
HOB,58,English,Default,card,Uneasy Partings,e49866d4-966a-40f9-b08d-18e5af6d726b,normal,Instant,,universesbeyond,foil|nonfoil,nonfoil,,nonfoil
HOB,58,English,Default,card,Uneasy Partings,e49866d4-966a-40f9-b08d-18e5af6d726b,normal,Instant,,universesbeyond,foil|nonfoil,foil,,traditional_foil_or_foil_unspecified
HOB,59,English,Default,card,Wizard's Staff,0de529a7-bdc5-4581-a169-1ad123bc099a,normal,Artifact — Equipment,,universesbeyond,foil|nonfoil,nonfoil,,nonfoil
HOB,59,English,Default,card,Wizard's Staff,0de529a7-bdc5-4581-a169-1ad123bc099a,normal,Artifact — Equipment,,universesbeyond,foil|nonfoil,foil,,traditional_foil_or_foil_unspecified
HOB,60,English,Default,card,Along the Crooked Way,3696d65c-fffd-4685-bb2d-e8769bf476e3,normal,Enchantment,enchantment,universesbeyond,foil|nonfoil,nonfoil,,nonfoil
HOB,60,English,Default,card,Along the Crooked Way,3696d65c-fffd-4685-bb2d-e8769bf476e3,normal,Enchantment,enchantment,universesbeyond,foil|nonfoil,foil,,traditional_foil_or_foil_unspecified
HOB,61,English,Default,card,"Azog, Moria's Ruin",135da718-affc-46ba-be57-c12c23b54dad,normal,Legendary Creature — Goblin Soldier,legendary,universesbeyond,foil|nonfoil,nonfoil,,nonfoil
HOB,61,English,Default,card,"Azog, Moria's Ruin",135da718-affc-46ba-be57-c12c23b54dad,normal,Legendary Creature — Goblin Soldier,legendary,universesbeyond,foil|nonfoil,foil,,traditional_foil_or_foil_unspecified
HOB,62,English,Default,card,Bilbo's Deadly Slice,17892c93-b9b2-4720-933b-998ed0200492,normal,Instant,,universesbeyond,foil|nonfoil,nonfoil,,nonfoil
HOB,62,English,Default,card,Bilbo's Deadly Slice,17892c93-b9b2-4720-933b-998ed0200492,normal,Instant,,universesbeyond,foil|nonfoil,foil,,traditional_foil_or_foil_unspecified
HOB,63,English,Default,card,Crude Bent Blade,fa8fd3c4-bd00-485d-80b1-2b67f5786fce,normal,Artifact — Equipment,,universesbeyond,foil|nonfoil,nonfoil,,nonfoil
HOB,63,English,Default,card,Crude Bent Blade,fa8fd3c4-bd00-485d-80b1-2b67f5786fce,normal,Artifact — Equipment,,universesbeyond,foil|nonfoil,foil,,traditional_foil_or_foil_unspecified
HOB,64,English,Default,card,Desolation Prowler,63c87009-ff1b-44b9-88b1-e26219094c67,normal,Creature — Wolf,,universesbeyond,foil|nonfoil,nonfoil,,nonfoil
HOB,64,English,Default,card,Desolation Prowler,63c87009-ff1b-44b9-88b1-e26219094c67,normal,Creature — Wolf,,universesbeyond,foil|nonfoil,foil,,traditional_foil_or_foil_unspecified
HOB,65,English,Default,card,"Down, Down to Goblin-town",b72e193c-e030-4936-9b79-c636eff750e1,saga,Enchantment — Saga,enchantment,universesbeyond,foil|nonfoil,nonfoil,,nonfoil
HOB,65,English,Default,card,"Down, Down to Goblin-town",b72e193c-e030-4936-9b79-c636eff750e1,saga,Enchantment — Saga,enchantment,universesbeyond,foil|nonfoil,foil,,traditional_foil_or_foil_unspecified
HOB,66,English,Default,card,Dreaded Bat-Cloud,67d52db5-597e-46d5-af39-c3a2de107d30,normal,Creature — Bat,,universesbeyond,foil|nonfoil,nonfoil,,nonfoil
HOB,66,English,Default,card,Dreaded Bat-Cloud,67d52db5-597e-46d5-af39-c3a2de107d30,normal,Creature — Bat,,universesbeyond,foil|nonfoil,foil,,traditional_foil_or_foil_unspecified
HOB,67,English,Default,card,Front Porch Sentries,07bfc803-e11b-47ab-9f25-0ace7e174200,normal,Creature — Goblin Soldier,,universesbeyond,foil|nonfoil,nonfoil,,nonfoil
HOB,67,English,Default,card,Front Porch Sentries,07bfc803-e11b-47ab-9f25-0ace7e174200,normal,Creature — Goblin Soldier,,universesbeyond,foil|nonfoil,foil,,traditional_foil_or_foil_unspecified
HOB,68,English,Default,card,Gathering of Darkness,2ce066be-e5ad-4b93-8245-1b5018990d03,normal,Sorcery,,universesbeyond,foil|nonfoil,nonfoil,,nonfoil
HOB,68,English,Default,card,Gathering of Darkness,2ce066be-e5ad-4b93-8245-1b5018990d03,normal,Sorcery,,universesbeyond,foil|nonfoil,foil,,traditional_foil_or_foil_unspecified
HOB,69,English,Default,card,Gnashing of Teeth,5d485d70-c7b9-40a4-9089-5e7f1c2b9213,normal,Sorcery,,universesbeyond,foil|nonfoil,nonfoil,,nonfoil
HOB,69,English,Default,card,Gnashing of Teeth,5d485d70-c7b9-40a4-9089-5e7f1c2b9213,normal,Sorcery,,universesbeyond,foil|nonfoil,foil,,traditional_foil_or_foil_unspecified
HOB,70,English,Default,card,"Gollum, Riddle Master",bbdc7e37-c65a-497a-92b7-a30a6e369c71,normal,Legendary Creature — Halfling Horror,legendary,universesbeyond,foil|nonfoil,nonfoil,,nonfoil
HOB,70,English,Default,card,"Gollum, Riddle Master",bbdc7e37-c65a-497a-92b7-a30a6e369c71,normal,Legendary Creature — Halfling Horror,legendary,universesbeyond,foil|nonfoil,foil,,traditional_foil_or_foil_unspecified
HOB,71,English,Default,card,"Gollum, Silent Slinker // Meager Meal",6cfaa182-3fec-4907-8814-b4d29c33cec3,adventure,Legendary Creature — Halfling Horror // Sorcery — Adventure,legendary,universesbeyond,foil|nonfoil,nonfoil,,nonfoil
HOB,71,English,Default,card,"Gollum, Silent Slinker // Meager Meal",6cfaa182-3fec-4907-8814-b4d29c33cec3,adventure,Legendary Creature — Halfling Horror // Sorcery — Adventure,legendary,universesbeyond,foil|nonfoil,foil,,traditional_foil_or_foil_unspecified
HOB,72,English,Default,card,Gollum the Abandoned,50d91ef3-6f5d-4255-8d47-be731b5dad30,normal,Legendary Creature — Halfling Horror,legendary,universesbeyond,foil|nonfoil,nonfoil,,nonfoil
HOB,72,English,Default,card,Gollum the Abandoned,50d91ef3-6f5d-4255-8d47-be731b5dad30,normal,Legendary Creature — Halfling Horror,legendary,universesbeyond,foil|nonfoil,foil,,traditional_foil_or_foil_unspecified
HOB,73,English,Default,card,Great Fierce Bee,9d9ef88f-d208-4788-9553-cd672b3be1fe,normal,Creature — Insect,,universesbeyond,foil|nonfoil,nonfoil,,nonfoil
HOB,73,English,Default,card,Great Fierce Bee,9d9ef88f-d208-4788-9553-cd672b3be1fe,normal,Creature — Insect,,universesbeyond,foil|nonfoil,foil,,traditional_foil_or_foil_unspecified
HOB,74,English,Default,card,Great Ugly-Looking Goblin // Clap! Snap!,c87f6004-e1cf-42b2-9647-322bc4939339,adventure,Creature — Goblin Soldier // Sorcery — Adventure,,universesbeyond,foil|nonfoil,nonfoil,,nonfoil
HOB,74,English,Default,card,Great Ugly-Looking Goblin // Clap! Snap!,c87f6004-e1cf-42b2-9647-322bc4939339,adventure,Creature — Goblin Soldier // Sorcery — Adventure,,universesbeyond,foil|nonfoil,foil,,traditional_foil_or_foil_unspecified
HOB,75,English,Default,card,Head of the Hunt,3ffe34d4-72f4-4562-a948-8909b9321e59,normal,Creature — Wolf,,universesbeyond,foil|nonfoil,nonfoil,,nonfoil
HOB,75,English,Default,card,Head of the Hunt,3ffe34d4-72f4-4562-a948-8909b9321e59,normal,Creature — Wolf,,universesbeyond,foil|nonfoil,foil,,traditional_foil_or_foil_unspecified
HOB,76,English,Default,card,Inside Information,9763bd56-fa4b-4907-ad15-c3f040c5fc0a,normal,Sorcery,,universesbeyond,foil|nonfoil,nonfoil,,nonfoil
HOB,76,English,Default,card,Inside Information,9763bd56-fa4b-4907-ad15-c3f040c5fc0a,normal,Sorcery,,universesbeyond,foil|nonfoil,foil,,traditional_foil_or_foil_unspecified
HOB,77,English,Default,card,The Master of Lake-town,3788ada6-34a9-41af-a31c-2d090550e503,normal,Legendary Creature — Human Advisor,legendary,universesbeyond,foil|nonfoil,nonfoil,,nonfoil
HOB,77,English,Default,card,The Master of Lake-town,3788ada6-34a9-41af-a31c-2d090550e503,normal,Legendary Creature — Human Advisor,legendary,universesbeyond,foil|nonfoil,foil,,traditional_foil_or_foil_unspecified
HOB,78,English,Default,card,Nighthowl Pursuer,d3cbe830-7e95-4019-89c4-cfb36bcf00f8,normal,Creature — Wolf,,universesbeyond,foil|nonfoil,nonfoil,,nonfoil
HOB,78,English,Default,card,Nighthowl Pursuer,d3cbe830-7e95-4019-89c4-cfb36bcf00f8,normal,Creature — Wolf,,universesbeyond,foil|nonfoil,foil,,traditional_foil_or_foil_unspecified
HOB,79,English,Default,card,Rage into the Valley,8651958c-3b94-47a9-a751-faf8f6236a42,normal,Sorcery,,universesbeyond,foil|nonfoil,nonfoil,,nonfoil
HOB,79,English,Default,card,Rage into the Valley,8651958c-3b94-47a9-a751-faf8f6236a42,normal,Sorcery,,universesbeyond,foil|nonfoil,foil,,traditional_foil_or_foil_unspecified
HOB,80,English,Default,card,Ravening Warg,ea7b5052-b343-466d-879e-2a211657ef0a,normal,Creature — Wolf,,universesbeyond,foil|nonfoil,nonfoil,,nonfoil
HOB,80,English,Default,card,Ravening Warg,ea7b5052-b343-466d-879e-2a211657ef0a,normal,Creature — Wolf,,universesbeyond,foil|nonfoil,foil,,traditional_foil_or_foil_unspecified
HOB,81,English,Default,card,Reverent Howl,16765eb2-d497-4cd6-b683-20eac2f10bbf,normal,Instant,,universesbeyond,foil|nonfoil,nonfoil,,nonfoil
HOB,81,English,Default,card,Reverent Howl,16765eb2-d497-4cd6-b683-20eac2f10bbf,normal,Instant,,universesbeyond,foil|nonfoil,foil,,traditional_foil_or_foil_unspecified
HOB,82,English,Default,card,Rhovanion Rampager,5ee45a5e-3650-47b3-8d31-6b1de9e27a14,normal,Creature — Wolf,,universesbeyond,foil|nonfoil,nonfoil,,nonfoil
HOB,82,English,Default,card,Rhovanion Rampager,5ee45a5e-3650-47b3-8d31-6b1de9e27a14,normal,Creature — Wolf,,universesbeyond,foil|nonfoil,foil,,traditional_foil_or_foil_unspecified
HOB,83,English,Default,card,The Sackville-Bagginses,ed87b471-79f9-45ec-9188-69e970f6121e,normal,Legendary Creature — Halfling Citizen,legendary,universesbeyond,foil|nonfoil,nonfoil,,nonfoil
HOB,83,English,Default,card,The Sackville-Bagginses,ed87b471-79f9-45ec-9188-69e970f6121e,normal,Legendary Creature — Halfling Citizen,legendary,universesbeyond,foil|nonfoil,foil,,traditional_foil_or_foil_unspecified
HOB,84,English,Default,card,Stir Up Trouble,fd145e3a-c889-4390-accb-863dbcc845ce,normal,Sorcery,,universesbeyond,foil|nonfoil,nonfoil,,nonfoil
HOB,84,English,Default,card,Stir Up Trouble,fd145e3a-c889-4390-accb-863dbcc845ce,normal,Sorcery,,universesbeyond,foil|nonfoil,foil,,traditional_foil_or_foil_unspecified
HOB,85,English,Default,card,Stony-Voiced Goblins,6fcc3699-b475-4612-884d-81bd4f21e9c1,normal,Creature — Goblin Bard,,universesbeyond,foil|nonfoil,nonfoil,,nonfoil
HOB,85,English,Default,card,Stony-Voiced Goblins,6fcc3699-b475-4612-884d-81bd4f21e9c1,normal,Creature — Goblin Bard,,universesbeyond,foil|nonfoil,foil,,traditional_foil_or_foil_unspecified
HOB,86,English,Default,card,Supper for Spiders,5b25e454-06bb-43ca-9a9f-57164f7a70c4,normal,Instant,,universesbeyond,foil|nonfoil,nonfoil,,nonfoil
HOB,86,English,Default,card,Supper for Spiders,5b25e454-06bb-43ca-9a9f-57164f7a70c4,normal,Instant,,universesbeyond,foil|nonfoil,foil,,traditional_foil_or_foil_unspecified
HOB,87,English,Default,card,"Balin, Loremaster",42d7ca7b-c983-40fd-ad57-59f6972bb375,normal,Legendary Creature — Dwarf Bard,legendary,universesbeyond,foil|nonfoil,nonfoil,,nonfoil
HOB,87,English,Default,card,"Balin, Loremaster",42d7ca7b-c983-40fd-ad57-59f6972bb375,normal,Legendary Creature — Dwarf Bard,legendary,universesbeyond,foil|nonfoil,foil,,traditional_foil_or_foil_unspecified
HOB,88,English,Default,card,"Bombur, Gentle Dreamer",63c317e7-432c-4817-8db4-3670a1d84be3,normal,Legendary Creature — Dwarf Bard,legendary,universesbeyond,foil|nonfoil,nonfoil,,nonfoil
HOB,88,English,Default,card,"Bombur, Gentle Dreamer",63c317e7-432c-4817-8db4-3670a1d84be3,normal,Legendary Creature — Dwarf Bard,legendary,universesbeyond,foil|nonfoil,foil,,traditional_foil_or_foil_unspecified
HOB,89,English,Default,card,Bothersome Noisemaker,cb25b11a-6bf5-4a9a-b60f-d4dcac3816d6,normal,Creature — Goblin Bard,,universesbeyond,foil|nonfoil,nonfoil,,nonfoil
HOB,89,English,Default,card,Bothersome Noisemaker,cb25b11a-6bf5-4a9a-b60f-d4dcac3816d6,normal,Creature — Goblin Bard,,universesbeyond,foil|nonfoil,foil,,traditional_foil_or_foil_unspecified
HOB,90,English,Default,card,"Burn, Burn, Tree and Fern",fceb1a2d-121e-49ad-acf2-1bb5aebec116,saga,Enchantment — Saga,enchantment,universesbeyond,foil|nonfoil,nonfoil,,nonfoil
HOB,90,English,Default,card,"Burn, Burn, Tree and Fern",fceb1a2d-121e-49ad-acf2-1bb5aebec116,saga,Enchantment — Saga,enchantment,universesbeyond,foil|nonfoil,foil,,traditional_foil_or_foil_unspecified
HOB,91,English,Default,card,Dáin Ironfoot,7112e460-9160-4535-ad94-93f1f4ac04cf,normal,Legendary Creature — Dwarf Warrior,legendary,universesbeyond,foil|nonfoil,nonfoil,,nonfoil
HOB,91,English,Default,card,Dáin Ironfoot,7112e460-9160-4535-ad94-93f1f4ac04cf,normal,Legendary Creature — Dwarf Warrior,legendary,universesbeyond,foil|nonfoil,foil,,traditional_foil_or_foil_unspecified
HOB,92,English,Default,card,Desert Were-Worm,fc12c22a-11ff-4fb0-bc42-dd8490b8efb7,normal,Creature — Dragon Wurm,,universesbeyond,foil|nonfoil,nonfoil,,nonfoil
HOB,92,English,Default,card,Desert Were-Worm,fc12c22a-11ff-4fb0-bc42-dd8490b8efb7,normal,Creature — Dragon Wurm,,universesbeyond,foil|nonfoil,foil,,traditional_foil_or_foil_unspecified
HOB,93,English,Default,card,Desolation of Smaug,2462358b-52c8-49b2-8d97-d65a9188f8f7,normal,Sorcery,,universesbeyond,foil|nonfoil,nonfoil,,nonfoil
HOB,93,English,Default,card,Desolation of Smaug,2462358b-52c8-49b2-8d97-d65a9188f8f7,normal,Sorcery,,universesbeyond,foil|nonfoil,foil,,traditional_foil_or_foil_unspecified
HOB,94,English,Default,card,"Dori, Bearer of Friends",d2f60ad0-c887-4585-85f8-afcf72fb80d0,normal,Legendary Creature — Dwarf Warrior,legendary,universesbeyond,foil|nonfoil,nonfoil,,nonfoil
HOB,94,English,Default,card,"Dori, Bearer of Friends",d2f60ad0-c887-4585-85f8-afcf72fb80d0,normal,Legendary Creature — Dwarf Warrior,legendary,universesbeyond,foil|nonfoil,foil,,traditional_foil_or_foil_unspecified
HOB,95,English,Default,card,Dwarven Mauler,bd0f0415-43af-4f5d-8999-853c5d42780d,normal,Creature — Dwarf Warrior,,universesbeyond,foil|nonfoil,nonfoil,,nonfoil
HOB,95,English,Default,card,Dwarven Mauler,bd0f0415-43af-4f5d-8999-853c5d42780d,normal,Creature — Dwarf Warrior,,universesbeyond,foil|nonfoil,foil,,traditional_foil_or_foil_unspecified
HOB,96,English,Default,card,"Gandalf, Goblins' Bane // Flameshape",9b0d29a1-7da9-4fb3-8536-8ff8d8acae0b,adventure,Legendary Creature — Avatar Wizard // Sorcery — Adventure,legendary,universesbeyond,foil|nonfoil,nonfoil,,nonfoil
HOB,96,English,Default,card,"Gandalf, Goblins' Bane // Flameshape",9b0d29a1-7da9-4fb3-8536-8ff8d8acae0b,adventure,Legendary Creature — Avatar Wizard // Sorcery — Adventure,legendary,universesbeyond,foil|nonfoil,foil,,traditional_foil_or_foil_unspecified
HOB,97,English,Default,card,"Gandalf, Spark Starter",7c5c6f1c-35cf-4172-b5a1-b73222b0723b,normal,Legendary Creature — Avatar Wizard,legendary,universesbeyond,foil|nonfoil,nonfoil,,nonfoil
HOB,97,English,Default,card,"Gandalf, Spark Starter",7c5c6f1c-35cf-4172-b5a1-b73222b0723b,normal,Legendary Creature — Avatar Wizard,legendary,universesbeyond,foil|nonfoil,foil,,traditional_foil_or_foil_unspecified
HOB,98,English,Default,card,Getaway Barrel,e4819aa6-5d28-4a37-942d-89523e30c4e1,normal,Artifact,,universesbeyond,foil|nonfoil,nonfoil,,nonfoil
HOB,98,English,Default,card,Getaway Barrel,e4819aa6-5d28-4a37-942d-89523e30c4e1,normal,Artifact,,universesbeyond,foil|nonfoil,foil,,traditional_foil_or_foil_unspecified
HOB,99,English,Default,card,Glóin the Mighty // Easy Pickings,5793b8eb-2fc5-454d-8fa2-20346fef167a,adventure,Legendary Creature — Dwarf Warrior // Sorcery — Adventure,legendary,universesbeyond,foil|nonfoil,nonfoil,,nonfoil
HOB,99,English,Default,card,Glóin the Mighty // Easy Pickings,5793b8eb-2fc5-454d-8fa2-20346fef167a,adventure,Legendary Creature — Dwarf Warrior // Sorcery — Adventure,legendary,universesbeyond,foil|nonfoil,foil,,traditional_foil_or_foil_unspecified
HOB,100,English,Default,card,Goblin-town Flunkies,ccff7382-8609-494c-aeee-cd1436456dd0,normal,Creature — Goblin Soldier,,universesbeyond,foil|nonfoil,nonfoil,,nonfoil
HOB,100,English,Default,card,Goblin-town Flunkies,ccff7382-8609-494c-aeee-cd1436456dd0,normal,Creature — Goblin Soldier,,universesbeyond,foil|nonfoil,foil,,traditional_foil_or_foil_unspecified
HOB,101,English,Default,card,Gundabad Opportunist,bc4a60b8-a5bb-4dbf-8d48-95caf757eac3,normal,Creature — Goblin Rogue,,universesbeyond,foil|nonfoil,nonfoil,,nonfoil
HOB,101,English,Default,card,Gundabad Opportunist,bc4a60b8-a5bb-4dbf-8d48-95caf757eac3,normal,Creature — Goblin Rogue,,universesbeyond,foil|nonfoil,foil,,traditional_foil_or_foil_unspecified
HOB,102,English,Default,card,Iron Hills Stalwart,46daa9ac-0ac7-4df9-b9d2-e03ab5b56c72,normal,Creature — Dwarf Warrior,,universesbeyond,foil|nonfoil,nonfoil,,nonfoil
HOB,102,English,Default,card,Iron Hills Stalwart,46daa9ac-0ac7-4df9-b9d2-e03ab5b56c72,normal,Creature — Dwarf Warrior,,universesbeyond,foil|nonfoil,foil,,traditional_foil_or_foil_unspecified
HOB,103,English,Default,card,Last Light of Durin's Day,df29484b-de4b-4bab-995a-7605745780d9,normal,Enchantment,enchantment,universesbeyond,foil|nonfoil,nonfoil,,nonfoil
HOB,103,English,Default,card,Last Light of Durin's Day,df29484b-de4b-4bab-995a-7605745780d9,normal,Enchantment,enchantment,universesbeyond,foil|nonfoil,foil,,traditional_foil_or_foil_unspecified
HOB,104,English,Default,card,The Misty Mountains Cold,3d5f35ff-4146-4844-9da5-031461cc8c05,saga,Enchantment — Saga,enchantment,universesbeyond,foil|nonfoil,nonfoil,,nonfoil
HOB,104,English,Default,card,The Misty Mountains Cold,3d5f35ff-4146-4844-9da5-031461cc8c05,saga,Enchantment — Saga,enchantment,universesbeyond,foil|nonfoil,foil,,traditional_foil_or_foil_unspecified
HOB,105,English,Default,card,Misty Mountains Raider,6dff14cd-b60b-48f4-9d9f-c9019b55df4c,normal,Creature — Goblin Soldier,,universesbeyond,foil|nonfoil,nonfoil,,nonfoil
HOB,105,English,Default,card,Misty Mountains Raider,6dff14cd-b60b-48f4-9d9f-c9019b55df4c,normal,Creature — Goblin Soldier,,universesbeyond,foil|nonfoil,foil,,traditional_foil_or_foil_unspecified
HOB,106,English,Default,card,Óin the Brave,9984b9ef-e81c-48f4-aa33-0504171a2d3c,normal,Legendary Creature — Dwarf Warrior,legendary,universesbeyond,foil|nonfoil,nonfoil,,nonfoil
HOB,106,English,Default,card,Óin the Brave,9984b9ef-e81c-48f4-aa33-0504171a2d3c,normal,Legendary Creature — Dwarf Warrior,legendary,universesbeyond,foil|nonfoil,foil,,traditional_foil_or_foil_unspecified
HOB,107,English,Default,card,Pinecone Strike,ea174cea-40e5-424e-9734-e39aae6c6b17,normal,Instant,,universesbeyond,foil|nonfoil,nonfoil,,nonfoil
HOB,107,English,Default,card,Pinecone Strike,ea174cea-40e5-424e-9734-e39aae6c6b17,normal,Instant,,universesbeyond,foil|nonfoil,foil,,traditional_foil_or_foil_unspecified
HOB,108,English,Default,card,Ragged Short Spear,7bf81a8b-52ad-49f5-a3d4-22613cad3a3d,normal,Artifact — Equipment,,universesbeyond,foil|nonfoil,nonfoil,,nonfoil
HOB,108,English,Default,card,Ragged Short Spear,7bf81a8b-52ad-49f5-a3d4-22613cad3a3d,normal,Artifact — Equipment,,universesbeyond,foil|nonfoil,foil,,traditional_foil_or_foil_unspecified
HOB,109,English,Default,card,"Smaug, the Great Calamity // Spew Flame",419ca9e5-8413-4378-a4ef-eda5a1024218,adventure,Legendary Creature — Dragon // Sorcery — Adventure,legendary,universesbeyond,foil|nonfoil,nonfoil,,nonfoil
HOB,109,English,Default,card,"Smaug, the Great Calamity // Spew Flame",419ca9e5-8413-4378-a4ef-eda5a1024218,adventure,Legendary Creature — Dragon // Sorcery — Adventure,legendary,universesbeyond,foil|nonfoil,foil,,traditional_foil_or_foil_unspecified
HOB,110,English,Default,card,Smaug the Magnificent,6a5d8fad-2ffd-4645-8c49-907999b6cecf,normal,Legendary Creature — Dragon,legendary,universesbeyond,foil|nonfoil,nonfoil,,nonfoil
HOB,110,English,Default,card,Smaug the Magnificent,6a5d8fad-2ffd-4645-8c49-907999b6cecf,normal,Legendary Creature — Dragon,legendary,universesbeyond,foil|nonfoil,foil,,traditional_foil_or_foil_unspecified
HOB,111,English,Default,card,Smaug's Fury,a16f203a-785e-4c78-9410-fb9f8a0ffa01,normal,Instant,,universesbeyond,foil|nonfoil,nonfoil,,nonfoil
HOB,111,English,Default,card,Smaug's Fury,a16f203a-785e-4c78-9410-fb9f8a0ffa01,normal,Instant,,universesbeyond,foil|nonfoil,foil,,traditional_foil_or_foil_unspecified
HOB,112,English,Default,card,Snowslope Hunter,47666099-ffb2-4d07-a801-70524dba0837,normal,Creature — Goblin Ranger,,universesbeyond,foil|nonfoil,nonfoil,,nonfoil
HOB,112,English,Default,card,Snowslope Hunter,47666099-ffb2-4d07-a801-70524dba0837,normal,Creature — Goblin Ranger,,universesbeyond,foil|nonfoil,foil,,traditional_foil_or_foil_unspecified
HOB,113,English,Default,card,Stone-Giant of High Pass,5f4f4683-ffd2-447a-932b-276f7fa17cca,normal,Creature — Giant,,universesbeyond,foil|nonfoil,nonfoil,,nonfoil
HOB,113,English,Default,card,Stone-Giant of High Pass,5f4f4683-ffd2-447a-932b-276f7fa17cca,normal,Creature — Giant,,universesbeyond,foil|nonfoil,foil,,traditional_foil_or_foil_unspecified
HOB,114,English,Default,card,"Thorin, Mountain-king",117347af-0dd7-4350-901d-8c8a81387e22,normal,Legendary Creature — Dwarf Noble,legendary,universesbeyond,foil|nonfoil,nonfoil,,nonfoil
HOB,114,English,Default,card,"Thorin, Mountain-king",117347af-0dd7-4350-901d-8c8a81387e22,normal,Legendary Creature — Dwarf Noble,legendary,universesbeyond,foil|nonfoil,foil,,traditional_foil_or_foil_unspecified
HOB,115,English,Default,card,Tidings of War,38c16a0a-375e-48cb-9720-dbbc08c603ae,normal,Sorcery,,universesbeyond,foil|nonfoil,nonfoil,,nonfoil
HOB,115,English,Default,card,Tidings of War,38c16a0a-375e-48cb-9720-dbbc08c603ae,normal,Sorcery,,universesbeyond,foil|nonfoil,foil,,traditional_foil_or_foil_unspecified
HOB,116,English,Default,card,Attercop,81263d5d-e402-4813-9458-161112da27ab,normal,Creature — Spider,,universesbeyond,foil|nonfoil,nonfoil,,nonfoil
HOB,116,English,Default,card,Attercop,81263d5d-e402-4813-9458-161112da27ab,normal,Creature — Spider,,universesbeyond,foil|nonfoil,foil,,traditional_foil_or_foil_unspecified
HOB,117,English,Default,card,Bejeweled Warg,e95eba5c-e0d6-46b4-a0be-8e373b2185ea,normal,Creature — Wolf,,universesbeyond,foil|nonfoil,nonfoil,,nonfoil
HOB,117,English,Default,card,Bejeweled Warg,e95eba5c-e0d6-46b4-a0be-8e373b2185ea,normal,Creature — Wolf,,universesbeyond,foil|nonfoil,foil,,traditional_foil_or_foil_unspecified
HOB,118,English,Default,card,"Beorn, Reluctant Host // Till and Tend",804589b7-3ef9-473d-97cc-c61a2d41f70d,adventure,Legendary Creature — Human Bear Shapeshifter // Sorcery — Adventure,legendary,universesbeyond,foil|nonfoil,nonfoil,,nonfoil
HOB,118,English,Default,card,"Beorn, Reluctant Host // Till and Tend",804589b7-3ef9-473d-97cc-c61a2d41f70d,adventure,Legendary Creature — Human Bear Shapeshifter // Sorcery — Adventure,legendary,universesbeyond,foil|nonfoil,foil,,traditional_foil_or_foil_unspecified
HOB,119,English,Default,card,Beorn the Fierce,367d5f8b-77ee-47f7-bc71-972d62c280a9,normal,Legendary Creature — Bear Shapeshifter Warrior,legendary,universesbeyond,foil|nonfoil,nonfoil,,nonfoil
HOB,119,English,Default,card,Beorn the Fierce,367d5f8b-77ee-47f7-bc71-972d62c280a9,normal,Legendary Creature — Bear Shapeshifter Warrior,legendary,universesbeyond,foil|nonfoil,foil,,traditional_foil_or_foil_unspecified
HOB,120,English,Default,card,Beorn's Hospitality,153ca57e-30f0-4ad7-ae9d-c55cbf0fd4c9,normal,Enchantment,enchantment,universesbeyond,foil|nonfoil,nonfoil,,nonfoil
HOB,120,English,Default,card,Beorn's Hospitality,153ca57e-30f0-4ad7-ae9d-c55cbf0fd4c9,normal,Enchantment,enchantment,universesbeyond,foil|nonfoil,foil,,traditional_foil_or_foil_unspecified
HOB,121,English,Default,card,Boughside Wanderers,71bec005-2925-4944-be16-2cc5eb30f5d6,normal,Creature — Elf Scout,,universesbeyond,foil|nonfoil,nonfoil,,nonfoil
HOB,121,English,Default,card,Boughside Wanderers,71bec005-2925-4944-be16-2cc5eb30f5d6,normal,Creature — Elf Scout,,universesbeyond,foil|nonfoil,foil,,traditional_foil_or_foil_unspecified
HOB,122,English,Default,card,Cantankerous Keepers,fae46a70-a6d3-4584-859d-6c7425fb1508,normal,Creature — Elf Soldier,,universesbeyond,foil|nonfoil,nonfoil,,nonfoil
HOB,122,English,Default,card,Cantankerous Keepers,fae46a70-a6d3-4584-859d-6c7425fb1508,normal,Creature — Elf Soldier,,universesbeyond,foil|nonfoil,foil,,traditional_foil_or_foil_unspecified
HOB,123,English,Default,card,Dancing from Dark to Dawn,550cd0b6-ca61-4db7-9d20-0b68c48066f9,normal,Enchantment,enchantment,universesbeyond,foil|nonfoil,nonfoil,,nonfoil
HOB,123,English,Default,card,Dancing from Dark to Dawn,550cd0b6-ca61-4db7-9d20-0b68c48066f9,normal,Enchantment,enchantment,universesbeyond,foil|nonfoil,foil,,traditional_foil_or_foil_unspecified
HOB,124,English,Default,card,Down in the Valley,c8aa5179-475b-4cc8-b21e-205b475eb4cf,saga,Enchantment — Saga,enchantment,universesbeyond,foil|nonfoil,nonfoil,,nonfoil
HOB,124,English,Default,card,Down in the Valley,c8aa5179-475b-4cc8-b21e-205b475eb4cf,saga,Enchantment — Saga,enchantment,universesbeyond,foil|nonfoil,foil,,traditional_foil_or_foil_unspecified
HOB,125,English,Default,card,"Galion, Elvenking's Butler",985bd676-58c4-42c7-a570-1b413e9aa94c,normal,Legendary Creature — Elf Advisor,legendary,universesbeyond,foil|nonfoil,nonfoil,,nonfoil
HOB,125,English,Default,card,"Galion, Elvenking's Butler",985bd676-58c4-42c7-a570-1b413e9aa94c,normal,Legendary Creature — Elf Advisor,legendary,universesbeyond,foil|nonfoil,foil,,traditional_foil_or_foil_unspecified
HOB,126,English,Default,card,Gigantic Big Bear,7d6ece3d-8e7a-41ad-974f-3c9748de4825,normal,Creature — Bear,,universesbeyond,foil|nonfoil,nonfoil,,nonfoil
HOB,126,English,Default,card,Gigantic Big Bear,7d6ece3d-8e7a-41ad-974f-3c9748de4825,normal,Creature — Bear,,universesbeyond,foil|nonfoil,foil,,traditional_foil_or_foil_unspecified
HOB,127,English,Default,card,Guardian of the Halls,4265caec-8c28-44cd-8e6b-90b5af926d3c,normal,Creature — Elf Soldier,,universesbeyond,foil|nonfoil,nonfoil,,nonfoil
HOB,127,English,Default,card,Guardian of the Halls,4265caec-8c28-44cd-8e6b-90b5af926d3c,normal,Creature — Elf Soldier,,universesbeyond,foil|nonfoil,foil,,traditional_foil_or_foil_unspecified
HOB,128,English,Default,card,Little Bear,8a50858a-33b5-4c45-9c31-5956ae5a33a6,normal,Creature — Bear,,universesbeyond,foil|nonfoil,nonfoil,,nonfoil
HOB,128,English,Default,card,Little Bear,8a50858a-33b5-4c45-9c31-5956ae5a33a6,normal,Creature — Bear,,universesbeyond,foil|nonfoil,foil,,traditional_foil_or_foil_unspecified
HOB,129,English,Default,card,Mirkwood Pathmaker,50fbedc0-bc66-4ffb-87f6-a2df69995091,normal,Creature — Elf Ranger,,universesbeyond,foil|nonfoil,nonfoil,,nonfoil
HOB,129,English,Default,card,Mirkwood Pathmaker,50fbedc0-bc66-4ffb-87f6-a2df69995091,normal,Creature — Elf Ranger,,universesbeyond,foil|nonfoil,foil,,traditional_foil_or_foil_unspecified
HOB,130,English,Default,card,Nasty Little Rabbit,96bc7d25-2828-478a-8fe5-a1f4ede8c9c0,normal,Creature — Rabbit,,universesbeyond,foil|nonfoil,nonfoil,,nonfoil
HOB,130,English,Default,card,Nasty Little Rabbit,96bc7d25-2828-478a-8fe5-a1f4ede8c9c0,normal,Creature — Rabbit,,universesbeyond,foil|nonfoil,foil,,traditional_foil_or_foil_unspecified
HOB,131,English,Default,card,The Notary Hobbits,d876315f-b269-4254-a517-905c6e927462,normal,Legendary Creature — Halfling Advisor,legendary,universesbeyond,foil|nonfoil,nonfoil,,nonfoil
HOB,131,English,Default,card,The Notary Hobbits,d876315f-b269-4254-a517-905c6e927462,normal,Legendary Creature — Halfling Advisor,legendary,universesbeyond,foil|nonfoil,foil,,traditional_foil_or_foil_unspecified
HOB,132,English,Default,card,Old Fat Spider,e0c0f842-40fe-4776-a988-a35216bcfd47,normal,Creature — Spider,,universesbeyond,foil|nonfoil,nonfoil,,nonfoil
HOB,132,English,Default,card,Old Fat Spider,e0c0f842-40fe-4776-a988-a35216bcfd47,normal,Creature — Spider,,universesbeyond,foil|nonfoil,foil,,traditional_foil_or_foil_unspecified
HOB,133,English,Default,card,Ordinary Bear,0feb9817-56e1-465a-851c-b2fe202aa8ae,normal,Creature — Bear,,universesbeyond,foil|nonfoil,nonfoil,,nonfoil
HOB,133,English,Default,card,Ordinary Bear,0feb9817-56e1-465a-851c-b2fe202aa8ae,normal,Creature — Bear,,universesbeyond,foil|nonfoil,foil,,traditional_foil_or_foil_unspecified
HOB,134,English,Default,card,Part in Friendship,b4ff1eac-6d97-40ab-9b7c-c2fdca0917d9,normal,Enchantment,enchantment,universesbeyond,foil|nonfoil,nonfoil,,nonfoil
HOB,134,English,Default,card,Part in Friendship,b4ff1eac-6d97-40ab-9b7c-c2fdca0917d9,normal,Enchantment,enchantment,universesbeyond,foil|nonfoil,foil,,traditional_foil_or_foil_unspecified
HOB,135,English,Default,card,Quarrel,5900a0b4-aa89-4019-94c9-7e9ea3b4792e,normal,Instant,,universesbeyond,foil|nonfoil,nonfoil,,nonfoil
HOB,135,English,Default,card,Quarrel,5900a0b4-aa89-4019-94c9-7e9ea3b4792e,normal,Instant,,universesbeyond,foil|nonfoil,foil,,traditional_foil_or_foil_unspecified
HOB,136,English,Default,card,Radagast of Rhosgobel,5741bbad-a6e4-45e0-b827-73f48c9975bf,normal,Legendary Creature — Avatar Wizard,legendary,universesbeyond,foil|nonfoil,nonfoil,,nonfoil
HOB,136,English,Default,card,Radagast of Rhosgobel,5741bbad-a6e4-45e0-b827-73f48c9975bf,normal,Legendary Creature — Avatar Wizard,legendary,universesbeyond,foil|nonfoil,foil,,traditional_foil_or_foil_unspecified
HOB,137,English,Default,card,Through the Forest Gate,880adfc8-69cf-4062-a804-e65b6cb6056d,normal,Sorcery,,universesbeyond,foil|nonfoil,nonfoil,,nonfoil
HOB,137,English,Default,card,Through the Forest Gate,880adfc8-69cf-4062-a804-e65b6cb6056d,normal,Sorcery,,universesbeyond,foil|nonfoil,foil,,traditional_foil_or_foil_unspecified
HOB,138,English,Default,card,Troll Negotiations,ca0f7bf4-b8a2-4ec4-ad7e-b639de9fa76a,normal,Sorcery,,universesbeyond,foil|nonfoil,nonfoil,,nonfoil
HOB,138,English,Default,card,Troll Negotiations,ca0f7bf4-b8a2-4ec4-ad7e-b639de9fa76a,normal,Sorcery,,universesbeyond,foil|nonfoil,foil,,traditional_foil_or_foil_unspecified
HOB,139,English,Default,card,Warg Tactics,b06d9cee-bb0f-4fe7-ab2a-b55d36461aec,normal,Instant,,universesbeyond,foil|nonfoil,nonfoil,,nonfoil
HOB,139,English,Default,card,Warg Tactics,b06d9cee-bb0f-4fe7-ab2a-b55d36461aec,normal,Instant,,universesbeyond,foil|nonfoil,foil,,traditional_foil_or_foil_unspecified
HOB,140,English,Default,card,Wargling,1ccbf823-846f-4f09-9c67-1deebb5d1d92,normal,Creature — Wolf,,universesbeyond,foil|nonfoil,nonfoil,,nonfoil
HOB,140,English,Default,card,Wargling,1ccbf823-846f-4f09-9c67-1deebb5d1d92,normal,Creature — Wolf,,universesbeyond,foil|nonfoil,foil,,traditional_foil_or_foil_unspecified
HOB,141,English,Default,card,Wilderland Scrounger,63078f42-f404-4c61-86be-45d934393b0a,normal,Creature — Wolf,,universesbeyond,foil|nonfoil,nonfoil,,nonfoil
HOB,141,English,Default,card,Wilderland Scrounger,63078f42-f404-4c61-86be-45d934393b0a,normal,Creature — Wolf,,universesbeyond,foil|nonfoil,foil,,traditional_foil_or_foil_unspecified
HOB,142,English,Default,card,Wood Elves,2476e42b-b209-4207-8ed9-cb668f89b218,normal,Creature — Elf Scout,,universesbeyond,foil|nonfoil,nonfoil,,nonfoil
HOB,142,English,Default,card,Wood Elves,2476e42b-b209-4207-8ed9-cb668f89b218,normal,Creature — Elf Scout,,universesbeyond,foil|nonfoil,foil,,traditional_foil_or_foil_unspecified
HOB,143,English,Default,card,Woodland Weavemaster,fe2b4bcf-56de-44d3-83af-aeb27f82c25e,normal,Creature — Elf Druid,,universesbeyond,foil|nonfoil,nonfoil,,nonfoil
HOB,143,English,Default,card,Woodland Weavemaster,fe2b4bcf-56de-44d3-83af-aeb27f82c25e,normal,Creature — Elf Druid,,universesbeyond,foil|nonfoil,foil,,traditional_foil_or_foil_unspecified
HOB,144,English,Default,card,"Bard, King of Dale",c05c2aa6-29c7-40f8-872e-91099b9225c4,normal,Legendary Creature — Human Noble Archer,legendary,universesbeyond,foil|nonfoil,nonfoil,,nonfoil
HOB,144,English,Default,card,"Bard, King of Dale",c05c2aa6-29c7-40f8-872e-91099b9225c4,normal,Legendary Creature — Human Noble Archer,legendary,universesbeyond,foil|nonfoil,foil,,traditional_foil_or_foil_unspecified
HOB,145,English,Default,card,Bard the Bowman,0b84e232-428c-424a-848c-ef95debc6e50,normal,Legendary Creature — Human Archer,legendary,universesbeyond,foil|nonfoil,nonfoil,,nonfoil
HOB,145,English,Default,card,Bard the Bowman,0b84e232-428c-424a-848c-ef95debc6e50,normal,Legendary Creature — Human Archer,legendary,universesbeyond,foil|nonfoil,foil,,traditional_foil_or_foil_unspecified
HOB,146,English,Default,card,Bard's Company,d14aa2ff-7bbd-47a6-8e36-481e56302a62,normal,Creature — Human Citizen,,universesbeyond,foil|nonfoil,nonfoil,,nonfoil
HOB,146,English,Default,card,Bard's Company,d14aa2ff-7bbd-47a6-8e36-481e56302a62,normal,Creature — Human Citizen,,universesbeyond,foil|nonfoil,foil,,traditional_foil_or_foil_unspecified
HOB,147,English,Default,card,"Bifur, Melodic Rider",ee88cc80-8fbf-451c-b2b8-09158426c26a,normal,Legendary Creature — Dwarf Bard,legendary,universesbeyond,foil|nonfoil,nonfoil,,nonfoil
HOB,147,English,Default,card,"Bifur, Melodic Rider",ee88cc80-8fbf-451c-b2b8-09158426c26a,normal,Legendary Creature — Dwarf Bard,legendary,universesbeyond,foil|nonfoil,foil,,traditional_foil_or_foil_unspecified
HOB,148,English,Default,card,Bolg of the North,7b2d2a7f-88e0-45a9-8579-a6736bcd66eb,normal,Legendary Creature — Goblin Soldier,legendary,universesbeyond,foil|nonfoil,nonfoil,,nonfoil
HOB,148,English,Default,card,Bolg of the North,7b2d2a7f-88e0-45a9-8579-a6736bcd66eb,normal,Legendary Creature — Goblin Soldier,legendary,universesbeyond,foil|nonfoil,foil,,traditional_foil_or_foil_unspecified
HOB,149,English,Default,card,Bolg's Company,ea3f5644-f7e3-40de-ada5-cea2e9113cfb,normal,Creature — Goblin Soldier,,universesbeyond,foil|nonfoil,nonfoil,,nonfoil
HOB,149,English,Default,card,Bolg's Company,ea3f5644-f7e3-40de-ada5-cea2e9113cfb,normal,Creature — Goblin Soldier,,universesbeyond,foil|nonfoil,foil,,traditional_foil_or_foil_unspecified
HOB,150,English,Default,card,The Chief Warg,c397a298-bf7f-49d7-a26a-206ccf9e8120,normal,Legendary Creature — Wolf,legendary,universesbeyond,foil|nonfoil,nonfoil,,nonfoil
HOB,150,English,Default,card,The Chief Warg,c397a298-bf7f-49d7-a26a-206ccf9e8120,normal,Legendary Creature — Wolf,legendary,universesbeyond,foil|nonfoil,foil,,traditional_foil_or_foil_unspecified
HOB,151,English,Default,card,Chief Warg's Company,bbc634af-63d2-444a-8123-85f16fe3e364,normal,Creature — Wolf,,universesbeyond,foil|nonfoil,nonfoil,,nonfoil
HOB,151,English,Default,card,Chief Warg's Company,bbc634af-63d2-444a-8123-85f16fe3e364,normal,Creature — Wolf,,universesbeyond,foil|nonfoil,foil,,traditional_foil_or_foil_unspecified
HOB,152,English,Default,card,Dáin's Company,36db4405-8589-481f-b627-f26087488337,normal,Creature — Dwarf Warrior,,universesbeyond,foil|nonfoil,nonfoil,,nonfoil
HOB,152,English,Default,card,Dáin's Company,36db4405-8589-481f-b627-f26087488337,normal,Creature — Dwarf Warrior,,universesbeyond,foil|nonfoil,foil,,traditional_foil_or_foil_unspecified
HOB,153,English,Default,card,Duskwatch Hunter,3685c783-d837-4466-a960-ab3098db64c3,normal,Creature — Wolf,,universesbeyond,foil|nonfoil,nonfoil,,nonfoil
HOB,153,English,Default,card,Duskwatch Hunter,3685c783-d837-4466-a960-ab3098db64c3,normal,Creature — Wolf,,universesbeyond,foil|nonfoil,foil,,traditional_foil_or_foil_unspecified
HOB,154,English,Default,card,"Dwalin, Weaponmaster",196d9287-a37d-4b27-a83b-a5489a54f081,normal,Legendary Creature — Dwarf Warrior,legendary,universesbeyond,foil|nonfoil,nonfoil,,nonfoil
HOB,154,English,Default,card,"Dwalin, Weaponmaster",196d9287-a37d-4b27-a83b-a5489a54f081,normal,Legendary Creature — Dwarf Warrior,legendary,universesbeyond,foil|nonfoil,foil,,traditional_foil_or_foil_unspecified
HOB,155,English,Default,card,Eagle's Rescue,12c8f2cc-ac9d-4cf6-9025-efe366b4e07f,normal,Enchantment — Aura,enchantment,universesbeyond,foil|nonfoil,nonfoil,,nonfoil
HOB,155,English,Default,card,Eagle's Rescue,12c8f2cc-ac9d-4cf6-9025-efe366b4e07f,normal,Enchantment — Aura,enchantment,universesbeyond,foil|nonfoil,foil,,traditional_foil_or_foil_unspecified
HOB,156,English,Default,card,Fearsome Goblin Pair,2efe2dc7-3eaa-47f6-b1ae-f974c4a8ae79,normal,Creature — Goblin Soldier,,universesbeyond,foil|nonfoil,nonfoil,,nonfoil
HOB,156,English,Default,card,Fearsome Goblin Pair,2efe2dc7-3eaa-47f6-b1ae-f974c4a8ae79,normal,Creature — Goblin Soldier,,universesbeyond,foil|nonfoil,foil,,traditional_foil_or_foil_unspecified
HOB,157,English,Default,card,Goblin Plate Mail,cb982607-da37-4894-91a5-cf6307d4d703,normal,Artifact — Equipment,,universesbeyond,foil|nonfoil,nonfoil,,nonfoil
HOB,157,English,Default,card,Goblin Plate Mail,cb982607-da37-4894-91a5-cf6307d4d703,normal,Artifact — Equipment,,universesbeyond,foil|nonfoil,foil,,traditional_foil_or_foil_unspecified
HOB,158,English,Default,card,The Great Goblin,78d8f53e-537d-4eaa-99e3-cac57fa53d22,normal,Legendary Creature — Goblin Noble,legendary,universesbeyond,foil|nonfoil,nonfoil,,nonfoil
HOB,158,English,Default,card,The Great Goblin,78d8f53e-537d-4eaa-99e3-cac57fa53d22,normal,Legendary Creature — Goblin Noble,legendary,universesbeyond,foil|nonfoil,foil,,traditional_foil_or_foil_unspecified
HOB,159,English,Default,card,Large Bear,50202288-f433-4b56-8f60-349bda7b4f6b,normal,Creature — Bear,,universesbeyond,foil|nonfoil,nonfoil,,nonfoil
HOB,159,English,Default,card,Large Bear,50202288-f433-4b56-8f60-349bda7b4f6b,normal,Creature — Bear,,universesbeyond,foil|nonfoil,foil,,traditional_foil_or_foil_unspecified
HOB,160,English,Default,card,Mirkwood Nurturer,704b45e4-566e-40f6-a33a-9151018b44e5,normal,Creature — Elf Ranger,,universesbeyond,foil|nonfoil,nonfoil,,nonfoil
HOB,160,English,Default,card,Mirkwood Nurturer,704b45e4-566e-40f6-a33a-9151018b44e5,normal,Creature — Elf Ranger,,universesbeyond,foil|nonfoil,foil,,traditional_foil_or_foil_unspecified
HOB,161,English,Default,card,"Nori, Teller of Tales",b05adb48-980c-49a0-9ce6-7c7f3f20715d,normal,Legendary Creature — Dwarf Bard,legendary,universesbeyond,foil|nonfoil,nonfoil,,nonfoil
HOB,161,English,Default,card,"Nori, Teller of Tales",b05adb48-980c-49a0-9ce6-7c7f3f20715d,normal,Legendary Creature — Dwarf Bard,legendary,universesbeyond,foil|nonfoil,foil,,traditional_foil_or_foil_unspecified
HOB,162,English,Default,card,Patient Instructor,e4800508-8bb9-41bb-8712-b55fba7a80a5,normal,Creature — Human Citizen,,universesbeyond,foil|nonfoil,nonfoil,,nonfoil
HOB,162,English,Default,card,Patient Instructor,e4800508-8bb9-41bb-8712-b55fba7a80a5,normal,Creature — Human Citizen,,universesbeyond,foil|nonfoil,foil,,traditional_foil_or_foil_unspecified
HOB,163,English,Default,card,Silvan Reveler,c71b74fb-fb0c-4953-b536-7a3f283c6918,normal,Creature — Elf Citizen,,universesbeyond,foil|nonfoil,nonfoil,,nonfoil
HOB,163,English,Default,card,Silvan Reveler,c71b74fb-fb0c-4953-b536-7a3f283c6918,normal,Creature — Elf Citizen,,universesbeyond,foil|nonfoil,foil,,traditional_foil_or_foil_unspecified
HOB,164,English,Default,card,"Smaug, Wicked Worm",19cc91f0-e724-41ac-b6d8-9a293bd63b42,normal,Legendary Creature — Dragon,legendary,universesbeyond,foil|nonfoil,nonfoil,,nonfoil
HOB,164,English,Default,card,"Smaug, Wicked Worm",19cc91f0-e724-41ac-b6d8-9a293bd63b42,normal,Legendary Creature — Dragon,legendary,universesbeyond,foil|nonfoil,foil,,traditional_foil_or_foil_unspecified
HOB,165,English,Default,card,Thorin Oakenshield,c7e18609-d1ed-4829-be11-f2ce2cfcbc49,normal,Legendary Creature — Dwarf Noble,legendary,universesbeyond,foil|nonfoil,nonfoil,,nonfoil
HOB,165,English,Default,card,Thorin Oakenshield,c7e18609-d1ed-4829-be11-f2ce2cfcbc49,normal,Legendary Creature — Dwarf Noble,legendary,universesbeyond,foil|nonfoil,foil,,traditional_foil_or_foil_unspecified
HOB,166,English,Default,card,"Thranduil, Sindarin Liege // Silvan Rally",481870ee-d1f7-421b-86e1-570ea933bbbc,adventure,Legendary Creature — Elf Noble // Sorcery — Adventure,legendary,universesbeyond,foil|nonfoil,nonfoil,,nonfoil
HOB,166,English,Default,card,"Thranduil, Sindarin Liege // Silvan Rally",481870ee-d1f7-421b-86e1-570ea933bbbc,adventure,Legendary Creature — Elf Noble // Sorcery — Adventure,legendary,universesbeyond,foil|nonfoil,foil,,traditional_foil_or_foil_unspecified
HOB,167,English,Default,card,"Thranduil, the Elvenking",fe2fe8fa-3b99-44c1-bab9-922e5c864952,normal,Legendary Creature — Elf Noble,legendary,universesbeyond,foil|nonfoil,nonfoil,,nonfoil
HOB,167,English,Default,card,"Thranduil, the Elvenking",fe2fe8fa-3b99-44c1-bab9-922e5c864952,normal,Legendary Creature — Elf Noble,legendary,universesbeyond,foil|nonfoil,foil,,traditional_foil_or_foil_unspecified
HOB,168,English,Default,card,Thranduil's Company,abdb9d4e-e6ca-409b-b589-0cf71724340b,normal,Creature — Elf Soldier,,universesbeyond,foil|nonfoil,nonfoil,,nonfoil
HOB,168,English,Default,card,Thranduil's Company,abdb9d4e-e6ca-409b-b589-0cf71724340b,normal,Creature — Elf Soldier,,universesbeyond,foil|nonfoil,foil,,traditional_foil_or_foil_unspecified
HOB,169,English,Default,card,"Tom, Bert, and William",211a9764-3c60-46ba-bb53-e6692640ec8f,normal,Legendary Creature — Troll,legendary,universesbeyond,foil|nonfoil,nonfoil,,nonfoil
HOB,169,English,Default,card,"Tom, Bert, and William",211a9764-3c60-46ba-bb53-e6692640ec8f,normal,Legendary Creature — Troll,legendary,universesbeyond,foil|nonfoil,foil,,traditional_foil_or_foil_unspecified
HOB,170,English,Default,card,The Arkenstone // Seek the Heart,a56a88ba-fcfa-4b56-bdae-a080b297b871,adventure,Legendary Artifact // Sorcery — Adventure,legendary,universesbeyond,foil|nonfoil,nonfoil,,nonfoil
HOB,170,English,Default,card,The Arkenstone // Seek the Heart,a56a88ba-fcfa-4b56-bdae-a080b297b871,adventure,Legendary Artifact // Sorcery — Adventure,legendary,universesbeyond,foil|nonfoil,foil,,traditional_foil_or_foil_unspecified
HOB,171,English,Default,card,The Black Arrow,ab181190-d53d-4972-8cd5-8e54b45f2276,normal,Legendary Artifact — Equipment,legendary,universesbeyond,foil|nonfoil,nonfoil,,nonfoil
HOB,171,English,Default,card,The Black Arrow,ab181190-d53d-4972-8cd5-8e54b45f2276,normal,Legendary Artifact — Equipment,legendary,universesbeyond,foil|nonfoil,foil,,traditional_foil_or_foil_unspecified
HOB,172,English,Default,card,Dwarven Mattock,92c6f09d-b525-4e8c-a87c-a74df9dc3b1e,normal,Artifact — Equipment,,universesbeyond,foil|nonfoil,nonfoil,,nonfoil
HOB,172,English,Default,card,Dwarven Mattock,92c6f09d-b525-4e8c-a87c-a74df9dc3b1e,normal,Artifact — Equipment,,universesbeyond,foil|nonfoil,foil,,traditional_foil_or_foil_unspecified
HOB,173,English,Default,card,Giant's Boulder,ce254758-c928-4b43-a952-13fac1845668,normal,Artifact,,universesbeyond,foil|nonfoil,nonfoil,,nonfoil
HOB,173,English,Default,card,Giant's Boulder,ce254758-c928-4b43-a952-13fac1845668,normal,Artifact,,universesbeyond,foil|nonfoil,foil,,traditional_foil_or_foil_unspecified
HOB,174,English,Default,card,"Glamdring, Foe-hammer // Gleam of Death",a5cfbfde-783e-46ca-b3cf-11f16209d6cb,adventure,Legendary Artifact — Equipment // Sorcery — Adventure,legendary,universesbeyond,foil|nonfoil,nonfoil,,nonfoil
HOB,174,English,Default,card,"Glamdring, Foe-hammer // Gleam of Death",a5cfbfde-783e-46ca-b3cf-11f16209d6cb,adventure,Legendary Artifact — Equipment // Sorcery — Adventure,legendary,universesbeyond,foil|nonfoil,foil,,traditional_foil_or_foil_unspecified
HOB,175,English,Default,card,Key to the Side-Door,898c14a2-d897-4341-83ed-eee666df9648,normal,Artifact,,universesbeyond,foil|nonfoil,nonfoil,,nonfoil
HOB,175,English,Default,card,Key to the Side-Door,898c14a2-d897-4341-83ed-eee666df9648,normal,Artifact,,universesbeyond,foil|nonfoil,foil,,traditional_foil_or_foil_unspecified
HOB,176,English,Default,card,My Precious // Allure of Power,15ae4d50-be2f-412c-bb6b-b0a06b60474a,adventure,Legendary Artifact — Equipment // Instant — Adventure,legendary,universesbeyond,foil|nonfoil,nonfoil,,nonfoil
HOB,176,English,Default,card,My Precious // Allure of Power,15ae4d50-be2f-412c-bb6b-b0a06b60474a,adventure,Legendary Artifact — Equipment // Instant — Adventure,legendary,universesbeyond,foil|nonfoil,foil,,traditional_foil_or_foil_unspecified
HOB,177,English,Default,card,"Orcrist, Goblin-cleaver",f54f1c1d-6a22-43e9-a842-0a1ae25b323c,normal,Legendary Artifact — Equipment,legendary,universesbeyond,foil|nonfoil,nonfoil,,nonfoil
HOB,177,English,Default,card,"Orcrist, Goblin-cleaver",f54f1c1d-6a22-43e9-a842-0a1ae25b323c,normal,Legendary Artifact — Equipment,legendary,universesbeyond,foil|nonfoil,foil,,traditional_foil_or_foil_unspecified
HOB,178,English,Default,card,"Sting, Bilbo's Sword",d6a8d698-c454-42c4-ad4e-9a7625d5569f,normal,Legendary Artifact — Equipment,legendary,universesbeyond,foil|nonfoil,nonfoil,,nonfoil
HOB,178,English,Default,card,"Sting, Bilbo's Sword",d6a8d698-c454-42c4-ad4e-9a7625d5569f,normal,Legendary Artifact — Equipment,legendary,universesbeyond,foil|nonfoil,foil,,traditional_foil_or_foil_unspecified
HOB,179,English,Default,card,Thrór's Map,ad0dba36-d056-4bc1-987a-391da26ad267,normal,Legendary Artifact,legendary,universesbeyond,foil|nonfoil,nonfoil,,nonfoil
HOB,179,English,Default,card,Thrór's Map,ad0dba36-d056-4bc1-987a-391da26ad267,normal,Legendary Artifact,legendary,universesbeyond,foil|nonfoil,foil,,traditional_foil_or_foil_unspecified
HOB,180,English,Default,card,Well-Worn Spatula,659b687f-4068-496f-81b2-7b606bf07ec1,normal,Artifact — Equipment,,universesbeyond,foil|nonfoil,nonfoil,,nonfoil
HOB,180,English,Default,card,Well-Worn Spatula,659b687f-4068-496f-81b2-7b606bf07ec1,normal,Artifact — Equipment,,universesbeyond,foil|nonfoil,foil,,traditional_foil_or_foil_unspecified
HOB,181,English,Default,card,Elven Passage,dd1fd2ab-2565-4798-a832-fc849df82f74,normal,Land,,universesbeyond,foil|nonfoil,nonfoil,,nonfoil
HOB,181,English,Default,card,Elven Passage,dd1fd2ab-2565-4798-a832-fc849df82f74,normal,Land,,universesbeyond,foil|nonfoil,foil,,traditional_foil_or_foil_unspecified
HOB,182,English,Default,card,Elvenking's Halls,cd477096-41b1-4907-9cb3-852cb22c9ba2,normal,Land,,universesbeyond,foil|nonfoil,nonfoil,,nonfoil
HOB,182,English,Default,card,Elvenking's Halls,cd477096-41b1-4907-9cb3-852cb22c9ba2,normal,Land,,universesbeyond,foil|nonfoil,foil,,traditional_foil_or_foil_unspecified
HOB,183,English,Default,card,Goblin-town,d76df9d0-56cf-4351-a5e8-e6ae6fc791d1,normal,Land,,universesbeyond,foil|nonfoil,nonfoil,,nonfoil
HOB,183,English,Default,card,Goblin-town,d76df9d0-56cf-4351-a5e8-e6ae6fc791d1,normal,Land,,universesbeyond,foil|nonfoil,foil,,traditional_foil_or_foil_unspecified
HOB,184,English,Default,card,Hobbit Hole,0365c439-30bf-4d32-a791-166751bdb996,normal,Land,,universesbeyond,foil|nonfoil,nonfoil,,nonfoil
HOB,184,English,Default,card,Hobbit Hole,0365c439-30bf-4d32-a791-166751bdb996,normal,Land,,universesbeyond,foil|nonfoil,foil,,traditional_foil_or_foil_unspecified
HOB,185,English,Default,card,Iron Hills,78045c43-5cbe-48ff-837d-e7c6baac2937,normal,Land,,universesbeyond,foil|nonfoil,nonfoil,,nonfoil
HOB,185,English,Default,card,Iron Hills,78045c43-5cbe-48ff-837d-e7c6baac2937,normal,Land,,universesbeyond,foil|nonfoil,foil,,traditional_foil_or_foil_unspecified
HOB,186,English,Default,card,Lake-town,2fbd0584-81a7-4c47-8af1-1c8635899a97,normal,Land,,universesbeyond,foil|nonfoil,nonfoil,,nonfoil
HOB,186,English,Default,card,Lake-town,2fbd0584-81a7-4c47-8af1-1c8635899a97,normal,Land,,universesbeyond,foil|nonfoil,foil,,traditional_foil_or_foil_unspecified
HOB,187,English,Default,card,The Lonely Mountain,b39ebc4d-a01a-4401-ab3a-bf6142c93b47,normal,Land — Mountain,,universesbeyond,foil|nonfoil,nonfoil,,nonfoil
HOB,187,English,Default,card,The Lonely Mountain,b39ebc4d-a01a-4401-ab3a-bf6142c93b47,normal,Land — Mountain,,universesbeyond,foil|nonfoil,foil,,traditional_foil_or_foil_unspecified
HOB,188,English,Default,card,Mirkwood,612cf954-f86c-4629-99df-4874d56fded3,normal,Land,,universesbeyond,foil|nonfoil,nonfoil,,nonfoil
HOB,188,English,Default,card,Mirkwood,612cf954-f86c-4629-99df-4874d56fded3,normal,Land,,universesbeyond,foil|nonfoil,foil,,traditional_foil_or_foil_unspecified
HOB,189,English,Default,card,Plains,7b7c408b-8660-4db5-9a16-5003c11b4ac1,normal,Basic Land — Plains,,universesbeyond,foil|nonfoil,nonfoil,,nonfoil
HOB,189,English,Default,card,Plains,7b7c408b-8660-4db5-9a16-5003c11b4ac1,normal,Basic Land — Plains,,universesbeyond,foil|nonfoil,foil,,traditional_foil_or_foil_unspecified
HOB,190,English,Default,card,Island,c6aa89a8-3584-4906-b9a9-41ef2f021f8e,normal,Basic Land — Island,,universesbeyond,foil|nonfoil,nonfoil,,nonfoil
HOB,190,English,Default,card,Island,c6aa89a8-3584-4906-b9a9-41ef2f021f8e,normal,Basic Land — Island,,universesbeyond,foil|nonfoil,foil,,traditional_foil_or_foil_unspecified
HOB,191,English,Default,card,Swamp,4031e5e4-e573-4130-8d20-4a606edef0a0,normal,Basic Land — Swamp,,universesbeyond,foil|nonfoil,nonfoil,,nonfoil
HOB,191,English,Default,card,Swamp,4031e5e4-e573-4130-8d20-4a606edef0a0,normal,Basic Land — Swamp,,universesbeyond,foil|nonfoil,foil,,traditional_foil_or_foil_unspecified
HOB,192,English,Default,card,Mountain,c49d378e-9549-4320-b3c6-1aeb216d1e98,normal,Basic Land — Mountain,,universesbeyond,foil|nonfoil,nonfoil,,nonfoil
HOB,192,English,Default,card,Mountain,c49d378e-9549-4320-b3c6-1aeb216d1e98,normal,Basic Land — Mountain,,universesbeyond,foil|nonfoil,foil,,traditional_foil_or_foil_unspecified
HOB,193,English,Default,card,Forest,c3e84b42-5423-4d4d-b8fc-cfbb2c53a4ca,normal,Basic Land — Forest,,universesbeyond,foil|nonfoil,nonfoil,,nonfoil
HOB,193,English,Default,card,Forest,c3e84b42-5423-4d4d-b8fc-cfbb2c53a4ca,normal,Basic Land — Forest,,universesbeyond,foil|nonfoil,foil,,traditional_foil_or_foil_unspecified
HOB,194,English,Default,card,Plains,24dc369c-020a-4115-a4bb-d60a44de64e3,normal,Basic Land — Plains,,universesbeyond,foil|nonfoil,nonfoil,,nonfoil
HOB,194,English,Default,card,Plains,24dc369c-020a-4115-a4bb-d60a44de64e3,normal,Basic Land — Plains,,universesbeyond,foil|nonfoil,foil,,traditional_foil_or_foil_unspecified
HOB,195,English,Default,card,Island,739aaaac-c424-4ea7-a084-62a6fc0438b0,normal,Basic Land — Island,,universesbeyond,foil|nonfoil,nonfoil,,nonfoil
HOB,195,English,Default,card,Island,739aaaac-c424-4ea7-a084-62a6fc0438b0,normal,Basic Land — Island,,universesbeyond,foil|nonfoil,foil,,traditional_foil_or_foil_unspecified
HOB,196,English,Default,card,Swamp,c5f590a3-9993-4ac4-a93c-1beb44eda17b,normal,Basic Land — Swamp,,universesbeyond,foil|nonfoil,nonfoil,,nonfoil
HOB,196,English,Default,card,Swamp,c5f590a3-9993-4ac4-a93c-1beb44eda17b,normal,Basic Land — Swamp,,universesbeyond,foil|nonfoil,foil,,traditional_foil_or_foil_unspecified
HOB,197,English,Default,card,Mountain,51acfb01-4b0b-48fc-9704-a9b4a1e43a23,normal,Basic Land — Mountain,,universesbeyond,foil|nonfoil,nonfoil,,nonfoil
HOB,197,English,Default,card,Mountain,51acfb01-4b0b-48fc-9704-a9b4a1e43a23,normal,Basic Land — Mountain,,universesbeyond,foil|nonfoil,foil,,traditional_foil_or_foil_unspecified
HOB,198,English,Default,card,Forest,5f533364-0f91-4e49-aaeb-83c4c1f6d316,normal,Basic Land — Forest,,universesbeyond,foil|nonfoil,nonfoil,,nonfoil
HOB,198,English,Default,card,Forest,5f533364-0f91-4e49-aaeb-83c4c1f6d316,normal,Basic Land — Forest,,universesbeyond,foil|nonfoil,foil,,traditional_foil_or_foil_unspecified
HOB,199,English,Middle-earth Classic Artist,card,Troop of Ponies,6cbcd606-b864-4b81-9596-e7788befdd1f,normal,Creature — Horse,inverted,universesbeyond,foil|nonfoil,nonfoil,,nonfoil
HOB,199,English,Middle-earth Classic Artist,card,Troop of Ponies,6cbcd606-b864-4b81-9596-e7788befdd1f,normal,Creature — Horse,inverted,universesbeyond,foil|nonfoil,foil,,traditional_foil_or_foil_unspecified
HOB,200,English,Middle-earth Classic Artist,card,Rage into the Valley,349d7464-e778-4a24-a528-d31d36ff4799,normal,Sorcery,inverted,universesbeyond,foil|nonfoil,nonfoil,,nonfoil
HOB,200,English,Middle-earth Classic Artist,card,Rage into the Valley,349d7464-e778-4a24-a528-d31d36ff4799,normal,Sorcery,inverted,universesbeyond,foil|nonfoil,foil,,traditional_foil_or_foil_unspecified
HOB,201,English,Middle-earth Classic Artist,card,The Great Goblin,720ae752-c3a7-4bc0-bc0f-a9772bea3960,normal,Legendary Creature — Goblin Noble,"legendary,inverted",universesbeyond,foil|nonfoil,nonfoil,,nonfoil
HOB,201,English,Middle-earth Classic Artist,card,The Great Goblin,720ae752-c3a7-4bc0-bc0f-a9772bea3960,normal,Legendary Creature — Goblin Noble,"legendary,inverted",universesbeyond,foil|nonfoil,foil,,traditional_foil_or_foil_unspecified
HOB,202,English,Middle-earth Classic Artist,card,Thorin Oakenshield,b6d8d14d-4713-40ea-9509-81ce68b2184d,normal,Legendary Creature — Dwarf Noble,"legendary,inverted",universesbeyond,foil|nonfoil,nonfoil,,nonfoil
HOB,202,English,Middle-earth Classic Artist,card,Thorin Oakenshield,b6d8d14d-4713-40ea-9509-81ce68b2184d,normal,Legendary Creature — Dwarf Noble,"legendary,inverted",universesbeyond,foil|nonfoil,foil,,traditional_foil_or_foil_unspecified
HOB,203,English,Middle-earth Classic Artist,card,"Gandalf, Spark Starter",ccf2923e-5358-4e40-bc64-2953ac2d1692,normal,Legendary Creature — Avatar Wizard,"legendary,inverted",universesbeyond,foil|nonfoil,nonfoil,,nonfoil
HOB,203,English,Middle-earth Classic Artist,card,"Gandalf, Spark Starter",ccf2923e-5358-4e40-bc64-2953ac2d1692,normal,Legendary Creature — Avatar Wizard,"legendary,inverted",universesbeyond,foil|nonfoil,foil,,traditional_foil_or_foil_unspecified
HOB,204,English,Middle-earth Classic Artist,card,"Glamdring, Foe-hammer // Gleam of Death",53cd94e9-6006-4d43-8032-7920103740fa,adventure,Legendary Artifact — Equipment // Sorcery — Adventure,"legendary,inverted",universesbeyond,foil|nonfoil,nonfoil,,nonfoil
HOB,204,English,Middle-earth Classic Artist,card,"Glamdring, Foe-hammer // Gleam of Death",53cd94e9-6006-4d43-8032-7920103740fa,adventure,Legendary Artifact — Equipment // Sorcery — Adventure,"legendary,inverted",universesbeyond,foil|nonfoil,foil,,traditional_foil_or_foil_unspecified
HOB,205,English,Middle-earth Classic Artist,card,The Eagles Are Coming!,62a7ff97-b940-4745-9e2e-3258fb51b846,normal,Instant,inverted,universesbeyond,foil|nonfoil,nonfoil,,nonfoil
HOB,205,English,Middle-earth Classic Artist,card,The Eagles Are Coming!,62a7ff97-b940-4745-9e2e-3258fb51b846,normal,Instant,inverted,universesbeyond,foil|nonfoil,foil,,traditional_foil_or_foil_unspecified
HOB,206,English,Middle-earth Classic Artist,card,Dreaded Bat-Cloud,1d84b0f8-aa9d-46b5-b46d-cb291aa6af9a,normal,Creature — Bat,inverted,universesbeyond,foil|nonfoil,nonfoil,,nonfoil
HOB,206,English,Middle-earth Classic Artist,card,Dreaded Bat-Cloud,1d84b0f8-aa9d-46b5-b46d-cb291aa6af9a,normal,Creature — Bat,inverted,universesbeyond,foil|nonfoil,foil,,traditional_foil_or_foil_unspecified
HOB,207,English,Middle-earth Classic Artist,card,The Lonely Mountain,0015ae49-bc21-4cf3-bb46-3df52760e183,normal,Land — Mountain,inverted,universesbeyond,foil|nonfoil,nonfoil,,nonfoil
HOB,207,English,Middle-earth Classic Artist,card,The Lonely Mountain,0015ae49-bc21-4cf3-bb46-3df52760e183,normal,Land — Mountain,inverted,universesbeyond,foil|nonfoil,foil,,traditional_foil_or_foil_unspecified
HOB,208,English,Middle-earth Classic Artist,card,Chief Warg's Company,0dd7b2d8-ca9d-4125-b57e-9b14deae8d9b,normal,Creature — Wolf,inverted,universesbeyond,foil|nonfoil,nonfoil,,nonfoil
HOB,208,English,Middle-earth Classic Artist,card,Chief Warg's Company,0dd7b2d8-ca9d-4125-b57e-9b14deae8d9b,normal,Creature — Wolf,inverted,universesbeyond,foil|nonfoil,foil,,traditional_foil_or_foil_unspecified
HOB,209,English,Middle-earth Classic Artist,card,Thorin's Last Stand,089e8e4b-c367-4d86-a69a-951f7d779aaf,normal,Instant,inverted,universesbeyond,foil|nonfoil,nonfoil,,nonfoil
HOB,209,English,Middle-earth Classic Artist,card,Thorin's Last Stand,089e8e4b-c367-4d86-a69a-951f7d779aaf,normal,Instant,inverted,universesbeyond,foil|nonfoil,foil,,traditional_foil_or_foil_unspecified
HOB,210,English,Middle-earth Classic Artist,card,Bard's Company,7ca1300a-0ac3-413b-9617-5e8d1b5f1ca2,normal,Creature — Human Citizen,inverted,universesbeyond,foil|nonfoil,nonfoil,,nonfoil
HOB,210,English,Middle-earth Classic Artist,card,Bard's Company,7ca1300a-0ac3-413b-9617-5e8d1b5f1ca2,normal,Creature — Human Citizen,inverted,universesbeyond,foil|nonfoil,foil,,traditional_foil_or_foil_unspecified
HOB,211,English,Middle-earth Classic Artist,card,Bolg's Company,a2ba9d82-83b6-43dd-8eb8-2401be0df754,normal,Creature — Goblin Soldier,inverted,universesbeyond,foil|nonfoil,nonfoil,,nonfoil
HOB,211,English,Middle-earth Classic Artist,card,Bolg's Company,a2ba9d82-83b6-43dd-8eb8-2401be0df754,normal,Creature — Goblin Soldier,inverted,universesbeyond,foil|nonfoil,foil,,traditional_foil_or_foil_unspecified
HOB,212,English,Middle-earth Classic Artist,card,Dáin's Company,323f7ae8-9247-479e-aead-f46018a3d81d,normal,Creature — Dwarf Warrior,inverted,universesbeyond,foil|nonfoil,nonfoil,,nonfoil
HOB,212,English,Middle-earth Classic Artist,card,Dáin's Company,323f7ae8-9247-479e-aead-f46018a3d81d,normal,Creature — Dwarf Warrior,inverted,universesbeyond,foil|nonfoil,foil,,traditional_foil_or_foil_unspecified
HOB,213,English,Middle-earth Classic Artist,card,Thranduil's Company,fcdfce79-c8da-4662-93c2-054e5328e18c,normal,Creature — Elf Soldier,inverted,universesbeyond,foil|nonfoil,nonfoil,,nonfoil
HOB,213,English,Middle-earth Classic Artist,card,Thranduil's Company,fcdfce79-c8da-4662-93c2-054e5328e18c,normal,Creature — Elf Soldier,inverted,universesbeyond,foil|nonfoil,foil,,traditional_foil_or_foil_unspecified
HOB,214,English,Showcase,card,Belladonna Took,0ff767b1-b04d-4d1d-bc91-3bd1361c5ee8,normal,Legendary Creature — Halfling Citizen,"legendary,showcase",universesbeyond,foil|nonfoil,nonfoil,,nonfoil
HOB,214,English,Showcase,card,Belladonna Took,0ff767b1-b04d-4d1d-bc91-3bd1361c5ee8,normal,Legendary Creature — Halfling Citizen,"legendary,showcase",universesbeyond,foil|nonfoil,foil,,traditional_foil_or_foil_unspecified
HOB,215,English,Showcase,card,"Bofur, Reliable Guardian // Concerted Care",a221baee-6ed1-4f11-b38c-e0be8531e170,adventure,Legendary Creature — Dwarf Scout // Instant — Adventure,"legendary,showcase",universesbeyond,foil|nonfoil,nonfoil,,nonfoil
HOB,215,English,Showcase,card,"Bofur, Reliable Guardian // Concerted Care",a221baee-6ed1-4f11-b38c-e0be8531e170,adventure,Legendary Creature — Dwarf Scout // Instant — Adventure,"legendary,showcase",universesbeyond,foil|nonfoil,foil,,traditional_foil_or_foil_unspecified
HOB,216,English,Showcase,card,Iron Hills Blacksmith,6b428a9a-3a59-4416-b00b-78e2cb73e2d6,normal,Creature — Dwarf Artificer,showcase,universesbeyond,foil|nonfoil,nonfoil,,nonfoil
HOB,216,English,Showcase,card,Iron Hills Blacksmith,6b428a9a-3a59-4416-b00b-78e2cb73e2d6,normal,Creature — Dwarf Artificer,showcase,universesbeyond,foil|nonfoil,foil,,traditional_foil_or_foil_unspecified
HOB,217,English,Showcase,card,The Queen of Dale,7d635dfb-0a48-4965-82d1-d98f943bb28d,normal,Legendary Creature — Human Noble,"legendary,showcase",universesbeyond,foil|nonfoil,nonfoil,,nonfoil
HOB,217,English,Showcase,card,The Queen of Dale,7d635dfb-0a48-4965-82d1-d98f943bb28d,normal,Legendary Creature — Human Noble,"legendary,showcase",universesbeyond,foil|nonfoil,foil,,traditional_foil_or_foil_unspecified
HOB,218,English,Showcase,card,"Bilbo, Luckwearer // Burglar's Plot",b5fe776d-00c2-4d5d-9493-77dd754aa728,adventure,Legendary Creature — Halfling Rogue // Sorcery — Adventure,"legendary,showcase",universesbeyond,foil|nonfoil,nonfoil,,nonfoil
HOB,218,English,Showcase,card,"Bilbo, Luckwearer // Burglar's Plot",b5fe776d-00c2-4d5d-9493-77dd754aa728,adventure,Legendary Creature — Halfling Rogue // Sorcery — Adventure,"legendary,showcase",universesbeyond,foil|nonfoil,foil,,traditional_foil_or_foil_unspecified
HOB,219,English,Showcase,card,"Bilbo, Thief in the Night",dda07973-ed78-4f50-8794-f5cbfc6e8975,normal,Legendary Creature — Halfling Rogue,"legendary,showcase",universesbeyond,foil|nonfoil,nonfoil,,nonfoil
HOB,219,English,Showcase,card,"Bilbo, Thief in the Night",dda07973-ed78-4f50-8794-f5cbfc6e8975,normal,Legendary Creature — Halfling Rogue,"legendary,showcase",universesbeyond,foil|nonfoil,foil,,traditional_foil_or_foil_unspecified
HOB,220,English,Showcase,card,Fateful Discovery,958f0de2-d209-4e97-9ad4-dedf5da304b8,normal,Enchantment,"showcase,enchantment",universesbeyond,foil|nonfoil,nonfoil,,nonfoil
HOB,220,English,Showcase,card,Fateful Discovery,958f0de2-d209-4e97-9ad4-dedf5da304b8,normal,Enchantment,"showcase,enchantment",universesbeyond,foil|nonfoil,foil,,traditional_foil_or_foil_unspecified
HOB,221,English,Showcase,card,Most Decrepit Old Bird // Speak Secrets,9093b067-e18e-4a6a-b4a6-cd67bcd4d5a7,adventure,Creature — Bird // Sorcery — Adventure,showcase,universesbeyond,foil|nonfoil,nonfoil,,nonfoil
HOB,221,English,Showcase,card,Most Decrepit Old Bird // Speak Secrets,9093b067-e18e-4a6a-b4a6-cd67bcd4d5a7,adventure,Creature — Bird // Sorcery — Adventure,showcase,universesbeyond,foil|nonfoil,foil,,traditional_foil_or_foil_unspecified
HOB,222,English,Showcase,card,"Azog, Moria's Ruin",0b9ef17a-02a4-44c6-b0b3-9eccf7f324fd,normal,Legendary Creature — Goblin Soldier,"legendary,showcase",universesbeyond,foil|nonfoil,nonfoil,,nonfoil
HOB,222,English,Showcase,card,"Azog, Moria's Ruin",0b9ef17a-02a4-44c6-b0b3-9eccf7f324fd,normal,Legendary Creature — Goblin Soldier,"legendary,showcase",universesbeyond,foil|nonfoil,foil,,traditional_foil_or_foil_unspecified
HOB,223,English,Showcase,card,Great Ugly-Looking Goblin // Clap! Snap!,7f63f810-15a8-4bec-bd39-dbca453bcc1e,adventure,Creature — Goblin Soldier // Sorcery — Adventure,showcase,universesbeyond,foil|nonfoil,nonfoil,,nonfoil
HOB,223,English,Showcase,card,Great Ugly-Looking Goblin // Clap! Snap!,7f63f810-15a8-4bec-bd39-dbca453bcc1e,adventure,Creature — Goblin Soldier // Sorcery — Adventure,showcase,universesbeyond,foil|nonfoil,foil,,traditional_foil_or_foil_unspecified
HOB,224,English,Showcase,card,Head of the Hunt,d670ed30-e7e0-4908-ac9c-bdcab61092ef,normal,Creature — Wolf,showcase,universesbeyond,foil|nonfoil,nonfoil,,nonfoil
HOB,224,English,Showcase,card,Head of the Hunt,d670ed30-e7e0-4908-ac9c-bdcab61092ef,normal,Creature — Wolf,showcase,universesbeyond,foil|nonfoil,foil,,traditional_foil_or_foil_unspecified
HOB,225,English,Showcase,card,Desert Were-Worm,3f4794de-701d-4619-8b8b-cbfdd860c567,normal,Creature — Dragon Wurm,showcase,universesbeyond,foil|nonfoil,nonfoil,,nonfoil
HOB,225,English,Showcase,card,Desert Were-Worm,3f4794de-701d-4619-8b8b-cbfdd860c567,normal,Creature — Dragon Wurm,showcase,universesbeyond,foil|nonfoil,foil,,traditional_foil_or_foil_unspecified
HOB,226,English,Showcase,card,Desolation of Smaug,738d50ff-1bff-4841-93de-ccf521b2542f,normal,Sorcery,showcase,universesbeyond,foil|nonfoil,nonfoil,,nonfoil
HOB,226,English,Showcase,card,Desolation of Smaug,738d50ff-1bff-4841-93de-ccf521b2542f,normal,Sorcery,showcase,universesbeyond,foil|nonfoil,foil,,traditional_foil_or_foil_unspecified
HOB,227,English,Showcase,card,Glóin the Mighty // Easy Pickings,7c9bfc6e-648a-482b-9483-9e8538726f53,adventure,Legendary Creature — Dwarf Warrior // Sorcery — Adventure,"legendary,showcase",universesbeyond,foil|nonfoil,nonfoil,,nonfoil
HOB,227,English,Showcase,card,Glóin the Mighty // Easy Pickings,7c9bfc6e-648a-482b-9483-9e8538726f53,adventure,Legendary Creature — Dwarf Warrior // Sorcery — Adventure,"legendary,showcase",universesbeyond,foil|nonfoil,foil,,traditional_foil_or_foil_unspecified
HOB,228,English,Showcase,card,Last Light of Durin's Day,ba42b0f3-3f2f-4fbe-b56d-c2cb477f1182,normal,Enchantment,"showcase,enchantment",universesbeyond,foil|nonfoil,nonfoil,,nonfoil
HOB,228,English,Showcase,card,Last Light of Durin's Day,ba42b0f3-3f2f-4fbe-b56d-c2cb477f1182,normal,Enchantment,"showcase,enchantment",universesbeyond,foil|nonfoil,foil,,traditional_foil_or_foil_unspecified
HOB,229,English,Showcase,card,Smaug the Magnificent,4edcf8eb-d0b0-4aec-bec0-64c56982cdce,normal,Legendary Creature — Dragon,"legendary,showcase",universesbeyond,foil|nonfoil,nonfoil,,nonfoil
HOB,229,English,Showcase,card,Smaug the Magnificent,4edcf8eb-d0b0-4aec-bec0-64c56982cdce,normal,Legendary Creature — Dragon,"legendary,showcase",universesbeyond,foil|nonfoil,foil,,traditional_foil_or_foil_unspecified
HOB,230,English,Showcase,card,Beorn the Fierce,949e4c23-d0e7-4e11-abd4-33ff78b1c963,normal,Legendary Creature — Bear Shapeshifter Warrior,"legendary,showcase",universesbeyond,foil|nonfoil,nonfoil,,nonfoil
HOB,230,English,Showcase,card,Beorn the Fierce,949e4c23-d0e7-4e11-abd4-33ff78b1c963,normal,Legendary Creature — Bear Shapeshifter Warrior,"legendary,showcase",universesbeyond,foil|nonfoil,foil,,traditional_foil_or_foil_unspecified
HOB,231,English,Showcase,card,Dancing from Dark to Dawn,85f488cf-eb8a-43f6-9ed8-523daba284fa,normal,Enchantment,"showcase,enchantment",universesbeyond,foil|nonfoil,nonfoil,,nonfoil
HOB,231,English,Showcase,card,Dancing from Dark to Dawn,85f488cf-eb8a-43f6-9ed8-523daba284fa,normal,Enchantment,"showcase,enchantment",universesbeyond,foil|nonfoil,foil,,traditional_foil_or_foil_unspecified
HOB,232,English,Showcase,card,The Notary Hobbits,b2b6ac15-2266-442a-99e5-96db904e1fd7,normal,Legendary Creature — Halfling Advisor,"legendary,showcase",universesbeyond,foil|nonfoil,nonfoil,,nonfoil
HOB,232,English,Showcase,card,The Notary Hobbits,b2b6ac15-2266-442a-99e5-96db904e1fd7,normal,Legendary Creature — Halfling Advisor,"legendary,showcase",universesbeyond,foil|nonfoil,foil,,traditional_foil_or_foil_unspecified
HOB,233,English,Showcase,card,"Thranduil, Sindarin Liege // Silvan Rally",0992ce8b-7bef-4799-a52d-7a46021a8672,adventure,Legendary Creature — Elf Noble // Sorcery — Adventure,"legendary,showcase",universesbeyond,foil|nonfoil,nonfoil,,nonfoil
HOB,233,English,Showcase,card,"Thranduil, Sindarin Liege // Silvan Rally",0992ce8b-7bef-4799-a52d-7a46021a8672,adventure,Legendary Creature — Elf Noble // Sorcery — Adventure,"legendary,showcase",universesbeyond,foil|nonfoil,foil,,traditional_foil_or_foil_unspecified
HOB,234,English,Showcase,card,The Arkenstone // Seek the Heart,ba3ff39b-b591-4434-8d41-4826d0809ca7,adventure,Legendary Artifact // Sorcery — Adventure,"legendary,showcase",universesbeyond,foil|nonfoil,nonfoil,,nonfoil
HOB,234,English,Showcase,card,The Arkenstone // Seek the Heart,ba3ff39b-b591-4434-8d41-4826d0809ca7,adventure,Legendary Artifact // Sorcery — Adventure,"legendary,showcase",universesbeyond,foil|nonfoil,foil,,traditional_foil_or_foil_unspecified
HOB,235,English,Showcase,card,My Precious // Allure of Power,ceb193ed-b05f-4820-a17f-e2982bf547ae,adventure,Legendary Artifact — Equipment // Instant — Adventure,"legendary,showcase",universesbeyond,foil|nonfoil,nonfoil,,nonfoil
HOB,235,English,Showcase,card,My Precious // Allure of Power,ceb193ed-b05f-4820-a17f-e2982bf547ae,adventure,Legendary Artifact — Equipment // Instant — Adventure,"legendary,showcase",universesbeyond,foil|nonfoil,foil,,traditional_foil_or_foil_unspecified
HOB,236,English,Showcase,card,"Orcrist, Goblin-cleaver",758b4398-4522-49c8-94de-b0d647532544,normal,Legendary Artifact — Equipment,"legendary,showcase",universesbeyond,foil|nonfoil,nonfoil,,nonfoil
HOB,236,English,Showcase,card,"Orcrist, Goblin-cleaver",758b4398-4522-49c8-94de-b0d647532544,normal,Legendary Artifact — Equipment,"legendary,showcase",universesbeyond,foil|nonfoil,foil,,traditional_foil_or_foil_unspecified
HOB,237,English,Showcase,card,"Sting, Bilbo's Sword",30420a65-65f2-4331-9a5d-b1771da936b0,normal,Legendary Artifact — Equipment,"legendary,showcase",universesbeyond,foil|nonfoil,nonfoil,,nonfoil
HOB,237,English,Showcase,card,"Sting, Bilbo's Sword",30420a65-65f2-4331-9a5d-b1771da936b0,normal,Legendary Artifact — Equipment,"legendary,showcase",universesbeyond,foil|nonfoil,foil,,traditional_foil_or_foil_unspecified
HOB,238,English,Showcase,card,Elven Passage,c9789696-a702-4294-afd7-c48e5fc84398,normal,Land,showcase,universesbeyond,foil|nonfoil,nonfoil,,nonfoil
HOB,238,English,Showcase,card,Elven Passage,c9789696-a702-4294-afd7-c48e5fc84398,normal,Land,showcase,universesbeyond,foil|nonfoil,foil,,traditional_foil_or_foil_unspecified
HOB,239,English,Dragon Hoard Poster,card,Gleaming Splendor,4a4ca473-3000-4e98-9881-03372c4f79a5,normal,Enchantment,"enchantment,inverted","poster,universesbeyond",foil|nonfoil,nonfoil,,nonfoil
HOB,239,English,Dragon Hoard Poster,card,Gleaming Splendor,4a4ca473-3000-4e98-9881-03372c4f79a5,normal,Enchantment,"enchantment,inverted","poster,universesbeyond",foil|nonfoil,foil,,traditional_foil_or_foil_unspecified
HOB,240,English,Dragon Hoard Poster,card,The Lord of the Eagles,8acfaac6-5a63-4fd6-999b-562e989e2ce1,normal,Legendary Creature — Bird Noble,"legendary,inverted","poster,universesbeyond",foil|nonfoil,nonfoil,,nonfoil
HOB,240,English,Dragon Hoard Poster,card,The Lord of the Eagles,8acfaac6-5a63-4fd6-999b-562e989e2ce1,normal,Legendary Creature — Bird Noble,"legendary,inverted","poster,universesbeyond",foil|nonfoil,foil,,traditional_foil_or_foil_unspecified
HOB,241,English,Dragon Hoard Poster,card,"Gollum, Riddle Master",0c13e282-bbfb-4601-94ff-803874634371,normal,Legendary Creature — Halfling Horror,"legendary,inverted","poster,universesbeyond",foil|nonfoil,nonfoil,,nonfoil
HOB,241,English,Dragon Hoard Poster,card,"Gollum, Riddle Master",0c13e282-bbfb-4601-94ff-803874634371,normal,Legendary Creature — Halfling Horror,"legendary,inverted","poster,universesbeyond",foil|nonfoil,foil,,traditional_foil_or_foil_unspecified
HOB,242,English,Dragon Hoard Poster,card,"Gandalf, Goblins' Bane // Flameshape",efc66a6b-8ac7-4cb7-82f1-710fb0e86f82,adventure,Legendary Creature — Avatar Wizard // Sorcery — Adventure,"legendary,inverted","poster,universesbeyond",foil|nonfoil,nonfoil,,nonfoil
HOB,242,English,Dragon Hoard Poster,card,"Gandalf, Goblins' Bane // Flameshape",efc66a6b-8ac7-4cb7-82f1-710fb0e86f82,adventure,Legendary Creature — Avatar Wizard // Sorcery — Adventure,"legendary,inverted","poster,universesbeyond",foil|nonfoil,foil,,traditional_foil_or_foil_unspecified
HOB,243,English,Dragon Hoard Poster,card,"Thorin, Mountain-king",2401d2a5-f65b-4a13-906c-999990589a1e,normal,Legendary Creature — Dwarf Noble,"legendary,inverted","poster,universesbeyond",foil|nonfoil,nonfoil,,nonfoil
HOB,243,English,Dragon Hoard Poster,card,"Thorin, Mountain-king",2401d2a5-f65b-4a13-906c-999990589a1e,normal,Legendary Creature — Dwarf Noble,"legendary,inverted","poster,universesbeyond",foil|nonfoil,foil,,traditional_foil_or_foil_unspecified
HOB,244,English,Dragon Hoard Poster,card,"Bard, King of Dale",a4adb258-381e-4e64-9f93-9fcf943be360,normal,Legendary Creature — Human Noble Archer,"legendary,inverted","poster,universesbeyond",foil|nonfoil,nonfoil,,nonfoil
HOB,244,English,Dragon Hoard Poster,card,"Bard, King of Dale",a4adb258-381e-4e64-9f93-9fcf943be360,normal,Legendary Creature — Human Noble Archer,"legendary,inverted","poster,universesbeyond",foil|nonfoil,foil,,traditional_foil_or_foil_unspecified
HOB,245,English,Dragon Hoard Poster,card,"Smaug, Wicked Worm",189a7d55-c3ec-4402-a3b3-72817f533e87,normal,Legendary Creature — Dragon,"legendary,inverted","poster,universesbeyond",foil|nonfoil,nonfoil,,nonfoil
HOB,245,English,Dragon Hoard Poster,card,"Smaug, Wicked Worm",189a7d55-c3ec-4402-a3b3-72817f533e87,normal,Legendary Creature — Dragon,"legendary,inverted","poster,universesbeyond",foil|nonfoil,foil,,traditional_foil_or_foil_unspecified
HOB,246,English,Dragon Hoard Poster,card,"Thranduil, the Elvenking",a416ca91-e646-40b4-824c-24aed6b9c683,normal,Legendary Creature — Elf Noble,"legendary,inverted","poster,universesbeyond",foil|nonfoil,nonfoil,,nonfoil
HOB,246,English,Dragon Hoard Poster,card,"Thranduil, the Elvenking",a416ca91-e646-40b4-824c-24aed6b9c683,normal,Legendary Creature — Elf Noble,"legendary,inverted","poster,universesbeyond",foil|nonfoil,foil,,traditional_foil_or_foil_unspecified
HOB,247,English,Dragon Hoard Poster,card,The Arkenstone // Seek the Heart,6c6193e8-453b-49dd-ad65-ee6e363bff93,adventure,Legendary Artifact // Sorcery — Adventure,"legendary,inverted","poster,universesbeyond",foil|nonfoil,nonfoil,,nonfoil
HOB,247,English,Dragon Hoard Poster,card,The Arkenstone // Seek the Heart,6c6193e8-453b-49dd-ad65-ee6e363bff93,adventure,Legendary Artifact // Sorcery — Adventure,"legendary,inverted","poster,universesbeyond",foil|nonfoil,foil,,traditional_foil_or_foil_unspecified
HOB,248,English,Dragon Hoard Poster,card,The Lonely Mountain,d9919a30-d60e-438e-b132-22e56b3cdf68,normal,Land — Mountain,inverted,"poster,universesbeyond",foil|nonfoil,nonfoil,,nonfoil
HOB,248,English,Dragon Hoard Poster,card,The Lonely Mountain,d9919a30-d60e-438e-b132-22e56b3cdf68,normal,Land — Mountain,inverted,"poster,universesbeyond",foil|nonfoil,foil,,traditional_foil_or_foil_unspecified
HOB,249,English,Dragon Hoard Poster,card,Smaug the Magnificent,43c56e15-ba46-4a27-b9b0-55cde9f8c933,normal,Legendary Creature — Dragon,legendary,"poster,headliner,gleaminggold,universesbeyond",foil,foil,,traditional_foil_or_foil_unspecified
HOB,250,English,Surge Foil,card,Belladonna Took,f2522398-39d2-43d3-9019-349e22438f65,normal,Legendary Creature — Halfling Citizen,"legendary,showcase","surgefoil,universesbeyond",foil,foil,,surge_foil
HOB,251,English,Surge Foil,card,"Bofur, Reliable Guardian // Concerted Care",7d9a89d1-3122-4fd8-b77f-5163c01b560c,adventure,Legendary Creature — Dwarf Scout // Instant — Adventure,"legendary,showcase","surgefoil,universesbeyond",foil,foil,,surge_foil
HOB,252,English,Surge Foil,card,Iron Hills Blacksmith,8b592de0-0bf9-4972-9f43-c8ac1c3a1299,normal,Creature — Dwarf Artificer,showcase,"surgefoil,universesbeyond",foil,foil,,surge_foil
HOB,253,English,Surge Foil,card,The Queen of Dale,4cff1878-3f23-4a0a-ad79-28a44921cca8,normal,Legendary Creature — Human Noble,"legendary,showcase","surgefoil,universesbeyond",foil,foil,,surge_foil
HOB,254,English,Surge Foil,card,"Bilbo, Luckwearer // Burglar's Plot",79892a5d-80df-4ee1-b482-30e57aaabf21,adventure,Legendary Creature — Halfling Rogue // Sorcery — Adventure,"legendary,showcase","surgefoil,universesbeyond",foil,foil,,surge_foil
HOB,255,English,Surge Foil,card,"Bilbo, Thief in the Night",c0c313d6-5a76-459d-9db1-9491c57861fe,normal,Legendary Creature — Halfling Rogue,"legendary,showcase","surgefoil,universesbeyond",foil,foil,,surge_foil
HOB,256,English,Surge Foil,card,Fateful Discovery,6a928a14-b906-402f-96e4-8b9391d6536c,normal,Enchantment,"showcase,enchantment","surgefoil,universesbeyond",foil,foil,,surge_foil
HOB,257,English,Surge Foil,card,Most Decrepit Old Bird // Speak Secrets,289a6c72-3d0d-402d-8e27-9ad0e254d5f6,adventure,Creature — Bird // Sorcery — Adventure,showcase,"surgefoil,universesbeyond",foil,foil,,surge_foil
HOB,258,English,Surge Foil,card,"Azog, Moria's Ruin",2e359014-f003-4dd6-bc97-ef2a5c515a23,normal,Legendary Creature — Goblin Soldier,"legendary,showcase","surgefoil,universesbeyond",foil,foil,,surge_foil
HOB,259,English,Surge Foil,card,Great Ugly-Looking Goblin // Clap! Snap!,68fe7914-21b4-44eb-9432-3b1637864bc1,adventure,Creature — Goblin Soldier // Sorcery — Adventure,showcase,"surgefoil,universesbeyond",foil,foil,,surge_foil
HOB,260,English,Surge Foil,card,Head of the Hunt,77d2a543-d94f-4814-a60f-72c224e5768a,normal,Creature — Wolf,showcase,"surgefoil,universesbeyond",foil,foil,,surge_foil
HOB,261,English,Surge Foil,card,Desert Were-Worm,cfe91642-7651-4902-8386-b18cfb506925,normal,Creature — Dragon Wurm,showcase,"surgefoil,universesbeyond",foil,foil,,surge_foil
HOB,262,English,Surge Foil,card,Desolation of Smaug,4bb4033e-8b96-4c35-ab03-ff188002ae73,normal,Sorcery,showcase,"surgefoil,universesbeyond",foil,foil,,surge_foil
HOB,263,English,Surge Foil,card,Glóin the Mighty // Easy Pickings,5546390b-3957-4e3b-aa64-85692381f53f,adventure,Legendary Creature — Dwarf Warrior // Sorcery — Adventure,"legendary,showcase","surgefoil,universesbeyond",foil,foil,,surge_foil
HOB,264,English,Surge Foil,card,Last Light of Durin's Day,7cb22e85-8d54-48a9-a006-d6e2f3ff00e1,normal,Enchantment,"showcase,enchantment","surgefoil,universesbeyond",foil,foil,,surge_foil
HOB,265,English,Surge Foil,card,Smaug the Magnificent,b6529666-0ec8-45a8-8740-3bffc19d2265,normal,Legendary Creature — Dragon,"legendary,showcase","surgefoil,universesbeyond",foil,foil,,surge_foil
HOB,266,English,Surge Foil,card,Beorn the Fierce,9f921e6b-12f0-4497-86ee-f2b4f4fa319a,normal,Legendary Creature — Bear Shapeshifter Warrior,"legendary,showcase","surgefoil,universesbeyond",foil,foil,,surge_foil
HOB,267,English,Surge Foil,card,Dancing from Dark to Dawn,9fa9a9de-ca46-4ea1-8fdb-4ccd3ef86805,normal,Enchantment,"showcase,enchantment","surgefoil,universesbeyond",foil,foil,,surge_foil
HOB,268,English,Surge Foil,card,The Notary Hobbits,0e88b614-f5b3-4e1e-beed-3c49e366be11,normal,Legendary Creature — Halfling Advisor,"legendary,showcase","surgefoil,universesbeyond",foil,foil,,surge_foil
HOB,269,English,Surge Foil,card,"Thranduil, Sindarin Liege // Silvan Rally",a84cd965-fe5f-42e5-9775-d0285fe84308,adventure,Legendary Creature — Elf Noble // Sorcery — Adventure,"legendary,showcase","surgefoil,universesbeyond",foil,foil,,surge_foil
HOB,270,English,Surge Foil,card,The Arkenstone // Seek the Heart,2d08a806-c70d-4421-a9eb-e29e54e4268f,adventure,Legendary Artifact // Sorcery — Adventure,"legendary,showcase","surgefoil,universesbeyond",foil,foil,,surge_foil
HOB,271,English,Surge Foil,card,My Precious // Allure of Power,ce239994-1bc6-4083-b9cf-776e862c5479,adventure,Legendary Artifact — Equipment // Instant — Adventure,"legendary,showcase","surgefoil,universesbeyond",foil,foil,,surge_foil
HOB,272,English,Surge Foil,card,"Orcrist, Goblin-cleaver",a496a9e4-8dd7-44a2-a4b2-d4ecfc8ee7c8,normal,Legendary Artifact — Equipment,"legendary,showcase","surgefoil,universesbeyond",foil,foil,,surge_foil
HOB,273,English,Surge Foil,card,"Sting, Bilbo's Sword",7d57f11f-1698-4cf3-bb0e-bd9b0ea8442d,normal,Legendary Artifact — Equipment,"legendary,showcase","surgefoil,universesbeyond",foil,foil,,surge_foil
HOB,274,English,Surge Foil,card,Elven Passage,75cb4095-b252-49b0-ad2e-0ea52ae4709a,normal,Land,showcase,"surgefoil,universesbeyond",foil,foil,,surge_foil
HOB,275,English,Surge Foil,card,Gleaming Splendor,42a1986c-9585-4544-b5a7-bee4be5c4506,normal,Enchantment,"enchantment,inverted","surgefoil,universesbeyond",foil,foil,,surge_foil
HOB,276,English,Surge Foil,card,The Lord of the Eagles,b0f29cce-324d-4229-8e29-692594b2e3c7,normal,Legendary Creature — Bird Noble,"legendary,inverted","surgefoil,universesbeyond",foil,foil,,surge_foil
HOB,277,English,Surge Foil,card,"Gollum, Riddle Master",12d441b7-9349-47a1-b61e-9d563bc085b5,normal,Legendary Creature — Halfling Horror,"legendary,inverted","surgefoil,universesbeyond",foil,foil,,surge_foil
HOB,278,English,Surge Foil,card,"Gandalf, Goblins' Bane // Flameshape",0db45ef8-5bc5-4914-9918-dae4ebf48153,adventure,Legendary Creature — Avatar Wizard // Sorcery — Adventure,"legendary,inverted","surgefoil,universesbeyond",foil,foil,,surge_foil
HOB,279,English,Surge Foil,card,"Thorin, Mountain-king",0e29ba51-763c-48ec-95ec-9d6916f4db44,normal,Legendary Creature — Dwarf Noble,"legendary,inverted","surgefoil,universesbeyond",foil,foil,,surge_foil
HOB,280,English,Surge Foil,card,"Bard, King of Dale",f7c75c32-a24f-46e5-9128-2df9a2ec11f9,normal,Legendary Creature — Human Noble Archer,"legendary,inverted","surgefoil,universesbeyond",foil,foil,,surge_foil
HOB,281,English,Surge Foil,card,"Smaug, Wicked Worm",5091e2bd-247d-4a1d-adf4-6e66324ee20b,normal,Legendary Creature — Dragon,"legendary,inverted","surgefoil,universesbeyond",foil,foil,,surge_foil
HOB,282,English,Surge Foil,card,"Thranduil, the Elvenking",49539856-989e-4f95-8e67-9cff4408cd87,normal,Legendary Creature — Elf Noble,"legendary,inverted","surgefoil,universesbeyond",foil,foil,,surge_foil
HOB,283,English,Surge Foil,card,The Arkenstone // Seek the Heart,9a0d62ce-8fd3-4465-b3aa-5d5052df30dc,adventure,Legendary Artifact // Sorcery — Adventure,"legendary,inverted","surgefoil,universesbeyond",foil,foil,,surge_foil
HOB,284,English,Surge Foil,card,The Lonely Mountain,edff761b-2c2a-414f-b0a3-25c3fdbcb0bc,normal,Land — Mountain,inverted,"surgefoil,universesbeyond",foil,foil,,surge_foil
HOB,285,English,Extended Art,card,Bilbo's Gambit,fa74ca8a-8bcd-4dc5-ab2b-a2e18a70978e,normal,Instant,extendedart,universesbeyond,foil|nonfoil,nonfoil,,nonfoil
HOB,285,English,Extended Art,card,Bilbo's Gambit,fa74ca8a-8bcd-4dc5-ab2b-a2e18a70978e,normal,Instant,extendedart,universesbeyond,foil|nonfoil,foil,,traditional_foil_or_foil_unspecified
HOB,286,English,Extended Art,card,Fíli the Pathfinder,0e4a1096-c40e-4471-8a44-9c2acad85769,normal,Legendary Creature — Dwarf Scout,"legendary,extendedart",universesbeyond,foil|nonfoil,nonfoil,,nonfoil
HOB,286,English,Extended Art,card,Fíli the Pathfinder,0e4a1096-c40e-4471-8a44-9c2acad85769,normal,Legendary Creature — Dwarf Scout,"legendary,extendedart",universesbeyond,foil|nonfoil,foil,,traditional_foil_or_foil_unspecified
HOB,287,English,Extended Art,card,Kíli the Resourceful,c241a594-24bc-4fd9-ac6d-501d11dddad1,normal,Legendary Creature — Dwarf Scout,"legendary,extendedart",universesbeyond,foil|nonfoil,nonfoil,,nonfoil
HOB,287,English,Extended Art,card,Kíli the Resourceful,c241a594-24bc-4fd9-ac6d-501d11dddad1,normal,Legendary Creature — Dwarf Scout,"legendary,extendedart",universesbeyond,foil|nonfoil,foil,,traditional_foil_or_foil_unspecified
HOB,288,English,Extended Art,card,Settle the Wreckage,a132a86d-1df2-42d1-a410-2a8479c84a55,normal,Instant,extendedart,universesbeyond,foil|nonfoil,nonfoil,,nonfoil
HOB,288,English,Extended Art,card,Settle the Wreckage,a132a86d-1df2-42d1-a410-2a8479c84a55,normal,Instant,extendedart,universesbeyond,foil|nonfoil,foil,,traditional_foil_or_foil_unspecified
HOB,289,English,Extended Art,card,An Unexpected Party // At the Door,f75207fd-89d2-417b-8f36-4ea96b4e3794,adventure,Enchantment // Sorcery — Adventure,"enchantment,extendedart",universesbeyond,foil|nonfoil,nonfoil,,nonfoil
HOB,289,English,Extended Art,card,An Unexpected Party // At the Door,f75207fd-89d2-417b-8f36-4ea96b4e3794,adventure,Enchantment // Sorcery — Adventure,"enchantment,extendedart",universesbeyond,foil|nonfoil,foil,,traditional_foil_or_foil_unspecified
HOB,290,English,Extended Art,card,"Elrond, Moon-Reader",3e95e9c2-cdbf-48b8-a7d0-87267f58e5ac,normal,Legendary Creature — Elf Noble,"legendary,extendedart",universesbeyond,foil|nonfoil,nonfoil,,nonfoil
HOB,290,English,Extended Art,card,"Elrond, Moon-Reader",3e95e9c2-cdbf-48b8-a7d0-87267f58e5ac,normal,Legendary Creature — Elf Noble,"legendary,extendedart",universesbeyond,foil|nonfoil,foil,,traditional_foil_or_foil_unspecified
HOB,291,English,Extended Art,card,Great Gilded Boat,d2b59872-0e11-41c3-9858-3e2dd5a1c3c3,normal,Artifact — Vehicle,extendedart,universesbeyond,foil|nonfoil,nonfoil,,nonfoil
HOB,291,English,Extended Art,card,Great Gilded Boat,d2b59872-0e11-41c3-9858-3e2dd5a1c3c3,normal,Artifact — Vehicle,extendedart,universesbeyond,foil|nonfoil,foil,,traditional_foil_or_foil_unspecified
HOB,292,English,Extended Art,card,Riddles in the Dark,234e941d-ad86-4a3e-bd8c-0e680944919a,normal,Instant,extendedart,universesbeyond,foil|nonfoil,nonfoil,,nonfoil
HOB,292,English,Extended Art,card,Riddles in the Dark,234e941d-ad86-4a3e-bd8c-0e680944919a,normal,Instant,extendedart,universesbeyond,foil|nonfoil,foil,,traditional_foil_or_foil_unspecified
HOB,293,English,Extended Art,card,Uncover the Moon-Letters,1849eb57-7560-4ffc-9400-02387b1a71e6,normal,Enchantment,"enchantment,extendedart",universesbeyond,foil|nonfoil,nonfoil,,nonfoil
HOB,293,English,Extended Art,card,Uncover the Moon-Letters,1849eb57-7560-4ffc-9400-02387b1a71e6,normal,Enchantment,"enchantment,extendedart",universesbeyond,foil|nonfoil,foil,,traditional_foil_or_foil_unspecified
HOB,294,English,Extended Art,card,Wizard's Staff,14e69ca4-5148-44ec-bb21-330e656a6833,normal,Artifact — Equipment,extendedart,universesbeyond,foil|nonfoil,nonfoil,,nonfoil
HOB,294,English,Extended Art,card,Wizard's Staff,14e69ca4-5148-44ec-bb21-330e656a6833,normal,Artifact — Equipment,extendedart,universesbeyond,foil|nonfoil,foil,,traditional_foil_or_foil_unspecified
HOB,295,English,Extended Art,card,Along the Crooked Way,e340aa1c-a497-4fc4-9be9-26e7c982f893,normal,Enchantment,"enchantment,extendedart",universesbeyond,foil|nonfoil,nonfoil,,nonfoil
HOB,295,English,Extended Art,card,Along the Crooked Way,e340aa1c-a497-4fc4-9be9-26e7c982f893,normal,Enchantment,"enchantment,extendedart",universesbeyond,foil|nonfoil,foil,,traditional_foil_or_foil_unspecified
HOB,296,English,Extended Art,card,Inside Information,5913d004-0ef6-4dce-8f74-a8fbfc794d43,normal,Sorcery,extendedart,universesbeyond,foil|nonfoil,nonfoil,,nonfoil
HOB,296,English,Extended Art,card,Inside Information,5913d004-0ef6-4dce-8f74-a8fbfc794d43,normal,Sorcery,extendedart,universesbeyond,foil|nonfoil,foil,,traditional_foil_or_foil_unspecified
HOB,297,English,Extended Art,card,The Master of Lake-town,d36d9c58-2bfe-418c-8512-fc4a3f229535,normal,Legendary Creature — Human Advisor,"legendary,extendedart",universesbeyond,foil|nonfoil,nonfoil,,nonfoil
HOB,297,English,Extended Art,card,The Master of Lake-town,d36d9c58-2bfe-418c-8512-fc4a3f229535,normal,Legendary Creature — Human Advisor,"legendary,extendedart",universesbeyond,foil|nonfoil,foil,,traditional_foil_or_foil_unspecified
HOB,298,English,Extended Art,card,Rhovanion Rampager,df7bdf15-9448-4cb0-a809-c5ac128e6b02,normal,Creature — Wolf,extendedart,universesbeyond,foil|nonfoil,nonfoil,,nonfoil
HOB,298,English,Extended Art,card,Rhovanion Rampager,df7bdf15-9448-4cb0-a809-c5ac128e6b02,normal,Creature — Wolf,extendedart,universesbeyond,foil|nonfoil,foil,,traditional_foil_or_foil_unspecified
HOB,299,English,Extended Art,card,The Sackville-Bagginses,11144267-15d1-47b4-8c26-d57328e11422,normal,Legendary Creature — Halfling Citizen,"legendary,extendedart",universesbeyond,foil|nonfoil,nonfoil,,nonfoil
HOB,299,English,Extended Art,card,The Sackville-Bagginses,11144267-15d1-47b4-8c26-d57328e11422,normal,Legendary Creature — Halfling Citizen,"legendary,extendedart",universesbeyond,foil|nonfoil,foil,,traditional_foil_or_foil_unspecified
HOB,300,English,Extended Art,card,Supper for Spiders,de7a0139-ce52-4212-9514-b2daba282288,normal,Instant,extendedart,universesbeyond,foil|nonfoil,nonfoil,,nonfoil
HOB,300,English,Extended Art,card,Supper for Spiders,de7a0139-ce52-4212-9514-b2daba282288,normal,Instant,extendedart,universesbeyond,foil|nonfoil,foil,,traditional_foil_or_foil_unspecified
HOB,301,English,Extended Art,card,"Balin, Loremaster",f3a8e4e3-58c5-4380-94b6-6252f8ccb285,normal,Legendary Creature — Dwarf Bard,"legendary,extendedart",universesbeyond,foil|nonfoil,nonfoil,,nonfoil
HOB,301,English,Extended Art,card,"Balin, Loremaster",f3a8e4e3-58c5-4380-94b6-6252f8ccb285,normal,Legendary Creature — Dwarf Bard,"legendary,extendedart",universesbeyond,foil|nonfoil,foil,,traditional_foil_or_foil_unspecified
HOB,302,English,Extended Art,card,Dáin Ironfoot,ff35d11c-6429-4aab-b9c8-0c0306f13db9,normal,Legendary Creature — Dwarf Warrior,"legendary,extendedart",universesbeyond,foil|nonfoil,nonfoil,,nonfoil
HOB,302,English,Extended Art,card,Dáin Ironfoot,ff35d11c-6429-4aab-b9c8-0c0306f13db9,normal,Legendary Creature — Dwarf Warrior,"legendary,extendedart",universesbeyond,foil|nonfoil,foil,,traditional_foil_or_foil_unspecified
HOB,303,English,Extended Art,card,Getaway Barrel,8db47144-e048-4996-9f9a-1184dd86151f,normal,Artifact,extendedart,universesbeyond,foil|nonfoil,nonfoil,,nonfoil
HOB,303,English,Extended Art,card,Getaway Barrel,8db47144-e048-4996-9f9a-1184dd86151f,normal,Artifact,extendedart,universesbeyond,foil|nonfoil,foil,,traditional_foil_or_foil_unspecified
HOB,304,English,Extended Art,card,Stone-Giant of High Pass,1adfc347-5c69-45e1-829b-aaae19e04b96,normal,Creature — Giant,extendedart,universesbeyond,foil|nonfoil,nonfoil,,nonfoil
HOB,304,English,Extended Art,card,Stone-Giant of High Pass,1adfc347-5c69-45e1-829b-aaae19e04b96,normal,Creature — Giant,extendedart,universesbeyond,foil|nonfoil,foil,,traditional_foil_or_foil_unspecified
HOB,305,English,Extended Art,card,Bejeweled Warg,2b689d91-1ac0-474b-ae58-2c320e1af5e4,normal,Creature — Wolf,extendedart,universesbeyond,foil|nonfoil,nonfoil,,nonfoil
HOB,305,English,Extended Art,card,Bejeweled Warg,2b689d91-1ac0-474b-ae58-2c320e1af5e4,normal,Creature — Wolf,extendedart,universesbeyond,foil|nonfoil,foil,,traditional_foil_or_foil_unspecified
HOB,306,English,Extended Art,card,Cantankerous Keepers,ace0642f-fa57-4645-9891-43331b4963ed,normal,Creature — Elf Soldier,extendedart,universesbeyond,foil|nonfoil,nonfoil,,nonfoil
HOB,306,English,Extended Art,card,Cantankerous Keepers,ace0642f-fa57-4645-9891-43331b4963ed,normal,Creature — Elf Soldier,extendedart,universesbeyond,foil|nonfoil,foil,,traditional_foil_or_foil_unspecified
HOB,307,English,Extended Art,card,Gigantic Big Bear,0b6ed366-24a3-4697-8a87-12c54da7c238,normal,Creature — Bear,extendedart,universesbeyond,foil|nonfoil,nonfoil,,nonfoil
HOB,307,English,Extended Art,card,Gigantic Big Bear,0b6ed366-24a3-4697-8a87-12c54da7c238,normal,Creature — Bear,extendedart,universesbeyond,foil|nonfoil,foil,,traditional_foil_or_foil_unspecified
HOB,308,English,Extended Art,card,Part in Friendship,46b3b094-0d1b-412e-8655-353ecbf983bb,normal,Enchantment,"enchantment,extendedart",universesbeyond,foil|nonfoil,nonfoil,,nonfoil
HOB,308,English,Extended Art,card,Part in Friendship,46b3b094-0d1b-412e-8655-353ecbf983bb,normal,Enchantment,"enchantment,extendedart",universesbeyond,foil|nonfoil,foil,,traditional_foil_or_foil_unspecified
HOB,309,English,Extended Art,card,Radagast of Rhosgobel,3ea01785-add0-487d-b708-5bbf71033899,normal,Legendary Creature — Avatar Wizard,"legendary,extendedart",universesbeyond,foil|nonfoil,nonfoil,,nonfoil
HOB,309,English,Extended Art,card,Radagast of Rhosgobel,3ea01785-add0-487d-b708-5bbf71033899,normal,Legendary Creature — Avatar Wizard,"legendary,extendedart",universesbeyond,foil|nonfoil,foil,,traditional_foil_or_foil_unspecified
HOB,310,English,Extended Art,card,Through the Forest Gate,f4408b22-c2b0-46ff-8d10-81d150c992ca,normal,Sorcery,extendedart,universesbeyond,foil|nonfoil,nonfoil,,nonfoil
HOB,310,English,Extended Art,card,Through the Forest Gate,f4408b22-c2b0-46ff-8d10-81d150c992ca,normal,Sorcery,extendedart,universesbeyond,foil|nonfoil,foil,,traditional_foil_or_foil_unspecified
HOB,311,English,Extended Art,card,"Dwalin, Weaponmaster",6833cb81-a373-4b83-93b4-b1ed5f82ce54,normal,Legendary Creature — Dwarf Warrior,"legendary,extendedart",universesbeyond,foil|nonfoil,nonfoil,,nonfoil
HOB,311,English,Extended Art,card,"Dwalin, Weaponmaster",6833cb81-a373-4b83-93b4-b1ed5f82ce54,normal,Legendary Creature — Dwarf Warrior,"legendary,extendedart",universesbeyond,foil|nonfoil,foil,,traditional_foil_or_foil_unspecified
HOB,312,English,Extended Art,card,"Tom, Bert, and William",3909bdc4-e690-47fa-8cbc-4b437f7ab10c,normal,Legendary Creature — Troll,"legendary,extendedart",universesbeyond,foil|nonfoil,nonfoil,,nonfoil
HOB,312,English,Extended Art,card,"Tom, Bert, and William",3909bdc4-e690-47fa-8cbc-4b437f7ab10c,normal,Legendary Creature — Troll,"legendary,extendedart",universesbeyond,foil|nonfoil,foil,,traditional_foil_or_foil_unspecified
HOB,313,English,Default,card,Plains,c5b472d5-da70-4fd9-a68c-10e17797ad0d,normal,Basic Land — Plains,,universesbeyond,foil|nonfoil,nonfoil,,nonfoil
HOB,313,English,Default,card,Plains,c5b472d5-da70-4fd9-a68c-10e17797ad0d,normal,Basic Land — Plains,,universesbeyond,foil|nonfoil,foil,,traditional_foil_or_foil_unspecified
HOB,314,English,Default,card,Plains,a3ae6956-7f2d-4569-a9f8-3972b5ec5e56,normal,Basic Land — Plains,,universesbeyond,foil|nonfoil,nonfoil,,nonfoil
HOB,314,English,Default,card,Plains,a3ae6956-7f2d-4569-a9f8-3972b5ec5e56,normal,Basic Land — Plains,,universesbeyond,foil|nonfoil,foil,,traditional_foil_or_foil_unspecified
HOB,315,English,Default,card,Plains,8e07d3e6-c602-446f-a453-f54f13bfc55a,normal,Basic Land — Plains,,universesbeyond,foil|nonfoil,nonfoil,,nonfoil
HOB,315,English,Default,card,Plains,8e07d3e6-c602-446f-a453-f54f13bfc55a,normal,Basic Land — Plains,,universesbeyond,foil|nonfoil,foil,,traditional_foil_or_foil_unspecified
HOB,316,English,Default,card,Plains,15dd9a36-55df-4942-a7eb-1c49a7999e68,normal,Basic Land — Plains,,universesbeyond,foil|nonfoil,nonfoil,,nonfoil
HOB,316,English,Default,card,Plains,15dd9a36-55df-4942-a7eb-1c49a7999e68,normal,Basic Land — Plains,,universesbeyond,foil|nonfoil,foil,,traditional_foil_or_foil_unspecified
HOB,317,English,Surge Foil,card,Plains,3550f914-cacb-4849-af06-1a7b25c2c95f,normal,Basic Land — Plains,,"surgefoil,universesbeyond",foil,foil,,surge_foil
HOB,318,English,Surge Foil,card,Plains,f82548c7-24ed-4529-8b57-7407dc0b8c8b,normal,Basic Land — Plains,,"surgefoil,universesbeyond",foil,foil,,surge_foil
HOB,319,English,Surge Foil,card,Plains,46c75f8e-6590-4338-abbd-a37e08dbd58c,normal,Basic Land — Plains,,"surgefoil,universesbeyond",foil,foil,,surge_foil
HOB,320,English,Surge Foil,card,Plains,128226f4-a733-4f0a-ab2b-7789cfa8b443,normal,Basic Land — Plains,,"surgefoil,universesbeyond",foil,foil,,surge_foil
HOB,321,English,Default,card,The Misty Mountains Cold,1aaf8a8a-1032-4ee5-9c18-2debb40ec561,saga,Enchantment — Saga,enchantment,"universesbeyond,bundle",foil,foil,,traditional_foil_or_foil_unspecified
HOC,1,English,Middle-earth Classic Artist,card,"Fíli and Kíli, Joyous",e1d12200-ae0b-4155-9853-3ffaf490c84c,normal,Legendary Creature — Dwarf Bard,"legendary,inverted",universesbeyond,foil|nonfoil,nonfoil,,nonfoil
HOC,1,English,Middle-earth Classic Artist,card,"Fíli and Kíli, Joyous",e1d12200-ae0b-4155-9853-3ffaf490c84c,normal,Legendary Creature — Dwarf Bard,"legendary,inverted",universesbeyond,foil|nonfoil,foil,,traditional_foil_or_foil_unspecified
HOC,2,English,Middle-earth Classic Artist,card,"Gandalf, Party Guest",f742a14a-0c84-4225-a314-04d5c32fef08,normal,Legendary Creature — Avatar Wizard,"legendary,inverted",universesbeyond,foil|nonfoil,nonfoil,,nonfoil
HOC,2,English,Middle-earth Classic Artist,card,"Gandalf, Party Guest",f742a14a-0c84-4225-a314-04d5c32fef08,normal,Legendary Creature — Avatar Wizard,"legendary,inverted",universesbeyond,foil|nonfoil,foil,,traditional_foil_or_foil_unspecified
HOC,3,English,Middle-earth Classic Artist,card,"Thorin, King of Durin's Folk",773813a8-723f-4c26-9e0a-a01b2faada98,normal,Legendary Creature — Dwarf Noble,"legendary,inverted",universesbeyond,foil|nonfoil,nonfoil,,nonfoil
HOC,3,English,Middle-earth Classic Artist,card,"Thorin, King of Durin's Folk",773813a8-723f-4c26-9e0a-a01b2faada98,normal,Legendary Creature — Dwarf Noble,"legendary,inverted",universesbeyond,foil|nonfoil,foil,,traditional_foil_or_foil_unspecified
HOC,4,English,Middle-earth Classic Artist,card,"Bilbo, Fellow Conspirator",84a95ac5-e2f6-4cf5-bc5e-ac4410168c06,normal,Legendary Creature — Halfling Citizen,"legendary,inverted",universesbeyond,foil|nonfoil,nonfoil,,nonfoil
HOC,4,English,Middle-earth Classic Artist,card,"Bilbo, Fellow Conspirator",84a95ac5-e2f6-4cf5-bc5e-ac4410168c06,normal,Legendary Creature — Halfling Citizen,"legendary,inverted",universesbeyond,foil|nonfoil,foil,,traditional_foil_or_foil_unspecified
HOC,5,English,Middle-earth Classic Artist,card,Bag End Banquet,028f284b-4b4c-44e2-8ded-bc59ec71250f,normal,Artifact,inverted,universesbeyond,foil|nonfoil,nonfoil,,nonfoil
HOC,5,English,Middle-earth Classic Artist,card,Bag End Banquet,028f284b-4b4c-44e2-8ded-bc59ec71250f,normal,Artifact,inverted,universesbeyond,foil|nonfoil,foil,,traditional_foil_or_foil_unspecified
HOC,6,English,Middle-earth Classic Artist,card,"Ori, Plate Stacker",911bd55d-00c7-4362-ba2d-eef0a9dadb6c,normal,Legendary Creature — Dwarf Bard,"legendary,inverted",universesbeyond,foil|nonfoil,nonfoil,,nonfoil
HOC,6,English,Middle-earth Classic Artist,card,"Ori, Plate Stacker",911bd55d-00c7-4362-ba2d-eef0a9dadb6c,normal,Legendary Creature — Dwarf Bard,"legendary,inverted",universesbeyond,foil|nonfoil,foil,,traditional_foil_or_foil_unspecified
HOC,7,English,Middle-earth Classic Artist,card,Long-Lost Lances,c1d49a74-231a-4d38-abfe-3e9b4afff9c2,normal,Artifact — Equipment,inverted,universesbeyond,foil|nonfoil,nonfoil,,nonfoil
HOC,7,English,Middle-earth Classic Artist,card,Long-Lost Lances,c1d49a74-231a-4d38-abfe-3e9b4afff9c2,normal,Artifact — Equipment,inverted,universesbeyond,foil|nonfoil,foil,,traditional_foil_or_foil_unspecified
HOC,8,English,Middle-earth Classic Artist,card,Dragon-Cursed Halls,506b9df7-8236-4c6e-aebc-6b7e6fcd7e88,normal,Land,inverted,universesbeyond,foil|nonfoil,nonfoil,,nonfoil
HOC,8,English,Middle-earth Classic Artist,card,Dragon-Cursed Halls,506b9df7-8236-4c6e-aebc-6b7e6fcd7e88,normal,Land,inverted,universesbeyond,foil|nonfoil,foil,,traditional_foil_or_foil_unspecified
HOC,9,English,Middle-earth Classic Artist,card,Smaug the Impenetrable,55872bce-08ce-4d4f-8951-9fa230f3e160,normal,Legendary Creature — Dragon,"legendary,inverted",universesbeyond,foil|nonfoil,nonfoil,,nonfoil
HOC,9,English,Middle-earth Classic Artist,card,Smaug the Impenetrable,55872bce-08ce-4d4f-8951-9fa230f3e160,normal,Legendary Creature — Dragon,"legendary,inverted",universesbeyond,foil|nonfoil,foil,,traditional_foil_or_foil_unspecified
HOC,10,English,Middle-earth Classic Artist,card,Bilbo's Burglaring,8e603c26-0c51-4cee-b1de-ada73d5f7f27,normal,Sorcery,inverted,universesbeyond,foil|nonfoil,nonfoil,,nonfoil
HOC,10,English,Middle-earth Classic Artist,card,Bilbo's Burglaring,8e603c26-0c51-4cee-b1de-ada73d5f7f27,normal,Sorcery,inverted,universesbeyond,foil|nonfoil,foil,,traditional_foil_or_foil_unspecified
HOC,11,English,Middle-earth Classic Artist,card,Dragon's Desire,2b9d5820-a0b1-462d-a47c-4b6c6a549eca,normal,Sorcery,inverted,universesbeyond,foil|nonfoil,nonfoil,,nonfoil
HOC,11,English,Middle-earth Classic Artist,card,Dragon's Desire,2b9d5820-a0b1-462d-a47c-4b6c6a549eca,normal,Sorcery,inverted,universesbeyond,foil|nonfoil,foil,,traditional_foil_or_foil_unspecified
HOC,12,English,Middle-earth Classic Artist,card,Necklace of Girion,67c30782-0d28-4ce7-ad5b-ffbffeb97584,normal,Legendary Artifact,"legendary,inverted",universesbeyond,foil|nonfoil,nonfoil,,nonfoil
HOC,12,English,Middle-earth Classic Artist,card,Necklace of Girion,67c30782-0d28-4ce7-ad5b-ffbffeb97584,normal,Legendary Artifact,"legendary,inverted",universesbeyond,foil|nonfoil,foil,,traditional_foil_or_foil_unspecified
HOC,13,English,Middle-earth Classic Artist,card,Dawn of a New Age,0d153edc-b50f-4f64-ac6e-25db7a9ef3f6,normal,Enchantment,"enchantment,inverted",universesbeyond,foil|nonfoil,nonfoil,,nonfoil
HOC,13,English,Middle-earth Classic Artist,card,Dawn of a New Age,0d153edc-b50f-4f64-ac6e-25db7a9ef3f6,normal,Enchantment,"enchantment,inverted",universesbeyond,foil|nonfoil,foil,,traditional_foil_or_foil_unspecified
HOC,14,English,Middle-earth Classic Artist,card,Flowering of the White Tree,b8d7c21f-7a67-4cab-ac95-b0bc6eb3d8a2,normal,Legendary Enchantment,"enchantment,legendary,inverted",universesbeyond,foil|nonfoil,nonfoil,,nonfoil
HOC,14,English,Middle-earth Classic Artist,card,Flowering of the White Tree,b8d7c21f-7a67-4cab-ac95-b0bc6eb3d8a2,normal,Legendary Enchantment,"enchantment,legendary,inverted",universesbeyond,foil|nonfoil,foil,,traditional_foil_or_foil_unspecified
HOC,15,English,Middle-earth Classic Artist,card,The Gaffer,9c264afd-ea8b-435c-bb01-c754d44ba4a5,normal,Legendary Creature — Halfling Peasant,"legendary,inverted",universesbeyond,foil|nonfoil,nonfoil,,nonfoil
HOC,15,English,Middle-earth Classic Artist,card,The Gaffer,9c264afd-ea8b-435c-bb01-c754d44ba4a5,normal,Legendary Creature — Halfling Peasant,"legendary,inverted",universesbeyond,foil|nonfoil,foil,,traditional_foil_or_foil_unspecified
HOC,16,English,Middle-earth Classic Artist,card,Galadriel's Dismissal,1b258c47-48b8-4787-9af7-1635cc17dff6,normal,Instant,inverted,universesbeyond,foil|nonfoil,nonfoil,,nonfoil
HOC,16,English,Middle-earth Classic Artist,card,Galadriel's Dismissal,1b258c47-48b8-4787-9af7-1635cc17dff6,normal,Instant,inverted,universesbeyond,foil|nonfoil,foil,,traditional_foil_or_foil_unspecified
HOC,17,English,Middle-earth Classic Artist,card,Reprieve,fa2eca1b-96d6-4707-88ca-951bb7913cc9,normal,Instant,inverted,universesbeyond,foil|nonfoil,nonfoil,,nonfoil
HOC,17,English,Middle-earth Classic Artist,card,Reprieve,fa2eca1b-96d6-4707-88ca-951bb7913cc9,normal,Instant,inverted,universesbeyond,foil|nonfoil,foil,,traditional_foil_or_foil_unspecified
HOC,18,English,Middle-earth Classic Artist,card,Raise the Palisade,2a7b9598-9234-4621-90e4-f578f2f84983,normal,Sorcery,inverted,universesbeyond,foil|nonfoil,nonfoil,,nonfoil
HOC,18,English,Middle-earth Classic Artist,card,Raise the Palisade,2a7b9598-9234-4621-90e4-f578f2f84983,normal,Sorcery,inverted,universesbeyond,foil|nonfoil,foil,,traditional_foil_or_foil_unspecified
HOC,19,English,Middle-earth Classic Artist,card,Orcish Bowmasters,881b6202-6d02-489b-b79c-62142c42ed1f,normal,Creature — Orc Archer,inverted,universesbeyond,foil|nonfoil,nonfoil,,nonfoil
HOC,19,English,Middle-earth Classic Artist,card,Orcish Bowmasters,881b6202-6d02-489b-b79c-62142c42ed1f,normal,Creature — Orc Archer,inverted,universesbeyond,foil|nonfoil,foil,,traditional_foil_or_foil_unspecified
HOC,20,English,Middle-earth Classic Artist,card,Witch-king of Angmar,7170f930-8f94-4671-9acf-bf40913cbfa0,normal,Legendary Creature — Wraith Noble,"legendary,inverted",universesbeyond,foil|nonfoil,nonfoil,,nonfoil
HOC,20,English,Middle-earth Classic Artist,card,Witch-king of Angmar,7170f930-8f94-4671-9acf-bf40913cbfa0,normal,Legendary Creature — Wraith Noble,"legendary,inverted",universesbeyond,foil|nonfoil,foil,,traditional_foil_or_foil_unspecified
HOC,21,English,Middle-earth Classic Artist,card,"Witch-king, Bringer of Ruin",9a9e1edd-2a42-41a8-b089-66f3db080984,normal,Legendary Creature — Wraith Noble,"legendary,inverted",universesbeyond,foil|nonfoil,nonfoil,,nonfoil
HOC,21,English,Middle-earth Classic Artist,card,"Witch-king, Bringer of Ruin",9a9e1edd-2a42-41a8-b089-66f3db080984,normal,Legendary Creature — Wraith Noble,"legendary,inverted",universesbeyond,foil|nonfoil,foil,,traditional_foil_or_foil_unspecified
HOC,22,English,Middle-earth Classic Artist,card,Call Forth the Tempest,4f3d805a-a152-4aa5-85ec-45195cf9e955,normal,Sorcery,inverted,universesbeyond,foil|nonfoil,nonfoil,,nonfoil
HOC,22,English,Middle-earth Classic Artist,card,Call Forth the Tempest,4f3d805a-a152-4aa5-85ec-45195cf9e955,normal,Sorcery,inverted,universesbeyond,foil|nonfoil,foil,,traditional_foil_or_foil_unspecified
HOC,23,English,Middle-earth Classic Artist,card,Cavern-Hoard Dragon,e70e4fba-4217-472a-9adb-f7d63424ef2f,normal,Creature — Dragon,inverted,universesbeyond,foil|nonfoil,nonfoil,,nonfoil
HOC,23,English,Middle-earth Classic Artist,card,Cavern-Hoard Dragon,e70e4fba-4217-472a-9adb-f7d63424ef2f,normal,Creature — Dragon,inverted,universesbeyond,foil|nonfoil,foil,,traditional_foil_or_foil_unspecified
HOC,24,English,Middle-earth Classic Artist,card,"Arwen, Weaver of Hope",69d7bf6e-2309-4093-8a6e-db6b297556ed,normal,Legendary Creature — Elf Noble,"legendary,inverted",universesbeyond,foil|nonfoil,nonfoil,,nonfoil
HOC,24,English,Middle-earth Classic Artist,card,"Arwen, Weaver of Hope",69d7bf6e-2309-4093-8a6e-db6b297556ed,normal,Legendary Creature — Elf Noble,"legendary,inverted",universesbeyond,foil|nonfoil,foil,,traditional_foil_or_foil_unspecified
HOC,25,English,Middle-earth Classic Artist,card,Delighted Halfling,aad18e0d-ccf9-4d86-945b-36991558fd3e,normal,Creature — Halfling Citizen,inverted,"universesbeyond,boxtopper",foil|nonfoil,nonfoil,,nonfoil
HOC,25,English,Middle-earth Classic Artist,card,Delighted Halfling,aad18e0d-ccf9-4d86-945b-36991558fd3e,normal,Creature — Halfling Citizen,inverted,"universesbeyond,boxtopper",foil|nonfoil,foil,,traditional_foil_or_foil_unspecified
HOC,26,English,Middle-earth Classic Artist,card,Elven Chorus,ceb93bf0-ed21-4963-b87b-1b5b76ca5b1a,normal,Enchantment,"enchantment,inverted",universesbeyond,foil|nonfoil,nonfoil,,nonfoil
HOC,26,English,Middle-earth Classic Artist,card,Elven Chorus,ceb93bf0-ed21-4963-b87b-1b5b76ca5b1a,normal,Enchantment,"enchantment,inverted",universesbeyond,foil|nonfoil,foil,,traditional_foil_or_foil_unspecified
HOC,27,English,Middle-earth Classic Artist,card,Last March of the Ents,2d7097c9-2076-4ebc-8c9e-aa596351588c,normal,Sorcery,inverted,universesbeyond,foil|nonfoil,nonfoil,,nonfoil
HOC,27,English,Middle-earth Classic Artist,card,Last March of the Ents,2d7097c9-2076-4ebc-8c9e-aa596351588c,normal,Sorcery,inverted,universesbeyond,foil|nonfoil,foil,,traditional_foil_or_foil_unspecified
HOC,28,English,Middle-earth Classic Artist,card,"Aragorn and Arwen, Wed",e1e75e94-7664-499e-9da1-97b56d44dd9e,normal,Legendary Creature — Human Elf Noble,"legendary,inverted","universesbeyond,boxtopper",foil|nonfoil,nonfoil,,nonfoil
HOC,28,English,Middle-earth Classic Artist,card,"Aragorn and Arwen, Wed",e1e75e94-7664-499e-9da1-97b56d44dd9e,normal,Legendary Creature — Human Elf Noble,"legendary,inverted","universesbeyond,boxtopper",foil|nonfoil,foil,,traditional_foil_or_foil_unspecified
HOC,29,English,Middle-earth Classic Artist,card,"Aragorn, the Uniter",9d8d618a-9786-4e71-9808-96a336325367,normal,Legendary Creature — Human Noble,"legendary,inverted",universesbeyond,foil|nonfoil,nonfoil,,nonfoil
HOC,29,English,Middle-earth Classic Artist,card,"Aragorn, the Uniter",9d8d618a-9786-4e71-9808-96a336325367,normal,Legendary Creature — Human Noble,"legendary,inverted",universesbeyond,foil|nonfoil,foil,,traditional_foil_or_foil_unspecified
HOC,30,English,Middle-earth Classic Artist,card,"Arwen, Mortal Queen",a2055227-0a53-4b6b-b6d3-0eafc1884d4c,normal,Legendary Creature — Elf Noble,"legendary,inverted",universesbeyond,foil|nonfoil,nonfoil,,nonfoil
HOC,30,English,Middle-earth Classic Artist,card,"Arwen, Mortal Queen",a2055227-0a53-4b6b-b6d3-0eafc1884d4c,normal,Legendary Creature — Elf Noble,"legendary,inverted",universesbeyond,foil|nonfoil,foil,,traditional_foil_or_foil_unspecified
HOC,31,English,Middle-earth Classic Artist,card,Flame of Anor,ac0930fa-cba7-406e-ba56-5d3e8a16f603,normal,Instant,inverted,universesbeyond,foil|nonfoil,nonfoil,,nonfoil
HOC,31,English,Middle-earth Classic Artist,card,Flame of Anor,ac0930fa-cba7-406e-ba56-5d3e8a16f603,normal,Instant,inverted,universesbeyond,foil|nonfoil,foil,,traditional_foil_or_foil_unspecified
HOC,32,English,Middle-earth Classic Artist,card,"Galadriel, Light of Valinor",fea53448-fc0d-45bb-8d30-03720865b541,normal,Legendary Creature — Elf Noble,"legendary,inverted",universesbeyond,foil|nonfoil,nonfoil,,nonfoil
HOC,32,English,Middle-earth Classic Artist,card,"Galadriel, Light of Valinor",fea53448-fc0d-45bb-8d30-03720865b541,normal,Legendary Creature — Elf Noble,"legendary,inverted",universesbeyond,foil|nonfoil,foil,,traditional_foil_or_foil_unspecified
HOC,33,English,Middle-earth Classic Artist,card,"Gríma, Saruman's Footman",3c8f0bfc-767a-411c-b870-f2764f3706f4,normal,Legendary Creature — Human Advisor,"legendary,inverted",universesbeyond,foil|nonfoil,nonfoil,,nonfoil
HOC,33,English,Middle-earth Classic Artist,card,"Gríma, Saruman's Footman",3c8f0bfc-767a-411c-b870-f2764f3706f4,normal,Legendary Creature — Human Advisor,"legendary,inverted",universesbeyond,foil|nonfoil,foil,,traditional_foil_or_foil_unspecified
HOC,34,English,Middle-earth Classic Artist,card,"Lotho, Corrupt Shirriff",692fcfe3-1057-4290-aaea-f4d50f642c05,normal,Legendary Creature — Halfling Rogue,"legendary,inverted",universesbeyond,foil|nonfoil,nonfoil,,nonfoil
HOC,34,English,Middle-earth Classic Artist,card,"Lotho, Corrupt Shirriff",692fcfe3-1057-4290-aaea-f4d50f642c05,normal,Legendary Creature — Halfling Rogue,"legendary,inverted",universesbeyond,foil|nonfoil,foil,,traditional_foil_or_foil_unspecified
HOC,35,English,Middle-earth Classic Artist,card,Saruman of Many Colors,62c8fa9c-d8ba-4ce0-946c-42fdc26b49d1,normal,Legendary Creature — Avatar Wizard,"legendary,inverted",universesbeyond,foil|nonfoil,nonfoil,,nonfoil
HOC,35,English,Middle-earth Classic Artist,card,Saruman of Many Colors,62c8fa9c-d8ba-4ce0-946c-42fdc26b49d1,normal,Legendary Creature — Avatar Wizard,"legendary,inverted",universesbeyond,foil|nonfoil,foil,,traditional_foil_or_foil_unspecified
HOC,36,English,Middle-earth Classic Artist,card,"Sauron, the Dark Lord",dd6dd9dc-ef2a-4806-a3e4-0597288a8162,normal,Legendary Creature — Avatar Horror,"legendary,inverted",universesbeyond,foil|nonfoil,nonfoil,,nonfoil
HOC,36,English,Middle-earth Classic Artist,card,"Sauron, the Dark Lord",dd6dd9dc-ef2a-4806-a3e4-0597288a8162,normal,Legendary Creature — Avatar Horror,"legendary,inverted",universesbeyond,foil|nonfoil,foil,,traditional_foil_or_foil_unspecified
HOC,37,English,Middle-earth Classic Artist,card,"Sauron, the Lidless Eye",ea2d0f3e-45d0-4abb-a2bb-d893f87301c2,normal,Legendary Creature — Avatar Horror,"legendary,inverted",universesbeyond,foil|nonfoil,nonfoil,,nonfoil
HOC,37,English,Middle-earth Classic Artist,card,"Sauron, the Lidless Eye",ea2d0f3e-45d0-4abb-a2bb-d893f87301c2,normal,Legendary Creature — Avatar Horror,"legendary,inverted",universesbeyond,foil|nonfoil,foil,,traditional_foil_or_foil_unspecified
HOC,38,English,Middle-earth Classic Artist,card,Tom Bombadil,8040d3ba-7601-4b99-a98a-2411ec1b717d,normal,Legendary Creature — God Bard,"legendary,inverted",universesbeyond,foil|nonfoil,nonfoil,,nonfoil
HOC,38,English,Middle-earth Classic Artist,card,Tom Bombadil,8040d3ba-7601-4b99-a98a-2411ec1b717d,normal,Legendary Creature — God Bard,"legendary,inverted",universesbeyond,foil|nonfoil,foil,,traditional_foil_or_foil_unspecified
HOC,39,English,Middle-earth Classic Artist,card,"Andúril, Flame of the West",0f2a60c5-09ca-49e4-90bd-9dadc56dddf2,normal,Legendary Artifact — Equipment,"legendary,inverted",universesbeyond,foil|nonfoil,nonfoil,,nonfoil
HOC,39,English,Middle-earth Classic Artist,card,"Andúril, Flame of the West",0f2a60c5-09ca-49e4-90bd-9dadc56dddf2,normal,Legendary Artifact — Equipment,"legendary,inverted",universesbeyond,foil|nonfoil,foil,,traditional_foil_or_foil_unspecified
HOC,40,English,Middle-earth Classic Artist,card,"Andúril, Narsil Reforged",5c495189-451e-46ca-9a71-825dab50a0e7,normal,Legendary Artifact — Equipment,"legendary,inverted",universesbeyond,foil|nonfoil,nonfoil,,nonfoil
HOC,40,English,Middle-earth Classic Artist,card,"Andúril, Narsil Reforged",5c495189-451e-46ca-9a71-825dab50a0e7,normal,Legendary Artifact — Equipment,"legendary,inverted",universesbeyond,foil|nonfoil,foil,,traditional_foil_or_foil_unspecified
HOC,41,English,Middle-earth Classic Artist,card,Bilbo's Ring,67a4e16b-df1b-4b57-a388-add58eae5a24,normal,Legendary Artifact — Equipment,"legendary,inverted",universesbeyond,foil|nonfoil,nonfoil,,nonfoil
HOC,41,English,Middle-earth Classic Artist,card,Bilbo's Ring,67a4e16b-df1b-4b57-a388-add58eae5a24,normal,Legendary Artifact — Equipment,"legendary,inverted",universesbeyond,foil|nonfoil,foil,,traditional_foil_or_foil_unspecified
HOC,42,English,Middle-earth Classic Artist,card,Glamdring,ba4b13c5-ef17-4bde-80e1-59d7587c123b,normal,Legendary Artifact — Equipment,"legendary,inverted",universesbeyond,foil|nonfoil,nonfoil,,nonfoil
HOC,42,English,Middle-earth Classic Artist,card,Glamdring,ba4b13c5-ef17-4bde-80e1-59d7587c123b,normal,Legendary Artifact — Equipment,"legendary,inverted",universesbeyond,foil|nonfoil,foil,,traditional_foil_or_foil_unspecified
HOC,43,English,Middle-earth Classic Artist,card,Mithril Coat,b19d533b-0081-4744-8fc8-5e864ddb39ba,normal,Legendary Artifact — Equipment,"legendary,inverted",universesbeyond,foil|nonfoil,nonfoil,,nonfoil
HOC,43,English,Middle-earth Classic Artist,card,Mithril Coat,b19d533b-0081-4744-8fc8-5e864ddb39ba,normal,Legendary Artifact — Equipment,"legendary,inverted",universesbeyond,foil|nonfoil,foil,,traditional_foil_or_foil_unspecified
HOC,44,English,Middle-earth Classic Artist,card,The One Ring,bdd2c783-1483-490a-ae93-c4664a0a9564,normal,Legendary Artifact,"legendary,inverted",universesbeyond,foil|nonfoil,nonfoil,,nonfoil
HOC,44,English,Middle-earth Classic Artist,card,The One Ring,bdd2c783-1483-490a-ae93-c4664a0a9564,normal,Legendary Artifact,"legendary,inverted",universesbeyond,foil|nonfoil,foil,,traditional_foil_or_foil_unspecified
HOC,45,English,Middle-earth Classic Artist,card,Palantír of Orthanc,a6a887e4-7cee-4107-8a9a-afbfa2e91bdc,normal,Legendary Artifact,"legendary,inverted",universesbeyond,foil|nonfoil,nonfoil,,nonfoil
HOC,45,English,Middle-earth Classic Artist,card,Palantír of Orthanc,a6a887e4-7cee-4107-8a9a-afbfa2e91bdc,normal,Legendary Artifact,"legendary,inverted",universesbeyond,foil|nonfoil,foil,,traditional_foil_or_foil_unspecified
HOC,46,English,Middle-earth Classic Artist,card,Relic of Sauron,8caea27b-040e-43c6-a8e0-0f3c0e40f411,normal,Artifact,inverted,universesbeyond,foil|nonfoil,nonfoil,,nonfoil
HOC,46,English,Middle-earth Classic Artist,card,Relic of Sauron,8caea27b-040e-43c6-a8e0-0f3c0e40f411,normal,Artifact,inverted,universesbeyond,foil|nonfoil,foil,,traditional_foil_or_foil_unspecified
HOC,47,English,Middle-earth Classic Artist,card,The Black Gate,db3710f3-fd63-43d9-b9d6-dfac041954fa,normal,Legendary Land — Gate,"legendary,inverted",universesbeyond,foil|nonfoil,nonfoil,,nonfoil
HOC,47,English,Middle-earth Classic Artist,card,The Black Gate,db3710f3-fd63-43d9-b9d6-dfac041954fa,normal,Legendary Land — Gate,"legendary,inverted",universesbeyond,foil|nonfoil,foil,,traditional_foil_or_foil_unspecified
HOC,48,English,Middle-earth Classic Artist,card,"Minas Morgul, Dark Fortress",27b2d8b7-3160-4a51-a898-a3c05180ff75,normal,Legendary Land,"legendary,inverted",universesbeyond,foil|nonfoil,nonfoil,,nonfoil
HOC,48,English,Middle-earth Classic Artist,card,"Minas Morgul, Dark Fortress",27b2d8b7-3160-4a51-a898-a3c05180ff75,normal,Legendary Land,"legendary,inverted",universesbeyond,foil|nonfoil,foil,,traditional_foil_or_foil_unspecified
HOC,49,English,Middle-earth Classic Artist,card,Minas Tirith,638c45e2-91d0-4ced-8bf7-64b2817b281a,normal,Legendary Land,"legendary,inverted",universesbeyond,foil|nonfoil,nonfoil,,nonfoil
HOC,49,English,Middle-earth Classic Artist,card,Minas Tirith,638c45e2-91d0-4ced-8bf7-64b2817b281a,normal,Legendary Land,"legendary,inverted",universesbeyond,foil|nonfoil,foil,,traditional_foil_or_foil_unspecified
HOC,50,English,Middle-earth Classic Artist,card,Mount Doom,f8d7f58c-bb5b-4cbe-8771-d668bef27bda,normal,Legendary Land,"legendary,inverted",universesbeyond,foil|nonfoil,nonfoil,,nonfoil
HOC,50,English,Middle-earth Classic Artist,card,Mount Doom,f8d7f58c-bb5b-4cbe-8771-d668bef27bda,normal,Legendary Land,"legendary,inverted",universesbeyond,foil|nonfoil,foil,,traditional_foil_or_foil_unspecified
HOC,51,English,Middle-earth Classic Artist,card,Rivendell,1127eb51-50ef-47f3-abfe-48895c832296,normal,Legendary Land,"legendary,inverted",universesbeyond,foil|nonfoil,nonfoil,,nonfoil
HOC,51,English,Middle-earth Classic Artist,card,Rivendell,1127eb51-50ef-47f3-abfe-48895c832296,normal,Legendary Land,"legendary,inverted",universesbeyond,foil|nonfoil,foil,,traditional_foil_or_foil_unspecified
HOC,52,English,Middle-earth Classic Artist,card,The Shire,bc4895f4-d16f-4af6-b681-735131b886c4,normal,Legendary Land,"legendary,inverted",universesbeyond,foil|nonfoil,nonfoil,,nonfoil
HOC,52,English,Middle-earth Classic Artist,card,The Shire,bc4895f4-d16f-4af6-b681-735131b886c4,normal,Legendary Land,"legendary,inverted",universesbeyond,foil|nonfoil,foil,,traditional_foil_or_foil_unspecified
HOC,53,English,Surge Foil,card,Dawn of a New Age,58c9ef2f-cd9a-4e71-85a4-f0f0e5cb1130,normal,Enchantment,"enchantment,inverted","surgefoil,universesbeyond",foil,foil,,surge_foil
HOC,54,English,Surge Foil,card,Flowering of the White Tree,99dc452c-f6a1-4f40-9262-3c5a6deaf092,normal,Legendary Enchantment,"enchantment,legendary,inverted","surgefoil,universesbeyond",foil,foil,,surge_foil
HOC,55,English,Surge Foil,card,The Gaffer,4b4db080-dc29-40ca-a8ff-a7c8d5f87853,normal,Legendary Creature — Halfling Peasant,"legendary,inverted","surgefoil,universesbeyond",foil,foil,,surge_foil
HOC,56,English,Surge Foil,card,Galadriel's Dismissal,441802e0-cfd4-4c41-bc45-8babbe39f6d9,normal,Instant,inverted,"surgefoil,universesbeyond",foil,foil,,surge_foil
HOC,57,English,Surge Foil,card,Reprieve,d2afc2b0-bd68-494b-9952-1fe53213552f,normal,Instant,inverted,"surgefoil,universesbeyond",foil,foil,,surge_foil
HOC,58,English,Surge Foil,card,Raise the Palisade,6413aeeb-6a11-42c3-9cd9-dcf2ebde58fc,normal,Sorcery,inverted,"surgefoil,universesbeyond",foil,foil,,surge_foil
HOC,59,English,Surge Foil,card,Orcish Bowmasters,fd845750-f253-4eb0-9903-1f4d5fac014e,normal,Creature — Orc Archer,inverted,"surgefoil,universesbeyond",foil,foil,,surge_foil
HOC,60,English,Surge Foil,card,Witch-king of Angmar,06ad9b5e-6ef0-40c5-8ea3-ddca5d5d965c,normal,Legendary Creature — Wraith Noble,"legendary,inverted","surgefoil,universesbeyond",foil,foil,,surge_foil
HOC,61,English,Surge Foil,card,"Witch-king, Bringer of Ruin",84738f2f-7eab-49c3-b936-ec1934a11127,normal,Legendary Creature — Wraith Noble,"legendary,inverted","surgefoil,universesbeyond",foil,foil,,surge_foil
HOC,62,English,Surge Foil,card,Call Forth the Tempest,1595281c-8d1d-4ad6-8197-01a0fc3b6087,normal,Sorcery,inverted,"surgefoil,universesbeyond",foil,foil,,surge_foil
HOC,63,English,Surge Foil,card,Cavern-Hoard Dragon,f91355e4-097d-417b-9c26-e7e83d9ece3b,normal,Creature — Dragon,inverted,"surgefoil,universesbeyond",foil,foil,,surge_foil
HOC,64,English,Surge Foil,card,"Arwen, Weaver of Hope",e6ba967b-8832-4a98-8685-36acdfb1a53b,normal,Legendary Creature — Elf Noble,"legendary,inverted","surgefoil,universesbeyond",foil,foil,,surge_foil
HOC,65,English,Surge Foil,card,Delighted Halfling,9158f904-bf34-4cc0-9a6c-34893da29f22,normal,Creature — Halfling Citizen,inverted,"surgefoil,universesbeyond",foil,foil,,surge_foil
HOC,66,English,Surge Foil,card,Elven Chorus,804e1b6f-f62b-4e43-a21f-cd3f11d4b0d9,normal,Enchantment,"enchantment,inverted","surgefoil,universesbeyond",foil,foil,,surge_foil
HOC,67,English,Surge Foil,card,Last March of the Ents,98960275-41e6-41aa-951a-022dc148fd36,normal,Sorcery,inverted,"surgefoil,universesbeyond",foil,foil,,surge_foil
HOC,68,English,Surge Foil,card,"Aragorn and Arwen, Wed",a2ef302c-c20e-42ec-a4c3-87ba0cdb51f1,normal,Legendary Creature — Human Elf Noble,"legendary,inverted","surgefoil,universesbeyond",foil,foil,,surge_foil
HOC,69,English,Surge Foil,card,"Aragorn, the Uniter",1b868c39-0fdc-4152-991e-3bc60a90d1ec,normal,Legendary Creature — Human Noble,"legendary,inverted","surgefoil,universesbeyond",foil,foil,,surge_foil
HOC,70,English,Surge Foil,card,"Arwen, Mortal Queen",392c3816-b2b2-48e8-970f-b407fa692368,normal,Legendary Creature — Elf Noble,"legendary,inverted","surgefoil,universesbeyond",foil,foil,,surge_foil
HOC,71,English,Surge Foil,card,Flame of Anor,1c8873a1-e324-4342-ba63-0bc1bc812e3b,normal,Instant,inverted,"surgefoil,universesbeyond",foil,foil,,surge_foil
HOC,72,English,Surge Foil,card,"Galadriel, Light of Valinor",2e14edc5-9a68-4aef-baf6-43e7a6b732b5,normal,Legendary Creature — Elf Noble,"legendary,inverted","surgefoil,universesbeyond",foil,foil,,surge_foil
HOC,73,English,Surge Foil,card,"Gríma, Saruman's Footman",d929f47b-285e-4fce-837d-730f4f88cb99,normal,Legendary Creature — Human Advisor,"legendary,inverted","surgefoil,universesbeyond",foil,foil,,surge_foil
HOC,74,English,Surge Foil,card,"Lotho, Corrupt Shirriff",2a363b0d-294e-4d43-a793-b90de0734390,normal,Legendary Creature — Halfling Rogue,"legendary,inverted","surgefoil,universesbeyond",foil,foil,,surge_foil
HOC,75,English,Surge Foil,card,Saruman of Many Colors,ea41a4f7-a283-4826-9f17-0e1f5bf248d5,normal,Legendary Creature — Avatar Wizard,"legendary,inverted","surgefoil,universesbeyond",foil,foil,,surge_foil
HOC,76,English,Surge Foil,card,"Sauron, the Dark Lord",22dd486a-dfb1-4553-8b0d-d9407cfda36a,normal,Legendary Creature — Avatar Horror,"legendary,inverted","surgefoil,universesbeyond",foil,foil,,surge_foil
HOC,77,English,Surge Foil,card,"Sauron, the Lidless Eye",dc49a0a4-baf4-4efd-a4d4-269179f93c7e,normal,Legendary Creature — Avatar Horror,"legendary,inverted","surgefoil,universesbeyond",foil,foil,,surge_foil
HOC,78,English,Surge Foil,card,Tom Bombadil,c0c6f1e7-f16c-479c-bd0b-138488bd7942,normal,Legendary Creature — God Bard,"legendary,inverted","surgefoil,universesbeyond",foil,foil,,surge_foil
HOC,79,English,Surge Foil,card,"Andúril, Flame of the West",47e706bd-4b4c-435d-882a-659dad68dc4d,normal,Legendary Artifact — Equipment,"legendary,inverted","surgefoil,universesbeyond",foil,foil,,surge_foil
HOC,80,English,Surge Foil,card,"Andúril, Narsil Reforged",e9ee862f-c007-4685-af83-dec508d8ec80,normal,Legendary Artifact — Equipment,"legendary,inverted","surgefoil,universesbeyond",foil,foil,,surge_foil
HOC,81,English,Surge Foil,card,Bilbo's Ring,2960ba27-0d6f-49f1-a2ac-51a491200a51,normal,Legendary Artifact — Equipment,"legendary,inverted","surgefoil,universesbeyond",foil,foil,,surge_foil
HOC,82,English,Surge Foil,card,Glamdring,162a211d-621e-4a20-a732-2f4233e4fe48,normal,Legendary Artifact — Equipment,"legendary,inverted","surgefoil,universesbeyond",foil,foil,,surge_foil
HOC,83,English,Surge Foil,card,Mithril Coat,12232ee5-e564-44f0-b973-21a141e9bd89,normal,Legendary Artifact — Equipment,"legendary,inverted","surgefoil,universesbeyond",foil,foil,,surge_foil
HOC,84,English,Surge Foil,card,The One Ring,c2fed990-78fd-4688-8cac-9f57774297f6,normal,Legendary Artifact,"legendary,inverted","surgefoil,universesbeyond",foil,foil,,surge_foil
HOC,85,English,Surge Foil,card,Palantír of Orthanc,2c0bbe08-61cc-4ed8-8fb1-225d346542c7,normal,Legendary Artifact,"legendary,inverted","surgefoil,universesbeyond",foil,foil,,surge_foil
HOC,86,English,Surge Foil,card,Relic of Sauron,c74e5574-cb43-4094-8f18-237734d3dddc,normal,Artifact,inverted,"surgefoil,universesbeyond",foil,foil,,surge_foil
HOC,87,English,Surge Foil,card,The Black Gate,8d7c2182-1199-4c3a-be4d-c178ab604362,normal,Legendary Land — Gate,"legendary,inverted","surgefoil,universesbeyond",foil,foil,,surge_foil
HOC,88,English,Surge Foil,card,"Minas Morgul, Dark Fortress",86d0093b-1af6-458a-8759-250bbaa77778,normal,Legendary Land,"legendary,inverted","surgefoil,universesbeyond",foil,foil,,surge_foil
HOC,89,English,Surge Foil,card,Minas Tirith,fa9b1e96-8294-4306-8280-c6b187bea5d8,normal,Legendary Land,"legendary,inverted","surgefoil,universesbeyond",foil,foil,,surge_foil
HOC,90,English,Surge Foil,card,Mount Doom,2bb2e6cf-6e2d-4b0b-83d3-46aff575eee4,normal,Legendary Land,"legendary,inverted","surgefoil,universesbeyond",foil,foil,,surge_foil
HOC,91,English,Surge Foil,card,Rivendell,b1c307c6-7bb7-40c3-8b12-4bf95efac328,normal,Legendary Land,"legendary,inverted","surgefoil,universesbeyond",foil,foil,,surge_foil
HOC,92,English,Surge Foil,card,The Shire,8314297a-5c97-4d94-800c-0f9e42fca902,normal,Legendary Land,"legendary,inverted","surgefoil,universesbeyond",foil,foil,,surge_foil
HOC,98,English,Extended Art,card,"Bilbo, Unexpected Adventurer",c3540c92-60f3-4f32-89f2-4568d9c0fd4c,normal,Legendary Creature — Halfling Rogue,"legendary,extendedart",universesbeyond,nonfoil,nonfoil,,nonfoil
HOC,99,English,Extended Art,card,"Gandalf, Shadow's Foe",c659c9e5-5ec6-4c7f-80b2-e1782e6c3334,normal,Legendary Creature — Avatar Wizard,"legendary,extendedart",universesbeyond,nonfoil,nonfoil,,nonfoil
HOC,100,English,Extended Art,card,"Thorin, Company's Leader",5b402a0c-4861-4b58-83b6-c754624cb6ea,normal,Legendary Creature — Dwarf Warrior,"legendary,extendedart",universesbeyond,nonfoil,nonfoil,,nonfoil
HOC,101,English,Extended Art,card,"Bard, Heir of Girion",a5bf2146-0843-4e1b-ad07-29e3dc0e842f,normal,Legendary Creature — Human Archer,"legendary,extendedart",universesbeyond,nonfoil,nonfoil,,nonfoil
HOC,102,English,Extended Art,card,"Bolg, Erebor's Reckoning",55f7866a-6727-4ae0-a0c0-367f29b9cea1,normal,Legendary Creature — Goblin Soldier,"legendary,extendedart",universesbeyond,nonfoil,nonfoil,,nonfoil
HOC,103,English,Extended Art,card,Chief of the Wilds,67b99400-a53a-48c8-a4d0-21bf63274225,normal,Legendary Creature — Wolf,"legendary,extendedart",universesbeyond,nonfoil,nonfoil,,nonfoil
HOC,104,English,Extended Art,card,Dáin of the Ancient Halls,f0c5ea58-c6b0-4cf0-bc5e-45c9aa780b91,normal,Legendary Creature — Dwarf Noble,"legendary,extendedart",universesbeyond,nonfoil,nonfoil,,nonfoil
HOC,105,English,Extended Art,card,"Great Goblin, Foul-Hearted",b3075281-fb5e-458b-8956-0d4ce01f710a,normal,Legendary Creature — Goblin Noble,"legendary,extendedart",universesbeyond,nonfoil,nonfoil,,nonfoil
HOC,106,English,Extended Art,card,Thranduil the Strategist,6b4c1515-6127-4d4b-bdd2-e38bb68693e7,normal,Legendary Creature — Elf Noble,"legendary,extendedart",universesbeyond,nonfoil,nonfoil,,nonfoil
HOC,161,English,Default,card,Banishing Light,d53c7e49-745d-48ba-bc50-240472a4f039,normal,Enchantment,enchantment,universesbeyond,nonfoil,nonfoil,,nonfoil
HOC,162,English,Default,card,Dawn of a New Age,2881c507-aa8f-40a7-9995-6170ee85c7ed,normal,Enchantment,enchantment,universesbeyond,nonfoil,nonfoil,,nonfoil
HOC,163,English,Default,card,Dúnedain Blade,c168a37c-1e51-42c8-b04c-3f0ecae01666,normal,Artifact — Equipment,,universesbeyond,nonfoil,nonfoil,,nonfoil
HOC,164,English,Default,card,Eagles of the North,068a5bf7-6faf-41d5-924d-cdf387c1a193,normal,Creature — Bird Soldier,,universesbeyond,nonfoil,nonfoil,,nonfoil
HOC,165,English,Default,card,Errand-Rider of Gondor,e675d492-ffec-4234-9793-a16de3221f50,normal,Creature — Human Soldier,,universesbeyond,nonfoil,nonfoil,,nonfoil
HOC,166,English,Default,card,Esquire of the King,8c8bbf73-2b36-4c27-bb69-aadb25dd828c,normal,Creature — Human Soldier,,universesbeyond,nonfoil,nonfoil,,nonfoil
HOC,167,English,Default,card,Fiend Hunter,2b497736-e502-4e0c-b5dc-6ce5e9e8d4ab,normal,Creature — Human Cleric,,universesbeyond,nonfoil,nonfoil,,nonfoil
HOC,168,English,Default,card,Fog on the Barrow-Downs,7728c1a0-683c-4f07-bf68-e35602829bb0,normal,Enchantment — Aura,enchantment,universesbeyond,nonfoil,nonfoil,,nonfoil
HOC,169,English,Default,card,"Landroval, Horizon Witness",808029df-e1db-4fe0-b1ed-a75f8d496aa7,normal,Legendary Creature — Bird Noble,legendary,universesbeyond,nonfoil,nonfoil,,nonfoil
HOC,170,English,Default,card,Mentor of the Meek,05b6a101-4d12-4f50-8f02-5c778e08b149,normal,Creature — Human Soldier,,universesbeyond,nonfoil,nonfoil,,nonfoil
HOC,171,English,Default,card,Soldier of the Grey Host,aec09395-d3b3-4bb8-a4be-9b6d7c47efad,normal,Creature — Spirit Soldier,,universesbeyond,nonfoil,nonfoil,,nonfoil
HOC,172,English,Default,card,Westfold Rider,fa7d2ec1-b6b7-4f37-a749-750e52c92e87,normal,Creature — Human Knight,,universesbeyond,nonfoil,nonfoil,,nonfoil
HOC,173,English,Default,card,Captain of Umbar,68cd9cc8-047b-4e0c-b84c-d015d89eb713,normal,Creature — Human Pirate,,universesbeyond,nonfoil,nonfoil,,nonfoil
HOC,174,English,Default,card,Colossal Whale,a4d35a18-1c3c-4882-a318-5cf323350417,normal,Creature — Whale,,universesbeyond,nonfoil,nonfoil,,nonfoil
HOC,175,English,Default,card,Grey Havens Navigator,b5200abb-64e5-4401-a231-be3ca69d24b7,normal,Creature — Elf Pilot,,universesbeyond,nonfoil,nonfoil,,nonfoil
HOC,176,English,Default,card,Hithlain Knots,74868f21-b8a2-4aa0-9431-3f2171bde9c3,normal,Instant,,universesbeyond,nonfoil,nonfoil,,nonfoil
HOC,177,English,Default,card,Ithilien Kingfisher,8526b72e-936e-4592-9538-37acca0a6fc5,normal,Creature — Bird,,universesbeyond,nonfoil,nonfoil,,nonfoil
HOC,178,English,Default,card,Knights of Dol Amroth,a954c983-296a-448c-b8d8-ce04d82caaeb,normal,Creature — Human Knight,,universesbeyond,nonfoil,nonfoil,,nonfoil
HOC,179,English,Default,card,Lórien Revealed,209204c7-aae5-4768-91b8-89c8c4d4a97f,normal,Sorcery,,universesbeyond,nonfoil,nonfoil,,nonfoil
HOC,180,English,Default,card,Minas Tirith Garrison,bf30fc6c-9121-4d2d-be69-9d5e84250e4a,normal,Creature — Human Soldier,,universesbeyond,nonfoil,nonfoil,,nonfoil
HOC,181,English,Default,card,Nimrodel Watcher,838696b2-a813-4266-9476-cd0b67a781d5,normal,Creature — Elf Scout,,universesbeyond,nonfoil,nonfoil,,nonfoil
HOC,182,English,Default,card,Pelargir Survivor,767ab62c-59fd-4fda-8291-6170383a8ae0,normal,Creature — Human Peasant,,universesbeyond,nonfoil,nonfoil,,nonfoil
HOC,183,English,Default,card,Stern Scolding,b2dee261-e02f-47ab-8468-3ef055004c8c,normal,Instant,,universesbeyond,nonfoil,nonfoil,,nonfoil
HOC,184,English,Default,card,Willow-Wind,fc19dc82-6608-4a2c-bdf5-27585cf86645,normal,Creature — Elemental,,universesbeyond,nonfoil,nonfoil,,nonfoil
HOC,185,English,Default,card,Bitter Downfall,3a4ac16c-eea8-40f9-a2b0-5016af0ac722,normal,Instant,,universesbeyond,nonfoil,nonfoil,,nonfoil
HOC,186,English,Default,card,Haunt of the Dead Marshes,37a12935-c927-4d25-a7e5-17a0b6229c60,normal,Creature — Nightmare Elf,,universesbeyond,nonfoil,nonfoil,,nonfoil
HOC,187,English,Default,card,Languish,e8701682-5b74-4855-adcf-7a1cf0c8cb41,normal,Sorcery,,universesbeyond,nonfoil,nonfoil,,nonfoil
HOC,188,English,Default,card,Merciless Executioner,7b135177-4786-4ebe-98cd-c1db9444e577,normal,Creature — Orc Warrior,,universesbeyond,nonfoil,nonfoil,,nonfoil
HOC,189,English,Default,card,Night's Whisper,e8399c2e-ecc8-41c9-a690-a0eeafb27f77,normal,Sorcery,,universesbeyond,nonfoil,nonfoil,,nonfoil
HOC,190,English,Default,card,Shadow of the Enemy,2bf42714-dfbd-4da5-8eba-8b27ab4b4cdf,normal,Sorcery,,universesbeyond,nonfoil,nonfoil,,nonfoil
HOC,191,English,Default,card,Troll of Khazad-dûm,5edb0c1d-be6a-42b1-829c-ffbea3647ad8,normal,Creature — Troll,,universesbeyond,nonfoil,nonfoil,,nonfoil
HOC,192,English,Default,card,Battle-Scarred Goblin,289d3d6c-8f7b-42d9-be9c-59c93128d207,normal,Creature — Goblin Warrior,,universesbeyond,nonfoil,nonfoil,,nonfoil
HOC,193,English,Default,card,Fire of Orthanc,be2cf51a-11c6-4d52-85f9-9518133ba201,normal,Sorcery,,universesbeyond,nonfoil,nonfoil,,nonfoil
HOC,194,English,Default,card,Goblin Cratermaker,e37ae38f-ef93-4861-9a3a-49378a4d50b4,normal,Creature — Goblin Warrior,,universesbeyond,nonfoil,nonfoil,,nonfoil
HOC,195,English,Default,card,Goblin Fireleaper,f238d6c0-80fb-44f8-855b-55720fcff07f,normal,Creature — Goblin Warrior,,universesbeyond,nonfoil,nonfoil,,nonfoil
HOC,196,English,Default,card,Guttersnipe,f6bb1ffc-2251-4655-b8f9-4c8047dd5d5f,normal,Creature — Goblin Shaman,,universesbeyond,nonfoil,nonfoil,,nonfoil
HOC,197,English,Default,card,Improvised Club,7937d8c7-76c6-4343-9f5e-994cb9e6f42a,normal,Instant,,universesbeyond,nonfoil,nonfoil,,nonfoil
HOC,198,English,Default,card,Inferno Titan,f839aadb-084e-4ddc-ba62-d654a695cc6b,normal,Creature — Giant,,universesbeyond,nonfoil,nonfoil,,nonfoil
HOC,199,English,Default,card,Oliphaunt,28b60f0b-6dd5-4e57-98ff-28effe8fcd55,normal,Creature — Elephant,,universesbeyond,nonfoil,nonfoil,,nonfoil
HOC,200,English,Default,card,Olog-hai Crusher,3cebc85a-a75f-47a4-b286-f66fe18303a7,normal,Creature — Troll Soldier,,universesbeyond,nonfoil,nonfoil,,nonfoil
HOC,201,English,Default,card,Orcish Siegemaster,dbce4474-7485-4ab7-8016-04f03bc90dc5,normal,Creature — Orc Soldier,,universesbeyond,nonfoil,nonfoil,,nonfoil
HOC,202,English,Default,card,Smite the Deathless,c7a56386-12c8-48c1-895c-9f3af29ea1d1,normal,Instant,,universesbeyond,nonfoil,nonfoil,,nonfoil
HOC,203,English,Default,card,Celeborn the Wise,c88e946a-03dc-4730-8f74-e41dfaf28177,normal,Legendary Creature — Elf Noble,legendary,universesbeyond,nonfoil,nonfoil,,nonfoil
HOC,204,English,Default,card,Elvish Archdruid,006ff5a3-355b-4a7d-b402-bb3c8d32a585,normal,Creature — Elf Druid,,universesbeyond,nonfoil,nonfoil,,nonfoil
HOC,205,English,Default,card,Elvish Mystic,08b9a296-3b76-4f8f-9d71-7c9af92bb3b4,normal,Creature — Elf Druid,,universesbeyond,nonfoil,nonfoil,,nonfoil
HOC,206,English,Default,card,Elvish Visionary,6d2f4a37-453f-4a2c-bfba-2d1227394c90,normal,Creature — Elf Shaman,,universesbeyond,nonfoil,nonfoil,,nonfoil
HOC,207,English,Default,card,Galadhrim Guide,0571a6b2-548a-43ed-9357-a27095d2e894,normal,Creature — Elf Scout,,universesbeyond,nonfoil,nonfoil,,nonfoil
HOC,208,English,Default,card,Gift of Strands,e945fa91-21c6-4a23-83ac-26f04c917908,normal,Enchantment — Aura,enchantment,universesbeyond,nonfoil,nonfoil,,nonfoil
HOC,209,English,Default,card,Lothlórien Lookout,acc6a5d4-9a04-4a52-b2dc-0b0ab616a110,normal,Creature — Elf Scout,,universesbeyond,nonfoil,nonfoil,,nonfoil
HOC,210,English,Default,card,Mirkwood Elk,eda8bfa5-1e7d-442d-9d8c-651eb5630124,normal,Creature — Elk,,universesbeyond,nonfoil,nonfoil,,nonfoil
HOC,211,English,Default,card,Wayfarer's Bauble,b279f268-c37e-4a2d-8195-74f4881226fc,normal,Artifact,,universesbeyond,nonfoil,nonfoil,,nonfoil
HOC,212,English,Default,card,Rogue's Passage,4493b62b-f354-47ff-9dcf-cc6e29de77c6,normal,Land,,universesbeyond,nonfoil,nonfoil,,nonfoil
THOB,1,English,Full-art token,token_face,Bird Soldier,,token,Token face,,,foil|nonfoil,nonfoil,see thob_physical_products.csv,nonfoil
THOB,1,English,Full-art token,token_face,Bird Soldier,,token,Token face,,,foil|nonfoil,foil,see thob_physical_products.csv,traditional_foil
THOB,2,English,Full-art token,token_face,Human Soldier,,token,Token face,,,foil|nonfoil,nonfoil,see thob_physical_products.csv,nonfoil
THOB,2,English,Full-art token,token_face,Human Soldier,,token,Token face,,,foil|nonfoil,foil,see thob_physical_products.csv,traditional_foil
THOB,3,English,Full-art token,token_face,Goblin Army,,token,Token face,,,foil|nonfoil,nonfoil,see thob_physical_products.csv,nonfoil
THOB,3,English,Full-art token,token_face,Goblin Army,,token,Token face,,,foil|nonfoil,foil,see thob_physical_products.csv,traditional_foil
THOB,4,English,Full-art token,token_face,Goblin Army,,token,Token face,,,foil|nonfoil,nonfoil,see thob_physical_products.csv,nonfoil
THOB,4,English,Full-art token,token_face,Goblin Army,,token,Token face,,,foil|nonfoil,foil,see thob_physical_products.csv,traditional_foil
THOB,5,English,Full-art token,token_face,Dragon,,token,Token face,,,foil|nonfoil,nonfoil,see thob_physical_products.csv,nonfoil
THOB,5,English,Full-art token,token_face,Dragon,,token,Token face,,,foil|nonfoil,foil,see thob_physical_products.csv,traditional_foil
THOB,6,English,Full-art token,token_face,Dwarf,,token,Token face,,,foil|nonfoil,nonfoil,see thob_physical_products.csv,nonfoil
THOB,6,English,Full-art token,token_face,Dwarf,,token,Token face,,,foil|nonfoil,foil,see thob_physical_products.csv,traditional_foil
THOB,7,English,Full-art token,token_face,Bear,,token,Token face,,,foil|nonfoil,nonfoil,see thob_physical_products.csv,nonfoil
THOB,7,English,Full-art token,token_face,Bear,,token,Token face,,,foil|nonfoil,foil,see thob_physical_products.csv,traditional_foil
THOB,8,English,Full-art token,token_face,Elf,,token,Token face,,,foil|nonfoil,nonfoil,see thob_physical_products.csv,nonfoil
THOB,8,English,Full-art token,token_face,Elf,,token,Token face,,,foil|nonfoil,foil,see thob_physical_products.csv,traditional_foil
THOB,9,English,Full-art token,token_face,Wolf,,token,Token face,,,foil|nonfoil,nonfoil,see thob_physical_products.csv,nonfoil
THOB,9,English,Full-art token,token_face,Wolf,,token,Token face,,,foil|nonfoil,foil,see thob_physical_products.csv,traditional_foil
THOB,10,English,Full-art token,token_face,Axe,,token,Token face,,,foil|nonfoil,nonfoil,see thob_physical_products.csv,nonfoil
THOB,10,English,Full-art token,token_face,Axe,,token,Token face,,,foil|nonfoil,foil,see thob_physical_products.csv,traditional_foil
THOB,11,English,Full-art token,token_face,Stone Boulder,,token,Token face,,,foil|nonfoil,nonfoil,see thob_physical_products.csv,nonfoil
THOB,11,English,Full-art token,token_face,Stone Boulder,,token,Token face,,,foil|nonfoil,foil,see thob_physical_products.csv,traditional_foil
THOB,12,English,Full-art token,token_face,Treasure,,token,Token face,,,foil|nonfoil,nonfoil,see thob_physical_products.csv,nonfoil
THOB,12,English,Full-art token,token_face,Treasure,,token,Token face,,,foil|nonfoil,foil,see thob_physical_products.csv,traditional_foil
THOB,13,English,Full-art token,token_face,Treasure,,token,Token face,,,foil|nonfoil,nonfoil,see thob_physical_products.csv,nonfoil
THOB,13,English,Full-art token,token_face,Treasure,,token,Token face,,,foil|nonfoil,foil,see thob_physical_products.csv,traditional_foil
THOB,14,English,Helper card,helper_card,Enduring Story,,helper,Helper card,,,nonfoil,nonfoil,may pair with token face; per official description,nonfoil
THOB,15,English,Helper card,helper_card,On an Adventure,,helper,Helper card,,,nonfoil,nonfoil,may pair with token face; per official description,nonfoil
