collector_number,printed_set_number,card_name,tcgdex_name,category,pokemon_species,dex_number,rarity,rarity_group,hp,pokemon_type,stage,evolves_from,is_ex,artist,regulation_mark,abilities,attacks,weaknesses,retreat,has_normal,has_holo,has_reverse_holo,variant_confidence,official_source,metadata_sources,source_confidence,source_notes,tcgdex_id,pokemon_tcg_api_id,image
001,001,Bulbasaur,Bulbasaur,Pokemon,Bulbasaur,[1],Common,Common,70,"[""Grass""]",Basic,,0,Yuu Nishida,G,[],"[""Leech Seed""]","[{""type"":""Fire"",""value"":""×2""}]",2,1,0,1,SUPPORTED,https://assets.pokemon.com/assets/cms2/pdf/trading-card-game/checklist/mew_web_cardlist_en.pdf,official_pokemon_checklist;tcgdex;pokemon_tcg_api,HIGH for number/name/set membership; MEDIUM for metadata from structured secondary sources,Official PDF extraction does not expose per-row rarity icons as text; rarity is sourced from TCGdex/API and remains separately attributed.,sv03.5-001,sv3pt5-1,https://assets.tcgdex.net/en/sv/sv03.5/001
002,002,Ivysaur,Ivysaur,Pokemon,Ivysaur,[2],Uncommon,Uncommon,100,"[""Grass""]",Stage1,Bulbasaur,0,Yuu Nishida,G,[],"[""Leech Seed"",""Vine Whip""]","[{""type"":""Fire"",""value"":""×2""}]",3,1,0,1,SUPPORTED,https://assets.pokemon.com/assets/cms2/pdf/trading-card-game/checklist/mew_web_cardlist_en.pdf,official_pokemon_checklist;tcgdex;pokemon_tcg_api,HIGH for number/name/set membership; MEDIUM for metadata from structured secondary sources,Official PDF extraction does not expose per-row rarity icons as text; rarity is sourced from TCGdex/API and remains separately attributed.,sv03.5-002,sv3pt5-2,https://assets.tcgdex.net/en/sv/sv03.5/002
003,003,Venusaur ex,Venusaur ex,Pokemon,Venusaur,[3],Double rare,Double Rare,340,"[""Grass""]",Stage2,Ivysaur,1,5ban Graphics,G,"[""Tranquil Flower""]","[""Dangerous Toxwhip""]","[{""type"":""Fire"",""value"":""×2""}]",4,0,1,0,SUPPORTED,https://assets.pokemon.com/assets/cms2/pdf/trading-card-game/checklist/mew_web_cardlist_en.pdf,official_pokemon_checklist;tcgdex;pokemon_tcg_api,HIGH for number/name/set membership; MEDIUM for metadata from structured secondary sources,Official PDF extraction does not expose per-row rarity icons as text; rarity is sourced from TCGdex/API and remains separately attributed.,sv03.5-003,sv3pt5-3,https://assets.tcgdex.net/en/sv/sv03.5/003
004,004,Charmander,Charmander,Pokemon,Charmander,[4],Common,Common,70,"[""Fire""]",Basic,,0,GIDORA,G,[],"[""Blazing Destruction"",""Steady Firebreathing""]","[{""type"":""Water"",""value"":""×2""}]",1,1,1,1,SUPPORTED,https://assets.pokemon.com/assets/cms2/pdf/trading-card-game/checklist/mew_web_cardlist_en.pdf,official_pokemon_checklist;tcgdex;pokemon_tcg_api,HIGH for number/name/set membership; MEDIUM for metadata from structured secondary sources,Official PDF extraction does not expose per-row rarity icons as text; rarity is sourced from TCGdex/API and remains separately attributed.,sv03.5-004,sv3pt5-4,https://assets.tcgdex.net/en/sv/sv03.5/004
005,005,Charmeleon,Charmeleon,Pokemon,Charmeleon,[5],Uncommon,Uncommon,100,"[""Fire""]",Stage1,Charmander,0,GIDORA,G,[],"[""Combustion"",""Fire Blast""]","[{""type"":""Water"",""value"":""×2""}]",2,1,1,1,SUPPORTED,https://assets.pokemon.com/assets/cms2/pdf/trading-card-game/checklist/mew_web_cardlist_en.pdf,official_pokemon_checklist;tcgdex;pokemon_tcg_api,HIGH for number/name/set membership; MEDIUM for metadata from structured secondary sources,Official PDF extraction does not expose per-row rarity icons as text; rarity is sourced from TCGdex/API and remains separately attributed.,sv03.5-005,sv3pt5-5,https://assets.tcgdex.net/en/sv/sv03.5/005
006,006,Charizard ex,Charizard ex,Pokemon,Charizard,[6],Double rare,Double Rare,330,"[""Fire""]",Stage2,Charmeleon,1,PLANETA Mochizuki,G,[],"[""Brave Wing"",""Explosive Vortex""]","[{""type"":""Water"",""value"":""×2""}]",2,0,1,0,SUPPORTED,https://assets.pokemon.com/assets/cms2/pdf/trading-card-game/checklist/mew_web_cardlist_en.pdf,official_pokemon_checklist;tcgdex;pokemon_tcg_api,HIGH for number/name/set membership; MEDIUM for metadata from structured secondary sources,Official PDF extraction does not expose per-row rarity icons as text; rarity is sourced from TCGdex/API and remains separately attributed.,sv03.5-006,sv3pt5-6,https://assets.tcgdex.net/en/sv/sv03.5/006
007,007,Squirtle,Squirtle,Pokemon,Squirtle,[7],Common,Common,60,"[""Water""]",Basic,,0,kantaro,G,[],"[""Withdraw"",""Skull Bash""]","[{""type"":""Lightning"",""value"":""×2""}]",1,1,0,1,SUPPORTED,https://assets.pokemon.com/assets/cms2/pdf/trading-card-game/checklist/mew_web_cardlist_en.pdf,official_pokemon_checklist;tcgdex;pokemon_tcg_api,HIGH for number/name/set membership; MEDIUM for metadata from structured secondary sources,Official PDF extraction does not expose per-row rarity icons as text; rarity is sourced from TCGdex/API and remains separately attributed.,sv03.5-007,sv3pt5-7,https://assets.tcgdex.net/en/sv/sv03.5/007
008,008,Wartortle,Wartortle,Pokemon,Wartortle,[8],Uncommon,Uncommon,100,"[""Water""]",Stage1,Squirtle,0,kantaro,G,[],"[""Free Diving"",""Spinning Attack""]","[{""type"":""Lightning"",""value"":""×2""}]",2,1,0,1,SUPPORTED,https://assets.pokemon.com/assets/cms2/pdf/trading-card-game/checklist/mew_web_cardlist_en.pdf,official_pokemon_checklist;tcgdex;pokemon_tcg_api,HIGH for number/name/set membership; MEDIUM for metadata from structured secondary sources,Official PDF extraction does not expose per-row rarity icons as text; rarity is sourced from TCGdex/API and remains separately attributed.,sv03.5-008,sv3pt5-8,https://assets.tcgdex.net/en/sv/sv03.5/008
009,009,Blastoise ex,Blastoise ex,Pokemon,Blastoise,[9],Double rare,Double Rare,330,"[""Water""]",Stage2,Wartortle,1,PLANETA Yamashita,G,"[""Solid Shell""]","[""Twin Cannons""]","[{""type"":""Lightning"",""value"":""×2""}]",3,0,1,0,SUPPORTED,https://assets.pokemon.com/assets/cms2/pdf/trading-card-game/checklist/mew_web_cardlist_en.pdf,official_pokemon_checklist;tcgdex;pokemon_tcg_api,HIGH for number/name/set membership; MEDIUM for metadata from structured secondary sources,Official PDF extraction does not expose per-row rarity icons as text; rarity is sourced from TCGdex/API and remains separately attributed.,sv03.5-009,sv3pt5-9,https://assets.tcgdex.net/en/sv/sv03.5/009
010,010,Caterpie,Caterpie,Pokemon,Caterpie,[10],Common,Common,50,"[""Grass""]",Basic,,0,Tika Matsuno,G,[],"[""Leaf Munch""]","[{""type"":""Fire"",""value"":""×2""}]",1,1,0,1,SUPPORTED,https://assets.pokemon.com/assets/cms2/pdf/trading-card-game/checklist/mew_web_cardlist_en.pdf,official_pokemon_checklist;tcgdex;pokemon_tcg_api,HIGH for number/name/set membership; MEDIUM for metadata from structured secondary sources,Official PDF extraction does not expose per-row rarity icons as text; rarity is sourced from TCGdex/API and remains separately attributed.,sv03.5-010,sv3pt5-10,https://assets.tcgdex.net/en/sv/sv03.5/010
011,011,Metapod,Metapod,Pokemon,Metapod,[11],Common,Common,90,"[""Grass""]",Stage1,Caterpie,0,Tika Matsuno,G,[],"[""Tackle"",""Defensive Posture""]","[{""type"":""Fire"",""value"":""×2""}]",3,1,0,1,SUPPORTED,https://assets.pokemon.com/assets/cms2/pdf/trading-card-game/checklist/mew_web_cardlist_en.pdf,official_pokemon_checklist;tcgdex;pokemon_tcg_api,HIGH for number/name/set membership; MEDIUM for metadata from structured secondary sources,Official PDF extraction does not expose per-row rarity icons as text; rarity is sourced from TCGdex/API and remains separately attributed.,sv03.5-011,sv3pt5-11,https://assets.tcgdex.net/en/sv/sv03.5/011
012,012,Butterfree,Butterfree,Pokemon,Butterfree,[12],Uncommon,Uncommon,130,"[""Grass""]",Stage2,Metapod,0,Tika Matsuno,G,[],"[""Whirlwind"",""Bye-Bye Flight""]","[{""type"":""Fire"",""value"":""×2""}]",1,1,0,1,SUPPORTED,https://assets.pokemon.com/assets/cms2/pdf/trading-card-game/checklist/mew_web_cardlist_en.pdf,official_pokemon_checklist;tcgdex;pokemon_tcg_api,HIGH for number/name/set membership; MEDIUM for metadata from structured secondary sources,Official PDF extraction does not expose per-row rarity icons as text; rarity is sourced from TCGdex/API and remains separately attributed.,sv03.5-012,sv3pt5-12,https://assets.tcgdex.net/en/sv/sv03.5/012
013,013,Weedle,Weedle,Pokemon,Weedle,[13],Common,Common,50,"[""Grass""]",Basic,,0,nisimono,G,[],"[""Ram"",""Bug Bite""]","[{""type"":""Fire"",""value"":""×2""}]",1,1,0,1,SUPPORTED,https://assets.pokemon.com/assets/cms2/pdf/trading-card-game/checklist/mew_web_cardlist_en.pdf,official_pokemon_checklist;tcgdex;pokemon_tcg_api,HIGH for number/name/set membership; MEDIUM for metadata from structured secondary sources,Official PDF extraction does not expose per-row rarity icons as text; rarity is sourced from TCGdex/API and remains separately attributed.,sv03.5-013,sv3pt5-13,https://assets.tcgdex.net/en/sv/sv03.5/013
014,014,Kakuna,Kakuna,Pokemon,Kakuna,[14],Common,Common,80,"[""Grass""]",Stage1,Weedle,0,nisimono,G,"[""Cocoon Cover""]","[""Zzzt""]","[{""type"":""Fire"",""value"":""×2""}]",3,1,0,1,SUPPORTED,https://assets.pokemon.com/assets/cms2/pdf/trading-card-game/checklist/mew_web_cardlist_en.pdf,official_pokemon_checklist;tcgdex;pokemon_tcg_api,HIGH for number/name/set membership; MEDIUM for metadata from structured secondary sources,Official PDF extraction does not expose per-row rarity icons as text; rarity is sourced from TCGdex/API and remains separately attributed.,sv03.5-014,sv3pt5-14,https://assets.tcgdex.net/en/sv/sv03.5/014
015,015,Beedrill,Beedrill,Pokemon,Beedrill,[15],Rare,Rare,130,"[""Grass""]",Stage2,Kakuna,0,nisimono,G,[],"[""Nadir Needle"",""Pierce""]","[{""type"":""Fire"",""value"":""×2""}]",1,0,1,1,SUPPORTED,https://assets.pokemon.com/assets/cms2/pdf/trading-card-game/checklist/mew_web_cardlist_en.pdf,official_pokemon_checklist;tcgdex;pokemon_tcg_api,HIGH for number/name/set membership; MEDIUM for metadata from structured secondary sources,Official PDF extraction does not expose per-row rarity icons as text; rarity is sourced from TCGdex/API and remains separately attributed.,sv03.5-015,sv3pt5-15,https://assets.tcgdex.net/en/sv/sv03.5/015
016,016,Pidgey,Pidgey,Pokemon,Pidgey,[16],Common,Common,50,"[""Colorless""]",Basic,,0,Oswaldo KATO,G,[],"[""Call for Family"",""Tackle""]","[{""type"":""Lightning"",""value"":""×2""}]",1,1,0,1,SUPPORTED,https://assets.pokemon.com/assets/cms2/pdf/trading-card-game/checklist/mew_web_cardlist_en.pdf,official_pokemon_checklist;tcgdex;pokemon_tcg_api,HIGH for number/name/set membership; MEDIUM for metadata from structured secondary sources,Official PDF extraction does not expose per-row rarity icons as text; rarity is sourced from TCGdex/API and remains separately attributed.,sv03.5-016,sv3pt5-16,https://assets.tcgdex.net/en/sv/sv03.5/016
017,017,Pidgeotto,Pidgeotto,Pokemon,Pidgeotto,[17],Common,Common,80,"[""Colorless""]",Stage1,Pidgey,0,Oswaldo KATO,G,[],"[""Flap""]","[{""type"":""Lightning"",""value"":""×2""}]",0,1,0,1,SUPPORTED,https://assets.pokemon.com/assets/cms2/pdf/trading-card-game/checklist/mew_web_cardlist_en.pdf,official_pokemon_checklist;tcgdex;pokemon_tcg_api,HIGH for number/name/set membership; MEDIUM for metadata from structured secondary sources,Official PDF extraction does not expose per-row rarity icons as text; rarity is sourced from TCGdex/API and remains separately attributed.,sv03.5-017,sv3pt5-17,https://assets.tcgdex.net/en/sv/sv03.5/017
018,018,Pidgeot,Pidgeot,Pokemon,Pidgeot,[18],Uncommon,Uncommon,130,"[""Colorless""]",Stage2,Pidgeotto,0,Oswaldo KATO,G,[],"[""Flap"",""Fly""]","[{""type"":""Lightning"",""value"":""×2""}]",0,1,0,1,SUPPORTED,https://assets.pokemon.com/assets/cms2/pdf/trading-card-game/checklist/mew_web_cardlist_en.pdf,official_pokemon_checklist;tcgdex;pokemon_tcg_api,HIGH for number/name/set membership; MEDIUM for metadata from structured secondary sources,Official PDF extraction does not expose per-row rarity icons as text; rarity is sourced from TCGdex/API and remains separately attributed.,sv03.5-018,sv3pt5-18,https://assets.tcgdex.net/en/sv/sv03.5/018
019,019,Rattata,Rattata,Pokemon,Rattata,[19],Common,Common,40,"[""Colorless""]",Basic,,0,sowsow,G,[],"[""Gnaw the Wound""]","[{""type"":""Fighting"",""value"":""×2""}]",1,1,0,1,SUPPORTED,https://assets.pokemon.com/assets/cms2/pdf/trading-card-game/checklist/mew_web_cardlist_en.pdf,official_pokemon_checklist;tcgdex;pokemon_tcg_api,HIGH for number/name/set membership; MEDIUM for metadata from structured secondary sources,Official PDF extraction does not expose per-row rarity icons as text; rarity is sourced from TCGdex/API and remains separately attributed.,sv03.5-019,sv3pt5-19,https://assets.tcgdex.net/en/sv/sv03.5/019
020,020,Raticate,Raticate,Pokemon,Raticate,[20],Uncommon,Uncommon,70,"[""Colorless""]",Stage1,Rattata,0,sowsow,G,[],"[""Second Bite""]","[{""type"":""Fighting"",""value"":""×2""}]",0,1,0,1,SUPPORTED,https://assets.pokemon.com/assets/cms2/pdf/trading-card-game/checklist/mew_web_cardlist_en.pdf,official_pokemon_checklist;tcgdex;pokemon_tcg_api,HIGH for number/name/set membership; MEDIUM for metadata from structured secondary sources,Official PDF extraction does not expose per-row rarity icons as text; rarity is sourced from TCGdex/API and remains separately attributed.,sv03.5-020,sv3pt5-20,https://assets.tcgdex.net/en/sv/sv03.5/020
021,021,Spearow,Spearow,Pokemon,Spearow,[21],Common,Common,50,"[""Colorless""]",Basic,,0,Gemi,G,"[""Evolutionary Advantage""]","[""Speed Dive""]","[{""type"":""Lightning"",""value"":""×2""}]",1,1,0,1,SUPPORTED,https://assets.pokemon.com/assets/cms2/pdf/trading-card-game/checklist/mew_web_cardlist_en.pdf,official_pokemon_checklist;tcgdex;pokemon_tcg_api,HIGH for number/name/set membership; MEDIUM for metadata from structured secondary sources,Official PDF extraction does not expose per-row rarity icons as text; rarity is sourced from TCGdex/API and remains separately attributed.,sv03.5-021,sv3pt5-21,https://assets.tcgdex.net/en/sv/sv03.5/021
022,022,Fearow,Fearow,Pokemon,Fearow,[22],Uncommon,Uncommon,90,"[""Colorless""]",Stage1,Spearow,0,Gemi,G,[],"[""Beak Catch"",""Speed Dive""]","[{""type"":""Lightning"",""value"":""×2""}]",0,1,0,1,SUPPORTED,https://assets.pokemon.com/assets/cms2/pdf/trading-card-game/checklist/mew_web_cardlist_en.pdf,official_pokemon_checklist;tcgdex;pokemon_tcg_api,HIGH for number/name/set membership; MEDIUM for metadata from structured secondary sources,Official PDF extraction does not expose per-row rarity icons as text; rarity is sourced from TCGdex/API and remains separately attributed.,sv03.5-022,sv3pt5-22,https://assets.tcgdex.net/en/sv/sv03.5/022
023,023,Ekans,Ekans,Pokemon,Ekans,[23],Common,Common,70,"[""Darkness""]",Basic,,0,Kedamahadaitai Yawarakai,G,[],"[""Acid Spray""]","[{""type"":""Fighting"",""value"":""×2""}]",2,1,0,1,SUPPORTED,https://assets.pokemon.com/assets/cms2/pdf/trading-card-game/checklist/mew_web_cardlist_en.pdf,official_pokemon_checklist;tcgdex;pokemon_tcg_api,HIGH for number/name/set membership; MEDIUM for metadata from structured secondary sources,Official PDF extraction does not expose per-row rarity icons as text; rarity is sourced from TCGdex/API and remains separately attributed.,sv03.5-023,sv3pt5-23,https://assets.tcgdex.net/en/sv/sv03.5/023
024,024,Arbok ex,Arbok ex,Pokemon,Arbok,[24],Double rare,Double Rare,270,"[""Darkness""]",Stage1,Ekans,1,Eske Yoshinob,G,[],"[""Bind Down"",""Menacing Fangs""]","[{""type"":""Fighting"",""value"":""×2""}]",2,0,1,0,SUPPORTED,https://assets.pokemon.com/assets/cms2/pdf/trading-card-game/checklist/mew_web_cardlist_en.pdf,official_pokemon_checklist;tcgdex;pokemon_tcg_api,HIGH for number/name/set membership; MEDIUM for metadata from structured secondary sources,Official PDF extraction does not expose per-row rarity icons as text; rarity is sourced from TCGdex/API and remains separately attributed.,sv03.5-024,sv3pt5-24,https://assets.tcgdex.net/en/sv/sv03.5/024
025,025,Pikachu,Pikachu,Pokemon,Pikachu,[25],Common,Common,60,"[""Lightning""]",Basic,,0,Naoyo Kimura,G,[],"[""Charge"",""Pika Punch""]","[{""type"":""Fighting"",""value"":""×2""}]",1,1,0,1,SUPPORTED,https://assets.pokemon.com/assets/cms2/pdf/trading-card-game/checklist/mew_web_cardlist_en.pdf,official_pokemon_checklist;tcgdex;pokemon_tcg_api,HIGH for number/name/set membership; MEDIUM for metadata from structured secondary sources,Official PDF extraction does not expose per-row rarity icons as text; rarity is sourced from TCGdex/API and remains separately attributed.,sv03.5-025,sv3pt5-25,https://assets.tcgdex.net/en/sv/sv03.5/025
026,026,Raichu,Raichu,Pokemon,Raichu,[26],Rare,Rare,120,"[""Lightning""]",Stage1,Pikachu,0,Naoyo Kimura,G,"[""Electrical Grounding""]","[""Thunder""]","[{""type"":""Fighting"",""value"":""×2""}]",1,0,1,1,SUPPORTED,https://assets.pokemon.com/assets/cms2/pdf/trading-card-game/checklist/mew_web_cardlist_en.pdf,official_pokemon_checklist;tcgdex;pokemon_tcg_api,HIGH for number/name/set membership; MEDIUM for metadata from structured secondary sources,Official PDF extraction does not expose per-row rarity icons as text; rarity is sourced from TCGdex/API and remains separately attributed.,sv03.5-026,sv3pt5-26,https://assets.tcgdex.net/en/sv/sv03.5/026
027,027,Sandshrew,Sandshrew,Pokemon,Sandshrew,[27],Common,Common,60,"[""Fighting""]",Basic,,0,kodama,G,"[""Sand Screen""]","[""Scratch""]","[{""type"":""Grass"",""value"":""×2""}]",1,1,0,1,SUPPORTED,https://assets.pokemon.com/assets/cms2/pdf/trading-card-game/checklist/mew_web_cardlist_en.pdf,official_pokemon_checklist;tcgdex;pokemon_tcg_api,HIGH for number/name/set membership; MEDIUM for metadata from structured secondary sources,Official PDF extraction does not expose per-row rarity icons as text; rarity is sourced from TCGdex/API and remains separately attributed.,sv03.5-027,sv3pt5-27,https://assets.tcgdex.net/en/sv/sv03.5/027
028,028,Sandslash,Sandslash,Pokemon,Sandslash,[28],Uncommon,Uncommon,120,"[""Fighting""]",Stage1,Sandshrew,0,kodama,G,[],"[""Rumble"",""Spike Rend""]","[{""type"":""Grass"",""value"":""×2""}]",2,1,0,1,SUPPORTED,https://assets.pokemon.com/assets/cms2/pdf/trading-card-game/checklist/mew_web_cardlist_en.pdf,official_pokemon_checklist;tcgdex;pokemon_tcg_api,HIGH for number/name/set membership; MEDIUM for metadata from structured secondary sources,Official PDF extraction does not expose per-row rarity icons as text; rarity is sourced from TCGdex/API and remains separately attributed.,sv03.5-028,sv3pt5-28,https://assets.tcgdex.net/en/sv/sv03.5/028
029,029,Nidoran♀,Nidoran♀,Pokemon,Nidoran♀,[29],Common,Common,60,"[""Darkness""]",Basic,,0,Teeziro,G,[],"[""Poison Horn""]","[{""type"":""Fighting"",""value"":""×2""}]",1,1,0,1,SUPPORTED,https://assets.pokemon.com/assets/cms2/pdf/trading-card-game/checklist/mew_web_cardlist_en.pdf,official_pokemon_checklist;tcgdex;pokemon_tcg_api,HIGH for number/name/set membership; MEDIUM for metadata from structured secondary sources,Official PDF extraction does not expose per-row rarity icons as text; rarity is sourced from TCGdex/API and remains separately attributed.,sv03.5-029,sv3pt5-29,https://assets.tcgdex.net/en/sv/sv03.5/029
030,030,Nidorina,Nidorina,Pokemon,Nidorina,[30],Uncommon,Uncommon,90,"[""Darkness""]",Stage1,Nidoran♀,0,Teeziro,G,[],"[""Fetch Family"",""Sharp Fang""]","[{""type"":""Fighting"",""value"":""×2""}]",2,1,0,1,SUPPORTED,https://assets.pokemon.com/assets/cms2/pdf/trading-card-game/checklist/mew_web_cardlist_en.pdf,official_pokemon_checklist;tcgdex;pokemon_tcg_api,HIGH for number/name/set membership; MEDIUM for metadata from structured secondary sources,Official PDF extraction does not expose per-row rarity icons as text; rarity is sourced from TCGdex/API and remains separately attributed.,sv03.5-030,sv3pt5-30,https://assets.tcgdex.net/en/sv/sv03.5/030
031,031,Nidoqueen,Nidoqueen,Pokemon,Nidoqueen,[31],Uncommon,Uncommon,170,"[""Darkness""]",Stage2,Nidorina,0,Teeziro,G,[],"[""Queen Press"",""Lunge Out""]","[{""type"":""Fighting"",""value"":""×2""}]",3,1,0,1,SUPPORTED,https://assets.pokemon.com/assets/cms2/pdf/trading-card-game/checklist/mew_web_cardlist_en.pdf,official_pokemon_checklist;tcgdex;pokemon_tcg_api,HIGH for number/name/set membership; MEDIUM for metadata from structured secondary sources,Official PDF extraction does not expose per-row rarity icons as text; rarity is sourced from TCGdex/API and remains separately attributed.,sv03.5-031,sv3pt5-31,https://assets.tcgdex.net/en/sv/sv03.5/031
032,032,Nidoran♂,Nidoran♂,Pokemon,Nidoran♂,[32],Common,Common,60,"[""Darkness""]",Basic,,0,Shiburingaru,G,[],"[""Horn Attack""]","[{""type"":""Fighting"",""value"":""×2""}]",1,1,0,1,SUPPORTED,https://assets.pokemon.com/assets/cms2/pdf/trading-card-game/checklist/mew_web_cardlist_en.pdf,official_pokemon_checklist;tcgdex;pokemon_tcg_api,HIGH for number/name/set membership; MEDIUM for metadata from structured secondary sources,Official PDF extraction does not expose per-row rarity icons as text; rarity is sourced from TCGdex/API and remains separately attributed.,sv03.5-032,sv3pt5-32,https://assets.tcgdex.net/en/sv/sv03.5/032
033,033,Nidorino,Nidorino,Pokemon,Nidorino,[33],Uncommon,Uncommon,90,"[""Darkness""]",Stage1,Nidoran♂,0,Shiburingaru,G,[],"[""Sharp Fang"",""Superpowered Horns""]","[{""type"":""Fighting"",""value"":""×2""}]",2,1,0,1,SUPPORTED,https://assets.pokemon.com/assets/cms2/pdf/trading-card-game/checklist/mew_web_cardlist_en.pdf,official_pokemon_checklist;tcgdex;pokemon_tcg_api,HIGH for number/name/set membership; MEDIUM for metadata from structured secondary sources,Official PDF extraction does not expose per-row rarity icons as text; rarity is sourced from TCGdex/API and remains separately attributed.,sv03.5-033,sv3pt5-33,https://assets.tcgdex.net/en/sv/sv03.5/033
034,034,Nidoking,Nidoking,Pokemon,Nidoking,[34],Rare,Rare,170,"[""Darkness""]",Stage2,Nidorino,0,Shiburingaru,G,"[""Enthusiastic King""]","[""Venomous Impact""]","[{""type"":""Fighting"",""value"":""×2""}]",3,0,1,1,SUPPORTED,https://assets.pokemon.com/assets/cms2/pdf/trading-card-game/checklist/mew_web_cardlist_en.pdf,official_pokemon_checklist;tcgdex;pokemon_tcg_api,HIGH for number/name/set membership; MEDIUM for metadata from structured secondary sources,Official PDF extraction does not expose per-row rarity icons as text; rarity is sourced from TCGdex/API and remains separately attributed.,sv03.5-034,sv3pt5-34,https://assets.tcgdex.net/en/sv/sv03.5/034
035,035,Clefairy,Clefairy,Pokemon,Clefairy,[35],Common,Common,60,"[""Psychic""]",Basic,,0,ryoma uratsuka,G,[],"[""Moon-Viewing Invitation"",""Smack""]","[{""type"":""Metal"",""value"":""×2""}]",1,1,0,1,SUPPORTED,https://assets.pokemon.com/assets/cms2/pdf/trading-card-game/checklist/mew_web_cardlist_en.pdf,official_pokemon_checklist;tcgdex;pokemon_tcg_api,HIGH for number/name/set membership; MEDIUM for metadata from structured secondary sources,Official PDF extraction does not expose per-row rarity icons as text; rarity is sourced from TCGdex/API and remains separately attributed.,sv03.5-035,sv3pt5-35,https://assets.tcgdex.net/en/sv/sv03.5/035
036,036,Clefable,Clefable,Pokemon,Clefable,[36],Uncommon,Uncommon,100,"[""Psychic""]",Stage1,Clefairy,0,ryoma uratsuka,G,[],"[""Follow Me"",""More Moon""]","[{""type"":""Metal"",""value"":""×2""}]",2,1,0,1,SUPPORTED,https://assets.pokemon.com/assets/cms2/pdf/trading-card-game/checklist/mew_web_cardlist_en.pdf,official_pokemon_checklist;tcgdex;pokemon_tcg_api,HIGH for number/name/set membership; MEDIUM for metadata from structured secondary sources,Official PDF extraction does not expose per-row rarity icons as text; rarity is sourced from TCGdex/API and remains separately attributed.,sv03.5-036,sv3pt5-36,https://assets.tcgdex.net/en/sv/sv03.5/036
037,037,Vulpix,Vulpix,Pokemon,Vulpix,[37],Common,Common,70,"[""Fire""]",Basic,,0,kawayoo,G,[],"[""Super Singe""]","[{""type"":""Water"",""value"":""×2""}]",1,1,0,1,SUPPORTED,https://assets.pokemon.com/assets/cms2/pdf/trading-card-game/checklist/mew_web_cardlist_en.pdf,official_pokemon_checklist;tcgdex;pokemon_tcg_api,HIGH for number/name/set membership; MEDIUM for metadata from structured secondary sources,Official PDF extraction does not expose per-row rarity icons as text; rarity is sourced from TCGdex/API and remains separately attributed.,sv03.5-037,sv3pt5-37,https://assets.tcgdex.net/en/sv/sv03.5/037
038,038,Ninetales ex,Ninetales ex,Pokemon,Ninetales,[38],Double rare,Double Rare,260,"[""Fire""]",Stage1,Vulpix,1,kawayoo,G,[],"[""Heat Wave"",""Mirrored Flames""]","[{""type"":""Water"",""value"":""×2""}]",2,0,1,0,SUPPORTED,https://assets.pokemon.com/assets/cms2/pdf/trading-card-game/checklist/mew_web_cardlist_en.pdf,official_pokemon_checklist;tcgdex;pokemon_tcg_api,HIGH for number/name/set membership; MEDIUM for metadata from structured secondary sources,Official PDF extraction does not expose per-row rarity icons as text; rarity is sourced from TCGdex/API and remains separately attributed.,sv03.5-038,sv3pt5-38,https://assets.tcgdex.net/en/sv/sv03.5/038
039,039,Jigglypuff,Jigglypuff,Pokemon,Jigglypuff,[39],Common,Common,70,"[""Colorless""]",Basic,,0,saino misaki,G,[],"[""Lead"",""Stompy Stomp""]","[{""type"":""Fighting"",""value"":""×2""}]",1,1,0,1,SUPPORTED,https://assets.pokemon.com/assets/cms2/pdf/trading-card-game/checklist/mew_web_cardlist_en.pdf,official_pokemon_checklist;tcgdex;pokemon_tcg_api,HIGH for number/name/set membership; MEDIUM for metadata from structured secondary sources,Official PDF extraction does not expose per-row rarity icons as text; rarity is sourced from TCGdex/API and remains separately attributed.,sv03.5-039,sv3pt5-39,https://assets.tcgdex.net/en/sv/sv03.5/039
040,040,Wigglytuff ex,Wigglytuff ex,Pokemon,Wigglytuff,[40],Double rare,Double Rare,250,"[""Colorless""]",Stage1,Jigglypuff,1,Saki Hayashiro,G,"[""Expanding Body""]","[""Friend Tackle""]","[{""type"":""Fighting"",""value"":""×2""}]",3,0,1,0,SUPPORTED,https://assets.pokemon.com/assets/cms2/pdf/trading-card-game/checklist/mew_web_cardlist_en.pdf,official_pokemon_checklist;tcgdex;pokemon_tcg_api,HIGH for number/name/set membership; MEDIUM for metadata from structured secondary sources,Official PDF extraction does not expose per-row rarity icons as text; rarity is sourced from TCGdex/API and remains separately attributed.,sv03.5-040,sv3pt5-40,https://assets.tcgdex.net/en/sv/sv03.5/040
041,041,Zubat,Zubat,Pokemon,Zubat,[41],Common,Common,40,"[""Darkness""]",Basic,,0,Scav,G,"[""Revealing Echo""]","[""Bite""]","[{""type"":""Lightning"",""value"":""×2""}]",1,1,0,1,SUPPORTED,https://assets.pokemon.com/assets/cms2/pdf/trading-card-game/checklist/mew_web_cardlist_en.pdf,official_pokemon_checklist;tcgdex;pokemon_tcg_api,HIGH for number/name/set membership; MEDIUM for metadata from structured secondary sources,Official PDF extraction does not expose per-row rarity icons as text; rarity is sourced from TCGdex/API and remains separately attributed.,sv03.5-041,sv3pt5-41,https://assets.tcgdex.net/en/sv/sv03.5/041
042,042,Golbat,Golbat,Pokemon,Golbat,[42],Uncommon,Uncommon,80,"[""Darkness""]",Stage1,Zubat,0,Scav,G,[],"[""Skill Dive""]","[{""type"":""Lightning"",""value"":""×2""}]",1,1,0,1,SUPPORTED,https://assets.pokemon.com/assets/cms2/pdf/trading-card-game/checklist/mew_web_cardlist_en.pdf,official_pokemon_checklist;tcgdex;pokemon_tcg_api,HIGH for number/name/set membership; MEDIUM for metadata from structured secondary sources,Official PDF extraction does not expose per-row rarity icons as text; rarity is sourced from TCGdex/API and remains separately attributed.,sv03.5-042,sv3pt5-42,https://assets.tcgdex.net/en/sv/sv03.5/042
043,043,Oddish,Oddish,Pokemon,Oddish,[43],Common,Common,60,"[""Grass""]",Basic,,0,Sekio,G,[],"[""Razor Leaf""]","[{""type"":""Fire"",""value"":""×2""}]",1,1,0,1,SUPPORTED,https://assets.pokemon.com/assets/cms2/pdf/trading-card-game/checklist/mew_web_cardlist_en.pdf,official_pokemon_checklist;tcgdex;pokemon_tcg_api,HIGH for number/name/set membership; MEDIUM for metadata from structured secondary sources,Official PDF extraction does not expose per-row rarity icons as text; rarity is sourced from TCGdex/API and remains separately attributed.,sv03.5-043,sv3pt5-43,https://assets.tcgdex.net/en/sv/sv03.5/043
044,044,Gloom,Gloom,Pokemon,Gloom,[44],Uncommon,Uncommon,70,"[""Grass""]",Stage1,Oddish,0,Sekio,G,"[""Semi-Blooming Energy""]","[""Drool""]","[{""type"":""Fire"",""value"":""×2""}]",1,1,0,1,SUPPORTED,https://assets.pokemon.com/assets/cms2/pdf/trading-card-game/checklist/mew_web_cardlist_en.pdf,official_pokemon_checklist;tcgdex;pokemon_tcg_api,HIGH for number/name/set membership; MEDIUM for metadata from structured secondary sources,Official PDF extraction does not expose per-row rarity icons as text; rarity is sourced from TCGdex/API and remains separately attributed.,sv03.5-044,sv3pt5-44,https://assets.tcgdex.net/en/sv/sv03.5/044
045,045,Vileplume,Vileplume,Pokemon,Vileplume,[45],Rare,Rare,140,"[""Grass""]",Stage2,Gloom,0,Sekio,G,"[""Fully Blooming Energy""]","[""Solar Beam""]","[{""type"":""Fire"",""value"":""×2""}]",2,0,1,1,SUPPORTED,https://assets.pokemon.com/assets/cms2/pdf/trading-card-game/checklist/mew_web_cardlist_en.pdf,official_pokemon_checklist;tcgdex;pokemon_tcg_api,HIGH for number/name/set membership; MEDIUM for metadata from structured secondary sources,Official PDF extraction does not expose per-row rarity icons as text; rarity is sourced from TCGdex/API and remains separately attributed.,sv03.5-045,sv3pt5-45,https://assets.tcgdex.net/en/sv/sv03.5/045
046,046,Paras,Paras,Pokemon,Paras,[46],Common,Common,70,"[""Grass""]",Basic,,0,Yoriyuki Ikegami,G,[],"[""Stampede"",""Spore Ball""]","[{""type"":""Fire"",""value"":""×2""}]",2,1,0,1,SUPPORTED,https://assets.pokemon.com/assets/cms2/pdf/trading-card-game/checklist/mew_web_cardlist_en.pdf,official_pokemon_checklist;tcgdex;pokemon_tcg_api,HIGH for number/name/set membership; MEDIUM for metadata from structured secondary sources,Official PDF extraction does not expose per-row rarity icons as text; rarity is sourced from TCGdex/API and remains separately attributed.,sv03.5-046,sv3pt5-46,https://assets.tcgdex.net/en/sv/sv03.5/046
047,047,Parasect,Parasect,Pokemon,Parasect,[47],Uncommon,Uncommon,120,"[""Grass""]",Stage1,Paras,0,Yoriyuki Ikegami,G,[],"[""Spread Filaments"",""Claw Slash""]","[{""type"":""Fire"",""value"":""×2""}]",2,1,0,1,SUPPORTED,https://assets.pokemon.com/assets/cms2/pdf/trading-card-game/checklist/mew_web_cardlist_en.pdf,official_pokemon_checklist;tcgdex;pokemon_tcg_api,HIGH for number/name/set membership; MEDIUM for metadata from structured secondary sources,Official PDF extraction does not expose per-row rarity icons as text; rarity is sourced from TCGdex/API and remains separately attributed.,sv03.5-047,sv3pt5-47,https://assets.tcgdex.net/en/sv/sv03.5/047
048,048,Venonat,Venonat,Pokemon,Venonat,[48],Common,Common,70,"[""Grass""]",Basic,,0,Kagemaru Himeno,G,[],"[""Gnaw"",""Beam""]","[{""type"":""Fire"",""value"":""×2""}]",2,1,0,1,SUPPORTED,https://assets.pokemon.com/assets/cms2/pdf/trading-card-game/checklist/mew_web_cardlist_en.pdf,official_pokemon_checklist;tcgdex;pokemon_tcg_api,HIGH for number/name/set membership; MEDIUM for metadata from structured secondary sources,Official PDF extraction does not expose per-row rarity icons as text; rarity is sourced from TCGdex/API and remains separately attributed.,sv03.5-048,sv3pt5-48,https://assets.tcgdex.net/en/sv/sv03.5/048
049,049,Venomoth,Venomoth,Pokemon,Venomoth,[49],Uncommon,Uncommon,90,"[""Grass""]",Stage1,Venonat,0,Kagemaru Himeno,G,[],"[""Perplexing Powder"",""Speed Wing""]","[{""type"":""Fire"",""value"":""×2""}]",1,1,0,1,SUPPORTED,https://assets.pokemon.com/assets/cms2/pdf/trading-card-game/checklist/mew_web_cardlist_en.pdf,official_pokemon_checklist;tcgdex;pokemon_tcg_api,HIGH for number/name/set membership; MEDIUM for metadata from structured secondary sources,Official PDF extraction does not expose per-row rarity icons as text; rarity is sourced from TCGdex/API and remains separately attributed.,sv03.5-049,sv3pt5-49,https://assets.tcgdex.net/en/sv/sv03.5/049
050,050,Diglett,Diglett,Pokemon,Diglett,[50],Common,Common,50,"[""Fighting""]",Basic,,0,Miki Tanaka,G,[],"[""Headbutt Bounce"",""Mud-Slap""]","[{""type"":""Grass"",""value"":""×2""}]",1,1,0,1,SUPPORTED,https://assets.pokemon.com/assets/cms2/pdf/trading-card-game/checklist/mew_web_cardlist_en.pdf,official_pokemon_checklist;tcgdex;pokemon_tcg_api,HIGH for number/name/set membership; MEDIUM for metadata from structured secondary sources,Official PDF extraction does not expose per-row rarity icons as text; rarity is sourced from TCGdex/API and remains separately attributed.,sv03.5-050,sv3pt5-50,https://assets.tcgdex.net/en/sv/sv03.5/050
051,051,Dugtrio,Dugtrio,Pokemon,Dugtrio,[51],Uncommon,Uncommon,90,"[""Fighting""]",Stage1,Diglett,0,Miki Tanaka,G,[],"[""Headbutt Bounce"",""Mud Bomb""]","[{""type"":""Grass"",""value"":""×2""}]",1,1,0,1,SUPPORTED,https://assets.pokemon.com/assets/cms2/pdf/trading-card-game/checklist/mew_web_cardlist_en.pdf,official_pokemon_checklist;tcgdex;pokemon_tcg_api,HIGH for number/name/set membership; MEDIUM for metadata from structured secondary sources,Official PDF extraction does not expose per-row rarity icons as text; rarity is sourced from TCGdex/API and remains separately attributed.,sv03.5-051,sv3pt5-51,https://assets.tcgdex.net/en/sv/sv03.5/051
052,052,Meowth,Meowth,Pokemon,Meowth,[52],Common,Common,70,"[""Colorless""]",Basic,,0,Naoki Saito,G,[],"[""Come Here Right Meow"",""Dig Claws""]","[{""type"":""Fighting"",""value"":""×2""}]",1,1,0,1,SUPPORTED,https://assets.pokemon.com/assets/cms2/pdf/trading-card-game/checklist/mew_web_cardlist_en.pdf,official_pokemon_checklist;tcgdex;pokemon_tcg_api,HIGH for number/name/set membership; MEDIUM for metadata from structured secondary sources,Official PDF extraction does not expose per-row rarity icons as text; rarity is sourced from TCGdex/API and remains separately attributed.,sv03.5-052,sv3pt5-52,https://assets.tcgdex.net/en/sv/sv03.5/052
053,053,Persian,Persian,Pokemon,Persian,[53],Uncommon,Uncommon,110,"[""Colorless""]",Stage1,Meowth,0,Naoki Saito,G,"[""Rocket Call""]","[""Slash""]","[{""type"":""Fighting"",""value"":""×2""}]",1,1,0,1,SUPPORTED,https://assets.pokemon.com/assets/cms2/pdf/trading-card-game/checklist/mew_web_cardlist_en.pdf,official_pokemon_checklist;tcgdex;pokemon_tcg_api,HIGH for number/name/set membership; MEDIUM for metadata from structured secondary sources,Official PDF extraction does not expose per-row rarity icons as text; rarity is sourced from TCGdex/API and remains separately attributed.,sv03.5-053,sv3pt5-53,https://assets.tcgdex.net/en/sv/sv03.5/053
054,054,Psyduck,Psyduck,Pokemon,Psyduck,[54],Common,Common,70,"[""Water""]",Basic,,0,Taira Akitsu,G,[],"[""Overthink"",""Water Gun""]","[{""type"":""Lightning"",""value"":""×2""}]",1,1,0,1,SUPPORTED,https://assets.pokemon.com/assets/cms2/pdf/trading-card-game/checklist/mew_web_cardlist_en.pdf,official_pokemon_checklist;tcgdex;pokemon_tcg_api,HIGH for number/name/set membership; MEDIUM for metadata from structured secondary sources,Official PDF extraction does not expose per-row rarity icons as text; rarity is sourced from TCGdex/API and remains separately attributed.,sv03.5-054,sv3pt5-54,https://assets.tcgdex.net/en/sv/sv03.5/054
055,055,Golduck,Golduck,Pokemon,Golduck,[55],Uncommon,Uncommon,110,"[""Water""]",Stage1,Psyduck,0,Taira Akitsu,G,[],"[""Aquatic Rescue"",""Super Splash""]","[{""type"":""Lightning"",""value"":""×2""}]",1,1,0,1,SUPPORTED,https://assets.pokemon.com/assets/cms2/pdf/trading-card-game/checklist/mew_web_cardlist_en.pdf,official_pokemon_checklist;tcgdex;pokemon_tcg_api,HIGH for number/name/set membership; MEDIUM for metadata from structured secondary sources,Official PDF extraction does not expose per-row rarity icons as text; rarity is sourced from TCGdex/API and remains separately attributed.,sv03.5-055,sv3pt5-55,https://assets.tcgdex.net/en/sv/sv03.5/055
056,056,Mankey,Mankey,Pokemon,Mankey,[56],Common,Common,60,"[""Fighting""]",Basic,,0,Mina Nakai,G,[],"[""Thrash""]","[{""type"":""Psychic"",""value"":""×2""}]",1,1,0,1,SUPPORTED,https://assets.pokemon.com/assets/cms2/pdf/trading-card-game/checklist/mew_web_cardlist_en.pdf,official_pokemon_checklist;tcgdex;pokemon_tcg_api,HIGH for number/name/set membership; MEDIUM for metadata from structured secondary sources,Official PDF extraction does not expose per-row rarity icons as text; rarity is sourced from TCGdex/API and remains separately attributed.,sv03.5-056,sv3pt5-56,https://assets.tcgdex.net/en/sv/sv03.5/056
057,057,Primeape,Primeape,Pokemon,Primeape,[57],Uncommon,Uncommon,120,"[""Fighting""]",Stage1,Mankey,0,Mina Nakai,G,[],"[""Rant and Rave"",""Raging Smash""]","[{""type"":""Psychic"",""value"":""×2""}]",2,1,0,1,SUPPORTED,https://assets.pokemon.com/assets/cms2/pdf/trading-card-game/checklist/mew_web_cardlist_en.pdf,official_pokemon_checklist;tcgdex;pokemon_tcg_api,HIGH for number/name/set membership; MEDIUM for metadata from structured secondary sources,Official PDF extraction does not expose per-row rarity icons as text; rarity is sourced from TCGdex/API and remains separately attributed.,sv03.5-057,sv3pt5-57,https://assets.tcgdex.net/en/sv/sv03.5/057
058,058,Growlithe,Growlithe,Pokemon,Growlithe,[58],Common,Common,80,"[""Fire""]",Basic,,0,Atsushi Furusawa,G,[],"[""Vaporize""]","[{""type"":""Water"",""value"":""×2""}]",2,1,0,1,SUPPORTED,https://assets.pokemon.com/assets/cms2/pdf/trading-card-game/checklist/mew_web_cardlist_en.pdf,official_pokemon_checklist;tcgdex;pokemon_tcg_api,HIGH for number/name/set membership; MEDIUM for metadata from structured secondary sources,Official PDF extraction does not expose per-row rarity icons as text; rarity is sourced from TCGdex/API and remains separately attributed.,sv03.5-058,sv3pt5-58,https://assets.tcgdex.net/en/sv/sv03.5/058
059,059,Arcanine,Arcanine,Pokemon,Arcanine,[59],Uncommon,Uncommon,150,"[""Fire""]",Stage1,Growlithe,0,Atsushi Furusawa,G,[],"[""Torrid Torrent"",""Dynamite Fang""]","[{""type"":""Water"",""value"":""×2""}]",4,1,0,1,SUPPORTED,https://assets.pokemon.com/assets/cms2/pdf/trading-card-game/checklist/mew_web_cardlist_en.pdf,official_pokemon_checklist;tcgdex;pokemon_tcg_api,HIGH for number/name/set membership; MEDIUM for metadata from structured secondary sources,Official PDF extraction does not expose per-row rarity icons as text; rarity is sourced from TCGdex/API and remains separately attributed.,sv03.5-059,sv3pt5-59,https://assets.tcgdex.net/en/sv/sv03.5/059
060,060,Poliwag,Poliwag,Pokemon,Poliwag,[60],Common,Common,60,"[""Water""]",Basic,,0,Kurata So,G,[],"[""Bubble""]","[{""type"":""Lightning"",""value"":""×2""}]",1,1,0,1,SUPPORTED,https://assets.pokemon.com/assets/cms2/pdf/trading-card-game/checklist/mew_web_cardlist_en.pdf,official_pokemon_checklist;tcgdex;pokemon_tcg_api,HIGH for number/name/set membership; MEDIUM for metadata from structured secondary sources,Official PDF extraction does not expose per-row rarity icons as text; rarity is sourced from TCGdex/API and remains separately attributed.,sv03.5-060,sv3pt5-60,https://assets.tcgdex.net/en/sv/sv03.5/060
061,061,Poliwhirl,Poliwhirl,Pokemon,Poliwhirl,[61],Common,Common,90,"[""Water""]",Stage1,Poliwag,0,Kurata So,G,[],"[""Wave Splash"",""Frog Hop""]","[{""type"":""Lightning"",""value"":""×2""}]",1,1,0,1,SUPPORTED,https://assets.pokemon.com/assets/cms2/pdf/trading-card-game/checklist/mew_web_cardlist_en.pdf,official_pokemon_checklist;tcgdex;pokemon_tcg_api,HIGH for number/name/set membership; MEDIUM for metadata from structured secondary sources,Official PDF extraction does not expose per-row rarity icons as text; rarity is sourced from TCGdex/API and remains separately attributed.,sv03.5-061,sv3pt5-61,https://assets.tcgdex.net/en/sv/sv03.5/061
062,062,Poliwrath,Poliwrath,Pokemon,Poliwrath,[62],Uncommon,Uncommon,160,"[""Water""]",Stage2,Poliwhirl,0,Kurata So,G,[],"[""Bubble Beam"",""Heroic Punch""]","[{""type"":""Lightning"",""value"":""×2""}]",2,1,0,1,SUPPORTED,https://assets.pokemon.com/assets/cms2/pdf/trading-card-game/checklist/mew_web_cardlist_en.pdf,official_pokemon_checklist;tcgdex;pokemon_tcg_api,HIGH for number/name/set membership; MEDIUM for metadata from structured secondary sources,Official PDF extraction does not expose per-row rarity icons as text; rarity is sourced from TCGdex/API and remains separately attributed.,sv03.5-062,sv3pt5-62,https://assets.tcgdex.net/en/sv/sv03.5/062
063,063,Abra,Abra,Pokemon,Abra,[63],Common,Common,50,"[""Psychic""]",Basic,,0,Mitsuhiro Arita,G,[],"[""Psyshot""]","[{""type"":""Darkness"",""value"":""×2""}]",1,1,0,1,SUPPORTED,https://assets.pokemon.com/assets/cms2/pdf/trading-card-game/checklist/mew_web_cardlist_en.pdf,official_pokemon_checklist;tcgdex;pokemon_tcg_api,HIGH for number/name/set membership; MEDIUM for metadata from structured secondary sources,Official PDF extraction does not expose per-row rarity icons as text; rarity is sourced from TCGdex/API and remains separately attributed.,sv03.5-063,sv3pt5-63,https://assets.tcgdex.net/en/sv/sv03.5/063
064,064,Kadabra,Kadabra,Pokemon,Kadabra,[64],Uncommon,Uncommon,80,"[""Psychic""]",Stage1,Abra,0,Mitsuhiro Arita,G,[],"[""Teleportation Attack""]","[{""type"":""Darkness"",""value"":""×2""}]",1,1,0,1,SUPPORTED,https://assets.pokemon.com/assets/cms2/pdf/trading-card-game/checklist/mew_web_cardlist_en.pdf,official_pokemon_checklist;tcgdex;pokemon_tcg_api,HIGH for number/name/set membership; MEDIUM for metadata from structured secondary sources,Official PDF extraction does not expose per-row rarity icons as text; rarity is sourced from TCGdex/API and remains separately attributed.,sv03.5-064,sv3pt5-64,https://assets.tcgdex.net/en/sv/sv03.5/064
065,065,Alakazam ex,Alakazam ex,Pokemon,Alakazam,[65],Double rare,Double Rare,310,"[""Psychic""]",Stage2,Kadabra,1,Mitsuhiro Arita,G,[],"[""Mind Jack"",""Dimensional Hand""]","[{""type"":""Darkness"",""value"":""×2""}]",1,0,1,0,SUPPORTED,https://assets.pokemon.com/assets/cms2/pdf/trading-card-game/checklist/mew_web_cardlist_en.pdf,official_pokemon_checklist;tcgdex;pokemon_tcg_api,HIGH for number/name/set membership; MEDIUM for metadata from structured secondary sources,Official PDF extraction does not expose per-row rarity icons as text; rarity is sourced from TCGdex/API and remains separately attributed.,sv03.5-065,sv3pt5-65,https://assets.tcgdex.net/en/sv/sv03.5/065
066,066,Machop,Machop,Pokemon,Machop,[66],Common,Common,70,"[""Fighting""]",Basic,,0,Ryuta Fuse,G,[],"[""Mountain Mashing"",""Punch""]","[{""type"":""Psychic"",""value"":""×2""}]",2,1,0,1,SUPPORTED,https://assets.pokemon.com/assets/cms2/pdf/trading-card-game/checklist/mew_web_cardlist_en.pdf,official_pokemon_checklist;tcgdex;pokemon_tcg_api,HIGH for number/name/set membership; MEDIUM for metadata from structured secondary sources,Official PDF extraction does not expose per-row rarity icons as text; rarity is sourced from TCGdex/API and remains separately attributed.,sv03.5-066,sv3pt5-66,https://assets.tcgdex.net/en/sv/sv03.5/066
067,067,Machoke,Machoke,Pokemon,Machoke,[67],Uncommon,Uncommon,100,"[""Fighting""]",Stage1,Machop,0,Ryuta Fuse,G,[],"[""Mountain Ramming""]","[{""type"":""Psychic"",""value"":""×2""}]",2,1,0,1,SUPPORTED,https://assets.pokemon.com/assets/cms2/pdf/trading-card-game/checklist/mew_web_cardlist_en.pdf,official_pokemon_checklist;tcgdex;pokemon_tcg_api,HIGH for number/name/set membership; MEDIUM for metadata from structured secondary sources,Official PDF extraction does not expose per-row rarity icons as text; rarity is sourced from TCGdex/API and remains separately attributed.,sv03.5-067,sv3pt5-67,https://assets.tcgdex.net/en/sv/sv03.5/067
068,068,Machamp,Machamp,Pokemon,Machamp,[68],Rare,Rare,180,"[""Fighting""]",Stage2,Machoke,0,Ryuta Fuse,G,"[""Guts""]","[""Mountain Chopping""]","[{""type"":""Psychic"",""value"":""×2""}]",2,0,1,1,SUPPORTED,https://assets.pokemon.com/assets/cms2/pdf/trading-card-game/checklist/mew_web_cardlist_en.pdf,official_pokemon_checklist;tcgdex;pokemon_tcg_api,HIGH for number/name/set membership; MEDIUM for metadata from structured secondary sources,Official PDF extraction does not expose per-row rarity icons as text; rarity is sourced from TCGdex/API and remains separately attributed.,sv03.5-068,sv3pt5-68,https://assets.tcgdex.net/en/sv/sv03.5/068
069,069,Bellsprout,Bellsprout,Pokemon,Bellsprout,[69],Common,Common,60,"[""Grass""]",Basic,,0,Jerky,G,[],"[""Cut"",""Bind Down""]","[{""type"":""Fire"",""value"":""×2""}]",1,1,0,1,SUPPORTED,https://assets.pokemon.com/assets/cms2/pdf/trading-card-game/checklist/mew_web_cardlist_en.pdf,official_pokemon_checklist;tcgdex;pokemon_tcg_api,HIGH for number/name/set membership; MEDIUM for metadata from structured secondary sources,Official PDF extraction does not expose per-row rarity icons as text; rarity is sourced from TCGdex/API and remains separately attributed.,sv03.5-069,sv3pt5-69,https://assets.tcgdex.net/en/sv/sv03.5/069
070,070,Weepinbell,Weepinbell,Pokemon,Weepinbell,[70],Common,Common,90,"[""Grass""]",Stage1,Bellsprout,0,Jerky,G,[],"[""Cut"",""Spray Fluid""]","[{""type"":""Fire"",""value"":""×2""}]",2,1,0,1,SUPPORTED,https://assets.pokemon.com/assets/cms2/pdf/trading-card-game/checklist/mew_web_cardlist_en.pdf,official_pokemon_checklist;tcgdex;pokemon_tcg_api,HIGH for number/name/set membership; MEDIUM for metadata from structured secondary sources,Official PDF extraction does not expose per-row rarity icons as text; rarity is sourced from TCGdex/API and remains separately attributed.,sv03.5-070,sv3pt5-70,https://assets.tcgdex.net/en/sv/sv03.5/070
071,071,Victreebel,Victreebel,Pokemon,Victreebel,[71],Uncommon,Uncommon,150,"[""Grass""]",Stage2,Weepinbell,0,Jerky,G,[],"[""Spit Up"",""Slow-Acting Acid""]","[{""type"":""Fire"",""value"":""×2""}]",3,1,0,1,SUPPORTED,https://assets.pokemon.com/assets/cms2/pdf/trading-card-game/checklist/mew_web_cardlist_en.pdf,official_pokemon_checklist;tcgdex;pokemon_tcg_api,HIGH for number/name/set membership; MEDIUM for metadata from structured secondary sources,Official PDF extraction does not expose per-row rarity icons as text; rarity is sourced from TCGdex/API and remains separately attributed.,sv03.5-071,sv3pt5-71,https://assets.tcgdex.net/en/sv/sv03.5/071
072,072,Tentacool,Tentacool,Pokemon,Tentacool,[72],Common,Common,60,"[""Water""]",Basic,,0,miki kudo,G,[],"[""Tingle"",""Watering""]","[{""type"":""Lightning"",""value"":""×2""}]",1,1,0,1,SUPPORTED,https://assets.pokemon.com/assets/cms2/pdf/trading-card-game/checklist/mew_web_cardlist_en.pdf,official_pokemon_checklist;tcgdex;pokemon_tcg_api,HIGH for number/name/set membership; MEDIUM for metadata from structured secondary sources,Official PDF extraction does not expose per-row rarity icons as text; rarity is sourced from TCGdex/API and remains separately attributed.,sv03.5-072,sv3pt5-72,https://assets.tcgdex.net/en/sv/sv03.5/072
073,073,Tentacruel,Tentacruel,Pokemon,Tentacruel,[73],Uncommon,Uncommon,120,"[""Water""]",Stage1,Tentacool,0,miki kudo,G,[],"[""Poisonous Whip"",""Tentacular Panic""]","[{""type"":""Lightning"",""value"":""×2""}]",2,1,0,1,SUPPORTED,https://assets.pokemon.com/assets/cms2/pdf/trading-card-game/checklist/mew_web_cardlist_en.pdf,official_pokemon_checklist;tcgdex;pokemon_tcg_api,HIGH for number/name/set membership; MEDIUM for metadata from structured secondary sources,Official PDF extraction does not expose per-row rarity icons as text; rarity is sourced from TCGdex/API and remains separately attributed.,sv03.5-073,sv3pt5-73,https://assets.tcgdex.net/en/sv/sv03.5/073
074,074,Geodude,Geodude,Pokemon,Geodude,[74],Common,Common,80,"[""Fighting""]",Basic,,0,Uta,G,[],"[""Stiffen"",""Knuckle Punch""]","[{""type"":""Grass"",""value"":""×2""}]",2,1,0,1,SUPPORTED,https://assets.pokemon.com/assets/cms2/pdf/trading-card-game/checklist/mew_web_cardlist_en.pdf,official_pokemon_checklist;tcgdex;pokemon_tcg_api,HIGH for number/name/set membership; MEDIUM for metadata from structured secondary sources,Official PDF extraction does not expose per-row rarity icons as text; rarity is sourced from TCGdex/API and remains separately attributed.,sv03.5-074,sv3pt5-74,https://assets.tcgdex.net/en/sv/sv03.5/074
075,075,Graveler,Graveler,Pokemon,Graveler,[75],Uncommon,Uncommon,110,"[""Fighting""]",Stage1,Geodude,0,Uta,G,[],"[""Rock Cannon"",""Heavy Impact""]","[{""type"":""Grass"",""value"":""×2""}]",3,1,0,1,SUPPORTED,https://assets.pokemon.com/assets/cms2/pdf/trading-card-game/checklist/mew_web_cardlist_en.pdf,official_pokemon_checklist;tcgdex;pokemon_tcg_api,HIGH for number/name/set membership; MEDIUM for metadata from structured secondary sources,Official PDF extraction does not expose per-row rarity icons as text; rarity is sourced from TCGdex/API and remains separately attributed.,sv03.5-075,sv3pt5-75,https://assets.tcgdex.net/en/sv/sv03.5/075
076,076,Golem ex,Golem ex,Pokemon,Golem,[76],Double rare,Double Rare,330,"[""Fighting""]",Stage2,Graveler,1,Uta,G,[],"[""Dynamic Roll"",""Rock Blaster""]","[{""type"":""Grass"",""value"":""×2""}]",4,0,1,0,SUPPORTED,https://assets.pokemon.com/assets/cms2/pdf/trading-card-game/checklist/mew_web_cardlist_en.pdf,official_pokemon_checklist;tcgdex;pokemon_tcg_api,HIGH for number/name/set membership; MEDIUM for metadata from structured secondary sources,Official PDF extraction does not expose per-row rarity icons as text; rarity is sourced from TCGdex/API and remains separately attributed.,sv03.5-076,sv3pt5-76,https://assets.tcgdex.net/en/sv/sv03.5/076
077,077,Ponyta,Ponyta,Pokemon,Ponyta,[77],Common,Common,70,"[""Fire""]",Basic,,0,Nurikabe,G,[],"[""Collect"",""Flop""]","[{""type"":""Water"",""value"":""×2""}]",1,1,0,1,SUPPORTED,https://assets.pokemon.com/assets/cms2/pdf/trading-card-game/checklist/mew_web_cardlist_en.pdf,official_pokemon_checklist;tcgdex;pokemon_tcg_api,HIGH for number/name/set membership; MEDIUM for metadata from structured secondary sources,Official PDF extraction does not expose per-row rarity icons as text; rarity is sourced from TCGdex/API and remains separately attributed.,sv03.5-077,sv3pt5-77,https://assets.tcgdex.net/en/sv/sv03.5/077
078,078,Rapidash,Rapidash,Pokemon,Rapidash,[78],Uncommon,Uncommon,100,"[""Fire""]",Stage1,Ponyta,0,Nurikabe,G,[],"[""Singe"",""Mach Turn""]","[{""type"":""Water"",""value"":""×2""}]",1,1,0,1,SUPPORTED,https://assets.pokemon.com/assets/cms2/pdf/trading-card-game/checklist/mew_web_cardlist_en.pdf,official_pokemon_checklist;tcgdex;pokemon_tcg_api,HIGH for number/name/set membership; MEDIUM for metadata from structured secondary sources,Official PDF extraction does not expose per-row rarity icons as text; rarity is sourced from TCGdex/API and remains separately attributed.,sv03.5-078,sv3pt5-78,https://assets.tcgdex.net/en/sv/sv03.5/078
079,079,Slowpoke,Slowpoke,Pokemon,Slowpoke,[79],Common,Common,80,"[""Psychic""]",Basic,,0,OKACHEKE,G,[],"[""Sea Bathing"",""Headbutt""]","[{""type"":""Darkness"",""value"":""×2""}]",2,1,0,1,SUPPORTED,https://assets.pokemon.com/assets/cms2/pdf/trading-card-game/checklist/mew_web_cardlist_en.pdf,official_pokemon_checklist;tcgdex;pokemon_tcg_api,HIGH for number/name/set membership; MEDIUM for metadata from structured secondary sources,Official PDF extraction does not expose per-row rarity icons as text; rarity is sourced from TCGdex/API and remains separately attributed.,sv03.5-079,sv3pt5-79,https://assets.tcgdex.net/en/sv/sv03.5/079
080,080,Slowbro,Slowbro,Pokemon,Slowbro,[80],Uncommon,Uncommon,130,"[""Psychic""]",Stage1,Slowpoke,0,OKACHEKE,G,[],"[""Big Yawn"",""Laid-Back Tackle""]","[{""type"":""Darkness"",""value"":""×2""}]",2,1,0,1,SUPPORTED,https://assets.pokemon.com/assets/cms2/pdf/trading-card-game/checklist/mew_web_cardlist_en.pdf,official_pokemon_checklist;tcgdex;pokemon_tcg_api,HIGH for number/name/set membership; MEDIUM for metadata from structured secondary sources,Official PDF extraction does not expose per-row rarity icons as text; rarity is sourced from TCGdex/API and remains separately attributed.,sv03.5-080,sv3pt5-80,https://assets.tcgdex.net/en/sv/sv03.5/080
081,081,Magnemite,Magnemite,Pokemon,Magnemite,[81],Common,Common,60,"[""Lightning""]",Basic,,0,Yuka Morii,G,[],"[""Tiny Charge"",""Big Explosion""]","[{""type"":""Fighting"",""value"":""×2""}]",1,1,0,1,SUPPORTED,https://assets.pokemon.com/assets/cms2/pdf/trading-card-game/checklist/mew_web_cardlist_en.pdf,official_pokemon_checklist;tcgdex;pokemon_tcg_api,HIGH for number/name/set membership; MEDIUM for metadata from structured secondary sources,Official PDF extraction does not expose per-row rarity icons as text; rarity is sourced from TCGdex/API and remains separately attributed.,sv03.5-081,sv3pt5-81,https://assets.tcgdex.net/en/sv/sv03.5/081
082,082,Magneton,Magneton,Pokemon,Magneton,[82],Uncommon,Uncommon,90,"[""Lightning""]",Stage1,Magnemite,0,Yuka Morii,G,[],"[""Junk Magnet"",""Head Bolt""]","[{""type"":""Fighting"",""value"":""×2""}]",2,1,0,1,SUPPORTED,https://assets.pokemon.com/assets/cms2/pdf/trading-card-game/checklist/mew_web_cardlist_en.pdf,official_pokemon_checklist;tcgdex;pokemon_tcg_api,HIGH for number/name/set membership; MEDIUM for metadata from structured secondary sources,Official PDF extraction does not expose per-row rarity icons as text; rarity is sourced from TCGdex/API and remains separately attributed.,sv03.5-082,sv3pt5-82,https://assets.tcgdex.net/en/sv/sv03.5/082
083,083,Farfetch’d,Farfetch'd,Pokemon,Farfetch'd,[83],Common,Common,90,"[""Colorless""]",Basic,,0,KG-2000,G,[],"[""Package Deal"",""Leek Clobber""]","[{""type"":""Lightning"",""value"":""×2""}]",1,1,0,1,SUPPORTED,https://assets.pokemon.com/assets/cms2/pdf/trading-card-game/checklist/mew_web_cardlist_en.pdf,official_pokemon_checklist;tcgdex;pokemon_tcg_api,HIGH for number/name/set membership; MEDIUM for metadata from structured secondary sources,Official PDF extraction does not expose per-row rarity icons as text; rarity is sourced from TCGdex/API and remains separately attributed.,sv03.5-083,sv3pt5-83,https://assets.tcgdex.net/en/sv/sv03.5/083
084,084,Doduo,Doduo,Pokemon,Doduo,[84],Common,Common,70,"[""Colorless""]",Basic,,0,Anesaki Dynamic,G,[],"[""Reckless Charge""]","[{""type"":""Lightning"",""value"":""×2""}]",1,1,0,1,SUPPORTED,https://assets.pokemon.com/assets/cms2/pdf/trading-card-game/checklist/mew_web_cardlist_en.pdf,official_pokemon_checklist;tcgdex;pokemon_tcg_api,HIGH for number/name/set membership; MEDIUM for metadata from structured secondary sources,Official PDF extraction does not expose per-row rarity icons as text; rarity is sourced from TCGdex/API and remains separately attributed.,sv03.5-084,sv3pt5-84,https://assets.tcgdex.net/en/sv/sv03.5/084
085,085,Dodrio,Dodrio,Pokemon,Dodrio,[85],Rare,Rare,100,"[""Colorless""]",Stage1,Doduo,0,Anesaki Dynamic,G,"[""Zooming Draw""]","[""Ballistic Beak""]","[{""type"":""Lightning"",""value"":""×2""}]",1,0,1,1,SUPPORTED,https://assets.pokemon.com/assets/cms2/pdf/trading-card-game/checklist/mew_web_cardlist_en.pdf,official_pokemon_checklist;tcgdex;pokemon_tcg_api,HIGH for number/name/set membership; MEDIUM for metadata from structured secondary sources,Official PDF extraction does not expose per-row rarity icons as text; rarity is sourced from TCGdex/API and remains separately attributed.,sv03.5-085,sv3pt5-85,https://assets.tcgdex.net/en/sv/sv03.5/085
086,086,Seel,Seel,Pokemon,Seel,[86],Common,Common,80,"[""Water""]",Basic,,0,aoki,G,[],"[""Chilly""]","[{""type"":""Lightning"",""value"":""×2""}]",2,1,0,1,SUPPORTED,https://assets.pokemon.com/assets/cms2/pdf/trading-card-game/checklist/mew_web_cardlist_en.pdf,official_pokemon_checklist;tcgdex;pokemon_tcg_api,HIGH for number/name/set membership; MEDIUM for metadata from structured secondary sources,Official PDF extraction does not expose per-row rarity icons as text; rarity is sourced from TCGdex/API and remains separately attributed.,sv03.5-086,sv3pt5-86,https://assets.tcgdex.net/en/sv/sv03.5/086
087,087,Dewgong,Dewgong,Pokemon,Dewgong,[87],Uncommon,Uncommon,130,"[""Water""]",Stage1,Seel,0,aoki,G,[],"[""Dual Splash"",""Aurora Beam""]","[{""type"":""Lightning"",""value"":""×2""}]",2,1,0,1,SUPPORTED,https://assets.pokemon.com/assets/cms2/pdf/trading-card-game/checklist/mew_web_cardlist_en.pdf,official_pokemon_checklist;tcgdex;pokemon_tcg_api,HIGH for number/name/set membership; MEDIUM for metadata from structured secondary sources,Official PDF extraction does not expose per-row rarity icons as text; rarity is sourced from TCGdex/API and remains separately attributed.,sv03.5-087,sv3pt5-87,https://assets.tcgdex.net/en/sv/sv03.5/087
088,088,Grimer,Grimer,Pokemon,Grimer,[88],Common,Common,80,"[""Darkness""]",Basic,,0,Nisota Niso,G,[],"[""Gummy Press""]","[{""type"":""Fighting"",""value"":""×2""}]",2,1,0,1,SUPPORTED,https://assets.pokemon.com/assets/cms2/pdf/trading-card-game/checklist/mew_web_cardlist_en.pdf,official_pokemon_checklist;tcgdex;pokemon_tcg_api,HIGH for number/name/set membership; MEDIUM for metadata from structured secondary sources,Official PDF extraction does not expose per-row rarity icons as text; rarity is sourced from TCGdex/API and remains separately attributed.,sv03.5-088,sv3pt5-88,https://assets.tcgdex.net/en/sv/sv03.5/088
089,089,Muk,Muk,Pokemon,Muk,[89],Uncommon,Uncommon,150,"[""Darkness""]",Stage1,Grimer,0,Nisota Niso,G,[],"[""Sticky Jail"",""Sludge Bomb""]","[{""type"":""Fighting"",""value"":""×2""}]",4,1,0,1,SUPPORTED,https://assets.pokemon.com/assets/cms2/pdf/trading-card-game/checklist/mew_web_cardlist_en.pdf,official_pokemon_checklist;tcgdex;pokemon_tcg_api,HIGH for number/name/set membership; MEDIUM for metadata from structured secondary sources,Official PDF extraction does not expose per-row rarity icons as text; rarity is sourced from TCGdex/API and remains separately attributed.,sv03.5-089,sv3pt5-89,https://assets.tcgdex.net/en/sv/sv03.5/089
090,090,Shellder,Shellder,Pokemon,Shellder,[90],Common,Common,70,"[""Water""]",Basic,,0,Nelnal,G,[],"[""Shell Press""]","[{""type"":""Lightning"",""value"":""×2""}]",2,1,0,1,SUPPORTED,https://assets.pokemon.com/assets/cms2/pdf/trading-card-game/checklist/mew_web_cardlist_en.pdf,official_pokemon_checklist;tcgdex;pokemon_tcg_api,HIGH for number/name/set membership; MEDIUM for metadata from structured secondary sources,Official PDF extraction does not expose per-row rarity icons as text; rarity is sourced from TCGdex/API and remains separately attributed.,sv03.5-090,sv3pt5-90,https://assets.tcgdex.net/en/sv/sv03.5/090
091,091,Cloyster,Cloyster,Pokemon,Cloyster,[91],Uncommon,Uncommon,130,"[""Water""]",Stage1,Shellder,0,Nelnal,G,[],"[""Protect Charge""]","[{""type"":""Lightning"",""value"":""×2""}]",3,1,0,1,SUPPORTED,https://assets.pokemon.com/assets/cms2/pdf/trading-card-game/checklist/mew_web_cardlist_en.pdf,official_pokemon_checklist;tcgdex;pokemon_tcg_api,HIGH for number/name/set membership; MEDIUM for metadata from structured secondary sources,Official PDF extraction does not expose per-row rarity icons as text; rarity is sourced from TCGdex/API and remains separately attributed.,sv03.5-091,sv3pt5-91,https://assets.tcgdex.net/en/sv/sv03.5/091
092,092,Gastly,Gastly,Pokemon,Gastly,[92],Common,Common,50,"[""Psychic""]",Basic,,0,Tomokazu Komiya,G,[],"[""Suffocating Gas""]","[{""type"":""Darkness"",""value"":""×2""}]",1,1,0,1,SUPPORTED,https://assets.pokemon.com/assets/cms2/pdf/trading-card-game/checklist/mew_web_cardlist_en.pdf,official_pokemon_checklist;tcgdex;pokemon_tcg_api,HIGH for number/name/set membership; MEDIUM for metadata from structured secondary sources,Official PDF extraction does not expose per-row rarity icons as text; rarity is sourced from TCGdex/API and remains separately attributed.,sv03.5-092,sv3pt5-92,https://assets.tcgdex.net/en/sv/sv03.5/092
093,093,Haunter,Haunter,Pokemon,Haunter,[93],Uncommon,Uncommon,80,"[""Psychic""]",Stage1,Gastly,0,Tomokazu Komiya,G,"[""Spirit Return""]","[""Mumble""]","[{""type"":""Darkness"",""value"":""×2""}]",1,1,0,1,SUPPORTED,https://assets.pokemon.com/assets/cms2/pdf/trading-card-game/checklist/mew_web_cardlist_en.pdf,official_pokemon_checklist;tcgdex;pokemon_tcg_api,HIGH for number/name/set membership; MEDIUM for metadata from structured secondary sources,Official PDF extraction does not expose per-row rarity icons as text; rarity is sourced from TCGdex/API and remains separately attributed.,sv03.5-093,sv3pt5-93,https://assets.tcgdex.net/en/sv/sv03.5/093
094,094,Gengar,Gengar,Pokemon,Gengar,[94],Rare,Rare,130,"[""Psychic""]",Stage2,Haunter,0,Tomokazu Komiya,G,[],"[""Poltergeist"",""Hollow Dive""]","[{""type"":""Darkness"",""value"":""×2""}]",0,0,1,1,SUPPORTED,https://assets.pokemon.com/assets/cms2/pdf/trading-card-game/checklist/mew_web_cardlist_en.pdf,official_pokemon_checklist;tcgdex;pokemon_tcg_api,HIGH for number/name/set membership; MEDIUM for metadata from structured secondary sources,Official PDF extraction does not expose per-row rarity icons as text; rarity is sourced from TCGdex/API and remains separately attributed.,sv03.5-094,sv3pt5-94,https://assets.tcgdex.net/en/sv/sv03.5/094
095,095,Onix,Onix,Pokemon,Onix,[95],Uncommon,Uncommon,120,"[""Fighting""]",Basic,,0,Shin Nagasawa,G,[],"[""Thumpalanche"",""Heavy Impact""]","[{""type"":""Grass"",""value"":""×2""}]",4,1,0,1,SUPPORTED,https://assets.pokemon.com/assets/cms2/pdf/trading-card-game/checklist/mew_web_cardlist_en.pdf,official_pokemon_checklist;tcgdex;pokemon_tcg_api,HIGH for number/name/set membership; MEDIUM for metadata from structured secondary sources,Official PDF extraction does not expose per-row rarity icons as text; rarity is sourced from TCGdex/API and remains separately attributed.,sv03.5-095,sv3pt5-95,https://assets.tcgdex.net/en/sv/sv03.5/095
096,096,Drowzee,Drowzee,Pokemon,Drowzee,[96],Common,Common,80,"[""Psychic""]",Basic,,0,Mousho,G,[],"[""Zen Headbutt""]","[{""type"":""Darkness"",""value"":""×2""}]",2,1,0,1,SUPPORTED,https://assets.pokemon.com/assets/cms2/pdf/trading-card-game/checklist/mew_web_cardlist_en.pdf,official_pokemon_checklist;tcgdex;pokemon_tcg_api,HIGH for number/name/set membership; MEDIUM for metadata from structured secondary sources,Official PDF extraction does not expose per-row rarity icons as text; rarity is sourced from TCGdex/API and remains separately attributed.,sv03.5-096,sv3pt5-96,https://assets.tcgdex.net/en/sv/sv03.5/096
097,097,Hypno,Hypno,Pokemon,Hypno,[97],Uncommon,Uncommon,110,"[""Psychic""]",Stage1,Drowzee,0,Mousho,G,"[""Here for Hypnosis""]","[""Super Psy Bolt""]","[{""type"":""Darkness"",""value"":""×2""}]",2,1,0,1,SUPPORTED,https://assets.pokemon.com/assets/cms2/pdf/trading-card-game/checklist/mew_web_cardlist_en.pdf,official_pokemon_checklist;tcgdex;pokemon_tcg_api,HIGH for number/name/set membership; MEDIUM for metadata from structured secondary sources,Official PDF extraction does not expose per-row rarity icons as text; rarity is sourced from TCGdex/API and remains separately attributed.,sv03.5-097,sv3pt5-97,https://assets.tcgdex.net/en/sv/sv03.5/097
098,098,Krabby,Krabby,Pokemon,Krabby,[98],Common,Common,70,"[""Water""]",Basic,,0,Yukiko Baba,G,[],"[""Salt Water"",""Crabhammer""]","[{""type"":""Lightning"",""value"":""×2""}]",1,1,0,1,SUPPORTED,https://assets.pokemon.com/assets/cms2/pdf/trading-card-game/checklist/mew_web_cardlist_en.pdf,official_pokemon_checklist;tcgdex;pokemon_tcg_api,HIGH for number/name/set membership; MEDIUM for metadata from structured secondary sources,Official PDF extraction does not expose per-row rarity icons as text; rarity is sourced from TCGdex/API and remains separately attributed.,sv03.5-098,sv3pt5-98,https://assets.tcgdex.net/en/sv/sv03.5/098
099,099,Kingler,Kingler,Pokemon,Kingler,[99],Uncommon,Uncommon,140,"[""Water""]",Stage1,Krabby,0,Yukiko Baba,G,[],"[""Hammer Arm"",""Guillotine""]","[{""type"":""Lightning"",""value"":""×2""}]",3,1,0,1,SUPPORTED,https://assets.pokemon.com/assets/cms2/pdf/trading-card-game/checklist/mew_web_cardlist_en.pdf,official_pokemon_checklist;tcgdex;pokemon_tcg_api,HIGH for number/name/set membership; MEDIUM for metadata from structured secondary sources,Official PDF extraction does not expose per-row rarity icons as text; rarity is sourced from TCGdex/API and remains separately attributed.,sv03.5-099,sv3pt5-99,https://assets.tcgdex.net/en/sv/sv03.5/099
100,100,Voltorb,Voltorb,Pokemon,Voltorb,[100],Common,Common,60,"[""Lightning""]",Basic,,0,nagimiso,G,[],"[""Tumbling Attack""]","[{""type"":""Fighting"",""value"":""×2""}]",1,1,0,1,SUPPORTED,https://assets.pokemon.com/assets/cms2/pdf/trading-card-game/checklist/mew_web_cardlist_en.pdf,official_pokemon_checklist;tcgdex;pokemon_tcg_api,HIGH for number/name/set membership; MEDIUM for metadata from structured secondary sources,Official PDF extraction does not expose per-row rarity icons as text; rarity is sourced from TCGdex/API and remains separately attributed.,sv03.5-100,sv3pt5-100,https://assets.tcgdex.net/en/sv/sv03.5/100
101,101,Electrode,Electrode,Pokemon,Electrode,[101],Rare,Rare,90,"[""Lightning""]",Stage1,Voltorb,0,nagimiso,G,[],"[""Bang Boom Chain"",""Electro Ball""]","[{""type"":""Fighting"",""value"":""×2""}]",1,0,1,1,SUPPORTED,https://assets.pokemon.com/assets/cms2/pdf/trading-card-game/checklist/mew_web_cardlist_en.pdf,official_pokemon_checklist;tcgdex;pokemon_tcg_api,HIGH for number/name/set membership; MEDIUM for metadata from structured secondary sources,Official PDF extraction does not expose per-row rarity icons as text; rarity is sourced from TCGdex/API and remains separately attributed.,sv03.5-101,sv3pt5-101,https://assets.tcgdex.net/en/sv/sv03.5/101
102,102,Exeggcute,Exeggcute,Pokemon,Exeggcute,[102],Common,Common,60,"[""Grass""]",Basic,,0,Shigenori Negishi,G,[],"[""Ball Roll""]","[{""type"":""Fire"",""value"":""×2""}]",1,1,0,1,SUPPORTED,https://assets.pokemon.com/assets/cms2/pdf/trading-card-game/checklist/mew_web_cardlist_en.pdf,official_pokemon_checklist;tcgdex;pokemon_tcg_api,HIGH for number/name/set membership; MEDIUM for metadata from structured secondary sources,Official PDF extraction does not expose per-row rarity icons as text; rarity is sourced from TCGdex/API and remains separately attributed.,sv03.5-102,sv3pt5-102,https://assets.tcgdex.net/en/sv/sv03.5/102
103,103,Exeggutor,Exeggutor,Pokemon,Exeggutor,[103],Uncommon,Uncommon,140,"[""Grass""]",Stage1,Exeggcute,0,Shigenori Negishi,G,[],"[""Psychic"",""Hammer In""]","[{""type"":""Fire"",""value"":""×2""}]",3,1,0,1,SUPPORTED,https://assets.pokemon.com/assets/cms2/pdf/trading-card-game/checklist/mew_web_cardlist_en.pdf,official_pokemon_checklist;tcgdex;pokemon_tcg_api,HIGH for number/name/set membership; MEDIUM for metadata from structured secondary sources,Official PDF extraction does not expose per-row rarity icons as text; rarity is sourced from TCGdex/API and remains separately attributed.,sv03.5-103,sv3pt5-103,https://assets.tcgdex.net/en/sv/sv03.5/103
104,104,Cubone,Cubone,Pokemon,Cubone,[104],Common,Common,70,"[""Fighting""]",Basic,,0,Shinya Komatsu,G,"[""Cheering Bone""]","[""Hit Twice""]","[{""type"":""Grass"",""value"":""×2""}]",1,1,0,1,SUPPORTED,https://assets.pokemon.com/assets/cms2/pdf/trading-card-game/checklist/mew_web_cardlist_en.pdf,official_pokemon_checklist;tcgdex;pokemon_tcg_api,HIGH for number/name/set membership; MEDIUM for metadata from structured secondary sources,Official PDF extraction does not expose per-row rarity icons as text; rarity is sourced from TCGdex/API and remains separately attributed.,sv03.5-104,sv3pt5-104,https://assets.tcgdex.net/en/sv/sv03.5/104
105,105,Marowak,Marowak,Pokemon,Marowak,[105],Rare,Rare,120,"[""Fighting""]",Stage1,Cubone,0,Shinya Komatsu,G,[],"[""Bone Throw"",""Boundless Power""]","[{""type"":""Grass"",""value"":""×2""}]",2,0,1,1,SUPPORTED,https://assets.pokemon.com/assets/cms2/pdf/trading-card-game/checklist/mew_web_cardlist_en.pdf,official_pokemon_checklist;tcgdex;pokemon_tcg_api,HIGH for number/name/set membership; MEDIUM for metadata from structured secondary sources,Official PDF extraction does not expose per-row rarity icons as text; rarity is sourced from TCGdex/API and remains separately attributed.,sv03.5-105,sv3pt5-105,https://assets.tcgdex.net/en/sv/sv03.5/105
106,106,Hitmonlee,Hitmonlee,Pokemon,Hitmonlee,[106],Uncommon,Uncommon,120,"[""Fighting""]",Basic,,0,Hitoshi Ariga,G,[],"[""Twister Kick"",""Low Kick""]","[{""type"":""Psychic"",""value"":""×2""}]",2,1,0,1,SUPPORTED,https://assets.pokemon.com/assets/cms2/pdf/trading-card-game/checklist/mew_web_cardlist_en.pdf,official_pokemon_checklist;tcgdex;pokemon_tcg_api,HIGH for number/name/set membership; MEDIUM for metadata from structured secondary sources,Official PDF extraction does not expose per-row rarity icons as text; rarity is sourced from TCGdex/API and remains separately attributed.,sv03.5-106,sv3pt5-106,https://assets.tcgdex.net/en/sv/sv03.5/106
107,107,Hitmonchan,Hitmonchan,Pokemon,Hitmonchan,[107],Uncommon,Uncommon,120,"[""Fighting""]",Basic,,0,DOM,G,"[""Counterattack""]","[""Excited Punch""]","[{""type"":""Psychic"",""value"":""×2""}]",1,1,0,1,SUPPORTED,https://assets.pokemon.com/assets/cms2/pdf/trading-card-game/checklist/mew_web_cardlist_en.pdf,official_pokemon_checklist;tcgdex;pokemon_tcg_api,HIGH for number/name/set membership; MEDIUM for metadata from structured secondary sources,Official PDF extraction does not expose per-row rarity icons as text; rarity is sourced from TCGdex/API and remains separately attributed.,sv03.5-107,sv3pt5-107,https://assets.tcgdex.net/en/sv/sv03.5/107
108,108,Lickitung,Lickitung,Pokemon,Lickitung,[108],Common,Common,100,"[""Colorless""]",Basic,,0,Saya Tsuruta,G,[],"[""Tongue-Tied""]","[{""type"":""Fighting"",""value"":""×2""}]",4,1,0,1,SUPPORTED,https://assets.pokemon.com/assets/cms2/pdf/trading-card-game/checklist/mew_web_cardlist_en.pdf,official_pokemon_checklist;tcgdex;pokemon_tcg_api,HIGH for number/name/set membership; MEDIUM for metadata from structured secondary sources,Official PDF extraction does not expose per-row rarity icons as text; rarity is sourced from TCGdex/API and remains separately attributed.,sv03.5-108,sv3pt5-108,https://assets.tcgdex.net/en/sv/sv03.5/108
109,109,Koffing,Koffing,Pokemon,Koffing,[109],Common,Common,60,"[""Darkness""]",Basic,,0,Shibuzoh.,G,[],"[""Suspicious Gas""]","[{""type"":""Fighting"",""value"":""×2""}]",1,1,0,1,SUPPORTED,https://assets.pokemon.com/assets/cms2/pdf/trading-card-game/checklist/mew_web_cardlist_en.pdf,official_pokemon_checklist;tcgdex;pokemon_tcg_api,HIGH for number/name/set membership; MEDIUM for metadata from structured secondary sources,Official PDF extraction does not expose per-row rarity icons as text; rarity is sourced from TCGdex/API and remains separately attributed.,sv03.5-109,sv3pt5-109,https://assets.tcgdex.net/en/sv/sv03.5/109
110,110,Weezing,Weezing,Pokemon,Weezing,[110],Rare,Rare,110,"[""Darkness""]",Stage1,Koffing,0,Shibuzoh.,G,"[""Let's Have a Blast""]","[""Spinning Fumes""]","[{""type"":""Fighting"",""value"":""×2""}]",2,0,1,1,SUPPORTED,https://assets.pokemon.com/assets/cms2/pdf/trading-card-game/checklist/mew_web_cardlist_en.pdf,official_pokemon_checklist;tcgdex;pokemon_tcg_api,HIGH for number/name/set membership; MEDIUM for metadata from structured secondary sources,Official PDF extraction does not expose per-row rarity icons as text; rarity is sourced from TCGdex/API and remains separately attributed.,sv03.5-110,sv3pt5-110,https://assets.tcgdex.net/en/sv/sv03.5/110
111,111,Rhyhorn,Rhyhorn,Pokemon,Rhyhorn,[111],Common,Common,100,"[""Fighting""]",Basic,,0,GOSSAN,G,[],"[""Push Down"",""Boulder Crush""]","[{""type"":""Grass"",""value"":""×2""}]",3,1,0,1,SUPPORTED,https://assets.pokemon.com/assets/cms2/pdf/trading-card-game/checklist/mew_web_cardlist_en.pdf,official_pokemon_checklist;tcgdex;pokemon_tcg_api,HIGH for number/name/set membership; MEDIUM for metadata from structured secondary sources,Official PDF extraction does not expose per-row rarity icons as text; rarity is sourced from TCGdex/API and remains separately attributed.,sv03.5-111,sv3pt5-111,https://assets.tcgdex.net/en/sv/sv03.5/111
112,112,Rhydon,Rhydon,Pokemon,Rhydon,[112],Uncommon,Uncommon,120,"[""Fighting""]",Stage1,Rhyhorn,0,GOSSAN,G,[],"[""Wrack Down"",""Charismatic Drill""]","[{""type"":""Grass"",""value"":""×2""}]",4,1,0,1,SUPPORTED,https://assets.pokemon.com/assets/cms2/pdf/trading-card-game/checklist/mew_web_cardlist_en.pdf,official_pokemon_checklist;tcgdex;pokemon_tcg_api,HIGH for number/name/set membership; MEDIUM for metadata from structured secondary sources,Official PDF extraction does not expose per-row rarity icons as text; rarity is sourced from TCGdex/API and remains separately attributed.,sv03.5-112,sv3pt5-112,https://assets.tcgdex.net/en/sv/sv03.5/112
113,113,Chansey,Chansey,Pokemon,Chansey,[113],Rare,Rare,110,"[""Colorless""]",Basic,,0,Taiga Kayama,G,"[""Lucky Bonus""]","[""Gentle Slap""]","[{""type"":""Fighting"",""value"":""×2""}]",2,0,1,1,SUPPORTED,https://assets.pokemon.com/assets/cms2/pdf/trading-card-game/checklist/mew_web_cardlist_en.pdf,official_pokemon_checklist;tcgdex;pokemon_tcg_api,HIGH for number/name/set membership; MEDIUM for metadata from structured secondary sources,Official PDF extraction does not expose per-row rarity icons as text; rarity is sourced from TCGdex/API and remains separately attributed.,sv03.5-113,sv3pt5-113,https://assets.tcgdex.net/en/sv/sv03.5/113
114,114,Tangela,Tangela,Pokemon,Tangela,[114],Common,Common,80,"[""Grass""]",Basic,,0,Aya Kusube,G,[],"[""Tactful Tangling""]","[{""type"":""Fire"",""value"":""×2""}]",2,1,0,1,SUPPORTED,https://assets.pokemon.com/assets/cms2/pdf/trading-card-game/checklist/mew_web_cardlist_en.pdf,official_pokemon_checklist;tcgdex;pokemon_tcg_api,HIGH for number/name/set membership; MEDIUM for metadata from structured secondary sources,Official PDF extraction does not expose per-row rarity icons as text; rarity is sourced from TCGdex/API and remains separately attributed.,sv03.5-114,sv3pt5-114,https://assets.tcgdex.net/en/sv/sv03.5/114
115,115,Kangaskhan ex,Kangaskhan ex,Pokemon,Kangaskhan,[115],Double rare,Double Rare,230,"[""Colorless""]",Basic,,1,N-DESIGN Inc.,G,[],"[""Triple Draw"",""Incessant Punching""]","[{""type"":""Fighting"",""value"":""×2""}]",2,0,1,0,SUPPORTED,https://assets.pokemon.com/assets/cms2/pdf/trading-card-game/checklist/mew_web_cardlist_en.pdf,official_pokemon_checklist;tcgdex;pokemon_tcg_api,HIGH for number/name/set membership; MEDIUM for metadata from structured secondary sources,Official PDF extraction does not expose per-row rarity icons as text; rarity is sourced from TCGdex/API and remains separately attributed.,sv03.5-115,sv3pt5-115,https://assets.tcgdex.net/en/sv/sv03.5/115
116,116,Horsea,Horsea,Pokemon,Horsea,[116],Common,Common,60,"[""Water""]",Basic,,0,aspara,G,[],"[""Rain Splash"",""Sharp Fin""]","[{""type"":""Lightning"",""value"":""×2""}]",1,1,0,1,SUPPORTED,https://assets.pokemon.com/assets/cms2/pdf/trading-card-game/checklist/mew_web_cardlist_en.pdf,official_pokemon_checklist;tcgdex;pokemon_tcg_api,HIGH for number/name/set membership; MEDIUM for metadata from structured secondary sources,Official PDF extraction does not expose per-row rarity icons as text; rarity is sourced from TCGdex/API and remains separately attributed.,sv03.5-116,sv3pt5-116,https://assets.tcgdex.net/en/sv/sv03.5/116
117,117,Seadra,Seadra,Pokemon,Seadra,[117],Uncommon,Uncommon,80,"[""Water""]",Stage1,Horsea,0,aspara,G,[],"[""Blinding Ink""]","[{""type"":""Lightning"",""value"":""×2""}]",1,1,0,1,SUPPORTED,https://assets.pokemon.com/assets/cms2/pdf/trading-card-game/checklist/mew_web_cardlist_en.pdf,official_pokemon_checklist;tcgdex;pokemon_tcg_api,HIGH for number/name/set membership; MEDIUM for metadata from structured secondary sources,Official PDF extraction does not expose per-row rarity icons as text; rarity is sourced from TCGdex/API and remains separately attributed.,sv03.5-117,sv3pt5-117,https://assets.tcgdex.net/en/sv/sv03.5/117
118,118,Goldeen,Goldeen,Pokemon,Goldeen,[118],Common,Common,70,"[""Water""]",Basic,,0,SIE NANAHARA,G,[],"[""Triple Strike"",""Sprinkle Water""]","[{""type"":""Lightning"",""value"":""×2""}]",1,1,0,1,SUPPORTED,https://assets.pokemon.com/assets/cms2/pdf/trading-card-game/checklist/mew_web_cardlist_en.pdf,official_pokemon_checklist;tcgdex;pokemon_tcg_api,HIGH for number/name/set membership; MEDIUM for metadata from structured secondary sources,Official PDF extraction does not expose per-row rarity icons as text; rarity is sourced from TCGdex/API and remains separately attributed.,sv03.5-118,sv3pt5-118,https://assets.tcgdex.net/en/sv/sv03.5/118
119,119,Seaking,Seaking,Pokemon,Seaking,[119],Uncommon,Uncommon,110,"[""Water""]",Stage1,Goldeen,0,SIE NANAHARA,G,[],"[""Swim Freely"",""Aqua Horn""]","[{""type"":""Lightning"",""value"":""×2""}]",2,1,0,1,SUPPORTED,https://assets.pokemon.com/assets/cms2/pdf/trading-card-game/checklist/mew_web_cardlist_en.pdf,official_pokemon_checklist;tcgdex;pokemon_tcg_api,HIGH for number/name/set membership; MEDIUM for metadata from structured secondary sources,Official PDF extraction does not expose per-row rarity icons as text; rarity is sourced from TCGdex/API and remains separately attributed.,sv03.5-119,sv3pt5-119,https://assets.tcgdex.net/en/sv/sv03.5/119
120,120,Staryu,Staryu,Pokemon,Staryu,[120],Common,Common,60,"[""Water""]",Basic,,0,Arai Kiriko,G,[],"[""Swift""]","[{""type"":""Lightning"",""value"":""×2""}]",1,1,0,1,SUPPORTED,https://assets.pokemon.com/assets/cms2/pdf/trading-card-game/checklist/mew_web_cardlist_en.pdf,official_pokemon_checklist;tcgdex;pokemon_tcg_api,HIGH for number/name/set membership; MEDIUM for metadata from structured secondary sources,Official PDF extraction does not expose per-row rarity icons as text; rarity is sourced from TCGdex/API and remains separately attributed.,sv03.5-120,sv3pt5-120,https://assets.tcgdex.net/en/sv/sv03.5/120
121,121,Starmie,Starmie,Pokemon,Starmie,[121],Rare,Rare,90,"[""Water""]",Stage1,Staryu,0,Arai Kiriko,G,"[""Mysterious Comet""]","[""Speed Attack""]","[{""type"":""Lightning"",""value"":""×2""}]",1,0,1,1,SUPPORTED,https://assets.pokemon.com/assets/cms2/pdf/trading-card-game/checklist/mew_web_cardlist_en.pdf,official_pokemon_checklist;tcgdex;pokemon_tcg_api,HIGH for number/name/set membership; MEDIUM for metadata from structured secondary sources,Official PDF extraction does not expose per-row rarity icons as text; rarity is sourced from TCGdex/API and remains separately attributed.,sv03.5-121,sv3pt5-121,https://assets.tcgdex.net/en/sv/sv03.5/121
122,122,Mr. Mime,Mr. Mime,Pokemon,Mr. Mime,[122],Rare,Rare,90,"[""Psychic""]",Basic,,0,OOYAMA,G,"[""Mimic Barrier""]","[""Psypower""]","[{""type"":""Darkness"",""value"":""×2""}]",1,0,1,1,SUPPORTED,https://assets.pokemon.com/assets/cms2/pdf/trading-card-game/checklist/mew_web_cardlist_en.pdf,official_pokemon_checklist;tcgdex;pokemon_tcg_api,HIGH for number/name/set membership; MEDIUM for metadata from structured secondary sources,Official PDF extraction does not expose per-row rarity icons as text; rarity is sourced from TCGdex/API and remains separately attributed.,sv03.5-122,sv3pt5-122,https://assets.tcgdex.net/en/sv/sv03.5/122
123,123,Scyther,Scyther,Pokemon,Scyther,[123],Uncommon,Uncommon,70,"[""Grass""]",Basic,,0,Hideki Ishikawa,G,[],"[""Helpful Slash"",""Slicing Blade""]","[{""type"":""Fire"",""value"":""×2""}]",0,1,0,1,SUPPORTED,https://assets.pokemon.com/assets/cms2/pdf/trading-card-game/checklist/mew_web_cardlist_en.pdf,official_pokemon_checklist;tcgdex;pokemon_tcg_api,HIGH for number/name/set membership; MEDIUM for metadata from structured secondary sources,Official PDF extraction does not expose per-row rarity icons as text; rarity is sourced from TCGdex/API and remains separately attributed.,sv03.5-123,sv3pt5-123,https://assets.tcgdex.net/en/sv/sv03.5/123
124,124,Jynx ex,Jynx ex,Pokemon,Jynx,[124],Double rare,Double Rare,200,"[""Water""]",Basic,,1,Ayaka Yoshida,G,[],"[""Heart-Stopping Kiss"",""Icy Wind""]","[{""type"":""Metal"",""value"":""×2""}]",2,0,1,0,SUPPORTED,https://assets.pokemon.com/assets/cms2/pdf/trading-card-game/checklist/mew_web_cardlist_en.pdf,official_pokemon_checklist;tcgdex;pokemon_tcg_api,HIGH for number/name/set membership; MEDIUM for metadata from structured secondary sources,Official PDF extraction does not expose per-row rarity icons as text; rarity is sourced from TCGdex/API and remains separately attributed.,sv03.5-124,sv3pt5-124,https://assets.tcgdex.net/en/sv/sv03.5/124
125,125,Electabuzz,Electabuzz,Pokemon,Electabuzz,[125],Common,Common,90,"[""Lightning""]",Basic,,0,NC Empire,G,[],"[""Electro Combo"",""Light Punch""]","[{""type"":""Fighting"",""value"":""×2""}]",2,1,0,1,SUPPORTED,https://assets.pokemon.com/assets/cms2/pdf/trading-card-game/checklist/mew_web_cardlist_en.pdf,official_pokemon_checklist;tcgdex;pokemon_tcg_api,HIGH for number/name/set membership; MEDIUM for metadata from structured secondary sources,Official PDF extraction does not expose per-row rarity icons as text; rarity is sourced from TCGdex/API and remains separately attributed.,sv03.5-125,sv3pt5-125,https://assets.tcgdex.net/en/sv/sv03.5/125
126,126,Magmar,Magmar,Pokemon,Magmar,[126],Common,Common,90,"[""Fire""]",Basic,,0,Toshinao Aoki,G,[],"[""Live Coal"",""Flare Combo""]","[{""type"":""Water"",""value"":""×2""}]",2,1,0,1,SUPPORTED,https://assets.pokemon.com/assets/cms2/pdf/trading-card-game/checklist/mew_web_cardlist_en.pdf,official_pokemon_checklist;tcgdex;pokemon_tcg_api,HIGH for number/name/set membership; MEDIUM for metadata from structured secondary sources,Official PDF extraction does not expose per-row rarity icons as text; rarity is sourced from TCGdex/API and remains separately attributed.,sv03.5-126,sv3pt5-126,https://assets.tcgdex.net/en/sv/sv03.5/126
127,127,Pinsir,Pinsir,Pokemon,Pinsir,[127],Uncommon,Uncommon,120,"[""Grass""]",Basic,,0,Yuya Oka,G,[],"[""Vise Grip"",""Reckless Throw""]","[{""type"":""Fire"",""value"":""×2""}]",2,1,0,1,SUPPORTED,https://assets.pokemon.com/assets/cms2/pdf/trading-card-game/checklist/mew_web_cardlist_en.pdf,official_pokemon_checklist;tcgdex;pokemon_tcg_api,HIGH for number/name/set membership; MEDIUM for metadata from structured secondary sources,Official PDF extraction does not expose per-row rarity icons as text; rarity is sourced from TCGdex/API and remains separately attributed.,sv03.5-127,sv3pt5-127,https://assets.tcgdex.net/en/sv/sv03.5/127
128,128,Tauros,Tauros,Pokemon,Tauros,[128],Uncommon,Uncommon,120,"[""Colorless""]",Basic,,0,Takeshi Nakamura,G,[],"[""Gather the Crew"",""Rage""]","[{""type"":""Fighting"",""value"":""×2""}]",2,1,0,1,SUPPORTED,https://assets.pokemon.com/assets/cms2/pdf/trading-card-game/checklist/mew_web_cardlist_en.pdf,official_pokemon_checklist;tcgdex;pokemon_tcg_api,HIGH for number/name/set membership; MEDIUM for metadata from structured secondary sources,Official PDF extraction does not expose per-row rarity icons as text; rarity is sourced from TCGdex/API and remains separately attributed.,sv03.5-128,sv3pt5-128,https://assets.tcgdex.net/en/sv/sv03.5/128
129,129,Magikarp,Magikarp,Pokemon,Magikarp,[129],Common,Common,30,"[""Water""]",Basic,,0,Kouki Saitou,G,[],"[""Splashy Splash""]","[{""type"":""Lightning"",""value"":""×2""}]",1,1,0,1,SUPPORTED,https://assets.pokemon.com/assets/cms2/pdf/trading-card-game/checklist/mew_web_cardlist_en.pdf,official_pokemon_checklist;tcgdex;pokemon_tcg_api,HIGH for number/name/set membership; MEDIUM for metadata from structured secondary sources,Official PDF extraction does not expose per-row rarity icons as text; rarity is sourced from TCGdex/API and remains separately attributed.,sv03.5-129,sv3pt5-129,https://assets.tcgdex.net/en/sv/sv03.5/129
130,130,Gyarados,Gyarados,Pokemon,Gyarados,[130],Rare,Rare,190,"[""Water""]",Stage1,Magikarp,0,Kouki Saitou,G,"[""Untamed One""]","[""Hyper Beam""]","[{""type"":""Lightning"",""value"":""×2""}]",4,0,1,1,SUPPORTED,https://assets.pokemon.com/assets/cms2/pdf/trading-card-game/checklist/mew_web_cardlist_en.pdf,official_pokemon_checklist;tcgdex;pokemon_tcg_api,HIGH for number/name/set membership; MEDIUM for metadata from structured secondary sources,Official PDF extraction does not expose per-row rarity icons as text; rarity is sourced from TCGdex/API and remains separately attributed.,sv03.5-130,sv3pt5-130,https://assets.tcgdex.net/en/sv/sv03.5/130
131,131,Lapras,Lapras,Pokemon,Lapras,[131],Uncommon,Uncommon,110,"[""Water""]",Basic,,0,LINNE,G,[],"[""Hop on My Back"",""Aqua Edge""]","[{""type"":""Lightning"",""value"":""×2""}]",1,1,0,1,SUPPORTED,https://assets.pokemon.com/assets/cms2/pdf/trading-card-game/checklist/mew_web_cardlist_en.pdf,official_pokemon_checklist;tcgdex;pokemon_tcg_api,HIGH for number/name/set membership; MEDIUM for metadata from structured secondary sources,Official PDF extraction does not expose per-row rarity icons as text; rarity is sourced from TCGdex/API and remains separately attributed.,sv03.5-131,sv3pt5-131,https://assets.tcgdex.net/en/sv/sv03.5/131
132,132,Ditto,Ditto,Pokemon,Ditto,[132],Rare,Rare,60,"[""Colorless""]",Basic,,0,KIYOTAKA OSHIYAMA,G,"[""Transformative Start""]","[""Splup""]","[{""type"":""Fighting"",""value"":""×2""}]",1,0,1,1,SUPPORTED,https://assets.pokemon.com/assets/cms2/pdf/trading-card-game/checklist/mew_web_cardlist_en.pdf,official_pokemon_checklist;tcgdex;pokemon_tcg_api,HIGH for number/name/set membership; MEDIUM for metadata from structured secondary sources,Official PDF extraction does not expose per-row rarity icons as text; rarity is sourced from TCGdex/API and remains separately attributed.,sv03.5-132,sv3pt5-132,https://assets.tcgdex.net/en/sv/sv03.5/132
133,133,Eevee,Eevee,Pokemon,Eevee,[133],Common,Common,70,"[""Colorless""]",Basic,,0,Narumi Sato,G,[],"[""Colorful Friends"",""Skip""]","[{""type"":""Fighting"",""value"":""×2""}]",1,1,0,1,SUPPORTED,https://assets.pokemon.com/assets/cms2/pdf/trading-card-game/checklist/mew_web_cardlist_en.pdf,official_pokemon_checklist;tcgdex;pokemon_tcg_api,HIGH for number/name/set membership; MEDIUM for metadata from structured secondary sources,Official PDF extraction does not expose per-row rarity icons as text; rarity is sourced from TCGdex/API and remains separately attributed.,sv03.5-133,sv3pt5-133,https://assets.tcgdex.net/en/sv/sv03.5/133
134,134,Vaporeon,Vaporeon,Pokemon,Vaporeon,[134],Rare,Rare,130,"[""Water""]",Stage1,Eevee,0,kirisAki,G,[],"[""Spiral Drain"",""Fighting Whirlpool""]","[{""type"":""Lightning"",""value"":""×2""}]",2,0,1,1,SUPPORTED,https://assets.pokemon.com/assets/cms2/pdf/trading-card-game/checklist/mew_web_cardlist_en.pdf,official_pokemon_checklist;tcgdex;pokemon_tcg_api,HIGH for number/name/set membership; MEDIUM for metadata from structured secondary sources,Official PDF extraction does not expose per-row rarity icons as text; rarity is sourced from TCGdex/API and remains separately attributed.,sv03.5-134,sv3pt5-134,https://assets.tcgdex.net/en/sv/sv03.5/134
135,135,Jolteon,Jolteon,Pokemon,Jolteon,[135],Rare,Rare,110,"[""Lightning""]",Stage1,Eevee,0,sui,G,[],"[""Linear Attack"",""Fighting Lightning""]","[{""type"":""Fighting"",""value"":""×2""}]",0,0,1,1,SUPPORTED,https://assets.pokemon.com/assets/cms2/pdf/trading-card-game/checklist/mew_web_cardlist_en.pdf,official_pokemon_checklist;tcgdex;pokemon_tcg_api,HIGH for number/name/set membership; MEDIUM for metadata from structured secondary sources,Official PDF extraction does not expose per-row rarity icons as text; rarity is sourced from TCGdex/API and remains separately attributed.,sv03.5-135,sv3pt5-135,https://assets.tcgdex.net/en/sv/sv03.5/135
136,136,Flareon,Flareon,Pokemon,Flareon,[136],Rare,Rare,130,"[""Fire""]",Stage1,Eevee,0,Ryota Murayama,G,[],"[""Destructive Flame"",""Fighting Blaze""]","[{""type"":""Water"",""value"":""×2""}]",2,0,1,1,SUPPORTED,https://assets.pokemon.com/assets/cms2/pdf/trading-card-game/checklist/mew_web_cardlist_en.pdf,official_pokemon_checklist;tcgdex;pokemon_tcg_api,HIGH for number/name/set membership; MEDIUM for metadata from structured secondary sources,Official PDF extraction does not expose per-row rarity icons as text; rarity is sourced from TCGdex/API and remains separately attributed.,sv03.5-136,sv3pt5-136,https://assets.tcgdex.net/en/sv/sv03.5/136
137,137,Porygon,Porygon,Pokemon,Porygon,[137],Common,Common,60,"[""Colorless""]",Basic,,0,5ban Graphics,G,[],"[""Conversion 4""]","[{""type"":""Fighting"",""value"":""×2""}]",1,1,0,1,SUPPORTED,https://assets.pokemon.com/assets/cms2/pdf/trading-card-game/checklist/mew_web_cardlist_en.pdf,official_pokemon_checklist;tcgdex;pokemon_tcg_api,HIGH for number/name/set membership; MEDIUM for metadata from structured secondary sources,Official PDF extraction does not expose per-row rarity icons as text; rarity is sourced from TCGdex/API and remains separately attributed.,sv03.5-137,sv3pt5-137,https://assets.tcgdex.net/en/sv/sv03.5/137
138,138,Omanyte,Omanyte,Pokemon,Omanyte,[138],Uncommon,Uncommon,100,"[""Water""]",Stage1,Antique Helix Fossil,0,Akira Komayama,G,[],"[""Tentacular Return""]","[{""type"":""Lightning"",""value"":""×2""}]",2,1,0,1,SUPPORTED,https://assets.pokemon.com/assets/cms2/pdf/trading-card-game/checklist/mew_web_cardlist_en.pdf,official_pokemon_checklist;tcgdex;pokemon_tcg_api,HIGH for number/name/set membership; MEDIUM for metadata from structured secondary sources,Official PDF extraction does not expose per-row rarity icons as text; rarity is sourced from TCGdex/API and remains separately attributed.,sv03.5-138,sv3pt5-138,https://assets.tcgdex.net/en/sv/sv03.5/138
139,139,Omastar,Omastar,Pokemon,Omastar,[139],Rare,Rare,150,"[""Water""]",Stage2,Omanyte,0,Akira Komayama,G,"[""Primordial Tentacles""]","[""Aqua Split""]","[{""type"":""Lightning"",""value"":""×2""}]",3,0,1,1,SUPPORTED,https://assets.pokemon.com/assets/cms2/pdf/trading-card-game/checklist/mew_web_cardlist_en.pdf,official_pokemon_checklist;tcgdex;pokemon_tcg_api,HIGH for number/name/set membership; MEDIUM for metadata from structured secondary sources,Official PDF extraction does not expose per-row rarity icons as text; rarity is sourced from TCGdex/API and remains separately attributed.,sv03.5-139,sv3pt5-139,https://assets.tcgdex.net/en/sv/sv03.5/139
140,140,Kabuto,Kabuto,Pokemon,Kabuto,[140],Uncommon,Uncommon,90,"[""Fighting""]",Stage1,Antique Dome Fossil,0,Souichirou Gunjima,G,[],"[""Double Scratch""]","[{""type"":""Grass"",""value"":""×2""}]",2,1,0,1,SUPPORTED,https://assets.pokemon.com/assets/cms2/pdf/trading-card-game/checklist/mew_web_cardlist_en.pdf,official_pokemon_checklist;tcgdex;pokemon_tcg_api,HIGH for number/name/set membership; MEDIUM for metadata from structured secondary sources,Official PDF extraction does not expose per-row rarity icons as text; rarity is sourced from TCGdex/API and remains separately attributed.,sv03.5-140,sv3pt5-140,https://assets.tcgdex.net/en/sv/sv03.5/140
141,141,Kabutops,Kabutops,Pokemon,Kabutops,[141],Rare,Rare,160,"[""Fighting""]",Stage2,Kabuto,0,Souichirou Gunjima,G,"[""Ancient Way""]","[""Draining Blade""]","[{""type"":""Grass"",""value"":""×2""}]",2,0,1,1,SUPPORTED,https://assets.pokemon.com/assets/cms2/pdf/trading-card-game/checklist/mew_web_cardlist_en.pdf,official_pokemon_checklist;tcgdex;pokemon_tcg_api,HIGH for number/name/set membership; MEDIUM for metadata from structured secondary sources,Official PDF extraction does not expose per-row rarity icons as text; rarity is sourced from TCGdex/API and remains separately attributed.,sv03.5-141,sv3pt5-141,https://assets.tcgdex.net/en/sv/sv03.5/141
142,142,Aerodactyl,Aerodactyl,Pokemon,Aerodactyl,[142],Rare,Rare,130,"[""Colorless""]",Stage1,Antique Old Amber,0,Shinji Kanda,G,[],"[""Glide"",""Devolution Ray""]","[{""type"":""Lightning"",""value"":""×2""}]",0,0,1,1,SUPPORTED,https://assets.pokemon.com/assets/cms2/pdf/trading-card-game/checklist/mew_web_cardlist_en.pdf,official_pokemon_checklist;tcgdex;pokemon_tcg_api,HIGH for number/name/set membership; MEDIUM for metadata from structured secondary sources,Official PDF extraction does not expose per-row rarity icons as text; rarity is sourced from TCGdex/API and remains separately attributed.,sv03.5-142,sv3pt5-142,https://assets.tcgdex.net/en/sv/sv03.5/142
143,143,Snorlax,Snorlax,Pokemon,Snorlax,[143],Uncommon,Uncommon,150,"[""Colorless""]",Basic,,0,HYOGONOSUKE,G,"[""Voraciousness""]","[""Thudding Press""]","[{""type"":""Fighting"",""value"":""×2""}]",4,1,0,1,SUPPORTED,https://assets.pokemon.com/assets/cms2/pdf/trading-card-game/checklist/mew_web_cardlist_en.pdf,official_pokemon_checklist;tcgdex;pokemon_tcg_api,HIGH for number/name/set membership; MEDIUM for metadata from structured secondary sources,Official PDF extraction does not expose per-row rarity icons as text; rarity is sourced from TCGdex/API and remains separately attributed.,sv03.5-143,sv3pt5-143,https://assets.tcgdex.net/en/sv/sv03.5/143
144,144,Articuno,Articuno,Pokemon,Articuno,[144],Rare,Rare,120,"[""Water""]",Basic,,0,chibi,G,"[""Ice Float""]","[""Blizzard""]","[{""type"":""Lightning"",""value"":""×2""}]",2,0,1,1,SUPPORTED,https://assets.pokemon.com/assets/cms2/pdf/trading-card-game/checklist/mew_web_cardlist_en.pdf,official_pokemon_checklist;tcgdex;pokemon_tcg_api,HIGH for number/name/set membership; MEDIUM for metadata from structured secondary sources,Official PDF extraction does not expose per-row rarity icons as text; rarity is sourced from TCGdex/API and remains separately attributed.,sv03.5-144,sv3pt5-144,https://assets.tcgdex.net/en/sv/sv03.5/144
145,145,Zapdos ex,Zapdos ex,Pokemon,Zapdos,[145],Double rare,Double Rare,200,"[""Lightning""]",Basic,,1,takuyoa,G,"[""Voltaic Float""]","[""Multishot Lightning""]","[{""type"":""Lightning"",""value"":""×2""}]",2,0,1,0,SUPPORTED,https://assets.pokemon.com/assets/cms2/pdf/trading-card-game/checklist/mew_web_cardlist_en.pdf,official_pokemon_checklist;tcgdex;pokemon_tcg_api,HIGH for number/name/set membership; MEDIUM for metadata from structured secondary sources,Official PDF extraction does not expose per-row rarity icons as text; rarity is sourced from TCGdex/API and remains separately attributed.,sv03.5-145,sv3pt5-145,https://assets.tcgdex.net/en/sv/sv03.5/145
146,146,Moltres,Moltres,Pokemon,Moltres,[146],Rare,Rare,120,"[""Fire""]",Basic,,0,KEIICHIRO ITO,G,"[""Flare Float""]","[""Blazing Flight""]","[{""type"":""Lightning"",""value"":""×2""}]",2,0,1,1,SUPPORTED,https://assets.pokemon.com/assets/cms2/pdf/trading-card-game/checklist/mew_web_cardlist_en.pdf,official_pokemon_checklist;tcgdex;pokemon_tcg_api,HIGH for number/name/set membership; MEDIUM for metadata from structured secondary sources,Official PDF extraction does not expose per-row rarity icons as text; rarity is sourced from TCGdex/API and remains separately attributed.,sv03.5-146,sv3pt5-146,https://assets.tcgdex.net/en/sv/sv03.5/146
147,147,Dratini,Dratini,Pokemon,Dratini,[147],Common,Common,60,"[""Dragon""]",Basic,,0,Sanosuke Sakuma,G,[],"[""Beat"",""Draconic Whip""]",,1,1,0,1,SUPPORTED,https://assets.pokemon.com/assets/cms2/pdf/trading-card-game/checklist/mew_web_cardlist_en.pdf,official_pokemon_checklist;tcgdex;pokemon_tcg_api,HIGH for number/name/set membership; MEDIUM for metadata from structured secondary sources,Official PDF extraction does not expose per-row rarity icons as text; rarity is sourced from TCGdex/API and remains separately attributed.,sv03.5-147,sv3pt5-147,https://assets.tcgdex.net/en/sv/sv03.5/147
148,148,Dragonair,Dragonair,Pokemon,Dragonair,[148],Uncommon,Uncommon,100,"[""Dragon""]",Stage1,Dratini,0,Sanosuke Sakuma,G,[],"[""Beat"",""Aqua Slash""]",,2,1,0,1,SUPPORTED,https://assets.pokemon.com/assets/cms2/pdf/trading-card-game/checklist/mew_web_cardlist_en.pdf,official_pokemon_checklist;tcgdex;pokemon_tcg_api,HIGH for number/name/set membership; MEDIUM for metadata from structured secondary sources,Official PDF extraction does not expose per-row rarity icons as text; rarity is sourced from TCGdex/API and remains separately attributed.,sv03.5-148,sv3pt5-148,https://assets.tcgdex.net/en/sv/sv03.5/148
149,149,Dragonite,Dragonite,Pokemon,Dragonite,[149],Rare,Rare,180,"[""Dragon""]",Stage2,Dragonair,0,Sanosuke Sakuma,G,"[""Jet Cruise""]","[""Dragon Pulse""]",,3,0,1,1,SUPPORTED,https://assets.pokemon.com/assets/cms2/pdf/trading-card-game/checklist/mew_web_cardlist_en.pdf,official_pokemon_checklist;tcgdex;pokemon_tcg_api,HIGH for number/name/set membership; MEDIUM for metadata from structured secondary sources,Official PDF extraction does not expose per-row rarity icons as text; rarity is sourced from TCGdex/API and remains separately attributed.,sv03.5-149,sv3pt5-149,https://assets.tcgdex.net/en/sv/sv03.5/149
150,150,Mewtwo,Mewtwo,Pokemon,Mewtwo,[150],Rare,Rare,130,"[""Psychic""]",Basic,,0,AKIRA EGAWA,G,[],"[""Reflective Barrier"",""Psyslash""]","[{""type"":""Darkness"",""value"":""×2""}]",2,0,1,1,SUPPORTED,https://assets.pokemon.com/assets/cms2/pdf/trading-card-game/checklist/mew_web_cardlist_en.pdf,official_pokemon_checklist;tcgdex;pokemon_tcg_api,HIGH for number/name/set membership; MEDIUM for metadata from structured secondary sources,Official PDF extraction does not expose per-row rarity icons as text; rarity is sourced from TCGdex/API and remains separately attributed.,sv03.5-150,sv3pt5-150,https://assets.tcgdex.net/en/sv/sv03.5/150
151,151,Mew ex,Mew ex,Pokemon,Mew,[151],Double rare,Double Rare,180,"[""Psychic""]",Basic,,1,aky CG Works,G,"[""Restart""]","[""Genome Hacking""]","[{""type"":""Darkness"",""value"":""×2""}]",0,0,1,0,SUPPORTED,https://assets.pokemon.com/assets/cms2/pdf/trading-card-game/checklist/mew_web_cardlist_en.pdf,official_pokemon_checklist;tcgdex;pokemon_tcg_api,HIGH for number/name/set membership; MEDIUM for metadata from structured secondary sources,Official PDF extraction does not expose per-row rarity icons as text; rarity is sourced from TCGdex/API and remains separately attributed.,sv03.5-151,sv3pt5-151,https://assets.tcgdex.net/en/sv/sv03.5/151
152,152,Antique Dome Fossil,Antique Dome Fossil,Trainer,,,Common,Common,60,,Item,,0,AYUMI ODASHIMA,G,"[""Domed Armor""]",[],,,1,0,1,SUPPORTED,https://assets.pokemon.com/assets/cms2/pdf/trading-card-game/checklist/mew_web_cardlist_en.pdf,official_pokemon_checklist;tcgdex;pokemon_tcg_api,HIGH for number/name/set membership; MEDIUM for metadata from structured secondary sources,Official PDF extraction does not expose per-row rarity icons as text; rarity is sourced from TCGdex/API and remains separately attributed.,sv03.5-152,sv3pt5-152,https://assets.tcgdex.net/en/sv/sv03.5/152
153,153,Antique Helix Fossil,Antique Helix Fossil,Trainer,,,Common,Common,60,,Item,,0,AYUMI ODASHIMA,G,"[""Helical Swell""]",[],,,1,0,1,SUPPORTED,https://assets.pokemon.com/assets/cms2/pdf/trading-card-game/checklist/mew_web_cardlist_en.pdf,official_pokemon_checklist;tcgdex;pokemon_tcg_api,HIGH for number/name/set membership; MEDIUM for metadata from structured secondary sources,Official PDF extraction does not expose per-row rarity icons as text; rarity is sourced from TCGdex/API and remains separately attributed.,sv03.5-153,sv3pt5-153,https://assets.tcgdex.net/en/sv/sv03.5/153
154,154,Antique Old Amber,Antique Old Amber,Trainer,,,Common,Common,60,,Item,,0,AYUMI ODASHIMA,G,"[""Amber Protection""]",[],,,1,0,1,SUPPORTED,https://assets.pokemon.com/assets/cms2/pdf/trading-card-game/checklist/mew_web_cardlist_en.pdf,official_pokemon_checklist;tcgdex;pokemon_tcg_api,HIGH for number/name/set membership; MEDIUM for metadata from structured secondary sources,Official PDF extraction does not expose per-row rarity icons as text; rarity is sourced from TCGdex/API and remains separately attributed.,sv03.5-154,sv3pt5-154,https://assets.tcgdex.net/en/sv/sv03.5/154
155,155,Big Air Balloon,Big Air Balloon,Trainer,,,Uncommon,Uncommon,,,Pokémon Tool,,0,Toyste Beach,G,[],[],,,1,0,1,SUPPORTED,https://assets.pokemon.com/assets/cms2/pdf/trading-card-game/checklist/mew_web_cardlist_en.pdf,official_pokemon_checklist;tcgdex;pokemon_tcg_api,HIGH for number/name/set membership; MEDIUM for metadata from structured secondary sources,Official PDF extraction does not expose per-row rarity icons as text; rarity is sourced from TCGdex/API and remains separately attributed.,sv03.5-155,sv3pt5-155,https://assets.tcgdex.net/en/sv/sv03.5/155
156,156,Bill’s Transfer,Bill's Transfer,Trainer,,,Uncommon,Uncommon,,,Supporter,,0,GIDORA,G,[],[],,,1,0,1,SUPPORTED,https://assets.pokemon.com/assets/cms2/pdf/trading-card-game/checklist/mew_web_cardlist_en.pdf,official_pokemon_checklist;tcgdex;pokemon_tcg_api,HIGH for number/name/set membership; MEDIUM for metadata from structured secondary sources,Official PDF extraction does not expose per-row rarity icons as text; rarity is sourced from TCGdex/API and remains separately attributed.,sv03.5-156,sv3pt5-156,https://assets.tcgdex.net/en/sv/sv03.5/156
157,157,Cycling Road,Cycling Road,Trainer,,,Uncommon,Uncommon,,,Stadium,,0,Oswaldo KATO,G,[],[],,,1,0,1,SUPPORTED,https://assets.pokemon.com/assets/cms2/pdf/trading-card-game/checklist/mew_web_cardlist_en.pdf,official_pokemon_checklist;tcgdex;pokemon_tcg_api,HIGH for number/name/set membership; MEDIUM for metadata from structured secondary sources,Official PDF extraction does not expose per-row rarity icons as text; rarity is sourced from TCGdex/API and remains separately attributed.,sv03.5-157,sv3pt5-157,https://assets.tcgdex.net/en/sv/sv03.5/157
158,158,Daisy’s Help,Daisy's Help,Trainer,,,Uncommon,Uncommon,,,Supporter,,0,Tomomi Kaneko,G,[],[],,,1,0,1,SUPPORTED,https://assets.pokemon.com/assets/cms2/pdf/trading-card-game/checklist/mew_web_cardlist_en.pdf,official_pokemon_checklist;tcgdex;pokemon_tcg_api,HIGH for number/name/set membership; MEDIUM for metadata from structured secondary sources,Official PDF extraction does not expose per-row rarity icons as text; rarity is sourced from TCGdex/API and remains separately attributed.,sv03.5-158,sv3pt5-158,https://assets.tcgdex.net/en/sv/sv03.5/158
159,159,Energy Sticker,Energy Sticker,Trainer,,,Uncommon,Uncommon,,,Item,,0,Ayaka Yoshida,G,[],[],,,1,0,1,SUPPORTED,https://assets.pokemon.com/assets/cms2/pdf/trading-card-game/checklist/mew_web_cardlist_en.pdf,official_pokemon_checklist;tcgdex;pokemon_tcg_api,HIGH for number/name/set membership; MEDIUM for metadata from structured secondary sources,Official PDF extraction does not expose per-row rarity icons as text; rarity is sourced from TCGdex/API and remains separately attributed.,sv03.5-159,sv3pt5-159,https://assets.tcgdex.net/en/sv/sv03.5/159
160,160,Erika’s Invitation,Erika's Invitation,Trainer,,,Uncommon,Uncommon,,,Supporter,,0,saino misaki,G,[],[],,,1,0,1,SUPPORTED,https://assets.pokemon.com/assets/cms2/pdf/trading-card-game/checklist/mew_web_cardlist_en.pdf,official_pokemon_checklist;tcgdex;pokemon_tcg_api,HIGH for number/name/set membership; MEDIUM for metadata from structured secondary sources,Official PDF extraction does not expose per-row rarity icons as text; rarity is sourced from TCGdex/API and remains separately attributed.,sv03.5-160,sv3pt5-160,https://assets.tcgdex.net/en/sv/sv03.5/160
161,161,Giovanni’s Charisma,Giovanni's Charisma,Trainer,,,Uncommon,Uncommon,,,Supporter,,0,hncl,G,[],[],,,1,0,1,SUPPORTED,https://assets.pokemon.com/assets/cms2/pdf/trading-card-game/checklist/mew_web_cardlist_en.pdf,official_pokemon_checklist;tcgdex;pokemon_tcg_api,HIGH for number/name/set membership; MEDIUM for metadata from structured secondary sources,Official PDF extraction does not expose per-row rarity icons as text; rarity is sourced from TCGdex/API and remains separately attributed.,sv03.5-161,sv3pt5-161,https://assets.tcgdex.net/en/sv/sv03.5/161
162,162,Grabber,Grabber,Trainer,,,Uncommon,Uncommon,,,Item,,0,inose yukie,G,[],[],,,1,0,1,SUPPORTED,https://assets.pokemon.com/assets/cms2/pdf/trading-card-game/checklist/mew_web_cardlist_en.pdf,official_pokemon_checklist;tcgdex;pokemon_tcg_api,HIGH for number/name/set membership; MEDIUM for metadata from structured secondary sources,Official PDF extraction does not expose per-row rarity icons as text; rarity is sourced from TCGdex/API and remains separately attributed.,sv03.5-162,sv3pt5-162,https://assets.tcgdex.net/en/sv/sv03.5/162
163,163,Leftovers,Leftovers,Trainer,,,Uncommon,Uncommon,,,Pokémon Tool,,0,Studio Bora Inc.,G,[],[],,,1,0,1,SUPPORTED,https://assets.pokemon.com/assets/cms2/pdf/trading-card-game/checklist/mew_web_cardlist_en.pdf,official_pokemon_checklist;tcgdex;pokemon_tcg_api,HIGH for number/name/set membership; MEDIUM for metadata from structured secondary sources,Official PDF extraction does not expose per-row rarity icons as text; rarity is sourced from TCGdex/API and remains separately attributed.,sv03.5-163,sv3pt5-163,https://assets.tcgdex.net/en/sv/sv03.5/163
164,164,Protective Goggles,Protective Goggles,Trainer,,,Uncommon,Uncommon,,,Pokémon Tool,,0,Toyste Beach,G,[],[],,,1,0,1,SUPPORTED,https://assets.pokemon.com/assets/cms2/pdf/trading-card-game/checklist/mew_web_cardlist_en.pdf,official_pokemon_checklist;tcgdex;pokemon_tcg_api,HIGH for number/name/set membership; MEDIUM for metadata from structured secondary sources,Official PDF extraction does not expose per-row rarity icons as text; rarity is sourced from TCGdex/API and remains separately attributed.,sv03.5-164,sv3pt5-164,https://assets.tcgdex.net/en/sv/sv03.5/164
165,165,Rigid Band,Rigid Band,Trainer,,,Uncommon,Uncommon,,,Pokémon Tool,,0,Toyste Beach,G,[],[],,,1,0,1,SUPPORTED,https://assets.pokemon.com/assets/cms2/pdf/trading-card-game/checklist/mew_web_cardlist_en.pdf,official_pokemon_checklist;tcgdex;pokemon_tcg_api,HIGH for number/name/set membership; MEDIUM for metadata from structured secondary sources,Official PDF extraction does not expose per-row rarity icons as text; rarity is sourced from TCGdex/API and remains separately attributed.,sv03.5-165,sv3pt5-165,https://assets.tcgdex.net/en/sv/sv03.5/165
166,166,Bulbasaur,Bulbasaur,Pokemon,Bulbasaur,[1],Illustration rare,Illustration Rare,70,"[""Grass""]",Basic,,0,Yoriyuki Ikegami,G,[],"[""Leech Seed""]","[{""type"":""Fire"",""value"":""×2""}]",2,0,1,0,SUPPORTED,https://assets.pokemon.com/assets/cms2/pdf/trading-card-game/checklist/mew_web_cardlist_en.pdf,official_pokemon_checklist;tcgdex;pokemon_tcg_api,HIGH for number/name/set membership; MEDIUM for metadata from structured secondary sources,Official PDF extraction does not expose per-row rarity icons as text; rarity is sourced from TCGdex/API and remains separately attributed.,sv03.5-166,sv3pt5-166,https://assets.tcgdex.net/en/sv/sv03.5/166
167,167,Ivysaur,Ivysaur,Pokemon,Ivysaur,[2],Illustration rare,Illustration Rare,100,"[""Grass""]",Stage1,Bulbasaur,0,Yoriyuki Ikegami,G,[],"[""Leech Seed"",""Vine Whip""]","[{""type"":""Fire"",""value"":""×2""}]",3,0,1,0,SUPPORTED,https://assets.pokemon.com/assets/cms2/pdf/trading-card-game/checklist/mew_web_cardlist_en.pdf,official_pokemon_checklist;tcgdex;pokemon_tcg_api,HIGH for number/name/set membership; MEDIUM for metadata from structured secondary sources,Official PDF extraction does not expose per-row rarity icons as text; rarity is sourced from TCGdex/API and remains separately attributed.,sv03.5-167,sv3pt5-167,https://assets.tcgdex.net/en/sv/sv03.5/167
168,168,Charmander,Charmander,Pokemon,Charmander,[4],Illustration rare,Illustration Rare,70,"[""Fire""]",Basic,,0,miki kudo,G,[],"[""Blazing Destruction"",""Steady Firebreathing""]","[{""type"":""Water"",""value"":""×2""}]",1,0,1,0,SUPPORTED,https://assets.pokemon.com/assets/cms2/pdf/trading-card-game/checklist/mew_web_cardlist_en.pdf,official_pokemon_checklist;tcgdex;pokemon_tcg_api,HIGH for number/name/set membership; MEDIUM for metadata from structured secondary sources,Official PDF extraction does not expose per-row rarity icons as text; rarity is sourced from TCGdex/API and remains separately attributed.,sv03.5-168,sv3pt5-168,https://assets.tcgdex.net/en/sv/sv03.5/168
169,169,Charmeleon,Charmeleon,Pokemon,Charmeleon,[5],Illustration rare,Illustration Rare,100,"[""Fire""]",Stage1,Charmander,0,miki kudo,G,[],"[""Combustion"",""Fire Blast""]","[{""type"":""Water"",""value"":""×2""}]",2,0,1,0,SUPPORTED,https://assets.pokemon.com/assets/cms2/pdf/trading-card-game/checklist/mew_web_cardlist_en.pdf,official_pokemon_checklist;tcgdex;pokemon_tcg_api,HIGH for number/name/set membership; MEDIUM for metadata from structured secondary sources,Official PDF extraction does not expose per-row rarity icons as text; rarity is sourced from TCGdex/API and remains separately attributed.,sv03.5-169,sv3pt5-169,https://assets.tcgdex.net/en/sv/sv03.5/169
170,170,Squirtle,Squirtle,Pokemon,Squirtle,[7],Illustration rare,Illustration Rare,60,"[""Water""]",Basic,,0,Mitsuhiro Arita,G,[],"[""Withdraw"",""Skull Bash""]","[{""type"":""Lightning"",""value"":""×2""}]",1,0,1,0,SUPPORTED,https://assets.pokemon.com/assets/cms2/pdf/trading-card-game/checklist/mew_web_cardlist_en.pdf,official_pokemon_checklist;tcgdex;pokemon_tcg_api,HIGH for number/name/set membership; MEDIUM for metadata from structured secondary sources,Official PDF extraction does not expose per-row rarity icons as text; rarity is sourced from TCGdex/API and remains separately attributed.,sv03.5-170,sv3pt5-170,https://assets.tcgdex.net/en/sv/sv03.5/170
171,171,Wartortle,Wartortle,Pokemon,Wartortle,[8],Illustration rare,Illustration Rare,100,"[""Water""]",Stage1,Squirtle,0,Mitsuhiro Arita,G,[],"[""Free Diving"",""Spinning Attack""]","[{""type"":""Lightning"",""value"":""×2""}]",2,0,1,0,SUPPORTED,https://assets.pokemon.com/assets/cms2/pdf/trading-card-game/checklist/mew_web_cardlist_en.pdf,official_pokemon_checklist;tcgdex;pokemon_tcg_api,HIGH for number/name/set membership; MEDIUM for metadata from structured secondary sources,Official PDF extraction does not expose per-row rarity icons as text; rarity is sourced from TCGdex/API and remains separately attributed.,sv03.5-171,sv3pt5-171,https://assets.tcgdex.net/en/sv/sv03.5/171
172,172,Caterpie,Caterpie,Pokemon,Caterpie,[10],Illustration rare,Illustration Rare,50,"[""Grass""]",Basic,,0,Teeziro,G,[],"[""Leaf Munch""]","[{""type"":""Fire"",""value"":""×2""}]",1,0,1,0,SUPPORTED,https://assets.pokemon.com/assets/cms2/pdf/trading-card-game/checklist/mew_web_cardlist_en.pdf,official_pokemon_checklist;tcgdex;pokemon_tcg_api,HIGH for number/name/set membership; MEDIUM for metadata from structured secondary sources,Official PDF extraction does not expose per-row rarity icons as text; rarity is sourced from TCGdex/API and remains separately attributed.,sv03.5-172,sv3pt5-172,https://assets.tcgdex.net/en/sv/sv03.5/172
173,173,Pikachu,Pikachu,Pokemon,Pikachu,[25],Illustration rare,Illustration Rare,60,"[""Lightning""]",Basic,,0,Hiroyuki Yamamoto,G,[],"[""Charge"",""Pika Punch""]","[{""type"":""Fighting"",""value"":""×2""}]",1,0,1,0,SUPPORTED,https://assets.pokemon.com/assets/cms2/pdf/trading-card-game/checklist/mew_web_cardlist_en.pdf,official_pokemon_checklist;tcgdex;pokemon_tcg_api,HIGH for number/name/set membership; MEDIUM for metadata from structured secondary sources,Official PDF extraction does not expose per-row rarity icons as text; rarity is sourced from TCGdex/API and remains separately attributed.,sv03.5-173,sv3pt5-173,https://assets.tcgdex.net/en/sv/sv03.5/173
174,174,Nidoking,Nidoking,Pokemon,Nidoking,[34],Illustration rare,Illustration Rare,170,"[""Darkness""]",Stage2,Nidorino,0,Misaki Hashimoto,G,"[""Enthusiastic King""]","[""Venomous Impact""]","[{""type"":""Fighting"",""value"":""×2""}]",3,0,1,0,SUPPORTED,https://assets.pokemon.com/assets/cms2/pdf/trading-card-game/checklist/mew_web_cardlist_en.pdf,official_pokemon_checklist;tcgdex;pokemon_tcg_api,HIGH for number/name/set membership; MEDIUM for metadata from structured secondary sources,Official PDF extraction does not expose per-row rarity icons as text; rarity is sourced from TCGdex/API and remains separately attributed.,sv03.5-174,sv3pt5-174,https://assets.tcgdex.net/en/sv/sv03.5/174
175,175,Psyduck,Psyduck,Pokemon,Psyduck,[54],Illustration rare,Illustration Rare,70,"[""Water""]",Basic,,0,Whisker,G,[],"[""Overthink"",""Water Gun""]","[{""type"":""Lightning"",""value"":""×2""}]",1,0,1,0,SUPPORTED,https://assets.pokemon.com/assets/cms2/pdf/trading-card-game/checklist/mew_web_cardlist_en.pdf,official_pokemon_checklist;tcgdex;pokemon_tcg_api,HIGH for number/name/set membership; MEDIUM for metadata from structured secondary sources,Official PDF extraction does not expose per-row rarity icons as text; rarity is sourced from TCGdex/API and remains separately attributed.,sv03.5-175,sv3pt5-175,https://assets.tcgdex.net/en/sv/sv03.5/175
176,176,Poliwhirl,Poliwhirl,Pokemon,Poliwhirl,[61],Illustration rare,Illustration Rare,90,"[""Water""]",Stage1,Poliwag,0,Gemi,G,[],"[""Wave Splash"",""Frog Hop""]","[{""type"":""Lightning"",""value"":""×2""}]",1,0,1,0,SUPPORTED,https://assets.pokemon.com/assets/cms2/pdf/trading-card-game/checklist/mew_web_cardlist_en.pdf,official_pokemon_checklist;tcgdex;pokemon_tcg_api,HIGH for number/name/set membership; MEDIUM for metadata from structured secondary sources,Official PDF extraction does not expose per-row rarity icons as text; rarity is sourced from TCGdex/API and remains separately attributed.,sv03.5-176,sv3pt5-176,https://assets.tcgdex.net/en/sv/sv03.5/176
177,177,Machoke,Machoke,Pokemon,Machoke,[67],Illustration rare,Illustration Rare,100,"[""Fighting""]",Stage1,Machop,0,Tetsu Kayama,G,[],"[""Mountain Ramming""]","[{""type"":""Psychic"",""value"":""×2""}]",2,0,1,0,SUPPORTED,https://assets.pokemon.com/assets/cms2/pdf/trading-card-game/checklist/mew_web_cardlist_en.pdf,official_pokemon_checklist;tcgdex;pokemon_tcg_api,HIGH for number/name/set membership; MEDIUM for metadata from structured secondary sources,Official PDF extraction does not expose per-row rarity icons as text; rarity is sourced from TCGdex/API and remains separately attributed.,sv03.5-177,sv3pt5-177,https://assets.tcgdex.net/en/sv/sv03.5/177
178,178,Tangela,Tangela,Pokemon,Tangela,[114],Illustration rare,Illustration Rare,80,"[""Grass""]",Basic,,0,Oswaldo KATO,G,[],"[""Tactful Tangling""]","[{""type"":""Fire"",""value"":""×2""}]",2,0,1,0,SUPPORTED,https://assets.pokemon.com/assets/cms2/pdf/trading-card-game/checklist/mew_web_cardlist_en.pdf,official_pokemon_checklist;tcgdex;pokemon_tcg_api,HIGH for number/name/set membership; MEDIUM for metadata from structured secondary sources,Official PDF extraction does not expose per-row rarity icons as text; rarity is sourced from TCGdex/API and remains separately attributed.,sv03.5-178,sv3pt5-178,https://assets.tcgdex.net/en/sv/sv03.5/178
179,179,Mr. Mime,Mr. Mime,Pokemon,Mr. Mime,[122],Illustration rare,Illustration Rare,90,"[""Psychic""]",Basic,,0,OKACHEKE,G,"[""Mimic Barrier""]","[""Psypower""]","[{""type"":""Darkness"",""value"":""×2""}]",1,0,1,0,SUPPORTED,https://assets.pokemon.com/assets/cms2/pdf/trading-card-game/checklist/mew_web_cardlist_en.pdf,official_pokemon_checklist;tcgdex;pokemon_tcg_api,HIGH for number/name/set membership; MEDIUM for metadata from structured secondary sources,Official PDF extraction does not expose per-row rarity icons as text; rarity is sourced from TCGdex/API and remains separately attributed.,sv03.5-179,sv3pt5-179,https://assets.tcgdex.net/en/sv/sv03.5/179
180,180,Omanyte,Omanyte,Pokemon,Omanyte,[138],Illustration rare,Illustration Rare,100,"[""Water""]",Stage1,Antique Helix Fossil,0,Yano Keiji,G,[],"[""Tentacular Return""]","[{""type"":""Lightning"",""value"":""×2""}]",2,0,1,0,SUPPORTED,https://assets.pokemon.com/assets/cms2/pdf/trading-card-game/checklist/mew_web_cardlist_en.pdf,official_pokemon_checklist;tcgdex;pokemon_tcg_api,HIGH for number/name/set membership; MEDIUM for metadata from structured secondary sources,Official PDF extraction does not expose per-row rarity icons as text; rarity is sourced from TCGdex/API and remains separately attributed.,sv03.5-180,sv3pt5-180,https://assets.tcgdex.net/en/sv/sv03.5/180
181,181,Dragonair,Dragonair,Pokemon,Dragonair,[148],Illustration rare,Illustration Rare,100,"[""Dragon""]",Stage1,Dratini,0,rika,G,[],"[""Beat"",""Aqua Slash""]",,2,0,1,0,SUPPORTED,https://assets.pokemon.com/assets/cms2/pdf/trading-card-game/checklist/mew_web_cardlist_en.pdf,official_pokemon_checklist;tcgdex;pokemon_tcg_api,HIGH for number/name/set membership; MEDIUM for metadata from structured secondary sources,Official PDF extraction does not expose per-row rarity icons as text; rarity is sourced from TCGdex/API and remains separately attributed.,sv03.5-181,sv3pt5-181,https://assets.tcgdex.net/en/sv/sv03.5/181
182,182,Venusaur ex,Venusaur ex,Pokemon,Venusaur,[3],Ultra Rare,Ultra Rare,340,"[""Grass""]",Stage2,Ivysaur,1,PLANETA Yamashita,G,"[""Tranquil Flower""]","[""Dangerous Toxwhip""]","[{""type"":""Fire"",""value"":""×2""}]",4,0,1,0,SUPPORTED,https://assets.pokemon.com/assets/cms2/pdf/trading-card-game/checklist/mew_web_cardlist_en.pdf,official_pokemon_checklist;tcgdex;pokemon_tcg_api,HIGH for number/name/set membership; MEDIUM for metadata from structured secondary sources,Official PDF extraction does not expose per-row rarity icons as text; rarity is sourced from TCGdex/API and remains separately attributed.,sv03.5-182,sv3pt5-182,https://assets.tcgdex.net/en/sv/sv03.5/182
183,183,Charizard ex,Charizard ex,Pokemon,Charizard,[6],Ultra Rare,Ultra Rare,330,"[""Fire""]",Stage2,Charmeleon,1,PLANETA Mochizuki,G,[],"[""Brave Wing"",""Explosive Vortex""]","[{""type"":""Water"",""value"":""×2""}]",2,0,1,0,SUPPORTED,https://assets.pokemon.com/assets/cms2/pdf/trading-card-game/checklist/mew_web_cardlist_en.pdf,official_pokemon_checklist;tcgdex;pokemon_tcg_api,HIGH for number/name/set membership; MEDIUM for metadata from structured secondary sources,Official PDF extraction does not expose per-row rarity icons as text; rarity is sourced from TCGdex/API and remains separately attributed.,sv03.5-183,sv3pt5-183,https://assets.tcgdex.net/en/sv/sv03.5/183
184,184,Blastoise ex,Blastoise ex,Pokemon,Blastoise,[9],Ultra Rare,Ultra Rare,330,"[""Water""]",Stage2,Wartortle,1,PLANETA Yamashita,G,"[""Solid Shell""]","[""Twin Cannons""]","[{""type"":""Lightning"",""value"":""×2""}]",3,0,1,0,SUPPORTED,https://assets.pokemon.com/assets/cms2/pdf/trading-card-game/checklist/mew_web_cardlist_en.pdf,official_pokemon_checklist;tcgdex;pokemon_tcg_api,HIGH for number/name/set membership; MEDIUM for metadata from structured secondary sources,Official PDF extraction does not expose per-row rarity icons as text; rarity is sourced from TCGdex/API and remains separately attributed.,sv03.5-184,sv3pt5-184,https://assets.tcgdex.net/en/sv/sv03.5/184
185,185,Arbok ex,Arbok ex,Pokemon,Arbok,[24],Ultra Rare,Ultra Rare,270,"[""Darkness""]",Stage1,Ekans,1,Eske Yoshinob,G,[],"[""Bind Down"",""Menacing Fangs""]","[{""type"":""Fighting"",""value"":""×2""}]",2,0,1,0,SUPPORTED,https://assets.pokemon.com/assets/cms2/pdf/trading-card-game/checklist/mew_web_cardlist_en.pdf,official_pokemon_checklist;tcgdex;pokemon_tcg_api,HIGH for number/name/set membership; MEDIUM for metadata from structured secondary sources,Official PDF extraction does not expose per-row rarity icons as text; rarity is sourced from TCGdex/API and remains separately attributed.,sv03.5-185,sv3pt5-185,https://assets.tcgdex.net/en/sv/sv03.5/185
186,186,Ninetales ex,Ninetales ex,Pokemon,Ninetales,[38],Ultra Rare,Ultra Rare,260,"[""Fire""]",Stage1,Vulpix,1,PLANETA Tsuji,G,[],"[""Heat Wave"",""Mirrored Flames""]","[{""type"":""Water"",""value"":""×2""}]",2,0,1,0,SUPPORTED,https://assets.pokemon.com/assets/cms2/pdf/trading-card-game/checklist/mew_web_cardlist_en.pdf,official_pokemon_checklist;tcgdex;pokemon_tcg_api,HIGH for number/name/set membership; MEDIUM for metadata from structured secondary sources,Official PDF extraction does not expose per-row rarity icons as text; rarity is sourced from TCGdex/API and remains separately attributed.,sv03.5-186,sv3pt5-186,https://assets.tcgdex.net/en/sv/sv03.5/186
187,187,Wigglytuff ex,Wigglytuff ex,Pokemon,Wigglytuff,[40],Ultra Rare,Ultra Rare,250,"[""Colorless""]",Stage1,Jigglypuff,1,Saki Hayashiro,G,"[""Expanding Body""]","[""Friend Tackle""]","[{""type"":""Fighting"",""value"":""×2""}]",3,0,1,0,SUPPORTED,https://assets.pokemon.com/assets/cms2/pdf/trading-card-game/checklist/mew_web_cardlist_en.pdf,official_pokemon_checklist;tcgdex;pokemon_tcg_api,HIGH for number/name/set membership; MEDIUM for metadata from structured secondary sources,Official PDF extraction does not expose per-row rarity icons as text; rarity is sourced from TCGdex/API and remains separately attributed.,sv03.5-187,sv3pt5-187,https://assets.tcgdex.net/en/sv/sv03.5/187
188,188,Alakazam ex,Alakazam ex,Pokemon,Alakazam,[65],Ultra Rare,Ultra Rare,310,"[""Psychic""]",Stage2,Kadabra,1,PLANETA Tsuji,G,[],"[""Mind Jack"",""Dimensional Hand""]","[{""type"":""Darkness"",""value"":""×2""}]",1,0,1,0,SUPPORTED,https://assets.pokemon.com/assets/cms2/pdf/trading-card-game/checklist/mew_web_cardlist_en.pdf,official_pokemon_checklist;tcgdex;pokemon_tcg_api,HIGH for number/name/set membership; MEDIUM for metadata from structured secondary sources,Official PDF extraction does not expose per-row rarity icons as text; rarity is sourced from TCGdex/API and remains separately attributed.,sv03.5-188,sv3pt5-188,https://assets.tcgdex.net/en/sv/sv03.5/188
189,189,Golem ex,Golem ex,Pokemon,Golem,[76],Ultra Rare,Ultra Rare,330,"[""Fighting""]",Stage2,Graveler,1,PLANETA Igarashi,G,[],"[""Dynamic Roll"",""Rock Blaster""]","[{""type"":""Grass"",""value"":""×2""}]",4,0,1,0,SUPPORTED,https://assets.pokemon.com/assets/cms2/pdf/trading-card-game/checklist/mew_web_cardlist_en.pdf,official_pokemon_checklist;tcgdex;pokemon_tcg_api,HIGH for number/name/set membership; MEDIUM for metadata from structured secondary sources,Official PDF extraction does not expose per-row rarity icons as text; rarity is sourced from TCGdex/API and remains separately attributed.,sv03.5-189,sv3pt5-189,https://assets.tcgdex.net/en/sv/sv03.5/189
190,190,Kangaskhan ex,Kangaskhan ex,Pokemon,Kangaskhan,[115],Ultra Rare,Ultra Rare,230,"[""Colorless""]",Basic,,1,N-DESIGN Inc.,G,[],"[""Triple Draw"",""Incessant Punching""]","[{""type"":""Fighting"",""value"":""×2""}]",2,0,1,0,SUPPORTED,https://assets.pokemon.com/assets/cms2/pdf/trading-card-game/checklist/mew_web_cardlist_en.pdf,official_pokemon_checklist;tcgdex;pokemon_tcg_api,HIGH for number/name/set membership; MEDIUM for metadata from structured secondary sources,Official PDF extraction does not expose per-row rarity icons as text; rarity is sourced from TCGdex/API and remains separately attributed.,sv03.5-190,sv3pt5-190,https://assets.tcgdex.net/en/sv/sv03.5/190
191,191,Jynx ex,Jynx ex,Pokemon,Jynx,[124],Ultra Rare,Ultra Rare,200,"[""Water""]",Basic,,1,Ayaka Yoshida,G,[],"[""Heart-Stopping Kiss"",""Icy Wind""]","[{""type"":""Metal"",""value"":""×2""}]",2,0,1,0,SUPPORTED,https://assets.pokemon.com/assets/cms2/pdf/trading-card-game/checklist/mew_web_cardlist_en.pdf,official_pokemon_checklist;tcgdex;pokemon_tcg_api,HIGH for number/name/set membership; MEDIUM for metadata from structured secondary sources,Official PDF extraction does not expose per-row rarity icons as text; rarity is sourced from TCGdex/API and remains separately attributed.,sv03.5-191,sv3pt5-191,https://assets.tcgdex.net/en/sv/sv03.5/191
192,192,Zapdos ex,Zapdos ex,Pokemon,Zapdos,[145],Ultra Rare,Ultra Rare,200,"[""Lightning""]",Basic,,1,takuyoa,G,"[""Voltaic Float""]","[""Multishot Lightning""]","[{""type"":""Lightning"",""value"":""×2""}]",2,0,1,0,SUPPORTED,https://assets.pokemon.com/assets/cms2/pdf/trading-card-game/checklist/mew_web_cardlist_en.pdf,official_pokemon_checklist;tcgdex;pokemon_tcg_api,HIGH for number/name/set membership; MEDIUM for metadata from structured secondary sources,Official PDF extraction does not expose per-row rarity icons as text; rarity is sourced from TCGdex/API and remains separately attributed.,sv03.5-192,sv3pt5-192,https://assets.tcgdex.net/en/sv/sv03.5/192
193,193,Mew ex,Mew ex,Pokemon,Mew,[151],Ultra Rare,Ultra Rare,180,"[""Psychic""]",Basic,,1,aky CG Works,G,"[""Restart""]","[""Genome Hacking""]","[{""type"":""Darkness"",""value"":""×2""}]",0,0,1,0,SUPPORTED,https://assets.pokemon.com/assets/cms2/pdf/trading-card-game/checklist/mew_web_cardlist_en.pdf,official_pokemon_checklist;tcgdex;pokemon_tcg_api,HIGH for number/name/set membership; MEDIUM for metadata from structured secondary sources,Official PDF extraction does not expose per-row rarity icons as text; rarity is sourced from TCGdex/API and remains separately attributed.,sv03.5-193,sv3pt5-193,https://assets.tcgdex.net/en/sv/sv03.5/193
194,194,Bill’s Transfer,Bill's Transfer,Trainer,,,Ultra Rare,Ultra Rare,,,Supporter,,0,GIDORA,G,[],[],,,0,1,0,SUPPORTED,https://assets.pokemon.com/assets/cms2/pdf/trading-card-game/checklist/mew_web_cardlist_en.pdf,official_pokemon_checklist;tcgdex;pokemon_tcg_api,HIGH for number/name/set membership; MEDIUM for metadata from structured secondary sources,Official PDF extraction does not expose per-row rarity icons as text; rarity is sourced from TCGdex/API and remains separately attributed.,sv03.5-194,sv3pt5-194,https://assets.tcgdex.net/en/sv/sv03.5/194
195,195,Daisy’s Help,Daisy's Help,Trainer,,,Ultra Rare,Ultra Rare,,,Supporter,,0,Fumie Kittaka,G,[],[],,,0,1,0,SUPPORTED,https://assets.pokemon.com/assets/cms2/pdf/trading-card-game/checklist/mew_web_cardlist_en.pdf,official_pokemon_checklist;tcgdex;pokemon_tcg_api,HIGH for number/name/set membership; MEDIUM for metadata from structured secondary sources,Official PDF extraction does not expose per-row rarity icons as text; rarity is sourced from TCGdex/API and remains separately attributed.,sv03.5-195,sv3pt5-195,https://assets.tcgdex.net/en/sv/sv03.5/195
196,196,Erika’s Invitation,Erika's Invitation,Trainer,,,Ultra Rare,Ultra Rare,,,Supporter,,0,saino misaki,G,[],[],,,0,1,0,SUPPORTED,https://assets.pokemon.com/assets/cms2/pdf/trading-card-game/checklist/mew_web_cardlist_en.pdf,official_pokemon_checklist;tcgdex;pokemon_tcg_api,HIGH for number/name/set membership; MEDIUM for metadata from structured secondary sources,Official PDF extraction does not expose per-row rarity icons as text; rarity is sourced from TCGdex/API and remains separately attributed.,sv03.5-196,sv3pt5-196,https://assets.tcgdex.net/en/sv/sv03.5/196
197,197,Giovanni’s Charisma,Giovanni's Charisma,Trainer,,,Ultra Rare,Ultra Rare,,,Supporter,,0,hncl,G,[],[],,,0,1,0,SUPPORTED,https://assets.pokemon.com/assets/cms2/pdf/trading-card-game/checklist/mew_web_cardlist_en.pdf,official_pokemon_checklist;tcgdex;pokemon_tcg_api,HIGH for number/name/set membership; MEDIUM for metadata from structured secondary sources,Official PDF extraction does not expose per-row rarity icons as text; rarity is sourced from TCGdex/API and remains separately attributed.,sv03.5-197,sv3pt5-197,https://assets.tcgdex.net/en/sv/sv03.5/197
198,198,Venusaur ex,Venusaur ex,Pokemon,Venusaur,[3],Special illustration rare,Special Illustration Rare,340,"[""Grass""]",Stage2,Ivysaur,1,Yoriyuki Ikegami,G,"[""Tranquil Flower""]","[""Dangerous Toxwhip""]","[{""type"":""Fire"",""value"":""×2""}]",4,0,1,0,SUPPORTED,https://assets.pokemon.com/assets/cms2/pdf/trading-card-game/checklist/mew_web_cardlist_en.pdf,official_pokemon_checklist;tcgdex;pokemon_tcg_api,HIGH for number/name/set membership; MEDIUM for metadata from structured secondary sources,Official PDF extraction does not expose per-row rarity icons as text; rarity is sourced from TCGdex/API and remains separately attributed.,sv03.5-198,sv3pt5-198,https://assets.tcgdex.net/en/sv/sv03.5/198
199,199,Charizard ex,Charizard ex,Pokemon,Charizard,[6],Special illustration rare,Special Illustration Rare,330,"[""Fire""]",Stage2,Charmeleon,1,miki kudo,G,[],"[""Brave Wing"",""Explosive Vortex""]","[{""type"":""Water"",""value"":""×2""}]",2,0,1,0,SUPPORTED,https://assets.pokemon.com/assets/cms2/pdf/trading-card-game/checklist/mew_web_cardlist_en.pdf,official_pokemon_checklist;tcgdex;pokemon_tcg_api,HIGH for number/name/set membership; MEDIUM for metadata from structured secondary sources,Official PDF extraction does not expose per-row rarity icons as text; rarity is sourced from TCGdex/API and remains separately attributed.,sv03.5-199,sv3pt5-199,https://assets.tcgdex.net/en/sv/sv03.5/199
200,200,Blastoise ex,Blastoise ex,Pokemon,Blastoise,[9],Special illustration rare,Special Illustration Rare,330,"[""Water""]",Stage2,Wartortle,1,Mitsuhiro Arita,G,"[""Solid Shell""]","[""Twin Cannons""]","[{""type"":""Lightning"",""value"":""×2""}]",3,0,1,0,SUPPORTED,https://assets.pokemon.com/assets/cms2/pdf/trading-card-game/checklist/mew_web_cardlist_en.pdf,official_pokemon_checklist;tcgdex;pokemon_tcg_api,HIGH for number/name/set membership; MEDIUM for metadata from structured secondary sources,Official PDF extraction does not expose per-row rarity icons as text; rarity is sourced from TCGdex/API and remains separately attributed.,sv03.5-200,sv3pt5-200,https://assets.tcgdex.net/en/sv/sv03.5/200
201,201,Alakazam ex,Alakazam ex,Pokemon,Alakazam,[65],Special illustration rare,Special Illustration Rare,310,"[""Psychic""]",Stage2,Kadabra,1,Shinya Komatsu,G,[],"[""Mind Jack"",""Dimensional Hand""]","[{""type"":""Darkness"",""value"":""×2""}]",1,0,1,0,SUPPORTED,https://assets.pokemon.com/assets/cms2/pdf/trading-card-game/checklist/mew_web_cardlist_en.pdf,official_pokemon_checklist;tcgdex;pokemon_tcg_api,HIGH for number/name/set membership; MEDIUM for metadata from structured secondary sources,Official PDF extraction does not expose per-row rarity icons as text; rarity is sourced from TCGdex/API and remains separately attributed.,sv03.5-201,sv3pt5-201,https://assets.tcgdex.net/en/sv/sv03.5/201
202,202,Zapdos ex,Zapdos ex,Pokemon,Zapdos,[145],Special illustration rare,Special Illustration Rare,200,"[""Lightning""]",Basic,,1,Shiburingaru,G,"[""Voltaic Float""]","[""Multishot Lightning""]","[{""type"":""Lightning"",""value"":""×2""}]",2,0,1,0,SUPPORTED,https://assets.pokemon.com/assets/cms2/pdf/trading-card-game/checklist/mew_web_cardlist_en.pdf,official_pokemon_checklist;tcgdex;pokemon_tcg_api,HIGH for number/name/set membership; MEDIUM for metadata from structured secondary sources,Official PDF extraction does not expose per-row rarity icons as text; rarity is sourced from TCGdex/API and remains separately attributed.,sv03.5-202,sv3pt5-202,https://assets.tcgdex.net/en/sv/sv03.5/202
203,203,Erika’s Invitation,Erika's Invitation,Trainer,,,Special illustration rare,Special Illustration Rare,,,Supporter,,0,Cona Nitanda,G,[],[],,,0,1,0,SUPPORTED,https://assets.pokemon.com/assets/cms2/pdf/trading-card-game/checklist/mew_web_cardlist_en.pdf,official_pokemon_checklist;tcgdex;pokemon_tcg_api,HIGH for number/name/set membership; MEDIUM for metadata from structured secondary sources,Official PDF extraction does not expose per-row rarity icons as text; rarity is sourced from TCGdex/API and remains separately attributed.,sv03.5-203,sv3pt5-203,https://assets.tcgdex.net/en/sv/sv03.5/203
204,204,Giovanni’s Charisma,Giovanni's Charisma,Trainer,,,Special illustration rare,Special Illustration Rare,,,Supporter,,0,Hideki Ishikawa,G,[],[],,,0,1,0,SUPPORTED,https://assets.pokemon.com/assets/cms2/pdf/trading-card-game/checklist/mew_web_cardlist_en.pdf,official_pokemon_checklist;tcgdex;pokemon_tcg_api,HIGH for number/name/set membership; MEDIUM for metadata from structured secondary sources,Official PDF extraction does not expose per-row rarity icons as text; rarity is sourced from TCGdex/API and remains separately attributed.,sv03.5-204,sv3pt5-204,https://assets.tcgdex.net/en/sv/sv03.5/204
205,205,Mew ex,Mew ex,Pokemon,Mew,[151],Hyper rare,Hyper Rare,180,"[""Psychic""]",Basic,,1,aky CG Works,G,"[""Restart""]","[""Genome Hacking""]","[{""type"":""Darkness"",""value"":""×2""}]",0,0,1,0,SUPPORTED,https://assets.pokemon.com/assets/cms2/pdf/trading-card-game/checklist/mew_web_cardlist_en.pdf,official_pokemon_checklist;tcgdex;pokemon_tcg_api,HIGH for number/name/set membership; MEDIUM for metadata from structured secondary sources,Official PDF extraction does not expose per-row rarity icons as text; rarity is sourced from TCGdex/API and remains separately attributed.,sv03.5-205,sv3pt5-205,https://assets.tcgdex.net/en/sv/sv03.5/205
206,206,Switch,Switch,Trainer,,,Hyper rare,Hyper Rare,,,Item,,0,Studio Bora Inc.,G,[],[],,,0,1,0,SUPPORTED,https://assets.pokemon.com/assets/cms2/pdf/trading-card-game/checklist/mew_web_cardlist_en.pdf,official_pokemon_checklist;tcgdex;pokemon_tcg_api,HIGH for number/name/set membership; MEDIUM for metadata from structured secondary sources,Official PDF extraction does not expose per-row rarity icons as text; rarity is sourced from TCGdex/API and remains separately attributed.,sv03.5-206,sv3pt5-206,https://assets.tcgdex.net/en/sv/sv03.5/206
207,207,Basic Energy,Basic Psychic Energy,Energy,,,Hyper rare,Hyper Rare,,"[""Psychic""]",Basic,,0,,,[],[],,,0,1,0,SUPPORTED,https://assets.pokemon.com/assets/cms2/pdf/trading-card-game/checklist/mew_web_cardlist_en.pdf,official_pokemon_checklist;tcgdex;pokemon_tcg_api,HIGH for number/name/set membership; MEDIUM for metadata from structured secondary sources,Official PDF extraction does not expose per-row rarity icons as text; rarity is sourced from TCGdex/API and remains separately attributed.,sv03.5-207,sv3pt5-207,https://assets.tcgdex.net/en/sv/sv03.5/207
