local_printing_id,game,card_name,card_number,local_set_code,set_name,language,local_version,rarity,finish,treatment,canonical_id,canonical_identity,blueprint_id,cardtrader_ids,scryfall_id,stored_cardmarket_id,resolved_cardmarket_id,cardmarket_candidates,cardmarket_product_name,cardmarket_expansion_id,cardmarket_expansion,cardmarket_version,cardmarket_number,cardmarket_language_scope,low,trend,avg1,avg7,avg30,low_alt,trend_alt,avg1_alt,avg7_alt,avg30_alt,cardmarket_metric_used,current_price,current_currency,display_currency,current_source,current_source_product_id,current_confidence,current_timestamp,current_provenance,match_status,match_reason,identity_mismatch,currency_mismatch,metric_mismatch,price_difference,absolute_difference,percentage_difference,ratio,low_difference,low_percentage_difference,low_ratio,low_severity,low_vs_trend_difference,low_vs_trend_percentage,low_vs_trend_ratio,price_severity,primary_cause,secondary_tags,evidence,collection_quantity,collection_current_contribution,collection_cardmarket_contribution,collection_difference
13211,magic,The Bath Song,491,ltr,The Lord of the Rings: Tales of Middle-earth,en,Showcase,uncommon,foil,Showcase,481,scryfall_oracle:bc475376-54eb-4846-9cfc-5fa2e7908905,,,9dc2521f-d9a5-4ae7-b5dc-bf0504e66345,"716138,737570,737571",,"716138,737570,737571",The Bath Song,5285,The Lord of the Rings: Tales of Middle-earth,,,mixed/unknown,0.02,0.11,0.11,0.09,0.11,0.02,0.17,0.18,0.2,0.23,Foil Low,,EUR,EUR,cardmarket,"716138,737570",,,"{""mapped_product_ids"": [716138, 737570]}",MISMATCH,current mapping differs from stored Scryfall Cardmarket id,true,false,false,,,,,,,,CRITICAL,,,,CRITICAL,wrong_cardmarket_id,,"{""external_provenance"": [], ""mapped_ids"": [716138, 737570], ""mapping_conflicts_with_scryfall_id"": true, ""scryfall_cardmarket_id"": 737571, ""stored_ids"": [716138, 737570, 737571], ""validated_stored_ids"": [716138, 737570, 737571]}",1,0.0,,
13505,magic,Shortcut to Mushrooms,638,ltr,The Lord of the Rings: Tales of Middle-earth,en,Showcase,uncommon,foil,Showcase,109,scryfall_oracle:2dc6637a-0b51-462b-9f18-571146bb4558,,,aab671b7-afb3-4d99-8f6d-3240f31508d7,"717004,738134",,"717004,738134",Shortcut to Mushrooms,5285,The Lord of the Rings: Tales of Middle-earth,,,mixed/unknown,0.02,0.1,0.08,0.06,0.08,0.02,0.18,0.09,0.19,0.19,Foil Low,0.02,EUR,EUR,cardmarket,717004,high,2026-08-29T02:41:58+0200,"{""cardmarket_product_id"": 717004, ""history_id"": 351}",MISMATCH,current mapping differs from stored Scryfall Cardmarket id,true,false,false,,,,,,,,CRITICAL,,,,CRITICAL,wrong_cardmarket_id,,"{""external_provenance"": [], ""mapped_ids"": [717004], ""mapping_conflicts_with_scryfall_id"": true, ""scryfall_cardmarket_id"": 738134, ""stored_ids"": [717004, 738134], ""validated_stored_ids"": [717004, 738134]}",1,0.02,,
14247,magic,The Great Henge,378z,ltc,Tales of Middle-earth Commander,en,Borderless,mythic,foil,Borderless,297,scryfall_oracle:78427103-9543-41fb-b6d4-72963fe87275,,,190ab58b-88cc-4baf-a843-d1b2710c14a8,743271,,743271,The Great Henge,5489,The Lord of the Rings: Tales of Middle-earth,,,mixed/unknown,7999.98,0,,,,7999.98,3286.55,2999.99,1742.28,1742.28,Foil Low,,EUR,EUR,,,,,"{""mapped_product_ids"": []}",MISMATCH,stored product identity conflicts with local printing,true,false,false,,,,,,,,CRITICAL,,,,CRITICAL,wrong_expansion,,"{""external_provenance"": [], ""mismatch_reasons"": [""unproven_treatment"", ""wrong_expansion""], ""scryfall_cardmarket_id"": 743271, ""stored_ids"": [743271], ""validated_stored_ids"": [743271]}",,,,
14249,magic,Cloudstone Curio,379z,ltc,Tales of Middle-earth Commander,en,Borderless,mythic,foil,Borderless,228,scryfall_oracle:5cd2fd32-4da2-40eb-b003-c0b9a9ec91c1,,,5770803f-e3bb-45eb-8859-0ff4d9255b2b,743272,,743272,Cloudstone Curio,5489,The Lord of the Rings: Tales of Middle-earth,,,mixed/unknown,,0,,,,,2019.39,1999.99,767.85,767.85,Foil Low,,EUR,EUR,,,,,"{""mapped_product_ids"": []}",MISMATCH,stored product identity conflicts with local printing,true,false,false,,,,,,,,CRITICAL,,,,CRITICAL,wrong_expansion,,"{""external_provenance"": [], ""mismatch_reasons"": [""unproven_treatment"", ""wrong_expansion""], ""scryfall_cardmarket_id"": 743272, ""stored_ids"": [743272], ""validated_stored_ids"": [743272]}",,,,
14251,magic,Ensnaring Bridge,380z,ltc,Tales of Middle-earth Commander,en,Borderless,mythic,foil,Borderless,558,scryfall_oracle:dade5835-ccaf-45e3-b9a3-46017e0384b3,,,5f24a880-09bf-4a75-a367-23be13dbf4ed,743273,,743273,Ensnaring Bridge,5489,The Lord of the Rings: Tales of Middle-earth,,,mixed/unknown,,0,,,,,2066.71,1908.77,1649.68,1649.68,Foil Low,,EUR,EUR,,,,,"{""mapped_product_ids"": []}",MISMATCH,stored product identity conflicts with local printing,true,false,false,,,,,,,,CRITICAL,,,,CRITICAL,wrong_expansion,,"{""external_provenance"": [], ""mismatch_reasons"": [""unproven_treatment"", ""wrong_expansion""], ""scryfall_cardmarket_id"": 743273, ""stored_ids"": [743273], ""validated_stored_ids"": [743273]}",,,,
14253,magic,The Ozolith,381z,ltc,Tales of Middle-earth Commander,en,Borderless,mythic,foil,Borderless,63,scryfall_oracle:1946ded1-5f53-409f-b0a6-5433bb0357d2,,,1fac900d-c40d-4f33-9ae5-45e31e5ce66c,743274,,743274,The Ozolith,5489,The Lord of the Rings: Tales of Middle-earth,,,mixed/unknown,15000,0,,,,15000,1420.96,1150,1178.82,1178.82,Foil Low,,EUR,EUR,,,,,"{""mapped_product_ids"": []}",MISMATCH,stored product identity conflicts with local printing,true,false,false,,,,,,,,CRITICAL,,,,CRITICAL,wrong_expansion,,"{""external_provenance"": [], ""mismatch_reasons"": [""unproven_treatment"", ""wrong_expansion""], ""scryfall_cardmarket_id"": 743274, ""stored_ids"": [743274], ""validated_stored_ids"": [743274]}",,,,
14255,magic,Rings of Brighthearth,382z,ltc,Tales of Middle-earth Commander,en,Borderless,mythic,foil,Borderless,480,scryfall_oracle:bbf9494c-c4bb-4d36-98fe-8387846b342e,,,ee977d30-f37d-4879-be52-c57d50922465,743275,,743275,Rings of Brighthearth,5489,The Lord of the Rings: Tales of Middle-earth,,,mixed/unknown,,0,,,,,2563.82,2965,1161,1161,Foil Low,,EUR,EUR,,,,,"{""mapped_product_ids"": []}",MISMATCH,stored product identity conflicts with local printing,true,false,false,,,,,,,,CRITICAL,,,,CRITICAL,wrong_expansion,,"{""external_provenance"": [], ""mismatch_reasons"": [""unproven_treatment"", ""wrong_expansion""], ""scryfall_cardmarket_id"": 743275, ""stored_ids"": [743275], ""validated_stored_ids"": [743275]}",,,,
14257,magic,Shadowspear,383z,ltc,Tales of Middle-earth Commander,en,Borderless,mythic,foil,Borderless,348,scryfall_oracle:8b27326f-e7b8-4a4d-b589-df459246d19a,,,9adf5196-41e9-401c-8ccf-abfad0350f87,743276,,743276,Shadowspear,5489,The Lord of the Rings: Tales of Middle-earth,,,mixed/unknown,,0,,,,,5006.51,4900,2504,2504,Foil Low,,EUR,EUR,,,,,"{""mapped_product_ids"": []}",MISMATCH,stored product identity conflicts with local printing,true,false,false,,,,,,,,CRITICAL,,,,CRITICAL,wrong_expansion,,"{""external_provenance"": [], ""mismatch_reasons"": [""unproven_treatment"", ""wrong_expansion""], ""scryfall_cardmarket_id"": 743276, ""stored_ids"": [743276], ""validated_stored_ids"": [743276]}",,,,
14259,magic,Sword of Hearth and Home,384z,ltc,Tales of Middle-earth Commander,en,Borderless,mythic,foil,Borderless,365,scryfall_oracle:913e6182-706a-4872-8c8a-e146b0ae0738,,,3543a80e-251b-498a-bf5e-ee2a2e9166e2,743277,,743277,Sword of Hearth and Home,5489,The Lord of the Rings: Tales of Middle-earth,,,mixed/unknown,,0,,,,,2122.83,1900,1034,942.25,Foil Low,,EUR,EUR,,,,,"{""mapped_product_ids"": []}",MISMATCH,stored product identity conflicts with local printing,true,false,false,,,,,,,,CRITICAL,,,,CRITICAL,wrong_expansion,,"{""external_provenance"": [], ""mismatch_reasons"": [""unproven_treatment"", ""wrong_expansion""], ""scryfall_cardmarket_id"": 743277, ""stored_ids"": [743277], ""validated_stored_ids"": [743277]}",,,,
14261,magic,Sword of the Animist,385z,ltc,Tales of Middle-earth Commander,en,Borderless,mythic,foil,Borderless,549,scryfall_oracle:d79cbc61-6c15-48ea-bbba-3cffb819ccba,,,85ff8012-5d11-43bf-9f77-5d0179dc775e,743278,,743278,Sword of the Animist,5489,The Lord of the Rings: Tales of Middle-earth,,,mixed/unknown,9000,0,,,,9000,2240.59,2250,1230,1230,Foil Low,,EUR,EUR,,,,,"{""mapped_product_ids"": []}",MISMATCH,stored product identity conflicts with local printing,true,false,false,,,,,,,,CRITICAL,,,,CRITICAL,wrong_expansion,,"{""external_provenance"": [], ""mismatch_reasons"": [""unproven_treatment"", ""wrong_expansion""], ""scryfall_cardmarket_id"": 743278, ""stored_ids"": [743278], ""validated_stored_ids"": [743278]}",,,,
14263,magic,Thorn of Amethyst,386z,ltc,Tales of Middle-earth Commander,en,Borderless,mythic,foil,Borderless,31,scryfall_oracle:0c6c5336-9233-4ab1-9d55-79f20be7ea57,,,008a3241-df86-4d80-88f9-912b0363d030,743279,,743279,Thorn of Amethyst,5489,The Lord of the Rings: Tales of Middle-earth,,,mixed/unknown,19999,0,,,,19999,1240.46,1499.95,574.99,574.99,Foil Low,,EUR,EUR,,,,,"{""mapped_product_ids"": []}",MISMATCH,stored product identity conflicts with local printing,true,false,false,,,,,,,,CRITICAL,,,,CRITICAL,wrong_expansion,,"{""external_provenance"": [], ""mismatch_reasons"": [""unproven_treatment"", ""wrong_expansion""], ""scryfall_cardmarket_id"": 743279, ""stored_ids"": [743279], ""validated_stored_ids"": [743279]}",,,,
14265,magic,Ancient Tomb,387z,ltc,Tales of Middle-earth Commander,en,Borderless,mythic,foil,Borderless,87,scryfall_oracle:23467047-6dba-4498-b783-1ebc4f74b8c2,,,09721698-35a4-48a2-8896-fe036a642345,743280,,743280,Ancient Tomb,5489,The Lord of the Rings: Tales of Middle-earth,,,mixed/unknown,,0,,,,,3726.23,2600,2119.32,2119.32,Foil Low,,EUR,EUR,,,,,"{""mapped_product_ids"": []}",MISMATCH,stored product identity conflicts with local printing,true,false,false,,,,,,,,CRITICAL,,,,CRITICAL,wrong_expansion,,"{""external_provenance"": [], ""mismatch_reasons"": [""unproven_treatment"", ""wrong_expansion""], ""scryfall_cardmarket_id"": 743280, ""stored_ids"": [743280], ""validated_stored_ids"": [743280]}",,,,
14267,magic,Bojuka Bog,388z,ltc,Tales of Middle-earth Commander,en,Borderless,mythic,foil,Borderless,13,scryfall_oracle:04b7362d-0490-4cb0-b5d7-2a7732f659ce,,,621ce7c8-50dd-4487-b1fd-ffe476992ecc,743281,,743281,Bojuka Bog,5489,The Lord of the Rings: Tales of Middle-earth,,,mixed/unknown,,0,,,,,1590.93,1500,1080,1080,Foil Low,,EUR,EUR,,,,,"{""mapped_product_ids"": []}",MISMATCH,stored product identity conflicts with local printing,true,false,false,,,,,,,,CRITICAL,,,,CRITICAL,wrong_expansion,,"{""external_provenance"": [], ""mismatch_reasons"": [""unproven_treatment"", ""wrong_expansion""], ""scryfall_cardmarket_id"": 743281, ""stored_ids"": [743281], ""validated_stored_ids"": [743281]}",,,,
14269,magic,"Boseiju, Who Shelters All",389z,ltc,Tales of Middle-earth Commander,en,Borderless,mythic,foil,Borderless,133,scryfall_oracle:36937483-30cb-449a-8028-75017a124922,,,18402090-02af-4dc3-94ed-633a03848ab2,743282,,743282,"Boseiju, Who Shelters All",5489,The Lord of the Rings: Tales of Middle-earth,,,mixed/unknown,19999,0,,,,19999,1587.81,1600,1330,1330,Foil Low,,EUR,EUR,,,,,"{""mapped_product_ids"": []}",MISMATCH,stored product identity conflicts with local printing,true,false,false,,,,,,,,CRITICAL,,,,CRITICAL,wrong_expansion,,"{""external_provenance"": [], ""mismatch_reasons"": [""unproven_treatment"", ""wrong_expansion""], ""scryfall_cardmarket_id"": 743282, ""stored_ids"": [743282], ""validated_stored_ids"": [743282]}",,,,
14271,magic,Cabal Coffers,390z,ltc,Tales of Middle-earth Commander,en,Borderless,mythic,foil,Borderless,285,scryfall_oracle:7358e164-5704-4e78-9b21-6a9bf2a968ce,,,8015de93-6d51-425e-9a72-b745db37e8c1,743283,,743283,Cabal Coffers,5489,The Lord of the Rings: Tales of Middle-earth,,,mixed/unknown,99999,0,,,,99999,813.86,750,883,883,Foil Low,,EUR,EUR,,,,,"{""mapped_product_ids"": []}",MISMATCH,stored product identity conflicts with local printing,true,false,false,,,,,,,,CRITICAL,,,,CRITICAL,wrong_expansion,,"{""external_provenance"": [], ""mismatch_reasons"": [""unproven_treatment"", ""wrong_expansion""], ""scryfall_cardmarket_id"": 743283, ""stored_ids"": [743283], ""validated_stored_ids"": [743283]}",,,,
14273,magic,Castle Ardenvale,391z,ltc,Tales of Middle-earth Commander,en,Borderless,mythic,foil,Borderless,626,scryfall_oracle:f8f4fc60-725d-46d8-8e8f-e68e00d20589,,,ebaa3b73-abb5-4ad4-a4c7-4b9f358db2c6,743284,,743284,Castle Ardenvale,5489,The Lord of the Rings: Tales of Middle-earth,,,mixed/unknown,10000,0,,,,10000,437.96,2750,822.67,822.67,Foil Low,,EUR,EUR,,,,,"{""mapped_product_ids"": []}",MISMATCH,stored product identity conflicts with local printing,true,false,false,,,,,,,,CRITICAL,,,,CRITICAL,wrong_expansion,,"{""external_provenance"": [], ""mismatch_reasons"": [""unproven_treatment"", ""wrong_expansion""], ""scryfall_cardmarket_id"": 743284, ""stored_ids"": [743284], ""validated_stored_ids"": [743284]}",,,,
14275,magic,Cavern of Souls,392z,ltc,Tales of Middle-earth Commander,en,Borderless,mythic,foil,Borderless,343,scryfall_oracle:89ca686a-7c72-4d8f-9290-e89635624a83,,,6a150673-8c52-4b56-9b81-c54cfcfc091b,743286,,743286,Cavern of Souls,5489,The Lord of the Rings: Tales of Middle-earth,,,mixed/unknown,,0,,,,,2999.99,2999.99,2175,2175,Foil Low,,EUR,EUR,,,,,"{""mapped_product_ids"": []}",MISMATCH,stored product identity conflicts with local printing,true,false,false,,,,,,,,CRITICAL,,,,CRITICAL,wrong_expansion,,"{""external_provenance"": [], ""mismatch_reasons"": [""unproven_treatment"", ""wrong_expansion""], ""scryfall_cardmarket_id"": 743286, ""stored_ids"": [743286], ""validated_stored_ids"": [743286]}",,,,
14277,magic,Deserted Temple,393z,ltc,Tales of Middle-earth Commander,en,Borderless,mythic,foil,Borderless,405,scryfall_oracle:9f12bf9a-6e1a-4377-b4af-e8cabd3ee58a,,,196f121f-bd78-4455-855a-a2dd47314c1e,743285,,743285,Deserted Temple,5489,The Lord of the Rings: Tales of Middle-earth,,,mixed/unknown,,0,,,,,876.18,899,644.83,644.83,Foil Low,,EUR,EUR,,,,,"{""mapped_product_ids"": []}",MISMATCH,stored product identity conflicts with local printing,true,false,false,,,,,,,,CRITICAL,,,,CRITICAL,wrong_expansion,,"{""external_provenance"": [], ""mismatch_reasons"": [""unproven_treatment"", ""wrong_expansion""], ""scryfall_cardmarket_id"": 743285, ""stored_ids"": [743285], ""validated_stored_ids"": [743285]}",,,,
14279,magic,Gemstone Caverns,394z,ltc,Tales of Middle-earth Commander,en,Borderless,mythic,foil,Borderless,495,scryfall_oracle:c0adbddc-b070-4c5f-afe0-0474c72a9251,,,bcfba3c1-b17b-4c09-94af-eb14bf2c1f77,743287,,743287,Gemstone Caverns,5489,The Lord of the Rings: Tales of Middle-earth,,,mixed/unknown,,0,,,,,2047.43,2300,1568,1568,Foil Low,,EUR,EUR,,,,,"{""mapped_product_ids"": []}",MISMATCH,stored product identity conflicts with local printing,true,false,false,,,,,,,,CRITICAL,,,,CRITICAL,wrong_expansion,,"{""external_provenance"": [], ""mismatch_reasons"": [""unproven_treatment"", ""wrong_expansion""], ""scryfall_cardmarket_id"": 743287, ""stored_ids"": [743287], ""validated_stored_ids"": [743287]}",,,,
14281,magic,Homeward Path,395z,ltc,Tales of Middle-earth Commander,en,Borderless,mythic,foil,Borderless,520,scryfall_oracle:cb8ec2e4-8223-4172-8f2c-37c918a573fa,,,23fcc3e5-b8c6-4425-a5c3-5de877302496,743288,,743288,Homeward Path,5489,The Lord of the Rings: Tales of Middle-earth,,,mixed/unknown,2500,0,,,,2500,1548.45,1500,1061.25,1061.25,Foil Low,,EUR,EUR,,,,,"{""mapped_product_ids"": []}",MISMATCH,stored product identity conflicts with local printing,true,false,false,,,,,,,,CRITICAL,,,,CRITICAL,wrong_expansion,,"{""external_provenance"": [], ""mismatch_reasons"": [""unproven_treatment"", ""wrong_expansion""], ""scryfall_cardmarket_id"": 743288, ""stored_ids"": [743288], ""validated_stored_ids"": [743288]}",,,,
14283,magic,Horizon Canopy,396z,ltc,Tales of Middle-earth Commander,en,Borderless,mythic,foil,Borderless,94,scryfall_oracle:262a5d83-506c-4781-9bc9-1a2b5d83955c,,,70fbe9e9-5b7c-4c70-8854-4b6b051f8bb7,743289,,743289,Horizon Canopy,5489,The Lord of the Rings: Tales of Middle-earth,,,mixed/unknown,15000,0,,,,15000,2564.48,3000,1399.86,1174.3,Foil Low,,EUR,EUR,,,,,"{""mapped_product_ids"": []}",MISMATCH,stored product identity conflicts with local printing,true,false,false,,,,,,,,CRITICAL,,,,CRITICAL,wrong_expansion,,"{""external_provenance"": [], ""mismatch_reasons"": [""unproven_treatment"", ""wrong_expansion""], ""scryfall_cardmarket_id"": 743289, ""stored_ids"": [743289], ""validated_stored_ids"": [743289]}",,,,
14285,magic,Karakas,397z,ltc,Tales of Middle-earth Commander,en,Borderless,mythic,foil,Borderless,220,scryfall_oracle:59119143-c0fa-49dd-adf0-e2fd3029c48b,,,71403ce4-e5ac-4e99-b26d-a51456df5cac,743290,,743290,Karakas,5489,The Lord of the Rings: Tales of Middle-earth,,,mixed/unknown,10000,0,,,,10000,2270.94,2250,1281,1281,Foil Low,,EUR,EUR,,,,,"{""mapped_product_ids"": []}",MISMATCH,stored product identity conflicts with local printing,true,false,false,,,,,,,,CRITICAL,,,,CRITICAL,wrong_expansion,,"{""external_provenance"": [], ""mismatch_reasons"": [""unproven_treatment"", ""wrong_expansion""], ""scryfall_cardmarket_id"": 743290, ""stored_ids"": [743290], ""validated_stored_ids"": [743290]}",,,,
14287,magic,Kor Haven,398z,ltc,Tales of Middle-earth Commander,en,Borderless,mythic,foil,Borderless,95,scryfall_oracle:276cece9-f9f2-46e6-ae76-daddaa2fb9ab,,,61f13afc-a10d-4c17-8bcc-434778ff34ab,743291,,743291,Kor Haven,5489,The Lord of the Rings: Tales of Middle-earth,,,mixed/unknown,5000,0,,,,5000,2014.47,1999,1359.33,1359.33,Foil Low,,EUR,EUR,,,,,"{""mapped_product_ids"": []}",MISMATCH,stored product identity conflicts with local printing,true,false,false,,,,,,,,CRITICAL,,,,CRITICAL,wrong_expansion,,"{""external_provenance"": [], ""mismatch_reasons"": [""unproven_treatment"", ""wrong_expansion""], ""scryfall_cardmarket_id"": 743291, ""stored_ids"": [743291], ""validated_stored_ids"": [743291]}",,,,
14289,magic,"Minamo, School at Water's Edge",399z,ltc,Tales of Middle-earth Commander,en,Borderless,mythic,foil,Borderless,57,scryfall_oracle:17784f90-89a1-47a5-83ef-ae60dfc30bd1,,,cdaf61a9-02da-48fd-a38b-13ecc326c40c,743292,,743292,"Minamo, School at Water's Edge",5489,The Lord of the Rings: Tales of Middle-earth,,,mixed/unknown,,0,,,,,1717.5,2249,1145.48,943.39,Foil Low,,EUR,EUR,,,,,"{""mapped_product_ids"": []}",MISMATCH,stored product identity conflicts with local printing,true,false,false,,,,,,,,CRITICAL,,,,CRITICAL,wrong_expansion,,"{""external_provenance"": [], ""mismatch_reasons"": [""unproven_treatment"", ""wrong_expansion""], ""scryfall_cardmarket_id"": 743292, ""stored_ids"": [743292], ""validated_stored_ids"": [743292]}",,,,
14291,magic,Mouth of Ronom,400z,ltc,Tales of Middle-earth Commander,en,Borderless,mythic,foil,Borderless,306,scryfall_oracle:7c05d239-39fc-4d34-a853-e3d591f4a235,,,fc82f708-49a7-44de-9b14-e17b67daaa1d,743293,,743293,Mouth of Ronom,5489,The Lord of the Rings: Tales of Middle-earth,,,mixed/unknown,11000,0,,,,11000,408.99,425,391,391,Foil Low,,EUR,EUR,,,,,"{""mapped_product_ids"": []}",MISMATCH,stored product identity conflicts with local printing,true,false,false,,,,,,,,CRITICAL,,,,CRITICAL,wrong_expansion,,"{""external_provenance"": [], ""mismatch_reasons"": [""unproven_treatment"", ""wrong_expansion""], ""scryfall_cardmarket_id"": 743293, ""stored_ids"": [743293], ""validated_stored_ids"": [743293]}",,,,
14293,magic,"Oboro, Palace in the Clouds",401z,ltc,Tales of Middle-earth Commander,en,Borderless,mythic,foil,Borderless,247,scryfall_oracle:645fb11b-d684-4bec-8532-8fa97e8f7b28,,,a585ce22-7ca5-428c-81da-735e2be49b9d,743294,,743294,"Oboro, Palace in the Clouds",5489,The Lord of the Rings: Tales of Middle-earth,,,mixed/unknown,10000,0,,,,10000,1590.08,1650,996.28,834.99,Foil Low,,EUR,EUR,,,,,"{""mapped_product_ids"": []}",MISMATCH,stored product identity conflicts with local printing,true,false,false,,,,,,,,CRITICAL,,,,CRITICAL,wrong_expansion,,"{""external_provenance"": [], ""mismatch_reasons"": [""unproven_treatment"", ""wrong_expansion""], ""scryfall_cardmarket_id"": 743294, ""stored_ids"": [743294], ""validated_stored_ids"": [743294]}",,,,
14295,magic,Pillar of the Paruns,402z,ltc,Tales of Middle-earth Commander,en,Borderless,mythic,foil,Borderless,261,scryfall_oracle:677b8ce7-f922-4ee3-b311-f199da9b352b,,,3629730d-4a68-426d-a7e4-6e3873028fab,743295,,743295,Pillar of the Paruns,5489,The Lord of the Rings: Tales of Middle-earth,,,mixed/unknown,3000,0,,,,3000,2736.7,2750,1299.8,1299.8,Foil Low,,EUR,EUR,,,,,"{""mapped_product_ids"": []}",MISMATCH,stored product identity conflicts with local printing,true,false,false,,,,,,,,CRITICAL,,,,CRITICAL,wrong_expansion,,"{""external_provenance"": [], ""mismatch_reasons"": [""unproven_treatment"", ""wrong_expansion""], ""scryfall_cardmarket_id"": 743295, ""stored_ids"": [743295], ""validated_stored_ids"": [743295]}",,,,
14297,magic,Reflecting Pool,403z,ltc,Tales of Middle-earth Commander,en,Borderless,mythic,foil,Borderless,263,scryfall_oracle:67f43ac6-2a58-4b53-b5d7-0330e2a252e2,,,4e849eb2-273e-4de6-bac4-404d4eb91aee,743296,,743296,Reflecting Pool,5489,The Lord of the Rings: Tales of Middle-earth,,,mixed/unknown,,0,,,,,1847.92,1650,1115.07,1115.07,Foil Low,,EUR,EUR,,,,,"{""mapped_product_ids"": []}",MISMATCH,stored product identity conflicts with local printing,true,false,false,,,,,,,,CRITICAL,,,,CRITICAL,wrong_expansion,,"{""external_provenance"": [], ""mismatch_reasons"": [""unproven_treatment"", ""wrong_expansion""], ""scryfall_cardmarket_id"": 743296, ""stored_ids"": [743296], ""validated_stored_ids"": [743296]}",,,,
14299,magic,"Shinka, the Bloodsoaked Keep",404z,ltc,Tales of Middle-earth Commander,en,Borderless,mythic,foil,Borderless,92,scryfall_oracle:255b937f-c9c9-4ae9-815e-17418eba0602,,,856c3adc-9fdf-4dd2-85a0-28da47f320fb,743297,,743297,"Shinka, the Bloodsoaked Keep",5489,The Lord of the Rings: Tales of Middle-earth,,,mixed/unknown,3500,0,,,,3500,2012.86,1750,1028.57,1028.57,Foil Low,,EUR,EUR,,,,,"{""mapped_product_ids"": []}",MISMATCH,stored product identity conflicts with local printing,true,false,false,,,,,,,,CRITICAL,,,,CRITICAL,wrong_expansion,,"{""external_provenance"": [], ""mismatch_reasons"": [""unproven_treatment"", ""wrong_expansion""], ""scryfall_cardmarket_id"": 743297, ""stored_ids"": [743297], ""validated_stored_ids"": [743297]}",,,,
14301,magic,"Urborg, Tomb of Yawgmoth",405z,ltc,Tales of Middle-earth Commander,en,Borderless,mythic,foil,Borderless,559,scryfall_oracle:db6174d7-211d-4817-b8e4-8384594c83f9,,,ab819ad1-36b0-443b-a9fa-2a57665284d2,743298,,743298,"Urborg, Tomb of Yawgmoth",5489,The Lord of the Rings: Tales of Middle-earth,,,mixed/unknown,29999,0,,,,29999,2750,2750,2075,2075,Foil Low,,EUR,EUR,,,,,"{""mapped_product_ids"": []}",MISMATCH,stored product identity conflicts with local printing,true,false,false,,,,,,,,CRITICAL,,,,CRITICAL,wrong_expansion,,"{""external_provenance"": [], ""mismatch_reasons"": [""unproven_treatment"", ""wrong_expansion""], ""scryfall_cardmarket_id"": 743298, ""stored_ids"": [743298], ""validated_stored_ids"": [743298]}",,,,
14303,magic,Wasteland,406z,ltc,Tales of Middle-earth Commander,en,Borderless,mythic,foil,Borderless,25,scryfall_oracle:09a70ae8-3859-4a09-901d-dce063fa3b5f,,,ab0c7b95-f496-42bd-9cad-9f244a9f59d4,743299,,743299,Wasteland,5489,The Lord of the Rings: Tales of Middle-earth,,,mixed/unknown,,0,,,,,1157.48,1190.65,905.81,905.81,Foil Low,,EUR,EUR,,,,,"{""mapped_product_ids"": []}",MISMATCH,stored product identity conflicts with local printing,true,false,false,,,,,,,,CRITICAL,,,,CRITICAL,wrong_expansion,,"{""external_provenance"": [], ""mismatch_reasons"": [""unproven_treatment"", ""wrong_expansion""], ""scryfall_cardmarket_id"": 743299, ""stored_ids"": [743299], ""validated_stored_ids"": [743299]}",,,,
14305,magic,"Yavimaya, Cradle of Growth",407z,ltc,Tales of Middle-earth Commander,en,Borderless,mythic,foil,Borderless,358,scryfall_oracle:8dd5f5af-d2d8-4356-8617-8381081b930c,,,e4a5b982-ce4c-48e1-b1d6-a18012370298,743300,,743300,"Yavimaya, Cradle of Growth",5489,The Lord of the Rings: Tales of Middle-earth,,,mixed/unknown,,0,,,,,2524.99,2650,1202.25,1202.25,Foil Low,,EUR,EUR,,,,,"{""mapped_product_ids"": []}",MISMATCH,stored product identity conflicts with local printing,true,false,false,,,,,,,,CRITICAL,,,,CRITICAL,wrong_expansion,,"{""external_provenance"": [], ""mismatch_reasons"": [""unproven_treatment"", ""wrong_expansion""], ""scryfall_cardmarket_id"": 743300, ""stored_ids"": [743300], ""validated_stored_ids"": [743300]}",,,,
14312,magic,Beregond of the Guard,411,ltc,Tales of Middle-earth Commander,en,Scene,rare,nonfoil,Scene,362,scryfall_oracle:8ea50101-8392-471e-8523-b12045a7b95b,,,2ed1e876-f68f-4134-bb63-f9d05d5e0cff,737043,,737043,Beregond of the Guard,5489,The Lord of the Rings: Tales of Middle-earth,,,mixed/unknown,0.5,1,0.99,0.96,1.05,,0,,,,Low,,EUR,EUR,,,,,"{""mapped_product_ids"": []}",MISMATCH,stored product identity conflicts with local printing,true,false,false,,,,,,,,CRITICAL,,,,CRITICAL,wrong_expansion,,"{""external_provenance"": [], ""mismatch_reasons"": [""unproven_treatment"", ""wrong_expansion""], ""scryfall_cardmarket_id"": 737043, ""stored_ids"": [737043], ""validated_stored_ids"": [737043]}",,,,
14313,magic,Beregond of the Guard,411,ltc,Tales of Middle-earth Commander,en,Scene,rare,foil,Scene,362,scryfall_oracle:8ea50101-8392-471e-8523-b12045a7b95b,,,2ed1e876-f68f-4134-bb63-f9d05d5e0cff,737043,,737043,Beregond of the Guard,5489,The Lord of the Rings: Tales of Middle-earth,,,mixed/unknown,0.5,1,0.99,0.96,1.05,,0,,,,Foil Low,,EUR,EUR,,,,,"{""mapped_product_ids"": []}",MISMATCH,stored product identity conflicts with local printing,true,false,false,,,,,,,,CRITICAL,,,,CRITICAL,wrong_expansion,,"{""external_provenance"": [], ""mismatch_reasons"": [""unproven_treatment"", ""wrong_expansion""], ""scryfall_cardmarket_id"": 737043, ""stored_ids"": [737043], ""validated_stored_ids"": [737043]}",,,,
14314,magic,Champions of Minas Tirith,412,ltc,Tales of Middle-earth Commander,en,Scene,rare,nonfoil,Scene,179,scryfall_oracle:464a930a-79d5-4436-864d-3ce9f29475ae,,,7ba2acdb-2c88-43f0-bacf-d9ec7bd011bb,737046,,737046,Champions of Minas Tirith,5489,The Lord of the Rings: Tales of Middle-earth,,,mixed/unknown,2.5,0,,,,2.5,3.51,3.49,3.7,3.72,Low,,EUR,EUR,,,,,"{""mapped_product_ids"": []}",MISMATCH,stored product identity conflicts with local printing,true,false,false,,,,,,,,CRITICAL,,,,CRITICAL,wrong_expansion,,"{""external_provenance"": [], ""mismatch_reasons"": [""unproven_treatment"", ""wrong_expansion""], ""scryfall_cardmarket_id"": 737046, ""stored_ids"": [737046], ""validated_stored_ids"": [737046]}",,,,
14315,magic,Champions of Minas Tirith,412,ltc,Tales of Middle-earth Commander,en,Scene,rare,foil,Scene,179,scryfall_oracle:464a930a-79d5-4436-864d-3ce9f29475ae,,,7ba2acdb-2c88-43f0-bacf-d9ec7bd011bb,737046,,737046,Champions of Minas Tirith,5489,The Lord of the Rings: Tales of Middle-earth,,,mixed/unknown,2.5,0,,,,2.5,3.51,3.49,3.7,3.72,Foil Low,,EUR,EUR,,,,,"{""mapped_product_ids"": []}",MISMATCH,stored product identity conflicts with local printing,true,false,false,,,,,,,,CRITICAL,,,,CRITICAL,wrong_expansion,,"{""external_provenance"": [], ""mismatch_reasons"": [""unproven_treatment"", ""wrong_expansion""], ""scryfall_cardmarket_id"": 737046, ""stored_ids"": [737046], ""validated_stored_ids"": [737046]}",,,,
14316,magic,Field-Tested Frying Pan,413,ltc,Tales of Middle-earth Commander,en,Scene,rare,nonfoil,Scene,32,scryfall_oracle:0c9e3e6a-0bab-4619-b135-d2dbe824b1f0,,,599234de-4bbc-4c9b-84a2-c426e64597ff,737047,,737047,Field-Tested Frying Pan,5489,The Lord of the Rings: Tales of Middle-earth,,,mixed/unknown,0.4,0.72,0.49,0.71,0.71,,0,,,,Low,,EUR,EUR,,,,,"{""mapped_product_ids"": []}",MISMATCH,stored product identity conflicts with local printing,true,false,false,,,,,,,,CRITICAL,,,,CRITICAL,wrong_expansion,,"{""external_provenance"": [], ""mismatch_reasons"": [""unproven_treatment"", ""wrong_expansion""], ""scryfall_cardmarket_id"": 737047, ""stored_ids"": [737047], ""validated_stored_ids"": [737047]}",,,,
14317,magic,Field-Tested Frying Pan,413,ltc,Tales of Middle-earth Commander,en,Scene,rare,foil,Scene,32,scryfall_oracle:0c9e3e6a-0bab-4619-b135-d2dbe824b1f0,,,599234de-4bbc-4c9b-84a2-c426e64597ff,737047,,737047,Field-Tested Frying Pan,5489,The Lord of the Rings: Tales of Middle-earth,,,mixed/unknown,0.4,0.72,0.49,0.71,0.71,,0,,,,Foil Low,,EUR,EUR,,,,,"{""mapped_product_ids"": []}",MISMATCH,stored product identity conflicts with local printing,true,false,false,,,,,,,,CRITICAL,,,,CRITICAL,wrong_expansion,,"{""external_provenance"": [], ""mismatch_reasons"": [""unproven_treatment"", ""wrong_expansion""], ""scryfall_cardmarket_id"": 737047, ""stored_ids"": [737047], ""validated_stored_ids"": [737047]}",,,,
14318,magic,The Gaffer,414,ltc,Tales of Middle-earth Commander,en,Scene,rare,nonfoil,Scene,413,scryfall_oracle:a177295e-3b58-4e46-a1cb-fc003a7a0848,,,86d03419-0e21-4a3f-a56b-a05fd37a5a80,737049,,737049,The Gaffer,5489,The Lord of the Rings: Tales of Middle-earth,,,mixed/unknown,18.45,18.88,19.88,19.44,16.79,,0,,,,Low,,EUR,EUR,,,,,"{""mapped_product_ids"": []}",MISMATCH,stored product identity conflicts with local printing,true,false,false,,,,,,,,CRITICAL,,,,CRITICAL,wrong_expansion,,"{""external_provenance"": [], ""mismatch_reasons"": [""unproven_treatment"", ""wrong_expansion""], ""scryfall_cardmarket_id"": 737049, ""stored_ids"": [737049], ""validated_stored_ids"": [737049]}",,,,
14319,magic,The Gaffer,414,ltc,Tales of Middle-earth Commander,en,Scene,rare,foil,Scene,413,scryfall_oracle:a177295e-3b58-4e46-a1cb-fc003a7a0848,,,86d03419-0e21-4a3f-a56b-a05fd37a5a80,737049,,737049,The Gaffer,5489,The Lord of the Rings: Tales of Middle-earth,,,mixed/unknown,18.45,18.88,19.88,19.44,16.79,,0,,,,Foil Low,,EUR,EUR,,,,,"{""mapped_product_ids"": []}",MISMATCH,stored product identity conflicts with local printing,true,false,false,,,,,,,,CRITICAL,,,,CRITICAL,wrong_expansion,,"{""external_provenance"": [], ""mismatch_reasons"": [""unproven_treatment"", ""wrong_expansion""], ""scryfall_cardmarket_id"": 737049, ""stored_ids"": [737049], ""validated_stored_ids"": [737049]}",,,,
14320,magic,"Gilraen, Dúnedain Protector",415,ltc,Tales of Middle-earth Commander,en,Scene,rare,nonfoil,Scene,97,scryfall_oracle:27e83bae-0ffe-4cc7-a6c0-cbca25f2ba4e,,,8d2265ac-50bd-4d1f-bf35-e1a8c714893d,737051,,737051,"Gilraen, Dúnedain Protector",5489,The Lord of the Rings: Tales of Middle-earth,,,mixed/unknown,1.79,2.31,1,1.97,1.83,,0,,,,Low,,EUR,EUR,,,,,"{""mapped_product_ids"": []}",MISMATCH,stored product identity conflicts with local printing,true,false,false,,,,,,,,CRITICAL,,,,CRITICAL,wrong_expansion,,"{""external_provenance"": [], ""mismatch_reasons"": [""unproven_treatment"", ""wrong_expansion""], ""scryfall_cardmarket_id"": 737051, ""stored_ids"": [737051], ""validated_stored_ids"": [737051]}",,,,
14321,magic,"Gilraen, Dúnedain Protector",415,ltc,Tales of Middle-earth Commander,en,Scene,rare,foil,Scene,97,scryfall_oracle:27e83bae-0ffe-4cc7-a6c0-cbca25f2ba4e,,,8d2265ac-50bd-4d1f-bf35-e1a8c714893d,737051,,737051,"Gilraen, Dúnedain Protector",5489,The Lord of the Rings: Tales of Middle-earth,,,mixed/unknown,1.79,2.31,1,1.97,1.83,,0,,,,Foil Low,,EUR,EUR,,,,,"{""mapped_product_ids"": []}",MISMATCH,stored product identity conflicts with local printing,true,false,false,,,,,,,,CRITICAL,,,,CRITICAL,wrong_expansion,,"{""external_provenance"": [], ""mismatch_reasons"": [""unproven_treatment"", ""wrong_expansion""], ""scryfall_cardmarket_id"": 737051, ""stored_ids"": [737051], ""validated_stored_ids"": [737051]}",,,,
14322,magic,Grey Host Reinforcements,416,ltc,Tales of Middle-earth Commander,en,Scene,rare,nonfoil,Scene,14,scryfall_oracle:053dff47-25df-424b-8328-3ee00739b4fd,,,ed6d9298-c597-4f3d-a6e4-2a6404228a5e,737053,,737053,Grey Host Reinforcements,5489,The Lord of the Rings: Tales of Middle-earth,,,mixed/unknown,0.4,0.66,0.5,0.79,0.67,,0,,,,Low,,EUR,EUR,,,,,"{""mapped_product_ids"": []}",MISMATCH,stored product identity conflicts with local printing,true,false,false,,,,,,,,CRITICAL,,,,CRITICAL,wrong_expansion,,"{""external_provenance"": [], ""mismatch_reasons"": [""unproven_treatment"", ""wrong_expansion""], ""scryfall_cardmarket_id"": 737053, ""stored_ids"": [737053], ""validated_stored_ids"": [737053]}",,,,
14323,magic,Grey Host Reinforcements,416,ltc,Tales of Middle-earth Commander,en,Scene,rare,foil,Scene,14,scryfall_oracle:053dff47-25df-424b-8328-3ee00739b4fd,,,ed6d9298-c597-4f3d-a6e4-2a6404228a5e,737053,,737053,Grey Host Reinforcements,5489,The Lord of the Rings: Tales of Middle-earth,,,mixed/unknown,0.4,0.66,0.5,0.79,0.67,,0,,,,Foil Low,,EUR,EUR,,,,,"{""mapped_product_ids"": []}",MISMATCH,stored product identity conflicts with local printing,true,false,false,,,,,,,,CRITICAL,,,,CRITICAL,wrong_expansion,,"{""external_provenance"": [], ""mismatch_reasons"": [""unproven_treatment"", ""wrong_expansion""], ""scryfall_cardmarket_id"": 737053, ""stored_ids"": [737053], ""validated_stored_ids"": [737053]}",,,,
14324,magic,"Gwaihir, Greatest of the Eagles",417,ltc,Tales of Middle-earth Commander,en,Scene,rare,nonfoil,Scene,295,scryfall_oracle:77572e70-4b8b-46ae-8c8d-f71b7dd456e0,,,befe06f0-cdfc-4ec4-840f-9b5c3273e7fb,737056,,737056,"Gwaihir, Greatest of the Eagles",5489,The Lord of the Rings: Tales of Middle-earth,,,mixed/unknown,2.5,2.76,2.76,2.76,2.76,2.5,4.83,3.6,4.78,3.95,Low,,EUR,EUR,,,,,"{""mapped_product_ids"": []}",MISMATCH,stored product identity conflicts with local printing,true,false,false,,,,,,,,CRITICAL,,,,CRITICAL,wrong_expansion,,"{""external_provenance"": [], ""mismatch_reasons"": [""unproven_treatment"", ""wrong_expansion""], ""scryfall_cardmarket_id"": 737056, ""stored_ids"": [737056], ""validated_stored_ids"": [737056]}",,,,
14325,magic,"Gwaihir, Greatest of the Eagles",417,ltc,Tales of Middle-earth Commander,en,Scene,rare,foil,Scene,295,scryfall_oracle:77572e70-4b8b-46ae-8c8d-f71b7dd456e0,,,befe06f0-cdfc-4ec4-840f-9b5c3273e7fb,737056,,737056,"Gwaihir, Greatest of the Eagles",5489,The Lord of the Rings: Tales of Middle-earth,,,mixed/unknown,2.5,2.76,2.76,2.76,2.76,2.5,4.83,3.6,4.78,3.95,Foil Low,,EUR,EUR,,,,,"{""mapped_product_ids"": []}",MISMATCH,stored product identity conflicts with local printing,true,false,false,,,,,,,,CRITICAL,,,,CRITICAL,wrong_expansion,,"{""external_provenance"": [], ""mismatch_reasons"": [""unproven_treatment"", ""wrong_expansion""], ""scryfall_cardmarket_id"": 737056, ""stored_ids"": [737056], ""validated_stored_ids"": [737056]}",,,,
14326,magic,Lossarnach Captain,418,ltc,Tales of Middle-earth Commander,en,Scene,rare,nonfoil,Scene,45,scryfall_oracle:1251691e-3c4c-4e45-9f59-f156852f2268,,,2652ad78-4ed1-4914-880c-d2afca4b8a13,737057,,737057,Lossarnach Captain,5489,The Lord of the Rings: Tales of Middle-earth,,,mixed/unknown,1.5,2.39,2.45,2.21,2.03,,0,,,,Low,,EUR,EUR,,,,,"{""mapped_product_ids"": []}",MISMATCH,stored product identity conflicts with local printing,true,false,false,,,,,,,,CRITICAL,,,,CRITICAL,wrong_expansion,,"{""external_provenance"": [], ""mismatch_reasons"": [""unproven_treatment"", ""wrong_expansion""], ""scryfall_cardmarket_id"": 737057, ""stored_ids"": [737057], ""validated_stored_ids"": [737057]}",,,,
14327,magic,Lossarnach Captain,418,ltc,Tales of Middle-earth Commander,en,Scene,rare,foil,Scene,45,scryfall_oracle:1251691e-3c4c-4e45-9f59-f156852f2268,,,2652ad78-4ed1-4914-880c-d2afca4b8a13,737057,,737057,Lossarnach Captain,5489,The Lord of the Rings: Tales of Middle-earth,,,mixed/unknown,1.5,2.39,2.45,2.21,2.03,,0,,,,Foil Low,,EUR,EUR,,,,,"{""mapped_product_ids"": []}",MISMATCH,stored product identity conflicts with local printing,true,false,false,,,,,,,,CRITICAL,,,,CRITICAL,wrong_expansion,,"{""external_provenance"": [], ""mismatch_reasons"": [""unproven_treatment"", ""wrong_expansion""], ""scryfall_cardmarket_id"": 737057, ""stored_ids"": [737057], ""validated_stored_ids"": [737057]}",,,,
14328,magic,Of Herbs and Stewed Rabbit,419,ltc,Tales of Middle-earth Commander,en,Scene,rare,nonfoil,Scene,115,scryfall_oracle:2efb908f-d069-4041-930b-5c1ccec00db2,,,d493c09c-7794-47ed-a002-3493187d1da6,737060,,737060,Of Herbs and Stewed Rabbit,5489,The Lord of the Rings: Tales of Middle-earth,,,mixed/unknown,2,0,,,,2,5.94,3.89,5.13,4.28,Low,,EUR,EUR,,,,,"{""mapped_product_ids"": []}",MISMATCH,stored product identity conflicts with local printing,true,false,false,,,,,,,,CRITICAL,,,,CRITICAL,wrong_expansion,,"{""external_provenance"": [], ""mismatch_reasons"": [""unproven_treatment"", ""wrong_expansion""], ""scryfall_cardmarket_id"": 737060, ""stored_ids"": [737060], ""validated_stored_ids"": [737060]}",,,,
14329,magic,Of Herbs and Stewed Rabbit,419,ltc,Tales of Middle-earth Commander,en,Scene,rare,foil,Scene,115,scryfall_oracle:2efb908f-d069-4041-930b-5c1ccec00db2,,,d493c09c-7794-47ed-a002-3493187d1da6,737060,,737060,Of Herbs and Stewed Rabbit,5489,The Lord of the Rings: Tales of Middle-earth,,,mixed/unknown,2,0,,,,2,5.94,3.89,5.13,4.28,Foil Low,,EUR,EUR,,,,,"{""mapped_product_ids"": []}",MISMATCH,stored product identity conflicts with local printing,true,false,false,,,,,,,,CRITICAL,,,,CRITICAL,wrong_expansion,,"{""external_provenance"": [], ""mismatch_reasons"": [""unproven_treatment"", ""wrong_expansion""], ""scryfall_cardmarket_id"": 737060, ""stored_ids"": [737060], ""validated_stored_ids"": [737060]}",,,,
14330,magic,Archivist of Gondor,420,ltc,Tales of Middle-earth Commander,en,Scene,rare,nonfoil,Scene,412,scryfall_oracle:a086f7a5-1319-4c5d-b23f-41bec2f81027,,,455a2e59-7468-4739-9af8-2df074f15c30,737061,,737061,Archivist of Gondor,5489,The Lord of the Rings: Tales of Middle-earth,,,mixed/unknown,0.27,0.57,0.75,0.68,0.59,,0,,,,Low,,EUR,EUR,,,,,"{""mapped_product_ids"": []}",MISMATCH,stored product identity conflicts with local printing,true,false,false,,,,,,,,CRITICAL,,,,CRITICAL,wrong_expansion,,"{""external_provenance"": [], ""mismatch_reasons"": [""unproven_treatment"", ""wrong_expansion""], ""scryfall_cardmarket_id"": 737061, ""stored_ids"": [737061], ""validated_stored_ids"": [737061]}",,,,
14331,magic,Archivist of Gondor,420,ltc,Tales of Middle-earth Commander,en,Scene,rare,foil,Scene,412,scryfall_oracle:a086f7a5-1319-4c5d-b23f-41bec2f81027,,,455a2e59-7468-4739-9af8-2df074f15c30,737061,,737061,Archivist of Gondor,5489,The Lord of the Rings: Tales of Middle-earth,,,mixed/unknown,0.27,0.57,0.75,0.68,0.59,,0,,,,Foil Low,,EUR,EUR,,,,,"{""mapped_product_ids"": []}",MISMATCH,stored product identity conflicts with local printing,true,false,false,,,,,,,,CRITICAL,,,,CRITICAL,wrong_expansion,,"{""external_provenance"": [], ""mismatch_reasons"": [""unproven_treatment"", ""wrong_expansion""], ""scryfall_cardmarket_id"": 737061, ""stored_ids"": [737061], ""validated_stored_ids"": [737061]}",,,,
14332,magic,Corsairs of Umbar,421,ltc,Tales of Middle-earth Commander,en,Scene,rare,nonfoil,Scene,598,scryfall_oracle:edc74fb9-a368-4f73-8147-f318a32a3d06,,,8ea33faa-217e-4ebf-a628-642bc86c6cfa,737063,,737063,Corsairs of Umbar,5489,The Lord of the Rings: Tales of Middle-earth,,,mixed/unknown,0.99,1.54,2.45,1.51,1.37,,0,,,,Low,,EUR,EUR,,,,,"{""mapped_product_ids"": []}",MISMATCH,stored product identity conflicts with local printing,true,false,false,,,,,,,,CRITICAL,,,,CRITICAL,wrong_expansion,,"{""external_provenance"": [], ""mismatch_reasons"": [""unproven_treatment"", ""wrong_expansion""], ""scryfall_cardmarket_id"": 737063, ""stored_ids"": [737063], ""validated_stored_ids"": [737063]}",,,,
14333,magic,Corsairs of Umbar,421,ltc,Tales of Middle-earth Commander,en,Scene,rare,foil,Scene,598,scryfall_oracle:edc74fb9-a368-4f73-8147-f318a32a3d06,,,8ea33faa-217e-4ebf-a628-642bc86c6cfa,737063,,737063,Corsairs of Umbar,5489,The Lord of the Rings: Tales of Middle-earth,,,mixed/unknown,0.99,1.54,2.45,1.51,1.37,,0,,,,Foil Low,,EUR,EUR,,,,,"{""mapped_product_ids"": []}",MISMATCH,stored product identity conflicts with local printing,true,false,false,,,,,,,,CRITICAL,,,,CRITICAL,wrong_expansion,,"{""external_provenance"": [], ""mismatch_reasons"": [""unproven_treatment"", ""wrong_expansion""], ""scryfall_cardmarket_id"": 737063, ""stored_ids"": [737063], ""validated_stored_ids"": [737063]}",,,,
14334,magic,"Denethor, Stone Seer",422,ltc,Tales of Middle-earth Commander,en,Scene,rare,nonfoil,Scene,255,scryfall_oracle:6669a19e-7944-44c9-ac37-a92016783375,,,2fefccad-c7f5-474e-b237-8ae6e86acf92,737065,,737065,"Denethor, Stone Seer",5489,The Lord of the Rings: Tales of Middle-earth,,,mixed/unknown,0.15,0.6,0.74,0.61,0.47,,0,,,,Low,,EUR,EUR,,,,,"{""mapped_product_ids"": []}",MISMATCH,stored product identity conflicts with local printing,true,false,false,,,,,,,,CRITICAL,,,,CRITICAL,wrong_expansion,,"{""external_provenance"": [], ""mismatch_reasons"": [""unproven_treatment"", ""wrong_expansion""], ""scryfall_cardmarket_id"": 737065, ""stored_ids"": [737065], ""validated_stored_ids"": [737065]}",,,,
14335,magic,"Denethor, Stone Seer",422,ltc,Tales of Middle-earth Commander,en,Scene,rare,foil,Scene,255,scryfall_oracle:6669a19e-7944-44c9-ac37-a92016783375,,,2fefccad-c7f5-474e-b237-8ae6e86acf92,737065,,737065,"Denethor, Stone Seer",5489,The Lord of the Rings: Tales of Middle-earth,,,mixed/unknown,0.15,0.6,0.74,0.61,0.47,,0,,,,Foil Low,,EUR,EUR,,,,,"{""mapped_product_ids"": []}",MISMATCH,stored product identity conflicts with local printing,true,false,false,,,,,,,,CRITICAL,,,,CRITICAL,wrong_expansion,,"{""external_provenance"": [], ""mismatch_reasons"": [""unproven_treatment"", ""wrong_expansion""], ""scryfall_cardmarket_id"": 737065, ""stored_ids"": [737065], ""validated_stored_ids"": [737065]}",,,,
14336,magic,Fealty to the Realm,423,ltc,Tales of Middle-earth Commander,en,Scene,rare,nonfoil,Scene,491,scryfall_oracle:c0128941-240a-4ca1-9816-b32f47523fdb,,,0f7577cf-4803-477f-9060-34afe9a70f98,737067,,737067,Fealty to the Realm,5489,The Lord of the Rings: Tales of Middle-earth,,,mixed/unknown,0.35,0.68,0.98,0.7,0.78,,0,,,,Low,,EUR,EUR,,,,,"{""mapped_product_ids"": []}",MISMATCH,stored product identity conflicts with local printing,true,false,false,,,,,,,,CRITICAL,,,,CRITICAL,wrong_expansion,,"{""external_provenance"": [], ""mismatch_reasons"": [""unproven_treatment"", ""wrong_expansion""], ""scryfall_cardmarket_id"": 737067, ""stored_ids"": [737067], ""validated_stored_ids"": [737067]}",,,,
14337,magic,Fealty to the Realm,423,ltc,Tales of Middle-earth Commander,en,Scene,rare,foil,Scene,491,scryfall_oracle:c0128941-240a-4ca1-9816-b32f47523fdb,,,0f7577cf-4803-477f-9060-34afe9a70f98,737067,,737067,Fealty to the Realm,5489,The Lord of the Rings: Tales of Middle-earth,,,mixed/unknown,0.35,0.68,0.98,0.7,0.78,,0,,,,Foil Low,,EUR,EUR,,,,,"{""mapped_product_ids"": []}",MISMATCH,stored product identity conflicts with local printing,true,false,false,,,,,,,,CRITICAL,,,,CRITICAL,wrong_expansion,,"{""external_provenance"": [], ""mismatch_reasons"": [""unproven_treatment"", ""wrong_expansion""], ""scryfall_cardmarket_id"": 737067, ""stored_ids"": [737067], ""validated_stored_ids"": [737067]}",,,,
14338,magic,Monstrosity of the Lake,424,ltc,Tales of Middle-earth Commander,en,Scene,rare,nonfoil,Scene,504,scryfall_oracle:c5f52c7f-5dba-4d4c-8acc-068732964031,,,daa6f358-93eb-49cd-ba24-7a680455c89c,737070,,737070,Monstrosity of the Lake,5489,The Lord of the Rings: Tales of Middle-earth,,,mixed/unknown,2.5,0,,,,2.5,3.21,3.9,3.26,4.03,Low,,EUR,EUR,,,,,"{""mapped_product_ids"": []}",MISMATCH,stored product identity conflicts with local printing,true,false,false,,,,,,,,CRITICAL,,,,CRITICAL,wrong_expansion,,"{""external_provenance"": [], ""mismatch_reasons"": [""unproven_treatment"", ""wrong_expansion""], ""scryfall_cardmarket_id"": 737070, ""stored_ids"": [737070], ""validated_stored_ids"": [737070]}",,,,
14339,magic,Monstrosity of the Lake,424,ltc,Tales of Middle-earth Commander,en,Scene,rare,foil,Scene,504,scryfall_oracle:c5f52c7f-5dba-4d4c-8acc-068732964031,,,daa6f358-93eb-49cd-ba24-7a680455c89c,737070,,737070,Monstrosity of the Lake,5489,The Lord of the Rings: Tales of Middle-earth,,,mixed/unknown,2.5,0,,,,2.5,3.21,3.9,3.26,4.03,Foil Low,,EUR,EUR,,,,,"{""mapped_product_ids"": []}",MISMATCH,stored product identity conflicts with local printing,true,false,false,,,,,,,,CRITICAL,,,,CRITICAL,wrong_expansion,,"{""external_provenance"": [], ""mismatch_reasons"": [""unproven_treatment"", ""wrong_expansion""], ""scryfall_cardmarket_id"": 737070, ""stored_ids"": [737070], ""validated_stored_ids"": [737070]}",,,,
14340,magic,Raise the Palisade,425,ltc,Tales of Middle-earth Commander,en,Scene,rare,nonfoil,Scene,617,scryfall_oracle:f55a3781-fe33-4301-9bb5-6a54b9c13c4f,,,bf70944c-9600-47b6-a7a6-39c7961e3e6a,737071,,737071,Raise the Palisade,5489,The Lord of the Rings: Tales of Middle-earth,,,mixed/unknown,22.5,26.71,25,25.08,21.21,,0,,,,Low,,EUR,EUR,,,,,"{""mapped_product_ids"": []}",MISMATCH,stored product identity conflicts with local printing,true,false,false,,,,,,,,CRITICAL,,,,CRITICAL,wrong_expansion,,"{""external_provenance"": [], ""mismatch_reasons"": [""unproven_treatment"", ""wrong_expansion""], ""scryfall_cardmarket_id"": 737071, ""stored_ids"": [737071], ""validated_stored_ids"": [737071]}",,,,
14341,magic,Raise the Palisade,425,ltc,Tales of Middle-earth Commander,en,Scene,rare,foil,Scene,617,scryfall_oracle:f55a3781-fe33-4301-9bb5-6a54b9c13c4f,,,bf70944c-9600-47b6-a7a6-39c7961e3e6a,737071,,737071,Raise the Palisade,5489,The Lord of the Rings: Tales of Middle-earth,,,mixed/unknown,22.5,26.71,25,25.08,21.21,,0,,,,Foil Low,,EUR,EUR,,,,,"{""mapped_product_ids"": []}",MISMATCH,stored product identity conflicts with local printing,true,false,false,,,,,,,,CRITICAL,,,,CRITICAL,wrong_expansion,,"{""external_provenance"": [], ""mismatch_reasons"": [""unproven_treatment"", ""wrong_expansion""], ""scryfall_cardmarket_id"": 737071, ""stored_ids"": [737071], ""validated_stored_ids"": [737071]}",,,,
14342,magic,Subjugate the Hobbits,426,ltc,Tales of Middle-earth Commander,en,Scene,rare,nonfoil,Scene,590,scryfall_oracle:eb56141a-eb43-40e9-8ff1-e0ef5424f6a4,,,729c2be9-7e77-4356-a50a-1a564b21f277,737074,,737074,Subjugate the Hobbits,5489,The Lord of the Rings: Tales of Middle-earth,,,mixed/unknown,0.74,0.5,0.5,0.5,0.5,0.74,1.35,1.65,1.31,1.19,Low,,EUR,EUR,,,,,"{""mapped_product_ids"": []}",MISMATCH,stored product identity conflicts with local printing,true,false,false,,,,,,,,CRITICAL,,,,CRITICAL,wrong_expansion,,"{""external_provenance"": [], ""mismatch_reasons"": [""unproven_treatment"", ""wrong_expansion""], ""scryfall_cardmarket_id"": 737074, ""stored_ids"": [737074], ""validated_stored_ids"": [737074]}",,,,
14343,magic,Subjugate the Hobbits,426,ltc,Tales of Middle-earth Commander,en,Scene,rare,foil,Scene,590,scryfall_oracle:eb56141a-eb43-40e9-8ff1-e0ef5424f6a4,,,729c2be9-7e77-4356-a50a-1a564b21f277,737074,,737074,Subjugate the Hobbits,5489,The Lord of the Rings: Tales of Middle-earth,,,mixed/unknown,0.74,0.5,0.5,0.5,0.5,0.74,1.35,1.65,1.31,1.19,Foil Low,,EUR,EUR,,,,,"{""mapped_product_ids"": []}",MISMATCH,stored product identity conflicts with local printing,true,false,false,,,,,,,,CRITICAL,,,,CRITICAL,wrong_expansion,,"{""external_provenance"": [], ""mismatch_reasons"": [""unproven_treatment"", ""wrong_expansion""], ""scryfall_cardmarket_id"": 737074, ""stored_ids"": [737074], ""validated_stored_ids"": [737074]}",,,,
14344,magic,Trap the Trespassers,427,ltc,Tales of Middle-earth Commander,en,Scene,rare,nonfoil,Scene,603,scryfall_oracle:ef72af33-37fc-48ed-90d8-547c90e1609d,,,bc1d8407-7916-4753-956f-3b77097504e5,737075,,737075,Trap the Trespassers,5489,The Lord of the Rings: Tales of Middle-earth,,,mixed/unknown,0.25,0.62,0.55,0.8,0.61,,0,,,,Low,,EUR,EUR,,,,,"{""mapped_product_ids"": []}",MISMATCH,stored product identity conflicts with local printing,true,false,false,,,,,,,,CRITICAL,,,,CRITICAL,wrong_expansion,,"{""external_provenance"": [], ""mismatch_reasons"": [""unproven_treatment"", ""wrong_expansion""], ""scryfall_cardmarket_id"": 737075, ""stored_ids"": [737075], ""validated_stored_ids"": [737075]}",,,,
14345,magic,Trap the Trespassers,427,ltc,Tales of Middle-earth Commander,en,Scene,rare,foil,Scene,603,scryfall_oracle:ef72af33-37fc-48ed-90d8-547c90e1609d,,,bc1d8407-7916-4753-956f-3b77097504e5,737075,,737075,Trap the Trespassers,5489,The Lord of the Rings: Tales of Middle-earth,,,mixed/unknown,0.25,0.62,0.55,0.8,0.61,,0,,,,Foil Low,,EUR,EUR,,,,,"{""mapped_product_ids"": []}",MISMATCH,stored product identity conflicts with local printing,true,false,false,,,,,,,,CRITICAL,,,,CRITICAL,wrong_expansion,,"{""external_provenance"": [], ""mismatch_reasons"": [""unproven_treatment"", ""wrong_expansion""], ""scryfall_cardmarket_id"": 737075, ""stored_ids"": [737075], ""validated_stored_ids"": [737075]}",,,,
14346,magic,"Gollum, Obsessed Stalker",428,ltc,Tales of Middle-earth Commander,en,Scene,rare,nonfoil,Scene,377,scryfall_oracle:95d59a06-5144-4da3-8a9c-846b087975b9,,,9f2cb054-7871-49f4-8201-3fd6f83f0251,737078,,737078,"Gollum, Obsessed Stalker",5489,The Lord of the Rings: Tales of Middle-earth,,,mixed/unknown,4.49,0,,,,4.49,6.37,6.98,5.89,5.7,Low,,EUR,EUR,,,,,"{""mapped_product_ids"": []}",MISMATCH,stored product identity conflicts with local printing,true,false,false,,,,,,,,CRITICAL,,,,CRITICAL,wrong_expansion,,"{""external_provenance"": [], ""mismatch_reasons"": [""unproven_treatment"", ""wrong_expansion""], ""scryfall_cardmarket_id"": 737078, ""stored_ids"": [737078], ""validated_stored_ids"": [737078]}",,,,
14347,magic,"Gollum, Obsessed Stalker",428,ltc,Tales of Middle-earth Commander,en,Scene,rare,foil,Scene,377,scryfall_oracle:95d59a06-5144-4da3-8a9c-846b087975b9,,,9f2cb054-7871-49f4-8201-3fd6f83f0251,737078,,737078,"Gollum, Obsessed Stalker",5489,The Lord of the Rings: Tales of Middle-earth,,,mixed/unknown,4.49,0,,,,4.49,6.37,6.98,5.89,5.7,Foil Low,,EUR,EUR,,,,,"{""mapped_product_ids"": []}",MISMATCH,stored product identity conflicts with local printing,true,false,false,,,,,,,,CRITICAL,,,,CRITICAL,wrong_expansion,,"{""external_provenance"": [], ""mismatch_reasons"": [""unproven_treatment"", ""wrong_expansion""], ""scryfall_cardmarket_id"": 737078, ""stored_ids"": [737078], ""validated_stored_ids"": [737078]}",,,,
14348,magic,"Lobelia, Defender of Bag End",429,ltc,Tales of Middle-earth Commander,en,Scene,rare,nonfoil,Scene,37,scryfall_oracle:0f2e3e2e-9857-4be5-9bf0-62da1cc147fc,,,e1d583de-aa07-4708-8b9e-48aa9cd68e5b,737079,,737079,"Lobelia, Defender of Bag End",5489,The Lord of the Rings: Tales of Middle-earth,,,mixed/unknown,0.5,0.93,1.25,0.89,0.88,,0,,,,Low,,EUR,EUR,,,,,"{""mapped_product_ids"": []}",MISMATCH,stored product identity conflicts with local printing,true,false,false,,,,,,,,CRITICAL,,,,CRITICAL,wrong_expansion,,"{""external_provenance"": [], ""mismatch_reasons"": [""unproven_treatment"", ""wrong_expansion""], ""scryfall_cardmarket_id"": 737079, ""stored_ids"": [737079], ""validated_stored_ids"": [737079]}",,,,
14349,magic,"Lobelia, Defender of Bag End",429,ltc,Tales of Middle-earth Commander,en,Scene,rare,foil,Scene,37,scryfall_oracle:0f2e3e2e-9857-4be5-9bf0-62da1cc147fc,,,e1d583de-aa07-4708-8b9e-48aa9cd68e5b,737079,,737079,"Lobelia, Defender of Bag End",5489,The Lord of the Rings: Tales of Middle-earth,,,mixed/unknown,0.5,0.93,1.25,0.89,0.88,,0,,,,Foil Low,,EUR,EUR,,,,,"{""mapped_product_ids"": []}",MISMATCH,stored product identity conflicts with local printing,true,false,false,,,,,,,,CRITICAL,,,,CRITICAL,wrong_expansion,,"{""external_provenance"": [], ""mismatch_reasons"": [""unproven_treatment"", ""wrong_expansion""], ""scryfall_cardmarket_id"": 737079, ""stored_ids"": [737079], ""validated_stored_ids"": [737079]}",,,,
14350,magic,Rapacious Guest,430,ltc,Tales of Middle-earth Commander,en,Scene,rare,nonfoil,Scene,211,scryfall_oracle:54accd4a-b471-4ae5-b3b2-a5cec44023b7,,,685c72fb-ebb8-4474-bd73-bcbbbc38c496,737081,,737081,Rapacious Guest,5489,The Lord of the Rings: Tales of Middle-earth,,,mixed/unknown,2,2.76,2.99,2.96,2.88,,0,,,,Low,,EUR,EUR,,,,,"{""mapped_product_ids"": []}",MISMATCH,stored product identity conflicts with local printing,true,false,false,,,,,,,,CRITICAL,,,,CRITICAL,wrong_expansion,,"{""external_provenance"": [], ""mismatch_reasons"": [""unproven_treatment"", ""wrong_expansion""], ""scryfall_cardmarket_id"": 737081, ""stored_ids"": [737081], ""validated_stored_ids"": [737081]}",,,,
14351,magic,Rapacious Guest,430,ltc,Tales of Middle-earth Commander,en,Scene,rare,foil,Scene,211,scryfall_oracle:54accd4a-b471-4ae5-b3b2-a5cec44023b7,,,685c72fb-ebb8-4474-bd73-bcbbbc38c496,737081,,737081,Rapacious Guest,5489,The Lord of the Rings: Tales of Middle-earth,,,mixed/unknown,2,2.76,2.99,2.96,2.88,,0,,,,Foil Low,,EUR,EUR,,,,,"{""mapped_product_ids"": []}",MISMATCH,stored product identity conflicts with local printing,true,false,false,,,,,,,,CRITICAL,,,,CRITICAL,wrong_expansion,,"{""external_provenance"": [], ""mismatch_reasons"": [""unproven_treatment"", ""wrong_expansion""], ""scryfall_cardmarket_id"": 737081, ""stored_ids"": [737081], ""validated_stored_ids"": [737081]}",,,,
14352,magic,"Shelob, Dread Weaver",431,ltc,Tales of Middle-earth Commander,en,Scene,rare,nonfoil,Scene,314,scryfall_oracle:7eade76f-92e4-4d26-9eb8-d3d954845c04,,,420080db-9b6a-4179-8c09-3aa3ff9a1bb5,737083,,737083,"Shelob, Dread Weaver",5489,The Lord of the Rings: Tales of Middle-earth,,,mixed/unknown,3,3.6,3.49,3.46,3.73,,0,,,,Low,,EUR,EUR,,,,,"{""mapped_product_ids"": []}",MISMATCH,stored product identity conflicts with local printing,true,false,false,,,,,,,,CRITICAL,,,,CRITICAL,wrong_expansion,,"{""external_provenance"": [], ""mismatch_reasons"": [""unproven_treatment"", ""wrong_expansion""], ""scryfall_cardmarket_id"": 737083, ""stored_ids"": [737083], ""validated_stored_ids"": [737083]}",,,,
14353,magic,"Shelob, Dread Weaver",431,ltc,Tales of Middle-earth Commander,en,Scene,rare,foil,Scene,314,scryfall_oracle:7eade76f-92e4-4d26-9eb8-d3d954845c04,,,420080db-9b6a-4179-8c09-3aa3ff9a1bb5,737083,,737083,"Shelob, Dread Weaver",5489,The Lord of the Rings: Tales of Middle-earth,,,mixed/unknown,3,3.6,3.49,3.46,3.73,,0,,,,Foil Low,,EUR,EUR,,,,,"{""mapped_product_ids"": []}",MISMATCH,stored product identity conflicts with local printing,true,false,false,,,,,,,,CRITICAL,,,,CRITICAL,wrong_expansion,,"{""external_provenance"": [], ""mismatch_reasons"": [""unproven_treatment"", ""wrong_expansion""], ""scryfall_cardmarket_id"": 737083, ""stored_ids"": [737083], ""validated_stored_ids"": [737083]}",,,,
14354,magic,Call for Aid,432,ltc,Tales of Middle-earth Commander,en,Scene,rare,nonfoil,Scene,274,scryfall_oracle:6d650eef-1156-4e3b-8fa8-90a6ee04d9a8,,,4bdb4a3f-dfcd-4427-b566-a45cfb119f60,737085,,737085,Call for Aid,5489,The Lord of the Rings: Tales of Middle-earth,,,mixed/unknown,0.6,1.11,0.75,0.97,1.07,,0,,,,Low,,EUR,EUR,,,,,"{""mapped_product_ids"": []}",MISMATCH,stored product identity conflicts with local printing,true,false,false,,,,,,,,CRITICAL,,,,CRITICAL,wrong_expansion,,"{""external_provenance"": [], ""mismatch_reasons"": [""unproven_treatment"", ""wrong_expansion""], ""scryfall_cardmarket_id"": 737085, ""stored_ids"": [737085], ""validated_stored_ids"": [737085]}",,,,
14355,magic,Call for Aid,432,ltc,Tales of Middle-earth Commander,en,Scene,rare,foil,Scene,274,scryfall_oracle:6d650eef-1156-4e3b-8fa8-90a6ee04d9a8,,,4bdb4a3f-dfcd-4427-b566-a45cfb119f60,737085,,737085,Call for Aid,5489,The Lord of the Rings: Tales of Middle-earth,,,mixed/unknown,0.6,1.11,0.75,0.97,1.07,,0,,,,Foil Low,,EUR,EUR,,,,,"{""mapped_product_ids"": []}",MISMATCH,stored product identity conflicts with local printing,true,false,false,,,,,,,,CRITICAL,,,,CRITICAL,wrong_expansion,,"{""external_provenance"": [], ""mismatch_reasons"": [""unproven_treatment"", ""wrong_expansion""], ""scryfall_cardmarket_id"": 737085, ""stored_ids"": [737085], ""validated_stored_ids"": [737085]}",,,,
14356,magic,Cavern-Hoard Dragon,433,ltc,Tales of Middle-earth Commander,en,Scene,rare,nonfoil,Scene,374,scryfall_oracle:939e8448-013a-4aef-9a92-7c883a77a1a0,,,f05560c0-b665-4f72-a51b-cbaa12435bf1,737088,,737088,Cavern-Hoard Dragon,5489,The Lord of the Rings: Tales of Middle-earth,,,mixed/unknown,78,0,,,,78,65.97,69.99,59.75,54.23,Low,,EUR,EUR,,,,,"{""mapped_product_ids"": []}",MISMATCH,stored product identity conflicts with local printing,true,false,false,,,,,,,,CRITICAL,,,,CRITICAL,wrong_expansion,,"{""external_provenance"": [], ""mismatch_reasons"": [""unproven_treatment"", ""wrong_expansion""], ""scryfall_cardmarket_id"": 737088, ""stored_ids"": [737088], ""validated_stored_ids"": [737088]}",,,,
14357,magic,Cavern-Hoard Dragon,433,ltc,Tales of Middle-earth Commander,en,Scene,rare,foil,Scene,374,scryfall_oracle:939e8448-013a-4aef-9a92-7c883a77a1a0,,,f05560c0-b665-4f72-a51b-cbaa12435bf1,737088,,737088,Cavern-Hoard Dragon,5489,The Lord of the Rings: Tales of Middle-earth,,,mixed/unknown,78,0,,,,78,65.97,69.99,59.75,54.23,Foil Low,,EUR,EUR,,,,,"{""mapped_product_ids"": []}",MISMATCH,stored product identity conflicts with local printing,true,false,false,,,,,,,,CRITICAL,,,,CRITICAL,wrong_expansion,,"{""external_provenance"": [], ""mismatch_reasons"": [""unproven_treatment"", ""wrong_expansion""], ""scryfall_cardmarket_id"": 737088, ""stored_ids"": [737088], ""validated_stored_ids"": [737088]}",,,,
14358,magic,Gimli of the Glittering Caves,434,ltc,Tales of Middle-earth Commander,en,Scene,rare,nonfoil,Scene,619,scryfall_oracle:f6747295-d21d-40d7-bc70-baa4a37ae668,,,dae9ae0a-6443-42f7-80e1-1cdffc83831a,737089,,737089,Gimli of the Glittering Caves,5489,The Lord of the Rings: Tales of Middle-earth,,,mixed/unknown,20,10.4,19.98,13.12,9.91,,0,,,,Low,,EUR,EUR,,,,,"{""mapped_product_ids"": []}",MISMATCH,stored product identity conflicts with local printing,true,false,false,,,,,,,,CRITICAL,,,,CRITICAL,wrong_expansion,,"{""external_provenance"": [], ""mismatch_reasons"": [""unproven_treatment"", ""wrong_expansion""], ""scryfall_cardmarket_id"": 737089, ""stored_ids"": [737089], ""validated_stored_ids"": [737089]}",,,,
14359,magic,Gimli of the Glittering Caves,434,ltc,Tales of Middle-earth Commander,en,Scene,rare,foil,Scene,619,scryfall_oracle:f6747295-d21d-40d7-bc70-baa4a37ae668,,,dae9ae0a-6443-42f7-80e1-1cdffc83831a,737089,,737089,Gimli of the Glittering Caves,5489,The Lord of the Rings: Tales of Middle-earth,,,mixed/unknown,20,10.4,19.98,13.12,9.91,,0,,,,Foil Low,,EUR,EUR,,,,,"{""mapped_product_ids"": []}",MISMATCH,stored product identity conflicts with local printing,true,false,false,,,,,,,,CRITICAL,,,,CRITICAL,wrong_expansion,,"{""external_provenance"": [], ""mismatch_reasons"": [""unproven_treatment"", ""wrong_expansion""], ""scryfall_cardmarket_id"": 737089, ""stored_ids"": [737089], ""validated_stored_ids"": [737089]}",,,,
14360,magic,Orcish Siegemaster,435,ltc,Tales of Middle-earth Commander,en,Scene,rare,nonfoil,Scene,555,scryfall_oracle:d852099f-46c6-4676-860c-20a582f733d1,,,51102da4-01b8-4c54-8a07-63c1f64d80db,737092,,737092,Orcish Siegemaster,5489,The Lord of the Rings: Tales of Middle-earth,,,mixed/unknown,4.99,1.58,1.58,1.19,1.19,4.99,6.37,5.37,5.66,5.26,Low,,EUR,EUR,,,,,"{""mapped_product_ids"": []}",MISMATCH,stored product identity conflicts with local printing,true,false,false,,,,,,,,CRITICAL,,,,CRITICAL,wrong_expansion,,"{""external_provenance"": [], ""mismatch_reasons"": [""unproven_treatment"", ""wrong_expansion""], ""scryfall_cardmarket_id"": 737092, ""stored_ids"": [737092], ""validated_stored_ids"": [737092]}",,,,
14361,magic,Orcish Siegemaster,435,ltc,Tales of Middle-earth Commander,en,Scene,rare,foil,Scene,555,scryfall_oracle:d852099f-46c6-4676-860c-20a582f733d1,,,51102da4-01b8-4c54-8a07-63c1f64d80db,737092,,737092,Orcish Siegemaster,5489,The Lord of the Rings: Tales of Middle-earth,,,mixed/unknown,4.99,1.58,1.58,1.19,1.19,4.99,6.37,5.37,5.66,5.26,Foil Low,,EUR,EUR,,,,,"{""mapped_product_ids"": []}",MISMATCH,stored product identity conflicts with local printing,true,false,false,,,,,,,,CRITICAL,,,,CRITICAL,wrong_expansion,,"{""external_provenance"": [], ""mismatch_reasons"": [""unproven_treatment"", ""wrong_expansion""], ""scryfall_cardmarket_id"": 737092, ""stored_ids"": [737092], ""validated_stored_ids"": [737092]}",,,,
14362,magic,Rampaging War Mammoth,436,ltc,Tales of Middle-earth Commander,en,Scene,rare,nonfoil,Scene,15,scryfall_oracle:05e910aa-cf84-468c-8a48-256588cbbf08,,,f8f393ac-b63e-4d5a-ab2e-e8df0c9164b1,737093,,737093,Rampaging War Mammoth,5489,The Lord of the Rings: Tales of Middle-earth,,,mixed/unknown,0.5,1.07,2.02,1.45,1.07,,0,,,,Low,,EUR,EUR,,,,,"{""mapped_product_ids"": []}",MISMATCH,stored product identity conflicts with local printing,true,false,false,,,,,,,,CRITICAL,,,,CRITICAL,wrong_expansion,,"{""external_provenance"": [], ""mismatch_reasons"": [""unproven_treatment"", ""wrong_expansion""], ""scryfall_cardmarket_id"": 737093, ""stored_ids"": [737093], ""validated_stored_ids"": [737093]}",,,,
14363,magic,Rampaging War Mammoth,436,ltc,Tales of Middle-earth Commander,en,Scene,rare,foil,Scene,15,scryfall_oracle:05e910aa-cf84-468c-8a48-256588cbbf08,,,f8f393ac-b63e-4d5a-ab2e-e8df0c9164b1,737093,,737093,Rampaging War Mammoth,5489,The Lord of the Rings: Tales of Middle-earth,,,mixed/unknown,0.5,1.07,2.02,1.45,1.07,,0,,,,Foil Low,,EUR,EUR,,,,,"{""mapped_product_ids"": []}",MISMATCH,stored product identity conflicts with local printing,true,false,false,,,,,,,,CRITICAL,,,,CRITICAL,wrong_expansion,,"{""external_provenance"": [], ""mismatch_reasons"": [""unproven_treatment"", ""wrong_expansion""], ""scryfall_cardmarket_id"": 737093, ""stored_ids"": [737093], ""validated_stored_ids"": [737093]}",,,,
14364,magic,"Arwen, Weaver of Hope",437,ltc,Tales of Middle-earth Commander,en,Scene,rare,nonfoil,Scene,494,scryfall_oracle:c0891157-f3dd-4866-866f-fd13e9be9633,,,c6c7920f-9be4-4c68-a20f-1af6234abc03,737095,,737095,"Arwen, Weaver of Hope",5489,The Lord of the Rings: Tales of Middle-earth,,,mixed/unknown,9.99,12.23,13.74,12.69,11.12,,0,,,,Low,,EUR,EUR,,,,,"{""mapped_product_ids"": []}",MISMATCH,stored product identity conflicts with local printing,true,false,false,,,,,,,,CRITICAL,,,,CRITICAL,wrong_expansion,,"{""external_provenance"": [], ""mismatch_reasons"": [""unproven_treatment"", ""wrong_expansion""], ""scryfall_cardmarket_id"": 737095, ""stored_ids"": [737095], ""validated_stored_ids"": [737095]}",,,,
14365,magic,"Arwen, Weaver of Hope",437,ltc,Tales of Middle-earth Commander,en,Scene,rare,foil,Scene,494,scryfall_oracle:c0891157-f3dd-4866-866f-fd13e9be9633,,,c6c7920f-9be4-4c68-a20f-1af6234abc03,737095,,737095,"Arwen, Weaver of Hope",5489,The Lord of the Rings: Tales of Middle-earth,,,mixed/unknown,9.99,12.23,13.74,12.69,11.12,,0,,,,Foil Low,,EUR,EUR,,,,,"{""mapped_product_ids"": []}",MISMATCH,stored product identity conflicts with local printing,true,false,false,,,,,,,,CRITICAL,,,,CRITICAL,wrong_expansion,,"{""external_provenance"": [], ""mismatch_reasons"": [""unproven_treatment"", ""wrong_expansion""], ""scryfall_cardmarket_id"": 737095, ""stored_ids"": [737095], ""validated_stored_ids"": [737095]}",,,,
14366,magic,Assemble the Entmoot,438,ltc,Tales of Middle-earth Commander,en,Scene,rare,nonfoil,Scene,80,scryfall_oracle:1f1ad44c-1811-40e3-976b-03f19866abd5,,,6e5d0d0c-0e6e-4750-80f0-73615267e6c5,737097,,737097,Assemble the Entmoot,5489,The Lord of the Rings: Tales of Middle-earth,,,mixed/unknown,0.5,1.13,1.99,1.07,1.15,,0,,,,Low,,EUR,EUR,,,,,"{""mapped_product_ids"": []}",MISMATCH,stored product identity conflicts with local printing,true,false,false,,,,,,,,CRITICAL,,,,CRITICAL,wrong_expansion,,"{""external_provenance"": [], ""mismatch_reasons"": [""unproven_treatment"", ""wrong_expansion""], ""scryfall_cardmarket_id"": 737097, ""stored_ids"": [737097], ""validated_stored_ids"": [737097]}",,,,
14367,magic,Assemble the Entmoot,438,ltc,Tales of Middle-earth Commander,en,Scene,rare,foil,Scene,80,scryfall_oracle:1f1ad44c-1811-40e3-976b-03f19866abd5,,,6e5d0d0c-0e6e-4750-80f0-73615267e6c5,737097,,737097,Assemble the Entmoot,5489,The Lord of the Rings: Tales of Middle-earth,,,mixed/unknown,0.5,1.13,1.99,1.07,1.15,,0,,,,Foil Low,,EUR,EUR,,,,,"{""mapped_product_ids"": []}",MISMATCH,stored product identity conflicts with local printing,true,false,false,,,,,,,,CRITICAL,,,,CRITICAL,wrong_expansion,,"{""external_provenance"": [], ""mismatch_reasons"": [""unproven_treatment"", ""wrong_expansion""], ""scryfall_cardmarket_id"": 737097, ""stored_ids"": [737097], ""validated_stored_ids"": [737097]}",,,,
14368,magic,Feasting Hobbit,439,ltc,Tales of Middle-earth Commander,en,Scene,rare,nonfoil,Scene,523,scryfall_oracle:cca33482-0bc5-4fe4-89dc-ba33b2e93831,,,f8d6f788-c242-4bd2-8ab5-aaaa2a7754ce,737099,,737099,Feasting Hobbit,5489,The Lord of the Rings: Tales of Middle-earth,,,mixed/unknown,0.5,2.33,0.5,2.81,1.96,,0,,,,Low,,EUR,EUR,,,,,"{""mapped_product_ids"": []}",MISMATCH,stored product identity conflicts with local printing,true,false,false,,,,,,,,CRITICAL,,,,CRITICAL,wrong_expansion,,"{""external_provenance"": [], ""mismatch_reasons"": [""unproven_treatment"", ""wrong_expansion""], ""scryfall_cardmarket_id"": 737099, ""stored_ids"": [737099], ""validated_stored_ids"": [737099]}",,,,
14369,magic,Feasting Hobbit,439,ltc,Tales of Middle-earth Commander,en,Scene,rare,foil,Scene,523,scryfall_oracle:cca33482-0bc5-4fe4-89dc-ba33b2e93831,,,f8d6f788-c242-4bd2-8ab5-aaaa2a7754ce,737099,,737099,Feasting Hobbit,5489,The Lord of the Rings: Tales of Middle-earth,,,mixed/unknown,0.5,2.33,0.5,2.81,1.96,,0,,,,Foil Low,,EUR,EUR,,,,,"{""mapped_product_ids"": []}",MISMATCH,stored product identity conflicts with local printing,true,false,false,,,,,,,,CRITICAL,,,,CRITICAL,wrong_expansion,,"{""external_provenance"": [], ""mismatch_reasons"": [""unproven_treatment"", ""wrong_expansion""], ""scryfall_cardmarket_id"": 737099, ""stored_ids"": [737099], ""validated_stored_ids"": [737099]}",,,,
14370,magic,Galadhrim Ambush,440,ltc,Tales of Middle-earth Commander,en,Scene,rare,nonfoil,Scene,142,scryfall_oracle:3b22d21f-e19a-40df-840b-a2b7f11f79c2,,,6bbd1461-bd98-4ba9-a538-2dae0cf39b53,737102,,737102,Galadhrim Ambush,5489,The Lord of the Rings: Tales of Middle-earth,,,mixed/unknown,16.89,13.05,13.05,13.05,13.05,16.89,19.23,19.99,18.8,16.18,Low,,EUR,EUR,,,,,"{""mapped_product_ids"": []}",MISMATCH,stored product identity conflicts with local printing,true,false,false,,,,,,,,CRITICAL,,,,CRITICAL,wrong_expansion,,"{""external_provenance"": [], ""mismatch_reasons"": [""unproven_treatment"", ""wrong_expansion""], ""scryfall_cardmarket_id"": 737102, ""stored_ids"": [737102], ""validated_stored_ids"": [737102]}",,,,
14371,magic,Galadhrim Ambush,440,ltc,Tales of Middle-earth Commander,en,Scene,rare,foil,Scene,142,scryfall_oracle:3b22d21f-e19a-40df-840b-a2b7f11f79c2,,,6bbd1461-bd98-4ba9-a538-2dae0cf39b53,737102,,737102,Galadhrim Ambush,5489,The Lord of the Rings: Tales of Middle-earth,,,mixed/unknown,16.89,13.05,13.05,13.05,13.05,16.89,19.23,19.99,18.8,16.18,Foil Low,,EUR,EUR,,,,,"{""mapped_product_ids"": []}",MISMATCH,stored product identity conflicts with local printing,true,false,false,,,,,,,,CRITICAL,,,,CRITICAL,wrong_expansion,,"{""external_provenance"": [], ""mismatch_reasons"": [""unproven_treatment"", ""wrong_expansion""], ""scryfall_cardmarket_id"": 737102, ""stored_ids"": [737102], ""validated_stored_ids"": [737102]}",,,,
14372,magic,"Haldir, Lórien Lieutenant",441,ltc,Tales of Middle-earth Commander,en,Scene,rare,nonfoil,Scene,251,scryfall_oracle:653217b1-1e92-49a7-81d9-fc4d70d4f27f,,,cd37d24c-14e0-4a8a-b181-1acbd1ab8cb7,737103,,737103,"Haldir, Lórien Lieutenant",5489,The Lord of the Rings: Tales of Middle-earth,,,mixed/unknown,1,1.93,1.99,2.16,1.93,,0,,,,Low,,EUR,EUR,,,,,"{""mapped_product_ids"": []}",MISMATCH,stored product identity conflicts with local printing,true,false,false,,,,,,,,CRITICAL,,,,CRITICAL,wrong_expansion,,"{""external_provenance"": [], ""mismatch_reasons"": [""unproven_treatment"", ""wrong_expansion""], ""scryfall_cardmarket_id"": 737103, ""stored_ids"": [737103], ""validated_stored_ids"": [737103]}",,,,
14373,magic,"Haldir, Lórien Lieutenant",441,ltc,Tales of Middle-earth Commander,en,Scene,rare,foil,Scene,251,scryfall_oracle:653217b1-1e92-49a7-81d9-fc4d70d4f27f,,,cd37d24c-14e0-4a8a-b181-1acbd1ab8cb7,737103,,737103,"Haldir, Lórien Lieutenant",5489,The Lord of the Rings: Tales of Middle-earth,,,mixed/unknown,1,1.93,1.99,2.16,1.93,,0,,,,Foil Low,,EUR,EUR,,,,,"{""mapped_product_ids"": []}",MISMATCH,stored product identity conflicts with local printing,true,false,false,,,,,,,,CRITICAL,,,,CRITICAL,wrong_expansion,,"{""external_provenance"": [], ""mismatch_reasons"": [""unproven_treatment"", ""wrong_expansion""], ""scryfall_cardmarket_id"": 737103, ""stored_ids"": [737103], ""validated_stored_ids"": [737103]}",,,,
14374,magic,Legolas Greenleaf,442,ltc,Tales of Middle-earth Commander,en,Scene,rare,nonfoil,Scene,488,scryfall_oracle:beacbb51-51fe-47f7-a612-02cd93fbffdd,,,0c197dbd-f6fc-4221-96a6-1a592500b15e,737106,,737106,Legolas Greenleaf,5489,The Lord of the Rings: Tales of Middle-earth,,,mixed/unknown,4.49,0,,,,4.49,6.61,4.99,6.57,5.87,Low,,EUR,EUR,,,,,"{""mapped_product_ids"": []}",MISMATCH,stored product identity conflicts with local printing,true,false,false,,,,,,,,CRITICAL,,,,CRITICAL,wrong_expansion,,"{""external_provenance"": [], ""mismatch_reasons"": [""unproven_treatment"", ""wrong_expansion""], ""scryfall_cardmarket_id"": 737106, ""stored_ids"": [737106], ""validated_stored_ids"": [737106]}",,,,
14375,magic,Legolas Greenleaf,442,ltc,Tales of Middle-earth Commander,en,Scene,rare,foil,Scene,488,scryfall_oracle:beacbb51-51fe-47f7-a612-02cd93fbffdd,,,0c197dbd-f6fc-4221-96a6-1a592500b15e,737106,,737106,Legolas Greenleaf,5489,The Lord of the Rings: Tales of Middle-earth,,,mixed/unknown,4.49,0,,,,4.49,6.61,4.99,6.57,5.87,Foil Low,,EUR,EUR,,,,,"{""mapped_product_ids"": []}",MISMATCH,stored product identity conflicts with local printing,true,false,false,,,,,,,,CRITICAL,,,,CRITICAL,wrong_expansion,,"{""external_provenance"": [], ""mismatch_reasons"": [""unproven_treatment"", ""wrong_expansion""], ""scryfall_cardmarket_id"": 737106, ""stored_ids"": [737106], ""validated_stored_ids"": [737106]}",,,,
14376,magic,Mirkwood Elk,443,ltc,Tales of Middle-earth Commander,en,Scene,rare,nonfoil,Scene,224,scryfall_oracle:5b29c26f-c0f0-4703-83db-3a249ebc5792,,,dc8db812-78c8-47f4-89a6-a7b272be2d19,737107,,737107,Mirkwood Elk,5489,The Lord of the Rings: Tales of Middle-earth,,,mixed/unknown,0.3,0.73,0.99,0.73,0.64,,0,,,,Low,,EUR,EUR,,,,,"{""mapped_product_ids"": []}",MISMATCH,stored product identity conflicts with local printing,true,false,false,,,,,,,,CRITICAL,,,,CRITICAL,wrong_expansion,,"{""external_provenance"": [], ""mismatch_reasons"": [""unproven_treatment"", ""wrong_expansion""], ""scryfall_cardmarket_id"": 737107, ""stored_ids"": [737107], ""validated_stored_ids"": [737107]}",,,,
14377,magic,Mirkwood Elk,443,ltc,Tales of Middle-earth Commander,en,Scene,rare,foil,Scene,224,scryfall_oracle:5b29c26f-c0f0-4703-83db-3a249ebc5792,,,dc8db812-78c8-47f4-89a6-a7b272be2d19,737107,,737107,Mirkwood Elk,5489,The Lord of the Rings: Tales of Middle-earth,,,mixed/unknown,0.3,0.73,0.99,0.73,0.64,,0,,,,Foil Low,,EUR,EUR,,,,,"{""mapped_product_ids"": []}",MISMATCH,stored product identity conflicts with local printing,true,false,false,,,,,,,,CRITICAL,,,,CRITICAL,wrong_expansion,,"{""external_provenance"": [], ""mismatch_reasons"": [""unproven_treatment"", ""wrong_expansion""], ""scryfall_cardmarket_id"": 737107, ""stored_ids"": [737107], ""validated_stored_ids"": [737107]}",,,,
14378,magic,Motivated Pony,444,ltc,Tales of Middle-earth Commander,en,Scene,rare,nonfoil,Scene,174,scryfall_oracle:44906d21-83cc-49ec-8505-4f7b020ac05f,,,34ae0f5c-fbee-4195-aef7-0b5f08713ca6,737110,,737110,Motivated Pony,5489,The Lord of the Rings: Tales of Middle-earth,,,mixed/unknown,0.6,0,,,,0.6,1.45,1.19,1.44,1.18,Low,,EUR,EUR,,,,,"{""mapped_product_ids"": []}",MISMATCH,stored product identity conflicts with local printing,true,false,false,,,,,,,,CRITICAL,,,,CRITICAL,wrong_expansion,,"{""external_provenance"": [], ""mismatch_reasons"": [""unproven_treatment"", ""wrong_expansion""], ""scryfall_cardmarket_id"": 737110, ""stored_ids"": [737110], ""validated_stored_ids"": [737110]}",,,,
14379,magic,Motivated Pony,444,ltc,Tales of Middle-earth Commander,en,Scene,rare,foil,Scene,174,scryfall_oracle:44906d21-83cc-49ec-8505-4f7b020ac05f,,,34ae0f5c-fbee-4195-aef7-0b5f08713ca6,737110,,737110,Motivated Pony,5489,The Lord of the Rings: Tales of Middle-earth,,,mixed/unknown,0.6,0,,,,0.6,1.45,1.19,1.44,1.18,Foil Low,,EUR,EUR,,,,,"{""mapped_product_ids"": []}",MISMATCH,stored product identity conflicts with local printing,true,false,false,,,,,,,,CRITICAL,,,,CRITICAL,wrong_expansion,,"{""external_provenance"": [], ""mismatch_reasons"": [""unproven_treatment"", ""wrong_expansion""], ""scryfall_cardmarket_id"": 737110, ""stored_ids"": [737110], ""validated_stored_ids"": [737110]}",,,,
14380,magic,Prize Pig,445,ltc,Tales of Middle-earth Commander,en,Scene,rare,nonfoil,Scene,52,scryfall_oracle:14f55fc9-ec19-4b4a-b3de-d75898c19edf,,,e3b3ad4a-7b7c-4d63-8843-e65a05c0c701,737111,,737111,Prize Pig,5489,The Lord of the Rings: Tales of Middle-earth,,,mixed/unknown,0.4,1.19,0.87,1.46,1.08,,0,,,,Low,,EUR,EUR,,,,,"{""mapped_product_ids"": []}",MISMATCH,stored product identity conflicts with local printing,true,false,false,,,,,,,,CRITICAL,,,,CRITICAL,wrong_expansion,,"{""external_provenance"": [], ""mismatch_reasons"": [""unproven_treatment"", ""wrong_expansion""], ""scryfall_cardmarket_id"": 737111, ""stored_ids"": [737111], ""validated_stored_ids"": [737111]}",,,,
14381,magic,Prize Pig,445,ltc,Tales of Middle-earth Commander,en,Scene,rare,foil,Scene,52,scryfall_oracle:14f55fc9-ec19-4b4a-b3de-d75898c19edf,,,e3b3ad4a-7b7c-4d63-8843-e65a05c0c701,737111,,737111,Prize Pig,5489,The Lord of the Rings: Tales of Middle-earth,,,mixed/unknown,0.4,1.19,0.87,1.46,1.08,,0,,,,Foil Low,,EUR,EUR,,,,,"{""mapped_product_ids"": []}",MISMATCH,stored product identity conflicts with local printing,true,false,false,,,,,,,,CRITICAL,,,,CRITICAL,wrong_expansion,,"{""external_provenance"": [], ""mismatch_reasons"": [""unproven_treatment"", ""wrong_expansion""], ""scryfall_cardmarket_id"": 737111, ""stored_ids"": [737111], ""validated_stored_ids"": [737111]}",,,,
14382,magic,Travel Through Caradhras,446,ltc,Tales of Middle-earth Commander,en,Scene,rare,nonfoil,Scene,108,scryfall_oracle:2d47a98b-5700-4096-b080-32df4d79910c,,,098b7972-d917-4eb6-b1e2-08cdbdc11c05,737113,,737113,Travel Through Caradhras,5489,The Lord of the Rings: Tales of Middle-earth,,,mixed/unknown,0.25,0.67,0.99,0.74,0.67,,0,,,,Low,,EUR,EUR,,,,,"{""mapped_product_ids"": []}",MISMATCH,stored product identity conflicts with local printing,true,false,false,,,,,,,,CRITICAL,,,,CRITICAL,wrong_expansion,,"{""external_provenance"": [], ""mismatch_reasons"": [""unproven_treatment"", ""wrong_expansion""], ""scryfall_cardmarket_id"": 737113, ""stored_ids"": [737113], ""validated_stored_ids"": [737113]}",,,,
14383,magic,Travel Through Caradhras,446,ltc,Tales of Middle-earth Commander,en,Scene,rare,foil,Scene,108,scryfall_oracle:2d47a98b-5700-4096-b080-32df4d79910c,,,098b7972-d917-4eb6-b1e2-08cdbdc11c05,737113,,737113,Travel Through Caradhras,5489,The Lord of the Rings: Tales of Middle-earth,,,mixed/unknown,0.25,0.67,0.99,0.74,0.67,,0,,,,Foil Low,,EUR,EUR,,,,,"{""mapped_product_ids"": []}",MISMATCH,stored product identity conflicts with local printing,true,false,false,,,,,,,,CRITICAL,,,,CRITICAL,wrong_expansion,,"{""external_provenance"": [], ""mismatch_reasons"": [""unproven_treatment"", ""wrong_expansion""], ""scryfall_cardmarket_id"": 737113, ""stored_ids"": [737113], ""validated_stored_ids"": [737113]}",,,,
14384,magic,Windswift Slice,447,ltc,Tales of Middle-earth Commander,en,Scene,rare,nonfoil,Scene,139,scryfall_oracle:39ab72e2-04f2-41cc-ae33-4cc564b1542b,,,b5707611-13e4-489f-85fa-a6ba01f5e8dc,737115,,737115,Windswift Slice,5489,The Lord of the Rings: Tales of Middle-earth,,,mixed/unknown,3,4.51,6,4.33,3.93,,0,,,,Low,,EUR,EUR,,,,,"{""mapped_product_ids"": []}",MISMATCH,stored product identity conflicts with local printing,true,false,false,,,,,,,,CRITICAL,,,,CRITICAL,wrong_expansion,,"{""external_provenance"": [], ""mismatch_reasons"": [""unproven_treatment"", ""wrong_expansion""], ""scryfall_cardmarket_id"": 737115, ""stored_ids"": [737115], ""validated_stored_ids"": [737115]}",,,,
14385,magic,Windswift Slice,447,ltc,Tales of Middle-earth Commander,en,Scene,rare,foil,Scene,139,scryfall_oracle:39ab72e2-04f2-41cc-ae33-4cc564b1542b,,,b5707611-13e4-489f-85fa-a6ba01f5e8dc,737115,,737115,Windswift Slice,5489,The Lord of the Rings: Tales of Middle-earth,,,mixed/unknown,3,4.51,6,4.33,3.93,,0,,,,Foil Low,,EUR,EUR,,,,,"{""mapped_product_ids"": []}",MISMATCH,stored product identity conflicts with local printing,true,false,false,,,,,,,,CRITICAL,,,,CRITICAL,wrong_expansion,,"{""external_provenance"": [], ""mismatch_reasons"": [""unproven_treatment"", ""wrong_expansion""], ""scryfall_cardmarket_id"": 737115, ""stored_ids"": [737115], ""validated_stored_ids"": [737115]}",,,,
14386,magic,"Aragorn, King of Gondor",448,ltc,Tales of Middle-earth Commander,en,Scene,mythic,nonfoil,Scene,487,scryfall_oracle:be97c400-c690-426d-a39e-4082080a3823,,,c3b06eef-0f95-4c37-8dad-903df0d11916,737117,,737117,"Aragorn, King of Gondor",5489,The Lord of the Rings: Tales of Middle-earth,,,mixed/unknown,10.04,11.4,11.5,12.1,12.4,,0,,,,Low,,EUR,EUR,,,,,"{""mapped_product_ids"": []}",MISMATCH,stored product identity conflicts with local printing,true,false,false,,,,,,,,CRITICAL,,,,CRITICAL,wrong_expansion,,"{""external_provenance"": [], ""mismatch_reasons"": [""unproven_treatment"", ""wrong_expansion""], ""scryfall_cardmarket_id"": 737117, ""stored_ids"": [737117], ""validated_stored_ids"": [737117]}",,,,
14387,magic,"Aragorn, King of Gondor",448,ltc,Tales of Middle-earth Commander,en,Scene,mythic,foil,Scene,487,scryfall_oracle:be97c400-c690-426d-a39e-4082080a3823,,,c3b06eef-0f95-4c37-8dad-903df0d11916,737117,,737117,"Aragorn, King of Gondor",5489,The Lord of the Rings: Tales of Middle-earth,,,mixed/unknown,10.04,11.4,11.5,12.1,12.4,,0,,,,Foil Low,,EUR,EUR,,,,,"{""mapped_product_ids"": []}",MISMATCH,stored product identity conflicts with local printing,true,false,false,,,,,,,,CRITICAL,,,,CRITICAL,wrong_expansion,,"{""external_provenance"": [], ""mismatch_reasons"": [""unproven_treatment"", ""wrong_expansion""], ""scryfall_cardmarket_id"": 737117, ""stored_ids"": [737117], ""validated_stored_ids"": [737117]}",,,,
14388,magic,The Balrog of Moria,449,ltc,Tales of Middle-earth Commander,en,Scene,rare,nonfoil,Scene,548,scryfall_oracle:d73191d8-6f94-4fba-acd2-2d0490e3ac00,,,7a4cc802-e038-4705-98f7-39932d3d4130,737120,,737120,The Balrog of Moria,5489,The Lord of the Rings: Tales of Middle-earth,,,mixed/unknown,9.99,0,,,,9.99,15.07,14.61,15.15,13.16,Low,,EUR,EUR,,,,,"{""mapped_product_ids"": []}",MISMATCH,stored product identity conflicts with local printing,true,false,false,,,,,,,,CRITICAL,,,,CRITICAL,wrong_expansion,,"{""external_provenance"": [], ""mismatch_reasons"": [""unproven_treatment"", ""wrong_expansion""], ""scryfall_cardmarket_id"": 737120, ""stored_ids"": [737120], ""validated_stored_ids"": [737120]}",,,,
14389,magic,The Balrog of Moria,449,ltc,Tales of Middle-earth Commander,en,Scene,rare,foil,Scene,548,scryfall_oracle:d73191d8-6f94-4fba-acd2-2d0490e3ac00,,,7a4cc802-e038-4705-98f7-39932d3d4130,737120,,737120,The Balrog of Moria,5489,The Lord of the Rings: Tales of Middle-earth,,,mixed/unknown,9.99,0,,,,9.99,15.07,14.61,15.15,13.16,Foil Low,,EUR,EUR,,,,,"{""mapped_product_ids"": []}",MISMATCH,stored product identity conflicts with local printing,true,false,false,,,,,,,,CRITICAL,,,,CRITICAL,wrong_expansion,,"{""external_provenance"": [], ""mismatch_reasons"": [""unproven_treatment"", ""wrong_expansion""], ""scryfall_cardmarket_id"": 737120, ""stored_ids"": [737120], ""validated_stored_ids"": [737120]}",,,,
14390,magic,Banquet Guests,450,ltc,Tales of Middle-earth Commander,en,Scene,rare,nonfoil,Scene,316,scryfall_oracle:7f2579ef-0422-4cb1-a0f8-6ad0d942515b,,,707fd76b-08c3-4c3c-b4e3-43282ce3d5ba,737121,,737121,Banquet Guests,5489,The Lord of the Rings: Tales of Middle-earth,,,mixed/unknown,0.99,1.59,1.5,1.63,1.45,,0,,,,Low,,EUR,EUR,,,,,"{""mapped_product_ids"": []}",MISMATCH,stored product identity conflicts with local printing,true,false,false,,,,,,,,CRITICAL,,,,CRITICAL,wrong_expansion,,"{""external_provenance"": [], ""mismatch_reasons"": [""unproven_treatment"", ""wrong_expansion""], ""scryfall_cardmarket_id"": 737121, ""stored_ids"": [737121], ""validated_stored_ids"": [737121]}",,,,
14391,magic,Banquet Guests,450,ltc,Tales of Middle-earth Commander,en,Scene,rare,foil,Scene,316,scryfall_oracle:7f2579ef-0422-4cb1-a0f8-6ad0d942515b,,,707fd76b-08c3-4c3c-b4e3-43282ce3d5ba,737121,,737121,Banquet Guests,5489,The Lord of the Rings: Tales of Middle-earth,,,mixed/unknown,0.99,1.59,1.5,1.63,1.45,,0,,,,Foil Low,,EUR,EUR,,,,,"{""mapped_product_ids"": []}",MISMATCH,stored product identity conflicts with local printing,true,false,false,,,,,,,,CRITICAL,,,,CRITICAL,wrong_expansion,,"{""external_provenance"": [], ""mismatch_reasons"": [""unproven_treatment"", ""wrong_expansion""], ""scryfall_cardmarket_id"": 737121, ""stored_ids"": [737121], ""validated_stored_ids"": [737121]}",,,,
14392,magic,"Bilbo, Birthday Celebrant",451,ltc,Tales of Middle-earth Commander,en,Scene,rare,nonfoil,Scene,214,scryfall_oracle:5789520c-e4b2-44b2-b756-3f6b468dc55b,,,5e64b052-c26c-42d1-a10e-72c2ab2ce64a,737124,,737124,"Bilbo, Birthday Celebrant",5489,The Lord of the Rings: Tales of Middle-earth,,,mixed/unknown,7,0,,,,7,7.92,6,7.67,7.1,Low,,EUR,EUR,,,,,"{""mapped_product_ids"": []}",MISMATCH,stored product identity conflicts with local printing,true,false,false,,,,,,,,CRITICAL,,,,CRITICAL,wrong_expansion,,"{""external_provenance"": [], ""mismatch_reasons"": [""unproven_treatment"", ""wrong_expansion""], ""scryfall_cardmarket_id"": 737124, ""stored_ids"": [737124], ""validated_stored_ids"": [737124]}",,,,
14393,magic,"Bilbo, Birthday Celebrant",451,ltc,Tales of Middle-earth Commander,en,Scene,rare,foil,Scene,214,scryfall_oracle:5789520c-e4b2-44b2-b756-3f6b468dc55b,,,5e64b052-c26c-42d1-a10e-72c2ab2ce64a,737124,,737124,"Bilbo, Birthday Celebrant",5489,The Lord of the Rings: Tales of Middle-earth,,,mixed/unknown,7,0,,,,7,7.92,6,7.67,7.1,Foil Low,,EUR,EUR,,,,,"{""mapped_product_ids"": []}",MISMATCH,stored product identity conflicts with local printing,true,false,false,,,,,,,,CRITICAL,,,,CRITICAL,wrong_expansion,,"{""external_provenance"": [], ""mismatch_reasons"": [""unproven_treatment"", ""wrong_expansion""], ""scryfall_cardmarket_id"": 737124, ""stored_ids"": [737124], ""validated_stored_ids"": [737124]}",,,,
14394,magic,"Boromir, Gondor's Hope",452,ltc,Tales of Middle-earth Commander,en,Showcase,rare,nonfoil,Showcase,226,scryfall_oracle:5bb5e4e5-c3b4-4f67-83e1-bde9ce9f18c4,,,c0c687e6-358e-4dcb-adbd-f6d9a5a32008,737125,,737125,"Boromir, Gondor's Hope",5489,The Lord of the Rings: Tales of Middle-earth,,,mixed/unknown,0.5,1.32,0.99,1.81,1.35,,0,,,,Low,,EUR,EUR,,,,,"{""mapped_product_ids"": []}",MISMATCH,stored product identity conflicts with local printing,true,false,false,,,,,,,,CRITICAL,,,,CRITICAL,wrong_expansion,,"{""external_provenance"": [], ""mismatch_reasons"": [""unproven_treatment"", ""wrong_expansion""], ""scryfall_cardmarket_id"": 737125, ""stored_ids"": [737125], ""validated_stored_ids"": [737125]}",,,,
14395,magic,"Boromir, Gondor's Hope",452,ltc,Tales of Middle-earth Commander,en,Showcase,rare,foil,Showcase,226,scryfall_oracle:5bb5e4e5-c3b4-4f67-83e1-bde9ce9f18c4,,,c0c687e6-358e-4dcb-adbd-f6d9a5a32008,737125,,737125,"Boromir, Gondor's Hope",5489,The Lord of the Rings: Tales of Middle-earth,,,mixed/unknown,0.5,1.32,0.99,1.81,1.35,,0,,,,Foil Low,,EUR,EUR,,,,,"{""mapped_product_ids"": []}",MISMATCH,stored product identity conflicts with local printing,true,false,false,,,,,,,,CRITICAL,,,,CRITICAL,wrong_expansion,,"{""external_provenance"": [], ""mismatch_reasons"": [""unproven_treatment"", ""wrong_expansion""], ""scryfall_cardmarket_id"": 737125, ""stored_ids"": [737125], ""validated_stored_ids"": [737125]}",,,,
14396,magic,Círdan the Shipwright,453,ltc,Tales of Middle-earth Commander,en,Showcase,rare,nonfoil,Showcase,18,scryfall_oracle:063e05b0-554f-4b55-9feb-e11f3927f3a6,,,fc4ebb90-4ecb-4726-943c-acd441b9013b,737127,,737127,Círdan the Shipwright,5489,The Lord of the Rings: Tales of Middle-earth,,,mixed/unknown,0.5,1.86,1.25,1.55,1.3,,0,,,,Low,,EUR,EUR,,,,,"{""mapped_product_ids"": []}",MISMATCH,stored product identity conflicts with local printing,true,false,false,,,,,,,,CRITICAL,,,,CRITICAL,wrong_expansion,,"{""external_provenance"": [], ""mismatch_reasons"": [""unproven_treatment"", ""wrong_expansion""], ""scryfall_cardmarket_id"": 737127, ""stored_ids"": [737127], ""validated_stored_ids"": [737127]}",,,,
14397,magic,Círdan the Shipwright,453,ltc,Tales of Middle-earth Commander,en,Showcase,rare,foil,Showcase,18,scryfall_oracle:063e05b0-554f-4b55-9feb-e11f3927f3a6,,,fc4ebb90-4ecb-4726-943c-acd441b9013b,737127,,737127,Círdan the Shipwright,5489,The Lord of the Rings: Tales of Middle-earth,,,mixed/unknown,0.5,1.86,1.25,1.55,1.3,,0,,,,Foil Low,,EUR,EUR,,,,,"{""mapped_product_ids"": []}",MISMATCH,stored product identity conflicts with local printing,true,false,false,,,,,,,,CRITICAL,,,,CRITICAL,wrong_expansion,,"{""external_provenance"": [], ""mismatch_reasons"": [""unproven_treatment"", ""wrong_expansion""], ""scryfall_cardmarket_id"": 737127, ""stored_ids"": [737127], ""validated_stored_ids"": [737127]}",,,,
14398,magic,Elrond of the White Council,454,ltc,Tales of Middle-earth Commander,en,Showcase,rare,nonfoil,Showcase,223,scryfall_oracle:5ae4a172-b846-4ec2-8178-a8b762134bfe,,,62078510-5034-494c-a8b2-ca8ac31398d9,737129,,737129,Elrond of the White Council,5489,The Lord of the Rings: Tales of Middle-earth,,,mixed/unknown,0.4,1.06,2.05,1.26,0.89,,0,,,,Low,,EUR,EUR,,,,,"{""mapped_product_ids"": []}",MISMATCH,stored product identity conflicts with local printing,true,false,false,,,,,,,,CRITICAL,,,,CRITICAL,wrong_expansion,,"{""external_provenance"": [], ""mismatch_reasons"": [""unproven_treatment"", ""wrong_expansion""], ""scryfall_cardmarket_id"": 737129, ""stored_ids"": [737129], ""validated_stored_ids"": [737129]}",,,,
14399,magic,Elrond of the White Council,454,ltc,Tales of Middle-earth Commander,en,Showcase,rare,foil,Showcase,223,scryfall_oracle:5ae4a172-b846-4ec2-8178-a8b762134bfe,,,62078510-5034-494c-a8b2-ca8ac31398d9,737129,,737129,Elrond of the White Council,5489,The Lord of the Rings: Tales of Middle-earth,,,mixed/unknown,0.4,1.06,2.05,1.26,0.89,,0,,,,Foil Low,,EUR,EUR,,,,,"{""mapped_product_ids"": []}",MISMATCH,stored product identity conflicts with local printing,true,false,false,,,,,,,,CRITICAL,,,,CRITICAL,wrong_expansion,,"{""external_provenance"": [], ""mismatch_reasons"": [""unproven_treatment"", ""wrong_expansion""], ""scryfall_cardmarket_id"": 737129, ""stored_ids"": [737129], ""validated_stored_ids"": [737129]}",,,,
14400,magic,"Éomer, King of Rohan",455,ltc,Tales of Middle-earth Commander,en,Showcase,rare,nonfoil,Showcase,200,scryfall_oracle:4f8191e6-a6aa-4426-9014-eff4e0efee9e,,,a60fd036-8df3-49b8-8413-acc6af12106d,737131,,737131,"Éomer, King of Rohan",5489,The Lord of the Rings: Tales of Middle-earth,,,mixed/unknown,2,2.68,2.5,2.67,1.89,,0,,,,Low,,EUR,EUR,,,,,"{""mapped_product_ids"": []}",MISMATCH,stored product identity conflicts with local printing,true,false,false,,,,,,,,CRITICAL,,,,CRITICAL,wrong_expansion,,"{""external_provenance"": [], ""mismatch_reasons"": [""unproven_treatment"", ""wrong_expansion""], ""scryfall_cardmarket_id"": 737131, ""stored_ids"": [737131], ""validated_stored_ids"": [737131]}",,,,
14401,magic,"Éomer, King of Rohan",455,ltc,Tales of Middle-earth Commander,en,Showcase,rare,foil,Showcase,200,scryfall_oracle:4f8191e6-a6aa-4426-9014-eff4e0efee9e,,,a60fd036-8df3-49b8-8413-acc6af12106d,737131,,737131,"Éomer, King of Rohan",5489,The Lord of the Rings: Tales of Middle-earth,,,mixed/unknown,2,2.68,2.5,2.67,1.89,,0,,,,Foil Low,,EUR,EUR,,,,,"{""mapped_product_ids"": []}",MISMATCH,stored product identity conflicts with local printing,true,false,false,,,,,,,,CRITICAL,,,,CRITICAL,wrong_expansion,,"{""external_provenance"": [], ""mismatch_reasons"": [""unproven_treatment"", ""wrong_expansion""], ""scryfall_cardmarket_id"": 737131, ""stored_ids"": [737131], ""validated_stored_ids"": [737131]}",,,,
14402,magic,"Éowyn, Shieldmaiden",456,ltc,Tales of Middle-earth Commander,en,Showcase,mythic,nonfoil,Showcase,386,scryfall_oracle:98a2a642-a30a-43e7-b47f-4776c22d1cb0,,,902122b6-ad76-4069-8177-2ac720809659,737134,,737134,"Éowyn, Shieldmaiden",5489,The Lord of the Rings: Tales of Middle-earth,,,mixed/unknown,23.98,0,,,,23.98,27.91,23.99,28.56,23.47,Low,,EUR,EUR,,,,,"{""mapped_product_ids"": []}",MISMATCH,stored product identity conflicts with local printing,true,false,false,,,,,,,,CRITICAL,,,,CRITICAL,wrong_expansion,,"{""external_provenance"": [], ""mismatch_reasons"": [""unproven_treatment"", ""wrong_expansion""], ""scryfall_cardmarket_id"": 737134, ""stored_ids"": [737134], ""validated_stored_ids"": [737134]}",,,,
14403,magic,"Éowyn, Shieldmaiden",456,ltc,Tales of Middle-earth Commander,en,Showcase,mythic,foil,Showcase,386,scryfall_oracle:98a2a642-a30a-43e7-b47f-4776c22d1cb0,,,902122b6-ad76-4069-8177-2ac720809659,737134,,737134,"Éowyn, Shieldmaiden",5489,The Lord of the Rings: Tales of Middle-earth,,,mixed/unknown,23.98,0,,,,23.98,27.91,23.99,28.56,23.47,Foil Low,,EUR,EUR,,,,,"{""mapped_product_ids"": []}",MISMATCH,stored product identity conflicts with local printing,true,false,false,,,,,,,,CRITICAL,,,,CRITICAL,wrong_expansion,,"{""external_provenance"": [], ""mismatch_reasons"": [""unproven_treatment"", ""wrong_expansion""], ""scryfall_cardmarket_id"": 737134, ""stored_ids"": [737134], ""validated_stored_ids"": [737134]}",,,,
14404,magic,Erestor of the Council,457,ltc,Tales of Middle-earth Commander,en,Showcase,rare,nonfoil,Showcase,468,scryfall_oracle:b65e1dff-9423-4840-a6af-78cb3e6f4f31,,,f4549bed-a026-4238-93c0-213fef84e789,737135,,737135,Erestor of the Council,5489,The Lord of the Rings: Tales of Middle-earth,,,mixed/unknown,0.35,0.9,1,0.78,0.79,,0,,,,Low,,EUR,EUR,,,,,"{""mapped_product_ids"": []}",MISMATCH,stored product identity conflicts with local printing,true,false,false,,,,,,,,CRITICAL,,,,CRITICAL,wrong_expansion,,"{""external_provenance"": [], ""mismatch_reasons"": [""unproven_treatment"", ""wrong_expansion""], ""scryfall_cardmarket_id"": 737135, ""stored_ids"": [737135], ""validated_stored_ids"": [737135]}",,,,
14405,magic,Erestor of the Council,457,ltc,Tales of Middle-earth Commander,en,Showcase,rare,foil,Showcase,468,scryfall_oracle:b65e1dff-9423-4840-a6af-78cb3e6f4f31,,,f4549bed-a026-4238-93c0-213fef84e789,737135,,737135,Erestor of the Council,5489,The Lord of the Rings: Tales of Middle-earth,,,mixed/unknown,0.35,0.9,1,0.78,0.79,,0,,,,Foil Low,,EUR,EUR,,,,,"{""mapped_product_ids"": []}",MISMATCH,stored product identity conflicts with local printing,true,false,false,,,,,,,,CRITICAL,,,,CRITICAL,wrong_expansion,,"{""external_provenance"": [], ""mismatch_reasons"": [""unproven_treatment"", ""wrong_expansion""], ""scryfall_cardmarket_id"": 737135, ""stored_ids"": [737135], ""validated_stored_ids"": [737135]}",,,,
14406,magic,"Faramir, Steward of Gondor",458,ltc,Tales of Middle-earth Commander,en,Showcase,rare,nonfoil,Showcase,180,scryfall_oracle:466af6da-52e8-4ac5-b659-7492e3594ff8,,,f4180f30-38c2-4836-a748-4ecb5f186458,737138,,737138,"Faramir, Steward of Gondor",5489,The Lord of the Rings: Tales of Middle-earth,,,mixed/unknown,2.99,0,,,,2.99,3.86,3.98,3.76,3.85,Low,,EUR,EUR,,,,,"{""mapped_product_ids"": []}",MISMATCH,stored product identity conflicts with local printing,true,false,false,,,,,,,,CRITICAL,,,,CRITICAL,wrong_expansion,,"{""external_provenance"": [], ""mismatch_reasons"": [""unproven_treatment"", ""wrong_expansion""], ""scryfall_cardmarket_id"": 737138, ""stored_ids"": [737138], ""validated_stored_ids"": [737138]}",,,,
14407,magic,"Faramir, Steward of Gondor",458,ltc,Tales of Middle-earth Commander,en,Showcase,rare,foil,Showcase,180,scryfall_oracle:466af6da-52e8-4ac5-b659-7492e3594ff8,,,f4180f30-38c2-4836-a748-4ecb5f186458,737138,,737138,"Faramir, Steward of Gondor",5489,The Lord of the Rings: Tales of Middle-earth,,,mixed/unknown,2.99,0,,,,2.99,3.86,3.98,3.76,3.85,Foil Low,,EUR,EUR,,,,,"{""mapped_product_ids"": []}",MISMATCH,stored product identity conflicts with local printing,true,false,false,,,,,,,,CRITICAL,,,,CRITICAL,wrong_expansion,,"{""external_provenance"": [], ""mismatch_reasons"": [""unproven_treatment"", ""wrong_expansion""], ""scryfall_cardmarket_id"": 737138, ""stored_ids"": [737138], ""validated_stored_ids"": [737138]}",,,,
14408,magic,Farmer Cotton,459,ltc,Tales of Middle-earth Commander,en,Showcase,rare,nonfoil,Showcase,43,scryfall_oracle:11f1d2b7-0c2b-40df-bf90-3c55b23449af,,,b19fcc45-a77a-4296-a2a6-8320b5712cc5,737139,,737139,Farmer Cotton,5489,The Lord of the Rings: Tales of Middle-earth,,,mixed/unknown,4,5.42,4.9,5.48,5.52,,0,,,,Low,,EUR,EUR,,,,,"{""mapped_product_ids"": []}",MISMATCH,stored product identity conflicts with local printing,true,false,false,,,,,,,,CRITICAL,,,,CRITICAL,wrong_expansion,,"{""external_provenance"": [], ""mismatch_reasons"": [""unproven_treatment"", ""wrong_expansion""], ""scryfall_cardmarket_id"": 737139, ""stored_ids"": [737139], ""validated_stored_ids"": [737139]}",,,,
14409,magic,Farmer Cotton,459,ltc,Tales of Middle-earth Commander,en,Showcase,rare,foil,Showcase,43,scryfall_oracle:11f1d2b7-0c2b-40df-bf90-3c55b23449af,,,b19fcc45-a77a-4296-a2a6-8320b5712cc5,737139,,737139,Farmer Cotton,5489,The Lord of the Rings: Tales of Middle-earth,,,mixed/unknown,4,5.42,4.9,5.48,5.52,,0,,,,Foil Low,,EUR,EUR,,,,,"{""mapped_product_ids"": []}",MISMATCH,stored product identity conflicts with local printing,true,false,false,,,,,,,,CRITICAL,,,,CRITICAL,wrong_expansion,,"{""external_provenance"": [], ""mismatch_reasons"": [""unproven_treatment"", ""wrong_expansion""], ""scryfall_cardmarket_id"": 737139, ""stored_ids"": [737139], ""validated_stored_ids"": [737139]}",,,,
14410,magic,Forth Eorlingas!,460,ltc,Tales of Middle-earth Commander,en,Showcase,rare,nonfoil,Showcase,129,scryfall_oracle:35807c14-4647-482f-9ba1-6d640fd5e8d8,,,8c529ffe-03cd-46f3-b8d6-9b9b6909d654,737142,,737142,Forth Eorlingas!,5489,The Lord of the Rings: Tales of Middle-earth,,,mixed/unknown,32,0,,,,32,36.93,36,36.1,37.31,Low,,EUR,EUR,,,,,"{""mapped_product_ids"": []}",MISMATCH,stored product identity conflicts with local printing,true,false,false,,,,,,,,CRITICAL,,,,CRITICAL,wrong_expansion,,"{""external_provenance"": [], ""mismatch_reasons"": [""unproven_treatment"", ""wrong_expansion""], ""scryfall_cardmarket_id"": 737142, ""stored_ids"": [737142], ""validated_stored_ids"": [737142]}",,,,
14411,magic,Forth Eorlingas!,460,ltc,Tales of Middle-earth Commander,en,Showcase,rare,foil,Showcase,129,scryfall_oracle:35807c14-4647-482f-9ba1-6d640fd5e8d8,,,8c529ffe-03cd-46f3-b8d6-9b9b6909d654,737142,,737142,Forth Eorlingas!,5489,The Lord of the Rings: Tales of Middle-earth,,,mixed/unknown,32,0,,,,32,36.93,36,36.1,37.31,Foil Low,,EUR,EUR,,,,,"{""mapped_product_ids"": []}",MISMATCH,stored product identity conflicts with local printing,true,false,false,,,,,,,,CRITICAL,,,,CRITICAL,wrong_expansion,,"{""external_provenance"": [], ""mismatch_reasons"": [""unproven_treatment"", ""wrong_expansion""], ""scryfall_cardmarket_id"": 737142, ""stored_ids"": [737142], ""validated_stored_ids"": [737142]}",,,,
14412,magic,"Frodo, Adventurous Hobbit",461,ltc,Tales of Middle-earth Commander,en,Showcase,mythic,nonfoil,Showcase,219,scryfall_oracle:58ee8c10-7be8-4889-944d-13cae0a4166d,,,a223c85f-3952-40d0-88d4-d5c3e8cd864d,737143,,737143,"Frodo, Adventurous Hobbit",5489,The Lord of the Rings: Tales of Middle-earth,,,mixed/unknown,15.74,17.95,15,16.84,16.15,,0,,,,Low,,EUR,EUR,,,,,"{""mapped_product_ids"": []}",MISMATCH,stored product identity conflicts with local printing,true,false,false,,,,,,,,CRITICAL,,,,CRITICAL,wrong_expansion,,"{""external_provenance"": [], ""mismatch_reasons"": [""unproven_treatment"", ""wrong_expansion""], ""scryfall_cardmarket_id"": 737143, ""stored_ids"": [737143], ""validated_stored_ids"": [737143]}",,,,
14413,magic,"Frodo, Adventurous Hobbit",461,ltc,Tales of Middle-earth Commander,en,Showcase,mythic,foil,Showcase,219,scryfall_oracle:58ee8c10-7be8-4889-944d-13cae0a4166d,,,a223c85f-3952-40d0-88d4-d5c3e8cd864d,737143,,737143,"Frodo, Adventurous Hobbit",5489,The Lord of the Rings: Tales of Middle-earth,,,mixed/unknown,15.74,17.95,15,16.84,16.15,,0,,,,Foil Low,,EUR,EUR,,,,,"{""mapped_product_ids"": []}",MISMATCH,stored product identity conflicts with local printing,true,false,false,,,,,,,,CRITICAL,,,,CRITICAL,wrong_expansion,,"{""external_provenance"": [], ""mismatch_reasons"": [""unproven_treatment"", ""wrong_expansion""], ""scryfall_cardmarket_id"": 737143, ""stored_ids"": [737143], ""validated_stored_ids"": [737143]}",,,,
14414,magic,"Galadriel, Elven-Queen",462,ltc,Tales of Middle-earth Commander,en,Showcase,mythic,nonfoil,Showcase,476,scryfall_oracle:b97a11c2-7119-4399-9565-bf69520d3988,,,b5dd5ed3-0679-4a9b-9e39-69412536dd33,737145,,737145,"Galadriel, Elven-Queen",5489,The Lord of the Rings: Tales of Middle-earth,,,mixed/unknown,4,4.16,3.97,4.92,5.84,,0,,,,Low,,EUR,EUR,,,,,"{""mapped_product_ids"": []}",MISMATCH,stored product identity conflicts with local printing,true,false,false,,,,,,,,CRITICAL,,,,CRITICAL,wrong_expansion,,"{""external_provenance"": [], ""mismatch_reasons"": [""unproven_treatment"", ""wrong_expansion""], ""scryfall_cardmarket_id"": 737145, ""stored_ids"": [737145], ""validated_stored_ids"": [737145]}",,,,
14415,magic,"Galadriel, Elven-Queen",462,ltc,Tales of Middle-earth Commander,en,Showcase,mythic,foil,Showcase,476,scryfall_oracle:b97a11c2-7119-4399-9565-bf69520d3988,,,b5dd5ed3-0679-4a9b-9e39-69412536dd33,737145,,737145,"Galadriel, Elven-Queen",5489,The Lord of the Rings: Tales of Middle-earth,,,mixed/unknown,4,4.16,3.97,4.92,5.84,,0,,,,Foil Low,,EUR,EUR,,,,,"{""mapped_product_ids"": []}",MISMATCH,stored product identity conflicts with local printing,true,false,false,,,,,,,,CRITICAL,,,,CRITICAL,wrong_expansion,,"{""external_provenance"": [], ""mismatch_reasons"": [""unproven_treatment"", ""wrong_expansion""], ""scryfall_cardmarket_id"": 737145, ""stored_ids"": [737145], ""validated_stored_ids"": [737145]}",,,,
14416,magic,"Gandalf, Westward Voyager",463,ltc,Tales of Middle-earth Commander,en,Showcase,mythic,nonfoil,Showcase,175,scryfall_oracle:4563ae4b-6226-4cc9-abde-582d0ab83433,,,b982f08c-51ca-47de-9bbf-3729f77acc8c,737147,,737147,"Gandalf, Westward Voyager",5489,The Lord of the Rings: Tales of Middle-earth,,,mixed/unknown,3.57,3.86,5.55,4.93,5.74,,0,,,,Low,,EUR,EUR,,,,,"{""mapped_product_ids"": []}",MISMATCH,stored product identity conflicts with local printing,true,false,false,,,,,,,,CRITICAL,,,,CRITICAL,wrong_expansion,,"{""external_provenance"": [], ""mismatch_reasons"": [""unproven_treatment"", ""wrong_expansion""], ""scryfall_cardmarket_id"": 737147, ""stored_ids"": [737147], ""validated_stored_ids"": [737147]}",,,,
14417,magic,"Gandalf, Westward Voyager",463,ltc,Tales of Middle-earth Commander,en,Showcase,mythic,foil,Showcase,175,scryfall_oracle:4563ae4b-6226-4cc9-abde-582d0ab83433,,,b982f08c-51ca-47de-9bbf-3729f77acc8c,737147,,737147,"Gandalf, Westward Voyager",5489,The Lord of the Rings: Tales of Middle-earth,,,mixed/unknown,3.57,3.86,5.55,4.93,5.74,,0,,,,Foil Low,,EUR,EUR,,,,,"{""mapped_product_ids"": []}",MISMATCH,stored product identity conflicts with local printing,true,false,false,,,,,,,,CRITICAL,,,,CRITICAL,wrong_expansion,,"{""external_provenance"": [], ""mismatch_reasons"": [""unproven_treatment"", ""wrong_expansion""], ""scryfall_cardmarket_id"": 737147, ""stored_ids"": [737147], ""validated_stored_ids"": [737147]}",,,,
14418,magic,"Gríma, Saruman's Footman",464,ltc,Tales of Middle-earth Commander,en,Showcase,rare,nonfoil,Showcase,402,scryfall_oracle:9df60bb7-2dd4-4d22-b814-f52145356424,,,cae163f5-d6fe-4e7f-b8d3-35701c2d2a59,737149,,737149,"Gríma, Saruman's Footman",5489,The Lord of the Rings: Tales of Middle-earth,,,mixed/unknown,5,7.4,6.95,6.87,5.82,,0,,,,Low,,EUR,EUR,,,,,"{""mapped_product_ids"": []}",MISMATCH,stored product identity conflicts with local printing,true,false,false,,,,,,,,CRITICAL,,,,CRITICAL,wrong_expansion,,"{""external_provenance"": [], ""mismatch_reasons"": [""unproven_treatment"", ""wrong_expansion""], ""scryfall_cardmarket_id"": 737149, ""stored_ids"": [737149], ""validated_stored_ids"": [737149]}",,,,
14419,magic,"Gríma, Saruman's Footman",464,ltc,Tales of Middle-earth Commander,en,Showcase,rare,foil,Showcase,402,scryfall_oracle:9df60bb7-2dd4-4d22-b814-f52145356424,,,cae163f5-d6fe-4e7f-b8d3-35701c2d2a59,737149,,737149,"Gríma, Saruman's Footman",5489,The Lord of the Rings: Tales of Middle-earth,,,mixed/unknown,5,7.4,6.95,6.87,5.82,,0,,,,Foil Low,,EUR,EUR,,,,,"{""mapped_product_ids"": []}",MISMATCH,stored product identity conflicts with local printing,true,false,false,,,,,,,,CRITICAL,,,,CRITICAL,wrong_expansion,,"{""external_provenance"": [], ""mismatch_reasons"": [""unproven_treatment"", ""wrong_expansion""], ""scryfall_cardmarket_id"": 737149, ""stored_ids"": [737149], ""validated_stored_ids"": [737149]}",,,,
14420,magic,In the Darkness Bind Them,465,ltc,Tales of Middle-earth Commander,en,Showcase,rare,nonfoil,Showcase,513,scryfall_oracle:c8689a83-cefa-4ef3-8ec1-58b4c64e332b,,,46ffeca9-a934-4592-8dd7-18750fcac11d,737152,,737152,In the Darkness Bind Them,5489,The Lord of the Rings: Tales of Middle-earth,,,mixed/unknown,7,0,,,,7,8.49,8.45,8.52,8.59,Low,,EUR,EUR,,,,,"{""mapped_product_ids"": []}",MISMATCH,stored product identity conflicts with local printing,true,false,false,,,,,,,,CRITICAL,,,,CRITICAL,wrong_expansion,,"{""external_provenance"": [], ""mismatch_reasons"": [""unproven_treatment"", ""wrong_expansion""], ""scryfall_cardmarket_id"": 737152, ""stored_ids"": [737152], ""validated_stored_ids"": [737152]}",,,,
14421,magic,In the Darkness Bind Them,465,ltc,Tales of Middle-earth Commander,en,Showcase,rare,foil,Showcase,513,scryfall_oracle:c8689a83-cefa-4ef3-8ec1-58b4c64e332b,,,46ffeca9-a934-4592-8dd7-18750fcac11d,737152,,737152,In the Darkness Bind Them,5489,The Lord of the Rings: Tales of Middle-earth,,,mixed/unknown,7,0,,,,7,8.49,8.45,8.52,8.59,Foil Low,,EUR,EUR,,,,,"{""mapped_product_ids"": []}",MISMATCH,stored product identity conflicts with local printing,true,false,false,,,,,,,,CRITICAL,,,,CRITICAL,wrong_expansion,,"{""external_provenance"": [], ""mismatch_reasons"": [""unproven_treatment"", ""wrong_expansion""], ""scryfall_cardmarket_id"": 737152, ""stored_ids"": [737152], ""validated_stored_ids"": [737152]}",,,,
14422,magic,Lidless Gaze,466,ltc,Tales of Middle-earth Commander,en,Showcase,rare,nonfoil,Showcase,99,scryfall_oracle:287aae84-b098-456e-b9cb-8eac51c36360,,,7d1640d6-a52f-43df-b718-4fd31ae5f51d,737153,,737153,Lidless Gaze,5489,The Lord of the Rings: Tales of Middle-earth,,,mixed/unknown,0.3,0.64,0.75,0.66,0.74,,0,,,,Low,,EUR,EUR,,,,,"{""mapped_product_ids"": []}",MISMATCH,stored product identity conflicts with local printing,true,false,false,,,,,,,,CRITICAL,,,,CRITICAL,wrong_expansion,,"{""external_provenance"": [], ""mismatch_reasons"": [""unproven_treatment"", ""wrong_expansion""], ""scryfall_cardmarket_id"": 737153, ""stored_ids"": [737153], ""validated_stored_ids"": [737153]}",,,,
14423,magic,Lidless Gaze,466,ltc,Tales of Middle-earth Commander,en,Showcase,rare,foil,Showcase,99,scryfall_oracle:287aae84-b098-456e-b9cb-8eac51c36360,,,7d1640d6-a52f-43df-b718-4fd31ae5f51d,737153,,737153,Lidless Gaze,5489,The Lord of the Rings: Tales of Middle-earth,,,mixed/unknown,0.3,0.64,0.75,0.66,0.74,,0,,,,Foil Low,,EUR,EUR,,,,,"{""mapped_product_ids"": []}",MISMATCH,stored product identity conflicts with local printing,true,false,false,,,,,,,,CRITICAL,,,,CRITICAL,wrong_expansion,,"{""external_provenance"": [], ""mismatch_reasons"": [""unproven_treatment"", ""wrong_expansion""], ""scryfall_cardmarket_id"": 737153, ""stored_ids"": [737153], ""validated_stored_ids"": [737153]}",,,,
14424,magic,Lord of the Nazgûl,467,ltc,Tales of Middle-earth Commander,en,Showcase,rare,nonfoil,Showcase,112,scryfall_oracle:2e94bfb2-9f7d-43af-8995-6cd5ffb15b21,,,a13343e9-b6bb-421c-8ba5-fe3c6794dca0,737156,,737156,Lord of the Nazgûl,5489,The Lord of the Rings: Tales of Middle-earth,,,mixed/unknown,125,0,,,,125,82.06,95,73.09,48.7,Low,,EUR,EUR,,,,,"{""mapped_product_ids"": []}",MISMATCH,stored product identity conflicts with local printing,true,false,false,,,,,,,,CRITICAL,,,,CRITICAL,wrong_expansion,,"{""external_provenance"": [], ""mismatch_reasons"": [""unproven_treatment"", ""wrong_expansion""], ""scryfall_cardmarket_id"": 737156, ""stored_ids"": [737156], ""validated_stored_ids"": [737156]}",,,,
14425,magic,Lord of the Nazgûl,467,ltc,Tales of Middle-earth Commander,en,Showcase,rare,foil,Showcase,112,scryfall_oracle:2e94bfb2-9f7d-43af-8995-6cd5ffb15b21,,,a13343e9-b6bb-421c-8ba5-fe3c6794dca0,737156,,737156,Lord of the Nazgûl,5489,The Lord of the Rings: Tales of Middle-earth,,,mixed/unknown,125,0,,,,125,82.06,95,73.09,48.7,Foil Low,,EUR,EUR,,,,,"{""mapped_product_ids"": []}",MISMATCH,stored product identity conflicts with local printing,true,false,false,,,,,,,,CRITICAL,,,,CRITICAL,wrong_expansion,,"{""external_provenance"": [], ""mismatch_reasons"": [""unproven_treatment"", ""wrong_expansion""], ""scryfall_cardmarket_id"": 737156, ""stored_ids"": [737156], ""validated_stored_ids"": [737156]}",,,,
14426,magic,"Merry, Warden of Isengard",468,ltc,Tales of Middle-earth Commander,en,Showcase,rare,nonfoil,Showcase,70,scryfall_oracle:1b600345-2b89-45bc-98c8-609fdd08a5fd,,,42a317e2-e190-4442-aa1b-6f7eca8a3dc8,737157,,737157,"Merry, Warden of Isengard",5489,The Lord of the Rings: Tales of Middle-earth,,,mixed/unknown,2.07,2.6,1.99,2.99,3.05,,0,,,,Low,,EUR,EUR,,,,,"{""mapped_product_ids"": []}",MISMATCH,stored product identity conflicts with local printing,true,false,false,,,,,,,,CRITICAL,,,,CRITICAL,wrong_expansion,,"{""external_provenance"": [], ""mismatch_reasons"": [""unproven_treatment"", ""wrong_expansion""], ""scryfall_cardmarket_id"": 737157, ""stored_ids"": [737157], ""validated_stored_ids"": [737157]}",,,,
14427,magic,"Merry, Warden of Isengard",468,ltc,Tales of Middle-earth Commander,en,Showcase,rare,foil,Showcase,70,scryfall_oracle:1b600345-2b89-45bc-98c8-609fdd08a5fd,,,42a317e2-e190-4442-aa1b-6f7eca8a3dc8,737157,,737157,"Merry, Warden of Isengard",5489,The Lord of the Rings: Tales of Middle-earth,,,mixed/unknown,2.07,2.6,1.99,2.99,3.05,,0,,,,Foil Low,,EUR,EUR,,,,,"{""mapped_product_ids"": []}",MISMATCH,stored product identity conflicts with local printing,true,false,false,,,,,,,,CRITICAL,,,,CRITICAL,wrong_expansion,,"{""external_provenance"": [], ""mismatch_reasons"": [""unproven_treatment"", ""wrong_expansion""], ""scryfall_cardmarket_id"": 737157, ""stored_ids"": [737157], ""validated_stored_ids"": [737157]}",,,,
14428,magic,Mirkwood Trapper,469,ltc,Tales of Middle-earth Commander,en,Showcase,rare,nonfoil,Showcase,568,scryfall_oracle:debbbdb2-2fa8-413f-b394-977212915c65,,,2417a0df-327e-4cb2-af1e-8de9b503c51d,737159,,737159,Mirkwood Trapper,5489,The Lord of the Rings: Tales of Middle-earth,,,mixed/unknown,0.2,0.66,0.99,0.69,0.63,,0,,,,Low,,EUR,EUR,,,,,"{""mapped_product_ids"": []}",MISMATCH,stored product identity conflicts with local printing,true,false,false,,,,,,,,CRITICAL,,,,CRITICAL,wrong_expansion,,"{""external_provenance"": [], ""mismatch_reasons"": [""unproven_treatment"", ""wrong_expansion""], ""scryfall_cardmarket_id"": 737159, ""stored_ids"": [737159], ""validated_stored_ids"": [737159]}",,,,
14429,magic,Mirkwood Trapper,469,ltc,Tales of Middle-earth Commander,en,Showcase,rare,foil,Showcase,568,scryfall_oracle:debbbdb2-2fa8-413f-b394-977212915c65,,,2417a0df-327e-4cb2-af1e-8de9b503c51d,737159,,737159,Mirkwood Trapper,5489,The Lord of the Rings: Tales of Middle-earth,,,mixed/unknown,0.2,0.66,0.99,0.69,0.63,,0,,,,Foil Low,,EUR,EUR,,,,,"{""mapped_product_ids"": []}",MISMATCH,stored product identity conflicts with local printing,true,false,false,,,,,,,,CRITICAL,,,,CRITICAL,wrong_expansion,,"{""external_provenance"": [], ""mismatch_reasons"": [""unproven_treatment"", ""wrong_expansion""], ""scryfall_cardmarket_id"": 737159, ""stored_ids"": [737159], ""validated_stored_ids"": [737159]}",,,,
14430,magic,Moria Scavenger,470,ltc,Tales of Middle-earth Commander,en,Showcase,rare,nonfoil,Showcase,423,scryfall_oracle:a598e824-ad8e-4947-896b-70c5275b615a,,,a292be65-3324-4ec2-89cb-27852a777535,737161,,737161,Moria Scavenger,5489,The Lord of the Rings: Tales of Middle-earth,,,mixed/unknown,0.3,3.07,1.67,3.95,2.06,,0,,,,Low,,EUR,EUR,,,,,"{""mapped_product_ids"": []}",MISMATCH,stored product identity conflicts with local printing,true,false,false,,,,,,,,CRITICAL,,,,CRITICAL,wrong_expansion,,"{""external_provenance"": [], ""mismatch_reasons"": [""unproven_treatment"", ""wrong_expansion""], ""scryfall_cardmarket_id"": 737161, ""stored_ids"": [737161], ""validated_stored_ids"": [737161]}",,,,
14431,magic,Moria Scavenger,470,ltc,Tales of Middle-earth Commander,en,Showcase,rare,foil,Showcase,423,scryfall_oracle:a598e824-ad8e-4947-896b-70c5275b615a,,,a292be65-3324-4ec2-89cb-27852a777535,737161,,737161,Moria Scavenger,5489,The Lord of the Rings: Tales of Middle-earth,,,mixed/unknown,0.3,3.07,1.67,3.95,2.06,,0,,,,Foil Low,,EUR,EUR,,,,,"{""mapped_product_ids"": []}",MISMATCH,stored product identity conflicts with local printing,true,false,false,,,,,,,,CRITICAL,,,,CRITICAL,wrong_expansion,,"{""external_provenance"": [], ""mismatch_reasons"": [""unproven_treatment"", ""wrong_expansion""], ""scryfall_cardmarket_id"": 737161, ""stored_ids"": [737161], ""validated_stored_ids"": [737161]}",,,,
14432,magic,Oath of Eorl,471,ltc,Tales of Middle-earth Commander,en,Showcase,rare,nonfoil,Showcase,161,scryfall_oracle:3f8f72d8-5c3a-4f31-8741-3c1a55d9b739,,,1cf7ebef-014e-4305-851d-28659306bab8,737163,,737163,Oath of Eorl,5489,The Lord of the Rings: Tales of Middle-earth,,,mixed/unknown,0.6,1.35,1.23,1.23,1.5,,0,,,,Low,,EUR,EUR,,,,,"{""mapped_product_ids"": []}",MISMATCH,stored product identity conflicts with local printing,true,false,false,,,,,,,,CRITICAL,,,,CRITICAL,wrong_expansion,,"{""external_provenance"": [], ""mismatch_reasons"": [""unproven_treatment"", ""wrong_expansion""], ""scryfall_cardmarket_id"": 737163, ""stored_ids"": [737163], ""validated_stored_ids"": [737163]}",,,,
14433,magic,Oath of Eorl,471,ltc,Tales of Middle-earth Commander,en,Showcase,rare,foil,Showcase,161,scryfall_oracle:3f8f72d8-5c3a-4f31-8741-3c1a55d9b739,,,1cf7ebef-014e-4305-851d-28659306bab8,737163,,737163,Oath of Eorl,5489,The Lord of the Rings: Tales of Middle-earth,,,mixed/unknown,0.6,1.35,1.23,1.23,1.5,,0,,,,Foil Low,,EUR,EUR,,,,,"{""mapped_product_ids"": []}",MISMATCH,stored product identity conflicts with local printing,true,false,false,,,,,,,,CRITICAL,,,,CRITICAL,wrong_expansion,,"{""external_provenance"": [], ""mismatch_reasons"": [""unproven_treatment"", ""wrong_expansion""], ""scryfall_cardmarket_id"": 737163, ""stored_ids"": [737163], ""validated_stored_ids"": [737163]}",,,,
14434,magic,"Pippin, Warden of Isengard",472,ltc,Tales of Middle-earth Commander,en,Showcase,rare,nonfoil,Showcase,167,scryfall_oracle:421ec8a8-2b20-4296-b8f7-010acc3f8097,,,4ef54258-6b01-4758-aed0-695fe5c10dfb,737166,,737166,"Pippin, Warden of Isengard",5489,The Lord of the Rings: Tales of Middle-earth,,,mixed/unknown,9.46,0,,,,9.46,10.67,9.46,10.18,10.3,Low,,EUR,EUR,,,,,"{""mapped_product_ids"": []}",MISMATCH,stored product identity conflicts with local printing,true,false,false,,,,,,,,CRITICAL,,,,CRITICAL,wrong_expansion,,"{""external_provenance"": [], ""mismatch_reasons"": [""unproven_treatment"", ""wrong_expansion""], ""scryfall_cardmarket_id"": 737166, ""stored_ids"": [737166], ""validated_stored_ids"": [737166]}",,,,
14435,magic,"Pippin, Warden of Isengard",472,ltc,Tales of Middle-earth Commander,en,Showcase,rare,foil,Showcase,167,scryfall_oracle:421ec8a8-2b20-4296-b8f7-010acc3f8097,,,4ef54258-6b01-4758-aed0-695fe5c10dfb,737166,,737166,"Pippin, Warden of Isengard",5489,The Lord of the Rings: Tales of Middle-earth,,,mixed/unknown,9.46,0,,,,9.46,10.67,9.46,10.18,10.3,Foil Low,,EUR,EUR,,,,,"{""mapped_product_ids"": []}",MISMATCH,stored product identity conflicts with local printing,true,false,false,,,,,,,,CRITICAL,,,,CRITICAL,wrong_expansion,,"{""external_provenance"": [], ""mismatch_reasons"": [""unproven_treatment"", ""wrong_expansion""], ""scryfall_cardmarket_id"": 737166, ""stored_ids"": [737166], ""validated_stored_ids"": [737166]}",,,,
14436,magic,"Radagast, Wizard of Wilds",473,ltc,Tales of Middle-earth Commander,en,Showcase,rare,nonfoil,Showcase,203,scryfall_oracle:50f144f8-29eb-4af7-9a50-eded3b9c83c2,,,c7ea6b4f-36bb-4c84-a3cb-f962ece41b2b,737167,,737167,"Radagast, Wizard of Wilds",5489,The Lord of the Rings: Tales of Middle-earth,,,mixed/unknown,0.68,1.52,2.45,1.61,1.58,,0,,,,Low,,EUR,EUR,,,,,"{""mapped_product_ids"": []}",MISMATCH,stored product identity conflicts with local printing,true,false,false,,,,,,,,CRITICAL,,,,CRITICAL,wrong_expansion,,"{""external_provenance"": [], ""mismatch_reasons"": [""unproven_treatment"", ""wrong_expansion""], ""scryfall_cardmarket_id"": 737167, ""stored_ids"": [737167], ""validated_stored_ids"": [737167]}",,,,
14437,magic,"Radagast, Wizard of Wilds",473,ltc,Tales of Middle-earth Commander,en,Showcase,rare,foil,Showcase,203,scryfall_oracle:50f144f8-29eb-4af7-9a50-eded3b9c83c2,,,c7ea6b4f-36bb-4c84-a3cb-f962ece41b2b,737167,,737167,"Radagast, Wizard of Wilds",5489,The Lord of the Rings: Tales of Middle-earth,,,mixed/unknown,0.68,1.52,2.45,1.61,1.58,,0,,,,Foil Low,,EUR,EUR,,,,,"{""mapped_product_ids"": []}",MISMATCH,stored product identity conflicts with local printing,true,false,false,,,,,,,,CRITICAL,,,,CRITICAL,wrong_expansion,,"{""external_provenance"": [], ""mismatch_reasons"": [""unproven_treatment"", ""wrong_expansion""], ""scryfall_cardmarket_id"": 737167, ""stored_ids"": [737167], ""validated_stored_ids"": [737167]}",,,,
14438,magic,Riders of Rohan,474,ltc,Tales of Middle-earth Commander,en,Showcase,rare,nonfoil,Showcase,264,scryfall_oracle:688a559d-249f-4d03-98e6-581843e7ddc3,,,b71734f6-b2ba-4648-ac3d-418c15947d6b,737170,,737170,Riders of Rohan,5489,The Lord of the Rings: Tales of Middle-earth,,,mixed/unknown,0.8,0,,,,1.1,1.8,2.31,1.79,1.74,Low,,EUR,EUR,,,,,"{""mapped_product_ids"": []}",MISMATCH,stored product identity conflicts with local printing,true,false,false,,,,,,,,CRITICAL,,,,CRITICAL,wrong_expansion,,"{""external_provenance"": [], ""mismatch_reasons"": [""unproven_treatment"", ""wrong_expansion""], ""scryfall_cardmarket_id"": 737170, ""stored_ids"": [737170], ""validated_stored_ids"": [737170]}",,,,
14439,magic,Riders of Rohan,474,ltc,Tales of Middle-earth Commander,en,Showcase,rare,foil,Showcase,264,scryfall_oracle:688a559d-249f-4d03-98e6-581843e7ddc3,,,b71734f6-b2ba-4648-ac3d-418c15947d6b,737170,,737170,Riders of Rohan,5489,The Lord of the Rings: Tales of Middle-earth,,,mixed/unknown,0.8,0,,,,1.1,1.8,2.31,1.79,1.74,Foil Low,,EUR,EUR,,,,,"{""mapped_product_ids"": []}",MISMATCH,stored product identity conflicts with local printing,true,false,false,,,,,,,,CRITICAL,,,,CRITICAL,wrong_expansion,,"{""external_provenance"": [], ""mismatch_reasons"": [""unproven_treatment"", ""wrong_expansion""], ""scryfall_cardmarket_id"": 737170, ""stored_ids"": [737170], ""validated_stored_ids"": [737170]}",,,,
14440,magic,Sail into the West,475,ltc,Tales of Middle-earth Commander,en,Showcase,rare,nonfoil,Showcase,27,scryfall_oracle:0a8956d0-bd37-4305-8443-4df043796f6e,,,773ebab8-09de-499c-a8e9-902f0e91bc96,737171,,737171,Sail into the West,5489,The Lord of the Rings: Tales of Middle-earth,,,mixed/unknown,0.33,0.8,0.81,0.86,0.77,,0,,,,Low,,EUR,EUR,,,,,"{""mapped_product_ids"": []}",MISMATCH,stored product identity conflicts with local printing,true,false,false,,,,,,,,CRITICAL,,,,CRITICAL,wrong_expansion,,"{""external_provenance"": [], ""mismatch_reasons"": [""unproven_treatment"", ""wrong_expansion""], ""scryfall_cardmarket_id"": 737171, ""stored_ids"": [737171], ""validated_stored_ids"": [737171]}",,,,
14441,magic,Sail into the West,475,ltc,Tales of Middle-earth Commander,en,Showcase,rare,foil,Showcase,27,scryfall_oracle:0a8956d0-bd37-4305-8443-4df043796f6e,,,773ebab8-09de-499c-a8e9-902f0e91bc96,737171,,737171,Sail into the West,5489,The Lord of the Rings: Tales of Middle-earth,,,mixed/unknown,0.33,0.8,0.81,0.86,0.77,,0,,,,Foil Low,,EUR,EUR,,,,,"{""mapped_product_ids"": []}",MISMATCH,stored product identity conflicts with local printing,true,false,false,,,,,,,,CRITICAL,,,,CRITICAL,wrong_expansion,,"{""external_provenance"": [], ""mismatch_reasons"": [""unproven_treatment"", ""wrong_expansion""], ""scryfall_cardmarket_id"": 737171, ""stored_ids"": [737171], ""validated_stored_ids"": [737171]}",,,,
14442,magic,"Sam, Loyal Attendant",476,ltc,Tales of Middle-earth Commander,en,Showcase,mythic,nonfoil,Showcase,98,scryfall_oracle:2837be10-23ad-49d2-943e-b1e00edbbbd9,,,cfdfa303-2578-455b-929c-a217a0261bb3,737174,,737174,"Sam, Loyal Attendant",5489,The Lord of the Rings: Tales of Middle-earth,,,mixed/unknown,31.95,0,,,,31.95,35.18,34.99,36.54,32.13,Low,,EUR,EUR,,,,,"{""mapped_product_ids"": []}",MISMATCH,stored product identity conflicts with local printing,true,false,false,,,,,,,,CRITICAL,,,,CRITICAL,wrong_expansion,,"{""external_provenance"": [], ""mismatch_reasons"": [""unproven_treatment"", ""wrong_expansion""], ""scryfall_cardmarket_id"": 737174, ""stored_ids"": [737174], ""validated_stored_ids"": [737174]}",,,,
14443,magic,"Sam, Loyal Attendant",476,ltc,Tales of Middle-earth Commander,en,Showcase,mythic,foil,Showcase,98,scryfall_oracle:2837be10-23ad-49d2-943e-b1e00edbbbd9,,,cfdfa303-2578-455b-929c-a217a0261bb3,737174,,737174,"Sam, Loyal Attendant",5489,The Lord of the Rings: Tales of Middle-earth,,,mixed/unknown,31.95,0,,,,31.95,35.18,34.99,36.54,32.13,Foil Low,,EUR,EUR,,,,,"{""mapped_product_ids"": []}",MISMATCH,stored product identity conflicts with local printing,true,false,false,,,,,,,,CRITICAL,,,,CRITICAL,wrong_expansion,,"{""external_provenance"": [], ""mismatch_reasons"": [""unproven_treatment"", ""wrong_expansion""], ""scryfall_cardmarket_id"": 737174, ""stored_ids"": [737174], ""validated_stored_ids"": [737174]}",,,,
14444,magic,"Saruman, the White Hand",477,ltc,Tales of Middle-earth Commander,en,Showcase,mythic,nonfoil,Showcase,105,scryfall_oracle:2bade11e-04e0-42a2-8861-9257c99a7c08,,,8341e90d-fe5f-4307-a31d-a8db99f5c667,737175,,737175,"Saruman, the White Hand",5489,The Lord of the Rings: Tales of Middle-earth,,,mixed/unknown,11.99,15.55,26.49,15.82,14.05,,0,,,,Low,,EUR,EUR,,,,,"{""mapped_product_ids"": []}",MISMATCH,stored product identity conflicts with local printing,true,false,false,,,,,,,,CRITICAL,,,,CRITICAL,wrong_expansion,,"{""external_provenance"": [], ""mismatch_reasons"": [""unproven_treatment"", ""wrong_expansion""], ""scryfall_cardmarket_id"": 737175, ""stored_ids"": [737175], ""validated_stored_ids"": [737175]}",,,,
14445,magic,"Saruman, the White Hand",477,ltc,Tales of Middle-earth Commander,en,Showcase,mythic,foil,Showcase,105,scryfall_oracle:2bade11e-04e0-42a2-8861-9257c99a7c08,,,8341e90d-fe5f-4307-a31d-a8db99f5c667,737175,,737175,"Saruman, the White Hand",5489,The Lord of the Rings: Tales of Middle-earth,,,mixed/unknown,11.99,15.55,26.49,15.82,14.05,,0,,,,Foil Low,,EUR,EUR,,,,,"{""mapped_product_ids"": []}",MISMATCH,stored product identity conflicts with local printing,true,false,false,,,,,,,,CRITICAL,,,,CRITICAL,wrong_expansion,,"{""external_provenance"": [], ""mismatch_reasons"": [""unproven_treatment"", ""wrong_expansion""], ""scryfall_cardmarket_id"": 737175, ""stored_ids"": [737175], ""validated_stored_ids"": [737175]}",,,,
14446,magic,"Sauron, Lord of the Rings",478,ltc,Tales of Middle-earth Commander,en,Showcase,mythic,nonfoil,Showcase,265,scryfall_oracle:69c674c7-48a5-49c8-b0be-3f2b5c6a548c,,,d25f45b1-64be-489d-aa25-6163ef74a938,737177,,737177,"Sauron, Lord of the Rings",5489,The Lord of the Rings: Tales of Middle-earth,,,mixed/unknown,10.54,13.52,12.92,13.87,13.34,,0,,,,Low,,EUR,EUR,,,,,"{""mapped_product_ids"": []}",MISMATCH,stored product identity conflicts with local printing,true,false,false,,,,,,,,CRITICAL,,,,CRITICAL,wrong_expansion,,"{""external_provenance"": [], ""mismatch_reasons"": [""unproven_treatment"", ""wrong_expansion""], ""scryfall_cardmarket_id"": 737177, ""stored_ids"": [737177], ""validated_stored_ids"": [737177]}",,,,
14447,magic,"Sauron, Lord of the Rings",478,ltc,Tales of Middle-earth Commander,en,Showcase,mythic,foil,Showcase,265,scryfall_oracle:69c674c7-48a5-49c8-b0be-3f2b5c6a548c,,,d25f45b1-64be-489d-aa25-6163ef74a938,737177,,737177,"Sauron, Lord of the Rings",5489,The Lord of the Rings: Tales of Middle-earth,,,mixed/unknown,10.54,13.52,12.92,13.87,13.34,,0,,,,Foil Low,,EUR,EUR,,,,,"{""mapped_product_ids"": []}",MISMATCH,stored product identity conflicts with local printing,true,false,false,,,,,,,,CRITICAL,,,,CRITICAL,wrong_expansion,,"{""external_provenance"": [], ""mismatch_reasons"": [""unproven_treatment"", ""wrong_expansion""], ""scryfall_cardmarket_id"": 737177, ""stored_ids"": [737177], ""validated_stored_ids"": [737177]}",,,,
14448,magic,Song of Eärendil,479,ltc,Tales of Middle-earth Commander,en,Showcase,rare,nonfoil,Showcase,172,scryfall_oracle:440366dd-7654-4ede-aa47-7e8a7916e31e,,,b18492fa-5b44-40aa-bf1d-1c8c4676b465,737179,,737179,Song of Eärendil,5489,The Lord of the Rings: Tales of Middle-earth,,,mixed/unknown,1,1.69,1.3,1.74,1.65,,0,,,,Low,,EUR,EUR,,,,,"{""mapped_product_ids"": []}",MISMATCH,stored product identity conflicts with local printing,true,false,false,,,,,,,,CRITICAL,,,,CRITICAL,wrong_expansion,,"{""external_provenance"": [], ""mismatch_reasons"": [""unproven_treatment"", ""wrong_expansion""], ""scryfall_cardmarket_id"": 737179, ""stored_ids"": [737179], ""validated_stored_ids"": [737179]}",,,,
14449,magic,Song of Eärendil,479,ltc,Tales of Middle-earth Commander,en,Showcase,rare,foil,Showcase,172,scryfall_oracle:440366dd-7654-4ede-aa47-7e8a7916e31e,,,b18492fa-5b44-40aa-bf1d-1c8c4676b465,737179,,737179,Song of Eärendil,5489,The Lord of the Rings: Tales of Middle-earth,,,mixed/unknown,1,1.69,1.3,1.74,1.65,,0,,,,Foil Low,,EUR,EUR,,,,,"{""mapped_product_ids"": []}",MISMATCH,stored product identity conflicts with local printing,true,false,false,,,,,,,,CRITICAL,,,,CRITICAL,wrong_expansion,,"{""external_provenance"": [], ""mismatch_reasons"": [""unproven_treatment"", ""wrong_expansion""], ""scryfall_cardmarket_id"": 737179, ""stored_ids"": [737179], ""validated_stored_ids"": [737179]}",,,,
14450,magic,Summons of Saruman,480,ltc,Tales of Middle-earth Commander,en,Showcase,rare,nonfoil,Showcase,447,scryfall_oracle:aede5485-7b8c-4e29-a3a4-9a3513dc733f,,,693ee4bd-b4cb-42d2-a968-d23f98fe4773,737181,,737181,Summons of Saruman,5489,The Lord of the Rings: Tales of Middle-earth,,,mixed/unknown,0.79,1.36,1.5,1.55,1.3,,0,,,,Low,,EUR,EUR,,,,,"{""mapped_product_ids"": []}",MISMATCH,stored product identity conflicts with local printing,true,false,false,,,,,,,,CRITICAL,,,,CRITICAL,wrong_expansion,,"{""external_provenance"": [], ""mismatch_reasons"": [""unproven_treatment"", ""wrong_expansion""], ""scryfall_cardmarket_id"": 737181, ""stored_ids"": [737181], ""validated_stored_ids"": [737181]}",,,,
14451,magic,Summons of Saruman,480,ltc,Tales of Middle-earth Commander,en,Showcase,rare,foil,Showcase,447,scryfall_oracle:aede5485-7b8c-4e29-a3a4-9a3513dc733f,,,693ee4bd-b4cb-42d2-a968-d23f98fe4773,737181,,737181,Summons of Saruman,5489,The Lord of the Rings: Tales of Middle-earth,,,mixed/unknown,0.79,1.36,1.5,1.55,1.3,,0,,,,Foil Low,,EUR,EUR,,,,,"{""mapped_product_ids"": []}",MISMATCH,stored product identity conflicts with local printing,true,false,false,,,,,,,,CRITICAL,,,,CRITICAL,wrong_expansion,,"{""external_provenance"": [], ""mismatch_reasons"": [""unproven_treatment"", ""wrong_expansion""], ""scryfall_cardmarket_id"": 737181, ""stored_ids"": [737181], ""validated_stored_ids"": [737181]}",,,,
14452,magic,Taunt from the Rampart,481,ltc,Tales of Middle-earth Commander,en,Showcase,rare,nonfoil,Showcase,364,scryfall_oracle:9138a768-d01d-4603-9bae-d3bff6cd2f61,,,9c7dee0e-5bb1-42fe-9bf0-307603c7a3c0,737184,,737184,Taunt from the Rampart,5489,The Lord of the Rings: Tales of Middle-earth,,,mixed/unknown,10,0,,,,10,20.96,15.99,17.94,12.42,Low,,EUR,EUR,,,,,"{""mapped_product_ids"": []}",MISMATCH,stored product identity conflicts with local printing,true,false,false,,,,,,,,CRITICAL,,,,CRITICAL,wrong_expansion,,"{""external_provenance"": [], ""mismatch_reasons"": [""unproven_treatment"", ""wrong_expansion""], ""scryfall_cardmarket_id"": 737184, ""stored_ids"": [737184], ""validated_stored_ids"": [737184]}",,,,
14453,magic,Taunt from the Rampart,481,ltc,Tales of Middle-earth Commander,en,Showcase,rare,foil,Showcase,364,scryfall_oracle:9138a768-d01d-4603-9bae-d3bff6cd2f61,,,9c7dee0e-5bb1-42fe-9bf0-307603c7a3c0,737184,,737184,Taunt from the Rampart,5489,The Lord of the Rings: Tales of Middle-earth,,,mixed/unknown,10,0,,,,10,20.96,15.99,17.94,12.42,Foil Low,,EUR,EUR,,,,,"{""mapped_product_ids"": []}",MISMATCH,stored product identity conflicts with local printing,true,false,false,,,,,,,,CRITICAL,,,,CRITICAL,wrong_expansion,,"{""external_provenance"": [], ""mismatch_reasons"": [""unproven_treatment"", ""wrong_expansion""], ""scryfall_cardmarket_id"": 737184, ""stored_ids"": [737184], ""validated_stored_ids"": [737184]}",,,,
14454,magic,"Too Greedily, Too Deep",482,ltc,Tales of Middle-earth Commander,en,Showcase,rare,nonfoil,Showcase,448,scryfall_oracle:af65bbf9-e328-4b8b-8caa-c6dff743867b,,,595c37f7-2f5e-4055-ae85-3ad4e2c8cb5c,737185,,737185,"Too Greedily, Too Deep",5489,The Lord of the Rings: Tales of Middle-earth,,,mixed/unknown,1.45,2.13,2.67,2.13,1.89,,0,,,,Low,,EUR,EUR,,,,,"{""mapped_product_ids"": []}",MISMATCH,stored product identity conflicts with local printing,true,false,false,,,,,,,,CRITICAL,,,,CRITICAL,wrong_expansion,,"{""external_provenance"": [], ""mismatch_reasons"": [""unproven_treatment"", ""wrong_expansion""], ""scryfall_cardmarket_id"": 737185, ""stored_ids"": [737185], ""validated_stored_ids"": [737185]}",,,,
14455,magic,"Too Greedily, Too Deep",482,ltc,Tales of Middle-earth Commander,en,Showcase,rare,foil,Showcase,448,scryfall_oracle:af65bbf9-e328-4b8b-8caa-c6dff743867b,,,595c37f7-2f5e-4055-ae85-3ad4e2c8cb5c,737185,,737185,"Too Greedily, Too Deep",5489,The Lord of the Rings: Tales of Middle-earth,,,mixed/unknown,1.45,2.13,2.67,2.13,1.89,,0,,,,Foil Low,,EUR,EUR,,,,,"{""mapped_product_ids"": []}",MISMATCH,stored product identity conflicts with local printing,true,false,false,,,,,,,,CRITICAL,,,,CRITICAL,wrong_expansion,,"{""external_provenance"": [], ""mismatch_reasons"": [""unproven_treatment"", ""wrong_expansion""], ""scryfall_cardmarket_id"": 737185, ""stored_ids"": [737185], ""validated_stored_ids"": [737185]}",,,,
14456,magic,"Treebeard, Gracious Host",483,ltc,Tales of Middle-earth Commander,en,Showcase,rare,nonfoil,Showcase,325,scryfall_oracle:83860749-1603-46e9-9065-e98001244193,,,5478bda7-2524-4095-941b-5dcc261ba985,737188,,737188,"Treebeard, Gracious Host",5489,The Lord of the Rings: Tales of Middle-earth,,,mixed/unknown,12.95,0,,,,12.95,15.31,15,15.82,14.46,Low,,EUR,EUR,,,,,"{""mapped_product_ids"": []}",MISMATCH,stored product identity conflicts with local printing,true,false,false,,,,,,,,CRITICAL,,,,CRITICAL,wrong_expansion,,"{""external_provenance"": [], ""mismatch_reasons"": [""unproven_treatment"", ""wrong_expansion""], ""scryfall_cardmarket_id"": 737188, ""stored_ids"": [737188], ""validated_stored_ids"": [737188]}",,,,
14457,magic,"Treebeard, Gracious Host",483,ltc,Tales of Middle-earth Commander,en,Showcase,rare,foil,Showcase,325,scryfall_oracle:83860749-1603-46e9-9065-e98001244193,,,5478bda7-2524-4095-941b-5dcc261ba985,737188,,737188,"Treebeard, Gracious Host",5489,The Lord of the Rings: Tales of Middle-earth,,,mixed/unknown,12.95,0,,,,12.95,15.31,15,15.82,14.46,Foil Low,,EUR,EUR,,,,,"{""mapped_product_ids"": []}",MISMATCH,stored product identity conflicts with local printing,true,false,false,,,,,,,,CRITICAL,,,,CRITICAL,wrong_expansion,,"{""external_provenance"": [], ""mismatch_reasons"": [""unproven_treatment"", ""wrong_expansion""], ""scryfall_cardmarket_id"": 737188, ""stored_ids"": [737188], ""validated_stored_ids"": [737188]}",,,,
14458,magic,Wake the Dragon,484,ltc,Tales of Middle-earth Commander,en,Showcase,rare,nonfoil,Showcase,534,scryfall_oracle:cfa5b168-d112-4b92-ac42-8bba30f15d77,,,5a307db8-4beb-4a42-b9e2-8b6a6df78936,737189,,737189,Wake the Dragon,5489,The Lord of the Rings: Tales of Middle-earth,,,mixed/unknown,0.64,1.72,0.65,1.88,1.49,,0,,,,Low,,EUR,EUR,,,,,"{""mapped_product_ids"": []}",MISMATCH,stored product identity conflicts with local printing,true,false,false,,,,,,,,CRITICAL,,,,CRITICAL,wrong_expansion,,"{""external_provenance"": [], ""mismatch_reasons"": [""unproven_treatment"", ""wrong_expansion""], ""scryfall_cardmarket_id"": 737189, ""stored_ids"": [737189], ""validated_stored_ids"": [737189]}",,,,
14459,magic,Wake the Dragon,484,ltc,Tales of Middle-earth Commander,en,Showcase,rare,foil,Showcase,534,scryfall_oracle:cfa5b168-d112-4b92-ac42-8bba30f15d77,,,5a307db8-4beb-4a42-b9e2-8b6a6df78936,737189,,737189,Wake the Dragon,5489,The Lord of the Rings: Tales of Middle-earth,,,mixed/unknown,0.64,1.72,0.65,1.88,1.49,,0,,,,Foil Low,,EUR,EUR,,,,,"{""mapped_product_ids"": []}",MISMATCH,stored product identity conflicts with local printing,true,false,false,,,,,,,,CRITICAL,,,,CRITICAL,wrong_expansion,,"{""external_provenance"": [], ""mismatch_reasons"": [""unproven_treatment"", ""wrong_expansion""], ""scryfall_cardmarket_id"": 737189, ""stored_ids"": [737189], ""validated_stored_ids"": [737189]}",,,,
14460,magic,Crown of Gondor,485,ltc,Tales of Middle-earth Commander,en,Showcase,rare,nonfoil,Showcase,627,scryfall_oracle:f95021cf-14c4-4792-8746-432bf9e7c1a9,,,5ed34e69-aefe-440e-a0f4-495578a15904,737191,,737191,Crown of Gondor,5489,The Lord of the Rings: Tales of Middle-earth,,,mixed/unknown,0.95,2.44,3.28,2.11,1.9,,0,,,,Low,,EUR,EUR,,,,,"{""mapped_product_ids"": []}",MISMATCH,stored product identity conflicts with local printing,true,false,false,,,,,,,,CRITICAL,,,,CRITICAL,wrong_expansion,,"{""external_provenance"": [], ""mismatch_reasons"": [""unproven_treatment"", ""wrong_expansion""], ""scryfall_cardmarket_id"": 737191, ""stored_ids"": [737191], ""validated_stored_ids"": [737191]}",,,,
14461,magic,Crown of Gondor,485,ltc,Tales of Middle-earth Commander,en,Showcase,rare,foil,Showcase,627,scryfall_oracle:f95021cf-14c4-4792-8746-432bf9e7c1a9,,,5ed34e69-aefe-440e-a0f4-495578a15904,737191,,737191,Crown of Gondor,5489,The Lord of the Rings: Tales of Middle-earth,,,mixed/unknown,0.95,2.44,3.28,2.11,1.9,,0,,,,Foil Low,,EUR,EUR,,,,,"{""mapped_product_ids"": []}",MISMATCH,stored product identity conflicts with local printing,true,false,false,,,,,,,,CRITICAL,,,,CRITICAL,wrong_expansion,,"{""external_provenance"": [], ""mismatch_reasons"": [""unproven_treatment"", ""wrong_expansion""], ""scryfall_cardmarket_id"": 737191, ""stored_ids"": [737191], ""validated_stored_ids"": [737191]}",,,,
14462,magic,Hithlain Rope,486,ltc,Tales of Middle-earth Commander,en,Showcase,rare,nonfoil,Showcase,292,scryfall_oracle:76dfa5c2-1ea6-4f89-9903-26998636845e,,,3cd9f826-e374-45b7-8125-d37a515f3d31,737193,,737193,Hithlain Rope,5489,The Lord of the Rings: Tales of Middle-earth,,,mixed/unknown,0.5,0.8,0.6,0.79,0.96,,0,,,,Low,,EUR,EUR,,,,,"{""mapped_product_ids"": []}",MISMATCH,stored product identity conflicts with local printing,true,false,false,,,,,,,,CRITICAL,,,,CRITICAL,wrong_expansion,,"{""external_provenance"": [], ""mismatch_reasons"": [""unproven_treatment"", ""wrong_expansion""], ""scryfall_cardmarket_id"": 737193, ""stored_ids"": [737193], ""validated_stored_ids"": [737193]}",,,,
14463,magic,Hithlain Rope,486,ltc,Tales of Middle-earth Commander,en,Showcase,rare,foil,Showcase,292,scryfall_oracle:76dfa5c2-1ea6-4f89-9903-26998636845e,,,3cd9f826-e374-45b7-8125-d37a515f3d31,737193,,737193,Hithlain Rope,5489,The Lord of the Rings: Tales of Middle-earth,,,mixed/unknown,0.5,0.8,0.6,0.79,0.96,,0,,,,Foil Low,,EUR,EUR,,,,,"{""mapped_product_ids"": []}",MISMATCH,stored product identity conflicts with local printing,true,false,false,,,,,,,,CRITICAL,,,,CRITICAL,wrong_expansion,,"{""external_provenance"": [], ""mismatch_reasons"": [""unproven_treatment"", ""wrong_expansion""], ""scryfall_cardmarket_id"": 737193, ""stored_ids"": [737193], ""validated_stored_ids"": [737193]}",,,,
14464,magic,Lothlórien Blade,487,ltc,Tales of Middle-earth Commander,en,Showcase,rare,nonfoil,Showcase,416,scryfall_oracle:a2a39123-8b70-4678-8675-ba79f37a5db8,,,fae31fc5-ee33-44c6-a2eb-ff74cb975955,737195,,737195,Lothlórien Blade,5489,The Lord of the Rings: Tales of Middle-earth,,,mixed/unknown,0.69,1.18,1,1.28,1.2,,0,,,,Low,,EUR,EUR,,,,,"{""mapped_product_ids"": []}",MISMATCH,stored product identity conflicts with local printing,true,false,false,,,,,,,,CRITICAL,,,,CRITICAL,wrong_expansion,,"{""external_provenance"": [], ""mismatch_reasons"": [""unproven_treatment"", ""wrong_expansion""], ""scryfall_cardmarket_id"": 737195, ""stored_ids"": [737195], ""validated_stored_ids"": [737195]}",,,,
14465,magic,Lothlórien Blade,487,ltc,Tales of Middle-earth Commander,en,Showcase,rare,foil,Showcase,416,scryfall_oracle:a2a39123-8b70-4678-8675-ba79f37a5db8,,,fae31fc5-ee33-44c6-a2eb-ff74cb975955,737195,,737195,Lothlórien Blade,5489,The Lord of the Rings: Tales of Middle-earth,,,mixed/unknown,0.69,1.18,1,1.28,1.2,,0,,,,Foil Low,,EUR,EUR,,,,,"{""mapped_product_ids"": []}",MISMATCH,stored product identity conflicts with local printing,true,false,false,,,,,,,,CRITICAL,,,,CRITICAL,wrong_expansion,,"{""external_provenance"": [], ""mismatch_reasons"": [""unproven_treatment"", ""wrong_expansion""], ""scryfall_cardmarket_id"": 737195, ""stored_ids"": [737195], ""validated_stored_ids"": [737195]}",,,,
14466,magic,Model of Unity,488,ltc,Tales of Middle-earth Commander,en,Showcase,rare,nonfoil,Showcase,552,scryfall_oracle:d7b69fd7-e575-4009-8549-f576249ba641,,,f42ccb39-c838-426f-8b71-6a071d83cf9a,737487,,737487,Model of Unity,5489,The Lord of the Rings: Tales of Middle-earth,,,mixed/unknown,0.7,0,,,,0.7,1.88,1.49,1.81,1.2,Low,,EUR,EUR,,,,,"{""mapped_product_ids"": []}",MISMATCH,stored product identity conflicts with local printing,true,false,false,,,,,,,,CRITICAL,,,,CRITICAL,wrong_expansion,,"{""external_provenance"": [], ""mismatch_reasons"": [""unproven_treatment"", ""wrong_expansion""], ""scryfall_cardmarket_id"": 737487, ""stored_ids"": [737487], ""validated_stored_ids"": [737487]}",,,,
14467,magic,Model of Unity,488,ltc,Tales of Middle-earth Commander,en,Showcase,rare,foil,Showcase,552,scryfall_oracle:d7b69fd7-e575-4009-8549-f576249ba641,,,f42ccb39-c838-426f-8b71-6a071d83cf9a,737487,,737487,Model of Unity,5489,The Lord of the Rings: Tales of Middle-earth,,,mixed/unknown,0.7,0,,,,0.7,1.88,1.49,1.81,1.2,Foil Low,,EUR,EUR,,,,,"{""mapped_product_ids"": []}",MISMATCH,stored product identity conflicts with local printing,true,false,false,,,,,,,,CRITICAL,,,,CRITICAL,wrong_expansion,,"{""external_provenance"": [], ""mismatch_reasons"": [""unproven_treatment"", ""wrong_expansion""], ""scryfall_cardmarket_id"": 737487, ""stored_ids"": [737487], ""validated_stored_ids"": [737487]}",,,,
14468,magic,Relic of Sauron,489,ltc,Tales of Middle-earth Commander,en,Showcase,rare,nonfoil,Showcase,463,scryfall_oracle:b3a81bb1-cbd5-41a0-8dd4-faea06593f84,,,b4d51844-52d0-47f2-939b-a5b87d11f0a5,737488,,737488,Relic of Sauron,5489,The Lord of the Rings: Tales of Middle-earth,,,mixed/unknown,14.99,16.41,14.8,16.28,15.71,,0,,,,Low,,EUR,EUR,,,,,"{""mapped_product_ids"": []}",MISMATCH,stored product identity conflicts with local printing,true,false,false,,,,,,,,CRITICAL,,,,CRITICAL,wrong_expansion,,"{""external_provenance"": [], ""mismatch_reasons"": [""unproven_treatment"", ""wrong_expansion""], ""scryfall_cardmarket_id"": 737488, ""stored_ids"": [737488], ""validated_stored_ids"": [737488]}",,,,
14469,magic,Relic of Sauron,489,ltc,Tales of Middle-earth Commander,en,Showcase,rare,foil,Showcase,463,scryfall_oracle:b3a81bb1-cbd5-41a0-8dd4-faea06593f84,,,b4d51844-52d0-47f2-939b-a5b87d11f0a5,737488,,737488,Relic of Sauron,5489,The Lord of the Rings: Tales of Middle-earth,,,mixed/unknown,14.99,16.41,14.8,16.28,15.71,,0,,,,Foil Low,,EUR,EUR,,,,,"{""mapped_product_ids"": []}",MISMATCH,stored product identity conflicts with local printing,true,false,false,,,,,,,,CRITICAL,,,,CRITICAL,wrong_expansion,,"{""external_provenance"": [], ""mismatch_reasons"": [""unproven_treatment"", ""wrong_expansion""], ""scryfall_cardmarket_id"": 737488, ""stored_ids"": [737488], ""validated_stored_ids"": [737488]}",,,,
14470,magic,The Black Gate,490,ltc,Tales of Middle-earth Commander,en,Showcase,rare,nonfoil,Showcase,165,scryfall_oracle:40eb9904-dea3-47cf-963a-04821f98ba64,,,e9c5dce8-b67f-41cd-b96c-67e49833a96f,737491,,737491,The Black Gate,5489,The Lord of the Rings: Tales of Middle-earth,,,mixed/unknown,24,0,,,,24,30.59,39,30.1,27.01,Low,,EUR,EUR,,,,,"{""mapped_product_ids"": []}",MISMATCH,stored product identity conflicts with local printing,true,false,false,,,,,,,,CRITICAL,,,,CRITICAL,wrong_expansion,,"{""external_provenance"": [], ""mismatch_reasons"": [""unproven_treatment"", ""wrong_expansion""], ""scryfall_cardmarket_id"": 737491, ""stored_ids"": [737491], ""validated_stored_ids"": [737491]}",,,,
14471,magic,The Black Gate,490,ltc,Tales of Middle-earth Commander,en,Showcase,rare,foil,Showcase,165,scryfall_oracle:40eb9904-dea3-47cf-963a-04821f98ba64,,,e9c5dce8-b67f-41cd-b96c-67e49833a96f,737491,,737491,The Black Gate,5489,The Lord of the Rings: Tales of Middle-earth,,,mixed/unknown,24,0,,,,24,30.59,39,30.1,27.01,Foil Low,,EUR,EUR,,,,,"{""mapped_product_ids"": []}",MISMATCH,stored product identity conflicts with local printing,true,false,false,,,,,,,,CRITICAL,,,,CRITICAL,wrong_expansion,,"{""external_provenance"": [], ""mismatch_reasons"": [""unproven_treatment"", ""wrong_expansion""], ""scryfall_cardmarket_id"": 737491, ""stored_ids"": [737491], ""validated_stored_ids"": [737491]}",,,,
14472,magic,"Andúril, Narsil Reforged",491,ltc,Tales of Middle-earth Commander,en,Borderless,rare,nonfoil,Borderless,470,scryfall_oracle:b7d7c131-b628-4b35-b40b-1087589ebdd0,,,b33c91d2-020e-45a1-aef6-187484a7cb51,736496,,736496,"Andúril, Narsil Reforged",5489,The Lord of the Rings: Tales of Middle-earth,,,mixed/unknown,6.9,9.3,8.45,8.52,8.35,7,10.66,9.39,9.25,8.3,Low,,EUR,EUR,,,,,"{""mapped_product_ids"": []}",MISMATCH,stored product identity conflicts with local printing,true,false,false,,,,,,,,CRITICAL,,,,CRITICAL,wrong_expansion,,"{""external_provenance"": [], ""mismatch_reasons"": [""unproven_treatment"", ""wrong_expansion""], ""scryfall_cardmarket_id"": 736496, ""stored_ids"": [736496], ""validated_stored_ids"": [736496]}",,,,
14473,magic,"Andúril, Narsil Reforged",491,ltc,Tales of Middle-earth Commander,en,Borderless,rare,foil,Borderless,470,scryfall_oracle:b7d7c131-b628-4b35-b40b-1087589ebdd0,,,b33c91d2-020e-45a1-aef6-187484a7cb51,736496,,736496,"Andúril, Narsil Reforged",5489,The Lord of the Rings: Tales of Middle-earth,,,mixed/unknown,6.9,9.3,8.45,8.52,8.35,7,10.66,9.39,9.25,8.3,Foil Low,,EUR,EUR,,,,,"{""mapped_product_ids"": []}",MISMATCH,stored product identity conflicts with local printing,true,false,false,,,,,,,,CRITICAL,,,,CRITICAL,wrong_expansion,,"{""external_provenance"": [], ""mismatch_reasons"": [""unproven_treatment"", ""wrong_expansion""], ""scryfall_cardmarket_id"": 736496, ""stored_ids"": [736496], ""validated_stored_ids"": [736496]}",,,,
14474,magic,"Aragorn, Hornburg Hero",492,ltc,Tales of Middle-earth Commander,en,Borderless,mythic,nonfoil,Borderless,20,scryfall_oracle:07326335-45dd-4ebd-8ae6-5191b6eb2928,,,14c62aa6-2660-4a18-8f69-4088e18abb40,736499,,736499,"Aragorn, Hornburg Hero",5489,The Lord of the Rings: Tales of Middle-earth,,,mixed/unknown,0.9,2.58,2.95,1.96,2.02,0.99,1.63,1.16,1.56,1.52,Low,,EUR,EUR,,,,,"{""mapped_product_ids"": []}",MISMATCH,stored product identity conflicts with local printing,true,false,false,,,,,,,,CRITICAL,,,,CRITICAL,wrong_expansion,,"{""external_provenance"": [], ""mismatch_reasons"": [""unproven_treatment"", ""wrong_expansion""], ""scryfall_cardmarket_id"": 736499, ""stored_ids"": [736499], ""validated_stored_ids"": [736499]}",,,,
14475,magic,"Aragorn, Hornburg Hero",492,ltc,Tales of Middle-earth Commander,en,Borderless,mythic,foil,Borderless,20,scryfall_oracle:07326335-45dd-4ebd-8ae6-5191b6eb2928,,,14c62aa6-2660-4a18-8f69-4088e18abb40,736499,,736499,"Aragorn, Hornburg Hero",5489,The Lord of the Rings: Tales of Middle-earth,,,mixed/unknown,0.9,2.58,2.95,1.96,2.02,0.99,1.63,1.16,1.56,1.52,Foil Low,,EUR,EUR,,,,,"{""mapped_product_ids"": []}",MISMATCH,stored product identity conflicts with local printing,true,false,false,,,,,,,,CRITICAL,,,,CRITICAL,wrong_expansion,,"{""external_provenance"": [], ""mismatch_reasons"": [""unproven_treatment"", ""wrong_expansion""], ""scryfall_cardmarket_id"": 736499, ""stored_ids"": [736499], ""validated_stored_ids"": [736499]}",,,,
14476,magic,Legolas's Quick Reflexes,493,ltc,Tales of Middle-earth Commander,en,Borderless,rare,nonfoil,Borderless,221,scryfall_oracle:59154c04-6bc5-4b95-af1f-6de5fed05649,,,851c0167-04ba-4d15-b0fa-c211bd8826f1,736501,,736501,Legolas's Quick Reflexes,5489,The Lord of the Rings: Tales of Middle-earth,,,mixed/unknown,22.99,32.03,28.5,31.64,30.42,22.99,34.5,37.38,32.14,29.8,Low,,EUR,EUR,,,,,"{""mapped_product_ids"": []}",MISMATCH,stored product identity conflicts with local printing,true,false,false,,,,,,,,CRITICAL,,,,CRITICAL,wrong_expansion,,"{""external_provenance"": [], ""mismatch_reasons"": [""unproven_treatment"", ""wrong_expansion""], ""scryfall_cardmarket_id"": 736501, ""stored_ids"": [736501], ""validated_stored_ids"": [736501]}",,,,
14477,magic,Legolas's Quick Reflexes,493,ltc,Tales of Middle-earth Commander,en,Borderless,rare,foil,Borderless,221,scryfall_oracle:59154c04-6bc5-4b95-af1f-6de5fed05649,,,851c0167-04ba-4d15-b0fa-c211bd8826f1,736501,,736501,Legolas's Quick Reflexes,5489,The Lord of the Rings: Tales of Middle-earth,,,mixed/unknown,22.99,32.03,28.5,31.64,30.42,22.99,34.5,37.38,32.14,29.8,Foil Low,,EUR,EUR,,,,,"{""mapped_product_ids"": []}",MISMATCH,stored product identity conflicts with local printing,true,false,false,,,,,,,,CRITICAL,,,,CRITICAL,wrong_expansion,,"{""external_provenance"": [], ""mismatch_reasons"": [""unproven_treatment"", ""wrong_expansion""], ""scryfall_cardmarket_id"": 736501, ""stored_ids"": [736501], ""validated_stored_ids"": [736501]}",,,,
14478,magic,Gimli's Reckless Might,494,ltc,Tales of Middle-earth Commander,en,Borderless,rare,nonfoil,Borderless,322,scryfall_oracle:824abca7-b5e2-4ddb-ac7d-b7d04758a3c9,,,36f85c90-08e9-42cd-9d5d-55f77d5544aa,736503,,736503,Gimli's Reckless Might,5489,The Lord of the Rings: Tales of Middle-earth,,,mixed/unknown,1,4.47,7.99,3.5,3.43,1,5.02,4,4.7,3.77,Low,,EUR,EUR,,,,,"{""mapped_product_ids"": []}",MISMATCH,stored product identity conflicts with local printing,true,false,false,,,,,,,,CRITICAL,,,,CRITICAL,wrong_expansion,,"{""external_provenance"": [], ""mismatch_reasons"": [""unproven_treatment"", ""wrong_expansion""], ""scryfall_cardmarket_id"": 736503, ""stored_ids"": [736503], ""validated_stored_ids"": [736503]}",,,,
14479,magic,Gimli's Reckless Might,494,ltc,Tales of Middle-earth Commander,en,Borderless,rare,foil,Borderless,322,scryfall_oracle:824abca7-b5e2-4ddb-ac7d-b7d04758a3c9,,,36f85c90-08e9-42cd-9d5d-55f77d5544aa,736503,,736503,Gimli's Reckless Might,5489,The Lord of the Rings: Tales of Middle-earth,,,mixed/unknown,1,4.47,7.99,3.5,3.43,1,5.02,4,4.7,3.77,Foil Low,,EUR,EUR,,,,,"{""mapped_product_ids"": []}",MISMATCH,stored product identity conflicts with local printing,true,false,false,,,,,,,,CRITICAL,,,,CRITICAL,wrong_expansion,,"{""external_provenance"": [], ""mismatch_reasons"": [""unproven_treatment"", ""wrong_expansion""], ""scryfall_cardmarket_id"": 736503, ""stored_ids"": [736503], ""validated_stored_ids"": [736503]}",,,,
14480,magic,Isengard Unleashed,495,ltc,Tales of Middle-earth Commander,en,Borderless,rare,nonfoil,Borderless,104,scryfall_oracle:2b947703-751a-4d95-b5de-e2d6b1fcb502,,,55b5cfd6-1e20-4950-815f-f6666d6aef24,736519,,736519,Isengard Unleashed,5489,The Lord of the Rings: Tales of Middle-earth,,,mixed/unknown,0.25,1.34,1,1.07,1.12,0.47,1.5,0.87,1.43,1.18,Low,,EUR,EUR,,,,,"{""mapped_product_ids"": []}",MISMATCH,stored product identity conflicts with local printing,true,false,false,,,,,,,,CRITICAL,,,,CRITICAL,wrong_expansion,,"{""external_provenance"": [], ""mismatch_reasons"": [""unproven_treatment"", ""wrong_expansion""], ""scryfall_cardmarket_id"": 736519, ""stored_ids"": [736519], ""validated_stored_ids"": [736519]}",,,,
14481,magic,Isengard Unleashed,495,ltc,Tales of Middle-earth Commander,en,Borderless,rare,foil,Borderless,104,scryfall_oracle:2b947703-751a-4d95-b5de-e2d6b1fcb502,,,55b5cfd6-1e20-4950-815f-f6666d6aef24,736519,,736519,Isengard Unleashed,5489,The Lord of the Rings: Tales of Middle-earth,,,mixed/unknown,0.25,1.34,1,1.07,1.12,0.47,1.5,0.87,1.43,1.18,Foil Low,,EUR,EUR,,,,,"{""mapped_product_ids"": []}",MISMATCH,stored product identity conflicts with local printing,true,false,false,,,,,,,,CRITICAL,,,,CRITICAL,wrong_expansion,,"{""external_provenance"": [], ""mismatch_reasons"": [""unproven_treatment"", ""wrong_expansion""], ""scryfall_cardmarket_id"": 736519, ""stored_ids"": [736519], ""validated_stored_ids"": [736519]}",,,,
14482,magic,Rohirrim Chargers,496,ltc,Tales of Middle-earth Commander,en,Borderless,rare,nonfoil,Borderless,360,scryfall_oracle:8e638c52-e7b9-445b-adcf-77b58e06c2ba,,,070df7db-bee4-456b-864e-69d493f09dc2,736524,,736524,Rohirrim Chargers,5489,The Lord of the Rings: Tales of Middle-earth,,,mixed/unknown,0.06,0.33,0.25,0.32,0.31,0.09,0.39,0.3,0.32,0.35,Low,,EUR,EUR,,,,,"{""mapped_product_ids"": []}",MISMATCH,stored product identity conflicts with local printing,true,false,false,,,,,,,,CRITICAL,,,,CRITICAL,wrong_expansion,,"{""external_provenance"": [], ""mismatch_reasons"": [""unproven_treatment"", ""wrong_expansion""], ""scryfall_cardmarket_id"": 736524, ""stored_ids"": [736524], ""validated_stored_ids"": [736524]}",,,,
14483,magic,Rohirrim Chargers,496,ltc,Tales of Middle-earth Commander,en,Borderless,rare,foil,Borderless,360,scryfall_oracle:8e638c52-e7b9-445b-adcf-77b58e06c2ba,,,070df7db-bee4-456b-864e-69d493f09dc2,736524,,736524,Rohirrim Chargers,5489,The Lord of the Rings: Tales of Middle-earth,,,mixed/unknown,0.06,0.33,0.25,0.32,0.31,0.09,0.39,0.3,0.32,0.35,Foil Low,,EUR,EUR,,,,,"{""mapped_product_ids"": []}",MISMATCH,stored product identity conflicts with local printing,true,false,false,,,,,,,,CRITICAL,,,,CRITICAL,wrong_expansion,,"{""external_provenance"": [], ""mismatch_reasons"": [""unproven_treatment"", ""wrong_expansion""], ""scryfall_cardmarket_id"": 736524, ""stored_ids"": [736524], ""validated_stored_ids"": [736524]}",,,,
14484,magic,Arboreal Alliance,497,ltc,Tales of Middle-earth Commander,en,Borderless,rare,nonfoil,Borderless,118,scryfall_oracle:2f497352-c812-48c4-a922-cc311bcdcdc6,,,107f9fbf-4111-41a8-8e5d-9889fa2e3047,736527,,736527,Arboreal Alliance,5489,The Lord of the Rings: Tales of Middle-earth,,,mixed/unknown,0.15,0.51,0.3,0.5,0.45,0.2,0.41,0.34,0.48,0.44,Low,,EUR,EUR,,,,,"{""mapped_product_ids"": []}",MISMATCH,stored product identity conflicts with local printing,true,false,false,,,,,,,,CRITICAL,,,,CRITICAL,wrong_expansion,,"{""external_provenance"": [], ""mismatch_reasons"": [""unproven_treatment"", ""wrong_expansion""], ""scryfall_cardmarket_id"": 736527, ""stored_ids"": [736527], ""validated_stored_ids"": [736527]}",,,,
14485,magic,Arboreal Alliance,497,ltc,Tales of Middle-earth Commander,en,Borderless,rare,foil,Borderless,118,scryfall_oracle:2f497352-c812-48c4-a922-cc311bcdcdc6,,,107f9fbf-4111-41a8-8e5d-9889fa2e3047,736527,,736527,Arboreal Alliance,5489,The Lord of the Rings: Tales of Middle-earth,,,mixed/unknown,0.15,0.51,0.3,0.5,0.45,0.2,0.41,0.34,0.48,0.44,Foil Low,,EUR,EUR,,,,,"{""mapped_product_ids"": []}",MISMATCH,stored product identity conflicts with local printing,true,false,false,,,,,,,,CRITICAL,,,,CRITICAL,wrong_expansion,,"{""external_provenance"": [], ""mismatch_reasons"": [""unproven_treatment"", ""wrong_expansion""], ""scryfall_cardmarket_id"": 736527, ""stored_ids"": [736527], ""validated_stored_ids"": [736527]}",,,,
14486,magic,"Galadriel, Light of Valinor",498,ltc,Tales of Middle-earth Commander,en,Borderless,mythic,nonfoil,Borderless,630,scryfall_oracle:faf44683-339d-4fc0-8029-1e867c69de0e,,,f485596f-3a23-4714-ad7e-4c493ab1b530,736530,,736530,"Galadriel, Light of Valinor",5489,The Lord of the Rings: Tales of Middle-earth,,,mixed/unknown,20,22.78,25,21.37,21.26,20,24.87,26.46,23.7,23.12,Low,,EUR,EUR,,,,,"{""mapped_product_ids"": []}",MISMATCH,stored product identity conflicts with local printing,true,false,false,,,,,,,,CRITICAL,,,,CRITICAL,wrong_expansion,,"{""external_provenance"": [], ""mismatch_reasons"": [""unproven_treatment"", ""wrong_expansion""], ""scryfall_cardmarket_id"": 736530, ""stored_ids"": [736530], ""validated_stored_ids"": [736530]}",,,,
14487,magic,"Galadriel, Light of Valinor",498,ltc,Tales of Middle-earth Commander,en,Borderless,mythic,foil,Borderless,630,scryfall_oracle:faf44683-339d-4fc0-8029-1e867c69de0e,,,f485596f-3a23-4714-ad7e-4c493ab1b530,736530,,736530,"Galadriel, Light of Valinor",5489,The Lord of the Rings: Tales of Middle-earth,,,mixed/unknown,20,22.78,25,21.37,21.26,20,24.87,26.46,23.7,23.12,Foil Low,,EUR,EUR,,,,,"{""mapped_product_ids"": []}",MISMATCH,stored product identity conflicts with local printing,true,false,false,,,,,,,,CRITICAL,,,,CRITICAL,wrong_expansion,,"{""external_provenance"": [], ""mismatch_reasons"": [""unproven_treatment"", ""wrong_expansion""], ""scryfall_cardmarket_id"": 736530, ""stored_ids"": [736530], ""validated_stored_ids"": [736530]}",,,,
14488,magic,Rally the Galadhrim,499,ltc,Tales of Middle-earth Commander,en,Borderless,rare,nonfoil,Borderless,328,scryfall_oracle:84b2d0f6-ad98-4a71-a3d5-645b0f2db6c6,,,009a2276-0014-45c2-90b7-064594009780,736534,,736534,Rally the Galadhrim,5489,The Lord of the Rings: Tales of Middle-earth,,,mixed/unknown,0.15,0.62,0.23,0.55,0.41,0.15,0.41,0.3,0.44,0.42,Low,,EUR,EUR,,,,,"{""mapped_product_ids"": []}",MISMATCH,stored product identity conflicts with local printing,true,false,false,,,,,,,,CRITICAL,,,,CRITICAL,wrong_expansion,,"{""external_provenance"": [], ""mismatch_reasons"": [""unproven_treatment"", ""wrong_expansion""], ""scryfall_cardmarket_id"": 736534, ""stored_ids"": [736534], ""validated_stored_ids"": [736534]}",,,,
14489,magic,Rally the Galadhrim,499,ltc,Tales of Middle-earth Commander,en,Borderless,rare,foil,Borderless,328,scryfall_oracle:84b2d0f6-ad98-4a71-a3d5-645b0f2db6c6,,,009a2276-0014-45c2-90b7-064594009780,736534,,736534,Rally the Galadhrim,5489,The Lord of the Rings: Tales of Middle-earth,,,mixed/unknown,0.15,0.62,0.23,0.55,0.41,0.15,0.41,0.3,0.44,0.42,Foil Low,,EUR,EUR,,,,,"{""mapped_product_ids"": []}",MISMATCH,stored product identity conflicts with local printing,true,false,false,,,,,,,,CRITICAL,,,,CRITICAL,wrong_expansion,,"{""external_provenance"": [], ""mismatch_reasons"": [""unproven_treatment"", ""wrong_expansion""], ""scryfall_cardmarket_id"": 736534, ""stored_ids"": [736534], ""validated_stored_ids"": [736534]}",,,,
14490,magic,Galadriel's Dismissal,500,ltc,Tales of Middle-earth Commander,en,Borderless,rare,nonfoil,Borderless,577,scryfall_oracle:e46d0b57-5eec-4ab6-b9a7-a5c5cc01cc34,,,2d1c66a7-a39e-4869-80c7-1cec89777e0d,736536,,736536,Galadriel's Dismissal,5489,The Lord of the Rings: Tales of Middle-earth,,,mixed/unknown,22,24.21,26.2,23.37,23.41,22,24.27,25.5,24.19,23.4,Low,,EUR,EUR,,,,,"{""mapped_product_ids"": []}",MISMATCH,stored product identity conflicts with local printing,true,false,false,,,,,,,,CRITICAL,,,,CRITICAL,wrong_expansion,,"{""external_provenance"": [], ""mismatch_reasons"": [""unproven_treatment"", ""wrong_expansion""], ""scryfall_cardmarket_id"": 736536, ""stored_ids"": [736536], ""validated_stored_ids"": [736536]}",,,,
14491,magic,Galadriel's Dismissal,500,ltc,Tales of Middle-earth Commander,en,Borderless,rare,foil,Borderless,577,scryfall_oracle:e46d0b57-5eec-4ab6-b9a7-a5c5cc01cc34,,,2d1c66a7-a39e-4869-80c7-1cec89777e0d,736536,,736536,Galadriel's Dismissal,5489,The Lord of the Rings: Tales of Middle-earth,,,mixed/unknown,22,24.21,26.2,23.37,23.41,22,24.27,25.5,24.19,23.4,Foil Low,,EUR,EUR,,,,,"{""mapped_product_ids"": []}",MISMATCH,stored product identity conflicts with local printing,true,false,false,,,,,,,,CRITICAL,,,,CRITICAL,wrong_expansion,,"{""external_provenance"": [], ""mismatch_reasons"": [""unproven_treatment"", ""wrong_expansion""], ""scryfall_cardmarket_id"": 736536, ""stored_ids"": [736536], ""validated_stored_ids"": [736536]}",,,,
14492,magic,Mists of Lórien,501,ltc,Tales of Middle-earth Commander,en,Borderless,rare,nonfoil,Borderless,250,scryfall_oracle:65259ba4-956d-46a3-abd9-791d02015b41,,,eb23c5fc-3172-44c3-9d3a-ec619c6c4824,736538,,736538,Mists of Lórien,5489,The Lord of the Rings: Tales of Middle-earth,,,mixed/unknown,0.25,1.19,1.09,1.04,1.05,0.3,0.94,0.72,0.98,0.92,Low,,EUR,EUR,,,,,"{""mapped_product_ids"": []}",MISMATCH,stored product identity conflicts with local printing,true,false,false,,,,,,,,CRITICAL,,,,CRITICAL,wrong_expansion,,"{""external_provenance"": [], ""mismatch_reasons"": [""unproven_treatment"", ""wrong_expansion""], ""scryfall_cardmarket_id"": 736538, ""stored_ids"": [736538], ""validated_stored_ids"": [736538]}",,,,
14493,magic,Mists of Lórien,501,ltc,Tales of Middle-earth Commander,en,Borderless,rare,foil,Borderless,250,scryfall_oracle:65259ba4-956d-46a3-abd9-791d02015b41,,,eb23c5fc-3172-44c3-9d3a-ec619c6c4824,736538,,736538,Mists of Lórien,5489,The Lord of the Rings: Tales of Middle-earth,,,mixed/unknown,0.25,1.19,1.09,1.04,1.05,0.3,0.94,0.72,0.98,0.92,Foil Low,,EUR,EUR,,,,,"{""mapped_product_ids"": []}",MISMATCH,stored product identity conflicts with local printing,true,false,false,,,,,,,,CRITICAL,,,,CRITICAL,wrong_expansion,,"{""external_provenance"": [], ""mismatch_reasons"": [""unproven_treatment"", ""wrong_expansion""], ""scryfall_cardmarket_id"": 736538, ""stored_ids"": [736538], ""validated_stored_ids"": [736538]}",,,,
14494,magic,Galadhrim Brigade,502,ltc,Tales of Middle-earth Commander,en,Borderless,rare,nonfoil,Borderless,556,scryfall_oracle:da4bf807-93f3-41b7-8bfd-aa63a551754e,,,d1ac1534-ce78-467d-abf4-67a2e11cfac5,736541,,736541,Galadhrim Brigade,5489,The Lord of the Rings: Tales of Middle-earth,,,mixed/unknown,9,13.03,14.99,12.85,10.76,9,10.37,8.97,10.54,9.82,Low,,EUR,EUR,,,,,"{""mapped_product_ids"": []}",MISMATCH,stored product identity conflicts with local printing,true,false,false,,,,,,,,CRITICAL,,,,CRITICAL,wrong_expansion,,"{""external_provenance"": [], ""mismatch_reasons"": [""unproven_treatment"", ""wrong_expansion""], ""scryfall_cardmarket_id"": 736541, ""stored_ids"": [736541], ""validated_stored_ids"": [736541]}",,,,
14495,magic,Galadhrim Brigade,502,ltc,Tales of Middle-earth Commander,en,Borderless,rare,foil,Borderless,556,scryfall_oracle:da4bf807-93f3-41b7-8bfd-aa63a551754e,,,d1ac1534-ce78-467d-abf4-67a2e11cfac5,736541,,736541,Galadhrim Brigade,5489,The Lord of the Rings: Tales of Middle-earth,,,mixed/unknown,9,13.03,14.99,12.85,10.76,9,10.37,8.97,10.54,9.82,Foil Low,,EUR,EUR,,,,,"{""mapped_product_ids"": []}",MISMATCH,stored product identity conflicts with local printing,true,false,false,,,,,,,,CRITICAL,,,,CRITICAL,wrong_expansion,,"{""external_provenance"": [], ""mismatch_reasons"": [""unproven_treatment"", ""wrong_expansion""], ""scryfall_cardmarket_id"": 736541, ""stored_ids"": [736541], ""validated_stored_ids"": [736541]}",,,,
14496,magic,Olórin's Searing Light,503,ltc,Tales of Middle-earth Commander,en,Borderless,rare,nonfoil,Borderless,582,scryfall_oracle:e6f2ba06-2c92-48b7-a95f-ea6bf35aa0fe,,,7496ad0f-fc6d-4154-ac42-c2471e72ed88,736544,,736544,Olórin's Searing Light,5489,The Lord of the Rings: Tales of Middle-earth,,,mixed/unknown,7,9.27,11.63,9.87,8.83,8,10.07,10.31,9.8,8.81,Low,,EUR,EUR,,,,,"{""mapped_product_ids"": []}",MISMATCH,stored product identity conflicts with local printing,true,false,false,,,,,,,,CRITICAL,,,,CRITICAL,wrong_expansion,,"{""external_provenance"": [], ""mismatch_reasons"": [""unproven_treatment"", ""wrong_expansion""], ""scryfall_cardmarket_id"": 736544, ""stored_ids"": [736544], ""validated_stored_ids"": [736544]}",,,,
14497,magic,Olórin's Searing Light,503,ltc,Tales of Middle-earth Commander,en,Borderless,rare,foil,Borderless,582,scryfall_oracle:e6f2ba06-2c92-48b7-a95f-ea6bf35aa0fe,,,7496ad0f-fc6d-4154-ac42-c2471e72ed88,736544,,736544,Olórin's Searing Light,5489,The Lord of the Rings: Tales of Middle-earth,,,mixed/unknown,7,9.27,11.63,9.87,8.83,8,10.07,10.31,9.8,8.81,Foil Low,,EUR,EUR,,,,,"{""mapped_product_ids"": []}",MISMATCH,stored product identity conflicts with local printing,true,false,false,,,,,,,,CRITICAL,,,,CRITICAL,wrong_expansion,,"{""external_provenance"": [], ""mismatch_reasons"": [""unproven_treatment"", ""wrong_expansion""], ""scryfall_cardmarket_id"": 736544, ""stored_ids"": [736544], ""validated_stored_ids"": [736544]}",,,,
14498,magic,Sorcerous Squall,504,ltc,Tales of Middle-earth Commander,en,Borderless,rare,nonfoil,Borderless,432,scryfall_oracle:a986d83d-22f1-45c3-bc2d-f5b210c539fb,,,c06274ff-892e-418b-8ba5-4d3b3231e327,736547,,736547,Sorcerous Squall,5489,The Lord of the Rings: Tales of Middle-earth,,,mixed/unknown,0.2,0.94,1.26,0.95,0.68,0.2,0.68,0.55,0.67,0.63,Low,,EUR,EUR,,,,,"{""mapped_product_ids"": []}",MISMATCH,stored product identity conflicts with local printing,true,false,false,,,,,,,,CRITICAL,,,,CRITICAL,wrong_expansion,,"{""external_provenance"": [], ""mismatch_reasons"": [""unproven_treatment"", ""wrong_expansion""], ""scryfall_cardmarket_id"": 736547, ""stored_ids"": [736547], ""validated_stored_ids"": [736547]}",,,,
14499,magic,Sorcerous Squall,504,ltc,Tales of Middle-earth Commander,en,Borderless,rare,foil,Borderless,432,scryfall_oracle:a986d83d-22f1-45c3-bc2d-f5b210c539fb,,,c06274ff-892e-418b-8ba5-4d3b3231e327,736547,,736547,Sorcerous Squall,5489,The Lord of the Rings: Tales of Middle-earth,,,mixed/unknown,0.2,0.94,1.26,0.95,0.68,0.2,0.68,0.55,0.67,0.63,Foil Low,,EUR,EUR,,,,,"{""mapped_product_ids"": []}",MISMATCH,stored product identity conflicts with local printing,true,false,false,,,,,,,,CRITICAL,,,,CRITICAL,wrong_expansion,,"{""external_provenance"": [], ""mismatch_reasons"": [""unproven_treatment"", ""wrong_expansion""], ""scryfall_cardmarket_id"": 736547, ""stored_ids"": [736547], ""validated_stored_ids"": [736547]}",,,,
14500,magic,"Rammas Echor, Ancient Shield",505,ltc,Tales of Middle-earth Commander,en,Borderless,rare,nonfoil,Borderless,208,scryfall_oracle:53d58401-c318-47e0-aab0-60001c071dbb,,,558c1fcc-cb01-4031-ada5-4e39d65aee27,736550,,736550,"Rammas Echor, Ancient Shield",5489,The Lord of the Rings: Tales of Middle-earth,,,mixed/unknown,7,8.45,8,9.45,9.02,7,8.38,8.71,8.81,9.04,Low,,EUR,EUR,,,,,"{""mapped_product_ids"": []}",MISMATCH,stored product identity conflicts with local printing,true,false,false,,,,,,,,CRITICAL,,,,CRITICAL,wrong_expansion,,"{""external_provenance"": [], ""mismatch_reasons"": [""unproven_treatment"", ""wrong_expansion""], ""scryfall_cardmarket_id"": 736550, ""stored_ids"": [736550], ""validated_stored_ids"": [736550]}",,,,
14501,magic,"Rammas Echor, Ancient Shield",505,ltc,Tales of Middle-earth Commander,en,Borderless,rare,foil,Borderless,208,scryfall_oracle:53d58401-c318-47e0-aab0-60001c071dbb,,,558c1fcc-cb01-4031-ada5-4e39d65aee27,736550,,736550,"Rammas Echor, Ancient Shield",5489,The Lord of the Rings: Tales of Middle-earth,,,mixed/unknown,7,8.45,8,9.45,9.02,7,8.38,8.71,8.81,9.04,Foil Low,,EUR,EUR,,,,,"{""mapped_product_ids"": []}",MISMATCH,stored product identity conflicts with local printing,true,false,false,,,,,,,,CRITICAL,,,,CRITICAL,wrong_expansion,,"{""external_provenance"": [], ""mismatch_reasons"": [""unproven_treatment"", ""wrong_expansion""], ""scryfall_cardmarket_id"": 736550, ""stored_ids"": [736550], ""validated_stored_ids"": [736550]}",,,,
14502,magic,Courageous Resolve,506,ltc,Tales of Middle-earth Commander,en,Borderless,rare,nonfoil,Borderless,159,scryfall_oracle:3f7452aa-b075-47d9-b61f-061d61c7d1b4,,,5e6ce397-e888-46a6-aa1f-0954df95179f,736553,,736553,Courageous Resolve,5489,The Lord of the Rings: Tales of Middle-earth,,,mixed/unknown,0.1,0.63,0.75,0.62,0.53,0.2,0.48,0.4,0.38,0.39,Low,,EUR,EUR,,,,,"{""mapped_product_ids"": []}",MISMATCH,stored product identity conflicts with local printing,true,false,false,,,,,,,,CRITICAL,,,,CRITICAL,wrong_expansion,,"{""external_provenance"": [], ""mismatch_reasons"": [""unproven_treatment"", ""wrong_expansion""], ""scryfall_cardmarket_id"": 736553, ""stored_ids"": [736553], ""validated_stored_ids"": [736553]}",,,,
14503,magic,Courageous Resolve,506,ltc,Tales of Middle-earth Commander,en,Borderless,rare,foil,Borderless,159,scryfall_oracle:3f7452aa-b075-47d9-b61f-061d61c7d1b4,,,5e6ce397-e888-46a6-aa1f-0954df95179f,736553,,736553,Courageous Resolve,5489,The Lord of the Rings: Tales of Middle-earth,,,mixed/unknown,0.1,0.63,0.75,0.62,0.53,0.2,0.48,0.4,0.38,0.39,Foil Low,,EUR,EUR,,,,,"{""mapped_product_ids"": []}",MISMATCH,stored product identity conflicts with local printing,true,false,false,,,,,,,,CRITICAL,,,,CRITICAL,wrong_expansion,,"{""external_provenance"": [], ""mismatch_reasons"": [""unproven_treatment"", ""wrong_expansion""], ""scryfall_cardmarket_id"": 736553, ""stored_ids"": [736553], ""validated_stored_ids"": [736553]}",,,,
14504,magic,Gandalf of the Secret Fire,507,ltc,Tales of Middle-earth Commander,en,Borderless,mythic,nonfoil,Borderless,522,scryfall_oracle:cbad35cd-9026-43ea-8333-94f3b34459e3,,,bc40e6dd-0aa8-4c37-a2eb-4dc9662e416e,736555,,736555,Gandalf of the Secret Fire,5489,The Lord of the Rings: Tales of Middle-earth,,,mixed/unknown,0.73,1.77,0.5,1.73,1.59,0.73,1.76,1.56,1.5,1.36,Low,,EUR,EUR,,,,,"{""mapped_product_ids"": []}",MISMATCH,stored product identity conflicts with local printing,true,false,false,,,,,,,,CRITICAL,,,,CRITICAL,wrong_expansion,,"{""external_provenance"": [], ""mismatch_reasons"": [""unproven_treatment"", ""wrong_expansion""], ""scryfall_cardmarket_id"": 736555, ""stored_ids"": [736555], ""validated_stored_ids"": [736555]}",,,,
14505,magic,Gandalf of the Secret Fire,507,ltc,Tales of Middle-earth Commander,en,Borderless,mythic,foil,Borderless,522,scryfall_oracle:cbad35cd-9026-43ea-8333-94f3b34459e3,,,bc40e6dd-0aa8-4c37-a2eb-4dc9662e416e,736555,,736555,Gandalf of the Secret Fire,5489,The Lord of the Rings: Tales of Middle-earth,,,mixed/unknown,0.73,1.77,0.5,1.73,1.59,0.73,1.76,1.56,1.5,1.36,Foil Low,,EUR,EUR,,,,,"{""mapped_product_ids"": []}",MISMATCH,stored product identity conflicts with local printing,true,false,false,,,,,,,,CRITICAL,,,,CRITICAL,wrong_expansion,,"{""external_provenance"": [], ""mismatch_reasons"": [""unproven_treatment"", ""wrong_expansion""], ""scryfall_cardmarket_id"": 736555, ""stored_ids"": [736555], ""validated_stored_ids"": [736555]}",,,,
14506,magic,Fell Beast's Shriek,508,ltc,Tales of Middle-earth Commander,en,Borderless,rare,nonfoil,Borderless,545,scryfall_oracle:d660f6a0-3642-4445-b877-fda2a2950680,,,50970601-519b-485a-81ba-280458f27d6a,736576,,736576,Fell Beast's Shriek,5489,The Lord of the Rings: Tales of Middle-earth,,,mixed/unknown,0.09,0.54,0.3,0.37,0.42,0.09,0.46,0.15,0.55,0.41,Low,,EUR,EUR,,,,,"{""mapped_product_ids"": []}",MISMATCH,stored product identity conflicts with local printing,true,false,false,,,,,,,,CRITICAL,,,,CRITICAL,wrong_expansion,,"{""external_provenance"": [], ""mismatch_reasons"": [""unproven_treatment"", ""wrong_expansion""], ""scryfall_cardmarket_id"": 736576, ""stored_ids"": [736576], ""validated_stored_ids"": [736576]}",,,,
14507,magic,Fell Beast's Shriek,508,ltc,Tales of Middle-earth Commander,en,Borderless,rare,foil,Borderless,545,scryfall_oracle:d660f6a0-3642-4445-b877-fda2a2950680,,,50970601-519b-485a-81ba-280458f27d6a,736576,,736576,Fell Beast's Shriek,5489,The Lord of the Rings: Tales of Middle-earth,,,mixed/unknown,0.09,0.54,0.3,0.37,0.42,0.09,0.46,0.15,0.55,0.41,Foil Low,,EUR,EUR,,,,,"{""mapped_product_ids"": []}",MISMATCH,stored product identity conflicts with local printing,true,false,false,,,,,,,,CRITICAL,,,,CRITICAL,wrong_expansion,,"{""external_provenance"": [], ""mismatch_reasons"": [""unproven_treatment"", ""wrong_expansion""], ""scryfall_cardmarket_id"": 736576, ""stored_ids"": [736576], ""validated_stored_ids"": [736576]}",,,,
14508,magic,Call Forth the Tempest,509,ltc,Tales of Middle-earth Commander,en,Borderless,rare,nonfoil,Borderless,16,scryfall_oracle:0623c51a-e829-413f-a3a0-817c0902821e,,,81d6b979-251a-4736-86f0-35a6c8b492c9,736612,,736612,Call Forth the Tempest,5489,The Lord of the Rings: Tales of Middle-earth,,,mixed/unknown,19.99,23.28,22.75,25.59,26.56,19.99,25.87,36.45,25.74,26.05,Low,,EUR,EUR,,,,,"{""mapped_product_ids"": []}",MISMATCH,stored product identity conflicts with local printing,true,false,false,,,,,,,,CRITICAL,,,,CRITICAL,wrong_expansion,,"{""external_provenance"": [], ""mismatch_reasons"": [""unproven_treatment"", ""wrong_expansion""], ""scryfall_cardmarket_id"": 736612, ""stored_ids"": [736612], ""validated_stored_ids"": [736612]}",,,,
14509,magic,Call Forth the Tempest,509,ltc,Tales of Middle-earth Commander,en,Borderless,rare,foil,Borderless,16,scryfall_oracle:0623c51a-e829-413f-a3a0-817c0902821e,,,81d6b979-251a-4736-86f0-35a6c8b492c9,736612,,736612,Call Forth the Tempest,5489,The Lord of the Rings: Tales of Middle-earth,,,mixed/unknown,19.99,23.28,22.75,25.59,26.56,19.99,25.87,36.45,25.74,26.05,Foil Low,,EUR,EUR,,,,,"{""mapped_product_ids"": []}",MISMATCH,stored product identity conflicts with local printing,true,false,false,,,,,,,,CRITICAL,,,,CRITICAL,wrong_expansion,,"{""external_provenance"": [], ""mismatch_reasons"": [""unproven_treatment"", ""wrong_expansion""], ""scryfall_cardmarket_id"": 736612, ""stored_ids"": [736612], ""validated_stored_ids"": [736612]}",,,,
14510,magic,Nazgûl Battle-Mace,510,ltc,Tales of Middle-earth Commander,en,Borderless,rare,nonfoil,Borderless,77,scryfall_oracle:1ea3ba2d-e88f-4879-92f2-681637094b45,,,8a08f237-fc13-475f-860f-011dfa4a1a67,736616,,736616,Nazgûl Battle-Mace,5489,The Lord of the Rings: Tales of Middle-earth,,,mixed/unknown,6.99,9.04,7.4,10.48,9.29,7.5,9.35,10.95,9.95,9.45,Low,,EUR,EUR,,,,,"{""mapped_product_ids"": []}",MISMATCH,stored product identity conflicts with local printing,true,false,false,,,,,,,,CRITICAL,,,,CRITICAL,wrong_expansion,,"{""external_provenance"": [], ""mismatch_reasons"": [""unproven_treatment"", ""wrong_expansion""], ""scryfall_cardmarket_id"": 736616, ""stored_ids"": [736616], ""validated_stored_ids"": [736616]}",,,,
14511,magic,Nazgûl Battle-Mace,510,ltc,Tales of Middle-earth Commander,en,Borderless,rare,foil,Borderless,77,scryfall_oracle:1ea3ba2d-e88f-4879-92f2-681637094b45,,,8a08f237-fc13-475f-860f-011dfa4a1a67,736616,,736616,Nazgûl Battle-Mace,5489,The Lord of the Rings: Tales of Middle-earth,,,mixed/unknown,6.99,9.04,7.4,10.48,9.29,7.5,9.35,10.95,9.95,9.45,Foil Low,,EUR,EUR,,,,,"{""mapped_product_ids"": []}",MISMATCH,stored product identity conflicts with local printing,true,false,false,,,,,,,,CRITICAL,,,,CRITICAL,wrong_expansion,,"{""external_provenance"": [], ""mismatch_reasons"": [""unproven_treatment"", ""wrong_expansion""], ""scryfall_cardmarket_id"": 736616, ""stored_ids"": [736616], ""validated_stored_ids"": [736616]}",,,,
14512,magic,"Witch-king, Sky Scourge",511,ltc,Tales of Middle-earth Commander,en,Borderless,mythic,nonfoil,Borderless,326,scryfall_oracle:84137013-7a23-4bc8-b855-04889373fdae,,,0cd26961-ed53-417c-8a1e-2641d5f05640,736420,,736420,"Witch-king, Sky Scourge",5489,The Lord of the Rings: Tales of Middle-earth,,,mixed/unknown,0.88,2.19,2,2.3,2.14,0.9,2.07,1.69,2.23,1.9,Low,,EUR,EUR,,,,,"{""mapped_product_ids"": []}",MISMATCH,stored product identity conflicts with local printing,true,false,false,,,,,,,,CRITICAL,,,,CRITICAL,wrong_expansion,,"{""external_provenance"": [], ""mismatch_reasons"": [""unproven_treatment"", ""wrong_expansion""], ""scryfall_cardmarket_id"": 736420, ""stored_ids"": [736420], ""validated_stored_ids"": [736420]}",,,,
14513,magic,"Witch-king, Sky Scourge",511,ltc,Tales of Middle-earth Commander,en,Borderless,mythic,foil,Borderless,326,scryfall_oracle:84137013-7a23-4bc8-b855-04889373fdae,,,0cd26961-ed53-417c-8a1e-2641d5f05640,736420,,736420,"Witch-king, Sky Scourge",5489,The Lord of the Rings: Tales of Middle-earth,,,mixed/unknown,0.88,2.19,2,2.3,2.14,0.9,2.07,1.69,2.23,1.9,Foil Low,,EUR,EUR,,,,,"{""mapped_product_ids"": []}",MISMATCH,stored product identity conflicts with local printing,true,false,false,,,,,,,,CRITICAL,,,,CRITICAL,wrong_expansion,,"{""external_provenance"": [], ""mismatch_reasons"": [""unproven_treatment"", ""wrong_expansion""], ""scryfall_cardmarket_id"": 736420, ""stored_ids"": [736420], ""validated_stored_ids"": [736420]}",,,,
14514,magic,Mordor on the March,512,ltc,Tales of Middle-earth Commander,en,Borderless,rare,nonfoil,Borderless,239,scryfall_oracle:60fa9f5f-2360-4d5e-b291-1318803e3c9f,,,6d553b1e-701b-4f09-80ce-2a16ab53e316,736468,,736468,Mordor on the March,5489,The Lord of the Rings: Tales of Middle-earth,,,mixed/unknown,0.1,0.56,0.25,0.56,0.44,0.1,0.6,0.3,0.41,0.4,Low,,EUR,EUR,,,,,"{""mapped_product_ids"": []}",MISMATCH,stored product identity conflicts with local printing,true,false,false,,,,,,,,CRITICAL,,,,CRITICAL,wrong_expansion,,"{""external_provenance"": [], ""mismatch_reasons"": [""unproven_treatment"", ""wrong_expansion""], ""scryfall_cardmarket_id"": 736468, ""stored_ids"": [736468], ""validated_stored_ids"": [736468]}",,,,
14515,magic,Mordor on the March,512,ltc,Tales of Middle-earth Commander,en,Borderless,rare,foil,Borderless,239,scryfall_oracle:60fa9f5f-2360-4d5e-b291-1318803e3c9f,,,6d553b1e-701b-4f09-80ce-2a16ab53e316,736468,,736468,Mordor on the March,5489,The Lord of the Rings: Tales of Middle-earth,,,mixed/unknown,0.1,0.56,0.25,0.56,0.44,0.1,0.6,0.3,0.41,0.4,Foil Low,,EUR,EUR,,,,,"{""mapped_product_ids"": []}",MISMATCH,stored product identity conflicts with local printing,true,false,false,,,,,,,,CRITICAL,,,,CRITICAL,wrong_expansion,,"{""external_provenance"": [], ""mismatch_reasons"": [""unproven_treatment"", ""wrong_expansion""], ""scryfall_cardmarket_id"": 736468, ""stored_ids"": [736468], ""validated_stored_ids"": [736468]}",,,,
14516,magic,Fell Beast of Mordor,513,ltc,Tales of Middle-earth Commander,en,Borderless,rare,nonfoil,Borderless,143,scryfall_oracle:3b64e0a8-7d11-41c5-b439-edec19928b7d,,,daa9c5dd-e7d9-4a7b-b75a-897911a3411b,736619,,736619,Fell Beast of Mordor,5489,The Lord of the Rings: Tales of Middle-earth,,,mixed/unknown,0.35,1.11,1.37,1.03,1.38,0.44,0.8,0.61,0.89,0.9,Low,,EUR,EUR,,,,,"{""mapped_product_ids"": []}",MISMATCH,stored product identity conflicts with local printing,true,false,false,,,,,,,,CRITICAL,,,,CRITICAL,wrong_expansion,,"{""external_provenance"": [], ""mismatch_reasons"": [""unproven_treatment"", ""wrong_expansion""], ""scryfall_cardmarket_id"": 736619, ""stored_ids"": [736619], ""validated_stored_ids"": [736619]}",,,,
14517,magic,Fell Beast of Mordor,513,ltc,Tales of Middle-earth Commander,en,Borderless,rare,foil,Borderless,143,scryfall_oracle:3b64e0a8-7d11-41c5-b439-edec19928b7d,,,daa9c5dd-e7d9-4a7b-b75a-897911a3411b,736619,,736619,Fell Beast of Mordor,5489,The Lord of the Rings: Tales of Middle-earth,,,mixed/unknown,0.35,1.11,1.37,1.03,1.38,0.44,0.8,0.61,0.89,0.9,Foil Low,,EUR,EUR,,,,,"{""mapped_product_ids"": []}",MISMATCH,stored product identity conflicts with local printing,true,false,false,,,,,,,,CRITICAL,,,,CRITICAL,wrong_expansion,,"{""external_provenance"": [], ""mismatch_reasons"": [""unproven_treatment"", ""wrong_expansion""], ""scryfall_cardmarket_id"": 736619, ""stored_ids"": [736619], ""validated_stored_ids"": [736619]}",,,,
14518,magic,"Minas Morgul, Dark Fortress",514,ltc,Tales of Middle-earth Commander,en,Borderless,rare,nonfoil,Borderless,334,scryfall_oracle:867dbd5a-c3cf-41ce-980b-c9babc6f30f2,,,50f76652-15e7-4190-842e-db6db6d66e91,736655,,736655,"Minas Morgul, Dark Fortress",5489,The Lord of the Rings: Tales of Middle-earth,,,mixed/unknown,12,14.51,11.75,14.66,13.87,12.67,14.17,16.1,14.3,13.42,Low,,EUR,EUR,,,,,"{""mapped_product_ids"": []}",MISMATCH,stored product identity conflicts with local printing,true,false,false,,,,,,,,CRITICAL,,,,CRITICAL,wrong_expansion,,"{""external_provenance"": [], ""mismatch_reasons"": [""unproven_treatment"", ""wrong_expansion""], ""scryfall_cardmarket_id"": 736655, ""stored_ids"": [736655], ""validated_stored_ids"": [736655]}",,,,
14519,magic,"Minas Morgul, Dark Fortress",514,ltc,Tales of Middle-earth Commander,en,Borderless,rare,foil,Borderless,334,scryfall_oracle:867dbd5a-c3cf-41ce-980b-c9babc6f30f2,,,50f76652-15e7-4190-842e-db6db6d66e91,736655,,736655,"Minas Morgul, Dark Fortress",5489,The Lord of the Rings: Tales of Middle-earth,,,mixed/unknown,12,14.51,11.75,14.66,13.87,12.67,14.17,16.1,14.3,13.42,Foil Low,,EUR,EUR,,,,,"{""mapped_product_ids"": []}",MISMATCH,stored product identity conflicts with local printing,true,false,false,,,,,,,,CRITICAL,,,,CRITICAL,wrong_expansion,,"{""external_provenance"": [], ""mismatch_reasons"": [""unproven_treatment"", ""wrong_expansion""], ""scryfall_cardmarket_id"": 736655, ""stored_ids"": [736655], ""validated_stored_ids"": [736655]}",,,,
14520,magic,"Kenrith, the Returned King",515,ltc,Tales of Middle-earth Commander,en,Borderless,mythic,nonfoil,Borderless,538,scryfall_oracle:d209b948-9afb-4fd1-a961-72c87282878c,,,029ff21a-b175-4e81-8712-4dae185ad790,735303,,735303,"Kenrith, the Returned King",5489,The Lord of the Rings: Tales of Middle-earth,,,mixed/unknown,79.98,93.95,79.98,91.06,84.52,,0,,,,Low,,EUR,EUR,,,,,"{""mapped_product_ids"": []}",MISMATCH,stored product identity conflicts with local printing,true,false,false,,,,,,,,CRITICAL,,,,CRITICAL,wrong_expansion,,"{""external_provenance"": [], ""mismatch_reasons"": [""unproven_treatment"", ""wrong_expansion""], ""scryfall_cardmarket_id"": 735303, ""stored_ids"": [735303], ""validated_stored_ids"": [735303]}",,,,
14521,magic,"Kenrith, the Returned King",515,ltc,Tales of Middle-earth Commander,en,Borderless,mythic,foil,Borderless,538,scryfall_oracle:d209b948-9afb-4fd1-a961-72c87282878c,,,029ff21a-b175-4e81-8712-4dae185ad790,735303,,735303,"Kenrith, the Returned King",5489,The Lord of the Rings: Tales of Middle-earth,,,mixed/unknown,79.98,93.95,79.98,91.06,84.52,,0,,,,Foil Low,,EUR,EUR,,,,,"{""mapped_product_ids"": []}",MISMATCH,stored product identity conflicts with local printing,true,false,false,,,,,,,,CRITICAL,,,,CRITICAL,wrong_expansion,,"{""external_provenance"": [], ""mismatch_reasons"": [""unproven_treatment"", ""wrong_expansion""], ""scryfall_cardmarket_id"": 735303, ""stored_ids"": [735303], ""validated_stored_ids"": [735303]}",,,,
14522,magic,"Ishkanah, Grafwidow",516,ltc,Tales of Middle-earth Commander,en,Borderless,mythic,nonfoil,Borderless,278,scryfall_oracle:6f4861f4-1b3b-4dbc-b55b-196075d0a693,,,db6d1e62-cee9-4b6d-a6fa-9d35b48856ac,735304,,735304,"Ishkanah, Grafwidow",5489,The Lord of the Rings: Tales of Middle-earth,,,mixed/unknown,35,41.2,35,41.15,40.1,,0,,,,Low,,EUR,EUR,,,,,"{""mapped_product_ids"": []}",MISMATCH,stored product identity conflicts with local printing,true,false,false,,,,,,,,CRITICAL,,,,CRITICAL,wrong_expansion,,"{""external_provenance"": [], ""mismatch_reasons"": [""unproven_treatment"", ""wrong_expansion""], ""scryfall_cardmarket_id"": 735304, ""stored_ids"": [735304], ""validated_stored_ids"": [735304]}",,,,
14523,magic,"Ishkanah, Grafwidow",516,ltc,Tales of Middle-earth Commander,en,Borderless,mythic,foil,Borderless,278,scryfall_oracle:6f4861f4-1b3b-4dbc-b55b-196075d0a693,,,db6d1e62-cee9-4b6d-a6fa-9d35b48856ac,735304,,735304,"Ishkanah, Grafwidow",5489,The Lord of the Rings: Tales of Middle-earth,,,mixed/unknown,35,41.2,35,41.15,40.1,,0,,,,Foil Low,,EUR,EUR,,,,,"{""mapped_product_ids"": []}",MISMATCH,stored product identity conflicts with local printing,true,false,false,,,,,,,,CRITICAL,,,,CRITICAL,wrong_expansion,,"{""external_provenance"": [], ""mismatch_reasons"": [""unproven_treatment"", ""wrong_expansion""], ""scryfall_cardmarket_id"": 735304, ""stored_ids"": [735304], ""validated_stored_ids"": [735304]}",,,,
14524,magic,"Doran, the Siege Tower",517,ltc,Tales of Middle-earth Commander,en,Borderless,rare,nonfoil,Borderless,422,scryfall_oracle:a46d96d9-8e59-4777-8208-7730b9e33240,,,5a64bedc-313e-43d2-9d77-6111b00ad991,735305,,735305,"Doran, the Siege Tower",5489,The Lord of the Rings: Tales of Middle-earth,,,mixed/unknown,17.5,16.13,15,15.84,15.57,,0,,,,Low,,EUR,EUR,,,,,"{""mapped_product_ids"": []}",MISMATCH,stored product identity conflicts with local printing,true,false,false,,,,,,,,CRITICAL,,,,CRITICAL,wrong_expansion,,"{""external_provenance"": [], ""mismatch_reasons"": [""unproven_treatment"", ""wrong_expansion""], ""scryfall_cardmarket_id"": 735305, ""stored_ids"": [735305], ""validated_stored_ids"": [735305]}",,,,
14525,magic,"Doran, the Siege Tower",517,ltc,Tales of Middle-earth Commander,en,Borderless,rare,foil,Borderless,422,scryfall_oracle:a46d96d9-8e59-4777-8208-7730b9e33240,,,5a64bedc-313e-43d2-9d77-6111b00ad991,735305,,735305,"Doran, the Siege Tower",5489,The Lord of the Rings: Tales of Middle-earth,,,mixed/unknown,17.5,16.13,15,15.84,15.57,,0,,,,Foil Low,,EUR,EUR,,,,,"{""mapped_product_ids"": []}",MISMATCH,stored product identity conflicts with local printing,true,false,false,,,,,,,,CRITICAL,,,,CRITICAL,wrong_expansion,,"{""external_provenance"": [], ""mismatch_reasons"": [""unproven_treatment"", ""wrong_expansion""], ""scryfall_cardmarket_id"": 735305, ""stored_ids"": [735305], ""validated_stored_ids"": [735305]}",,,,
14526,magic,Hammerheim,518,ltc,Tales of Middle-earth Commander,en,Borderless,rare,nonfoil,Borderless,510,scryfall_oracle:c7476beb-7923-4994-8476-bc69187ecb72,,,5c278bd1-f120-4ade-95f1-c2cfc23bd763,735306,,735306,Hammerheim,5489,The Lord of the Rings: Tales of Middle-earth,,,mixed/unknown,20.91,22.32,18.96,22.97,23.85,,0,,,,Low,,EUR,EUR,,,,,"{""mapped_product_ids"": []}",MISMATCH,stored product identity conflicts with local printing,true,false,false,,,,,,,,CRITICAL,,,,CRITICAL,wrong_expansion,,"{""external_provenance"": [], ""mismatch_reasons"": [""unproven_treatment"", ""wrong_expansion""], ""scryfall_cardmarket_id"": 735306, ""stored_ids"": [735306], ""validated_stored_ids"": [735306]}",,,,
14527,magic,Hammerheim,518,ltc,Tales of Middle-earth Commander,en,Borderless,rare,foil,Borderless,510,scryfall_oracle:c7476beb-7923-4994-8476-bc69187ecb72,,,5c278bd1-f120-4ade-95f1-c2cfc23bd763,735306,,735306,Hammerheim,5489,The Lord of the Rings: Tales of Middle-earth,,,mixed/unknown,20.91,22.32,18.96,22.97,23.85,,0,,,,Foil Low,,EUR,EUR,,,,,"{""mapped_product_ids"": []}",MISMATCH,stored product identity conflicts with local printing,true,false,false,,,,,,,,CRITICAL,,,,CRITICAL,wrong_expansion,,"{""external_provenance"": [], ""mismatch_reasons"": [""unproven_treatment"", ""wrong_expansion""], ""scryfall_cardmarket_id"": 735306, ""stored_ids"": [735306], ""validated_stored_ids"": [735306]}",,,,
14528,magic,Urborg,519,ltc,Tales of Middle-earth Commander,en,Borderless,rare,nonfoil,Borderless,467,scryfall_oracle:b6114962-035e-4e7f-9009-4739bf83a05a,,,0de4df3c-ac5a-4cff-9fbc-9269991224f9,735307,,735307,Urborg,5489,The Lord of the Rings: Tales of Middle-earth,,,mixed/unknown,19.99,26.62,19,24.7,22.14,,0,,,,Low,,EUR,EUR,,,,,"{""mapped_product_ids"": []}",MISMATCH,stored product identity conflicts with local printing,true,false,false,,,,,,,,CRITICAL,,,,CRITICAL,wrong_expansion,,"{""external_provenance"": [], ""mismatch_reasons"": [""unproven_treatment"", ""wrong_expansion""], ""scryfall_cardmarket_id"": 735307, ""stored_ids"": [735307], ""validated_stored_ids"": [735307]}",,,,
14529,magic,Urborg,519,ltc,Tales of Middle-earth Commander,en,Borderless,rare,foil,Borderless,467,scryfall_oracle:b6114962-035e-4e7f-9009-4739bf83a05a,,,0de4df3c-ac5a-4cff-9fbc-9269991224f9,735307,,735307,Urborg,5489,The Lord of the Rings: Tales of Middle-earth,,,mixed/unknown,19.99,26.62,19,24.7,22.14,,0,,,,Foil Low,,EUR,EUR,,,,,"{""mapped_product_ids"": []}",MISMATCH,stored product identity conflicts with local printing,true,false,false,,,,,,,,CRITICAL,,,,CRITICAL,wrong_expansion,,"{""external_provenance"": [], ""mismatch_reasons"": [""unproven_treatment"", ""wrong_expansion""], ""scryfall_cardmarket_id"": 735307, ""stored_ids"": [735307], ""validated_stored_ids"": [735307]}",,,,
14530,magic,Soul's Attendant,520,ltc,Tales of Middle-earth Commander,en,Borderless,uncommon,nonfoil,Borderless,11,scryfall_oracle:045a9d3d-c20d-427f-a77b-0bffc6f55526,,,8116dc0c-e994-4cfd-8049-e2c82f7c2659,735308,,735308,Soul's Attendant,5489,The Lord of the Rings: Tales of Middle-earth,,,mixed/unknown,5.05,8.86,6.9,8.21,8.35,,0,,,,Low,,EUR,EUR,,,,,"{""mapped_product_ids"": []}",MISMATCH,stored product identity conflicts with local printing,true,false,false,,,,,,,,CRITICAL,,,,CRITICAL,wrong_expansion,,"{""external_provenance"": [], ""mismatch_reasons"": [""unproven_treatment"", ""wrong_expansion""], ""scryfall_cardmarket_id"": 735308, ""stored_ids"": [735308], ""validated_stored_ids"": [735308]}",,,,
14531,magic,Soul's Attendant,520,ltc,Tales of Middle-earth Commander,en,Borderless,uncommon,foil,Borderless,11,scryfall_oracle:045a9d3d-c20d-427f-a77b-0bffc6f55526,,,8116dc0c-e994-4cfd-8049-e2c82f7c2659,735308,,735308,Soul's Attendant,5489,The Lord of the Rings: Tales of Middle-earth,,,mixed/unknown,5.05,8.86,6.9,8.21,8.35,,0,,,,Foil Low,,EUR,EUR,,,,,"{""mapped_product_ids"": []}",MISMATCH,stored product identity conflicts with local printing,true,false,false,,,,,,,,CRITICAL,,,,CRITICAL,wrong_expansion,,"{""external_provenance"": [], ""mismatch_reasons"": [""unproven_treatment"", ""wrong_expansion""], ""scryfall_cardmarket_id"": 735308, ""stored_ids"": [735308], ""validated_stored_ids"": [735308]}",,,,
14532,magic,Stonehewer Giant,521,ltc,Tales of Middle-earth Commander,en,Borderless,rare,nonfoil,Borderless,464,scryfall_oracle:b3d99ea0-d61f-4394-8913-b4057c38ff3e,,,a3a52265-f606-4c17-b85f-d8d051566c1f,735309,,735309,Stonehewer Giant,5489,The Lord of the Rings: Tales of Middle-earth,,,mixed/unknown,10.5,12.02,14.25,12.62,12.37,,0,,,,Low,,EUR,EUR,,,,,"{""mapped_product_ids"": []}",MISMATCH,stored product identity conflicts with local printing,true,false,false,,,,,,,,CRITICAL,,,,CRITICAL,wrong_expansion,,"{""external_provenance"": [], ""mismatch_reasons"": [""unproven_treatment"", ""wrong_expansion""], ""scryfall_cardmarket_id"": 735309, ""stored_ids"": [735309], ""validated_stored_ids"": [735309]}",,,,
14533,magic,Stonehewer Giant,521,ltc,Tales of Middle-earth Commander,en,Borderless,rare,foil,Borderless,464,scryfall_oracle:b3d99ea0-d61f-4394-8913-b4057c38ff3e,,,a3a52265-f606-4c17-b85f-d8d051566c1f,735309,,735309,Stonehewer Giant,5489,The Lord of the Rings: Tales of Middle-earth,,,mixed/unknown,10.5,12.02,14.25,12.62,12.37,,0,,,,Foil Low,,EUR,EUR,,,,,"{""mapped_product_ids"": []}",MISMATCH,stored product identity conflicts with local printing,true,false,false,,,,,,,,CRITICAL,,,,CRITICAL,wrong_expansion,,"{""external_provenance"": [], ""mismatch_reasons"": [""unproven_treatment"", ""wrong_expansion""], ""scryfall_cardmarket_id"": 735309, ""stored_ids"": [735309], ""validated_stored_ids"": [735309]}",,,,
14534,magic,Worship,522,ltc,Tales of Middle-earth Commander,en,Borderless,rare,nonfoil,Borderless,391,scryfall_oracle:99f9a4c8-b59f-4a41-8577-6c1e4684b240,,,4644693e-ae7e-49ad-89be-ffe3dc8f2b6e,735310,,735310,Worship,5489,The Lord of the Rings: Tales of Middle-earth,,,mixed/unknown,4.5,6.43,5.99,6.83,6.82,,0,,,,Low,,EUR,EUR,,,,,"{""mapped_product_ids"": []}",MISMATCH,stored product identity conflicts with local printing,true,false,false,,,,,,,,CRITICAL,,,,CRITICAL,wrong_expansion,,"{""external_provenance"": [], ""mismatch_reasons"": [""unproven_treatment"", ""wrong_expansion""], ""scryfall_cardmarket_id"": 735310, ""stored_ids"": [735310], ""validated_stored_ids"": [735310]}",,,,
14535,magic,Worship,522,ltc,Tales of Middle-earth Commander,en,Borderless,rare,foil,Borderless,391,scryfall_oracle:99f9a4c8-b59f-4a41-8577-6c1e4684b240,,,4644693e-ae7e-49ad-89be-ffe3dc8f2b6e,735310,,735310,Worship,5489,The Lord of the Rings: Tales of Middle-earth,,,mixed/unknown,4.5,6.43,5.99,6.83,6.82,,0,,,,Foil Low,,EUR,EUR,,,,,"{""mapped_product_ids"": []}",MISMATCH,stored product identity conflicts with local printing,true,false,false,,,,,,,,CRITICAL,,,,CRITICAL,wrong_expansion,,"{""external_provenance"": [], ""mismatch_reasons"": [""unproven_treatment"", ""wrong_expansion""], ""scryfall_cardmarket_id"": 735310, ""stored_ids"": [735310], ""validated_stored_ids"": [735310]}",,,,
14536,magic,Pact of Negation,523,ltc,Tales of Middle-earth Commander,en,Borderless,rare,nonfoil,Borderless,614,scryfall_oracle:f3e213a4-ba5a-468a-93b3-c0a34e1bd725,,,09535dd7-5d14-426e-8bbb-efdfe9b7543d,735311,,735311,Pact of Negation,5489,The Lord of the Rings: Tales of Middle-earth,,,mixed/unknown,69,73.07,67,68.85,63.04,,0,,,,Low,,EUR,EUR,,,,,"{""mapped_product_ids"": []}",MISMATCH,stored product identity conflicts with local printing,true,false,false,,,,,,,,CRITICAL,,,,CRITICAL,wrong_expansion,,"{""external_provenance"": [], ""mismatch_reasons"": [""unproven_treatment"", ""wrong_expansion""], ""scryfall_cardmarket_id"": 735311, ""stored_ids"": [735311], ""validated_stored_ids"": [735311]}",,,,
14537,magic,Pact of Negation,523,ltc,Tales of Middle-earth Commander,en,Borderless,rare,foil,Borderless,614,scryfall_oracle:f3e213a4-ba5a-468a-93b3-c0a34e1bd725,,,09535dd7-5d14-426e-8bbb-efdfe9b7543d,735311,,735311,Pact of Negation,5489,The Lord of the Rings: Tales of Middle-earth,,,mixed/unknown,69,73.07,67,68.85,63.04,,0,,,,Foil Low,,EUR,EUR,,,,,"{""mapped_product_ids"": []}",MISMATCH,stored product identity conflicts with local printing,true,false,false,,,,,,,,CRITICAL,,,,CRITICAL,wrong_expansion,,"{""external_provenance"": [], ""mismatch_reasons"": [""unproven_treatment"", ""wrong_expansion""], ""scryfall_cardmarket_id"": 735311, ""stored_ids"": [735311], ""validated_stored_ids"": [735311]}",,,,
14538,magic,River Kelpie,524,ltc,Tales of Middle-earth Commander,en,Borderless,rare,nonfoil,Borderless,602,scryfall_oracle:ef5c93ae-91e0-4edb-b8a3-1171a3694bb8,,,35bbc76a-30e2-471d-8a70-d953d7a9c010,735312,,735312,River Kelpie,5489,The Lord of the Rings: Tales of Middle-earth,,,mixed/unknown,6,7.71,6.52,7.27,7.21,,0,,,,Low,,EUR,EUR,,,,,"{""mapped_product_ids"": []}",MISMATCH,stored product identity conflicts with local printing,true,false,false,,,,,,,,CRITICAL,,,,CRITICAL,wrong_expansion,,"{""external_provenance"": [], ""mismatch_reasons"": [""unproven_treatment"", ""wrong_expansion""], ""scryfall_cardmarket_id"": 735312, ""stored_ids"": [735312], ""validated_stored_ids"": [735312]}",,,,
14539,magic,River Kelpie,524,ltc,Tales of Middle-earth Commander,en,Borderless,rare,foil,Borderless,602,scryfall_oracle:ef5c93ae-91e0-4edb-b8a3-1171a3694bb8,,,35bbc76a-30e2-471d-8a70-d953d7a9c010,735312,,735312,River Kelpie,5489,The Lord of the Rings: Tales of Middle-earth,,,mixed/unknown,6,7.71,6.52,7.27,7.21,,0,,,,Foil Low,,EUR,EUR,,,,,"{""mapped_product_ids"": []}",MISMATCH,stored product identity conflicts with local printing,true,false,false,,,,,,,,CRITICAL,,,,CRITICAL,wrong_expansion,,"{""external_provenance"": [], ""mismatch_reasons"": [""unproven_treatment"", ""wrong_expansion""], ""scryfall_cardmarket_id"": 735312, ""stored_ids"": [735312], ""validated_stored_ids"": [735312]}",,,,
14540,magic,Abyssal Persecutor,525,ltc,Tales of Middle-earth Commander,en,Borderless,mythic,nonfoil,Borderless,282,scryfall_oracle:7282f643-191b-41be-9f6f-82360c915d6d,,,86e3be43-2bbd-48a5-9a9e-05f15a929dc3,735313,,735313,Abyssal Persecutor,5489,The Lord of the Rings: Tales of Middle-earth,,,mixed/unknown,167.67,123.18,199,97.65,54.43,,0,,,,Low,,EUR,EUR,,,,,"{""mapped_product_ids"": []}",MISMATCH,stored product identity conflicts with local printing,true,false,false,,,,,,,,CRITICAL,,,,CRITICAL,wrong_expansion,,"{""external_provenance"": [], ""mismatch_reasons"": [""unproven_treatment"", ""wrong_expansion""], ""scryfall_cardmarket_id"": 735313, ""stored_ids"": [735313], ""validated_stored_ids"": [735313]}",,,,
14541,magic,Abyssal Persecutor,525,ltc,Tales of Middle-earth Commander,en,Borderless,mythic,foil,Borderless,282,scryfall_oracle:7282f643-191b-41be-9f6f-82360c915d6d,,,86e3be43-2bbd-48a5-9a9e-05f15a929dc3,735313,,735313,Abyssal Persecutor,5489,The Lord of the Rings: Tales of Middle-earth,,,mixed/unknown,167.67,123.18,199,97.65,54.43,,0,,,,Foil Low,,EUR,EUR,,,,,"{""mapped_product_ids"": []}",MISMATCH,stored product identity conflicts with local printing,true,false,false,,,,,,,,CRITICAL,,,,CRITICAL,wrong_expansion,,"{""external_provenance"": [], ""mismatch_reasons"": [""unproven_treatment"", ""wrong_expansion""], ""scryfall_cardmarket_id"": 735313, ""stored_ids"": [735313], ""validated_stored_ids"": [735313]}",,,,
14542,magic,Diabolic Intent,526,ltc,Tales of Middle-earth Commander,en,Borderless,mythic,nonfoil,Borderless,9,scryfall_oracle:038519b9-bca8-4b27-b5ac-2409595469d0,,,0f2917bc-d7db-4b7b-8366-6c992869603f,735314,,735314,Diabolic Intent,5489,The Lord of the Rings: Tales of Middle-earth,,,mixed/unknown,77.5,99.3,109.99,103.91,96.47,,0,,,,Low,,EUR,EUR,,,,,"{""mapped_product_ids"": []}",MISMATCH,stored product identity conflicts with local printing,true,false,false,,,,,,,,CRITICAL,,,,CRITICAL,wrong_expansion,,"{""external_provenance"": [], ""mismatch_reasons"": [""unproven_treatment"", ""wrong_expansion""], ""scryfall_cardmarket_id"": 735314, ""stored_ids"": [735314], ""validated_stored_ids"": [735314]}",,,,
14543,magic,Diabolic Intent,526,ltc,Tales of Middle-earth Commander,en,Borderless,mythic,foil,Borderless,9,scryfall_oracle:038519b9-bca8-4b27-b5ac-2409595469d0,,,0f2917bc-d7db-4b7b-8366-6c992869603f,735314,,735314,Diabolic Intent,5489,The Lord of the Rings: Tales of Middle-earth,,,mixed/unknown,77.5,99.3,109.99,103.91,96.47,,0,,,,Foil Low,,EUR,EUR,,,,,"{""mapped_product_ids"": []}",MISMATCH,stored product identity conflicts with local printing,true,false,false,,,,,,,,CRITICAL,,,,CRITICAL,wrong_expansion,,"{""external_provenance"": [], ""mismatch_reasons"": [""unproven_treatment"", ""wrong_expansion""], ""scryfall_cardmarket_id"": 735314, ""stored_ids"": [735314], ""validated_stored_ids"": [735314]}",,,,
14544,magic,Elvish Harbinger,527,ltc,Tales of Middle-earth Commander,en,Borderless,uncommon,nonfoil,Borderless,102,scryfall_oracle:28ddc23c-5b0b-4747-9a33-6845acf27bec,,,cdbb285a-8bd1-4864-9a4a-8c779435334e,735315,,735315,Elvish Harbinger,5489,The Lord of the Rings: Tales of Middle-earth,,,mixed/unknown,2.5,5.41,5.36,5.62,4.94,,0,,,,Low,,EUR,EUR,,,,,"{""mapped_product_ids"": []}",MISMATCH,stored product identity conflicts with local printing,true,false,false,,,,,,,,CRITICAL,,,,CRITICAL,wrong_expansion,,"{""external_provenance"": [], ""mismatch_reasons"": [""unproven_treatment"", ""wrong_expansion""], ""scryfall_cardmarket_id"": 735315, ""stored_ids"": [735315], ""validated_stored_ids"": [735315]}",,,,
14545,magic,Elvish Harbinger,527,ltc,Tales of Middle-earth Commander,en,Borderless,uncommon,foil,Borderless,102,scryfall_oracle:28ddc23c-5b0b-4747-9a33-6845acf27bec,,,cdbb285a-8bd1-4864-9a4a-8c779435334e,735315,,735315,Elvish Harbinger,5489,The Lord of the Rings: Tales of Middle-earth,,,mixed/unknown,2.5,5.41,5.36,5.62,4.94,,0,,,,Foil Low,,EUR,EUR,,,,,"{""mapped_product_ids"": []}",MISMATCH,stored product identity conflicts with local printing,true,false,false,,,,,,,,CRITICAL,,,,CRITICAL,wrong_expansion,,"{""external_provenance"": [], ""mismatch_reasons"": [""unproven_treatment"", ""wrong_expansion""], ""scryfall_cardmarket_id"": 735315, ""stored_ids"": [735315], ""validated_stored_ids"": [735315]}",,,,
14546,magic,Explore,528,ltc,Tales of Middle-earth Commander,en,Borderless,uncommon,nonfoil,Borderless,473,scryfall_oracle:b8f566ea-8283-4afa-9ac8-737e26419283,,,3cf7fc86-08c6-43f1-9cdb-f609cea0b1a7,735316,,735316,Explore,5489,The Lord of the Rings: Tales of Middle-earth,,,mixed/unknown,2.5,3.45,2.69,3.58,3.51,,0,,,,Low,,EUR,EUR,,,,,"{""mapped_product_ids"": []}",MISMATCH,stored product identity conflicts with local printing,true,false,false,,,,,,,,CRITICAL,,,,CRITICAL,wrong_expansion,,"{""external_provenance"": [], ""mismatch_reasons"": [""unproven_treatment"", ""wrong_expansion""], ""scryfall_cardmarket_id"": 735316, ""stored_ids"": [735316], ""validated_stored_ids"": [735316]}",,,,
14547,magic,Explore,528,ltc,Tales of Middle-earth Commander,en,Borderless,uncommon,foil,Borderless,473,scryfall_oracle:b8f566ea-8283-4afa-9ac8-737e26419283,,,3cf7fc86-08c6-43f1-9cdb-f609cea0b1a7,735316,,735316,Explore,5489,The Lord of the Rings: Tales of Middle-earth,,,mixed/unknown,2.5,3.45,2.69,3.58,3.51,,0,,,,Foil Low,,EUR,EUR,,,,,"{""mapped_product_ids"": []}",MISMATCH,stored product identity conflicts with local printing,true,false,false,,,,,,,,CRITICAL,,,,CRITICAL,wrong_expansion,,"{""external_provenance"": [], ""mismatch_reasons"": [""unproven_treatment"", ""wrong_expansion""], ""scryfall_cardmarket_id"": 735316, ""stored_ids"": [735316], ""validated_stored_ids"": [735316]}",,,,
14548,magic,Seasons Past,529,ltc,Tales of Middle-earth Commander,en,Borderless,rare,nonfoil,Borderless,502,scryfall_oracle:c46738a4-e0d4-41dc-a20d-4800f00cea62,,,95862130-8eaf-47ab-bbf2-62c3d19f8f92,735317,,735317,Seasons Past,5489,The Lord of the Rings: Tales of Middle-earth,,,mixed/unknown,11.98,13.72,11.98,13.54,13.71,,0,,,,Low,,EUR,EUR,,,,,"{""mapped_product_ids"": []}",MISMATCH,stored product identity conflicts with local printing,true,false,false,,,,,,,,CRITICAL,,,,CRITICAL,wrong_expansion,,"{""external_provenance"": [], ""mismatch_reasons"": [""unproven_treatment"", ""wrong_expansion""], ""scryfall_cardmarket_id"": 735317, ""stored_ids"": [735317], ""validated_stored_ids"": [735317]}",,,,
14549,magic,Seasons Past,529,ltc,Tales of Middle-earth Commander,en,Borderless,rare,foil,Borderless,502,scryfall_oracle:c46738a4-e0d4-41dc-a20d-4800f00cea62,,,95862130-8eaf-47ab-bbf2-62c3d19f8f92,735317,,735317,Seasons Past,5489,The Lord of the Rings: Tales of Middle-earth,,,mixed/unknown,11.98,13.72,11.98,13.54,13.71,,0,,,,Foil Low,,EUR,EUR,,,,,"{""mapped_product_ids"": []}",MISMATCH,stored product identity conflicts with local printing,true,false,false,,,,,,,,CRITICAL,,,,CRITICAL,wrong_expansion,,"{""external_provenance"": [], ""mismatch_reasons"": [""unproven_treatment"", ""wrong_expansion""], ""scryfall_cardmarket_id"": 735317, ""stored_ids"": [735317], ""validated_stored_ids"": [735317]}",,,,
14550,magic,Second Harvest,530,ltc,Tales of Middle-earth Commander,en,Borderless,rare,nonfoil,Borderless,241,scryfall_oracle:61a6341e-0d36-44b6-8026-9c87c8ef61cb,,,b7995204-c277-4137-ba5a-55875aee5fe1,735318,,735318,Second Harvest,5489,The Lord of the Rings: Tales of Middle-earth,,,mixed/unknown,12.49,15.16,19.12,16.12,14.58,,0,,,,Low,,EUR,EUR,,,,,"{""mapped_product_ids"": []}",MISMATCH,stored product identity conflicts with local printing,true,false,false,,,,,,,,CRITICAL,,,,CRITICAL,wrong_expansion,,"{""external_provenance"": [], ""mismatch_reasons"": [""unproven_treatment"", ""wrong_expansion""], ""scryfall_cardmarket_id"": 735318, ""stored_ids"": [735318], ""validated_stored_ids"": [735318]}",,,,
14551,magic,Second Harvest,530,ltc,Tales of Middle-earth Commander,en,Borderless,rare,foil,Borderless,241,scryfall_oracle:61a6341e-0d36-44b6-8026-9c87c8ef61cb,,,b7995204-c277-4137-ba5a-55875aee5fe1,735318,,735318,Second Harvest,5489,The Lord of the Rings: Tales of Middle-earth,,,mixed/unknown,12.49,15.16,19.12,16.12,14.58,,0,,,,Foil Low,,EUR,EUR,,,,,"{""mapped_product_ids"": []}",MISMATCH,stored product identity conflicts with local printing,true,false,false,,,,,,,,CRITICAL,,,,CRITICAL,wrong_expansion,,"{""external_provenance"": [], ""mismatch_reasons"": [""unproven_treatment"", ""wrong_expansion""], ""scryfall_cardmarket_id"": 735318, ""stored_ids"": [735318], ""validated_stored_ids"": [735318]}",,,,
14552,magic,Sylvan Tutor,531,ltc,Tales of Middle-earth Commander,en,Borderless,mythic,nonfoil,Borderless,371,scryfall_oracle:935e0cac-51ee-4cb7-a209-f085e0f099ed,,,ef6ec496-9103-43d0-b3b4-43ee76c5e4d1,735319,,735319,Sylvan Tutor,5489,The Lord of the Rings: Tales of Middle-earth,,,mixed/unknown,70,97.4,79.99,89.24,71.37,,0,,,,Low,,EUR,EUR,,,,,"{""mapped_product_ids"": []}",MISMATCH,stored product identity conflicts with local printing,true,false,false,,,,,,,,CRITICAL,,,,CRITICAL,wrong_expansion,,"{""external_provenance"": [], ""mismatch_reasons"": [""unproven_treatment"", ""wrong_expansion""], ""scryfall_cardmarket_id"": 735319, ""stored_ids"": [735319], ""validated_stored_ids"": [735319]}",,,,
14553,magic,Sylvan Tutor,531,ltc,Tales of Middle-earth Commander,en,Borderless,mythic,foil,Borderless,371,scryfall_oracle:935e0cac-51ee-4cb7-a209-f085e0f099ed,,,ef6ec496-9103-43d0-b3b4-43ee76c5e4d1,735319,,735319,Sylvan Tutor,5489,The Lord of the Rings: Tales of Middle-earth,,,mixed/unknown,70,97.4,79.99,89.24,71.37,,0,,,,Foil Low,,EUR,EUR,,,,,"{""mapped_product_ids"": []}",MISMATCH,stored product identity conflicts with local printing,true,false,false,,,,,,,,CRITICAL,,,,CRITICAL,wrong_expansion,,"{""external_provenance"": [], ""mismatch_reasons"": [""unproven_treatment"", ""wrong_expansion""], ""scryfall_cardmarket_id"": 735319, ""stored_ids"": [735319], ""validated_stored_ids"": [735319]}",,,,
14554,magic,Tempt with Discovery,532,ltc,Tales of Middle-earth Commander,en,Borderless,uncommon,nonfoil,Borderless,190,scryfall_oracle:4baa6145-216e-476b-b178-aaaa1e633701,,,787ac088-2b9a-4449-80b4-7de4a6812250,735320,,735320,Tempt with Discovery,5489,The Lord of the Rings: Tales of Middle-earth,,,mixed/unknown,2.98,3.75,4,3.63,3.43,,0,,,,Low,,EUR,EUR,,,,,"{""mapped_product_ids"": []}",MISMATCH,stored product identity conflicts with local printing,true,false,false,,,,,,,,CRITICAL,,,,CRITICAL,wrong_expansion,,"{""external_provenance"": [], ""mismatch_reasons"": [""unproven_treatment"", ""wrong_expansion""], ""scryfall_cardmarket_id"": 735320, ""stored_ids"": [735320], ""validated_stored_ids"": [735320]}",,,,
14555,magic,Tempt with Discovery,532,ltc,Tales of Middle-earth Commander,en,Borderless,uncommon,foil,Borderless,190,scryfall_oracle:4baa6145-216e-476b-b178-aaaa1e633701,,,787ac088-2b9a-4449-80b4-7de4a6812250,735320,,735320,Tempt with Discovery,5489,The Lord of the Rings: Tales of Middle-earth,,,mixed/unknown,2.98,3.75,4,3.63,3.43,,0,,,,Foil Low,,EUR,EUR,,,,,"{""mapped_product_ids"": []}",MISMATCH,stored product identity conflicts with local printing,true,false,false,,,,,,,,CRITICAL,,,,CRITICAL,wrong_expansion,,"{""external_provenance"": [], ""mismatch_reasons"": [""unproven_treatment"", ""wrong_expansion""], ""scryfall_cardmarket_id"": 735320, ""stored_ids"": [735320], ""validated_stored_ids"": [735320]}",,,,
14556,magic,Timber Protector,533,ltc,Tales of Middle-earth Commander,en,Borderless,rare,nonfoil,Borderless,398,scryfall_oracle:9bc8a69b-6065-4ef7-a580-adb1e7c72ef4,,,1685e8ee-1c6a-4d9c-8ca7-e08590089818,735321,,735321,Timber Protector,5489,The Lord of the Rings: Tales of Middle-earth,,,mixed/unknown,25,29.09,29.4,28.12,26.7,,0,,,,Low,,EUR,EUR,,,,,"{""mapped_product_ids"": []}",MISMATCH,stored product identity conflicts with local printing,true,false,false,,,,,,,,CRITICAL,,,,CRITICAL,wrong_expansion,,"{""external_provenance"": [], ""mismatch_reasons"": [""unproven_treatment"", ""wrong_expansion""], ""scryfall_cardmarket_id"": 735321, ""stored_ids"": [735321], ""validated_stored_ids"": [735321]}",,,,
14557,magic,Timber Protector,533,ltc,Tales of Middle-earth Commander,en,Borderless,rare,foil,Borderless,398,scryfall_oracle:9bc8a69b-6065-4ef7-a580-adb1e7c72ef4,,,1685e8ee-1c6a-4d9c-8ca7-e08590089818,735321,,735321,Timber Protector,5489,The Lord of the Rings: Tales of Middle-earth,,,mixed/unknown,25,29.09,29.4,28.12,26.7,,0,,,,Foil Low,,EUR,EUR,,,,,"{""mapped_product_ids"": []}",MISMATCH,stored product identity conflicts with local printing,true,false,false,,,,,,,,CRITICAL,,,,CRITICAL,wrong_expansion,,"{""external_provenance"": [], ""mismatch_reasons"": [""unproven_treatment"", ""wrong_expansion""], ""scryfall_cardmarket_id"": 735321, ""stored_ids"": [735321], ""validated_stored_ids"": [735321]}",,,,
14558,magic,Myriad Landscape,534,ltc,Tales of Middle-earth Commander,en,Borderless,uncommon,nonfoil,Borderless,90,scryfall_oracle:2549bc57-9ffb-4053-9f10-f2a5f792b845,,,79bfe024-1be9-4902-898a-93502e48b86d,735322,,735322,Myriad Landscape,5489,The Lord of the Rings: Tales of Middle-earth,,,mixed/unknown,1.5,3.21,3.02,2.84,3.16,,0,,,,Low,,EUR,EUR,,,,,"{""mapped_product_ids"": []}",MISMATCH,stored product identity conflicts with local printing,true,false,false,,,,,,,,CRITICAL,,,,CRITICAL,wrong_expansion,,"{""external_provenance"": [], ""mismatch_reasons"": [""unproven_treatment"", ""wrong_expansion""], ""scryfall_cardmarket_id"": 735322, ""stored_ids"": [735322], ""validated_stored_ids"": [735322]}",,,,
14559,magic,Myriad Landscape,534,ltc,Tales of Middle-earth Commander,en,Borderless,uncommon,foil,Borderless,90,scryfall_oracle:2549bc57-9ffb-4053-9f10-f2a5f792b845,,,79bfe024-1be9-4902-898a-93502e48b86d,735322,,735322,Myriad Landscape,5489,The Lord of the Rings: Tales of Middle-earth,,,mixed/unknown,1.5,3.21,3.02,2.84,3.16,,0,,,,Foil Low,,EUR,EUR,,,,,"{""mapped_product_ids"": []}",MISMATCH,stored product identity conflicts with local printing,true,false,false,,,,,,,,CRITICAL,,,,CRITICAL,wrong_expansion,,"{""external_provenance"": [], ""mismatch_reasons"": [""unproven_treatment"", ""wrong_expansion""], ""scryfall_cardmarket_id"": 735322, ""stored_ids"": [735322], ""validated_stored_ids"": [735322]}",,,,
14560,magic,"Andúril, Narsil Reforged",535,ltc,Tales of Middle-earth Commander,en,Surge Foil,rare,foil,Surge Foil,470,scryfall_oracle:b7d7c131-b628-4b35-b40b-1087589ebdd0,,,7b4073f8-8071-4335-9e8e-44c2af74b932,735380,,735380,"Andúril, Narsil Reforged",5489,The Lord of the Rings: Tales of Middle-earth,,,mixed/unknown,11.5,0,,,,11.5,15.55,13.95,13.84,14.47,Foil Low,,EUR,EUR,,,,,"{""mapped_product_ids"": []}",MISMATCH,stored product identity conflicts with local printing,true,false,false,,,,,,,,CRITICAL,,,,CRITICAL,wrong_expansion,,"{""external_provenance"": [], ""mismatch_reasons"": [""unproven_treatment"", ""wrong_expansion""], ""scryfall_cardmarket_id"": 735380, ""stored_ids"": [735380], ""validated_stored_ids"": [735380]}",,,,
14561,magic,"Aragorn, Hornburg Hero",536,ltc,Tales of Middle-earth Commander,en,Surge Foil,mythic,foil,Surge Foil,20,scryfall_oracle:07326335-45dd-4ebd-8ae6-5191b6eb2928,,,aaf5f1d4-f781-4db4-95d4-3e7395459169,735381,,735381,"Aragorn, Hornburg Hero",5489,The Lord of the Rings: Tales of Middle-earth,,,mixed/unknown,8.9,0,,,,8.9,10.7,10,10.22,10.46,Foil Low,,EUR,EUR,,,,,"{""mapped_product_ids"": []}",MISMATCH,stored product identity conflicts with local printing,true,false,false,,,,,,,,CRITICAL,,,,CRITICAL,wrong_expansion,,"{""external_provenance"": [], ""mismatch_reasons"": [""unproven_treatment"", ""wrong_expansion""], ""scryfall_cardmarket_id"": 735381, ""stored_ids"": [735381], ""validated_stored_ids"": [735381]}",,,,
14562,magic,Legolas's Quick Reflexes,537,ltc,Tales of Middle-earth Commander,en,Surge Foil,rare,foil,Surge Foil,221,scryfall_oracle:59154c04-6bc5-4b95-af1f-6de5fed05649,,,2a5d0ed2-9994-47ff-b453-77e28844ecd1,735382,,735382,Legolas's Quick Reflexes,5489,The Lord of the Rings: Tales of Middle-earth,,,mixed/unknown,58,0,,,,58,51.43,52.43,50.37,44.46,Foil Low,,EUR,EUR,,,,,"{""mapped_product_ids"": []}",MISMATCH,stored product identity conflicts with local printing,true,false,false,,,,,,,,CRITICAL,,,,CRITICAL,wrong_expansion,,"{""external_provenance"": [], ""mismatch_reasons"": [""unproven_treatment"", ""wrong_expansion""], ""scryfall_cardmarket_id"": 735382, ""stored_ids"": [735382], ""validated_stored_ids"": [735382]}",,,,
14563,magic,Gimli's Reckless Might,538,ltc,Tales of Middle-earth Commander,en,Surge Foil,rare,foil,Surge Foil,322,scryfall_oracle:824abca7-b5e2-4ddb-ac7d-b7d04758a3c9,,,4b9a9f37-6cd7-49db-a39f-d690851b20d2,735383,,735383,Gimli's Reckless Might,5489,The Lord of the Rings: Tales of Middle-earth,,,mixed/unknown,7.5,0,,,,7.5,7.59,6,7.12,7.16,Foil Low,,EUR,EUR,,,,,"{""mapped_product_ids"": []}",MISMATCH,stored product identity conflicts with local printing,true,false,false,,,,,,,,CRITICAL,,,,CRITICAL,wrong_expansion,,"{""external_provenance"": [], ""mismatch_reasons"": [""unproven_treatment"", ""wrong_expansion""], ""scryfall_cardmarket_id"": 735383, ""stored_ids"": [735383], ""validated_stored_ids"": [735383]}",,,,
14564,magic,Isengard Unleashed,539,ltc,Tales of Middle-earth Commander,en,Surge Foil,rare,foil,Surge Foil,104,scryfall_oracle:2b947703-751a-4d95-b5de-e2d6b1fcb502,,,586ea783-7800-4a55-a109-d3a0b9e97c76,735384,,735384,Isengard Unleashed,5489,The Lord of the Rings: Tales of Middle-earth,,,mixed/unknown,3.9,0,,,,3.9,5.06,4.99,4.55,4.2,Foil Low,,EUR,EUR,,,,,"{""mapped_product_ids"": []}",MISMATCH,stored product identity conflicts with local printing,true,false,false,,,,,,,,CRITICAL,,,,CRITICAL,wrong_expansion,,"{""external_provenance"": [], ""mismatch_reasons"": [""unproven_treatment"", ""wrong_expansion""], ""scryfall_cardmarket_id"": 735384, ""stored_ids"": [735384], ""validated_stored_ids"": [735384]}",,,,
14565,magic,Rohirrim Chargers,540,ltc,Tales of Middle-earth Commander,en,Surge Foil,rare,foil,Surge Foil,360,scryfall_oracle:8e638c52-e7b9-445b-adcf-77b58e06c2ba,,,a8b75fc5-c880-48c9-b2b6-8dd88b14959a,735385,,735385,Rohirrim Chargers,5489,The Lord of the Rings: Tales of Middle-earth,,,mixed/unknown,0.8,0,,,,0.8,1.61,1.16,1.58,1.44,Foil Low,,EUR,EUR,,,,,"{""mapped_product_ids"": []}",MISMATCH,stored product identity conflicts with local printing,true,false,false,,,,,,,,CRITICAL,,,,CRITICAL,wrong_expansion,,"{""external_provenance"": [], ""mismatch_reasons"": [""unproven_treatment"", ""wrong_expansion""], ""scryfall_cardmarket_id"": 735385, ""stored_ids"": [735385], ""validated_stored_ids"": [735385]}",,,,
14566,magic,Arboreal Alliance,541,ltc,Tales of Middle-earth Commander,en,Surge Foil,rare,foil,Surge Foil,118,scryfall_oracle:2f497352-c812-48c4-a922-cc311bcdcdc6,,,d56d470e-471f-4f5e-95ce-145a465c2ce8,735386,,735386,Arboreal Alliance,5489,The Lord of the Rings: Tales of Middle-earth,,,mixed/unknown,1.49,0,,,,1.49,1.87,1.85,1.82,1.81,Foil Low,,EUR,EUR,,,,,"{""mapped_product_ids"": []}",MISMATCH,stored product identity conflicts with local printing,true,false,false,,,,,,,,CRITICAL,,,,CRITICAL,wrong_expansion,,"{""external_provenance"": [], ""mismatch_reasons"": [""unproven_treatment"", ""wrong_expansion""], ""scryfall_cardmarket_id"": 735386, ""stored_ids"": [735386], ""validated_stored_ids"": [735386]}",,,,
14567,magic,"Galadriel, Light of Valinor",542,ltc,Tales of Middle-earth Commander,en,Surge Foil,mythic,foil,Surge Foil,630,scryfall_oracle:faf44683-339d-4fc0-8029-1e867c69de0e,,,8127fdb4-7aec-448f-97ba-801a937f38a3,735387,,735387,"Galadriel, Light of Valinor",5489,The Lord of the Rings: Tales of Middle-earth,,,mixed/unknown,89.99,0,,,,89.99,90.82,99.99,91.32,98.39,Foil Low,,EUR,EUR,,,,,"{""mapped_product_ids"": []}",MISMATCH,stored product identity conflicts with local printing,true,false,false,,,,,,,,CRITICAL,,,,CRITICAL,wrong_expansion,,"{""external_provenance"": [], ""mismatch_reasons"": [""unproven_treatment"", ""wrong_expansion""], ""scryfall_cardmarket_id"": 735387, ""stored_ids"": [735387], ""validated_stored_ids"": [735387]}",,,,
14568,magic,Rally the Galadhrim,543,ltc,Tales of Middle-earth Commander,en,Surge Foil,rare,foil,Surge Foil,328,scryfall_oracle:84b2d0f6-ad98-4a71-a3d5-645b0f2db6c6,,,972afa84-dbae-462c-a264-a64580bfe9ff,735388,,735388,Rally the Galadhrim,5489,The Lord of the Rings: Tales of Middle-earth,,,mixed/unknown,1,0,,,,1,2.17,1.89,2.45,2.09,Foil Low,,EUR,EUR,,,,,"{""mapped_product_ids"": []}",MISMATCH,stored product identity conflicts with local printing,true,false,false,,,,,,,,CRITICAL,,,,CRITICAL,wrong_expansion,,"{""external_provenance"": [], ""mismatch_reasons"": [""unproven_treatment"", ""wrong_expansion""], ""scryfall_cardmarket_id"": 735388, ""stored_ids"": [735388], ""validated_stored_ids"": [735388]}",,,,
14569,magic,Galadriel's Dismissal,544,ltc,Tales of Middle-earth Commander,en,Surge Foil,rare,foil,Surge Foil,577,scryfall_oracle:e46d0b57-5eec-4ab6-b9a7-a5c5cc01cc34,,,bf5bf1dd-6210-46bb-9ec2-5d62ac3ef169,735389,,735389,Galadriel's Dismissal,5489,The Lord of the Rings: Tales of Middle-earth,,,mixed/unknown,40,0,,,,40,44.75,45,43.09,44.1,Foil Low,,EUR,EUR,,,,,"{""mapped_product_ids"": []}",MISMATCH,stored product identity conflicts with local printing,true,false,false,,,,,,,,CRITICAL,,,,CRITICAL,wrong_expansion,,"{""external_provenance"": [], ""mismatch_reasons"": [""unproven_treatment"", ""wrong_expansion""], ""scryfall_cardmarket_id"": 735389, ""stored_ids"": [735389], ""validated_stored_ids"": [735389]}",,,,
14570,magic,Mists of Lórien,545,ltc,Tales of Middle-earth Commander,en,Surge Foil,rare,foil,Surge Foil,250,scryfall_oracle:65259ba4-956d-46a3-abd9-791d02015b41,,,385f0f0c-2993-4fe5-94a0-a67fc6028111,735390,,735390,Mists of Lórien,5489,The Lord of the Rings: Tales of Middle-earth,,,mixed/unknown,2.95,0,,,,2.95,3.88,3.75,3.63,3.37,Foil Low,,EUR,EUR,,,,,"{""mapped_product_ids"": []}",MISMATCH,stored product identity conflicts with local printing,true,false,false,,,,,,,,CRITICAL,,,,CRITICAL,wrong_expansion,,"{""external_provenance"": [], ""mismatch_reasons"": [""unproven_treatment"", ""wrong_expansion""], ""scryfall_cardmarket_id"": 735390, ""stored_ids"": [735390], ""validated_stored_ids"": [735390]}",,,,
14571,magic,Galadhrim Brigade,546,ltc,Tales of Middle-earth Commander,en,Surge Foil,rare,foil,Surge Foil,556,scryfall_oracle:da4bf807-93f3-41b7-8bfd-aa63a551754e,,,197a151f-0b01-40e3-9970-cf8dcfdfed54,735391,,735391,Galadhrim Brigade,5489,The Lord of the Rings: Tales of Middle-earth,,,mixed/unknown,14.99,0,,,,14.99,15.63,16.49,15.78,14.27,Foil Low,,EUR,EUR,,,,,"{""mapped_product_ids"": []}",MISMATCH,stored product identity conflicts with local printing,true,false,false,,,,,,,,CRITICAL,,,,CRITICAL,wrong_expansion,,"{""external_provenance"": [], ""mismatch_reasons"": [""unproven_treatment"", ""wrong_expansion""], ""scryfall_cardmarket_id"": 735391, ""stored_ids"": [735391], ""validated_stored_ids"": [735391]}",,,,
14572,magic,Olórin's Searing Light,547,ltc,Tales of Middle-earth Commander,en,Surge Foil,rare,foil,Surge Foil,582,scryfall_oracle:e6f2ba06-2c92-48b7-a95f-ea6bf35aa0fe,,,f0c21f71-d4b5-4f99-963b-c7fc093d6088,735392,,735392,Olórin's Searing Light,5489,The Lord of the Rings: Tales of Middle-earth,,,mixed/unknown,15.92,0,,,,15.92,22.5,38.98,18.74,12.62,Foil Low,,EUR,EUR,,,,,"{""mapped_product_ids"": []}",MISMATCH,stored product identity conflicts with local printing,true,false,false,,,,,,,,CRITICAL,,,,CRITICAL,wrong_expansion,,"{""external_provenance"": [], ""mismatch_reasons"": [""unproven_treatment"", ""wrong_expansion""], ""scryfall_cardmarket_id"": 735392, ""stored_ids"": [735392], ""validated_stored_ids"": [735392]}",,,,
14573,magic,Sorcerous Squall,548,ltc,Tales of Middle-earth Commander,en,Surge Foil,rare,foil,Surge Foil,432,scryfall_oracle:a986d83d-22f1-45c3-bc2d-f5b210c539fb,,,c70e6775-fae5-4e65-a096-a2ca8c895022,735393,,735393,Sorcerous Squall,5489,The Lord of the Rings: Tales of Middle-earth,,,mixed/unknown,1.5,1.07,1.07,1.07,1.07,1.5,3.3,1.2,3.01,2.98,Foil Low,,EUR,EUR,,,,,"{""mapped_product_ids"": []}",MISMATCH,stored product identity conflicts with local printing,true,false,false,,,,,,,,CRITICAL,,,,CRITICAL,wrong_expansion,,"{""external_provenance"": [], ""mismatch_reasons"": [""unproven_treatment"", ""wrong_expansion""], ""scryfall_cardmarket_id"": 735393, ""stored_ids"": [735393], ""validated_stored_ids"": [735393]}",,,,
14574,magic,"Rammas Echor, Ancient Shield",549,ltc,Tales of Middle-earth Commander,en,Surge Foil,rare,foil,Surge Foil,208,scryfall_oracle:53d58401-c318-47e0-aab0-60001c071dbb,,,24ca1567-2a12-4c31-adb9-3c71f1cfd51b,735394,,735394,"Rammas Echor, Ancient Shield",5489,The Lord of the Rings: Tales of Middle-earth,,,mixed/unknown,11.99,0,,,,11.99,16.28,14.5,14.67,13.31,Foil Low,,EUR,EUR,,,,,"{""mapped_product_ids"": []}",MISMATCH,stored product identity conflicts with local printing,true,false,false,,,,,,,,CRITICAL,,,,CRITICAL,wrong_expansion,,"{""external_provenance"": [], ""mismatch_reasons"": [""unproven_treatment"", ""wrong_expansion""], ""scryfall_cardmarket_id"": 735394, ""stored_ids"": [735394], ""validated_stored_ids"": [735394]}",,,,
14575,magic,Courageous Resolve,550,ltc,Tales of Middle-earth Commander,en,Surge Foil,rare,foil,Surge Foil,159,scryfall_oracle:3f7452aa-b075-47d9-b61f-061d61c7d1b4,,,d383185e-1b7b-49ae-a4db-2c51da25f1b7,735395,,735395,Courageous Resolve,5489,The Lord of the Rings: Tales of Middle-earth,,,mixed/unknown,1.4,0.75,0.75,0.75,0.75,1.4,2,1.2,1.88,1.87,Foil Low,,EUR,EUR,,,,,"{""mapped_product_ids"": []}",MISMATCH,stored product identity conflicts with local printing,true,false,false,,,,,,,,CRITICAL,,,,CRITICAL,wrong_expansion,,"{""external_provenance"": [], ""mismatch_reasons"": [""unproven_treatment"", ""wrong_expansion""], ""scryfall_cardmarket_id"": 735395, ""stored_ids"": [735395], ""validated_stored_ids"": [735395]}",,,,
14576,magic,Gandalf of the Secret Fire,551,ltc,Tales of Middle-earth Commander,en,Surge Foil,mythic,foil,Surge Foil,522,scryfall_oracle:cbad35cd-9026-43ea-8333-94f3b34459e3,,,6469efb4-c0c4-4545-a2b3-877b4cfa7683,735396,,735396,Gandalf of the Secret Fire,5489,The Lord of the Rings: Tales of Middle-earth,,,mixed/unknown,9,0,,,,9,15.22,11.88,14.38,13.02,Foil Low,,EUR,EUR,,,,,"{""mapped_product_ids"": []}",MISMATCH,stored product identity conflicts with local printing,true,false,false,,,,,,,,CRITICAL,,,,CRITICAL,wrong_expansion,,"{""external_provenance"": [], ""mismatch_reasons"": [""unproven_treatment"", ""wrong_expansion""], ""scryfall_cardmarket_id"": 735396, ""stored_ids"": [735396], ""validated_stored_ids"": [735396]}",,,,
14577,magic,Fell Beast's Shriek,552,ltc,Tales of Middle-earth Commander,en,Surge Foil,rare,foil,Surge Foil,545,scryfall_oracle:d660f6a0-3642-4445-b877-fda2a2950680,,,54c8e29d-a796-4043-9ac5-4e6e1ff97924,735397,,735397,Fell Beast's Shriek,5489,The Lord of the Rings: Tales of Middle-earth,,,mixed/unknown,0.5,0,,,,0.5,1.17,1,1.1,1.17,Foil Low,,EUR,EUR,,,,,"{""mapped_product_ids"": []}",MISMATCH,stored product identity conflicts with local printing,true,false,false,,,,,,,,CRITICAL,,,,CRITICAL,wrong_expansion,,"{""external_provenance"": [], ""mismatch_reasons"": [""unproven_treatment"", ""wrong_expansion""], ""scryfall_cardmarket_id"": 735397, ""stored_ids"": [735397], ""validated_stored_ids"": [735397]}",,,,
14578,magic,Call Forth the Tempest,553,ltc,Tales of Middle-earth Commander,en,Surge Foil,rare,foil,Surge Foil,16,scryfall_oracle:0623c51a-e829-413f-a3a0-817c0902821e,,,b187f59b-3553-4a43-a134-687e3ca259e9,735398,,735398,Call Forth the Tempest,5489,The Lord of the Rings: Tales of Middle-earth,,,mixed/unknown,30,0,,,,30,40.48,39.5,36.86,35.42,Foil Low,,EUR,EUR,,,,,"{""mapped_product_ids"": []}",MISMATCH,stored product identity conflicts with local printing,true,false,false,,,,,,,,CRITICAL,,,,CRITICAL,wrong_expansion,,"{""external_provenance"": [], ""mismatch_reasons"": [""unproven_treatment"", ""wrong_expansion""], ""scryfall_cardmarket_id"": 735398, ""stored_ids"": [735398], ""validated_stored_ids"": [735398]}",,,,
14579,magic,Nazgûl Battle-Mace,554,ltc,Tales of Middle-earth Commander,en,Surge Foil,rare,foil,Surge Foil,77,scryfall_oracle:1ea3ba2d-e88f-4879-92f2-681637094b45,,,d06cf71d-1394-4d93-aa46-14923418c256,735399,,735399,Nazgûl Battle-Mace,5489,The Lord of the Rings: Tales of Middle-earth,,,mixed/unknown,13.85,0,,,,13.85,14.84,13,14.04,14.08,Foil Low,,EUR,EUR,,,,,"{""mapped_product_ids"": []}",MISMATCH,stored product identity conflicts with local printing,true,false,false,,,,,,,,CRITICAL,,,,CRITICAL,wrong_expansion,,"{""external_provenance"": [], ""mismatch_reasons"": [""unproven_treatment"", ""wrong_expansion""], ""scryfall_cardmarket_id"": 735399, ""stored_ids"": [735399], ""validated_stored_ids"": [735399]}",,,,
14580,magic,"Witch-king, Sky Scourge",555,ltc,Tales of Middle-earth Commander,en,Surge Foil,mythic,foil,Surge Foil,326,scryfall_oracle:84137013-7a23-4bc8-b855-04889373fdae,,,bac09d3b-c17b-44ce-839b-68aab9522346,735400,,735400,"Witch-king, Sky Scourge",5489,The Lord of the Rings: Tales of Middle-earth,,,mixed/unknown,20,0,,,,20,22.89,19.9,22.35,16.94,Foil Low,,EUR,EUR,,,,,"{""mapped_product_ids"": []}",MISMATCH,stored product identity conflicts with local printing,true,false,false,,,,,,,,CRITICAL,,,,CRITICAL,wrong_expansion,,"{""external_provenance"": [], ""mismatch_reasons"": [""unproven_treatment"", ""wrong_expansion""], ""scryfall_cardmarket_id"": 735400, ""stored_ids"": [735400], ""validated_stored_ids"": [735400]}",,,,
14581,magic,Mordor on the March,556,ltc,Tales of Middle-earth Commander,en,Surge Foil,rare,foil,Surge Foil,239,scryfall_oracle:60fa9f5f-2360-4d5e-b291-1318803e3c9f,,,32009b5b-7b6e-44d5-be7d-cea058ec5df9,735401,,735401,Mordor on the March,5489,The Lord of the Rings: Tales of Middle-earth,,,mixed/unknown,1.1,0,,,,1.1,2.75,4.95,2.63,1.97,Foil Low,,EUR,EUR,,,,,"{""mapped_product_ids"": []}",MISMATCH,stored product identity conflicts with local printing,true,false,false,,,,,,,,CRITICAL,,,,CRITICAL,wrong_expansion,,"{""external_provenance"": [], ""mismatch_reasons"": [""unproven_treatment"", ""wrong_expansion""], ""scryfall_cardmarket_id"": 735401, ""stored_ids"": [735401], ""validated_stored_ids"": [735401]}",,,,
14582,magic,Fell Beast of Mordor,557,ltc,Tales of Middle-earth Commander,en,Surge Foil,rare,foil,Surge Foil,143,scryfall_oracle:3b64e0a8-7d11-41c5-b439-edec19928b7d,,,055fbdb1-f9dd-433b-8616-2158486097ba,735402,,735402,Fell Beast of Mordor,5489,The Lord of the Rings: Tales of Middle-earth,,,mixed/unknown,7,0,,,,7,9.63,9.94,8.36,5.7,Foil Low,,EUR,EUR,,,,,"{""mapped_product_ids"": []}",MISMATCH,stored product identity conflicts with local printing,true,false,false,,,,,,,,CRITICAL,,,,CRITICAL,wrong_expansion,,"{""external_provenance"": [], ""mismatch_reasons"": [""unproven_treatment"", ""wrong_expansion""], ""scryfall_cardmarket_id"": 735402, ""stored_ids"": [735402], ""validated_stored_ids"": [735402]}",,,,
14583,magic,"Minas Morgul, Dark Fortress",558,ltc,Tales of Middle-earth Commander,en,Surge Foil,rare,foil,Surge Foil,334,scryfall_oracle:867dbd5a-c3cf-41ce-980b-c9babc6f30f2,,,7db4088e-8872-4715-9325-c9e15a70f22d,735403,,735403,"Minas Morgul, Dark Fortress",5489,The Lord of the Rings: Tales of Middle-earth,,,mixed/unknown,20.99,0,,,,20.99,24.81,21.99,24.71,22.29,Foil Low,,EUR,EUR,,,,,"{""mapped_product_ids"": []}",MISMATCH,stored product identity conflicts with local printing,true,false,false,,,,,,,,CRITICAL,,,,CRITICAL,wrong_expansion,,"{""external_provenance"": [], ""mismatch_reasons"": [""unproven_treatment"", ""wrong_expansion""], ""scryfall_cardmarket_id"": 735403, ""stored_ids"": [735403], ""validated_stored_ids"": [735403]}",,,,
