local_printing_id,game,card_name,card_number,local_set_code,set_name,language,local_version,rarity,finish,treatment,canonical_id,canonical_identity,blueprint_id,cardtrader_ids,scryfall_id,stored_cardmarket_id,resolved_cardmarket_id,cardmarket_candidates,cardmarket_product_name,cardmarket_expansion_id,cardmarket_expansion,cardmarket_version,cardmarket_number,cardmarket_language_scope,low,trend,avg1,avg7,avg30,low_alt,trend_alt,avg1_alt,avg7_alt,avg30_alt,cardmarket_metric_used,current_price,current_currency,display_currency,current_source,current_source_product_id,current_confidence,current_timestamp,current_provenance,match_status,match_reason,identity_mismatch,currency_mismatch,metric_mismatch,price_difference,absolute_difference,percentage_difference,ratio,low_difference,low_percentage_difference,low_ratio,low_severity,low_vs_trend_difference,low_vs_trend_percentage,low_vs_trend_ratio,price_severity,primary_cause,secondary_tags,evidence,collection_quantity,collection_current_contribution,collection_cardmarket_contribution,collection_difference
545,magic,Art Series: Fog on the Barrow-Downs,ART-2,ltr,The Lord of the Rings: Tales of Middle-earth,en,Art Series,,nonfoil,Art Series Gold-Stamped,,,,,,718546,,718546,Art Series: Fog on the Barrow-Downs,5308,The Lord of the Rings: Tales of Middle-earth,,,mixed/unknown,0.02,0.11,0.15,0.07,0.13,,0,,,,Low,0.02,EUR,EUR,cardmarket,718546,high,2026-08-29T02:41:58+0200,"{""cardmarket_product_id"": 718546, ""history_id"": 295}",AMBIGUOUS,Cardmarket bulk data does not prove finish/treatment,false,false,false,,,,,,,,NO_COMPARISON,,,,NO_COMPARISON,ambiguous_identity,,"{""ambiguity_reasons"": [""unproven_treatment""], ""external_provenance"": [], ""scryfall_cardmarket_id"": null, ""stored_ids"": [718546], ""validated_stored_ids"": [718546]}",1,0.02,,
546,magic,Art Series: Gandalf the White,ART-3,ltr,The Lord of the Rings: Tales of Middle-earth,en,Art Series,,nonfoil,Art Series Gold-Stamped,,,,,,718547,,718547,Art Series: Gandalf the White,5308,The Lord of the Rings: Tales of Middle-earth,,,mixed/unknown,0.02,0.13,0.13,0.11,0.17,,0,,,,Low,0.02,EUR,EUR,cardmarket,718547,high,2026-08-29T02:41:58+0200,"{""cardmarket_product_id"": 718547, ""history_id"": 296}",AMBIGUOUS,Cardmarket bulk data does not prove finish/treatment,false,false,false,,,,,,,,NO_COMPARISON,,,,NO_COMPARISON,ambiguous_identity,,"{""ambiguity_reasons"": [""unproven_treatment""], ""external_provenance"": [], ""scryfall_cardmarket_id"": null, ""stored_ids"": [718547], ""validated_stored_ids"": [718547]}",1,0.02,,
553,magic,"Art Series: Goldberry, River-Daughter",ART-6,ltr,The Lord of the Rings: Tales of Middle-earth,en,Art Series,,nonfoil,Art Series Gold-Stamped,,,,,,718554,,718554,"Art Series: Goldberry, River-Daughter",5308,The Lord of the Rings: Tales of Middle-earth,,,mixed/unknown,0.02,0.15,0.05,0.16,0.17,1.2,0,,,,Low,0.02,EUR,EUR,cardmarket,718554,high,2026-08-29T02:41:58+0200,"{""cardmarket_product_id"": 718554, ""history_id"": 297}",AMBIGUOUS,Cardmarket bulk data does not prove finish/treatment,false,false,false,,,,,,,,NO_COMPARISON,,,,NO_COMPARISON,ambiguous_identity,,"{""ambiguity_reasons"": [""unproven_treatment""], ""external_provenance"": [], ""scryfall_cardmarket_id"": null, ""stored_ids"": [718554], ""validated_stored_ids"": [718554]}",1,0.02,,
554,magic,Art Series: The Watcher in the Water,ART-7,ltr,The Lord of the Rings: Tales of Middle-earth,en,Art Series,,nonfoil,Art Series Gold-Stamped,,,,,,718555,,718555,Art Series: The Watcher in the Water,5308,The Lord of the Rings: Tales of Middle-earth,,,mixed/unknown,0.02,0.14,0.1,0.14,0.15,0.05,0.04,0.04,0.05,0.05,Low,0.02,EUR,EUR,cardmarket,718555,high,2026-08-29T02:41:58+0200,"{""cardmarket_product_id"": 718555, ""history_id"": 298}",AMBIGUOUS,Cardmarket bulk data does not prove finish/treatment,false,false,false,,,,,,,,NO_COMPARISON,,,,NO_COMPARISON,ambiguous_identity,,"{""ambiguity_reasons"": [""unproven_treatment""], ""external_provenance"": [], ""scryfall_cardmarket_id"": null, ""stored_ids"": [718555], ""validated_stored_ids"": [718555]}",1,0.02,,
558,magic,Art Series: Éomer of the Riddermark,ART-9,ltr,The Lord of the Rings: Tales of Middle-earth,en,Art Series,,nonfoil,Art Series Gold-Stamped,,,,,,718559,,718559,Art Series: Éomer of the Riddermark,5308,The Lord of the Rings: Tales of Middle-earth,,,mixed/unknown,0.02,0.09,0.11,0.06,0.1,0.15,0.15,0.15,0.15,0.15,Low,0.02,EUR,EUR,cardmarket,718559,high,2026-08-29T02:41:58+0200,"{""cardmarket_product_id"": 718559, ""history_id"": 299}",AMBIGUOUS,Cardmarket bulk data does not prove finish/treatment,false,false,false,,,,,,,,NO_COMPARISON,,,,NO_COMPARISON,ambiguous_identity,,"{""ambiguity_reasons"": [""unproven_treatment""], ""external_provenance"": [], ""scryfall_cardmarket_id"": null, ""stored_ids"": [718559], ""validated_stored_ids"": [718559]}",1,0.02,,
560,magic,"Art Series: Gimli, Counter of Kills",ART-10,ltr,The Lord of the Rings: Tales of Middle-earth,en,Gold-Stamped,,nonfoil,Art Series Gold-Stamped,,,,,,718561,,718561,"Art Series: Gimli, Counter of Kills",5308,The Lord of the Rings: Tales of Middle-earth,,,mixed/unknown,0.27,0.97,0.5,0.83,0.62,,0.25,0.25,0.63,0.63,Low,0.27,EUR,EUR,cardmarket,718561,high,2026-08-29T02:41:58+0200,"{""cardmarket_product_id"": 718561, ""history_id"": 300}",AMBIGUOUS,Cardmarket bulk data does not prove finish/treatment,false,false,false,,,,,,,,NO_COMPARISON,,,,NO_COMPARISON,ambiguous_identity,,"{""ambiguity_reasons"": [""unproven_treatment""], ""external_provenance"": [], ""scryfall_cardmarket_id"": null, ""stored_ids"": [718561], ""validated_stored_ids"": [718561]}",1,0.27,,
562,magic,Art Series: Generous Ent,ART-11,ltr,The Lord of the Rings: Tales of Middle-earth,en,Art Series,,nonfoil,Art Series Gold-Stamped,,,,,,718563,,718563,Art Series: Generous Ent,5308,The Lord of the Rings: Tales of Middle-earth,,,mixed/unknown,0.02,0.08,0.06,0.08,0.15,0.2,0,,,,Low,0.02,EUR,EUR,cardmarket,718563,high,2026-08-29T02:41:58+0200,"{""cardmarket_product_id"": 718563, ""history_id"": 301}",AMBIGUOUS,Cardmarket bulk data does not prove finish/treatment,false,false,false,,,,,,,,NO_COMPARISON,,,,NO_COMPARISON,ambiguous_identity,,"{""ambiguity_reasons"": [""unproven_treatment""], ""external_provenance"": [], ""scryfall_cardmarket_id"": null, ""stored_ids"": [718563], ""validated_stored_ids"": [718563]}",1,0.02,,
565,magic,Art Series: Mirrormere Guardian,ART-12,ltr,The Lord of the Rings: Tales of Middle-earth,en,Art Series,,nonfoil,Art Series Gold-Stamped,,,,,,718566,,718566,Art Series: Mirrormere Guardian,5308,The Lord of the Rings: Tales of Middle-earth,,,mixed/unknown,0.02,0.12,0.15,0.08,0.14,0.15,0.15,0.15,0.2,0.2,Low,0.02,EUR,EUR,cardmarket,718566,high,2026-08-29T02:41:58+0200,"{""cardmarket_product_id"": 718566, ""history_id"": 302}",AMBIGUOUS,Cardmarket bulk data does not prove finish/treatment,false,false,false,,,,,,,,NO_COMPARISON,,,,NO_COMPARISON,ambiguous_identity,,"{""ambiguity_reasons"": [""unproven_treatment""], ""external_provenance"": [], ""scryfall_cardmarket_id"": null, ""stored_ids"": [718566], ""validated_stored_ids"": [718566]}",1,0.02,,
569,magic,"Art Series: Bilbo, Retired Burglar",ART-14,ltr,The Lord of the Rings: Tales of Middle-earth,en,Art Series,,nonfoil,Art Series Gold-Stamped,,,,,,718575,,718575,"Art Series: Bilbo, Retired Burglar",5308,The Lord of the Rings: Tales of Middle-earth,,,mixed/unknown,0.02,0.14,0.15,0.14,0.13,0.1,0.2,0.2,0.2,0.2,Low,0.02,EUR,EUR,cardmarket,718575,high,2026-08-29T02:41:58+0200,"{""cardmarket_product_id"": 718575, ""history_id"": 303}",AMBIGUOUS,Cardmarket bulk data does not prove finish/treatment,false,false,false,,,,,,,,NO_COMPARISON,,,,NO_COMPARISON,ambiguous_identity,,"{""ambiguity_reasons"": [""unproven_treatment""], ""external_provenance"": [], ""scryfall_cardmarket_id"": null, ""stored_ids"": [718575], ""validated_stored_ids"": [718575]}",1,0.02,,
570,magic,"Art Series: Éowyn, Fearless Knight",ART-15,ltr,The Lord of the Rings: Tales of Middle-earth,en,Art Series,,nonfoil,Art Series Gold-Stamped,,,,,,718577,,718577,"Art Series: Éowyn, Fearless Knight",5308,The Lord of the Rings: Tales of Middle-earth,,,mixed/unknown,0.02,0.1,0.02,0.08,0.15,0.25,0,,,,Low,0.02,EUR,EUR,cardmarket,718577,high,2026-08-29T02:41:58+0200,"{""cardmarket_product_id"": 718577, ""history_id"": 304}",AMBIGUOUS,Cardmarket bulk data does not prove finish/treatment,false,false,false,,,,,,,,NO_COMPARISON,,,,NO_COMPARISON,ambiguous_identity,,"{""ambiguity_reasons"": [""unproven_treatment""], ""external_provenance"": [], ""scryfall_cardmarket_id"": null, ""stored_ids"": [718577], ""validated_stored_ids"": [718577]}",1,0.02,,
572,magic,Art Series: Frodo Baggins,ART-47,ltr,The Lord of the Rings: Tales of Middle-earth,en,Gold-Stamped,,nonfoil,Art Series Gold-Stamped,,,,,,718580,,718580,Art Series: Frodo Baggins,5308,The Lord of the Rings: Tales of Middle-earth,,,mixed/unknown,0.2,0.58,1,0.78,0.62,,0,,,,Low,0.2,EUR,EUR,cardmarket,718580,high,2026-08-29T02:41:58+0200,"{""cardmarket_product_id"": 718580, ""history_id"": 305}",AMBIGUOUS,Cardmarket bulk data does not prove finish/treatment,false,false,false,,,,,,,,NO_COMPARISON,,,,NO_COMPARISON,ambiguous_identity,,"{""ambiguity_reasons"": [""unproven_treatment""], ""external_provenance"": [], ""scryfall_cardmarket_id"": null, ""stored_ids"": [718580], ""validated_stored_ids"": [718580]}",1,0.2,,
574,magic,"Art Series: Legolas, Counter of Kills",ART-17,ltr,The Lord of the Rings: Tales of Middle-earth,en,Art Series,,nonfoil,Art Series Gold-Stamped,,,,,,718582,,718582,"Art Series: Legolas, Counter of Kills",5308,The Lord of the Rings: Tales of Middle-earth,,,mixed/unknown,0.02,0.12,0.21,0.09,0.12,0.25,0,,,,Low,0.02,EUR,EUR,cardmarket,718582,high,2026-08-29T02:41:58+0200,"{""cardmarket_product_id"": 718582, ""history_id"": 306}",AMBIGUOUS,Cardmarket bulk data does not prove finish/treatment,false,false,false,,,,,,,,NO_COMPARISON,,,,NO_COMPARISON,ambiguous_identity,,"{""ambiguity_reasons"": [""unproven_treatment""], ""external_provenance"": [], ""scryfall_cardmarket_id"": null, ""stored_ids"": [718582], ""validated_stored_ids"": [718582]}",1,0.02,,
581,magic,Art Series: Saruman of Many Colors,ART-20,ltr,The Lord of the Rings: Tales of Middle-earth,en,Art Series,,nonfoil,Art Series Gold-Stamped,,,,,,718601,,718601,Art Series: Saruman of Many Colors,5308,The Lord of the Rings: Tales of Middle-earth,,,mixed/unknown,0.02,0.15,0.1,0.1,0.16,,0,,,,Low,0.02,EUR,EUR,cardmarket,718601,high,2026-08-29T02:41:58+0200,"{""cardmarket_product_id"": 718601, ""history_id"": 307}",AMBIGUOUS,Cardmarket bulk data does not prove finish/treatment,false,false,false,,,,,,,,NO_COMPARISON,,,,NO_COMPARISON,ambiguous_identity,,"{""ambiguity_reasons"": [""unproven_treatment""], ""external_provenance"": [], ""scryfall_cardmarket_id"": null, ""stored_ids"": [718601], ""validated_stored_ids"": [718601]}",1,0.02,,
582,magic,"Art Series: Sauron, the Dark Lord",ART-21,ltr,The Lord of the Rings: Tales of Middle-earth,en,Art Series,,nonfoil,Art Series Gold-Stamped,,,,,,718602,,718602,"Art Series: Sauron, the Dark Lord",5308,The Lord of the Rings: Tales of Middle-earth,,,mixed/unknown,0.02,0.19,0.13,0.14,0.23,,0,,,,Low,0.02,EUR,EUR,cardmarket,718602,high,2026-08-29T02:41:58+0200,"{""cardmarket_product_id"": 718602, ""history_id"": 308}",AMBIGUOUS,Cardmarket bulk data does not prove finish/treatment,false,false,false,,,,,,,,NO_COMPARISON,,,,NO_COMPARISON,ambiguous_identity,,"{""ambiguity_reasons"": [""unproven_treatment""], ""external_provenance"": [], ""scryfall_cardmarket_id"": null, ""stored_ids"": [718602], ""validated_stored_ids"": [718602]}",1,0.02,,
585,magic,"Art Series: Sharkey, Tyrant of the Shire",ART-22,ltr,The Lord of the Rings: Tales of Middle-earth,en,Art Series,,nonfoil,Art Series Gold-Stamped,,,,,,718605,,718605,"Art Series: Sharkey, Tyrant of the Shire",5308,The Lord of the Rings: Tales of Middle-earth,,,mixed/unknown,0.02,0.17,0.15,0.13,0.15,,0,,,,Low,0.02,EUR,EUR,cardmarket,718605,high,2026-08-29T02:41:58+0200,"{""cardmarket_product_id"": 718605, ""history_id"": 309}",AMBIGUOUS,Cardmarket bulk data does not prove finish/treatment,false,false,false,,,,,,,,NO_COMPARISON,,,,NO_COMPARISON,ambiguous_identity,,"{""ambiguity_reasons"": [""unproven_treatment""], ""external_provenance"": [], ""scryfall_cardmarket_id"": null, ""stored_ids"": [718605], ""validated_stored_ids"": [718605]}",1,0.02,,
586,magic,"Art Series: Shelob, Child of Ungoliant",ART-23,ltr,The Lord of the Rings: Tales of Middle-earth,en,Art Series,,nonfoil,Art Series Gold-Stamped,,,,,,718606,,718606,"Art Series: Shelob, Child of Ungoliant",5308,The Lord of the Rings: Tales of Middle-earth,,,mixed/unknown,0.02,0.14,0.15,0.12,0.14,,0,,,,Low,0.02,EUR,EUR,cardmarket,718606,high,2026-08-29T02:41:58+0200,"{""cardmarket_product_id"": 718606, ""history_id"": 310}",AMBIGUOUS,Cardmarket bulk data does not prove finish/treatment,false,false,false,,,,,,,,NO_COMPARISON,,,,NO_COMPARISON,ambiguous_identity,,"{""ambiguity_reasons"": [""unproven_treatment""], ""external_provenance"": [], ""scryfall_cardmarket_id"": null, ""stored_ids"": [718606], ""validated_stored_ids"": [718606]}",1,0.02,,
590,magic,"Art Series: Théoden, King of Rohan",ART-25,ltr,The Lord of the Rings: Tales of Middle-earth,en,Art Series,,nonfoil,Art Series Gold-Stamped,,,,,,718610,,718610,"Art Series: Théoden, King of Rohan",5308,The Lord of the Rings: Tales of Middle-earth,,,mixed/unknown,0.02,0.13,0.1,0.11,0.15,,0,,,,Low,0.02,EUR,EUR,cardmarket,718610,high,2026-08-29T02:41:58+0200,"{""cardmarket_product_id"": 718610, ""history_id"": 311}",AMBIGUOUS,Cardmarket bulk data does not prove finish/treatment,false,false,false,,,,,,,,NO_COMPARISON,,,,NO_COMPARISON,ambiguous_identity,,"{""ambiguity_reasons"": [""unproven_treatment""], ""external_provenance"": [], ""scryfall_cardmarket_id"": null, ""stored_ids"": [718610], ""validated_stored_ids"": [718610]}",1,0.02,,
593,magic,Art Series: Tom Bombadil,ART-26,ltr,The Lord of the Rings: Tales of Middle-earth,en,Art Series,,nonfoil,Art Series Gold-Stamped,,,,,,718613,,718613,Art Series: Tom Bombadil,5308,The Lord of the Rings: Tales of Middle-earth,,,mixed/unknown,0.02,0.13,0.15,0.11,0.12,,0,,,,Low,0.02,EUR,EUR,cardmarket,718613,high,2026-08-29T02:41:58+0200,"{""cardmarket_product_id"": 718613, ""history_id"": 312}",AMBIGUOUS,Cardmarket bulk data does not prove finish/treatment,false,false,false,,,,,,,,NO_COMPARISON,,,,NO_COMPARISON,ambiguous_identity,,"{""ambiguity_reasons"": [""unproven_treatment""], ""external_provenance"": [], ""scryfall_cardmarket_id"": null, ""stored_ids"": [718613], ""validated_stored_ids"": [718613]}",1,0.02,,
594,magic,Art Series: Uglúk of the White Hand,ART-27,ltr,The Lord of the Rings: Tales of Middle-earth,en,Art Series,,nonfoil,Art Series Gold-Stamped,,,,,,718614,,718614,Art Series: Uglúk of the White Hand,5308,The Lord of the Rings: Tales of Middle-earth,,,mixed/unknown,0.02,0.15,0.1,0.14,0.15,,0,,,,Low,0.02,EUR,EUR,cardmarket,718614,high,2026-08-29T02:41:58+0200,"{""cardmarket_product_id"": 718614, ""history_id"": 313}",AMBIGUOUS,Cardmarket bulk data does not prove finish/treatment,false,false,false,,,,,,,,NO_COMPARISON,,,,NO_COMPARISON,ambiguous_identity,,"{""ambiguity_reasons"": [""unproven_treatment""], ""external_provenance"": [], ""scryfall_cardmarket_id"": null, ""stored_ids"": [718614], ""validated_stored_ids"": [718614]}",1,0.02,,
601,magic,Art Series: Plains,ART-30,ltr,The Lord of the Rings: Tales of Middle-earth,en,Art Series,,nonfoil,Art Series Gold-Stamped,,,,,,718621,,718621,Art Series: Plains,5308,The Lord of the Rings: Tales of Middle-earth,,,mixed/unknown,0.02,0.12,0.15,0.13,0.13,,0,,,,Low,0.02,EUR,EUR,cardmarket,718621,high,2026-08-29T02:41:58+0200,"{""cardmarket_product_id"": 718621, ""history_id"": 314}",AMBIGUOUS,Cardmarket bulk data does not prove finish/treatment,false,false,false,,,,,,,,NO_COMPARISON,,,,NO_COMPARISON,ambiguous_identity,,"{""ambiguity_reasons"": [""unproven_treatment""], ""external_provenance"": [], ""scryfall_cardmarket_id"": null, ""stored_ids"": [718621], ""validated_stored_ids"": [718621]}",1,0.02,,
602,magic,Art Series: Mountain,ART-31,ltr,The Lord of the Rings: Tales of Middle-earth,en,Art Series,,nonfoil,Art Series Gold-Stamped,,,,,,718622,,718622,Art Series: Mountain,5308,The Lord of the Rings: Tales of Middle-earth,,,mixed/unknown,0.02,0.14,0.15,0.12,0.15,,0,,,,Low,0.02,EUR,EUR,cardmarket,718622,high,2026-08-29T02:41:58+0200,"{""cardmarket_product_id"": 718622, ""history_id"": 315}",AMBIGUOUS,Cardmarket bulk data does not prove finish/treatment,false,false,false,,,,,,,,NO_COMPARISON,,,,NO_COMPARISON,ambiguous_identity,,"{""ambiguity_reasons"": [""unproven_treatment""], ""external_provenance"": [], ""scryfall_cardmarket_id"": null, ""stored_ids"": [718622], ""validated_stored_ids"": [718622]}",1,0.02,,
605,magic,Art Series: Elanor Gardner,ART-32,ltr,The Lord of the Rings: Tales of Middle-earth,en,Art Series,,nonfoil,Art Series Gold-Stamped,,,,,,718625,,718625,Art Series: Elanor Gardner,5308,The Lord of the Rings: Tales of Middle-earth,,,mixed/unknown,0.02,0.11,0.1,0.1,0.15,,0,,,,Low,0.02,EUR,EUR,cardmarket,718625,high,2026-08-29T02:41:58+0200,"{""cardmarket_product_id"": 718625, ""history_id"": 316}",AMBIGUOUS,Cardmarket bulk data does not prove finish/treatment,false,false,false,,,,,,,,NO_COMPARISON,,,,NO_COMPARISON,ambiguous_identity,,"{""ambiguity_reasons"": [""unproven_treatment""], ""external_provenance"": [], ""scryfall_cardmarket_id"": null, ""stored_ids"": [718625], ""validated_stored_ids"": [718625]}",1,0.02,,
606,magic,"Art Series: Aragorn and Arwen, Wed",ART-33,ltr,The Lord of the Rings: Tales of Middle-earth,en,Art Series,,nonfoil,Art Series Gold-Stamped,,,,,,718626,,718626,"Art Series: Aragorn and Arwen, Wed",5308,The Lord of the Rings: Tales of Middle-earth,,,mixed/unknown,0.02,0.17,0.02,0.11,0.14,,0,,,,Low,0.02,EUR,EUR,cardmarket,718626,high,2026-08-29T02:41:58+0200,"{""cardmarket_product_id"": 718626, ""history_id"": 317}",AMBIGUOUS,Cardmarket bulk data does not prove finish/treatment,false,false,false,,,,,,,,NO_COMPARISON,,,,NO_COMPARISON,ambiguous_identity,,"{""ambiguity_reasons"": [""unproven_treatment""], ""external_provenance"": [], ""scryfall_cardmarket_id"": null, ""stored_ids"": [718626], ""validated_stored_ids"": [718626]}",1,0.02,,
614,magic,Art Series: Bilbo's Ring,ART-37,ltr,The Lord of the Rings: Tales of Middle-earth,en,Art Series,,nonfoil,Art Series Gold-Stamped,,,,,,718640,,718640,Art Series: Bilbo's Ring,5308,The Lord of the Rings: Tales of Middle-earth,,,mixed/unknown,0.02,0.13,0.15,0.12,0.13,,0,,,,Low,0.02,EUR,EUR,cardmarket,718640,high,2026-08-29T02:41:58+0200,"{""cardmarket_product_id"": 718640, ""history_id"": 318}",AMBIGUOUS,Cardmarket bulk data does not prove finish/treatment,false,false,false,,,,,,,,NO_COMPARISON,,,,NO_COMPARISON,ambiguous_identity,,"{""ambiguity_reasons"": [""unproven_treatment""], ""external_provenance"": [], ""scryfall_cardmarket_id"": null, ""stored_ids"": [718640], ""validated_stored_ids"": [718640]}",1,0.02,,
617,magic,"Art Series: Faramir, Field Commander",ART-38,ltr,The Lord of the Rings: Tales of Middle-earth,en,Art Series,,nonfoil,Art Series Gold-Stamped,,,,,,718643,,718643,"Art Series: Faramir, Field Commander",5308,The Lord of the Rings: Tales of Middle-earth,,,mixed/unknown,0.02,0.12,0.09,0.1,0.14,,0,,,,Low,0.02,EUR,EUR,cardmarket,718643,high,2026-08-29T02:41:58+0200,"{""cardmarket_product_id"": 718643, ""history_id"": 319}",AMBIGUOUS,Cardmarket bulk data does not prove finish/treatment,false,false,false,,,,,,,,NO_COMPARISON,,,,NO_COMPARISON,ambiguous_identity,,"{""ambiguity_reasons"": [""unproven_treatment""], ""external_provenance"": [], ""scryfall_cardmarket_id"": null, ""stored_ids"": [718643], ""validated_stored_ids"": [718643]}",1,0.02,,
620,magic,"Art Series: Elrond, Lord of Rivendell",ART-40,ltr,The Lord of the Rings: Tales of Middle-earth,en,Art Series,,nonfoil,Art Series Gold-Stamped,,,,,,718646,,718646,"Art Series: Elrond, Lord of Rivendell",5308,The Lord of the Rings: Tales of Middle-earth,,,mixed/unknown,0.02,0.18,0.15,0.09,0.18,,0,,,,Low,0.02,EUR,EUR,cardmarket,718646,high,2026-08-29T02:41:58+0200,"{""cardmarket_product_id"": 718646, ""history_id"": 320}",AMBIGUOUS,Cardmarket bulk data does not prove finish/treatment,false,false,false,,,,,,,,NO_COMPARISON,,,,NO_COMPARISON,ambiguous_identity,,"{""ambiguity_reasons"": [""unproven_treatment""], ""external_provenance"": [], ""scryfall_cardmarket_id"": null, ""stored_ids"": [718646], ""validated_stored_ids"": [718646]}",1,0.02,,
626,magic,Art Series: Witch-king of Angmar,ART-43,ltr,The Lord of the Rings: Tales of Middle-earth,en,Gold-Stamped,,nonfoil,Art Series Gold-Stamped,,,,,,718652,,718652,Art Series: Witch-king of Angmar,5308,The Lord of the Rings: Tales of Middle-earth,,,mixed/unknown,1.5,2.87,2.5,2.19,2.06,,0,,,,Low,1.5,EUR,EUR,cardmarket,718652,high,2026-08-29T02:41:58+0200,"{""cardmarket_product_id"": 718652, ""history_id"": 321}",AMBIGUOUS,Cardmarket bulk data does not prove finish/treatment,false,false,false,,,,,,,,NO_COMPARISON,,,,NO_COMPARISON,ambiguous_identity,,"{""ambiguity_reasons"": [""unproven_treatment""], ""external_provenance"": [], ""scryfall_cardmarket_id"": null, ""stored_ids"": [718652], ""validated_stored_ids"": [718652]}",1,1.5,,
636,magic,Art Series: Galadriel of Lothlórien,ART-48,ltr,The Lord of the Rings: Tales of Middle-earth,en,Art Series,,nonfoil,Art Series Gold-Stamped,,,,,,718662,,718662,Art Series: Galadriel of Lothlórien,5308,The Lord of the Rings: Tales of Middle-earth,,,mixed/unknown,0.02,0.13,0.35,0.17,0.15,,0,,,,Low,0.02,EUR,EUR,cardmarket,718662,high,2026-08-29T02:41:58+0200,"{""cardmarket_product_id"": 718662, ""history_id"": 322}",AMBIGUOUS,Cardmarket bulk data does not prove finish/treatment,false,false,false,,,,,,,,NO_COMPARISON,,,,NO_COMPARISON,ambiguous_identity,,"{""ambiguity_reasons"": [""unproven_treatment""], ""external_provenance"": [], ""scryfall_cardmarket_id"": null, ""stored_ids"": [718662], ""validated_stored_ids"": [718662]}",1,0.02,,
640,magic,"Art Series: Merry, Esquire of Rohan",ART-50,ltr,The Lord of the Rings: Tales of Middle-earth,en,Art Series,,nonfoil,Art Series Gold-Stamped,,,,,,718666,,718666,"Art Series: Merry, Esquire of Rohan",5308,The Lord of the Rings: Tales of Middle-earth,,,mixed/unknown,0.02,0.13,0.05,0.09,0.15,,0,,,,Low,0.02,EUR,EUR,cardmarket,718666,high,2026-08-29T02:41:58+0200,"{""cardmarket_product_id"": 718666, ""history_id"": 323}",AMBIGUOUS,Cardmarket bulk data does not prove finish/treatment,false,false,false,,,,,,,,NO_COMPARISON,,,,NO_COMPARISON,ambiguous_identity,,"{""ambiguity_reasons"": [""unproven_treatment""], ""external_provenance"": [], ""scryfall_cardmarket_id"": null, ""stored_ids"": [718666], ""validated_stored_ids"": [718666]}",1,0.02,,
643,magic,"Art Series: Pippin, Guard of the Citadel",ART-51,ltr,The Lord of the Rings: Tales of Middle-earth,en,Art Series,,nonfoil,Art Series Gold-Stamped,,,,,,718669,,718669,"Art Series: Pippin, Guard of the Citadel",5308,The Lord of the Rings: Tales of Middle-earth,,,mixed/unknown,0.02,0.14,0.1,0.08,0.15,,0,,,,Low,0.02,EUR,EUR,cardmarket,718669,high,2026-08-29T02:41:58+0200,"{""cardmarket_product_id"": 718669, ""history_id"": 324}",AMBIGUOUS,Cardmarket bulk data does not prove finish/treatment,false,false,false,,,,,,,,NO_COMPARISON,,,,NO_COMPARISON,ambiguous_identity,,"{""ambiguity_reasons"": [""unproven_treatment""], ""external_provenance"": [], ""scryfall_cardmarket_id"": null, ""stored_ids"": [718669], ""validated_stored_ids"": [718669]}",1,0.02,,
645,magic,Art Series: Samwise Gamgee,ART-19,ltr,The Lord of the Rings: Tales of Middle-earth,en,Gold-Stamped,,nonfoil,Art Series Gold-Stamped,,,,,,718671,,718671,Art Series: Samwise Gamgee,5308,The Lord of the Rings: Tales of Middle-earth,,,mixed/unknown,0.02,0.02,0.98,1.01,1.29,,0,,,,Low,0.02,EUR,EUR,cardmarket,718671,high,2026-08-29T02:41:58+0200,"{""cardmarket_product_id"": 718671, ""history_id"": 325}",AMBIGUOUS,Cardmarket bulk data does not prove finish/treatment,false,false,false,,,,,,,,NO_COMPARISON,,,,NO_COMPARISON,ambiguous_identity,,"{""ambiguity_reasons"": [""unproven_treatment""], ""external_provenance"": [], ""scryfall_cardmarket_id"": null, ""stored_ids"": [718671], ""validated_stored_ids"": [718671]}",1,0.02,,
646,magic,Art Series: Nazgûl,ART-53,ltr,The Lord of the Rings: Tales of Middle-earth,en,Art Series,,nonfoil,Art Series Gold-Stamped,,,,,,718672,,718672,Art Series: Nazgûl,5308,The Lord of the Rings: Tales of Middle-earth,,,mixed/unknown,0.02,0.15,0.2,0.15,0.18,,0,,,,Low,0.02,EUR,EUR,cardmarket,718672,high,2026-08-29T02:41:58+0200,"{""cardmarket_product_id"": 718672, ""history_id"": 326}",AMBIGUOUS,Cardmarket bulk data does not prove finish/treatment,false,false,false,,,,,,,,NO_COMPARISON,,,,NO_COMPARISON,ambiguous_identity,,"{""ambiguity_reasons"": [""unproven_treatment""], ""external_provenance"": [], ""scryfall_cardmarket_id"": null, ""stored_ids"": [718672], ""validated_stored_ids"": [718672]}",1,0.02,,
653,magic,Art Series: Mines of Moria,ART-56,ltr,The Lord of the Rings: Tales of Middle-earth,en,Art Series,,nonfoil,Art Series Gold-Stamped,,,,,,718683,,718683,Art Series: Mines of Moria,5308,The Lord of the Rings: Tales of Middle-earth,,,mixed/unknown,0.02,0.19,0.1,0.19,0.17,,0,,,,Low,0.02,EUR,EUR,cardmarket,718683,high,2026-08-29T02:41:58+0200,"{""cardmarket_product_id"": 718683, ""history_id"": 327}",AMBIGUOUS,Cardmarket bulk data does not prove finish/treatment,false,false,false,,,,,,,,NO_COMPARISON,,,,NO_COMPARISON,ambiguous_identity,,"{""ambiguity_reasons"": [""unproven_treatment""], ""external_provenance"": [], ""scryfall_cardmarket_id"": null, ""stored_ids"": [718683], ""validated_stored_ids"": [718683]}",1,0.02,,
654,magic,"Art Series: Aragorn, King of Gondor",ART-57,ltr,The Lord of the Rings: Tales of Middle-earth,en,Art Series,,nonfoil,Art Series Gold-Stamped,,,,,,718685,,718685,"Art Series: Aragorn, King of Gondor",5308,The Lord of the Rings: Tales of Middle-earth,,,mixed/unknown,0.03,0.17,0.15,0.17,0.16,,0,,,,Low,0.03,EUR,EUR,cardmarket,718685,high,2026-08-29T02:41:58+0200,"{""cardmarket_product_id"": 718685, ""history_id"": 328}",AMBIGUOUS,Cardmarket bulk data does not prove finish/treatment,false,false,false,,,,,,,,NO_COMPARISON,,,,NO_COMPARISON,ambiguous_identity,,"{""ambiguity_reasons"": [""unproven_treatment""], ""external_provenance"": [], ""scryfall_cardmarket_id"": null, ""stored_ids"": [718685], ""validated_stored_ids"": [718685]}",1,0.03,,
659,magic,"Art Series: Gwaihir, Greatest of the Eagles",ART-59,ltr,The Lord of the Rings: Tales of Middle-earth,en,Art Series,,nonfoil,Art Series Gold-Stamped,,,,,,718693,,718693,"Art Series: Gwaihir, Greatest of the Eagles",5308,The Lord of the Rings: Tales of Middle-earth,,,mixed/unknown,0.02,0.12,0.15,0.1,0.14,,0,,,,Low,0.02,EUR,EUR,cardmarket,718693,high,2026-08-29T02:41:58+0200,"{""cardmarket_product_id"": 718693, ""history_id"": 329}",AMBIGUOUS,Cardmarket bulk data does not prove finish/treatment,false,false,false,,,,,,,,NO_COMPARISON,,,,NO_COMPARISON,ambiguous_identity,,"{""ambiguity_reasons"": [""unproven_treatment""], ""external_provenance"": [], ""scryfall_cardmarket_id"": null, ""stored_ids"": [718693], ""validated_stored_ids"": [718693]}",1,0.02,,
660,magic,Art Series: Call for Aid,ART-60,ltr,The Lord of the Rings: Tales of Middle-earth,en,Art Series,,nonfoil,Art Series Gold-Stamped,,,,,,718694,,718694,Art Series: Call for Aid,5308,The Lord of the Rings: Tales of Middle-earth,,,mixed/unknown,0.02,0.14,0.15,0.09,0.16,,0,,,,Low,0.02,EUR,EUR,cardmarket,718694,high,2026-08-29T02:41:58+0200,"{""cardmarket_product_id"": 718694, ""history_id"": 330}",AMBIGUOUS,Cardmarket bulk data does not prove finish/treatment,false,false,false,,,,,,,,NO_COMPARISON,,,,NO_COMPARISON,ambiguous_identity,,"{""ambiguity_reasons"": [""unproven_treatment""], ""external_provenance"": [], ""scryfall_cardmarket_id"": null, ""stored_ids"": [718694], ""validated_stored_ids"": [718694]}",1,0.02,,
663,magic,Art Series: Cavern-Hoard Dragon,ART-61,ltr,The Lord of the Rings: Tales of Middle-earth,en,Art Series,,nonfoil,Art Series Gold-Stamped,,,,,,718700,,718700,Art Series: Cavern-Hoard Dragon,5308,The Lord of the Rings: Tales of Middle-earth,,,mixed/unknown,0.02,0.17,0.15,0.17,0.17,,0,,,,Low,0.02,EUR,EUR,cardmarket,718700,high,2026-08-29T02:41:58+0200,"{""cardmarket_product_id"": 718700, ""history_id"": 331}",AMBIGUOUS,Cardmarket bulk data does not prove finish/treatment,false,false,false,,,,,,,,NO_COMPARISON,,,,NO_COMPARISON,ambiguous_identity,,"{""ambiguity_reasons"": [""unproven_treatment""], ""external_provenance"": [], ""scryfall_cardmarket_id"": null, ""stored_ids"": [718700], ""validated_stored_ids"": [718700]}",1,0.02,,
664,magic,"Art Series: Faramir, Steward of Gondor",ART-62,ltr,The Lord of the Rings: Tales of Middle-earth,en,Art Series,,nonfoil,Art Series Gold-Stamped,,,,,,718704,,718704,"Art Series: Faramir, Steward of Gondor",5308,The Lord of the Rings: Tales of Middle-earth,,,mixed/unknown,0.02,0.12,0.15,0.11,0.16,,0,,,,Low,0.02,EUR,EUR,cardmarket,718704,high,2026-08-29T02:41:58+0200,"{""cardmarket_product_id"": 718704, ""history_id"": 332}",AMBIGUOUS,Cardmarket bulk data does not prove finish/treatment,false,false,false,,,,,,,,NO_COMPARISON,,,,NO_COMPARISON,ambiguous_identity,,"{""ambiguity_reasons"": [""unproven_treatment""], ""external_provenance"": [], ""scryfall_cardmarket_id"": null, ""stored_ids"": [718704], ""validated_stored_ids"": [718704]}",1,0.02,,
667,magic,"Art Series: Gríma, Saruman's Footman",ART-63,ltr,The Lord of the Rings: Tales of Middle-earth,en,Art Series,,nonfoil,Art Series Gold-Stamped,,,,,,718708,,718708,"Art Series: Gríma, Saruman's Footman",5308,The Lord of the Rings: Tales of Middle-earth,,,mixed/unknown,0.02,0.16,0.15,0.1,0.14,,0,,,,Low,0.02,EUR,EUR,cardmarket,718708,high,2026-08-29T02:41:58+0200,"{""cardmarket_product_id"": 718708, ""history_id"": 333}",AMBIGUOUS,Cardmarket bulk data does not prove finish/treatment,false,false,false,,,,,,,,NO_COMPARISON,,,,NO_COMPARISON,ambiguous_identity,,"{""ambiguity_reasons"": [""unproven_treatment""], ""external_provenance"": [], ""scryfall_cardmarket_id"": null, ""stored_ids"": [718708], ""validated_stored_ids"": [718708]}",1,0.02,,
671,magic,"Art Series: Merry, Warden of Isengard",ART-65,ltr,The Lord of the Rings: Tales of Middle-earth,en,Art Series,,nonfoil,Art Series Gold-Stamped,,,,,,718715,,718715,"Art Series: Merry, Warden of Isengard",5308,The Lord of the Rings: Tales of Middle-earth,,,mixed/unknown,0.02,0.14,0.12,0.11,0.13,,0,,,,Low,0.02,EUR,EUR,cardmarket,718715,high,2026-08-29T02:41:58+0200,"{""cardmarket_product_id"": 718715, ""history_id"": 334}",AMBIGUOUS,Cardmarket bulk data does not prove finish/treatment,false,false,false,,,,,,,,NO_COMPARISON,,,,NO_COMPARISON,ambiguous_identity,,"{""ambiguity_reasons"": [""unproven_treatment""], ""external_provenance"": [], ""scryfall_cardmarket_id"": null, ""stored_ids"": [718715], ""validated_stored_ids"": [718715]}",1,0.02,,
674,magic,"Art Series: Treebeard, Gracious Host",ART-67,ltr,The Lord of the Rings: Tales of Middle-earth,en,Gold-Stamped,,nonfoil,Art Series Gold-Stamped,,,,,,718719,,718719,"Art Series: Treebeard, Gracious Host",5308,The Lord of the Rings: Tales of Middle-earth,,,mixed/unknown,0.25,0.02,0.4,0.76,1.09,,0,,,,Low,0.25,EUR,EUR,cardmarket,718719,high,2026-08-29T02:41:58+0200,"{""cardmarket_product_id"": 718719, ""history_id"": 335}",AMBIGUOUS,Cardmarket bulk data does not prove finish/treatment,false,false,false,,,,,,,,NO_COMPARISON,,,,NO_COMPARISON,ambiguous_identity,,"{""ambiguity_reasons"": [""unproven_treatment""], ""external_provenance"": [], ""scryfall_cardmarket_id"": null, ""stored_ids"": [718719], ""validated_stored_ids"": [718719]}",1,0.25,,
684,magic,Art Series: Asceticism,ART-72,ltr,The Lord of the Rings: Tales of Middle-earth,en,Art Series,,nonfoil,Art Series Gold-Stamped,,,,,,718740,,718740,Art Series: Asceticism,5308,The Lord of the Rings: Tales of Middle-earth,,,mixed/unknown,0.02,0.12,0.02,0.06,0.13,,0,,,,Low,0.02,EUR,EUR,cardmarket,718740,high,2026-08-29T02:41:58+0200,"{""cardmarket_product_id"": 718740, ""history_id"": 336}",AMBIGUOUS,Cardmarket bulk data does not prove finish/treatment,false,false,false,,,,,,,,NO_COMPARISON,,,,NO_COMPARISON,ambiguous_identity,,"{""ambiguity_reasons"": [""unproven_treatment""], ""external_provenance"": [], ""scryfall_cardmarket_id"": null, ""stored_ids"": [718740], ""validated_stored_ids"": [718740]}",1,0.02,,
689,magic,Art Series: Realm Seekers,ART-74,ltr,The Lord of the Rings: Tales of Middle-earth,en,Gold-Stamped,,nonfoil,Art Series Gold-Stamped,,,,,,718747,,718747,Art Series: Realm Seekers,5308,The Lord of the Rings: Tales of Middle-earth,,,mixed/unknown,0.4,0.64,0.4,0.65,0.88,,0,,,,Low,0.4,EUR,EUR,cardmarket,718747,high,2026-08-29T02:41:58+0200,"{""cardmarket_product_id"": 718747, ""history_id"": 337}",AMBIGUOUS,Cardmarket bulk data does not prove finish/treatment,false,false,false,,,,,,,,NO_COMPARISON,,,,NO_COMPARISON,ambiguous_identity,,"{""ambiguity_reasons"": [""unproven_treatment""], ""external_provenance"": [], ""scryfall_cardmarket_id"": null, ""stored_ids"": [718747], ""validated_stored_ids"": [718747]}",1,0.4,,
696,magic,Art Series: Ghost Quarter,ART-78,ltr,The Lord of the Rings: Tales of Middle-earth,en,Art Series,,nonfoil,Art Series Gold-Stamped,,,,,,718757,,718757,Art Series: Ghost Quarter,5308,The Lord of the Rings: Tales of Middle-earth,,,mixed/unknown,0.02,0.12,0.08,0.1,0.11,,0,,,,Low,0.02,EUR,EUR,cardmarket,718757,high,2026-08-29T02:41:58+0200,"{""cardmarket_product_id"": 718757, ""history_id"": 338}",AMBIGUOUS,Cardmarket bulk data does not prove finish/treatment,false,false,false,,,,,,,,NO_COMPARISON,,,,NO_COMPARISON,ambiguous_identity,,"{""ambiguity_reasons"": [""unproven_treatment""], ""external_provenance"": [], ""scryfall_cardmarket_id"": null, ""stored_ids"": [718757], ""validated_stored_ids"": [718757]}",1,0.02,,
701,magic,Art Series: Valley of Gorgoroth,ART-80,ltr,The Lord of the Rings: Tales of Middle-earth,en,Art Series,,nonfoil,Art Series Gold-Stamped,,,,,,718763,,718763,Art Series: Valley of Gorgoroth,5308,The Lord of the Rings: Tales of Middle-earth,,,mixed/unknown,0.02,0.18,0.15,0.17,0.16,,0,,,,Low,0.02,EUR,EUR,cardmarket,718763,high,2026-08-29T02:41:58+0200,"{""cardmarket_product_id"": 718763, ""history_id"": 339}",AMBIGUOUS,Cardmarket bulk data does not prove finish/treatment,false,false,false,,,,,,,,NO_COMPARISON,,,,NO_COMPARISON,ambiguous_identity,,"{""ambiguity_reasons"": [""unproven_treatment""], ""external_provenance"": [], ""scryfall_cardmarket_id"": null, ""stored_ids"": [718763], ""validated_stored_ids"": [718763]}",1,0.02,,
12279,magic,The One Ring,0,ltr,The Lord of the Rings: Tales of Middle-earth,qya,Borderless,mythic,foil,Borderless,140,scryfall_oracle:3aa83ed2-f48b-4ce6-a614-2c54ddf50538,,,93de9042-cc62-4ade-8d8d-68fdbc84bfae,701764,,701764,The One Ring,5308,The Lord of the Rings: Tales of Middle-earth,,,mixed/unknown,,0,,,,,0,33,16.51,16.51,Foil Low,,EUR,EUR,,,,,"{""mapped_product_ids"": []}",AMBIGUOUS,Cardmarket bulk data does not prove finish/treatment,false,false,false,,,,,,,,NO_COMPARISON,,,,NO_COMPARISON,ambiguous_identity,,"{""ambiguity_reasons"": [""unproven_treatment""], ""external_provenance"": [], ""scryfall_cardmarket_id"": 701764, ""stored_ids"": [701764], ""validated_stored_ids"": [701764]}",,,,
12867,magic,"Boromir, Warden of the Tower",302,ltr,The Lord of the Rings: Tales of Middle-earth,en,Showcase,rare,nonfoil,Showcase,547,scryfall_oracle:d72b57e5-1c6e-4f02-968f-7e2dd24f0d3c,,,e186ef93-f369-4b4d-a683-36f338b6ce3f,716042,,716042,"Boromir, Warden of the Tower",5308,The Lord of the Rings: Tales of Middle-earth,,,mixed/unknown,3.39,6.19,6.27,6.1,5.86,3.99,6.97,7.49,6.2,6.61,Low,,EUR,EUR,,,,,"{""mapped_product_ids"": []}",AMBIGUOUS,Cardmarket bulk data does not prove finish/treatment,false,false,false,,,,,,,,NO_COMPARISON,,,,NO_COMPARISON,ambiguous_identity,,"{""ambiguity_reasons"": [""unproven_treatment""], ""external_provenance"": [], ""scryfall_cardmarket_id"": 716042, ""stored_ids"": [716042], ""validated_stored_ids"": [716042]}",,,,
12868,magic,"Boromir, Warden of the Tower",302,ltr,The Lord of the Rings: Tales of Middle-earth,en,Showcase,rare,foil,Showcase,547,scryfall_oracle:d72b57e5-1c6e-4f02-968f-7e2dd24f0d3c,,,e186ef93-f369-4b4d-a683-36f338b6ce3f,716042,,716042,"Boromir, Warden of the Tower",5308,The Lord of the Rings: Tales of Middle-earth,,,mixed/unknown,3.39,6.19,6.27,6.1,5.86,3.99,6.97,7.49,6.2,6.61,Foil Low,3.99,EUR,EUR,cardmarket,716042,high,2026-08-29T02:41:58+0200,"{""cardmarket_product_id"": 716042, ""history_id"": 346}",AMBIGUOUS,Cardmarket bulk data does not prove finish/treatment,false,false,false,,,,,,,,NO_COMPARISON,,,,NO_COMPARISON,ambiguous_identity,,"{""ambiguity_reasons"": [""unproven_treatment""], ""external_provenance"": [], ""scryfall_cardmarket_id"": 716042, ""stored_ids"": [716042], ""validated_stored_ids"": [716042]}",1,3.99,,
12869,magic,"Faramir, Field Commander",303,ltr,The Lord of the Rings: Tales of Middle-earth,en,Showcase,uncommon,nonfoil,Showcase,444,scryfall_oracle:adeed5e8-9019-4740-83ea-67dcd754e194,,,008b953a-da2b-4c30-9424-6d6e3e938251,717774,,717774,"Faramir, Field Commander",5308,The Lord of the Rings: Tales of Middle-earth,,,mixed/unknown,0.02,0.11,0.16,0.11,0.11,0.02,0.23,0.2,0.27,0.24,Low,,EUR,EUR,,,,,"{""mapped_product_ids"": []}",AMBIGUOUS,Cardmarket bulk data does not prove finish/treatment,false,false,false,,,,,,,,NO_COMPARISON,,,,NO_COMPARISON,ambiguous_identity,,"{""ambiguity_reasons"": [""unproven_treatment""], ""external_provenance"": [], ""scryfall_cardmarket_id"": 717774, ""stored_ids"": [717774], ""validated_stored_ids"": [717774]}",,,,
12870,magic,"Faramir, Field Commander",303,ltr,The Lord of the Rings: Tales of Middle-earth,en,Showcase,uncommon,foil,Showcase,444,scryfall_oracle:adeed5e8-9019-4740-83ea-67dcd754e194,,,008b953a-da2b-4c30-9424-6d6e3e938251,717774,,717774,"Faramir, Field Commander",5308,The Lord of the Rings: Tales of Middle-earth,,,mixed/unknown,0.02,0.11,0.16,0.11,0.11,0.02,0.23,0.2,0.27,0.24,Foil Low,,EUR,EUR,,,,,"{""mapped_product_ids"": []}",AMBIGUOUS,Cardmarket bulk data does not prove finish/treatment,false,false,false,,,,,,,,NO_COMPARISON,,,,NO_COMPARISON,ambiguous_identity,,"{""ambiguity_reasons"": [""unproven_treatment""], ""external_provenance"": [], ""scryfall_cardmarket_id"": 717774, ""stored_ids"": [717774], ""validated_stored_ids"": [717774]}",,,,
12871,magic,"Frodo, Sauron's Bane",304,ltr,The Lord of the Rings: Tales of Middle-earth,en,Showcase,rare,nonfoil,Showcase,353,scryfall_oracle:8be62f5c-0ab2-4869-97a2-d8a69a3fde95,,,6d08e637-c2b3-4b38-9b07-5bba1f13efc3,701765,,701765,"Frodo, Sauron's Bane",5308,The Lord of the Rings: Tales of Middle-earth,,,mixed/unknown,0.08,0.49,0.2,0.43,0.6,0.2,0.8,0.95,0.63,0.59,Low,,EUR,EUR,,,,,"{""mapped_product_ids"": []}",AMBIGUOUS,Cardmarket bulk data does not prove finish/treatment,false,false,false,,,,,,,,NO_COMPARISON,,,,NO_COMPARISON,ambiguous_identity,,"{""ambiguity_reasons"": [""unproven_treatment""], ""external_provenance"": [], ""scryfall_cardmarket_id"": 701765, ""stored_ids"": [701765], ""validated_stored_ids"": [701765]}",,,,
12872,magic,"Frodo, Sauron's Bane",304,ltr,The Lord of the Rings: Tales of Middle-earth,en,Showcase,rare,foil,Showcase,353,scryfall_oracle:8be62f5c-0ab2-4869-97a2-d8a69a3fde95,,,6d08e637-c2b3-4b38-9b07-5bba1f13efc3,701765,,701765,"Frodo, Sauron's Bane",5308,The Lord of the Rings: Tales of Middle-earth,,,mixed/unknown,0.08,0.49,0.2,0.43,0.6,0.2,0.8,0.95,0.63,0.59,Foil Low,0.2,EUR,EUR,cardmarket,701765,high,2026-08-29T02:41:58+0200,"{""cardmarket_product_id"": 701765, ""history_id"": 347}",AMBIGUOUS,Cardmarket bulk data does not prove finish/treatment,false,false,false,,,,,,,,NO_COMPARISON,,,,NO_COMPARISON,ambiguous_identity,,"{""ambiguity_reasons"": [""unproven_treatment""], ""external_provenance"": [], ""scryfall_cardmarket_id"": 701765, ""stored_ids"": [701765], ""validated_stored_ids"": [701765]}",1,0.2,,
12873,magic,Gandalf the White,305,ltr,The Lord of the Rings: Tales of Middle-earth,en,Showcase,mythic,nonfoil,Showcase,225,scryfall_oracle:5b3b5f6a-375e-4479-9384-a942eda83f9b,,,2c9dc67a-5c26-4044-82b6-d5b6e195ae64,716023,,716023,Gandalf the White,5308,The Lord of the Rings: Tales of Middle-earth,,,mixed/unknown,4,19.45,14.29,24.35,15.04,5.99,22.54,20.48,30.78,22.29,Low,,EUR,EUR,,,,,"{""mapped_product_ids"": []}",AMBIGUOUS,Cardmarket bulk data does not prove finish/treatment,false,false,false,,,,,,,,NO_COMPARISON,,,,NO_COMPARISON,ambiguous_identity,,"{""ambiguity_reasons"": [""unproven_treatment""], ""external_provenance"": [], ""scryfall_cardmarket_id"": 716023, ""stored_ids"": [716023], ""validated_stored_ids"": [716023]}",,,,
12874,magic,Gandalf the White,305,ltr,The Lord of the Rings: Tales of Middle-earth,en,Showcase,mythic,foil,Showcase,225,scryfall_oracle:5b3b5f6a-375e-4479-9384-a942eda83f9b,,,2c9dc67a-5c26-4044-82b6-d5b6e195ae64,716023,,716023,Gandalf the White,5308,The Lord of the Rings: Tales of Middle-earth,,,mixed/unknown,4,19.45,14.29,24.35,15.04,5.99,22.54,20.48,30.78,22.29,Foil Low,,EUR,EUR,,,,,"{""mapped_product_ids"": []}",AMBIGUOUS,Cardmarket bulk data does not prove finish/treatment,false,false,false,,,,,,,,NO_COMPARISON,,,,NO_COMPARISON,ambiguous_identity,,"{""ambiguity_reasons"": [""unproven_treatment""], ""external_provenance"": [], ""scryfall_cardmarket_id"": 716023, ""stored_ids"": [716023], ""validated_stored_ids"": [716023]}",,,,
12875,magic,Samwise the Stouthearted,306,ltr,The Lord of the Rings: Tales of Middle-earth,en,Showcase,uncommon,nonfoil,Showcase,34,scryfall_oracle:0e26b429-0469-474a-818a-2d4696c38a05,,,44c6a273-9307-432a-96f5-3e536da70f95,701766,,701766,Samwise the Stouthearted,5308,The Lord of the Rings: Tales of Middle-earth,,,mixed/unknown,0.02,0.12,0.11,0.13,0.15,0.02,0.25,0.3,0.44,0.33,Low,,EUR,EUR,,,,,"{""mapped_product_ids"": []}",AMBIGUOUS,Cardmarket bulk data does not prove finish/treatment,false,false,false,,,,,,,,NO_COMPARISON,,,,NO_COMPARISON,ambiguous_identity,,"{""ambiguity_reasons"": [""unproven_treatment""], ""external_provenance"": [], ""scryfall_cardmarket_id"": 701766, ""stored_ids"": [701766], ""validated_stored_ids"": [701766]}",,,,
12876,magic,Samwise the Stouthearted,306,ltr,The Lord of the Rings: Tales of Middle-earth,en,Showcase,uncommon,foil,Showcase,34,scryfall_oracle:0e26b429-0469-474a-818a-2d4696c38a05,,,44c6a273-9307-432a-96f5-3e536da70f95,701766,,701766,Samwise the Stouthearted,5308,The Lord of the Rings: Tales of Middle-earth,,,mixed/unknown,0.02,0.12,0.11,0.13,0.15,0.02,0.25,0.3,0.44,0.33,Foil Low,,EUR,EUR,,,,,"{""mapped_product_ids"": []}",AMBIGUOUS,Cardmarket bulk data does not prove finish/treatment,false,false,false,,,,,,,,NO_COMPARISON,,,,NO_COMPARISON,ambiguous_identity,,"{""ambiguity_reasons"": [""unproven_treatment""], ""external_provenance"": [], ""scryfall_cardmarket_id"": 701766, ""stored_ids"": [701766], ""validated_stored_ids"": [701766]}",,,,
12877,magic,"Elrond, Lord of Rivendell",307,ltr,The Lord of the Rings: Tales of Middle-earth,en,Showcase,uncommon,nonfoil,Showcase,24,scryfall_oracle:099ae8f2-5c84-43ab-aaa1-ea69f2bba784,,,308465a9-2143-49f2-b9d0-a09272dd1b62,717750,,717750,"Elrond, Lord of Rivendell",5308,The Lord of the Rings: Tales of Middle-earth,,,mixed/unknown,0.02,0.1,0.09,0.11,0.1,0.02,0.29,0.23,0.22,0.23,Low,,EUR,EUR,,,,,"{""mapped_product_ids"": []}",AMBIGUOUS,Cardmarket bulk data does not prove finish/treatment,false,false,false,,,,,,,,NO_COMPARISON,,,,NO_COMPARISON,ambiguous_identity,,"{""ambiguity_reasons"": [""unproven_treatment""], ""external_provenance"": [], ""scryfall_cardmarket_id"": 717750, ""stored_ids"": [717750], ""validated_stored_ids"": [717750]}",,,,
12878,magic,"Elrond, Lord of Rivendell",307,ltr,The Lord of the Rings: Tales of Middle-earth,en,Showcase,uncommon,foil,Showcase,24,scryfall_oracle:099ae8f2-5c84-43ab-aaa1-ea69f2bba784,,,308465a9-2143-49f2-b9d0-a09272dd1b62,717750,,717750,"Elrond, Lord of Rivendell",5308,The Lord of the Rings: Tales of Middle-earth,,,mixed/unknown,0.02,0.1,0.09,0.11,0.1,0.02,0.29,0.23,0.22,0.23,Foil Low,,EUR,EUR,,,,,"{""mapped_product_ids"": []}",AMBIGUOUS,Cardmarket bulk data does not prove finish/treatment,false,false,false,,,,,,,,NO_COMPARISON,,,,NO_COMPARISON,ambiguous_identity,,"{""ambiguity_reasons"": [""unproven_treatment""], ""external_provenance"": [], ""scryfall_cardmarket_id"": 717750, ""stored_ids"": [717750], ""validated_stored_ids"": [717750]}",,,,
12879,magic,"Gandalf, Friend of the Shire",308,ltr,The Lord of the Rings: Tales of Middle-earth,en,Showcase,uncommon,nonfoil,Showcase,317,scryfall_oracle:7f7c917b-f940-4f43-bafa-31f50a6d9d6f,,,eae80537-f355-4aa3-8952-b08f3d1a1e41,716064,,716064,"Gandalf, Friend of the Shire",5308,The Lord of the Rings: Tales of Middle-earth,,,mixed/unknown,0.02,0.1,0.08,0.09,0.1,0.02,0.27,0.53,0.3,0.28,Low,,EUR,EUR,,,,,"{""mapped_product_ids"": []}",AMBIGUOUS,Cardmarket bulk data does not prove finish/treatment,false,false,false,,,,,,,,NO_COMPARISON,,,,NO_COMPARISON,ambiguous_identity,,"{""ambiguity_reasons"": [""unproven_treatment""], ""external_provenance"": [], ""scryfall_cardmarket_id"": 716064, ""stored_ids"": [716064], ""validated_stored_ids"": [716064]}",,,,
12880,magic,"Gandalf, Friend of the Shire",308,ltr,The Lord of the Rings: Tales of Middle-earth,en,Showcase,uncommon,foil,Showcase,317,scryfall_oracle:7f7c917b-f940-4f43-bafa-31f50a6d9d6f,,,eae80537-f355-4aa3-8952-b08f3d1a1e41,716064,,716064,"Gandalf, Friend of the Shire",5308,The Lord of the Rings: Tales of Middle-earth,,,mixed/unknown,0.02,0.1,0.08,0.09,0.1,0.02,0.27,0.53,0.3,0.28,Foil Low,,EUR,EUR,,,,,"{""mapped_product_ids"": []}",AMBIGUOUS,Cardmarket bulk data does not prove finish/treatment,false,false,false,,,,,,,,NO_COMPARISON,,,,NO_COMPARISON,ambiguous_identity,,"{""ambiguity_reasons"": [""unproven_treatment""], ""external_provenance"": [], ""scryfall_cardmarket_id"": 716064, ""stored_ids"": [716064], ""validated_stored_ids"": [716064]}",,,,
12881,magic,"Gollum, Patient Plotter",309,ltr,The Lord of the Rings: Tales of Middle-earth,en,Showcase,uncommon,nonfoil,Showcase,501,scryfall_oracle:c4545884-35b7-47cf-939e-3d5d3fe555a4,,,a881aa61-fc7c-4ffb-a129-f75be8b2e498,701767,,701767,"Gollum, Patient Plotter",5308,The Lord of the Rings: Tales of Middle-earth,,,mixed/unknown,0.02,0.12,0.12,0.11,0.12,0.02,0.31,0.2,0.36,0.33,Low,,EUR,EUR,,,,,"{""mapped_product_ids"": []}",AMBIGUOUS,Cardmarket bulk data does not prove finish/treatment,false,false,false,,,,,,,,NO_COMPARISON,,,,NO_COMPARISON,ambiguous_identity,,"{""ambiguity_reasons"": [""unproven_treatment""], ""external_provenance"": [], ""scryfall_cardmarket_id"": 701767, ""stored_ids"": [701767], ""validated_stored_ids"": [701767]}",,,,
12882,magic,"Gollum, Patient Plotter",309,ltr,The Lord of the Rings: Tales of Middle-earth,en,Showcase,uncommon,foil,Showcase,501,scryfall_oracle:c4545884-35b7-47cf-939e-3d5d3fe555a4,,,a881aa61-fc7c-4ffb-a129-f75be8b2e498,701767,,701767,"Gollum, Patient Plotter",5308,The Lord of the Rings: Tales of Middle-earth,,,mixed/unknown,0.02,0.12,0.12,0.11,0.12,0.02,0.31,0.2,0.36,0.33,Foil Low,,EUR,EUR,,,,,"{""mapped_product_ids"": []}",AMBIGUOUS,Cardmarket bulk data does not prove finish/treatment,false,false,false,,,,,,,,NO_COMPARISON,,,,NO_COMPARISON,ambiguous_identity,,"{""ambiguity_reasons"": [""unproven_treatment""], ""external_provenance"": [], ""scryfall_cardmarket_id"": 701767, ""stored_ids"": [701767], ""validated_stored_ids"": [701767]}",,,,
12883,magic,"Sauron, the Necromancer",310,ltr,The Lord of the Rings: Tales of Middle-earth,en,Showcase,rare,nonfoil,Showcase,357,scryfall_oracle:8dcd7e2b-75a9-476a-a0a0-798613e8dad6,,,24521350-ffa6-46d9-95ed-6573c681e095,716069,,716069,"Sauron, the Necromancer",5308,The Lord of the Rings: Tales of Middle-earth,,,mixed/unknown,0.08,0.53,0.55,0.49,0.57,0.3,1.31,0.8,1.6,1.23,Low,,EUR,EUR,,,,,"{""mapped_product_ids"": []}",AMBIGUOUS,Cardmarket bulk data does not prove finish/treatment,false,false,false,,,,,,,,NO_COMPARISON,,,,NO_COMPARISON,ambiguous_identity,,"{""ambiguity_reasons"": [""unproven_treatment""], ""external_provenance"": [], ""scryfall_cardmarket_id"": 716069, ""stored_ids"": [716069], ""validated_stored_ids"": [716069]}",,,,
12884,magic,"Sauron, the Necromancer",310,ltr,The Lord of the Rings: Tales of Middle-earth,en,Showcase,rare,foil,Showcase,357,scryfall_oracle:8dcd7e2b-75a9-476a-a0a0-798613e8dad6,,,24521350-ffa6-46d9-95ed-6573c681e095,716069,,716069,"Sauron, the Necromancer",5308,The Lord of the Rings: Tales of Middle-earth,,,mixed/unknown,0.08,0.53,0.55,0.49,0.57,0.3,1.31,0.8,1.6,1.23,Foil Low,,EUR,EUR,,,,,"{""mapped_product_ids"": []}",AMBIGUOUS,Cardmarket bulk data does not prove finish/treatment,false,false,false,,,,,,,,NO_COMPARISON,,,,NO_COMPARISON,ambiguous_identity,,"{""ambiguity_reasons"": [""unproven_treatment""], ""external_provenance"": [], ""scryfall_cardmarket_id"": 716069, ""stored_ids"": [716069], ""validated_stored_ids"": [716069]}",,,,
12885,magic,Witch-king of Angmar,311,ltr,The Lord of the Rings: Tales of Middle-earth,en,Showcase,mythic,nonfoil,Showcase,113,scryfall_oracle:2eb1b429-8d11-42f3-8815-5a60b6a4e2d5,,,944f01f2-b736-42ff-a871-6b6e726b231b,716029,,716029,Witch-king of Angmar,5308,The Lord of the Rings: Tales of Middle-earth,,,mixed/unknown,5.77,15.97,18.31,18.01,19.19,7,21.1,12.5,18.28,20.99,Low,,EUR,EUR,,,,,"{""mapped_product_ids"": []}",AMBIGUOUS,Cardmarket bulk data does not prove finish/treatment,false,false,false,,,,,,,,NO_COMPARISON,,,,NO_COMPARISON,ambiguous_identity,,"{""ambiguity_reasons"": [""unproven_treatment""], ""external_provenance"": [], ""scryfall_cardmarket_id"": 716029, ""stored_ids"": [716029], ""validated_stored_ids"": [716029]}",,,,
12886,magic,Witch-king of Angmar,311,ltr,The Lord of the Rings: Tales of Middle-earth,en,Showcase,mythic,foil,Showcase,113,scryfall_oracle:2eb1b429-8d11-42f3-8815-5a60b6a4e2d5,,,944f01f2-b736-42ff-a871-6b6e726b231b,716029,,716029,Witch-king of Angmar,5308,The Lord of the Rings: Tales of Middle-earth,,,mixed/unknown,5.77,15.97,18.31,18.01,19.19,7,21.1,12.5,18.28,20.99,Foil Low,,EUR,EUR,,,,,"{""mapped_product_ids"": []}",AMBIGUOUS,Cardmarket bulk data does not prove finish/treatment,false,false,false,,,,,,,,NO_COMPARISON,,,,NO_COMPARISON,ambiguous_identity,,"{""ambiguity_reasons"": [""unproven_treatment""], ""external_provenance"": [], ""scryfall_cardmarket_id"": 716029, ""stored_ids"": [716029], ""validated_stored_ids"": [716029]}",,,,
12887,magic,"Gimli, Counter of Kills",312,ltr,The Lord of the Rings: Tales of Middle-earth,en,Showcase,uncommon,nonfoil,Showcase,381,scryfall_oracle:96ebcd8b-ae3c-47b0-b895-bfc9848713e5,,,b72c5bd1-cca1-4735-b4fc-7a5182fb8cd6,717754,,717754,"Gimli, Counter of Kills",5308,The Lord of the Rings: Tales of Middle-earth,,,mixed/unknown,0.02,0.09,0.09,0.1,0.12,0.02,0.32,0.25,0.27,0.24,Low,,EUR,EUR,,,,,"{""mapped_product_ids"": []}",AMBIGUOUS,Cardmarket bulk data does not prove finish/treatment,false,false,false,,,,,,,,NO_COMPARISON,,,,NO_COMPARISON,ambiguous_identity,,"{""ambiguity_reasons"": [""unproven_treatment""], ""external_provenance"": [], ""scryfall_cardmarket_id"": 717754, ""stored_ids"": [717754], ""validated_stored_ids"": [717754]}",,,,
12888,magic,"Gimli, Counter of Kills",312,ltr,The Lord of the Rings: Tales of Middle-earth,en,Showcase,uncommon,foil,Showcase,381,scryfall_oracle:96ebcd8b-ae3c-47b0-b895-bfc9848713e5,,,b72c5bd1-cca1-4735-b4fc-7a5182fb8cd6,717754,,717754,"Gimli, Counter of Kills",5308,The Lord of the Rings: Tales of Middle-earth,,,mixed/unknown,0.02,0.09,0.09,0.1,0.12,0.02,0.32,0.25,0.27,0.24,Foil Low,,EUR,EUR,,,,,"{""mapped_product_ids"": []}",AMBIGUOUS,Cardmarket bulk data does not prove finish/treatment,false,false,false,,,,,,,,NO_COMPARISON,,,,NO_COMPARISON,ambiguous_identity,,"{""ambiguity_reasons"": [""unproven_treatment""], ""external_provenance"": [], ""scryfall_cardmarket_id"": 717754, ""stored_ids"": [717754], ""validated_stored_ids"": [717754]}",,,,
12889,magic,"Legolas, Master Archer",313,ltr,The Lord of the Rings: Tales of Middle-earth,en,Showcase,rare,nonfoil,Showcase,232,scryfall_oracle:5e99497f-7c73-49ae-88b3-78d5d74ba9ea,,,84cea85e-dfcc-438e-8b24-4b2e251b86dc,716051,,716051,"Legolas, Master Archer",5308,The Lord of the Rings: Tales of Middle-earth,,,mixed/unknown,0.15,0.77,0.39,0.63,0.89,0.2,1.94,0.79,1.1,1.26,Low,,EUR,EUR,,,,,"{""mapped_product_ids"": []}",AMBIGUOUS,Cardmarket bulk data does not prove finish/treatment,false,false,false,,,,,,,,NO_COMPARISON,,,,NO_COMPARISON,ambiguous_identity,,"{""ambiguity_reasons"": [""unproven_treatment""], ""external_provenance"": [], ""scryfall_cardmarket_id"": 716051, ""stored_ids"": [716051], ""validated_stored_ids"": [716051]}",,,,
12890,magic,"Legolas, Master Archer",313,ltr,The Lord of the Rings: Tales of Middle-earth,en,Showcase,rare,foil,Showcase,232,scryfall_oracle:5e99497f-7c73-49ae-88b3-78d5d74ba9ea,,,84cea85e-dfcc-438e-8b24-4b2e251b86dc,716051,,716051,"Legolas, Master Archer",5308,The Lord of the Rings: Tales of Middle-earth,,,mixed/unknown,0.15,0.77,0.39,0.63,0.89,0.2,1.94,0.79,1.1,1.26,Foil Low,,EUR,EUR,,,,,"{""mapped_product_ids"": []}",AMBIGUOUS,Cardmarket bulk data does not prove finish/treatment,false,false,false,,,,,,,,NO_COMPARISON,,,,NO_COMPARISON,ambiguous_identity,,"{""ambiguity_reasons"": [""unproven_treatment""], ""external_provenance"": [], ""scryfall_cardmarket_id"": 716051, ""stored_ids"": [716051], ""validated_stored_ids"": [716051]}",,,,
12891,magic,Meriadoc Brandybuck,314,ltr,The Lord of the Rings: Tales of Middle-earth,en,Showcase,uncommon,nonfoil,Showcase,637,scryfall_oracle:fec6a4a7-4ded-4062-b99b-c1826dea7113,,,ff7cea33-4d46-450a-a54e-b8d70910eee8,716052,,716052,Meriadoc Brandybuck,5308,The Lord of the Rings: Tales of Middle-earth,,,mixed/unknown,0.02,0.05,0.11,0.07,0.1,0.02,0.21,0.1,0.2,0.26,Low,,EUR,EUR,,,,,"{""mapped_product_ids"": []}",AMBIGUOUS,Cardmarket bulk data does not prove finish/treatment,false,false,false,,,,,,,,NO_COMPARISON,,,,NO_COMPARISON,ambiguous_identity,,"{""ambiguity_reasons"": [""unproven_treatment""], ""external_provenance"": [], ""scryfall_cardmarket_id"": 716052, ""stored_ids"": [716052], ""validated_stored_ids"": [716052]}",,,,
12892,magic,Meriadoc Brandybuck,314,ltr,The Lord of the Rings: Tales of Middle-earth,en,Showcase,uncommon,foil,Showcase,637,scryfall_oracle:fec6a4a7-4ded-4062-b99b-c1826dea7113,,,ff7cea33-4d46-450a-a54e-b8d70910eee8,716052,,716052,Meriadoc Brandybuck,5308,The Lord of the Rings: Tales of Middle-earth,,,mixed/unknown,0.02,0.05,0.11,0.07,0.1,0.02,0.21,0.1,0.2,0.26,Foil Low,,EUR,EUR,,,,,"{""mapped_product_ids"": []}",AMBIGUOUS,Cardmarket bulk data does not prove finish/treatment,false,false,false,,,,,,,,NO_COMPARISON,,,,NO_COMPARISON,ambiguous_identity,,"{""ambiguity_reasons"": [""unproven_treatment""], ""external_provenance"": [], ""scryfall_cardmarket_id"": 716052, ""stored_ids"": [716052], ""validated_stored_ids"": [716052]}",,,,
12893,magic,Peregrin Took,315,ltr,The Lord of the Rings: Tales of Middle-earth,en,Showcase,uncommon,nonfoil,Showcase,61,scryfall_oracle:188da0ad-8524-4fb2-915e-1876dc9df89f,,,fbbdd288-83ec-4be9-b55f-17771fd5ecc4,716070,,716070,Peregrin Took,5308,The Lord of the Rings: Tales of Middle-earth,,,mixed/unknown,0.02,0.22,0.71,0.21,0.21,0.09,0.53,0.42,0.57,0.48,Low,,EUR,EUR,,,,,"{""mapped_product_ids"": []}",AMBIGUOUS,Cardmarket bulk data does not prove finish/treatment,false,false,false,,,,,,,,NO_COMPARISON,,,,NO_COMPARISON,ambiguous_identity,,"{""ambiguity_reasons"": [""unproven_treatment""], ""external_provenance"": [], ""scryfall_cardmarket_id"": 716070, ""stored_ids"": [716070], ""validated_stored_ids"": [716070]}",,,,
12894,magic,Peregrin Took,315,ltr,The Lord of the Rings: Tales of Middle-earth,en,Showcase,uncommon,foil,Showcase,61,scryfall_oracle:188da0ad-8524-4fb2-915e-1876dc9df89f,,,fbbdd288-83ec-4be9-b55f-17771fd5ecc4,716070,,716070,Peregrin Took,5308,The Lord of the Rings: Tales of Middle-earth,,,mixed/unknown,0.02,0.22,0.71,0.21,0.21,0.09,0.53,0.42,0.57,0.48,Foil Low,,EUR,EUR,,,,,"{""mapped_product_ids"": []}",AMBIGUOUS,Cardmarket bulk data does not prove finish/treatment,false,false,false,,,,,,,,NO_COMPARISON,,,,NO_COMPARISON,ambiguous_identity,,"{""ambiguity_reasons"": [""unproven_treatment""], ""external_provenance"": [], ""scryfall_cardmarket_id"": 716070, ""stored_ids"": [716070], ""validated_stored_ids"": [716070]}",,,,
12895,magic,"Aragorn, Company Leader",316,ltr,The Lord of the Rings: Tales of Middle-earth,en,Showcase,rare,nonfoil,Showcase,72,scryfall_oracle:1b841e8f-9484-4737-bd37-dfa11bd06883,,,142c3004-fe39-4ca3-bf14-f4af8b20fa80,717763,,717763,"Aragorn, Company Leader",5308,The Lord of the Rings: Tales of Middle-earth,,,mixed/unknown,0.19,0.95,0.61,0.9,0.84,0.26,1.22,1.3,1.51,1.25,Low,,EUR,EUR,,,,,"{""mapped_product_ids"": []}",AMBIGUOUS,Cardmarket bulk data does not prove finish/treatment,false,false,false,,,,,,,,NO_COMPARISON,,,,NO_COMPARISON,ambiguous_identity,,"{""ambiguity_reasons"": [""unproven_treatment""], ""external_provenance"": [], ""scryfall_cardmarket_id"": 717763, ""stored_ids"": [717763], ""validated_stored_ids"": [717763]}",,,,
12896,magic,"Aragorn, Company Leader",316,ltr,The Lord of the Rings: Tales of Middle-earth,en,Showcase,rare,foil,Showcase,72,scryfall_oracle:1b841e8f-9484-4737-bd37-dfa11bd06883,,,142c3004-fe39-4ca3-bf14-f4af8b20fa80,717763,,717763,"Aragorn, Company Leader",5308,The Lord of the Rings: Tales of Middle-earth,,,mixed/unknown,0.19,0.95,0.61,0.9,0.84,0.26,1.22,1.3,1.51,1.25,Foil Low,0.26,EUR,EUR,cardmarket,717763,high,2026-08-29T02:41:58+0200,"{""cardmarket_product_id"": 717763, ""history_id"": 348}",AMBIGUOUS,Cardmarket bulk data does not prove finish/treatment,false,false,false,,,,,,,,NO_COMPARISON,,,,NO_COMPARISON,ambiguous_identity,,"{""ambiguity_reasons"": [""unproven_treatment""], ""external_provenance"": [], ""scryfall_cardmarket_id"": 717763, ""stored_ids"": [717763], ""validated_stored_ids"": [717763]}",1,0.26,,
12897,magic,"Aragorn, the Uniter",317,ltr,The Lord of the Rings: Tales of Middle-earth,en,Showcase,mythic,nonfoil,Showcase,156,scryfall_oracle:3f31c423-d45c-4c3e-b7d4-ca125be0f92c,,,e287844c-a829-4f7f-8c4c-ab856e6815f6,716022,,716022,"Aragorn, the Uniter",5308,The Lord of the Rings: Tales of Middle-earth,,,mixed/unknown,2.75,13.44,10,10.96,9.54,4.45,15.12,4.45,14.84,15.52,Low,,EUR,EUR,,,,,"{""mapped_product_ids"": []}",AMBIGUOUS,Cardmarket bulk data does not prove finish/treatment,false,false,false,,,,,,,,NO_COMPARISON,,,,NO_COMPARISON,ambiguous_identity,,"{""ambiguity_reasons"": [""unproven_treatment""], ""external_provenance"": [], ""scryfall_cardmarket_id"": 716022, ""stored_ids"": [716022], ""validated_stored_ids"": [716022]}",,,,
12898,magic,"Aragorn, the Uniter",317,ltr,The Lord of the Rings: Tales of Middle-earth,en,Showcase,mythic,foil,Showcase,156,scryfall_oracle:3f31c423-d45c-4c3e-b7d4-ca125be0f92c,,,e287844c-a829-4f7f-8c4c-ab856e6815f6,716022,,716022,"Aragorn, the Uniter",5308,The Lord of the Rings: Tales of Middle-earth,,,mixed/unknown,2.75,13.44,10,10.96,9.54,4.45,15.12,4.45,14.84,15.52,Foil Low,4.45,EUR,EUR,cardmarket,716022,high,2026-08-29T02:41:58+0200,"{""cardmarket_product_id"": 716022, ""history_id"": 349}",AMBIGUOUS,Cardmarket bulk data does not prove finish/treatment,false,false,false,,,,,,,,NO_COMPARISON,,,,NO_COMPARISON,ambiguous_identity,,"{""ambiguity_reasons"": [""unproven_treatment""], ""external_provenance"": [], ""scryfall_cardmarket_id"": 716022, ""stored_ids"": [716022], ""validated_stored_ids"": [716022]}",1,4.45,,
12899,magic,"Elrond, Master of Healing",318,ltr,The Lord of the Rings: Tales of Middle-earth,en,Showcase,rare,nonfoil,Showcase,101,scryfall_oracle:28aefa3a-16d3-4207-bb8c-588b722a4041,,,476e2a30-4410-432d-9c8a-beaaa40220c1,717779,,717779,"Elrond, Master of Healing",5308,The Lord of the Rings: Tales of Middle-earth,,,mixed/unknown,0.12,0.94,0.72,0.69,0.69,0.24,1.18,1.13,1.06,1.02,Low,,EUR,EUR,,,,,"{""mapped_product_ids"": []}",AMBIGUOUS,Cardmarket bulk data does not prove finish/treatment,false,false,false,,,,,,,,NO_COMPARISON,,,,NO_COMPARISON,ambiguous_identity,,"{""ambiguity_reasons"": [""unproven_treatment""], ""external_provenance"": [], ""scryfall_cardmarket_id"": 717779, ""stored_ids"": [717779], ""validated_stored_ids"": [717779]}",,,,
12900,magic,"Elrond, Master of Healing",318,ltr,The Lord of the Rings: Tales of Middle-earth,en,Showcase,rare,foil,Showcase,101,scryfall_oracle:28aefa3a-16d3-4207-bb8c-588b722a4041,,,476e2a30-4410-432d-9c8a-beaaa40220c1,717779,,717779,"Elrond, Master of Healing",5308,The Lord of the Rings: Tales of Middle-earth,,,mixed/unknown,0.12,0.94,0.72,0.69,0.69,0.24,1.18,1.13,1.06,1.02,Foil Low,,EUR,EUR,,,,,"{""mapped_product_ids"": []}",AMBIGUOUS,Cardmarket bulk data does not prove finish/treatment,false,false,false,,,,,,,,NO_COMPARISON,,,,NO_COMPARISON,ambiguous_identity,,"{""ambiguity_reasons"": [""unproven_treatment""], ""external_provenance"": [], ""scryfall_cardmarket_id"": 717779, ""stored_ids"": [717779], ""validated_stored_ids"": [717779]}",,,,
12901,magic,"Faramir, Prince of Ithilien",319,ltr,The Lord of the Rings: Tales of Middle-earth,en,Showcase,rare,nonfoil,Showcase,345,scryfall_oracle:8a8c7c20-beb7-4352-99ea-7f64a30b9f52,,,2faf5eee-c378-4ddf-a172-c0a703757fff,717727,,717727,"Faramir, Prince of Ithilien",5308,The Lord of the Rings: Tales of Middle-earth,,,mixed/unknown,0.1,0.52,0.38,0.48,0.49,0.2,0.8,0.47,0.61,0.64,Low,,EUR,EUR,,,,,"{""mapped_product_ids"": []}",AMBIGUOUS,Cardmarket bulk data does not prove finish/treatment,false,false,false,,,,,,,,NO_COMPARISON,,,,NO_COMPARISON,ambiguous_identity,,"{""ambiguity_reasons"": [""unproven_treatment""], ""external_provenance"": [], ""scryfall_cardmarket_id"": 717727, ""stored_ids"": [717727], ""validated_stored_ids"": [717727]}",,,,
12902,magic,"Faramir, Prince of Ithilien",319,ltr,The Lord of the Rings: Tales of Middle-earth,en,Showcase,rare,foil,Showcase,345,scryfall_oracle:8a8c7c20-beb7-4352-99ea-7f64a30b9f52,,,2faf5eee-c378-4ddf-a172-c0a703757fff,717727,,717727,"Faramir, Prince of Ithilien",5308,The Lord of the Rings: Tales of Middle-earth,,,mixed/unknown,0.1,0.52,0.38,0.48,0.49,0.2,0.8,0.47,0.61,0.64,Foil Low,,EUR,EUR,,,,,"{""mapped_product_ids"": []}",AMBIGUOUS,Cardmarket bulk data does not prove finish/treatment,false,false,false,,,,,,,,NO_COMPARISON,,,,NO_COMPARISON,ambiguous_identity,,"{""ambiguity_reasons"": [""unproven_treatment""], ""external_provenance"": [], ""scryfall_cardmarket_id"": 717727, ""stored_ids"": [717727], ""validated_stored_ids"": [717727]}",,,,
12903,magic,Frodo Baggins,320,ltr,The Lord of the Rings: Tales of Middle-earth,en,Showcase,uncommon,nonfoil,Showcase,544,scryfall_oracle:d4dd6edf-1e9e-46fa-92b5-5df9aa0e4338,,,741a266c-b2e9-4981-93ef-843cea95ca76,716032,,716032,Frodo Baggins,5308,The Lord of the Rings: Tales of Middle-earth,,,mixed/unknown,0.02,0.11,0.15,0.1,0.13,0.02,0.2,0.19,0.25,0.33,Low,,EUR,EUR,,,,,"{""mapped_product_ids"": []}",AMBIGUOUS,Cardmarket bulk data does not prove finish/treatment,false,false,false,,,,,,,,NO_COMPARISON,,,,NO_COMPARISON,ambiguous_identity,,"{""ambiguity_reasons"": [""unproven_treatment""], ""external_provenance"": [], ""scryfall_cardmarket_id"": 716032, ""stored_ids"": [716032], ""validated_stored_ids"": [716032]}",,,,
12904,magic,Frodo Baggins,320,ltr,The Lord of the Rings: Tales of Middle-earth,en,Showcase,uncommon,foil,Showcase,544,scryfall_oracle:d4dd6edf-1e9e-46fa-92b5-5df9aa0e4338,,,741a266c-b2e9-4981-93ef-843cea95ca76,716032,,716032,Frodo Baggins,5308,The Lord of the Rings: Tales of Middle-earth,,,mixed/unknown,0.02,0.11,0.15,0.1,0.13,0.02,0.2,0.19,0.25,0.33,Foil Low,,EUR,EUR,,,,,"{""mapped_product_ids"": []}",AMBIGUOUS,Cardmarket bulk data does not prove finish/treatment,false,false,false,,,,,,,,NO_COMPARISON,,,,NO_COMPARISON,ambiguous_identity,,"{""ambiguity_reasons"": [""unproven_treatment""], ""external_provenance"": [], ""scryfall_cardmarket_id"": 716032, ""stored_ids"": [716032], ""validated_stored_ids"": [716032]}",,,,
12905,magic,Galadriel of Lothlórien,321,ltr,The Lord of the Rings: Tales of Middle-earth,en,Showcase,rare,nonfoil,Showcase,356,scryfall_oracle:8d3c9646-2b6b-4315-939d-5a920efc0a60,,,a971745b-5d5c-46bb-95ca-329b6ee7ed75,717753,,717753,Galadriel of Lothlórien,5308,The Lord of the Rings: Tales of Middle-earth,,,mixed/unknown,0.2,0.8,1.7,0.81,0.95,0.39,2.03,1.87,2.05,1.39,Low,,EUR,EUR,,,,,"{""mapped_product_ids"": []}",AMBIGUOUS,Cardmarket bulk data does not prove finish/treatment,false,false,false,,,,,,,,NO_COMPARISON,,,,NO_COMPARISON,ambiguous_identity,,"{""ambiguity_reasons"": [""unproven_treatment""], ""external_provenance"": [], ""scryfall_cardmarket_id"": 717753, ""stored_ids"": [717753], ""validated_stored_ids"": [717753]}",,,,
12906,magic,Galadriel of Lothlórien,321,ltr,The Lord of the Rings: Tales of Middle-earth,en,Showcase,rare,foil,Showcase,356,scryfall_oracle:8d3c9646-2b6b-4315-939d-5a920efc0a60,,,a971745b-5d5c-46bb-95ca-329b6ee7ed75,717753,,717753,Galadriel of Lothlórien,5308,The Lord of the Rings: Tales of Middle-earth,,,mixed/unknown,0.2,0.8,1.7,0.81,0.95,0.39,2.03,1.87,2.05,1.39,Foil Low,,EUR,EUR,,,,,"{""mapped_product_ids"": []}",AMBIGUOUS,Cardmarket bulk data does not prove finish/treatment,false,false,false,,,,,,,,NO_COMPARISON,,,,NO_COMPARISON,ambiguous_identity,,"{""ambiguity_reasons"": [""unproven_treatment""], ""external_provenance"": [], ""scryfall_cardmarket_id"": 717753, ""stored_ids"": [717753], ""validated_stored_ids"": [717753]}",,,,
12907,magic,Gandalf the Grey,322,ltr,The Lord of the Rings: Tales of Middle-earth,en,Showcase,rare,nonfoil,Showcase,570,scryfall_oracle:dfd12e3c-2b2a-4461-a08d-09d4e6c4626e,,,d0ff7dea-1ed2-4987-b42a-6d1d8c493f5a,701684,,701684,Gandalf the Grey,5308,The Lord of the Rings: Tales of Middle-earth,,,mixed/unknown,0.04,0.39,0.38,0.37,0.4,0.2,0.47,0.45,0.71,0.93,Low,,EUR,EUR,,,,,"{""mapped_product_ids"": []}",AMBIGUOUS,Cardmarket bulk data does not prove finish/treatment,false,false,false,,,,,,,,NO_COMPARISON,,,,NO_COMPARISON,ambiguous_identity,,"{""ambiguity_reasons"": [""unproven_treatment""], ""external_provenance"": [], ""scryfall_cardmarket_id"": 701684, ""stored_ids"": [701684], ""validated_stored_ids"": [701684]}",,,,
12908,magic,Gandalf the Grey,322,ltr,The Lord of the Rings: Tales of Middle-earth,en,Showcase,rare,foil,Showcase,570,scryfall_oracle:dfd12e3c-2b2a-4461-a08d-09d4e6c4626e,,,d0ff7dea-1ed2-4987-b42a-6d1d8c493f5a,701684,,701684,Gandalf the Grey,5308,The Lord of the Rings: Tales of Middle-earth,,,mixed/unknown,0.04,0.39,0.38,0.37,0.4,0.2,0.47,0.45,0.71,0.93,Foil Low,,EUR,EUR,,,,,"{""mapped_product_ids"": []}",AMBIGUOUS,Cardmarket bulk data does not prove finish/treatment,false,false,false,,,,,,,,NO_COMPARISON,,,,NO_COMPARISON,ambiguous_identity,,"{""ambiguity_reasons"": [""unproven_treatment""], ""external_provenance"": [], ""scryfall_cardmarket_id"": 701684, ""stored_ids"": [701684], ""validated_stored_ids"": [701684]}",,,,
12909,magic,"Gimli, Mournful Avenger",323,ltr,The Lord of the Rings: Tales of Middle-earth,en,Showcase,rare,nonfoil,Showcase,406,scryfall_oracle:9f3941d8-b4d2-4faf-881a-f15973b4368d,,,72778dc1-0d93-4ba8-a194-51df78d4beba,716038,,716038,"Gimli, Mournful Avenger",5308,The Lord of the Rings: Tales of Middle-earth,,,mixed/unknown,0.05,0.59,0.59,0.58,0.69,0.28,1.48,1.42,1.16,0.97,Low,,EUR,EUR,,,,,"{""mapped_product_ids"": []}",AMBIGUOUS,Cardmarket bulk data does not prove finish/treatment,false,false,false,,,,,,,,NO_COMPARISON,,,,NO_COMPARISON,ambiguous_identity,,"{""ambiguity_reasons"": [""unproven_treatment""], ""external_provenance"": [], ""scryfall_cardmarket_id"": 716038, ""stored_ids"": [716038], ""validated_stored_ids"": [716038]}",,,,
12910,magic,"Gimli, Mournful Avenger",323,ltr,The Lord of the Rings: Tales of Middle-earth,en,Showcase,rare,foil,Showcase,406,scryfall_oracle:9f3941d8-b4d2-4faf-881a-f15973b4368d,,,72778dc1-0d93-4ba8-a194-51df78d4beba,716038,,716038,"Gimli, Mournful Avenger",5308,The Lord of the Rings: Tales of Middle-earth,,,mixed/unknown,0.05,0.59,0.59,0.58,0.69,0.28,1.48,1.42,1.16,0.97,Foil Low,,EUR,EUR,,,,,"{""mapped_product_ids"": []}",AMBIGUOUS,Cardmarket bulk data does not prove finish/treatment,false,false,false,,,,,,,,NO_COMPARISON,,,,NO_COMPARISON,ambiguous_identity,,"{""ambiguity_reasons"": [""unproven_treatment""], ""external_provenance"": [], ""scryfall_cardmarket_id"": 716038, ""stored_ids"": [716038], ""validated_stored_ids"": [716038]}",,,,
12911,magic,"Legolas, Counter of Kills",324,ltr,The Lord of the Rings: Tales of Middle-earth,en,Showcase,uncommon,nonfoil,Showcase,564,scryfall_oracle:ddc12487-f577-4def-acdb-491f7ba6dc51,,,30fe0cb4-71f0-4acb-af1a-a48775826487,717764,,717764,"Legolas, Counter of Kills",5308,The Lord of the Rings: Tales of Middle-earth,,,mixed/unknown,0.02,0.08,0.08,0.09,0.11,0.03,0.37,0.75,0.28,0.28,Low,,EUR,EUR,,,,,"{""mapped_product_ids"": []}",AMBIGUOUS,Cardmarket bulk data does not prove finish/treatment,false,false,false,,,,,,,,NO_COMPARISON,,,,NO_COMPARISON,ambiguous_identity,,"{""ambiguity_reasons"": [""unproven_treatment""], ""external_provenance"": [], ""scryfall_cardmarket_id"": 717764, ""stored_ids"": [717764], ""validated_stored_ids"": [717764]}",,,,
12912,magic,"Legolas, Counter of Kills",324,ltr,The Lord of the Rings: Tales of Middle-earth,en,Showcase,uncommon,foil,Showcase,564,scryfall_oracle:ddc12487-f577-4def-acdb-491f7ba6dc51,,,30fe0cb4-71f0-4acb-af1a-a48775826487,717764,,717764,"Legolas, Counter of Kills",5308,The Lord of the Rings: Tales of Middle-earth,,,mixed/unknown,0.02,0.08,0.08,0.09,0.11,0.03,0.37,0.75,0.28,0.28,Foil Low,,EUR,EUR,,,,,"{""mapped_product_ids"": []}",AMBIGUOUS,Cardmarket bulk data does not prove finish/treatment,false,false,false,,,,,,,,NO_COMPARISON,,,,NO_COMPARISON,ambiguous_identity,,"{""ambiguity_reasons"": [""unproven_treatment""], ""external_provenance"": [], ""scryfall_cardmarket_id"": 717764, ""stored_ids"": [717764], ""validated_stored_ids"": [717764]}",,,,
12913,magic,"Merry, Esquire of Rohan",325,ltr,The Lord of the Rings: Tales of Middle-earth,en,Showcase,rare,nonfoil,Showcase,197,scryfall_oracle:4dce1f49-ddad-4748-893a-e10d831ee7d7,,,d9d21bce-a381-4c5d-9e0f-b2cdc96a20b6,716061,,716061,"Merry, Esquire of Rohan",5308,The Lord of the Rings: Tales of Middle-earth,,,mixed/unknown,0.1,1.01,1.18,0.92,0.85,0.3,1.91,1.48,1.77,1.67,Low,,EUR,EUR,,,,,"{""mapped_product_ids"": []}",AMBIGUOUS,Cardmarket bulk data does not prove finish/treatment,false,false,false,,,,,,,,NO_COMPARISON,,,,NO_COMPARISON,ambiguous_identity,,"{""ambiguity_reasons"": [""unproven_treatment""], ""external_provenance"": [], ""scryfall_cardmarket_id"": 716061, ""stored_ids"": [716061], ""validated_stored_ids"": [716061]}",,,,
12914,magic,"Merry, Esquire of Rohan",325,ltr,The Lord of the Rings: Tales of Middle-earth,en,Showcase,rare,foil,Showcase,197,scryfall_oracle:4dce1f49-ddad-4748-893a-e10d831ee7d7,,,d9d21bce-a381-4c5d-9e0f-b2cdc96a20b6,716061,,716061,"Merry, Esquire of Rohan",5308,The Lord of the Rings: Tales of Middle-earth,,,mixed/unknown,0.1,1.01,1.18,0.92,0.85,0.3,1.91,1.48,1.77,1.67,Foil Low,,EUR,EUR,,,,,"{""mapped_product_ids"": []}",AMBIGUOUS,Cardmarket bulk data does not prove finish/treatment,false,false,false,,,,,,,,NO_COMPARISON,,,,NO_COMPARISON,ambiguous_identity,,"{""ambiguity_reasons"": [""unproven_treatment""], ""external_provenance"": [], ""scryfall_cardmarket_id"": 716061, ""stored_ids"": [716061], ""validated_stored_ids"": [716061]}",,,,
12915,magic,"Pippin, Guard of the Citadel",326,ltr,The Lord of the Rings: Tales of Middle-earth,en,Showcase,rare,nonfoil,Showcase,93,scryfall_oracle:25afddd2-6e48-4742-b34e-e3b5def7c0fd,,,25630509-c9ba-4faf-b154-32be8649d9fa,716062,,716062,"Pippin, Guard of the Citadel",5308,The Lord of the Rings: Tales of Middle-earth,,,mixed/unknown,0.33,1.39,0.89,1.03,1.14,0.39,2.09,1.31,2.03,1.99,Low,,EUR,EUR,,,,,"{""mapped_product_ids"": []}",AMBIGUOUS,Cardmarket bulk data does not prove finish/treatment,false,false,false,,,,,,,,NO_COMPARISON,,,,NO_COMPARISON,ambiguous_identity,,"{""ambiguity_reasons"": [""unproven_treatment""], ""external_provenance"": [], ""scryfall_cardmarket_id"": 716062, ""stored_ids"": [716062], ""validated_stored_ids"": [716062]}",,,,
12916,magic,"Pippin, Guard of the Citadel",326,ltr,The Lord of the Rings: Tales of Middle-earth,en,Showcase,rare,foil,Showcase,93,scryfall_oracle:25afddd2-6e48-4742-b34e-e3b5def7c0fd,,,25630509-c9ba-4faf-b154-32be8649d9fa,716062,,716062,"Pippin, Guard of the Citadel",5308,The Lord of the Rings: Tales of Middle-earth,,,mixed/unknown,0.33,1.39,0.89,1.03,1.14,0.39,2.09,1.31,2.03,1.99,Foil Low,,EUR,EUR,,,,,"{""mapped_product_ids"": []}",AMBIGUOUS,Cardmarket bulk data does not prove finish/treatment,false,false,false,,,,,,,,NO_COMPARISON,,,,NO_COMPARISON,ambiguous_identity,,"{""ambiguity_reasons"": [""unproven_treatment""], ""external_provenance"": [], ""scryfall_cardmarket_id"": 716062, ""stored_ids"": [716062], ""validated_stored_ids"": [716062]}",,,,
12917,magic,Samwise Gamgee,327,ltr,The Lord of the Rings: Tales of Middle-earth,en,Showcase,rare,nonfoil,Showcase,309,scryfall_oracle:7ce37c26-91ea-493f-bfc3-a890d4538bc1,,,cd3ecb73-2720-4c1c-8f67-78983f16e584,716026,,716026,Samwise Gamgee,5308,The Lord of the Rings: Tales of Middle-earth,,,mixed/unknown,0.35,1.49,1.52,1.51,1.63,0.8,2.11,3.39,1.73,1.95,Low,,EUR,EUR,,,,,"{""mapped_product_ids"": []}",AMBIGUOUS,Cardmarket bulk data does not prove finish/treatment,false,false,false,,,,,,,,NO_COMPARISON,,,,NO_COMPARISON,ambiguous_identity,,"{""ambiguity_reasons"": [""unproven_treatment""], ""external_provenance"": [], ""scryfall_cardmarket_id"": 716026, ""stored_ids"": [716026], ""validated_stored_ids"": [716026]}",,,,
12918,magic,Samwise Gamgee,327,ltr,The Lord of the Rings: Tales of Middle-earth,en,Showcase,rare,foil,Showcase,309,scryfall_oracle:7ce37c26-91ea-493f-bfc3-a890d4538bc1,,,cd3ecb73-2720-4c1c-8f67-78983f16e584,716026,,716026,Samwise Gamgee,5308,The Lord of the Rings: Tales of Middle-earth,,,mixed/unknown,0.35,1.49,1.52,1.51,1.63,0.8,2.11,3.39,1.73,1.95,Foil Low,,EUR,EUR,,,,,"{""mapped_product_ids"": []}",AMBIGUOUS,Cardmarket bulk data does not prove finish/treatment,false,false,false,,,,,,,,NO_COMPARISON,,,,NO_COMPARISON,ambiguous_identity,,"{""ambiguity_reasons"": [""unproven_treatment""], ""external_provenance"": [], ""scryfall_cardmarket_id"": 716026, ""stored_ids"": [716026], ""validated_stored_ids"": [716026]}",,,,
12919,magic,Saruman of Many Colors,328,ltr,The Lord of the Rings: Tales of Middle-earth,en,Showcase,mythic,nonfoil,Showcase,499,scryfall_oracle:c2d04138-cc17-4dd0-9a4c-9c87df72ed01,,,018238ae-b740-4185-8747-b68f6d1e7989,716077,,716077,Saruman of Many Colors,5308,The Lord of the Rings: Tales of Middle-earth,,,mixed/unknown,1,3.09,2.49,3.78,2.6,1.9,6.26,7.69,6.78,4.83,Low,,EUR,EUR,,,,,"{""mapped_product_ids"": []}",AMBIGUOUS,Cardmarket bulk data does not prove finish/treatment,false,false,false,,,,,,,,NO_COMPARISON,,,,NO_COMPARISON,ambiguous_identity,,"{""ambiguity_reasons"": [""unproven_treatment""], ""external_provenance"": [], ""scryfall_cardmarket_id"": 716077, ""stored_ids"": [716077], ""validated_stored_ids"": [716077]}",,,,
12920,magic,Saruman of Many Colors,328,ltr,The Lord of the Rings: Tales of Middle-earth,en,Showcase,mythic,foil,Showcase,499,scryfall_oracle:c2d04138-cc17-4dd0-9a4c-9c87df72ed01,,,018238ae-b740-4185-8747-b68f6d1e7989,716077,,716077,Saruman of Many Colors,5308,The Lord of the Rings: Tales of Middle-earth,,,mixed/unknown,1,3.09,2.49,3.78,2.6,1.9,6.26,7.69,6.78,4.83,Foil Low,,EUR,EUR,,,,,"{""mapped_product_ids"": []}",AMBIGUOUS,Cardmarket bulk data does not prove finish/treatment,false,false,false,,,,,,,,NO_COMPARISON,,,,NO_COMPARISON,ambiguous_identity,,"{""ambiguity_reasons"": [""unproven_treatment""], ""external_provenance"": [], ""scryfall_cardmarket_id"": 716077, ""stored_ids"": [716077], ""validated_stored_ids"": [716077]}",,,,
12921,magic,"Sauron, the Dark Lord",329,ltr,The Lord of the Rings: Tales of Middle-earth,en,Showcase,mythic,nonfoil,Showcase,407,scryfall_oracle:9f8f29ba-7e64-455d-be05-ec7973f2bd0a,,,b83261ba-c239-4b6a-88eb-bdfc411916b3,716072,,716072,"Sauron, the Dark Lord",5308,The Lord of the Rings: Tales of Middle-earth,,,mixed/unknown,7.99,18.26,18.26,17.33,15.71,9,23.4,22.43,22.31,21.35,Low,,EUR,EUR,,,,,"{""mapped_product_ids"": []}",AMBIGUOUS,Cardmarket bulk data does not prove finish/treatment,false,false,false,,,,,,,,NO_COMPARISON,,,,NO_COMPARISON,ambiguous_identity,,"{""ambiguity_reasons"": [""unproven_treatment""], ""external_provenance"": [], ""scryfall_cardmarket_id"": 716072, ""stored_ids"": [716072], ""validated_stored_ids"": [716072]}",,,,
12922,magic,"Sauron, the Dark Lord",329,ltr,The Lord of the Rings: Tales of Middle-earth,en,Showcase,mythic,foil,Showcase,407,scryfall_oracle:9f8f29ba-7e64-455d-be05-ec7973f2bd0a,,,b83261ba-c239-4b6a-88eb-bdfc411916b3,716072,,716072,"Sauron, the Dark Lord",5308,The Lord of the Rings: Tales of Middle-earth,,,mixed/unknown,7.99,18.26,18.26,17.33,15.71,9,23.4,22.43,22.31,21.35,Foil Low,,EUR,EUR,,,,,"{""mapped_product_ids"": []}",AMBIGUOUS,Cardmarket bulk data does not prove finish/treatment,false,false,false,,,,,,,,NO_COMPARISON,,,,NO_COMPARISON,ambiguous_identity,,"{""ambiguity_reasons"": [""unproven_treatment""], ""external_provenance"": [], ""scryfall_cardmarket_id"": 716072, ""stored_ids"": [716072], ""validated_stored_ids"": [716072]}",,,,
12923,magic,"Sméagol, Helpful Guide",330,ltr,The Lord of the Rings: Tales of Middle-earth,en,Showcase,rare,nonfoil,Showcase,270,scryfall_oracle:6b974499-bf1c-4e5b-a72c-c72220f4e591,,,b3ebf3a3-3dd1-48e0-ad84-c3295de2e032,717775,,717775,"Sméagol, Helpful Guide",5308,The Lord of the Rings: Tales of Middle-earth,,,mixed/unknown,0.05,0.52,0.87,0.56,0.51,0.35,1.35,0.62,0.82,1.06,Low,,EUR,EUR,,,,,"{""mapped_product_ids"": []}",AMBIGUOUS,Cardmarket bulk data does not prove finish/treatment,false,false,false,,,,,,,,NO_COMPARISON,,,,NO_COMPARISON,ambiguous_identity,,"{""ambiguity_reasons"": [""unproven_treatment""], ""external_provenance"": [], ""scryfall_cardmarket_id"": 717775, ""stored_ids"": [717775], ""validated_stored_ids"": [717775]}",,,,
12924,magic,"Sméagol, Helpful Guide",330,ltr,The Lord of the Rings: Tales of Middle-earth,en,Showcase,rare,foil,Showcase,270,scryfall_oracle:6b974499-bf1c-4e5b-a72c-c72220f4e591,,,b3ebf3a3-3dd1-48e0-ad84-c3295de2e032,717775,,717775,"Sméagol, Helpful Guide",5308,The Lord of the Rings: Tales of Middle-earth,,,mixed/unknown,0.05,0.52,0.87,0.56,0.51,0.35,1.35,0.62,0.82,1.06,Foil Low,,EUR,EUR,,,,,"{""mapped_product_ids"": []}",AMBIGUOUS,Cardmarket bulk data does not prove finish/treatment,false,false,false,,,,,,,,NO_COMPARISON,,,,NO_COMPARISON,ambiguous_identity,,"{""ambiguity_reasons"": [""unproven_treatment""], ""external_provenance"": [], ""scryfall_cardmarket_id"": 717775, ""stored_ids"": [717775], ""validated_stored_ids"": [717775]}",,,,
12925,magic,Tom Bombadil,331,ltr,The Lord of the Rings: Tales of Middle-earth,en,Showcase,mythic,nonfoil,Showcase,342,scryfall_oracle:89a2d5bc-df06-47e8-8b4a-6d1f0a63c78d,,,3c7ce623-bcf8-4d42-8a88-450bea7d7529,701768,,701768,Tom Bombadil,5308,The Lord of the Rings: Tales of Middle-earth,,,mixed/unknown,0.99,3.39,4,3.56,3.47,1.51,6.38,5.99,5.32,6.1,Low,,EUR,EUR,,,,,"{""mapped_product_ids"": []}",AMBIGUOUS,Cardmarket bulk data does not prove finish/treatment,false,false,false,,,,,,,,NO_COMPARISON,,,,NO_COMPARISON,ambiguous_identity,,"{""ambiguity_reasons"": [""unproven_treatment""], ""external_provenance"": [], ""scryfall_cardmarket_id"": 701768, ""stored_ids"": [701768], ""validated_stored_ids"": [701768]}",,,,
12926,magic,Tom Bombadil,331,ltr,The Lord of the Rings: Tales of Middle-earth,en,Showcase,mythic,foil,Showcase,342,scryfall_oracle:89a2d5bc-df06-47e8-8b4a-6d1f0a63c78d,,,3c7ce623-bcf8-4d42-8a88-450bea7d7529,701768,,701768,Tom Bombadil,5308,The Lord of the Rings: Tales of Middle-earth,,,mixed/unknown,0.99,3.39,4,3.56,3.47,1.51,6.38,5.99,5.32,6.1,Foil Low,,EUR,EUR,,,,,"{""mapped_product_ids"": []}",AMBIGUOUS,Cardmarket bulk data does not prove finish/treatment,false,false,false,,,,,,,,NO_COMPARISON,,,,NO_COMPARISON,ambiguous_identity,,"{""ambiguity_reasons"": [""unproven_treatment""], ""external_provenance"": [], ""scryfall_cardmarket_id"": 701768, ""stored_ids"": [701768], ""validated_stored_ids"": [701768]}",,,,
12943,magic,Barad-dûr,340,ltr,The Lord of the Rings: Tales of Middle-earth,en,Borderless,rare,nonfoil,Borderless,336,scryfall_oracle:88159872-d37d-4847-b048-e4a9af6437bd,,,b0b2b1ca-c05d-443a-af59-e608ffa251bf,716068,,716068,Barad-dûr,5308,The Lord of the Rings: Tales of Middle-earth,,,mixed/unknown,0.51,2.34,2.34,2.56,2.16,1.25,2.81,2.5,3.1,3.25,Low,,EUR,EUR,,,,,"{""mapped_product_ids"": []}",AMBIGUOUS,Cardmarket bulk data does not prove finish/treatment,false,false,false,,,,,,,,NO_COMPARISON,,,,NO_COMPARISON,ambiguous_identity,,"{""ambiguity_reasons"": [""unproven_treatment""], ""external_provenance"": [], ""scryfall_cardmarket_id"": 716068, ""stored_ids"": [716068], ""validated_stored_ids"": [716068]}",,,,
12944,magic,Barad-dûr,340,ltr,The Lord of the Rings: Tales of Middle-earth,en,Borderless,rare,foil,Borderless,336,scryfall_oracle:88159872-d37d-4847-b048-e4a9af6437bd,,,b0b2b1ca-c05d-443a-af59-e608ffa251bf,716068,,716068,Barad-dûr,5308,The Lord of the Rings: Tales of Middle-earth,,,mixed/unknown,0.51,2.34,2.34,2.56,2.16,1.25,2.81,2.5,3.1,3.25,Foil Low,,EUR,EUR,,,,,"{""mapped_product_ids"": []}",AMBIGUOUS,Cardmarket bulk data does not prove finish/treatment,false,false,false,,,,,,,,NO_COMPARISON,,,,NO_COMPARISON,ambiguous_identity,,"{""ambiguity_reasons"": [""unproven_treatment""], ""external_provenance"": [], ""scryfall_cardmarket_id"": 716068, ""stored_ids"": [716068], ""validated_stored_ids"": [716068]}",,,,
12945,magic,Minas Tirith,341,ltr,The Lord of the Rings: Tales of Middle-earth,en,Borderless,rare,nonfoil,Borderless,304,scryfall_oracle:7b0d7e62-0287-454a-8702-b0bfa7b41245,,,82e8a91c-74ee-411b-9d74-4e72df24258b,716079,,716079,Minas Tirith,5308,The Lord of the Rings: Tales of Middle-earth,,,mixed/unknown,3.5,7.3,8.08,7.15,6.82,3.5,10.3,8.46,9.57,8.97,Low,,EUR,EUR,,,,,"{""mapped_product_ids"": []}",AMBIGUOUS,Cardmarket bulk data does not prove finish/treatment,false,false,false,,,,,,,,NO_COMPARISON,,,,NO_COMPARISON,ambiguous_identity,,"{""ambiguity_reasons"": [""unproven_treatment""], ""external_provenance"": [], ""scryfall_cardmarket_id"": 716079, ""stored_ids"": [716079], ""validated_stored_ids"": [716079]}",,,,
12946,magic,Minas Tirith,341,ltr,The Lord of the Rings: Tales of Middle-earth,en,Borderless,rare,foil,Borderless,304,scryfall_oracle:7b0d7e62-0287-454a-8702-b0bfa7b41245,,,82e8a91c-74ee-411b-9d74-4e72df24258b,716079,,716079,Minas Tirith,5308,The Lord of the Rings: Tales of Middle-earth,,,mixed/unknown,3.5,7.3,8.08,7.15,6.82,3.5,10.3,8.46,9.57,8.97,Foil Low,,EUR,EUR,,,,,"{""mapped_product_ids"": []}",AMBIGUOUS,Cardmarket bulk data does not prove finish/treatment,false,false,false,,,,,,,,NO_COMPARISON,,,,NO_COMPARISON,ambiguous_identity,,"{""ambiguity_reasons"": [""unproven_treatment""], ""external_provenance"": [], ""scryfall_cardmarket_id"": 716079, ""stored_ids"": [716079], ""validated_stored_ids"": [716079]}",,,,
12947,magic,Mines of Moria,342,ltr,The Lord of the Rings: Tales of Middle-earth,en,Borderless,rare,nonfoil,Borderless,218,scryfall_oracle:583cdebe-0195-45be-bd2e-5765f07cb902,,,1d6cbb58-8c82-49b5-ae9c-f3baaa8bcc22,717760,,717760,Mines of Moria,5308,The Lord of the Rings: Tales of Middle-earth,,,mixed/unknown,0.35,1.72,1.87,1.63,1.5,0.37,3.54,2.19,2.55,2.22,Low,,EUR,EUR,,,,,"{""mapped_product_ids"": []}",AMBIGUOUS,Cardmarket bulk data does not prove finish/treatment,false,false,false,,,,,,,,NO_COMPARISON,,,,NO_COMPARISON,ambiguous_identity,,"{""ambiguity_reasons"": [""unproven_treatment""], ""external_provenance"": [], ""scryfall_cardmarket_id"": 717760, ""stored_ids"": [717760], ""validated_stored_ids"": [717760]}",,,,
12948,magic,Mines of Moria,342,ltr,The Lord of the Rings: Tales of Middle-earth,en,Borderless,rare,foil,Borderless,218,scryfall_oracle:583cdebe-0195-45be-bd2e-5765f07cb902,,,1d6cbb58-8c82-49b5-ae9c-f3baaa8bcc22,717760,,717760,Mines of Moria,5308,The Lord of the Rings: Tales of Middle-earth,,,mixed/unknown,0.35,1.72,1.87,1.63,1.5,0.37,3.54,2.19,2.55,2.22,Foil Low,,EUR,EUR,,,,,"{""mapped_product_ids"": []}",AMBIGUOUS,Cardmarket bulk data does not prove finish/treatment,false,false,false,,,,,,,,NO_COMPARISON,,,,NO_COMPARISON,ambiguous_identity,,"{""ambiguity_reasons"": [""unproven_treatment""], ""external_provenance"": [], ""scryfall_cardmarket_id"": 717760, ""stored_ids"": [717760], ""validated_stored_ids"": [717760]}",,,,
12949,magic,Mount Doom,343,ltr,The Lord of the Rings: Tales of Middle-earth,en,Borderless,mythic,nonfoil,Borderless,388,scryfall_oracle:995c8dac-fd27-468a-abd4-02372cf0c850,,,e9a087f9-57c3-4743-b03b-7bfd2b86eefd,701769,,701769,Mount Doom,5308,The Lord of the Rings: Tales of Middle-earth,,,mixed/unknown,4.99,8.18,7,7.54,7.54,9.39,12.46,14.35,13.43,12.22,Low,,EUR,EUR,,,,,"{""mapped_product_ids"": []}",AMBIGUOUS,Cardmarket bulk data does not prove finish/treatment,false,false,false,,,,,,,,NO_COMPARISON,,,,NO_COMPARISON,ambiguous_identity,,"{""ambiguity_reasons"": [""unproven_treatment""], ""external_provenance"": [], ""scryfall_cardmarket_id"": 701769, ""stored_ids"": [701769], ""validated_stored_ids"": [701769]}",,,,
12950,magic,Mount Doom,343,ltr,The Lord of the Rings: Tales of Middle-earth,en,Borderless,mythic,foil,Borderless,388,scryfall_oracle:995c8dac-fd27-468a-abd4-02372cf0c850,,,e9a087f9-57c3-4743-b03b-7bfd2b86eefd,701769,,701769,Mount Doom,5308,The Lord of the Rings: Tales of Middle-earth,,,mixed/unknown,4.99,8.18,7,7.54,7.54,9.39,12.46,14.35,13.43,12.22,Foil Low,,EUR,EUR,,,,,"{""mapped_product_ids"": []}",AMBIGUOUS,Cardmarket bulk data does not prove finish/treatment,false,false,false,,,,,,,,NO_COMPARISON,,,,NO_COMPARISON,ambiguous_identity,,"{""ambiguity_reasons"": [""unproven_treatment""], ""external_provenance"": [], ""scryfall_cardmarket_id"": 701769, ""stored_ids"": [701769], ""validated_stored_ids"": [701769]}",,,,
12951,magic,Rivendell,344,ltr,The Lord of the Rings: Tales of Middle-earth,en,Borderless,rare,nonfoil,Borderless,91,scryfall_oracle:2550099d-b3e2-4eb6-9f36-0fc412828ca6,,,650fa2f4-2916-427c-a0f9-37e2dbe8e1fc,717770,,717770,Rivendell,5308,The Lord of the Rings: Tales of Middle-earth,,,mixed/unknown,0.39,2.09,5.47,2,1.61,0.49,2.59,2.98,2.73,2.46,Low,,EUR,EUR,,,,,"{""mapped_product_ids"": []}",AMBIGUOUS,Cardmarket bulk data does not prove finish/treatment,false,false,false,,,,,,,,NO_COMPARISON,,,,NO_COMPARISON,ambiguous_identity,,"{""ambiguity_reasons"": [""unproven_treatment""], ""external_provenance"": [], ""scryfall_cardmarket_id"": 717770, ""stored_ids"": [717770], ""validated_stored_ids"": [717770]}",,,,
12952,magic,Rivendell,344,ltr,The Lord of the Rings: Tales of Middle-earth,en,Borderless,rare,foil,Borderless,91,scryfall_oracle:2550099d-b3e2-4eb6-9f36-0fc412828ca6,,,650fa2f4-2916-427c-a0f9-37e2dbe8e1fc,717770,,717770,Rivendell,5308,The Lord of the Rings: Tales of Middle-earth,,,mixed/unknown,0.39,2.09,5.47,2,1.61,0.49,2.59,2.98,2.73,2.46,Foil Low,,EUR,EUR,,,,,"{""mapped_product_ids"": []}",AMBIGUOUS,Cardmarket bulk data does not prove finish/treatment,false,false,false,,,,,,,,NO_COMPARISON,,,,NO_COMPARISON,ambiguous_identity,,"{""ambiguity_reasons"": [""unproven_treatment""], ""external_provenance"": [], ""scryfall_cardmarket_id"": 717770, ""stored_ids"": [717770], ""validated_stored_ids"": [717770]}",,,,
12953,magic,The Shire,345,ltr,The Lord of the Rings: Tales of Middle-earth,en,Borderless,rare,nonfoil,Borderless,393,scryfall_oracle:9abf9a0e-8e7d-406b-a01d-d4870b30134e,,,248ed7a6-982a-4ff4-ba9b-3c1f47e7605c,701770,,701770,The Shire,5308,The Lord of the Rings: Tales of Middle-earth,,,mixed/unknown,0.49,2.06,2.29,1.99,1.91,0.89,2.89,2.25,3.67,3.03,Low,,EUR,EUR,,,,,"{""mapped_product_ids"": []}",AMBIGUOUS,Cardmarket bulk data does not prove finish/treatment,false,false,false,,,,,,,,NO_COMPARISON,,,,NO_COMPARISON,ambiguous_identity,,"{""ambiguity_reasons"": [""unproven_treatment""], ""external_provenance"": [], ""scryfall_cardmarket_id"": 701770, ""stored_ids"": [701770], ""validated_stored_ids"": [701770]}",,,,
12954,magic,The Shire,345,ltr,The Lord of the Rings: Tales of Middle-earth,en,Borderless,rare,foil,Borderless,393,scryfall_oracle:9abf9a0e-8e7d-406b-a01d-d4870b30134e,,,248ed7a6-982a-4ff4-ba9b-3c1f47e7605c,701770,,701770,The Shire,5308,The Lord of the Rings: Tales of Middle-earth,,,mixed/unknown,0.49,2.06,2.29,1.99,1.91,0.89,2.89,2.25,3.67,3.03,Foil Low,,EUR,EUR,,,,,"{""mapped_product_ids"": []}",AMBIGUOUS,Cardmarket bulk data does not prove finish/treatment,false,false,false,,,,,,,,NO_COMPARISON,,,,NO_COMPARISON,ambiguous_identity,,"{""ambiguity_reasons"": [""unproven_treatment""], ""external_provenance"": [], ""scryfall_cardmarket_id"": 701770, ""stored_ids"": [701770], ""validated_stored_ids"": [701770]}",,,,
12955,magic,The Battle of Bywater,346,ltr,The Lord of the Rings: Tales of Middle-earth,en,Extended Art,rare,nonfoil,Extended Art,430,scryfall_oracle:a94c191d-a938-458e-bc1b-2f44fd8873a3,,,47c922a8-28b7-4831-8314-2ce41762955f,717784,,717784,The Battle of Bywater,5308,The Lord of the Rings: Tales of Middle-earth,,,mixed/unknown,0.65,3.15,3.88,3.18,3.14,,2.5,2.8,1.88,2.35,Low,,EUR,EUR,,,,,"{""mapped_product_ids"": []}",AMBIGUOUS,Cardmarket bulk data does not prove finish/treatment,false,false,false,,,,,,,,NO_COMPARISON,,,,NO_COMPARISON,ambiguous_identity,,"{""ambiguity_reasons"": [""unproven_treatment""], ""external_provenance"": [], ""scryfall_cardmarket_id"": 717784, ""stored_ids"": [717784], ""validated_stored_ids"": [717784]}",,,,
12956,magic,Dawn of a New Age,347,ltr,The Lord of the Rings: Tales of Middle-earth,en,Extended Art,mythic,nonfoil,Extended Art,136,scryfall_oracle:37df5ade-6a21-4b0c-89f8-e2e917589a8d,,,6a867c49-1842-4207-99d7-655cade4d357,717732,,717732,Dawn of a New Age,5308,The Lord of the Rings: Tales of Middle-earth,,,mixed/unknown,1.28,4.95,4.39,5.73,5.46,,4.84,5,6.3,6.3,Low,,EUR,EUR,,,,,"{""mapped_product_ids"": []}",AMBIGUOUS,Cardmarket bulk data does not prove finish/treatment,false,false,false,,,,,,,,NO_COMPARISON,,,,NO_COMPARISON,ambiguous_identity,,"{""ambiguity_reasons"": [""unproven_treatment""], ""external_provenance"": [], ""scryfall_cardmarket_id"": 717732, ""stored_ids"": [717732], ""validated_stored_ids"": [717732]}",,,,
12957,magic,Flowering of the White Tree,348,ltr,The Lord of the Rings: Tales of Middle-earth,en,Extended Art,rare,nonfoil,Extended Art,150,scryfall_oracle:3cda958a-f777-433d-850e-a6c8f581db4e,,,5fe33c8a-ae61-44d2-a996-d99bb2ce89e6,717780,,717780,Flowering of the White Tree,5308,The Lord of the Rings: Tales of Middle-earth,,,mixed/unknown,5,8.21,4.99,8.06,7.79,,5.67,6.6,9.47,10.19,Low,,EUR,EUR,,,,,"{""mapped_product_ids"": []}",AMBIGUOUS,Cardmarket bulk data does not prove finish/treatment,false,false,false,,,,,,,,NO_COMPARISON,,,,NO_COMPARISON,ambiguous_identity,,"{""ambiguity_reasons"": [""unproven_treatment""], ""external_provenance"": [], ""scryfall_cardmarket_id"": 717780, ""stored_ids"": [717780], ""validated_stored_ids"": [717780]}",,,,
12958,magic,Forge Anew,349,ltr,The Lord of the Rings: Tales of Middle-earth,en,Extended Art,rare,nonfoil,Extended Art,198,scryfall_oracle:4df579df-fdbb-418a-af2d-709e140ee569,,,7ecc1bec-a90d-4d1b-8096-42a1455e86d2,716199,,716199,Forge Anew,5308,The Lord of the Rings: Tales of Middle-earth,,,mixed/unknown,1.7,4.21,4.26,3.64,3.73,9.99,11.09,9.99,10.41,11.38,Low,,EUR,EUR,,,,,"{""mapped_product_ids"": []}",AMBIGUOUS,Cardmarket bulk data does not prove finish/treatment,false,false,false,,,,,,,,NO_COMPARISON,,,,NO_COMPARISON,ambiguous_identity,,"{""ambiguity_reasons"": [""unproven_treatment""], ""external_provenance"": [], ""scryfall_cardmarket_id"": 716199, ""stored_ids"": [716199], ""validated_stored_ids"": [716199]}",,,,
12959,magic,Forge Anew,349,ltr,The Lord of the Rings: Tales of Middle-earth,en,Extended Art,rare,foil,Extended Art,198,scryfall_oracle:4df579df-fdbb-418a-af2d-709e140ee569,,,7ecc1bec-a90d-4d1b-8096-42a1455e86d2,716199,,716199,Forge Anew,5308,The Lord of the Rings: Tales of Middle-earth,,,mixed/unknown,1.7,4.21,4.26,3.64,3.73,9.99,11.09,9.99,10.41,11.38,Foil Low,,EUR,EUR,,,,,"{""mapped_product_ids"": []}",AMBIGUOUS,Cardmarket bulk data does not prove finish/treatment,false,false,false,,,,,,,,NO_COMPARISON,,,,NO_COMPARISON,ambiguous_identity,,"{""ambiguity_reasons"": [""unproven_treatment""], ""external_provenance"": [], ""scryfall_cardmarket_id"": 716199, ""stored_ids"": [716199], ""validated_stored_ids"": [716199]}",,,,
12960,magic,Borne Upon a Wind,350,ltr,The Lord of the Rings: Tales of Middle-earth,en,Extended Art,rare,nonfoil,Extended Art,530,scryfall_oracle:ce19962d-94f9-4b2b-b668-963c0acce308,,,60ebd6a8-2e93-40ee-951a-4fcf12c85e3d,717736,,717736,Borne Upon a Wind,5308,The Lord of the Rings: Tales of Middle-earth,,,mixed/unknown,0.9,3.64,2.5,3.81,4.06,9.17,5.88,9.17,7.88,8.77,Low,,EUR,EUR,,,,,"{""mapped_product_ids"": []}",AMBIGUOUS,Cardmarket bulk data does not prove finish/treatment,false,false,false,,,,,,,,NO_COMPARISON,,,,NO_COMPARISON,ambiguous_identity,,"{""ambiguity_reasons"": [""unproven_treatment""], ""external_provenance"": [], ""scryfall_cardmarket_id"": 717736, ""stored_ids"": [717736], ""validated_stored_ids"": [717736]}",,,,
12961,magic,"Goldberry, River-Daughter",351,ltr,The Lord of the Rings: Tales of Middle-earth,en,Extended Art,rare,nonfoil,Extended Art,634,scryfall_oracle:fca3545a-2956-49f9-8465-1c8937deb294,,,ddb2cce1-11b7-49ab-ba9c-1d95db26ca19,717726,,717726,"Goldberry, River-Daughter",5308,The Lord of the Rings: Tales of Middle-earth,,,mixed/unknown,0.25,1.26,1.49,1.37,1.18,,0.61,0.79,1.54,1.54,Low,,EUR,EUR,,,,,"{""mapped_product_ids"": []}",AMBIGUOUS,Cardmarket bulk data does not prove finish/treatment,false,false,false,,,,,,,,NO_COMPARISON,,,,NO_COMPARISON,ambiguous_identity,,"{""ambiguity_reasons"": [""unproven_treatment""], ""external_provenance"": [], ""scryfall_cardmarket_id"": 717726, ""stored_ids"": [717726], ""validated_stored_ids"": [717726]}",,,,
12962,magic,Press the Enemy,352,ltr,The Lord of the Rings: Tales of Middle-earth,en,Extended Art,rare,nonfoil,Extended Art,126,scryfall_oracle:347a3622-4425-4ba4-821d-ef3d00beb058,,,158662c6-04ee-4a79-9199-d0ba68c18650,716200,,716200,Press the Enemy,5308,The Lord of the Rings: Tales of Middle-earth,,,mixed/unknown,0.2,1.22,0.75,1.15,0.92,,0.02,0.5,1.23,6.07,Low,,EUR,EUR,,,,,"{""mapped_product_ids"": []}",AMBIGUOUS,Cardmarket bulk data does not prove finish/treatment,false,false,false,,,,,,,,NO_COMPARISON,,,,NO_COMPARISON,ambiguous_identity,,"{""ambiguity_reasons"": [""unproven_treatment""], ""external_provenance"": [], ""scryfall_cardmarket_id"": 716200, ""stored_ids"": [716200], ""validated_stored_ids"": [716200]}",,,,
12963,magic,Rangers of Ithilien,353,ltr,The Lord of the Rings: Tales of Middle-earth,en,Extended Art,rare,nonfoil,Extended Art,195,scryfall_oracle:4d5fd9f0-ecb3-4b91-ae55-f02336d7cf37,,,2684c02e-ee8a-4d26-aa20-5620944bceeb,717769,,717769,Rangers of Ithilien,5308,The Lord of the Rings: Tales of Middle-earth,,,mixed/unknown,0.09,0.56,0.67,0.5,0.44,0.54,2.51,1.99,2.97,2.7,Low,,EUR,EUR,,,,,"{""mapped_product_ids"": []}",AMBIGUOUS,Cardmarket bulk data does not prove finish/treatment,false,false,false,,,,,,,,NO_COMPARISON,,,,NO_COMPARISON,ambiguous_identity,,"{""ambiguity_reasons"": [""unproven_treatment""], ""external_provenance"": [], ""scryfall_cardmarket_id"": 717769, ""stored_ids"": [717769], ""validated_stored_ids"": [717769]}",,,,
12964,magic,Rangers of Ithilien,353,ltr,The Lord of the Rings: Tales of Middle-earth,en,Extended Art,rare,foil,Extended Art,195,scryfall_oracle:4d5fd9f0-ecb3-4b91-ae55-f02336d7cf37,,,2684c02e-ee8a-4d26-aa20-5620944bceeb,717769,,717769,Rangers of Ithilien,5308,The Lord of the Rings: Tales of Middle-earth,,,mixed/unknown,0.09,0.56,0.67,0.5,0.44,0.54,2.51,1.99,2.97,2.7,Foil Low,,EUR,EUR,,,,,"{""mapped_product_ids"": []}",AMBIGUOUS,Cardmarket bulk data does not prove finish/treatment,false,false,false,,,,,,,,NO_COMPARISON,,,,NO_COMPARISON,ambiguous_identity,,"{""ambiguity_reasons"": [""unproven_treatment""], ""external_provenance"": [], ""scryfall_cardmarket_id"": 717769, ""stored_ids"": [717769], ""validated_stored_ids"": [717769]}",,,,
12965,magic,The Watcher in the Water,354,ltr,The Lord of the Rings: Tales of Middle-earth,en,Extended Art,mythic,nonfoil,Extended Art,433,scryfall_oracle:a9ddb3dc-f289-46a1-af17-3a8523a26b0d,,,b47b68e6-6ad7-4773-a199-cd88c3d010b1,717785,,717785,The Watcher in the Water,5308,The Lord of the Rings: Tales of Middle-earth,,,mixed/unknown,1.5,4.23,5.5,4.63,4.46,,2.83,4,2.6,2.6,Low,,EUR,EUR,,,,,"{""mapped_product_ids"": []}",AMBIGUOUS,Cardmarket bulk data does not prove finish/treatment,false,false,false,,,,,,,,NO_COMPARISON,,,,NO_COMPARISON,ambiguous_identity,,"{""ambiguity_reasons"": [""unproven_treatment""], ""external_provenance"": [], ""scryfall_cardmarket_id"": 717785, ""stored_ids"": [717785], ""validated_stored_ids"": [717785]}",,,,
12966,magic,Call of the Ring,355,ltr,The Lord of the Rings: Tales of Middle-earth,en,Extended Art,rare,nonfoil,Extended Art,409,scryfall_oracle:9fcb920c-b8d7-4a79-a335-f63050182cca,,,33ef1d06-7410-4dfb-8897-96aa29df9bfd,716031,,716031,Call of the Ring,5308,The Lord of the Rings: Tales of Middle-earth,,,mixed/unknown,1.75,4.95,4.51,4.25,4.39,11.98,16.64,11.97,12.85,15.18,Low,,EUR,EUR,,,,,"{""mapped_product_ids"": []}",AMBIGUOUS,Cardmarket bulk data does not prove finish/treatment,false,false,false,,,,,,,,NO_COMPARISON,,,,NO_COMPARISON,ambiguous_identity,,"{""ambiguity_reasons"": [""unproven_treatment""], ""external_provenance"": [], ""scryfall_cardmarket_id"": 716031, ""stored_ids"": [716031], ""validated_stored_ids"": [716031]}",,,,
12967,magic,Call of the Ring,355,ltr,The Lord of the Rings: Tales of Middle-earth,en,Extended Art,rare,foil,Extended Art,409,scryfall_oracle:9fcb920c-b8d7-4a79-a335-f63050182cca,,,33ef1d06-7410-4dfb-8897-96aa29df9bfd,716031,,716031,Call of the Ring,5308,The Lord of the Rings: Tales of Middle-earth,,,mixed/unknown,1.75,4.95,4.51,4.25,4.39,11.98,16.64,11.97,12.85,15.18,Foil Low,,EUR,EUR,,,,,"{""mapped_product_ids"": []}",AMBIGUOUS,Cardmarket bulk data does not prove finish/treatment,false,false,false,,,,,,,,NO_COMPARISON,,,,NO_COMPARISON,ambiguous_identity,,"{""ambiguity_reasons"": [""unproven_treatment""], ""external_provenance"": [], ""scryfall_cardmarket_id"": 716031, ""stored_ids"": [716031], ""validated_stored_ids"": [716031]}",,,,
12968,magic,Isildur's Fateful Strike,356,ltr,The Lord of the Rings: Tales of Middle-earth,en,Extended Art,rare,nonfoil,Extended Art,420,scryfall_oracle:a43e98d1-684a-4198-bc7e-877b9f6d5357,,,dc8eedbd-ba74-476f-97c4-ffee9fb66444,717746,,717746,Isildur's Fateful Strike,5308,The Lord of the Rings: Tales of Middle-earth,,,mixed/unknown,0.1,0.71,0.6,0.57,0.62,,0.89,0.5,1.4,1.87,Low,,EUR,EUR,,,,,"{""mapped_product_ids"": []}",AMBIGUOUS,Cardmarket bulk data does not prove finish/treatment,false,false,false,,,,,,,,NO_COMPARISON,,,,NO_COMPARISON,ambiguous_identity,,"{""ambiguity_reasons"": [""unproven_treatment""], ""external_provenance"": [], ""scryfall_cardmarket_id"": 717746, ""stored_ids"": [717746], ""validated_stored_ids"": [717746]}",,,,
12969,magic,Lobelia Sackville-Baggins,357,ltr,The Lord of the Rings: Tales of Middle-earth,en,Extended Art,rare,nonfoil,Extended Art,66,scryfall_oracle:19f5a25a-97fc-41e6-bb26-7c35f4b4e37c,,,41c94c38-7ff7-4177-ba41-573b389301c3,716065,,716065,Lobelia Sackville-Baggins,5308,The Lord of the Rings: Tales of Middle-earth,,,mixed/unknown,0.1,0.68,0.74,0.76,0.7,,0.63,1.5,1.45,1.77,Low,,EUR,EUR,,,,,"{""mapped_product_ids"": []}",AMBIGUOUS,Cardmarket bulk data does not prove finish/treatment,false,false,false,,,,,,,,NO_COMPARISON,,,,NO_COMPARISON,ambiguous_identity,,"{""ambiguity_reasons"": [""unproven_treatment""], ""external_provenance"": [], ""scryfall_cardmarket_id"": 716065, ""stored_ids"": [716065], ""validated_stored_ids"": [716065]}",,,,
12970,magic,Display of Power,358,ltr,The Lord of the Rings: Tales of Middle-earth,en,Extended Art,rare,nonfoil,Extended Art,387,scryfall_oracle:99140891-face-4015-aacd-1309e87d8f9f,,,139e0697-12b7-40b4-a7c5-a296e0c1ed27,717745,,717745,Display of Power,5308,The Lord of the Rings: Tales of Middle-earth,,,mixed/unknown,0.1,0.69,0.86,0.59,0.61,1.98,3.32,3.95,3.67,3.41,Low,,EUR,EUR,,,,,"{""mapped_product_ids"": []}",AMBIGUOUS,Cardmarket bulk data does not prove finish/treatment,false,false,false,,,,,,,,NO_COMPARISON,,,,NO_COMPARISON,ambiguous_identity,,"{""ambiguity_reasons"": [""unproven_treatment""], ""external_provenance"": [], ""scryfall_cardmarket_id"": 717745, ""stored_ids"": [717745], ""validated_stored_ids"": [717745]}",,,,
12971,magic,Display of Power,358,ltr,The Lord of the Rings: Tales of Middle-earth,en,Extended Art,rare,foil,Extended Art,387,scryfall_oracle:99140891-face-4015-aacd-1309e87d8f9f,,,139e0697-12b7-40b4-a7c5-a296e0c1ed27,717745,,717745,Display of Power,5308,The Lord of the Rings: Tales of Middle-earth,,,mixed/unknown,0.1,0.69,0.86,0.59,0.61,1.98,3.32,3.95,3.67,3.41,Foil Low,,EUR,EUR,,,,,"{""mapped_product_ids"": []}",AMBIGUOUS,Cardmarket bulk data does not prove finish/treatment,false,false,false,,,,,,,,NO_COMPARISON,,,,NO_COMPARISON,ambiguous_identity,,"{""ambiguity_reasons"": [""unproven_treatment""], ""external_provenance"": [], ""scryfall_cardmarket_id"": 717745, ""stored_ids"": [717745], ""validated_stored_ids"": [717745]}",,,,
12972,magic,Fall of Cair Andros,359,ltr,The Lord of the Rings: Tales of Middle-earth,en,Extended Art,rare,nonfoil,Extended Art,124,scryfall_oracle:33c0a8c0-d1d9-4b03-869d-65dab8ace3df,,,726fdf85-ae3c-409d-a515-0051e25c116c,717773,,717773,Fall of Cair Andros,5308,The Lord of the Rings: Tales of Middle-earth,,,mixed/unknown,0.12,0.79,0.74,0.96,0.84,,1.01,1,0.43,0.43,Low,,EUR,EUR,,,,,"{""mapped_product_ids"": []}",AMBIGUOUS,Cardmarket bulk data does not prove finish/treatment,false,false,false,,,,,,,,NO_COMPARISON,,,,NO_COMPARISON,ambiguous_identity,,"{""ambiguity_reasons"": [""unproven_treatment""], ""external_provenance"": [], ""scryfall_cardmarket_id"": 717773, ""stored_ids"": [717773], ""validated_stored_ids"": [717773]}",,,,
12973,magic,"Glóin, Dwarf Emissary",360,ltr,The Lord of the Rings: Tales of Middle-earth,en,Extended Art,rare,nonfoil,Extended Art,103,scryfall_oracle:29375a7a-af4e-46aa-8d1c-e8d22d3c0ea7,,,6d74d1af-5cc6-422e-949c-de9e39b76154,717735,,717735,"Glóin, Dwarf Emissary",5308,The Lord of the Rings: Tales of Middle-earth,,,mixed/unknown,0.19,1.26,1.5,1.49,1.32,,13.51,9.9,8.53,8.53,Low,,EUR,EUR,,,,,"{""mapped_product_ids"": []}",AMBIGUOUS,Cardmarket bulk data does not prove finish/treatment,false,false,false,,,,,,,,NO_COMPARISON,,,,NO_COMPARISON,ambiguous_identity,,"{""ambiguity_reasons"": [""unproven_treatment""], ""external_provenance"": [], ""scryfall_cardmarket_id"": 717735, ""stored_ids"": [717735], ""validated_stored_ids"": [717735]}",,,,
12974,magic,Hew the Entwood,361,ltr,The Lord of the Rings: Tales of Middle-earth,en,Extended Art,mythic,nonfoil,Extended Art,337,scryfall_oracle:8818bbf8-58ec-4070-a81a-c7ce248057ab,,,db0f4510-5f40-4733-8379-2526e4f1cc79,716053,,716053,Hew the Entwood,5308,The Lord of the Rings: Tales of Middle-earth,,,mixed/unknown,0.41,1.69,5.44,2.21,1.84,5,3.35,5,5.42,5.42,Low,,EUR,EUR,,,,,"{""mapped_product_ids"": []}",AMBIGUOUS,Cardmarket bulk data does not prove finish/treatment,false,false,false,,,,,,,,NO_COMPARISON,,,,NO_COMPARISON,ambiguous_identity,,"{""ambiguity_reasons"": [""unproven_treatment""], ""external_provenance"": [], ""scryfall_cardmarket_id"": 716053, ""stored_ids"": [716053], ""validated_stored_ids"": [716053]}",,,,
12975,magic,Moria Marauder,362,ltr,The Lord of the Rings: Tales of Middle-earth,en,Extended Art,rare,nonfoil,Extended Art,404,scryfall_oracle:9f0027e3-815b-4965-9ef4-3c4814c62cf3,,,b9e36249-02f5-4c11-9a2b-6be81eb6b490,717782,,717782,Moria Marauder,5308,The Lord of the Rings: Tales of Middle-earth,,,mixed/unknown,0.29,1.28,2.03,1.43,1.12,,6.26,5.56,5.13,3.62,Low,,EUR,EUR,,,,,"{""mapped_product_ids"": []}",AMBIGUOUS,Cardmarket bulk data does not prove finish/treatment,false,false,false,,,,,,,,NO_COMPARISON,,,,NO_COMPARISON,ambiguous_identity,,"{""ambiguity_reasons"": [""unproven_treatment""], ""external_provenance"": [], ""scryfall_cardmarket_id"": 717782, ""stored_ids"": [717782], ""validated_stored_ids"": [717782]}",,,,
12976,magic,Delighted Halfling,363,ltr,The Lord of the Rings: Tales of Middle-earth,en,Extended Art,rare,nonfoil,Extended Art,628,scryfall_oracle:f9d3b046-0b95-4103-a630-4b3fb88bb60b,,,80a04912-633d-4f67-b200-d55735438f76,716036,,716036,Delighted Halfling,5308,The Lord of the Rings: Tales of Middle-earth,,,mixed/unknown,18,20.1,20.4,20.01,19.26,30,23.34,39,22.52,24.15,Low,,EUR,EUR,,,,,"{""mapped_product_ids"": []}",AMBIGUOUS,Cardmarket bulk data does not prove finish/treatment,false,false,false,,,,,,,,NO_COMPARISON,,,,NO_COMPARISON,ambiguous_identity,,"{""ambiguity_reasons"": [""unproven_treatment""], ""external_provenance"": [], ""scryfall_cardmarket_id"": 716036, ""stored_ids"": [716036], ""validated_stored_ids"": [716036]}",,,,
12977,magic,Elven Chorus,364,ltr,The Lord of the Rings: Tales of Middle-earth,en,Extended Art,rare,nonfoil,Extended Art,194,scryfall_oracle:4d5df2d9-06bf-4bec-9be0-dabe75a858fb,,,a9523a73-6b62-48ee-9775-cf1f3b6babb3,717731,,717731,Elven Chorus,5308,The Lord of the Rings: Tales of Middle-earth,,,mixed/unknown,1.5,4.26,4.5,4.2,3.46,,4.12,9,4.01,4.39,Low,,EUR,EUR,,,,,"{""mapped_product_ids"": []}",AMBIGUOUS,Cardmarket bulk data does not prove finish/treatment,false,false,false,,,,,,,,NO_COMPARISON,,,,NO_COMPARISON,ambiguous_identity,,"{""ambiguity_reasons"": [""unproven_treatment""], ""external_provenance"": [], ""scryfall_cardmarket_id"": 717731, ""stored_ids"": [717731], ""validated_stored_ids"": [717731]}",,,,
12978,magic,Radagast the Brown,365,ltr,The Lord of the Rings: Tales of Middle-earth,en,Extended Art,mythic,nonfoil,Extended Art,569,scryfall_oracle:dfa47d0d-17f0-4a12-89d3-0d3c7f3db8c6,,,9684292b-804d-4019-a2f3-95c6ea6f97b7,717786,,717786,Radagast the Brown,5308,The Lord of the Rings: Tales of Middle-earth,,,mixed/unknown,0.9,3.41,1.99,2.27,2.62,19.2,22.69,21.8,22.15,33.08,Low,,EUR,EUR,,,,,"{""mapped_product_ids"": []}",AMBIGUOUS,Cardmarket bulk data does not prove finish/treatment,false,false,false,,,,,,,,NO_COMPARISON,,,,NO_COMPARISON,ambiguous_identity,,"{""ambiguity_reasons"": [""unproven_treatment""], ""external_provenance"": [], ""scryfall_cardmarket_id"": 717786, ""stored_ids"": [717786], ""validated_stored_ids"": [717786]}",,,,
12979,magic,Radagast the Brown,365,ltr,The Lord of the Rings: Tales of Middle-earth,en,Extended Art,mythic,foil,Extended Art,569,scryfall_oracle:dfa47d0d-17f0-4a12-89d3-0d3c7f3db8c6,,,9684292b-804d-4019-a2f3-95c6ea6f97b7,717786,,717786,Radagast the Brown,5308,The Lord of the Rings: Tales of Middle-earth,,,mixed/unknown,0.9,3.41,1.99,2.27,2.62,19.2,22.69,21.8,22.15,33.08,Foil Low,,EUR,EUR,,,,,"{""mapped_product_ids"": []}",AMBIGUOUS,Cardmarket bulk data does not prove finish/treatment,false,false,false,,,,,,,,NO_COMPARISON,,,,NO_COMPARISON,ambiguous_identity,,"{""ambiguity_reasons"": [""unproven_treatment""], ""external_provenance"": [], ""scryfall_cardmarket_id"": 717786, ""stored_ids"": [717786], ""validated_stored_ids"": [717786]}",,,,
12980,magic,The Ring Goes South,366,ltr,The Lord of the Rings: Tales of Middle-earth,en,Extended Art,rare,nonfoil,Extended Art,151,scryfall_oracle:3d36f0ab-d333-4a08-ad1b-5b7e1ddb647c,,,d4ee6b2e-7e6d-4f8d-a75e-ff30722e08d3,717723,,717723,The Ring Goes South,5308,The Lord of the Rings: Tales of Middle-earth,,,mixed/unknown,0.16,0.95,0.74,0.98,0.87,,0.16,0.25,0.35,0.35,Low,,EUR,EUR,,,,,"{""mapped_product_ids"": []}",AMBIGUOUS,Cardmarket bulk data does not prove finish/treatment,false,false,false,,,,,,,,NO_COMPARISON,,,,NO_COMPARISON,ambiguous_identity,,"{""ambiguity_reasons"": [""unproven_treatment""], ""external_provenance"": [], ""scryfall_cardmarket_id"": 717723, ""stored_ids"": [717723], ""validated_stored_ids"": [717723]}",,,,
12981,magic,"Arwen, Mortal Queen",367,ltr,The Lord of the Rings: Tales of Middle-earth,en,Extended Art,mythic,nonfoil,Extended Art,376,scryfall_oracle:9519a4ea-c4a0-4127-b06a-aac9ffaf7a32,,,718ae3af-a365-4593-a44c-6684ef308d4c,717772,,717772,"Arwen, Mortal Queen",5308,The Lord of the Rings: Tales of Middle-earth,,,mixed/unknown,4.25,9.17,8,8.48,9.13,36.99,52.93,92.65,59.37,54.04,Low,,EUR,EUR,,,,,"{""mapped_product_ids"": []}",AMBIGUOUS,Cardmarket bulk data does not prove finish/treatment,false,false,false,,,,,,,,NO_COMPARISON,,,,NO_COMPARISON,ambiguous_identity,,"{""ambiguity_reasons"": [""unproven_treatment""], ""external_provenance"": [], ""scryfall_cardmarket_id"": 717772, ""stored_ids"": [717772], ""validated_stored_ids"": [717772]}",,,,
12982,magic,"Arwen, Mortal Queen",367,ltr,The Lord of the Rings: Tales of Middle-earth,en,Extended Art,mythic,foil,Extended Art,376,scryfall_oracle:9519a4ea-c4a0-4127-b06a-aac9ffaf7a32,,,718ae3af-a365-4593-a44c-6684ef308d4c,717772,,717772,"Arwen, Mortal Queen",5308,The Lord of the Rings: Tales of Middle-earth,,,mixed/unknown,4.25,9.17,8,8.48,9.13,36.99,52.93,92.65,59.37,54.04,Foil Low,,EUR,EUR,,,,,"{""mapped_product_ids"": []}",AMBIGUOUS,Cardmarket bulk data does not prove finish/treatment,false,false,false,,,,,,,,NO_COMPARISON,,,,NO_COMPARISON,ambiguous_identity,,"{""ambiguity_reasons"": [""unproven_treatment""], ""external_provenance"": [], ""scryfall_cardmarket_id"": 717772, ""stored_ids"": [717772], ""validated_stored_ids"": [717772]}",,,,
12983,magic,Doors of Durin,368,ltr,The Lord of the Rings: Tales of Middle-earth,en,Extended Art,rare,nonfoil,Extended Art,554,scryfall_oracle:d82c77a1-2b81-415d-9f18-47e059c15e01,,,25e2fd90-95b0-4b12-846c-80bb979f0724,717767,,717767,Doors of Durin,5308,The Lord of the Rings: Tales of Middle-earth,,,mixed/unknown,0.2,0.66,0.4,0.72,0.74,3.98,8.1,39.9,9.67,6.29,Low,,EUR,EUR,,,,,"{""mapped_product_ids"": []}",AMBIGUOUS,Cardmarket bulk data does not prove finish/treatment,false,false,false,,,,,,,,NO_COMPARISON,,,,NO_COMPARISON,ambiguous_identity,,"{""ambiguity_reasons"": [""unproven_treatment""], ""external_provenance"": [], ""scryfall_cardmarket_id"": 717767, ""stored_ids"": [717767], ""validated_stored_ids"": [717767]}",,,,
12984,magic,Doors of Durin,368,ltr,The Lord of the Rings: Tales of Middle-earth,en,Extended Art,rare,foil,Extended Art,554,scryfall_oracle:d82c77a1-2b81-415d-9f18-47e059c15e01,,,25e2fd90-95b0-4b12-846c-80bb979f0724,717767,,717767,Doors of Durin,5308,The Lord of the Rings: Tales of Middle-earth,,,mixed/unknown,0.2,0.66,0.4,0.72,0.74,3.98,8.1,39.9,9.67,6.29,Foil Low,,EUR,EUR,,,,,"{""mapped_product_ids"": []}",AMBIGUOUS,Cardmarket bulk data does not prove finish/treatment,false,false,false,,,,,,,,NO_COMPARISON,,,,NO_COMPARISON,ambiguous_identity,,"{""ambiguity_reasons"": [""unproven_treatment""], ""external_provenance"": [], ""scryfall_cardmarket_id"": 717767, ""stored_ids"": [717767], ""validated_stored_ids"": [717767]}",,,,
12985,magic,King of the Oathbreakers,369,ltr,The Lord of the Rings: Tales of Middle-earth,en,Extended Art,rare,nonfoil,Extended Art,155,scryfall_oracle:3ee451e7-2b2f-4ce7-af96-540bba555c60,,,ae4796aa-0aee-43c6-9c34-e4d66da776cc,717761,,717761,King of the Oathbreakers,5308,The Lord of the Rings: Tales of Middle-earth,,,mixed/unknown,0.1,0.68,0.39,0.61,0.62,0.45,10.91,60,11.9,10.34,Low,,EUR,EUR,,,,,"{""mapped_product_ids"": []}",AMBIGUOUS,Cardmarket bulk data does not prove finish/treatment,false,false,false,,,,,,,,NO_COMPARISON,,,,NO_COMPARISON,ambiguous_identity,,"{""ambiguity_reasons"": [""unproven_treatment""], ""external_provenance"": [], ""scryfall_cardmarket_id"": 717761, ""stored_ids"": [717761], ""validated_stored_ids"": [717761]}",,,,
12986,magic,King of the Oathbreakers,369,ltr,The Lord of the Rings: Tales of Middle-earth,en,Extended Art,rare,foil,Extended Art,155,scryfall_oracle:3ee451e7-2b2f-4ce7-af96-540bba555c60,,,ae4796aa-0aee-43c6-9c34-e4d66da776cc,717761,,717761,King of the Oathbreakers,5308,The Lord of the Rings: Tales of Middle-earth,,,mixed/unknown,0.1,0.68,0.39,0.61,0.62,0.45,10.91,60,11.9,10.34,Foil Low,,EUR,EUR,,,,,"{""mapped_product_ids"": []}",AMBIGUOUS,Cardmarket bulk data does not prove finish/treatment,false,false,false,,,,,,,,NO_COMPARISON,,,,NO_COMPARISON,ambiguous_identity,,"{""ambiguity_reasons"": [""unproven_treatment""], ""external_provenance"": [], ""scryfall_cardmarket_id"": 717761, ""stored_ids"": [717761], ""validated_stored_ids"": [717761]}",,,,
12987,magic,"Lotho, Corrupt Shirriff",370,ltr,The Lord of the Rings: Tales of Middle-earth,en,Extended Art,rare,nonfoil,Extended Art,46,scryfall_oracle:135cc078-1c45-465e-b0b9-7168c89f56f4,,,69d97af0-8af0-4124-b56f-2633d34e5574,717738,,717738,"Lotho, Corrupt Shirriff",5308,The Lord of the Rings: Tales of Middle-earth,,,mixed/unknown,6.99,9.73,8.33,10.49,10.31,24,29.1,52.45,32.04,26.85,Low,,EUR,EUR,,,,,"{""mapped_product_ids"": []}",AMBIGUOUS,Cardmarket bulk data does not prove finish/treatment,false,false,false,,,,,,,,NO_COMPARISON,,,,NO_COMPARISON,ambiguous_identity,,"{""ambiguity_reasons"": [""unproven_treatment""], ""external_provenance"": [], ""scryfall_cardmarket_id"": 717738, ""stored_ids"": [717738], ""validated_stored_ids"": [717738]}",,,,
12988,magic,"Lotho, Corrupt Shirriff",370,ltr,The Lord of the Rings: Tales of Middle-earth,en,Extended Art,rare,foil,Extended Art,46,scryfall_oracle:135cc078-1c45-465e-b0b9-7168c89f56f4,,,69d97af0-8af0-4124-b56f-2633d34e5574,717738,,717738,"Lotho, Corrupt Shirriff",5308,The Lord of the Rings: Tales of Middle-earth,,,mixed/unknown,6.99,9.73,8.33,10.49,10.31,24,29.1,52.45,32.04,26.85,Foil Low,,EUR,EUR,,,,,"{""mapped_product_ids"": []}",AMBIGUOUS,Cardmarket bulk data does not prove finish/treatment,false,false,false,,,,,,,,NO_COMPARISON,,,,NO_COMPARISON,ambiguous_identity,,"{""ambiguity_reasons"": [""unproven_treatment""], ""external_provenance"": [], ""scryfall_cardmarket_id"": 717738, ""stored_ids"": [717738], ""validated_stored_ids"": [717738]}",,,,
12989,magic,Sauron's Ransom,371,ltr,The Lord of the Rings: Tales of Middle-earth,en,Extended Art,rare,nonfoil,Extended Art,636,scryfall_oracle:fe04a81b-413c-4bc8-bb83-29978da9a43d,,,95a6d22a-8ccf-4e12-ab5c-5c5ba06809e5,717787,,717787,Sauron's Ransom,5308,The Lord of the Rings: Tales of Middle-earth,,,mixed/unknown,0.47,0.92,0.56,1.07,1.15,6.73,5.64,7.51,7.26,9.09,Low,,EUR,EUR,,,,,"{""mapped_product_ids"": []}",AMBIGUOUS,Cardmarket bulk data does not prove finish/treatment,false,false,false,,,,,,,,NO_COMPARISON,,,,NO_COMPARISON,ambiguous_identity,,"{""ambiguity_reasons"": [""unproven_treatment""], ""external_provenance"": [], ""scryfall_cardmarket_id"": 717787, ""stored_ids"": [717787], ""validated_stored_ids"": [717787]}",,,,
12990,magic,Sauron's Ransom,371,ltr,The Lord of the Rings: Tales of Middle-earth,en,Extended Art,rare,foil,Extended Art,636,scryfall_oracle:fe04a81b-413c-4bc8-bb83-29978da9a43d,,,95a6d22a-8ccf-4e12-ab5c-5c5ba06809e5,717787,,717787,Sauron's Ransom,5308,The Lord of the Rings: Tales of Middle-earth,,,mixed/unknown,0.47,0.92,0.56,1.07,1.15,6.73,5.64,7.51,7.26,9.09,Foil Low,,EUR,EUR,,,,,"{""mapped_product_ids"": []}",AMBIGUOUS,Cardmarket bulk data does not prove finish/treatment,false,false,false,,,,,,,,NO_COMPARISON,,,,NO_COMPARISON,ambiguous_identity,,"{""ambiguity_reasons"": [""unproven_treatment""], ""external_provenance"": [], ""scryfall_cardmarket_id"": 717787, ""stored_ids"": [717787], ""validated_stored_ids"": [717787]}",,,,
12991,magic,"Shagrat, Loot Bearer",372,ltr,The Lord of the Rings: Tales of Middle-earth,en,Extended Art,rare,nonfoil,Extended Art,88,scryfall_oracle:23db92aa-d4db-49e3-a5bc-7b120e02822f,,,1922e391-54c3-4df5-a8b1-c7cd07598e08,717748,,717748,"Shagrat, Loot Bearer",5308,The Lord of the Rings: Tales of Middle-earth,,,mixed/unknown,0.1,0.8,0.86,0.78,0.55,,9.98,21.94,3.96,3.81,Low,,EUR,EUR,,,,,"{""mapped_product_ids"": []}",AMBIGUOUS,Cardmarket bulk data does not prove finish/treatment,false,false,false,,,,,,,,NO_COMPARISON,,,,NO_COMPARISON,ambiguous_identity,,"{""ambiguity_reasons"": [""unproven_treatment""], ""external_provenance"": [], ""scryfall_cardmarket_id"": 717748, ""stored_ids"": [717748], ""validated_stored_ids"": [717748]}",,,,
12992,magic,"Sharkey, Tyrant of the Shire",373,ltr,The Lord of the Rings: Tales of Middle-earth,en,Extended Art,rare,nonfoil,Extended Art,375,scryfall_oracle:93a476c0-c77e-43b0-8695-ada40368a002,,,f3ad2707-6805-4c10-a54e-c1cc63a7108f,717758,,717758,"Sharkey, Tyrant of the Shire",5308,The Lord of the Rings: Tales of Middle-earth,,,mixed/unknown,0.1,0.51,0.15,0.44,0.53,,0.35,0.23,5.32,5.32,Low,,EUR,EUR,,,,,"{""mapped_product_ids"": []}",AMBIGUOUS,Cardmarket bulk data does not prove finish/treatment,false,false,false,,,,,,,,NO_COMPARISON,,,,NO_COMPARISON,ambiguous_identity,,"{""ambiguity_reasons"": [""unproven_treatment""], ""external_provenance"": [], ""scryfall_cardmarket_id"": 717758, ""stored_ids"": [717758], ""validated_stored_ids"": [717758]}",,,,
12993,magic,"Shelob, Child of Ungoliant",374,ltr,The Lord of the Rings: Tales of Middle-earth,en,Extended Art,rare,nonfoil,Extended Art,324,scryfall_oracle:8372115d-c963-4a41-8759-72f7f6a8935a,,,43d427a8-a237-4053-b90d-0f1dd249e9c1,717728,,717728,"Shelob, Child of Ungoliant",5308,The Lord of the Rings: Tales of Middle-earth,,,mixed/unknown,0.21,2.35,1.35,1.82,1.86,14.24,19.37,39.95,24.26,18.56,Low,,EUR,EUR,,,,,"{""mapped_product_ids"": []}",AMBIGUOUS,Cardmarket bulk data does not prove finish/treatment,false,false,false,,,,,,,,NO_COMPARISON,,,,NO_COMPARISON,ambiguous_identity,,"{""ambiguity_reasons"": [""unproven_treatment""], ""external_provenance"": [], ""scryfall_cardmarket_id"": 717728, ""stored_ids"": [717728], ""validated_stored_ids"": [717728]}",,,,
12994,magic,"Shelob, Child of Ungoliant",374,ltr,The Lord of the Rings: Tales of Middle-earth,en,Extended Art,rare,foil,Extended Art,324,scryfall_oracle:8372115d-c963-4a41-8759-72f7f6a8935a,,,43d427a8-a237-4053-b90d-0f1dd249e9c1,717728,,717728,"Shelob, Child of Ungoliant",5308,The Lord of the Rings: Tales of Middle-earth,,,mixed/unknown,0.21,2.35,1.35,1.82,1.86,14.24,19.37,39.95,24.26,18.56,Foil Low,,EUR,EUR,,,,,"{""mapped_product_ids"": []}",AMBIGUOUS,Cardmarket bulk data does not prove finish/treatment,false,false,false,,,,,,,,NO_COMPARISON,,,,NO_COMPARISON,ambiguous_identity,,"{""ambiguity_reasons"": [""unproven_treatment""], ""external_provenance"": [], ""scryfall_cardmarket_id"": 717728, ""stored_ids"": [717728], ""validated_stored_ids"": [717728]}",,,,
12995,magic,"Andúril, Flame of the West",375,ltr,The Lord of the Rings: Tales of Middle-earth,en,Extended Art,mythic,nonfoil,Extended Art,580,scryfall_oracle:e6521404-8474-4727-b2d0-537d15d8a63f,,,a5236343-8035-477c-8221-b835d01b8a8b,717725,,717725,"Andúril, Flame of the West",5308,The Lord of the Rings: Tales of Middle-earth,,,mixed/unknown,2,5.57,9.89,6.3,5.11,21,25.44,22.98,27.72,29.3,Low,,EUR,EUR,,,,,"{""mapped_product_ids"": []}",AMBIGUOUS,Cardmarket bulk data does not prove finish/treatment,false,false,false,,,,,,,,NO_COMPARISON,,,,NO_COMPARISON,ambiguous_identity,,"{""ambiguity_reasons"": [""unproven_treatment""], ""external_provenance"": [], ""scryfall_cardmarket_id"": 717725, ""stored_ids"": [717725], ""validated_stored_ids"": [717725]}",,,,
12996,magic,"Andúril, Flame of the West",375,ltr,The Lord of the Rings: Tales of Middle-earth,en,Extended Art,mythic,foil,Extended Art,580,scryfall_oracle:e6521404-8474-4727-b2d0-537d15d8a63f,,,a5236343-8035-477c-8221-b835d01b8a8b,717725,,717725,"Andúril, Flame of the West",5308,The Lord of the Rings: Tales of Middle-earth,,,mixed/unknown,2,5.57,9.89,6.3,5.11,21,25.44,22.98,27.72,29.3,Foil Low,,EUR,EUR,,,,,"{""mapped_product_ids"": []}",AMBIGUOUS,Cardmarket bulk data does not prove finish/treatment,false,false,false,,,,,,,,NO_COMPARISON,,,,NO_COMPARISON,ambiguous_identity,,"{""ambiguity_reasons"": [""unproven_treatment""], ""external_provenance"": [], ""scryfall_cardmarket_id"": 717725, ""stored_ids"": [717725], ""validated_stored_ids"": [717725]}",,,,
12997,magic,Glamdring,376,ltr,The Lord of the Rings: Tales of Middle-earth,en,Extended Art,mythic,nonfoil,Extended Art,204,scryfall_oracle:52826984-44cb-48dc-a737-bb02983ffea8,,,1128f94f-9980-4bb8-a5db-21a82ce9e680,717733,,717733,Glamdring,5308,The Lord of the Rings: Tales of Middle-earth,,,mixed/unknown,0.98,3.6,7.99,3.66,3.1,,70,70,70,70,Low,,EUR,EUR,,,,,"{""mapped_product_ids"": []}",AMBIGUOUS,Cardmarket bulk data does not prove finish/treatment,false,false,false,,,,,,,,NO_COMPARISON,,,,NO_COMPARISON,ambiguous_identity,,"{""ambiguity_reasons"": [""unproven_treatment""], ""external_provenance"": [], ""scryfall_cardmarket_id"": 717733, ""stored_ids"": [717733], ""validated_stored_ids"": [717733]}",,,,
12998,magic,Horn of Gondor,377,ltr,The Lord of the Rings: Tales of Middle-earth,en,Extended Art,rare,nonfoil,Extended Art,339,scryfall_oracle:88777fc0-286d-47fc-8e94-1e289b4964c4,,,f0b9ca30-c336-4977-91af-184ed98eea99,717744,,717744,Horn of Gondor,5308,The Lord of the Rings: Tales of Middle-earth,,,mixed/unknown,0.37,1.96,2.22,2.03,1.96,3.21,6.25,6.37,6.96,6.16,Low,,EUR,EUR,,,,,"{""mapped_product_ids"": []}",AMBIGUOUS,Cardmarket bulk data does not prove finish/treatment,false,false,false,,,,,,,,NO_COMPARISON,,,,NO_COMPARISON,ambiguous_identity,,"{""ambiguity_reasons"": [""unproven_treatment""], ""external_provenance"": [], ""scryfall_cardmarket_id"": 717744, ""stored_ids"": [717744], ""validated_stored_ids"": [717744]}",,,,
12999,magic,Horn of Gondor,377,ltr,The Lord of the Rings: Tales of Middle-earth,en,Extended Art,rare,foil,Extended Art,339,scryfall_oracle:88777fc0-286d-47fc-8e94-1e289b4964c4,,,f0b9ca30-c336-4977-91af-184ed98eea99,717744,,717744,Horn of Gondor,5308,The Lord of the Rings: Tales of Middle-earth,,,mixed/unknown,0.37,1.96,2.22,2.03,1.96,3.21,6.25,6.37,6.96,6.16,Foil Low,,EUR,EUR,,,,,"{""mapped_product_ids"": []}",AMBIGUOUS,Cardmarket bulk data does not prove finish/treatment,false,false,false,,,,,,,,NO_COMPARISON,,,,NO_COMPARISON,ambiguous_identity,,"{""ambiguity_reasons"": [""unproven_treatment""], ""external_provenance"": [], ""scryfall_cardmarket_id"": 717744, ""stored_ids"": [717744], ""validated_stored_ids"": [717744]}",,,,
13000,magic,Horn of the Mark,378,ltr,The Lord of the Rings: Tales of Middle-earth,en,Extended Art,rare,nonfoil,Extended Art,397,scryfall_oracle:9b836c32-84f0-41ae-b7d9-67b92c743c60,,,af151b54-3d90-4bb2-8cfa-36e7d865d227,717742,,717742,Horn of the Mark,5308,The Lord of the Rings: Tales of Middle-earth,,,mixed/unknown,0.29,0.92,0.99,0.98,1.07,4,8.52,22.99,6.37,6.72,Low,,EUR,EUR,,,,,"{""mapped_product_ids"": []}",AMBIGUOUS,Cardmarket bulk data does not prove finish/treatment,false,false,false,,,,,,,,NO_COMPARISON,,,,NO_COMPARISON,ambiguous_identity,,"{""ambiguity_reasons"": [""unproven_treatment""], ""external_provenance"": [], ""scryfall_cardmarket_id"": 717742, ""stored_ids"": [717742], ""validated_stored_ids"": [717742]}",,,,
13001,magic,Horn of the Mark,378,ltr,The Lord of the Rings: Tales of Middle-earth,en,Extended Art,rare,foil,Extended Art,397,scryfall_oracle:9b836c32-84f0-41ae-b7d9-67b92c743c60,,,af151b54-3d90-4bb2-8cfa-36e7d865d227,717742,,717742,Horn of the Mark,5308,The Lord of the Rings: Tales of Middle-earth,,,mixed/unknown,0.29,0.92,0.99,0.98,1.07,4,8.52,22.99,6.37,6.72,Foil Low,,EUR,EUR,,,,,"{""mapped_product_ids"": []}",AMBIGUOUS,Cardmarket bulk data does not prove finish/treatment,false,false,false,,,,,,,,NO_COMPARISON,,,,NO_COMPARISON,ambiguous_identity,,"{""ambiguity_reasons"": [""unproven_treatment""], ""external_provenance"": [], ""scryfall_cardmarket_id"": 717742, ""stored_ids"": [717742], ""validated_stored_ids"": [717742]}",,,,
13002,magic,Mithril Coat,379,ltr,The Lord of the Rings: Tales of Middle-earth,en,Extended Art,rare,nonfoil,Extended Art,153,scryfall_oracle:3dc364f3-3094-4660-80ca-9418588c7fde,,,b65ec6ad-80d8-4c76-8b69-fc401a8f1ce8,717776,,717776,Mithril Coat,5308,The Lord of the Rings: Tales of Middle-earth,,,mixed/unknown,11.48,20.7,22,19.25,19.55,25,31.46,50,28.99,26.95,Low,,EUR,EUR,,,,,"{""mapped_product_ids"": []}",AMBIGUOUS,Cardmarket bulk data does not prove finish/treatment,false,false,false,,,,,,,,NO_COMPARISON,,,,NO_COMPARISON,ambiguous_identity,,"{""ambiguity_reasons"": [""unproven_treatment""], ""external_provenance"": [], ""scryfall_cardmarket_id"": 717776, ""stored_ids"": [717776], ""validated_stored_ids"": [717776]}",,,,
13003,magic,Mithril Coat,379,ltr,The Lord of the Rings: Tales of Middle-earth,en,Extended Art,rare,foil,Extended Art,153,scryfall_oracle:3dc364f3-3094-4660-80ca-9418588c7fde,,,b65ec6ad-80d8-4c76-8b69-fc401a8f1ce8,717776,,717776,Mithril Coat,5308,The Lord of the Rings: Tales of Middle-earth,,,mixed/unknown,11.48,20.7,22,19.25,19.55,25,31.46,50,28.99,26.95,Foil Low,,EUR,EUR,,,,,"{""mapped_product_ids"": []}",AMBIGUOUS,Cardmarket bulk data does not prove finish/treatment,false,false,false,,,,,,,,NO_COMPARISON,,,,NO_COMPARISON,ambiguous_identity,,"{""ambiguity_reasons"": [""unproven_treatment""], ""external_provenance"": [], ""scryfall_cardmarket_id"": 717776, ""stored_ids"": [717776], ""validated_stored_ids"": [717776]}",,,,
13004,magic,The One Ring,380,ltr,The Lord of the Rings: Tales of Middle-earth,en,Extended Art,mythic,nonfoil,Extended Art,140,scryfall_oracle:3aa83ed2-f48b-4ce6-a614-2c54ddf50538,,,db80391f-1643-4b72-a397-d141bb5702ee,701771,,701771,The One Ring,5308,The Lord of the Rings: Tales of Middle-earth,,,mixed/unknown,97,115.71,109.5,114.91,109.22,279.99,373.7,530,394.24,335.76,Low,,EUR,EUR,,,,,"{""mapped_product_ids"": []}",AMBIGUOUS,Cardmarket bulk data does not prove finish/treatment,false,false,false,,,,,,,,NO_COMPARISON,,,,NO_COMPARISON,ambiguous_identity,,"{""ambiguity_reasons"": [""unproven_treatment""], ""external_provenance"": [], ""scryfall_cardmarket_id"": 701771, ""stored_ids"": [701771], ""validated_stored_ids"": [701771]}",,,,
13005,magic,The One Ring,380,ltr,The Lord of the Rings: Tales of Middle-earth,en,Extended Art,mythic,foil,Extended Art,140,scryfall_oracle:3aa83ed2-f48b-4ce6-a614-2c54ddf50538,,,db80391f-1643-4b72-a397-d141bb5702ee,701771,,701771,The One Ring,5308,The Lord of the Rings: Tales of Middle-earth,,,mixed/unknown,97,115.71,109.5,114.91,109.22,279.99,373.7,530,394.24,335.76,Foil Low,,EUR,EUR,,,,,"{""mapped_product_ids"": []}",AMBIGUOUS,Cardmarket bulk data does not prove finish/treatment,false,false,false,,,,,,,,NO_COMPARISON,,,,NO_COMPARISON,ambiguous_identity,,"{""ambiguity_reasons"": [""unproven_treatment""], ""external_provenance"": [], ""scryfall_cardmarket_id"": 701771, ""stored_ids"": [701771], ""validated_stored_ids"": [701771]}",,,,
13006,magic,Palantír of Orthanc,381,ltr,The Lord of the Rings: Tales of Middle-earth,en,Extended Art,mythic,nonfoil,Extended Art,296,scryfall_oracle:7798a4d9-1c1d-48e6-b9a2-ecd6aec1efa7,,,4c27c6ac-889f-4591-8789-4a6f1a264d98,717743,,717743,Palantír of Orthanc,5308,The Lord of the Rings: Tales of Middle-earth,,,mixed/unknown,13.5,22.09,13.99,24.23,22.31,47.45,82.99,199.9,73.34,70.96,Low,,EUR,EUR,,,,,"{""mapped_product_ids"": []}",AMBIGUOUS,Cardmarket bulk data does not prove finish/treatment,false,false,false,,,,,,,,NO_COMPARISON,,,,NO_COMPARISON,ambiguous_identity,,"{""ambiguity_reasons"": [""unproven_treatment""], ""external_provenance"": [], ""scryfall_cardmarket_id"": 717743, ""stored_ids"": [717743], ""validated_stored_ids"": [717743]}",,,,
13007,magic,Palantír of Orthanc,381,ltr,The Lord of the Rings: Tales of Middle-earth,en,Extended Art,mythic,foil,Extended Art,296,scryfall_oracle:7798a4d9-1c1d-48e6-b9a2-ecd6aec1efa7,,,4c27c6ac-889f-4591-8789-4a6f1a264d98,717743,,717743,Palantír of Orthanc,5308,The Lord of the Rings: Tales of Middle-earth,,,mixed/unknown,13.5,22.09,13.99,24.23,22.31,47.45,82.99,199.9,73.34,70.96,Foil Low,,EUR,EUR,,,,,"{""mapped_product_ids"": []}",AMBIGUOUS,Cardmarket bulk data does not prove finish/treatment,false,false,false,,,,,,,,NO_COMPARISON,,,,NO_COMPARISON,ambiguous_identity,,"{""ambiguity_reasons"": [""unproven_treatment""], ""external_provenance"": [], ""scryfall_cardmarket_id"": 717743, ""stored_ids"": [717743], ""validated_stored_ids"": [717743]}",,,,
13008,magic,Phial of Galadriel,382,ltr,The Lord of the Rings: Tales of Middle-earth,en,Extended Art,rare,nonfoil,Extended Art,23,scryfall_oracle:08f17ebc-c0fd-493f-84b3-e9250694543e,,,d163a60b-c7ca-4d69-be6c-3a94c7f9a4c7,717765,,717765,Phial of Galadriel,5308,The Lord of the Rings: Tales of Middle-earth,,,mixed/unknown,0.15,0.96,1.45,0.96,0.9,3,7.06,6.49,7.2,7.1,Low,,EUR,EUR,,,,,"{""mapped_product_ids"": []}",AMBIGUOUS,Cardmarket bulk data does not prove finish/treatment,false,false,false,,,,,,,,NO_COMPARISON,,,,NO_COMPARISON,ambiguous_identity,,"{""ambiguity_reasons"": [""unproven_treatment""], ""external_provenance"": [], ""scryfall_cardmarket_id"": 717765, ""stored_ids"": [717765], ""validated_stored_ids"": [717765]}",,,,
13009,magic,Phial of Galadriel,382,ltr,The Lord of the Rings: Tales of Middle-earth,en,Extended Art,rare,foil,Extended Art,23,scryfall_oracle:08f17ebc-c0fd-493f-84b3-e9250694543e,,,d163a60b-c7ca-4d69-be6c-3a94c7f9a4c7,717765,,717765,Phial of Galadriel,5308,The Lord of the Rings: Tales of Middle-earth,,,mixed/unknown,0.15,0.96,1.45,0.96,0.9,3,7.06,6.49,7.2,7.1,Foil Low,,EUR,EUR,,,,,"{""mapped_product_ids"": []}",AMBIGUOUS,Cardmarket bulk data does not prove finish/treatment,false,false,false,,,,,,,,NO_COMPARISON,,,,NO_COMPARISON,ambiguous_identity,,"{""ambiguity_reasons"": [""unproven_treatment""], ""external_provenance"": [], ""scryfall_cardmarket_id"": 717765, ""stored_ids"": [717765], ""validated_stored_ids"": [717765]}",,,,
13010,magic,"Saradoc, Master of Buckland",383,ltr,The Lord of the Rings: Tales of Middle-earth,en,Extended Art,rare,nonfoil,Extended Art,146,scryfall_oracle:3c7f7a67-6a71-4f40-8554-2e724e6916a6,,,cf608ed2-f193-4bcc-99fc-a9cd0cf97993,717771,,717771,"Saradoc, Master of Buckland",5308,The Lord of the Rings: Tales of Middle-earth,,,mixed/unknown,0.39,2.85,3.5,2.94,2.84,,0.39,0.5,1.22,1.22,Low,,EUR,EUR,,,,,"{""mapped_product_ids"": []}",AMBIGUOUS,Cardmarket bulk data does not prove finish/treatment,false,false,false,,,,,,,,NO_COMPARISON,,,,NO_COMPARISON,ambiguous_identity,,"{""ambiguity_reasons"": [""unproven_treatment""], ""external_provenance"": [], ""scryfall_cardmarket_id"": 717771, ""stored_ids"": [717771], ""validated_stored_ids"": [717771]}",,,,
13011,magic,Elvish Mariner,384,ltr,The Lord of the Rings: Tales of Middle-earth,en,Extended Art,rare,nonfoil,Extended Art,106,scryfall_oracle:2c595ccb-6703-4670-a1e5-0e74d4b8d3c8,,,8c05a4d9-37f9-42ac-8dca-b31480904b51,717724,,717724,Elvish Mariner,5308,The Lord of the Rings: Tales of Middle-earth,,,mixed/unknown,1.84,4.41,5.5,4.51,4.32,,2.4,2.4,2.2,2.2,Low,,EUR,EUR,,,,,"{""mapped_product_ids"": []}",AMBIGUOUS,Cardmarket bulk data does not prove finish/treatment,false,false,false,,,,,,,,NO_COMPARISON,,,,NO_COMPARISON,ambiguous_identity,,"{""ambiguity_reasons"": [""unproven_treatment""], ""external_provenance"": [], ""scryfall_cardmarket_id"": 717724, ""stored_ids"": [717724], ""validated_stored_ids"": [717724]}",,,,
13012,magic,Ringwraiths,385,ltr,The Lord of the Rings: Tales of Middle-earth,en,Extended Art,rare,nonfoil,Extended Art,607,scryfall_oracle:f09278dc-1e67-4cd8-977d-4b3b94430aac,,,ff818c30-0a50-4986-a236-ddaf41fddf12,717757,,717757,Ringwraiths,5308,The Lord of the Rings: Tales of Middle-earth,,,mixed/unknown,1.25,8.21,9.5,10.63,7.87,,39,39,39,39,Low,,EUR,EUR,,,,,"{""mapped_product_ids"": []}",AMBIGUOUS,Cardmarket bulk data does not prove finish/treatment,false,false,false,,,,,,,,NO_COMPARISON,,,,NO_COMPARISON,ambiguous_identity,,"{""ambiguity_reasons"": [""unproven_treatment""], ""external_provenance"": [], ""scryfall_cardmarket_id"": 717757, ""stored_ids"": [717757], ""validated_stored_ids"": [717757]}",,,,
13013,magic,Assault on Osgiliath,386,ltr,The Lord of the Rings: Tales of Middle-earth,en,Extended Art,rare,nonfoil,Extended Art,539,scryfall_oracle:d2aa50d2-d22d-495e-afc9-23a51c8c8f32,,,3e2c07f3-5854-4243-b4ac-eed9a9711ce9,717734,,717734,Assault on Osgiliath,5308,The Lord of the Rings: Tales of Middle-earth,,,mixed/unknown,0.39,3.66,2,4.55,4.08,,1.45,1.5,1.42,1.42,Low,,EUR,EUR,,,,,"{""mapped_product_ids"": []}",AMBIGUOUS,Cardmarket bulk data does not prove finish/treatment,false,false,false,,,,,,,,NO_COMPARISON,,,,NO_COMPARISON,ambiguous_identity,,"{""ambiguity_reasons"": [""unproven_treatment""], ""external_provenance"": [], ""scryfall_cardmarket_id"": 717734, ""stored_ids"": [717734], ""validated_stored_ids"": [717734]}",,,,
13014,magic,Elanor Gardner,387,ltr,The Lord of the Rings: Tales of Middle-earth,en,Extended Art,rare,nonfoil,Extended Art,443,scryfall_oracle:ad4c39d6-a8b3-4dd9-816d-09761fc9651d,,,7b35ec3c-6da6-435d-b094-14a56cec58fe,717755,,717755,Elanor Gardner,5308,The Lord of the Rings: Tales of Middle-earth,,,mixed/unknown,1.99,11.39,11,10.64,10.95,,20.05,20,8.2,8.2,Low,,EUR,EUR,,,,,"{""mapped_product_ids"": []}",AMBIGUOUS,Cardmarket bulk data does not prove finish/treatment,false,false,false,,,,,,,,NO_COMPARISON,,,,NO_COMPARISON,ambiguous_identity,,"{""ambiguity_reasons"": [""unproven_treatment""], ""external_provenance"": [], ""scryfall_cardmarket_id"": 717755, ""stored_ids"": [717755], ""validated_stored_ids"": [717755]}",,,,
13015,magic,"Frodo, Determined Hero",388,ltr,The Lord of the Rings: Tales of Middle-earth,en,Extended Art,rare,nonfoil,Extended Art,445,scryfall_oracle:ae50be07-c8bc-45db-b47d-701c5d9ee633,,,226694d7-ba9b-4e79-b45a-634769815e74,716157,,716157,"Frodo, Determined Hero",5308,The Lord of the Rings: Tales of Middle-earth,,,mixed/unknown,2,4.4,3.99,5.12,4.73,,0,,,,Low,,EUR,EUR,,,,,"{""mapped_product_ids"": []}",AMBIGUOUS,Cardmarket bulk data does not prove finish/treatment,false,false,false,,,,,,,,NO_COMPARISON,,,,NO_COMPARISON,ambiguous_identity,,"{""ambiguity_reasons"": [""unproven_treatment""], ""external_provenance"": [], ""scryfall_cardmarket_id"": 716157, ""stored_ids"": [716157], ""validated_stored_ids"": [716157]}",,,,
13016,magic,"Gandalf, White Rider",389,ltr,The Lord of the Rings: Tales of Middle-earth,en,Extended Art,rare,nonfoil,Extended Art,303,scryfall_oracle:7a80212a-aae3-483b-abb6-7271a62dff8a,,,187807bc-0058-49a1-9a67-01019c5440c2,716183,,716183,"Gandalf, White Rider",5308,The Lord of the Rings: Tales of Middle-earth,,,mixed/unknown,2,7.51,24.99,7.89,5.86,,4.7,4.7,5.28,5.28,Low,,EUR,EUR,,,,,"{""mapped_product_ids"": []}",AMBIGUOUS,Cardmarket bulk data does not prove finish/treatment,false,false,false,,,,,,,,NO_COMPARISON,,,,NO_COMPARISON,ambiguous_identity,,"{""ambiguity_reasons"": [""unproven_treatment""], ""external_provenance"": [], ""scryfall_cardmarket_id"": 716183, ""stored_ids"": [716183], ""validated_stored_ids"": [716183]}",,,,
13017,magic,"Gollum, Scheming Guide",390,ltr,The Lord of the Rings: Tales of Middle-earth,en,Extended Art,rare,nonfoil,Extended Art,162,scryfall_oracle:3fb5c9a6-3fab-4109-875b-83c92518c5eb,,,76aa1492-579f-4e36-8931-b2bf203e2d76,716194,,716194,"Gollum, Scheming Guide",5308,The Lord of the Rings: Tales of Middle-earth,,,mixed/unknown,0.87,4.74,8.08,4.56,4.96,,8,8,8,8,Low,,EUR,EUR,,,,,"{""mapped_product_ids"": []}",AMBIGUOUS,Cardmarket bulk data does not prove finish/treatment,false,false,false,,,,,,,,NO_COMPARISON,,,,NO_COMPARISON,ambiguous_identity,,"{""ambiguity_reasons"": [""unproven_treatment""], ""external_provenance"": [], ""scryfall_cardmarket_id"": 716194, ""stored_ids"": [716194], ""validated_stored_ids"": [716194]}",,,,
13018,magic,"Witch-king, Bringer of Ruin",391,ltr,The Lord of the Rings: Tales of Middle-earth,en,Extended Art,rare,nonfoil,Extended Art,451,scryfall_oracle:afcb21bb-aeb3-4024-9ce1-68ba7fb64b2d,,,5c0305f6-a0c6-4197-9aa6-789fa855cb17,716196,,716196,"Witch-king, Bringer of Ruin",5308,The Lord of the Rings: Tales of Middle-earth,,,mixed/unknown,3.99,16.19,3.99,18.84,15.78,,33.24,53,25.65,25.65,Low,,EUR,EUR,,,,,"{""mapped_product_ids"": []}",AMBIGUOUS,Cardmarket bulk data does not prove finish/treatment,false,false,false,,,,,,,,NO_COMPARISON,,,,NO_COMPARISON,ambiguous_identity,,"{""ambiguity_reasons"": [""unproven_treatment""], ""external_provenance"": [], ""scryfall_cardmarket_id"": 716196, ""stored_ids"": [716196], ""validated_stored_ids"": [716196]}",,,,
13019,magic,Fires of Mount Doom,392,ltr,The Lord of the Rings: Tales of Middle-earth,en,Extended Art,rare,nonfoil,Extended Art,616,scryfall_oracle:f4944fde-2066-4aed-85c0-6e5e00a4bfe6,,,ce2d9aab-5673-4a6a-be86-13508b8929bd,716197,,716197,Fires of Mount Doom,5308,The Lord of the Rings: Tales of Middle-earth,,,mixed/unknown,0.59,4.85,5.58,4.83,4.82,,0,,,,Low,,EUR,EUR,,,,,"{""mapped_product_ids"": []}",AMBIGUOUS,Cardmarket bulk data does not prove finish/treatment,false,false,false,,,,,,,,NO_COMPARISON,,,,NO_COMPARISON,ambiguous_identity,,"{""ambiguity_reasons"": [""unproven_treatment""], ""external_provenance"": [], ""scryfall_cardmarket_id"": 716197, ""stored_ids"": [716197], ""validated_stored_ids"": [716197]}",,,,
13020,magic,"Galadriel, Gift-Giver",393,ltr,The Lord of the Rings: Tales of Middle-earth,en,Extended Art,rare,nonfoil,Extended Art,535,scryfall_oracle:d0c0a2ef-27b4-4186-8538-6ba5d35d85bb,,,9bbc8de9-6f74-468f-834c-46d10864e36b,717783,,717783,"Galadriel, Gift-Giver",5308,The Lord of the Rings: Tales of Middle-earth,,,mixed/unknown,3.5,10.31,12.4,10.61,10.23,,12,12,12,12,Low,,EUR,EUR,,,,,"{""mapped_product_ids"": []}",AMBIGUOUS,Cardmarket bulk data does not prove finish/treatment,false,false,false,,,,,,,,NO_COMPARISON,,,,NO_COMPARISON,ambiguous_identity,,"{""ambiguity_reasons"": [""unproven_treatment""], ""external_provenance"": [], ""scryfall_cardmarket_id"": 717783, ""stored_ids"": [717783], ""validated_stored_ids"": [717783]}",,,,
13021,magic,"Aragorn and Arwen, Wed",394,ltr,The Lord of the Rings: Tales of Middle-earth,en,Extended Art,mythic,nonfoil,Extended Art,472,scryfall_oracle:b8a3440a-03c5-444c-a1de-252524c3db82,,,31540016-1896-47f7-9c4d-f07598c75421,701772,,701772,"Aragorn and Arwen, Wed",5308,The Lord of the Rings: Tales of Middle-earth,,,mixed/unknown,19.94,48.63,38,42.26,38.96,,20.79,19.99,17.7,17.7,Low,,EUR,EUR,,,,,"{""mapped_product_ids"": []}",AMBIGUOUS,Cardmarket bulk data does not prove finish/treatment,false,false,false,,,,,,,,NO_COMPARISON,,,,NO_COMPARISON,ambiguous_identity,,"{""ambiguity_reasons"": [""unproven_treatment""], ""external_provenance"": [], ""scryfall_cardmarket_id"": 701772, ""stored_ids"": [701772], ""validated_stored_ids"": [701772]}",,,,
13022,magic,"The Balrog, Flame of Udûn",395,ltr,The Lord of the Rings: Tales of Middle-earth,en,Extended Art,rare,nonfoil,Extended Art,566,scryfall_oracle:de12ca82-4824-4975-9a31-309a6d9101a7,,,42c33afe-24fe-4aff-b30a-f4370815dfd6,716198,,716198,"The Balrog, Flame of Udûn",5308,The Lord of the Rings: Tales of Middle-earth,,,mixed/unknown,0.72,6.91,10,7.93,5.15,,3.07,4,4.93,4.93,Low,,EUR,EUR,,,,,"{""mapped_product_ids"": []}",AMBIGUOUS,Cardmarket bulk data does not prove finish/treatment,false,false,false,,,,,,,,NO_COMPARISON,,,,NO_COMPARISON,ambiguous_identity,,"{""ambiguity_reasons"": [""unproven_treatment""], ""external_provenance"": [], ""scryfall_cardmarket_id"": 716198, ""stored_ids"": [716198], ""validated_stored_ids"": [716198]}",,,,
13023,magic,"Sauron, the Lidless Eye",396,ltr,The Lord of the Rings: Tales of Middle-earth,en,Extended Art,mythic,nonfoil,Extended Art,2,scryfall_oracle:00b9d3a3-fd64-4757-9159-b3af06b5f5b1,,,6b80de80-8b4e-46e2-9145-b9f3031d32d7,701773,,701773,"Sauron, the Lidless Eye",5308,The Lord of the Rings: Tales of Middle-earth,,,mixed/unknown,10,35.89,37,35.44,35.54,,51.48,55,25.8,25.8,Low,,EUR,EUR,,,,,"{""mapped_product_ids"": []}",AMBIGUOUS,Cardmarket bulk data does not prove finish/treatment,false,false,false,,,,,,,,NO_COMPARISON,,,,NO_COMPARISON,ambiguous_identity,,"{""ambiguity_reasons"": [""unproven_treatment""], ""external_provenance"": [], ""scryfall_cardmarket_id"": 701773, ""stored_ids"": [701773], ""validated_stored_ids"": [701773]}",,,,
13024,magic,Bilbo's Ring,397,ltr,The Lord of the Rings: Tales of Middle-earth,en,Extended Art,rare,nonfoil,Extended Art,428,scryfall_oracle:a7cc0f6b-6b17-4e76-b2a6-6a6ee2519b61,,,47a2bc8e-79cf-471e-8d9f-0e34703f1808,717741,,717741,Bilbo's Ring,5308,The Lord of the Rings: Tales of Middle-earth,,,mixed/unknown,7,17.14,16,18.26,16.31,,14.65,14,11.74,11.74,Low,,EUR,EUR,,,,,"{""mapped_product_ids"": []}",AMBIGUOUS,Cardmarket bulk data does not prove finish/treatment,false,false,false,,,,,,,,NO_COMPARISON,,,,NO_COMPARISON,ambiguous_identity,,"{""ambiguity_reasons"": [""unproven_treatment""], ""external_provenance"": [], ""scryfall_cardmarket_id"": 717741, ""stored_ids"": [717741], ""validated_stored_ids"": [717741]}",,,,
13025,magic,Trailblazer's Boots,398,ltr,The Lord of the Rings: Tales of Middle-earth,en,Borderless,rare,foil,Borderless,244,scryfall_oracle:634d5009-cbf3-44cb-8c15-7057f501a210,,,36ee958c-ae8c-49bd-9d85-0128ca19901c,701774,,701774,Trailblazer's Boots,1198,,,,mixed/unknown,0.19,1.15,1.6,1.24,1.11,0.19,1.36,1.48,1.33,1.23,Foil Low,,EUR,EUR,,,,,"{""mapped_product_ids"": []}",AMBIGUOUS,Cardmarket bulk data does not prove finish/treatment,false,false,false,,,,,,,,NO_COMPARISON,,,,NO_COMPARISON,ambiguous_identity,,"{""ambiguity_reasons"": [""unproven_treatment""], ""external_provenance"": [], ""scryfall_cardmarket_id"": 701774, ""stored_ids"": [701774], ""validated_stored_ids"": [701774]}",,,,
13026,magic,Lobelia Sackville-Baggins,399,ltr,The Lord of the Rings: Tales of Middle-earth,en,Scene,rare,nonfoil,Scene,66,scryfall_oracle:19f5a25a-97fc-41e6-bb26-7c35f4b4e37c,,,0ecea0ba-da29-45f1-b72b-50b873309483,716080,,716080,Lobelia Sackville-Baggins,5308,The Lord of the Rings: Tales of Middle-earth,,,mixed/unknown,0.26,2.26,1.99,2.2,2.11,0.65,2.56,1.85,2.54,2.17,Low,,EUR,EUR,,,,,"{""mapped_product_ids"": []}",AMBIGUOUS,Cardmarket bulk data does not prove finish/treatment,false,false,false,,,,,,,,NO_COMPARISON,,,,NO_COMPARISON,ambiguous_identity,,"{""ambiguity_reasons"": [""unproven_treatment""], ""external_provenance"": [], ""scryfall_cardmarket_id"": 716080, ""stored_ids"": [716080], ""validated_stored_ids"": [716080]}",,,,
13027,magic,Lobelia Sackville-Baggins,399,ltr,The Lord of the Rings: Tales of Middle-earth,en,Scene,rare,foil,Scene,66,scryfall_oracle:19f5a25a-97fc-41e6-bb26-7c35f4b4e37c,,,0ecea0ba-da29-45f1-b72b-50b873309483,716080,,716080,Lobelia Sackville-Baggins,5308,The Lord of the Rings: Tales of Middle-earth,,,mixed/unknown,0.26,2.26,1.99,2.2,2.11,0.65,2.56,1.85,2.54,2.17,Foil Low,,EUR,EUR,,,,,"{""mapped_product_ids"": []}",AMBIGUOUS,Cardmarket bulk data does not prove finish/treatment,false,false,false,,,,,,,,NO_COMPARISON,,,,NO_COMPARISON,ambiguous_identity,,"{""ambiguity_reasons"": [""unproven_treatment""], ""external_provenance"": [], ""scryfall_cardmarket_id"": 716080, ""stored_ids"": [716080], ""validated_stored_ids"": [716080]}",,,,
13028,magic,Wizard's Rockets,400,ltr,The Lord of the Rings: Tales of Middle-earth,en,Scene,common,nonfoil,Scene,288,scryfall_oracle:755153b5-81b8-4ebc-b6f8-9296654fcaa4,,,541faaf0-4832-47b5-bb92-881dd70d6309,716024,,716024,Wizard's Rockets,5308,The Lord of the Rings: Tales of Middle-earth,,,mixed/unknown,0.09,0.84,0.92,0.74,0.7,0.25,0.87,1,1.2,0.9,Low,,EUR,EUR,,,,,"{""mapped_product_ids"": []}",AMBIGUOUS,Cardmarket bulk data does not prove finish/treatment,false,false,false,,,,,,,,NO_COMPARISON,,,,NO_COMPARISON,ambiguous_identity,,"{""ambiguity_reasons"": [""unproven_treatment""], ""external_provenance"": [], ""scryfall_cardmarket_id"": 716024, ""stored_ids"": [716024], ""validated_stored_ids"": [716024]}",,,,
13029,magic,Wizard's Rockets,400,ltr,The Lord of the Rings: Tales of Middle-earth,en,Scene,common,foil,Scene,288,scryfall_oracle:755153b5-81b8-4ebc-b6f8-9296654fcaa4,,,541faaf0-4832-47b5-bb92-881dd70d6309,716024,,716024,Wizard's Rockets,5308,The Lord of the Rings: Tales of Middle-earth,,,mixed/unknown,0.09,0.84,0.92,0.74,0.7,0.25,0.87,1,1.2,0.9,Foil Low,,EUR,EUR,,,,,"{""mapped_product_ids"": []}",AMBIGUOUS,Cardmarket bulk data does not prove finish/treatment,false,false,false,,,,,,,,NO_COMPARISON,,,,NO_COMPARISON,ambiguous_identity,,"{""ambiguity_reasons"": [""unproven_treatment""], ""external_provenance"": [], ""scryfall_cardmarket_id"": 716024, ""stored_ids"": [716024], ""validated_stored_ids"": [716024]}",,,,
13030,magic,"Gandalf, Friend of the Shire",401,ltr,The Lord of the Rings: Tales of Middle-earth,en,Scene,uncommon,nonfoil,Scene,317,scryfall_oracle:7f7c917b-f940-4f43-bafa-31f50a6d9d6f,,,646ff18e-9d6a-4a55-838c-0bd88b8c9fae,716048,,716048,"Gandalf, Friend of the Shire",5308,The Lord of the Rings: Tales of Middle-earth,,,mixed/unknown,1.97,3.13,3.8,3.88,3.77,1.97,4.78,4,6.01,4.3,Low,,EUR,EUR,,,,,"{""mapped_product_ids"": []}",AMBIGUOUS,Cardmarket bulk data does not prove finish/treatment,false,false,false,,,,,,,,NO_COMPARISON,,,,NO_COMPARISON,ambiguous_identity,,"{""ambiguity_reasons"": [""unproven_treatment""], ""external_provenance"": [], ""scryfall_cardmarket_id"": 716048, ""stored_ids"": [716048], ""validated_stored_ids"": [716048]}",,,,
13031,magic,"Gandalf, Friend of the Shire",401,ltr,The Lord of the Rings: Tales of Middle-earth,en,Scene,uncommon,foil,Scene,317,scryfall_oracle:7f7c917b-f940-4f43-bafa-31f50a6d9d6f,,,646ff18e-9d6a-4a55-838c-0bd88b8c9fae,716048,,716048,"Gandalf, Friend of the Shire",5308,The Lord of the Rings: Tales of Middle-earth,,,mixed/unknown,1.97,3.13,3.8,3.88,3.77,1.97,4.78,4,6.01,4.3,Foil Low,,EUR,EUR,,,,,"{""mapped_product_ids"": []}",AMBIGUOUS,Cardmarket bulk data does not prove finish/treatment,false,false,false,,,,,,,,NO_COMPARISON,,,,NO_COMPARISON,ambiguous_identity,,"{""ambiguity_reasons"": [""unproven_treatment""], ""external_provenance"": [], ""scryfall_cardmarket_id"": 716048, ""stored_ids"": [716048], ""validated_stored_ids"": [716048]}",,,,
13032,magic,Delighted Halfling,402,ltr,The Lord of the Rings: Tales of Middle-earth,en,Scene,rare,nonfoil,Scene,628,scryfall_oracle:f9d3b046-0b95-4103-a630-4b3fb88bb60b,,,cd87f082-1596-43fd-b971-720090ac6733,716071,,716071,Delighted Halfling,5308,The Lord of the Rings: Tales of Middle-earth,,,mixed/unknown,17.97,22.58,23.5,23.68,22.63,18,22.81,21.5,23.25,23.63,Low,,EUR,EUR,,,,,"{""mapped_product_ids"": []}",AMBIGUOUS,Cardmarket bulk data does not prove finish/treatment,false,false,false,,,,,,,,NO_COMPARISON,,,,NO_COMPARISON,ambiguous_identity,,"{""ambiguity_reasons"": [""unproven_treatment""], ""external_provenance"": [], ""scryfall_cardmarket_id"": 716071, ""stored_ids"": [716071], ""validated_stored_ids"": [716071]}",,,,
13033,magic,Delighted Halfling,402,ltr,The Lord of the Rings: Tales of Middle-earth,en,Scene,rare,foil,Scene,628,scryfall_oracle:f9d3b046-0b95-4103-a630-4b3fb88bb60b,,,cd87f082-1596-43fd-b971-720090ac6733,716071,,716071,Delighted Halfling,5308,The Lord of the Rings: Tales of Middle-earth,,,mixed/unknown,17.97,22.58,23.5,23.68,22.63,18,22.81,21.5,23.25,23.63,Foil Low,,EUR,EUR,,,,,"{""mapped_product_ids"": []}",AMBIGUOUS,Cardmarket bulk data does not prove finish/treatment,false,false,false,,,,,,,,NO_COMPARISON,,,,NO_COMPARISON,ambiguous_identity,,"{""ambiguity_reasons"": [""unproven_treatment""], ""external_provenance"": [], ""scryfall_cardmarket_id"": 716071, ""stored_ids"": [716071], ""validated_stored_ids"": [716071]}",,,,
13034,magic,"Bilbo, Retired Burglar",403,ltr,The Lord of the Rings: Tales of Middle-earth,en,Scene,uncommon,nonfoil,Scene,111,scryfall_oracle:2e7e3be5-04dd-4ff4-b121-3e65b3e00699,,,b14d6a77-eb1e-4f1a-ac5c-7513952fd1ce,716041,,716041,"Bilbo, Retired Burglar",5308,The Lord of the Rings: Tales of Middle-earth,,,mixed/unknown,0.35,1.66,1.8,2.08,2.04,0.43,2.78,2.09,2.39,2.58,Low,,EUR,EUR,,,,,"{""mapped_product_ids"": []}",AMBIGUOUS,Cardmarket bulk data does not prove finish/treatment,false,false,false,,,,,,,,NO_COMPARISON,,,,NO_COMPARISON,ambiguous_identity,,"{""ambiguity_reasons"": [""unproven_treatment""], ""external_provenance"": [], ""scryfall_cardmarket_id"": 716041, ""stored_ids"": [716041], ""validated_stored_ids"": [716041]}",,,,
13035,magic,"Bilbo, Retired Burglar",403,ltr,The Lord of the Rings: Tales of Middle-earth,en,Scene,uncommon,foil,Scene,111,scryfall_oracle:2e7e3be5-04dd-4ff4-b121-3e65b3e00699,,,b14d6a77-eb1e-4f1a-ac5c-7513952fd1ce,716041,,716041,"Bilbo, Retired Burglar",5308,The Lord of the Rings: Tales of Middle-earth,,,mixed/unknown,0.35,1.66,1.8,2.08,2.04,0.43,2.78,2.09,2.39,2.58,Foil Low,,EUR,EUR,,,,,"{""mapped_product_ids"": []}",AMBIGUOUS,Cardmarket bulk data does not prove finish/treatment,false,false,false,,,,,,,,NO_COMPARISON,,,,NO_COMPARISON,ambiguous_identity,,"{""ambiguity_reasons"": [""unproven_treatment""], ""external_provenance"": [], ""scryfall_cardmarket_id"": 716041, ""stored_ids"": [716041], ""validated_stored_ids"": [716041]}",,,,
13036,magic,Frodo Baggins,404,ltr,The Lord of the Rings: Tales of Middle-earth,en,Scene,uncommon,nonfoil,Scene,544,scryfall_oracle:d4dd6edf-1e9e-46fa-92b5-5df9aa0e4338,,,770ea046-3008-4d4e-b316-e6c5e80422d3,716039,,716039,Frodo Baggins,5308,The Lord of the Rings: Tales of Middle-earth,,,mixed/unknown,0.35,1.81,1.45,1.88,1.74,0.48,2.24,2.38,2.26,1.82,Low,,EUR,EUR,,,,,"{""mapped_product_ids"": []}",AMBIGUOUS,Cardmarket bulk data does not prove finish/treatment,false,false,false,,,,,,,,NO_COMPARISON,,,,NO_COMPARISON,ambiguous_identity,,"{""ambiguity_reasons"": [""unproven_treatment""], ""external_provenance"": [], ""scryfall_cardmarket_id"": 716039, ""stored_ids"": [716039], ""validated_stored_ids"": [716039]}",,,,
13037,magic,Frodo Baggins,404,ltr,The Lord of the Rings: Tales of Middle-earth,en,Scene,uncommon,foil,Scene,544,scryfall_oracle:d4dd6edf-1e9e-46fa-92b5-5df9aa0e4338,,,770ea046-3008-4d4e-b316-e6c5e80422d3,716039,,716039,Frodo Baggins,5308,The Lord of the Rings: Tales of Middle-earth,,,mixed/unknown,0.35,1.81,1.45,1.88,1.74,0.48,2.24,2.38,2.26,1.82,Foil Low,,EUR,EUR,,,,,"{""mapped_product_ids"": []}",AMBIGUOUS,Cardmarket bulk data does not prove finish/treatment,false,false,false,,,,,,,,NO_COMPARISON,,,,NO_COMPARISON,ambiguous_identity,,"{""ambiguity_reasons"": [""unproven_treatment""], ""external_provenance"": [], ""scryfall_cardmarket_id"": 716039, ""stored_ids"": [716039], ""validated_stored_ids"": [716039]}",,,,
13038,magic,"The Balrog, Durin's Bane",405,ltr,The Lord of the Rings: Tales of Middle-earth,en,Scene,rare,nonfoil,Scene,536,scryfall_oracle:d113af33-d75d-44e4-a8dc-31f8984edc42,,,88a2d7f8-0055-4d53-8e1e-9810d384cdb8,717756,,717756,"The Balrog, Durin's Bane",5308,The Lord of the Rings: Tales of Middle-earth,,,mixed/unknown,0.2,1.11,0.63,1.09,0.94,0.4,2.08,1.81,2.08,1.74,Low,,EUR,EUR,,,,,"{""mapped_product_ids"": []}",AMBIGUOUS,Cardmarket bulk data does not prove finish/treatment,false,false,false,,,,,,,,NO_COMPARISON,,,,NO_COMPARISON,ambiguous_identity,,"{""ambiguity_reasons"": [""unproven_treatment""], ""external_provenance"": [], ""scryfall_cardmarket_id"": 717756, ""stored_ids"": [717756], ""validated_stored_ids"": [717756]}",,,,
13039,magic,"The Balrog, Durin's Bane",405,ltr,The Lord of the Rings: Tales of Middle-earth,en,Scene,rare,foil,Scene,536,scryfall_oracle:d113af33-d75d-44e4-a8dc-31f8984edc42,,,88a2d7f8-0055-4d53-8e1e-9810d384cdb8,717756,,717756,"The Balrog, Durin's Bane",5308,The Lord of the Rings: Tales of Middle-earth,,,mixed/unknown,0.2,1.11,0.63,1.09,0.94,0.4,2.08,1.81,2.08,1.74,Foil Low,,EUR,EUR,,,,,"{""mapped_product_ids"": []}",AMBIGUOUS,Cardmarket bulk data does not prove finish/treatment,false,false,false,,,,,,,,NO_COMPARISON,,,,NO_COMPARISON,ambiguous_identity,,"{""ambiguity_reasons"": [""unproven_treatment""], ""external_provenance"": [], ""scryfall_cardmarket_id"": 717756, ""stored_ids"": [717756], ""validated_stored_ids"": [717756]}",,,,
13040,magic,Flame of Anor,406,ltr,The Lord of the Rings: Tales of Middle-earth,en,Scene,rare,nonfoil,Scene,595,scryfall_oracle:ecd49d85-9c8c-4cc9-9a83-072ecd433677,,,e882ef7d-ddff-40f5-a4f5-bff5c8169dc1,717766,,717766,Flame of Anor,5308,The Lord of the Rings: Tales of Middle-earth,,,mixed/unknown,3.3,5.15,5.9,5.26,5.24,4,6.97,5.26,6.86,6.9,Low,,EUR,EUR,,,,,"{""mapped_product_ids"": []}",AMBIGUOUS,Cardmarket bulk data does not prove finish/treatment,false,false,false,,,,,,,,NO_COMPARISON,,,,NO_COMPARISON,ambiguous_identity,,"{""ambiguity_reasons"": [""unproven_treatment""], ""external_provenance"": [], ""scryfall_cardmarket_id"": 717766, ""stored_ids"": [717766], ""validated_stored_ids"": [717766]}",,,,
13041,magic,Flame of Anor,406,ltr,The Lord of the Rings: Tales of Middle-earth,en,Scene,rare,foil,Scene,595,scryfall_oracle:ecd49d85-9c8c-4cc9-9a83-072ecd433677,,,e882ef7d-ddff-40f5-a4f5-bff5c8169dc1,717766,,717766,Flame of Anor,5308,The Lord of the Rings: Tales of Middle-earth,,,mixed/unknown,3.3,5.15,5.9,5.26,5.24,4,6.97,5.26,6.86,6.9,Foil Low,,EUR,EUR,,,,,"{""mapped_product_ids"": []}",AMBIGUOUS,Cardmarket bulk data does not prove finish/treatment,false,false,false,,,,,,,,NO_COMPARISON,,,,NO_COMPARISON,ambiguous_identity,,"{""ambiguity_reasons"": [""unproven_treatment""], ""external_provenance"": [], ""scryfall_cardmarket_id"": 717766, ""stored_ids"": [717766], ""validated_stored_ids"": [717766]}",,,,
13042,magic,"Boromir, Warden of the Tower",407,ltr,The Lord of the Rings: Tales of Middle-earth,en,Scene,rare,nonfoil,Scene,547,scryfall_oracle:d72b57e5-1c6e-4f02-968f-7e2dd24f0d3c,,,97ec04f9-0563-4490-b252-714df2ddbf58,716043,,716043,"Boromir, Warden of the Tower",5308,The Lord of the Rings: Tales of Middle-earth,,,mixed/unknown,3.3,7.12,5,6.45,6.54,6,8.64,7.99,7.93,8.4,Low,,EUR,EUR,,,,,"{""mapped_product_ids"": []}",AMBIGUOUS,Cardmarket bulk data does not prove finish/treatment,false,false,false,,,,,,,,NO_COMPARISON,,,,NO_COMPARISON,ambiguous_identity,,"{""ambiguity_reasons"": [""unproven_treatment""], ""external_provenance"": [], ""scryfall_cardmarket_id"": 716043, ""stored_ids"": [716043], ""validated_stored_ids"": [716043]}",,,,
13043,magic,"Boromir, Warden of the Tower",407,ltr,The Lord of the Rings: Tales of Middle-earth,en,Scene,rare,foil,Scene,547,scryfall_oracle:d72b57e5-1c6e-4f02-968f-7e2dd24f0d3c,,,97ec04f9-0563-4490-b252-714df2ddbf58,716043,,716043,"Boromir, Warden of the Tower",5308,The Lord of the Rings: Tales of Middle-earth,,,mixed/unknown,3.3,7.12,5,6.45,6.54,6,8.64,7.99,7.93,8.4,Foil Low,,EUR,EUR,,,,,"{""mapped_product_ids"": []}",AMBIGUOUS,Cardmarket bulk data does not prove finish/treatment,false,false,false,,,,,,,,NO_COMPARISON,,,,NO_COMPARISON,ambiguous_identity,,"{""ambiguity_reasons"": [""unproven_treatment""], ""external_provenance"": [], ""scryfall_cardmarket_id"": 716043, ""stored_ids"": [716043], ""validated_stored_ids"": [716043]}",,,,
13044,magic,Lash of the Balrog,408,ltr,The Lord of the Rings: Tales of Middle-earth,en,Scene,common,nonfoil,Scene,254,scryfall_oracle:66499407-3ad2-464b-bbfe-95d860f53616,,,a3bb0051-3ba3-4e22-9098-42ee0d9b645c,717749,,717749,Lash of the Balrog,5308,The Lord of the Rings: Tales of Middle-earth,,,mixed/unknown,0.02,0.08,0.16,0.08,0.07,0.02,0.23,0.12,0.16,0.18,Low,,EUR,EUR,,,,,"{""mapped_product_ids"": []}",AMBIGUOUS,Cardmarket bulk data does not prove finish/treatment,false,false,false,,,,,,,,NO_COMPARISON,,,,NO_COMPARISON,ambiguous_identity,,"{""ambiguity_reasons"": [""unproven_treatment""], ""external_provenance"": [], ""scryfall_cardmarket_id"": 717749, ""stored_ids"": [717749], ""validated_stored_ids"": [717749]}",,,,
13045,magic,Lash of the Balrog,408,ltr,The Lord of the Rings: Tales of Middle-earth,en,Scene,common,foil,Scene,254,scryfall_oracle:66499407-3ad2-464b-bbfe-95d860f53616,,,a3bb0051-3ba3-4e22-9098-42ee0d9b645c,717749,,717749,Lash of the Balrog,5308,The Lord of the Rings: Tales of Middle-earth,,,mixed/unknown,0.02,0.08,0.16,0.08,0.07,0.02,0.23,0.12,0.16,0.18,Foil Low,,EUR,EUR,,,,,"{""mapped_product_ids"": []}",AMBIGUOUS,Cardmarket bulk data does not prove finish/treatment,false,false,false,,,,,,,,NO_COMPARISON,,,,NO_COMPARISON,ambiguous_identity,,"{""ambiguity_reasons"": [""unproven_treatment""], ""external_provenance"": [], ""scryfall_cardmarket_id"": 717749, ""stored_ids"": [717749], ""validated_stored_ids"": [717749]}",,,,
13046,magic,"Sting, the Glinting Dagger",409,ltr,The Lord of the Rings: Tales of Middle-earth,en,Scene,rare,nonfoil,Scene,382,scryfall_oracle:973c49a1-8425-40b9-8bdc-2c2434222314,,,c6e3485e-2190-412a-a7b0-6a6ffdbef77c,717778,,717778,"Sting, the Glinting Dagger",5308,The Lord of the Rings: Tales of Middle-earth,,,mixed/unknown,0.4,2.42,2.18,2.4,2.08,0.9,2.32,2.13,2.39,2.33,Low,,EUR,EUR,,,,,"{""mapped_product_ids"": []}",AMBIGUOUS,Cardmarket bulk data does not prove finish/treatment,false,false,false,,,,,,,,NO_COMPARISON,,,,NO_COMPARISON,ambiguous_identity,,"{""ambiguity_reasons"": [""unproven_treatment""], ""external_provenance"": [], ""scryfall_cardmarket_id"": 717778, ""stored_ids"": [717778], ""validated_stored_ids"": [717778]}",,,,
13047,magic,"Sting, the Glinting Dagger",409,ltr,The Lord of the Rings: Tales of Middle-earth,en,Scene,rare,foil,Scene,382,scryfall_oracle:973c49a1-8425-40b9-8bdc-2c2434222314,,,c6e3485e-2190-412a-a7b0-6a6ffdbef77c,717778,,717778,"Sting, the Glinting Dagger",5308,The Lord of the Rings: Tales of Middle-earth,,,mixed/unknown,0.4,2.42,2.18,2.4,2.08,0.9,2.32,2.13,2.39,2.33,Foil Low,,EUR,EUR,,,,,"{""mapped_product_ids"": []}",AMBIGUOUS,Cardmarket bulk data does not prove finish/treatment,false,false,false,,,,,,,,NO_COMPARISON,,,,NO_COMPARISON,ambiguous_identity,,"{""ambiguity_reasons"": [""unproven_treatment""], ""external_provenance"": [], ""scryfall_cardmarket_id"": 717778, ""stored_ids"": [717778], ""validated_stored_ids"": [717778]}",,,,
13048,magic,"Aragorn, Company Leader",410,ltr,The Lord of the Rings: Tales of Middle-earth,en,Scene,rare,nonfoil,Scene,72,scryfall_oracle:1b841e8f-9484-4737-bd37-dfa11bd06883,,,6dbb70f9-c8f6-4082-9d63-4efdd6a20527,717751,,717751,"Aragorn, Company Leader",5308,The Lord of the Rings: Tales of Middle-earth,,,mixed/unknown,0.3,0.99,0.85,0.96,1.13,0.41,1.47,1.49,1.45,1.55,Low,,EUR,EUR,,,,,"{""mapped_product_ids"": []}",AMBIGUOUS,Cardmarket bulk data does not prove finish/treatment,false,false,false,,,,,,,,NO_COMPARISON,,,,NO_COMPARISON,ambiguous_identity,,"{""ambiguity_reasons"": [""unproven_treatment""], ""external_provenance"": [], ""scryfall_cardmarket_id"": 717751, ""stored_ids"": [717751], ""validated_stored_ids"": [717751]}",,,,
13049,magic,"Aragorn, Company Leader",410,ltr,The Lord of the Rings: Tales of Middle-earth,en,Scene,rare,foil,Scene,72,scryfall_oracle:1b841e8f-9484-4737-bd37-dfa11bd06883,,,6dbb70f9-c8f6-4082-9d63-4efdd6a20527,717751,,717751,"Aragorn, Company Leader",5308,The Lord of the Rings: Tales of Middle-earth,,,mixed/unknown,0.3,0.99,0.85,0.96,1.13,0.41,1.47,1.49,1.45,1.55,Foil Low,,EUR,EUR,,,,,"{""mapped_product_ids"": []}",AMBIGUOUS,Cardmarket bulk data does not prove finish/treatment,false,false,false,,,,,,,,NO_COMPARISON,,,,NO_COMPARISON,ambiguous_identity,,"{""ambiguity_reasons"": [""unproven_treatment""], ""external_provenance"": [], ""scryfall_cardmarket_id"": 717751, ""stored_ids"": [717751], ""validated_stored_ids"": [717751]}",,,,
13050,magic,Dunland Crebain,411,ltr,The Lord of the Rings: Tales of Middle-earth,en,Scene,common,nonfoil,Scene,401,scryfall_oracle:9dd755a5-0bef-4bde-92fa-14ef2a1a1410,,,f1b90963-2a4c-4e0a-9d00-5d3df258c880,716035,,716035,Dunland Crebain,5308,The Lord of the Rings: Tales of Middle-earth,,,mixed/unknown,0.02,0.09,0.13,0.07,0.07,0.02,0.21,0.15,0.2,0.2,Low,,EUR,EUR,,,,,"{""mapped_product_ids"": []}",AMBIGUOUS,Cardmarket bulk data does not prove finish/treatment,false,false,false,,,,,,,,NO_COMPARISON,,,,NO_COMPARISON,ambiguous_identity,,"{""ambiguity_reasons"": [""unproven_treatment""], ""external_provenance"": [], ""scryfall_cardmarket_id"": 716035, ""stored_ids"": [716035], ""validated_stored_ids"": [716035]}",,,,
13051,magic,Dunland Crebain,411,ltr,The Lord of the Rings: Tales of Middle-earth,en,Scene,common,foil,Scene,401,scryfall_oracle:9dd755a5-0bef-4bde-92fa-14ef2a1a1410,,,f1b90963-2a4c-4e0a-9d00-5d3df258c880,716035,,716035,Dunland Crebain,5308,The Lord of the Rings: Tales of Middle-earth,,,mixed/unknown,0.02,0.09,0.13,0.07,0.07,0.02,0.21,0.15,0.2,0.2,Foil Low,,EUR,EUR,,,,,"{""mapped_product_ids"": []}",AMBIGUOUS,Cardmarket bulk data does not prove finish/treatment,false,false,false,,,,,,,,NO_COMPARISON,,,,NO_COMPARISON,ambiguous_identity,,"{""ambiguity_reasons"": [""unproven_treatment""], ""external_provenance"": [], ""scryfall_cardmarket_id"": 716035, ""stored_ids"": [716035], ""validated_stored_ids"": [716035]}",,,,
13052,magic,Saruman of Many Colors,412,ltr,The Lord of the Rings: Tales of Middle-earth,en,Scene,mythic,nonfoil,Scene,499,scryfall_oracle:c2d04138-cc17-4dd0-9a4c-9c87df72ed01,,,eb7fc17a-00e6-48f2-a1b9-970d7720f87d,716027,,716027,Saruman of Many Colors,5308,The Lord of the Rings: Tales of Middle-earth,,,mixed/unknown,4.25,10.45,10.49,12.05,11.05,4.25,14.78,12.97,13.53,13.25,Low,,EUR,EUR,,,,,"{""mapped_product_ids"": []}",AMBIGUOUS,Cardmarket bulk data does not prove finish/treatment,false,false,false,,,,,,,,NO_COMPARISON,,,,NO_COMPARISON,ambiguous_identity,,"{""ambiguity_reasons"": [""unproven_treatment""], ""external_provenance"": [], ""scryfall_cardmarket_id"": 716027, ""stored_ids"": [716027], ""validated_stored_ids"": [716027]}",,,,
13053,magic,Saruman of Many Colors,412,ltr,The Lord of the Rings: Tales of Middle-earth,en,Scene,mythic,foil,Scene,499,scryfall_oracle:c2d04138-cc17-4dd0-9a4c-9c87df72ed01,,,eb7fc17a-00e6-48f2-a1b9-970d7720f87d,716027,,716027,Saruman of Many Colors,5308,The Lord of the Rings: Tales of Middle-earth,,,mixed/unknown,4.25,10.45,10.49,12.05,11.05,4.25,14.78,12.97,13.53,13.25,Foil Low,,EUR,EUR,,,,,"{""mapped_product_ids"": []}",AMBIGUOUS,Cardmarket bulk data does not prove finish/treatment,false,false,false,,,,,,,,NO_COMPARISON,,,,NO_COMPARISON,ambiguous_identity,,"{""ambiguity_reasons"": [""unproven_treatment""], ""external_provenance"": [], ""scryfall_cardmarket_id"": 716027, ""stored_ids"": [716027], ""validated_stored_ids"": [716027]}",,,,
13054,magic,Storm of Saruman,413,ltr,The Lord of the Rings: Tales of Middle-earth,en,Scene,mythic,nonfoil,Scene,532,scryfall_oracle:cf5f4860-e805-46a3-9352-a2c583e33403,,,1a02fac3-8990-4bd1-8e34-beec6332088c,716030,,716030,Storm of Saruman,5308,The Lord of the Rings: Tales of Middle-earth,,,mixed/unknown,2.5,5.28,5.5,4.97,4.97,3.05,6.51,6,6.03,5.99,Low,,EUR,EUR,,,,,"{""mapped_product_ids"": []}",AMBIGUOUS,Cardmarket bulk data does not prove finish/treatment,false,false,false,,,,,,,,NO_COMPARISON,,,,NO_COMPARISON,ambiguous_identity,,"{""ambiguity_reasons"": [""unproven_treatment""], ""external_provenance"": [], ""scryfall_cardmarket_id"": 716030, ""stored_ids"": [716030], ""validated_stored_ids"": [716030]}",,,,
13055,magic,Storm of Saruman,413,ltr,The Lord of the Rings: Tales of Middle-earth,en,Scene,mythic,foil,Scene,532,scryfall_oracle:cf5f4860-e805-46a3-9352-a2c583e33403,,,1a02fac3-8990-4bd1-8e34-beec6332088c,716030,,716030,Storm of Saruman,5308,The Lord of the Rings: Tales of Middle-earth,,,mixed/unknown,2.5,5.28,5.5,4.97,4.97,3.05,6.51,6,6.03,5.99,Foil Low,,EUR,EUR,,,,,"{""mapped_product_ids"": []}",AMBIGUOUS,Cardmarket bulk data does not prove finish/treatment,false,false,false,,,,,,,,NO_COMPARISON,,,,NO_COMPARISON,ambiguous_identity,,"{""ambiguity_reasons"": [""unproven_treatment""], ""external_provenance"": [], ""scryfall_cardmarket_id"": 716030, ""stored_ids"": [716030], ""validated_stored_ids"": [716030]}",,,,
13056,magic,Pippin's Bravery,414,ltr,The Lord of the Rings: Tales of Middle-earth,en,Scene,common,nonfoil,Scene,512,scryfall_oracle:c7ec52b1-295a-4daa-86fd-dcbe6fb412d7,,,08dc9616-83e5-451f-aaa8-d0c81802fa13,716056,,716056,Pippin's Bravery,5308,The Lord of the Rings: Tales of Middle-earth,,,mixed/unknown,0.02,0.09,0.12,0.1,0.08,0.02,0.16,0.1,0.16,0.16,Low,,EUR,EUR,,,,,"{""mapped_product_ids"": []}",AMBIGUOUS,Cardmarket bulk data does not prove finish/treatment,false,false,false,,,,,,,,NO_COMPARISON,,,,NO_COMPARISON,ambiguous_identity,,"{""ambiguity_reasons"": [""unproven_treatment""], ""external_provenance"": [], ""scryfall_cardmarket_id"": 716056, ""stored_ids"": [716056], ""validated_stored_ids"": [716056]}",,,,
13057,magic,Pippin's Bravery,414,ltr,The Lord of the Rings: Tales of Middle-earth,en,Scene,common,foil,Scene,512,scryfall_oracle:c7ec52b1-295a-4daa-86fd-dcbe6fb412d7,,,08dc9616-83e5-451f-aaa8-d0c81802fa13,716056,,716056,Pippin's Bravery,5308,The Lord of the Rings: Tales of Middle-earth,,,mixed/unknown,0.02,0.09,0.12,0.1,0.08,0.02,0.16,0.1,0.16,0.16,Foil Low,,EUR,EUR,,,,,"{""mapped_product_ids"": []}",AMBIGUOUS,Cardmarket bulk data does not prove finish/treatment,false,false,false,,,,,,,,NO_COMPARISON,,,,NO_COMPARISON,ambiguous_identity,,"{""ambiguity_reasons"": [""unproven_treatment""], ""external_provenance"": [], ""scryfall_cardmarket_id"": 716056, ""stored_ids"": [716056], ""validated_stored_ids"": [716056]}",,,,
13058,magic,"Fangorn, Tree Shepherd",415,ltr,The Lord of the Rings: Tales of Middle-earth,en,Scene,rare,nonfoil,Scene,10,scryfall_oracle:04166d20-88c9-4c89-be9d-3e422f90959a,,,486c2171-aa41-47d4-a499-d6cff078a587,716074,,716074,"Fangorn, Tree Shepherd",5308,The Lord of the Rings: Tales of Middle-earth,,,mixed/unknown,0.05,0.68,0.7,0.63,0.61,0.1,0.9,1.53,0.97,0.82,Low,,EUR,EUR,,,,,"{""mapped_product_ids"": []}",AMBIGUOUS,Cardmarket bulk data does not prove finish/treatment,false,false,false,,,,,,,,NO_COMPARISON,,,,NO_COMPARISON,ambiguous_identity,,"{""ambiguity_reasons"": [""unproven_treatment""], ""external_provenance"": [], ""scryfall_cardmarket_id"": 716074, ""stored_ids"": [716074], ""validated_stored_ids"": [716074]}",,,,
13059,magic,"Fangorn, Tree Shepherd",415,ltr,The Lord of the Rings: Tales of Middle-earth,en,Scene,rare,foil,Scene,10,scryfall_oracle:04166d20-88c9-4c89-be9d-3e422f90959a,,,486c2171-aa41-47d4-a499-d6cff078a587,716074,,716074,"Fangorn, Tree Shepherd",5308,The Lord of the Rings: Tales of Middle-earth,,,mixed/unknown,0.05,0.68,0.7,0.63,0.61,0.1,0.9,1.53,0.97,0.82,Foil Low,,EUR,EUR,,,,,"{""mapped_product_ids"": []}",AMBIGUOUS,Cardmarket bulk data does not prove finish/treatment,false,false,false,,,,,,,,NO_COMPARISON,,,,NO_COMPARISON,ambiguous_identity,,"{""ambiguity_reasons"": [""unproven_treatment""], ""external_provenance"": [], ""scryfall_cardmarket_id"": 716074, ""stored_ids"": [716074], ""validated_stored_ids"": [716074]}",,,,
13060,magic,Nasty End,416,ltr,The Lord of the Rings: Tales of Middle-earth,en,Scene,common,nonfoil,Scene,622,scryfall_oracle:f73da5d8-fd15-4315-ad3c-c86c28087285,,,37271b8b-3c58-43aa-b120-f0aa12fb3ad5,716033,,716033,Nasty End,5308,The Lord of the Rings: Tales of Middle-earth,,,mixed/unknown,0.02,0.11,0.08,0.09,0.1,0.02,0.27,0.21,0.26,0.24,Low,,EUR,EUR,,,,,"{""mapped_product_ids"": []}",AMBIGUOUS,Cardmarket bulk data does not prove finish/treatment,false,false,false,,,,,,,,NO_COMPARISON,,,,NO_COMPARISON,ambiguous_identity,,"{""ambiguity_reasons"": [""unproven_treatment""], ""external_provenance"": [], ""scryfall_cardmarket_id"": 716033, ""stored_ids"": [716033], ""validated_stored_ids"": [716033]}",,,,
13061,magic,Nasty End,416,ltr,The Lord of the Rings: Tales of Middle-earth,en,Scene,common,foil,Scene,622,scryfall_oracle:f73da5d8-fd15-4315-ad3c-c86c28087285,,,37271b8b-3c58-43aa-b120-f0aa12fb3ad5,716033,,716033,Nasty End,5308,The Lord of the Rings: Tales of Middle-earth,,,mixed/unknown,0.02,0.11,0.08,0.09,0.1,0.02,0.27,0.21,0.26,0.24,Foil Low,,EUR,EUR,,,,,"{""mapped_product_ids"": []}",AMBIGUOUS,Cardmarket bulk data does not prove finish/treatment,false,false,false,,,,,,,,NO_COMPARISON,,,,NO_COMPARISON,ambiguous_identity,,"{""ambiguity_reasons"": [""unproven_treatment""], ""external_provenance"": [], ""scryfall_cardmarket_id"": 716033, ""stored_ids"": [716033], ""validated_stored_ids"": [716033]}",,,,
13062,magic,Foray of Orcs,417,ltr,The Lord of the Rings: Tales of Middle-earth,en,Scene,uncommon,nonfoil,Scene,238,scryfall_oracle:60bfcaef-9014-4707-b681-cc3920bf223e,,,ef083f43-4748-42e6-bc22-fc2570db5ca3,716073,,716073,Foray of Orcs,5308,The Lord of the Rings: Tales of Middle-earth,,,mixed/unknown,0.02,0.11,0.11,0.08,0.11,0.02,0.23,0.22,0.2,0.23,Low,,EUR,EUR,,,,,"{""mapped_product_ids"": []}",AMBIGUOUS,Cardmarket bulk data does not prove finish/treatment,false,false,false,,,,,,,,NO_COMPARISON,,,,NO_COMPARISON,ambiguous_identity,,"{""ambiguity_reasons"": [""unproven_treatment""], ""external_provenance"": [], ""scryfall_cardmarket_id"": 716073, ""stored_ids"": [716073], ""validated_stored_ids"": [716073]}",,,,
13063,magic,Foray of Orcs,417,ltr,The Lord of the Rings: Tales of Middle-earth,en,Scene,uncommon,foil,Scene,238,scryfall_oracle:60bfcaef-9014-4707-b681-cc3920bf223e,,,ef083f43-4748-42e6-bc22-fc2570db5ca3,716073,,716073,Foray of Orcs,5308,The Lord of the Rings: Tales of Middle-earth,,,mixed/unknown,0.02,0.11,0.11,0.08,0.11,0.02,0.23,0.22,0.2,0.23,Foil Low,,EUR,EUR,,,,,"{""mapped_product_ids"": []}",AMBIGUOUS,Cardmarket bulk data does not prove finish/treatment,false,false,false,,,,,,,,NO_COMPARISON,,,,NO_COMPARISON,ambiguous_identity,,"{""ambiguity_reasons"": [""unproven_treatment""], ""external_provenance"": [], ""scryfall_cardmarket_id"": 716073, ""stored_ids"": [716073], ""validated_stored_ids"": [716073]}",,,,
13064,magic,Last March of the Ents,418,ltr,The Lord of the Rings: Tales of Middle-earth,en,Scene,mythic,nonfoil,Scene,138,scryfall_oracle:3999cd64-ff5c-4e2c-8aa6-d14f9f8a2b4c,,,66763118-6a1e-465a-bfe0-6fe18c419875,716078,,716078,Last March of the Ents,5308,The Lord of the Rings: Tales of Middle-earth,,,mixed/unknown,18.18,22.14,22.98,22.6,22.86,22,26.85,26.88,26.95,25.81,Low,,EUR,EUR,,,,,"{""mapped_product_ids"": []}",AMBIGUOUS,Cardmarket bulk data does not prove finish/treatment,false,false,false,,,,,,,,NO_COMPARISON,,,,NO_COMPARISON,ambiguous_identity,,"{""ambiguity_reasons"": [""unproven_treatment""], ""external_provenance"": [], ""scryfall_cardmarket_id"": 716078, ""stored_ids"": [716078], ""validated_stored_ids"": [716078]}",,,,
13065,magic,Last March of the Ents,418,ltr,The Lord of the Rings: Tales of Middle-earth,en,Scene,mythic,foil,Scene,138,scryfall_oracle:3999cd64-ff5c-4e2c-8aa6-d14f9f8a2b4c,,,66763118-6a1e-465a-bfe0-6fe18c419875,716078,,716078,Last March of the Ents,5308,The Lord of the Rings: Tales of Middle-earth,,,mixed/unknown,18.18,22.14,22.98,22.6,22.86,22,26.85,26.88,26.95,25.81,Foil Low,,EUR,EUR,,,,,"{""mapped_product_ids"": []}",AMBIGUOUS,Cardmarket bulk data does not prove finish/treatment,false,false,false,,,,,,,,NO_COMPARISON,,,,NO_COMPARISON,ambiguous_identity,,"{""ambiguity_reasons"": [""unproven_treatment""], ""external_provenance"": [], ""scryfall_cardmarket_id"": 716078, ""stored_ids"": [716078], ""validated_stored_ids"": [716078]}",,,,
13066,magic,"Quickbeam, Upstart Ent",419,ltr,The Lord of the Rings: Tales of Middle-earth,en,Scene,uncommon,nonfoil,Scene,395,scryfall_oracle:9ad903c5-1528-44d6-b4b6-f05a2399d91f,,,402d829d-9d99-48ac-9ffe-14405ec56302,716067,,716067,"Quickbeam, Upstart Ent",5308,The Lord of the Rings: Tales of Middle-earth,,,mixed/unknown,0.02,0.08,0.12,0.09,0.11,0.02,0.27,0.25,0.29,0.25,Low,,EUR,EUR,,,,,"{""mapped_product_ids"": []}",AMBIGUOUS,Cardmarket bulk data does not prove finish/treatment,false,false,false,,,,,,,,NO_COMPARISON,,,,NO_COMPARISON,ambiguous_identity,,"{""ambiguity_reasons"": [""unproven_treatment""], ""external_provenance"": [], ""scryfall_cardmarket_id"": 716067, ""stored_ids"": [716067], ""validated_stored_ids"": [716067]}",,,,
13067,magic,"Quickbeam, Upstart Ent",419,ltr,The Lord of the Rings: Tales of Middle-earth,en,Scene,uncommon,foil,Scene,395,scryfall_oracle:9ad903c5-1528-44d6-b4b6-f05a2399d91f,,,402d829d-9d99-48ac-9ffe-14405ec56302,716067,,716067,"Quickbeam, Upstart Ent",5308,The Lord of the Rings: Tales of Middle-earth,,,mixed/unknown,0.02,0.08,0.12,0.09,0.11,0.02,0.27,0.25,0.29,0.25,Foil Low,,EUR,EUR,,,,,"{""mapped_product_ids"": []}",AMBIGUOUS,Cardmarket bulk data does not prove finish/treatment,false,false,false,,,,,,,,NO_COMPARISON,,,,NO_COMPARISON,ambiguous_identity,,"{""ambiguity_reasons"": [""unproven_treatment""], ""external_provenance"": [], ""scryfall_cardmarket_id"": 716067, ""stored_ids"": [716067], ""validated_stored_ids"": [716067]}",,,,
13068,magic,Minas Tirith,420,ltr,The Lord of the Rings: Tales of Middle-earth,en,Scene,rare,nonfoil,Scene,304,scryfall_oracle:7b0d7e62-0287-454a-8702-b0bfa7b41245,,,3baa1dea-e74f-44c4-bfed-7dfaa3ecd332,716050,,716050,Minas Tirith,5308,The Lord of the Rings: Tales of Middle-earth,,,mixed/unknown,4,7.88,7.35,7.07,7.09,4.2,9.15,7.98,8.95,8.6,Low,,EUR,EUR,,,,,"{""mapped_product_ids"": []}",AMBIGUOUS,Cardmarket bulk data does not prove finish/treatment,false,false,false,,,,,,,,NO_COMPARISON,,,,NO_COMPARISON,ambiguous_identity,,"{""ambiguity_reasons"": [""unproven_treatment""], ""external_provenance"": [], ""scryfall_cardmarket_id"": 716050, ""stored_ids"": [716050], ""validated_stored_ids"": [716050]}",,,,
13069,magic,Minas Tirith,420,ltr,The Lord of the Rings: Tales of Middle-earth,en,Scene,rare,foil,Scene,304,scryfall_oracle:7b0d7e62-0287-454a-8702-b0bfa7b41245,,,3baa1dea-e74f-44c4-bfed-7dfaa3ecd332,716050,,716050,Minas Tirith,5308,The Lord of the Rings: Tales of Middle-earth,,,mixed/unknown,4,7.88,7.35,7.07,7.09,4.2,9.15,7.98,8.95,8.6,Foil Low,,EUR,EUR,,,,,"{""mapped_product_ids"": []}",AMBIGUOUS,Cardmarket bulk data does not prove finish/treatment,false,false,false,,,,,,,,NO_COMPARISON,,,,NO_COMPARISON,ambiguous_identity,,"{""ambiguity_reasons"": [""unproven_treatment""], ""external_provenance"": [], ""scryfall_cardmarket_id"": 716050, ""stored_ids"": [716050], ""validated_stored_ids"": [716050]}",,,,
13070,magic,Mirkwood Bats,421,ltr,The Lord of the Rings: Tales of Middle-earth,en,Scene,common,nonfoil,Scene,17,scryfall_oracle:0636b6c3-0662-420a-b30d-f0a14e7c512d,,,882747f9-b4fe-42be-8fe9-f871cd0779bd,716018,,716018,Mirkwood Bats,5308,The Lord of the Rings: Tales of Middle-earth,,,mixed/unknown,0.02,0.35,0.31,0.37,0.37,0.1,0.81,0.53,0.73,0.78,Low,,EUR,EUR,,,,,"{""mapped_product_ids"": []}",AMBIGUOUS,Cardmarket bulk data does not prove finish/treatment,false,false,false,,,,,,,,NO_COMPARISON,,,,NO_COMPARISON,ambiguous_identity,,"{""ambiguity_reasons"": [""unproven_treatment""], ""external_provenance"": [], ""scryfall_cardmarket_id"": 716018, ""stored_ids"": [716018], ""validated_stored_ids"": [716018]}",,,,
13071,magic,Mirkwood Bats,421,ltr,The Lord of the Rings: Tales of Middle-earth,en,Scene,common,foil,Scene,17,scryfall_oracle:0636b6c3-0662-420a-b30d-f0a14e7c512d,,,882747f9-b4fe-42be-8fe9-f871cd0779bd,716018,,716018,Mirkwood Bats,5308,The Lord of the Rings: Tales of Middle-earth,,,mixed/unknown,0.02,0.35,0.31,0.37,0.37,0.1,0.81,0.53,0.73,0.78,Foil Low,,EUR,EUR,,,,,"{""mapped_product_ids"": []}",AMBIGUOUS,Cardmarket bulk data does not prove finish/treatment,false,false,false,,,,,,,,NO_COMPARISON,,,,NO_COMPARISON,ambiguous_identity,,"{""ambiguity_reasons"": [""unproven_treatment""], ""external_provenance"": [], ""scryfall_cardmarket_id"": 716018, ""stored_ids"": [716018], ""validated_stored_ids"": [716018]}",,,,
13072,magic,Voracious Fell Beast,422,ltr,The Lord of the Rings: Tales of Middle-earth,en,Scene,uncommon,nonfoil,Scene,110,scryfall_oracle:2e037c5e-3e07-4ffc-a388-7976459f6ff7,,,d6ce6be0-ebfe-4d50-87c6-8c1fc7536f1f,716020,,716020,Voracious Fell Beast,5308,The Lord of the Rings: Tales of Middle-earth,,,mixed/unknown,0.02,0.11,0.14,0.09,0.11,0.02,0.32,0.2,0.29,0.28,Low,,EUR,EUR,,,,,"{""mapped_product_ids"": []}",AMBIGUOUS,Cardmarket bulk data does not prove finish/treatment,false,false,false,,,,,,,,NO_COMPARISON,,,,NO_COMPARISON,ambiguous_identity,,"{""ambiguity_reasons"": [""unproven_treatment""], ""external_provenance"": [], ""scryfall_cardmarket_id"": 716020, ""stored_ids"": [716020], ""validated_stored_ids"": [716020]}",,,,
13073,magic,Voracious Fell Beast,422,ltr,The Lord of the Rings: Tales of Middle-earth,en,Scene,uncommon,foil,Scene,110,scryfall_oracle:2e037c5e-3e07-4ffc-a388-7976459f6ff7,,,d6ce6be0-ebfe-4d50-87c6-8c1fc7536f1f,716020,,716020,Voracious Fell Beast,5308,The Lord of the Rings: Tales of Middle-earth,,,mixed/unknown,0.02,0.11,0.14,0.09,0.11,0.02,0.32,0.2,0.29,0.28,Foil Low,,EUR,EUR,,,,,"{""mapped_product_ids"": []}",AMBIGUOUS,Cardmarket bulk data does not prove finish/treatment,false,false,false,,,,,,,,NO_COMPARISON,,,,NO_COMPARISON,ambiguous_identity,,"{""ambiguity_reasons"": [""unproven_treatment""], ""external_provenance"": [], ""scryfall_cardmarket_id"": 716020, ""stored_ids"": [716020], ""validated_stored_ids"": [716020]}",,,,
13074,magic,Witch-king of Angmar,423,ltr,The Lord of the Rings: Tales of Middle-earth,en,Scene,mythic,nonfoil,Scene,113,scryfall_oracle:2eb1b429-8d11-42f3-8815-5a60b6a4e2d5,,,77759762-8684-4513-92c5-72c86d43b8bd,716037,,716037,Witch-king of Angmar,5308,The Lord of the Rings: Tales of Middle-earth,,,mixed/unknown,8.9,17.37,18.87,19.05,19.27,9.97,28.75,11.89,23.33,25.56,Low,,EUR,EUR,,,,,"{""mapped_product_ids"": []}",AMBIGUOUS,Cardmarket bulk data does not prove finish/treatment,false,false,false,,,,,,,,NO_COMPARISON,,,,NO_COMPARISON,ambiguous_identity,,"{""ambiguity_reasons"": [""unproven_treatment""], ""external_provenance"": [], ""scryfall_cardmarket_id"": 716037, ""stored_ids"": [716037], ""validated_stored_ids"": [716037]}",,,,
13075,magic,Witch-king of Angmar,423,ltr,The Lord of the Rings: Tales of Middle-earth,en,Scene,mythic,foil,Scene,113,scryfall_oracle:2eb1b429-8d11-42f3-8815-5a60b6a4e2d5,,,77759762-8684-4513-92c5-72c86d43b8bd,716037,,716037,Witch-king of Angmar,5308,The Lord of the Rings: Tales of Middle-earth,,,mixed/unknown,8.9,17.37,18.87,19.05,19.27,9.97,28.75,11.89,23.33,25.56,Foil Low,,EUR,EUR,,,,,"{""mapped_product_ids"": []}",AMBIGUOUS,Cardmarket bulk data does not prove finish/treatment,false,false,false,,,,,,,,NO_COMPARISON,,,,NO_COMPARISON,ambiguous_identity,,"{""ambiguity_reasons"": [""unproven_treatment""], ""external_provenance"": [], ""scryfall_cardmarket_id"": 716037, ""stored_ids"": [716037], ""validated_stored_ids"": [716037]}",,,,
13076,magic,Shadow of the Enemy,424,ltr,The Lord of the Rings: Tales of Middle-earth,en,Scene,mythic,nonfoil,Scene,199,scryfall_oracle:4f0c72ff-cd93-46a6-8649-2cd9ce8b8625,,,357a1e7c-19f1-42ea-8a68-511a10ab699a,716049,,716049,Shadow of the Enemy,5308,The Lord of the Rings: Tales of Middle-earth,,,mixed/unknown,1,2.11,2.44,2.15,2.07,1.48,4.47,2,4.23,3.24,Low,,EUR,EUR,,,,,"{""mapped_product_ids"": []}",AMBIGUOUS,Cardmarket bulk data does not prove finish/treatment,false,false,false,,,,,,,,NO_COMPARISON,,,,NO_COMPARISON,ambiguous_identity,,"{""ambiguity_reasons"": [""unproven_treatment""], ""external_provenance"": [], ""scryfall_cardmarket_id"": 716049, ""stored_ids"": [716049], ""validated_stored_ids"": [716049]}",,,,
13077,magic,Shadow of the Enemy,424,ltr,The Lord of the Rings: Tales of Middle-earth,en,Scene,mythic,foil,Scene,199,scryfall_oracle:4f0c72ff-cd93-46a6-8649-2cd9ce8b8625,,,357a1e7c-19f1-42ea-8a68-511a10ab699a,716049,,716049,Shadow of the Enemy,5308,The Lord of the Rings: Tales of Middle-earth,,,mixed/unknown,1,2.11,2.44,2.15,2.07,1.48,4.47,2,4.23,3.24,Foil Low,,EUR,EUR,,,,,"{""mapped_product_ids"": []}",AMBIGUOUS,Cardmarket bulk data does not prove finish/treatment,false,false,false,,,,,,,,NO_COMPARISON,,,,NO_COMPARISON,ambiguous_identity,,"{""ambiguity_reasons"": [""unproven_treatment""], ""external_provenance"": [], ""scryfall_cardmarket_id"": 716049, ""stored_ids"": [716049], ""validated_stored_ids"": [716049]}",,,,
13078,magic,Barad-dûr,425,ltr,The Lord of the Rings: Tales of Middle-earth,en,Scene,rare,nonfoil,Scene,336,scryfall_oracle:88159872-d37d-4847-b048-e4a9af6437bd,,,4f1aa00f-aa33-4c89-9014-6184356649ca,716046,,716046,Barad-dûr,5308,The Lord of the Rings: Tales of Middle-earth,,,mixed/unknown,1.44,3.85,2.85,3.5,3.05,1.85,4.19,3.25,4.1,4.24,Low,,EUR,EUR,,,,,"{""mapped_product_ids"": []}",AMBIGUOUS,Cardmarket bulk data does not prove finish/treatment,false,false,false,,,,,,,,NO_COMPARISON,,,,NO_COMPARISON,ambiguous_identity,,"{""ambiguity_reasons"": [""unproven_treatment""], ""external_provenance"": [], ""scryfall_cardmarket_id"": 716046, ""stored_ids"": [716046], ""validated_stored_ids"": [716046]}",,,,
13079,magic,Barad-dûr,425,ltr,The Lord of the Rings: Tales of Middle-earth,en,Scene,rare,foil,Scene,336,scryfall_oracle:88159872-d37d-4847-b048-e4a9af6437bd,,,4f1aa00f-aa33-4c89-9014-6184356649ca,716046,,716046,Barad-dûr,5308,The Lord of the Rings: Tales of Middle-earth,,,mixed/unknown,1.44,3.85,2.85,3.5,3.05,1.85,4.19,3.25,4.1,4.24,Foil Low,,EUR,EUR,,,,,"{""mapped_product_ids"": []}",AMBIGUOUS,Cardmarket bulk data does not prove finish/treatment,false,false,false,,,,,,,,NO_COMPARISON,,,,NO_COMPARISON,ambiguous_identity,,"{""ambiguity_reasons"": [""unproven_treatment""], ""external_provenance"": [], ""scryfall_cardmarket_id"": 716046, ""stored_ids"": [716046], ""validated_stored_ids"": [716046]}",,,,
13080,magic,Oliphaunt,426,ltr,The Lord of the Rings: Tales of Middle-earth,en,Scene,common,nonfoil,Scene,60,scryfall_oracle:186b2256-4af3-48cb-96b0-b0e80a7ee6dc,,,fa65958a-f601-472e-a9b6-42650b97fa44,716044,,716044,Oliphaunt,5308,The Lord of the Rings: Tales of Middle-earth,,,mixed/unknown,0.02,0.11,0.18,0.12,0.13,0.02,0.53,0.2,0.59,0.43,Low,,EUR,EUR,,,,,"{""mapped_product_ids"": []}",AMBIGUOUS,Cardmarket bulk data does not prove finish/treatment,false,false,false,,,,,,,,NO_COMPARISON,,,,NO_COMPARISON,ambiguous_identity,,"{""ambiguity_reasons"": [""unproven_treatment""], ""external_provenance"": [], ""scryfall_cardmarket_id"": 716044, ""stored_ids"": [716044], ""validated_stored_ids"": [716044]}",,,,
13081,magic,Oliphaunt,426,ltr,The Lord of the Rings: Tales of Middle-earth,en,Scene,common,foil,Scene,60,scryfall_oracle:186b2256-4af3-48cb-96b0-b0e80a7ee6dc,,,fa65958a-f601-472e-a9b6-42650b97fa44,716044,,716044,Oliphaunt,5308,The Lord of the Rings: Tales of Middle-earth,,,mixed/unknown,0.02,0.11,0.18,0.12,0.13,0.02,0.53,0.2,0.59,0.43,Foil Low,,EUR,EUR,,,,,"{""mapped_product_ids"": []}",AMBIGUOUS,Cardmarket bulk data does not prove finish/treatment,false,false,false,,,,,,,,NO_COMPARISON,,,,NO_COMPARISON,ambiguous_identity,,"{""ambiguity_reasons"": [""unproven_treatment""], ""external_provenance"": [], ""scryfall_cardmarket_id"": 716044, ""stored_ids"": [716044], ""validated_stored_ids"": [716044]}",,,,
13082,magic,Rising of the Day,427,ltr,The Lord of the Rings: Tales of Middle-earth,en,Scene,uncommon,nonfoil,Scene,170,scryfall_oracle:434a20f8-3f87-4004-9155-0f196fc2257e,,,7a06a653-eca1-4fee-add5-45d2594885c3,716057,,716057,Rising of the Day,5308,The Lord of the Rings: Tales of Middle-earth,,,mixed/unknown,0.02,0.29,0.19,0.32,0.31,0.1,0.67,0.26,0.47,0.61,Low,,EUR,EUR,,,,,"{""mapped_product_ids"": []}",AMBIGUOUS,Cardmarket bulk data does not prove finish/treatment,false,false,false,,,,,,,,NO_COMPARISON,,,,NO_COMPARISON,ambiguous_identity,,"{""ambiguity_reasons"": [""unproven_treatment""], ""external_provenance"": [], ""scryfall_cardmarket_id"": 716057, ""stored_ids"": [716057], ""validated_stored_ids"": [716057]}",,,,
13083,magic,Rising of the Day,427,ltr,The Lord of the Rings: Tales of Middle-earth,en,Scene,uncommon,foil,Scene,170,scryfall_oracle:434a20f8-3f87-4004-9155-0f196fc2257e,,,7a06a653-eca1-4fee-add5-45d2594885c3,716057,,716057,Rising of the Day,5308,The Lord of the Rings: Tales of Middle-earth,,,mixed/unknown,0.02,0.29,0.19,0.32,0.31,0.1,0.67,0.26,0.47,0.61,Foil Low,,EUR,EUR,,,,,"{""mapped_product_ids"": []}",AMBIGUOUS,Cardmarket bulk data does not prove finish/treatment,false,false,false,,,,,,,,NO_COMPARISON,,,,NO_COMPARISON,ambiguous_identity,,"{""ambiguity_reasons"": [""unproven_treatment""], ""external_provenance"": [], ""scryfall_cardmarket_id"": 716057, ""stored_ids"": [716057], ""validated_stored_ids"": [716057]}",,,,
13084,magic,"Éomer, Marshal of Rohan",428,ltr,The Lord of the Rings: Tales of Middle-earth,en,Scene,rare,nonfoil,Scene,461,scryfall_oracle:b2d95950-18b3-463f-94f4-299e420751dc,,,e60c8be5-68be-4e29-baf5-0590ace77319,716045,,716045,"Éomer, Marshal of Rohan",5308,The Lord of the Rings: Tales of Middle-earth,,,mixed/unknown,0.18,0.82,0.8,0.64,0.67,0.3,1.3,1.52,1.28,1.29,Low,,EUR,EUR,,,,,"{""mapped_product_ids"": []}",AMBIGUOUS,Cardmarket bulk data does not prove finish/treatment,false,false,false,,,,,,,,NO_COMPARISON,,,,NO_COMPARISON,ambiguous_identity,,"{""ambiguity_reasons"": [""unproven_treatment""], ""external_provenance"": [], ""scryfall_cardmarket_id"": 716045, ""stored_ids"": [716045], ""validated_stored_ids"": [716045]}",,,,
13085,magic,"Éomer, Marshal of Rohan",428,ltr,The Lord of the Rings: Tales of Middle-earth,en,Scene,rare,foil,Scene,461,scryfall_oracle:b2d95950-18b3-463f-94f4-299e420751dc,,,e60c8be5-68be-4e29-baf5-0590ace77319,716045,,716045,"Éomer, Marshal of Rohan",5308,The Lord of the Rings: Tales of Middle-earth,,,mixed/unknown,0.18,0.82,0.8,0.64,0.67,0.3,1.3,1.52,1.28,1.29,Foil Low,,EUR,EUR,,,,,"{""mapped_product_ids"": []}",AMBIGUOUS,Cardmarket bulk data does not prove finish/treatment,false,false,false,,,,,,,,NO_COMPARISON,,,,NO_COMPARISON,ambiguous_identity,,"{""ambiguity_reasons"": [""unproven_treatment""], ""external_provenance"": [], ""scryfall_cardmarket_id"": 716045, ""stored_ids"": [716045], ""validated_stored_ids"": [716045]}",,,,
13086,magic,"Gothmog, Morgul Lieutenant",429,ltr,The Lord of the Rings: Tales of Middle-earth,en,Scene,uncommon,nonfoil,Scene,613,scryfall_oracle:f3817f63-7bde-46c5-93cb-b4756f5f821e,,,4b9af0ce-db08-4ccf-a9f3-b7c1eea14423,716055,,716055,"Gothmog, Morgul Lieutenant",5308,The Lord of the Rings: Tales of Middle-earth,,,mixed/unknown,0.02,0.18,0.13,0.16,0.15,0.03,0.39,0.26,0.34,0.34,Low,,EUR,EUR,,,,,"{""mapped_product_ids"": []}",AMBIGUOUS,Cardmarket bulk data does not prove finish/treatment,false,false,false,,,,,,,,NO_COMPARISON,,,,NO_COMPARISON,ambiguous_identity,,"{""ambiguity_reasons"": [""unproven_treatment""], ""external_provenance"": [], ""scryfall_cardmarket_id"": 716055, ""stored_ids"": [716055], ""validated_stored_ids"": [716055]}",,,,
13087,magic,"Gothmog, Morgul Lieutenant",429,ltr,The Lord of the Rings: Tales of Middle-earth,en,Scene,uncommon,foil,Scene,613,scryfall_oracle:f3817f63-7bde-46c5-93cb-b4756f5f821e,,,4b9af0ce-db08-4ccf-a9f3-b7c1eea14423,716055,,716055,"Gothmog, Morgul Lieutenant",5308,The Lord of the Rings: Tales of Middle-earth,,,mixed/unknown,0.02,0.18,0.13,0.16,0.15,0.03,0.39,0.26,0.34,0.34,Foil Low,,EUR,EUR,,,,,"{""mapped_product_ids"": []}",AMBIGUOUS,Cardmarket bulk data does not prove finish/treatment,false,false,false,,,,,,,,NO_COMPARISON,,,,NO_COMPARISON,ambiguous_identity,,"{""ambiguity_reasons"": [""unproven_treatment""], ""external_provenance"": [], ""scryfall_cardmarket_id"": 716055, ""stored_ids"": [716055], ""validated_stored_ids"": [716055]}",,,,
13088,magic,"Éowyn, Fearless Knight",430,ltr,The Lord of the Rings: Tales of Middle-earth,en,Scene,rare,nonfoil,Scene,562,scryfall_oracle:dcc349e9-399d-4f33-8131-d1801272466a,,,35b6da81-dc24-45b3-b94c-0d6fa00fad0c,716076,,716076,"Éowyn, Fearless Knight",5308,The Lord of the Rings: Tales of Middle-earth,,,mixed/unknown,0.2,1.17,1.11,1.02,1.05,0.39,1.86,1.68,1.74,1.72,Low,,EUR,EUR,,,,,"{""mapped_product_ids"": []}",AMBIGUOUS,Cardmarket bulk data does not prove finish/treatment,false,false,false,,,,,,,,NO_COMPARISON,,,,NO_COMPARISON,ambiguous_identity,,"{""ambiguity_reasons"": [""unproven_treatment""], ""external_provenance"": [], ""scryfall_cardmarket_id"": 716076, ""stored_ids"": [716076], ""validated_stored_ids"": [716076]}",,,,
13089,magic,"Éowyn, Fearless Knight",430,ltr,The Lord of the Rings: Tales of Middle-earth,en,Scene,rare,foil,Scene,562,scryfall_oracle:dcc349e9-399d-4f33-8131-d1801272466a,,,35b6da81-dc24-45b3-b94c-0d6fa00fad0c,716076,,716076,"Éowyn, Fearless Knight",5308,The Lord of the Rings: Tales of Middle-earth,,,mixed/unknown,0.2,1.17,1.11,1.02,1.05,0.39,1.86,1.68,1.74,1.72,Foil Low,,EUR,EUR,,,,,"{""mapped_product_ids"": []}",AMBIGUOUS,Cardmarket bulk data does not prove finish/treatment,false,false,false,,,,,,,,NO_COMPARISON,,,,NO_COMPARISON,ambiguous_identity,,"{""ambiguity_reasons"": [""unproven_treatment""], ""external_provenance"": [], ""scryfall_cardmarket_id"": 716076, ""stored_ids"": [716076], ""validated_stored_ids"": [716076]}",,,,
13090,magic,Prince Imrahil the Fair,431,ltr,The Lord of the Rings: Tales of Middle-earth,en,Scene,uncommon,nonfoil,Scene,191,scryfall_oracle:4c66e0ca-2d8a-4f68-ad15-55d75959d6e8,,,a0c9c814-df6b-4b54-a233-9bed31009bed,716025,,716025,Prince Imrahil the Fair,5308,The Lord of the Rings: Tales of Middle-earth,,,mixed/unknown,0.02,0.15,0.12,0.13,0.15,0.03,0.46,0.12,0.47,0.41,Low,,EUR,EUR,,,,,"{""mapped_product_ids"": []}",AMBIGUOUS,Cardmarket bulk data does not prove finish/treatment,false,false,false,,,,,,,,NO_COMPARISON,,,,NO_COMPARISON,ambiguous_identity,,"{""ambiguity_reasons"": [""unproven_treatment""], ""external_provenance"": [], ""scryfall_cardmarket_id"": 716025, ""stored_ids"": [716025], ""validated_stored_ids"": [716025]}",,,,
13091,magic,Prince Imrahil the Fair,431,ltr,The Lord of the Rings: Tales of Middle-earth,en,Scene,uncommon,foil,Scene,191,scryfall_oracle:4c66e0ca-2d8a-4f68-ad15-55d75959d6e8,,,a0c9c814-df6b-4b54-a233-9bed31009bed,716025,,716025,Prince Imrahil the Fair,5308,The Lord of the Rings: Tales of Middle-earth,,,mixed/unknown,0.02,0.15,0.12,0.13,0.15,0.03,0.46,0.12,0.47,0.41,Foil Low,,EUR,EUR,,,,,"{""mapped_product_ids"": []}",AMBIGUOUS,Cardmarket bulk data does not prove finish/treatment,false,false,false,,,,,,,,NO_COMPARISON,,,,NO_COMPARISON,ambiguous_identity,,"{""ambiguity_reasons"": [""unproven_treatment""], ""external_provenance"": [], ""scryfall_cardmarket_id"": 716025, ""stored_ids"": [716025], ""validated_stored_ids"": [716025]}",,,,
13092,magic,Knights of Dol Amroth,432,ltr,The Lord of the Rings: Tales of Middle-earth,en,Scene,common,nonfoil,Scene,160,scryfall_oracle:3f8b189e-775c-41ad-839a-153a3200c708,,,0c511371-97d7-47cc-934c-939dfbdd1c0b,716066,,716066,Knights of Dol Amroth,5308,The Lord of the Rings: Tales of Middle-earth,,,mixed/unknown,0.02,0.07,0.08,0.06,0.07,0.02,0.15,0.11,0.17,0.19,Low,,EUR,EUR,,,,,"{""mapped_product_ids"": []}",AMBIGUOUS,Cardmarket bulk data does not prove finish/treatment,false,false,false,,,,,,,,NO_COMPARISON,,,,NO_COMPARISON,ambiguous_identity,,"{""ambiguity_reasons"": [""unproven_treatment""], ""external_provenance"": [], ""scryfall_cardmarket_id"": 716066, ""stored_ids"": [716066], ""validated_stored_ids"": [716066]}",,,,
13093,magic,Knights of Dol Amroth,432,ltr,The Lord of the Rings: Tales of Middle-earth,en,Scene,common,foil,Scene,160,scryfall_oracle:3f8b189e-775c-41ad-839a-153a3200c708,,,0c511371-97d7-47cc-934c-939dfbdd1c0b,716066,,716066,Knights of Dol Amroth,5308,The Lord of the Rings: Tales of Middle-earth,,,mixed/unknown,0.02,0.07,0.08,0.06,0.07,0.02,0.15,0.11,0.17,0.19,Foil Low,,EUR,EUR,,,,,"{""mapped_product_ids"": []}",AMBIGUOUS,Cardmarket bulk data does not prove finish/treatment,false,false,false,,,,,,,,NO_COMPARISON,,,,NO_COMPARISON,ambiguous_identity,,"{""ambiguity_reasons"": [""unproven_treatment""], ""external_provenance"": [], ""scryfall_cardmarket_id"": 716066, ""stored_ids"": [716066], ""validated_stored_ids"": [716066]}",,,,
13094,magic,Orcish Bowmasters,433,ltr,The Lord of the Rings: Tales of Middle-earth,en,Scene,rare,nonfoil,Scene,586,scryfall_oracle:ea5103f5-27e0-4eb1-902c-7f34652d6bf3,,,de2de055-5246-408b-80fe-cd01688c145e,716028,,716028,Orcish Bowmasters,5308,The Lord of the Rings: Tales of Middle-earth,,,mixed/unknown,34,38.48,39.87,38.11,37.88,43,49.55,49.5,48.17,49.18,Low,,EUR,EUR,,,,,"{""mapped_product_ids"": []}",AMBIGUOUS,Cardmarket bulk data does not prove finish/treatment,false,false,false,,,,,,,,NO_COMPARISON,,,,NO_COMPARISON,ambiguous_identity,,"{""ambiguity_reasons"": [""unproven_treatment""], ""external_provenance"": [], ""scryfall_cardmarket_id"": 716028, ""stored_ids"": [716028], ""validated_stored_ids"": [716028]}",,,,
13095,magic,Orcish Bowmasters,433,ltr,The Lord of the Rings: Tales of Middle-earth,en,Scene,rare,foil,Scene,586,scryfall_oracle:ea5103f5-27e0-4eb1-902c-7f34652d6bf3,,,de2de055-5246-408b-80fe-cd01688c145e,716028,,716028,Orcish Bowmasters,5308,The Lord of the Rings: Tales of Middle-earth,,,mixed/unknown,34,38.48,39.87,38.11,37.88,43,49.55,49.5,48.17,49.18,Foil Low,,EUR,EUR,,,,,"{""mapped_product_ids"": []}",AMBIGUOUS,Cardmarket bulk data does not prove finish/treatment,false,false,false,,,,,,,,NO_COMPARISON,,,,NO_COMPARISON,ambiguous_identity,,"{""ambiguity_reasons"": [""unproven_treatment""], ""external_provenance"": [], ""scryfall_cardmarket_id"": 716028, ""stored_ids"": [716028], ""validated_stored_ids"": [716028]}",,,,
13096,magic,"Aragorn, the Uniter",434,ltr,The Lord of the Rings: Tales of Middle-earth,en,Scene,mythic,nonfoil,Scene,156,scryfall_oracle:3f31c423-d45c-4c3e-b7d4-ca125be0f92c,,,f52471b8-c962-496e-8634-127337eede01,716054,,716054,"Aragorn, the Uniter",5308,The Lord of the Rings: Tales of Middle-earth,,,mixed/unknown,8.45,14.98,13,15.15,15.11,8.45,24.15,12.98,20.56,20.66,Low,,EUR,EUR,,,,,"{""mapped_product_ids"": []}",AMBIGUOUS,Cardmarket bulk data does not prove finish/treatment,false,false,false,,,,,,,,NO_COMPARISON,,,,NO_COMPARISON,ambiguous_identity,,"{""ambiguity_reasons"": [""unproven_treatment""], ""external_provenance"": [], ""scryfall_cardmarket_id"": 716054, ""stored_ids"": [716054], ""validated_stored_ids"": [716054]}",,,,
13097,magic,"Aragorn, the Uniter",434,ltr,The Lord of the Rings: Tales of Middle-earth,en,Scene,mythic,foil,Scene,156,scryfall_oracle:3f31c423-d45c-4c3e-b7d4-ca125be0f92c,,,f52471b8-c962-496e-8634-127337eede01,716054,,716054,"Aragorn, the Uniter",5308,The Lord of the Rings: Tales of Middle-earth,,,mixed/unknown,8.45,14.98,13,15.15,15.11,8.45,24.15,12.98,20.56,20.66,Foil Low,,EUR,EUR,,,,,"{""mapped_product_ids"": []}",AMBIGUOUS,Cardmarket bulk data does not prove finish/treatment,false,false,false,,,,,,,,NO_COMPARISON,,,,NO_COMPARISON,ambiguous_identity,,"{""ambiguity_reasons"": [""unproven_treatment""], ""external_provenance"": [], ""scryfall_cardmarket_id"": 716054, ""stored_ids"": [716054], ""validated_stored_ids"": [716054]}",,,,
13098,magic,"Legolas, Master Archer",435,ltr,The Lord of the Rings: Tales of Middle-earth,en,Scene,rare,nonfoil,Scene,232,scryfall_oracle:5e99497f-7c73-49ae-88b3-78d5d74ba9ea,,,c9ddc39b-9bc9-4106-86aa-a086b5f5c301,716019,,716019,"Legolas, Master Archer",5308,The Lord of the Rings: Tales of Middle-earth,,,mixed/unknown,0.6,1.79,1,1.54,1.52,1,2.81,3.19,3.36,2.69,Low,,EUR,EUR,,,,,"{""mapped_product_ids"": []}",AMBIGUOUS,Cardmarket bulk data does not prove finish/treatment,false,false,false,,,,,,,,NO_COMPARISON,,,,NO_COMPARISON,ambiguous_identity,,"{""ambiguity_reasons"": [""unproven_treatment""], ""external_provenance"": [], ""scryfall_cardmarket_id"": 716019, ""stored_ids"": [716019], ""validated_stored_ids"": [716019]}",,,,
13099,magic,"Legolas, Master Archer",435,ltr,The Lord of the Rings: Tales of Middle-earth,en,Scene,rare,foil,Scene,232,scryfall_oracle:5e99497f-7c73-49ae-88b3-78d5d74ba9ea,,,c9ddc39b-9bc9-4106-86aa-a086b5f5c301,716019,,716019,"Legolas, Master Archer",5308,The Lord of the Rings: Tales of Middle-earth,,,mixed/unknown,0.6,1.79,1,1.54,1.52,1,2.81,3.19,3.36,2.69,Foil Low,,EUR,EUR,,,,,"{""mapped_product_ids"": []}",AMBIGUOUS,Cardmarket bulk data does not prove finish/treatment,false,false,false,,,,,,,,NO_COMPARISON,,,,NO_COMPARISON,ambiguous_identity,,"{""ambiguity_reasons"": [""unproven_treatment""], ""external_provenance"": [], ""scryfall_cardmarket_id"": 716019, ""stored_ids"": [716019], ""validated_stored_ids"": [716019]}",,,,
13100,magic,"Gimli, Mournful Avenger",436,ltr,The Lord of the Rings: Tales of Middle-earth,en,Scene,rare,nonfoil,Scene,406,scryfall_oracle:9f3941d8-b4d2-4faf-881a-f15973b4368d,,,3a8bd920-5e70-4c3d-bd15-ccb8d1c87e2e,716059,,716059,"Gimli, Mournful Avenger",5308,The Lord of the Rings: Tales of Middle-earth,,,mixed/unknown,0.9,1.76,1.43,1.49,2.02,1.2,3.3,3.75,2.98,3.33,Low,,EUR,EUR,,,,,"{""mapped_product_ids"": []}",AMBIGUOUS,Cardmarket bulk data does not prove finish/treatment,false,false,false,,,,,,,,NO_COMPARISON,,,,NO_COMPARISON,ambiguous_identity,,"{""ambiguity_reasons"": [""unproven_treatment""], ""external_provenance"": [], ""scryfall_cardmarket_id"": 716059, ""stored_ids"": [716059], ""validated_stored_ids"": [716059]}",,,,
13101,magic,"Gimli, Mournful Avenger",436,ltr,The Lord of the Rings: Tales of Middle-earth,en,Scene,rare,foil,Scene,406,scryfall_oracle:9f3941d8-b4d2-4faf-881a-f15973b4368d,,,3a8bd920-5e70-4c3d-bd15-ccb8d1c87e2e,716059,,716059,"Gimli, Mournful Avenger",5308,The Lord of the Rings: Tales of Middle-earth,,,mixed/unknown,0.9,1.76,1.43,1.49,2.02,1.2,3.3,3.75,2.98,3.33,Foil Low,1.2,EUR,EUR,cardmarket,716059,high,2026-08-29T02:41:58+0200,"{""cardmarket_product_id"": 716059, ""history_id"": 350}",AMBIGUOUS,Cardmarket bulk data does not prove finish/treatment,false,false,false,,,,,,,,NO_COMPARISON,,,,NO_COMPARISON,ambiguous_identity,,"{""ambiguity_reasons"": [""unproven_treatment""], ""external_provenance"": [], ""scryfall_cardmarket_id"": 716059, ""stored_ids"": [716059], ""validated_stored_ids"": [716059]}",1,1.2,,
13102,magic,"Merry, Esquire of Rohan",437,ltr,The Lord of the Rings: Tales of Middle-earth,en,Scene,rare,nonfoil,Scene,197,scryfall_oracle:4dce1f49-ddad-4748-893a-e10d831ee7d7,,,259ff889-fc9a-42f7-998d-0ab23c94ad8a,716021,,716021,"Merry, Esquire of Rohan",5308,The Lord of the Rings: Tales of Middle-earth,,,mixed/unknown,0.8,1.74,2.22,1.68,1.8,1.45,2.74,2,3.2,2.79,Low,,EUR,EUR,,,,,"{""mapped_product_ids"": []}",AMBIGUOUS,Cardmarket bulk data does not prove finish/treatment,false,false,false,,,,,,,,NO_COMPARISON,,,,NO_COMPARISON,ambiguous_identity,,"{""ambiguity_reasons"": [""unproven_treatment""], ""external_provenance"": [], ""scryfall_cardmarket_id"": 716021, ""stored_ids"": [716021], ""validated_stored_ids"": [716021]}",,,,
13103,magic,"Merry, Esquire of Rohan",437,ltr,The Lord of the Rings: Tales of Middle-earth,en,Scene,rare,foil,Scene,197,scryfall_oracle:4dce1f49-ddad-4748-893a-e10d831ee7d7,,,259ff889-fc9a-42f7-998d-0ab23c94ad8a,716021,,716021,"Merry, Esquire of Rohan",5308,The Lord of the Rings: Tales of Middle-earth,,,mixed/unknown,0.8,1.74,2.22,1.68,1.8,1.45,2.74,2,3.2,2.79,Foil Low,,EUR,EUR,,,,,"{""mapped_product_ids"": []}",AMBIGUOUS,Cardmarket bulk data does not prove finish/treatment,false,false,false,,,,,,,,NO_COMPARISON,,,,NO_COMPARISON,ambiguous_identity,,"{""ambiguity_reasons"": [""unproven_treatment""], ""external_provenance"": [], ""scryfall_cardmarket_id"": 716021, ""stored_ids"": [716021], ""validated_stored_ids"": [716021]}",,,,
13104,magic,"Pippin, Guard of the Citadel",438,ltr,The Lord of the Rings: Tales of Middle-earth,en,Scene,rare,nonfoil,Scene,93,scryfall_oracle:25afddd2-6e48-4742-b34e-e3b5def7c0fd,,,3e96ccfa-153c-459e-9e75-f87ff1ed334a,716047,,716047,"Pippin, Guard of the Citadel",5308,The Lord of the Rings: Tales of Middle-earth,,,mixed/unknown,0.15,2.1,2.12,2.16,1.96,0.65,3.2,2.98,3.13,4.68,Low,,EUR,EUR,,,,,"{""mapped_product_ids"": []}",AMBIGUOUS,Cardmarket bulk data does not prove finish/treatment,false,false,false,,,,,,,,NO_COMPARISON,,,,NO_COMPARISON,ambiguous_identity,,"{""ambiguity_reasons"": [""unproven_treatment""], ""external_provenance"": [], ""scryfall_cardmarket_id"": 716047, ""stored_ids"": [716047], ""validated_stored_ids"": [716047]}",,,,
13105,magic,"Pippin, Guard of the Citadel",438,ltr,The Lord of the Rings: Tales of Middle-earth,en,Scene,rare,foil,Scene,93,scryfall_oracle:25afddd2-6e48-4742-b34e-e3b5def7c0fd,,,3e96ccfa-153c-459e-9e75-f87ff1ed334a,716047,,716047,"Pippin, Guard of the Citadel",5308,The Lord of the Rings: Tales of Middle-earth,,,mixed/unknown,0.15,2.1,2.12,2.16,1.96,0.65,3.2,2.98,3.13,4.68,Foil Low,,EUR,EUR,,,,,"{""mapped_product_ids"": []}",AMBIGUOUS,Cardmarket bulk data does not prove finish/treatment,false,false,false,,,,,,,,NO_COMPARISON,,,,NO_COMPARISON,ambiguous_identity,,"{""ambiguity_reasons"": [""unproven_treatment""], ""external_provenance"": [], ""scryfall_cardmarket_id"": 716047, ""stored_ids"": [716047], ""validated_stored_ids"": [716047]}",,,,
13106,magic,Spiteful Banditry,439,ltr,The Lord of the Rings: Tales of Middle-earth,en,Scene,mythic,nonfoil,Scene,635,scryfall_oracle:fde2653f-5270-4b8f-9642-0835dbb076c2,,,f564871f-0f17-4196-bd1d-617b6738c87d,717752,,717752,Spiteful Banditry,5308,The Lord of the Rings: Tales of Middle-earth,,,mixed/unknown,3.74,6.73,7.08,6.38,6.39,3.99,8.52,8,8.27,7.5,Low,,EUR,EUR,,,,,"{""mapped_product_ids"": []}",AMBIGUOUS,Cardmarket bulk data does not prove finish/treatment,false,false,false,,,,,,,,NO_COMPARISON,,,,NO_COMPARISON,ambiguous_identity,,"{""ambiguity_reasons"": [""unproven_treatment""], ""external_provenance"": [], ""scryfall_cardmarket_id"": 717752, ""stored_ids"": [717752], ""validated_stored_ids"": [717752]}",,,,
13107,magic,Spiteful Banditry,439,ltr,The Lord of the Rings: Tales of Middle-earth,en,Scene,mythic,foil,Scene,635,scryfall_oracle:fde2653f-5270-4b8f-9642-0835dbb076c2,,,f564871f-0f17-4196-bd1d-617b6738c87d,717752,,717752,Spiteful Banditry,5308,The Lord of the Rings: Tales of Middle-earth,,,mixed/unknown,3.74,6.73,7.08,6.38,6.39,3.99,8.52,8,8.27,7.5,Foil Low,,EUR,EUR,,,,,"{""mapped_product_ids"": []}",AMBIGUOUS,Cardmarket bulk data does not prove finish/treatment,false,false,false,,,,,,,,NO_COMPARISON,,,,NO_COMPARISON,ambiguous_identity,,"{""ambiguity_reasons"": [""unproven_treatment""], ""external_provenance"": [], ""scryfall_cardmarket_id"": 717752, ""stored_ids"": [717752], ""validated_stored_ids"": [717752]}",,,,
13108,magic,Rosie Cotton of South Lane,440,ltr,The Lord of the Rings: Tales of Middle-earth,en,Scene,uncommon,nonfoil,Scene,55,scryfall_oracle:168d5711-4459-440f-8de4-aabffd47c44d,,,5a56cbc2-6fc2-4443-90fe-59acd526f562,716060,,716060,Rosie Cotton of South Lane,5308,The Lord of the Rings: Tales of Middle-earth,,,mixed/unknown,0.02,0.16,0.09,0.13,0.15,0.02,0.47,0.64,0.47,0.43,Low,,EUR,EUR,,,,,"{""mapped_product_ids"": []}",AMBIGUOUS,Cardmarket bulk data does not prove finish/treatment,false,false,false,,,,,,,,NO_COMPARISON,,,,NO_COMPARISON,ambiguous_identity,,"{""ambiguity_reasons"": [""unproven_treatment""], ""external_provenance"": [], ""scryfall_cardmarket_id"": 716060, ""stored_ids"": [716060], ""validated_stored_ids"": [716060]}",,,,
13109,magic,Rosie Cotton of South Lane,440,ltr,The Lord of the Rings: Tales of Middle-earth,en,Scene,uncommon,foil,Scene,55,scryfall_oracle:168d5711-4459-440f-8de4-aabffd47c44d,,,5a56cbc2-6fc2-4443-90fe-59acd526f562,716060,,716060,Rosie Cotton of South Lane,5308,The Lord of the Rings: Tales of Middle-earth,,,mixed/unknown,0.02,0.16,0.09,0.13,0.15,0.02,0.47,0.64,0.47,0.43,Foil Low,,EUR,EUR,,,,,"{""mapped_product_ids"": []}",AMBIGUOUS,Cardmarket bulk data does not prove finish/treatment,false,false,false,,,,,,,,NO_COMPARISON,,,,NO_COMPARISON,ambiguous_identity,,"{""ambiguity_reasons"": [""unproven_treatment""], ""external_provenance"": [], ""scryfall_cardmarket_id"": 716060, ""stored_ids"": [716060], ""validated_stored_ids"": [716060]}",,,,
13110,magic,Shire Shirriff,441,ltr,The Lord of the Rings: Tales of Middle-earth,en,Scene,uncommon,nonfoil,Scene,51,scryfall_oracle:14f36157-f55f-495d-9ffe-f38135a59750,,,11b50fec-28e0-4eaf-9184-73cc7234577f,717759,,717759,Shire Shirriff,5308,The Lord of the Rings: Tales of Middle-earth,,,mixed/unknown,0.02,0.11,0.06,0.11,0.1,0.02,0.25,0.15,0.25,0.23,Low,,EUR,EUR,,,,,"{""mapped_product_ids"": []}",AMBIGUOUS,Cardmarket bulk data does not prove finish/treatment,false,false,false,,,,,,,,NO_COMPARISON,,,,NO_COMPARISON,ambiguous_identity,,"{""ambiguity_reasons"": [""unproven_treatment""], ""external_provenance"": [], ""scryfall_cardmarket_id"": 717759, ""stored_ids"": [717759], ""validated_stored_ids"": [717759]}",,,,
13111,magic,Shire Shirriff,441,ltr,The Lord of the Rings: Tales of Middle-earth,en,Scene,uncommon,foil,Scene,51,scryfall_oracle:14f36157-f55f-495d-9ffe-f38135a59750,,,11b50fec-28e0-4eaf-9184-73cc7234577f,717759,,717759,Shire Shirriff,5308,The Lord of the Rings: Tales of Middle-earth,,,mixed/unknown,0.02,0.11,0.06,0.11,0.1,0.02,0.25,0.15,0.25,0.23,Foil Low,,EUR,EUR,,,,,"{""mapped_product_ids"": []}",AMBIGUOUS,Cardmarket bulk data does not prove finish/treatment,false,false,false,,,,,,,,NO_COMPARISON,,,,NO_COMPARISON,ambiguous_identity,,"{""ambiguity_reasons"": [""unproven_treatment""], ""external_provenance"": [], ""scryfall_cardmarket_id"": 717759, ""stored_ids"": [717759], ""validated_stored_ids"": [717759]}",,,,
13112,magic,Gandalf the White,442,ltr,The Lord of the Rings: Tales of Middle-earth,en,Scene,mythic,nonfoil,Scene,225,scryfall_oracle:5b3b5f6a-375e-4479-9384-a942eda83f9b,,,61741337-1f9d-42f2-8e79-c7bae436ec59,716063,,716063,Gandalf the White,5308,The Lord of the Rings: Tales of Middle-earth,,,mixed/unknown,7.95,17.72,19.34,16.8,15.38,9.49,21.27,25.89,19.58,20.13,Low,,EUR,EUR,,,,,"{""mapped_product_ids"": []}",AMBIGUOUS,Cardmarket bulk data does not prove finish/treatment,false,false,false,,,,,,,,NO_COMPARISON,,,,NO_COMPARISON,ambiguous_identity,,"{""ambiguity_reasons"": [""unproven_treatment""], ""external_provenance"": [], ""scryfall_cardmarket_id"": 716063, ""stored_ids"": [716063], ""validated_stored_ids"": [716063]}",,,,
13113,magic,Gandalf the White,442,ltr,The Lord of the Rings: Tales of Middle-earth,en,Scene,mythic,foil,Scene,225,scryfall_oracle:5b3b5f6a-375e-4479-9384-a942eda83f9b,,,61741337-1f9d-42f2-8e79-c7bae436ec59,716063,,716063,Gandalf the White,5308,The Lord of the Rings: Tales of Middle-earth,,,mixed/unknown,7.95,17.72,19.34,16.8,15.38,9.49,21.27,25.89,19.58,20.13,Foil Low,,EUR,EUR,,,,,"{""mapped_product_ids"": []}",AMBIGUOUS,Cardmarket bulk data does not prove finish/treatment,false,false,false,,,,,,,,NO_COMPARISON,,,,NO_COMPARISON,ambiguous_identity,,"{""ambiguity_reasons"": [""unproven_treatment""], ""external_provenance"": [], ""scryfall_cardmarket_id"": 716063, ""stored_ids"": [716063], ""validated_stored_ids"": [716063]}",,,,
13114,magic,The Grey Havens,443,ltr,The Lord of the Rings: Tales of Middle-earth,en,Scene,uncommon,nonfoil,Scene,414,scryfall_oracle:a1a9695e-073b-4a65-b3ec-2cfddc23202a,,,9714aa30-1db2-4670-9a0b-72acfc3f703c,717739,,717739,The Grey Havens,5308,The Lord of the Rings: Tales of Middle-earth,,,mixed/unknown,0.02,0.23,0.15,0.19,0.19,0.05,0.49,0.46,0.53,0.54,Low,,EUR,EUR,,,,,"{""mapped_product_ids"": []}",AMBIGUOUS,Cardmarket bulk data does not prove finish/treatment,false,false,false,,,,,,,,NO_COMPARISON,,,,NO_COMPARISON,ambiguous_identity,,"{""ambiguity_reasons"": [""unproven_treatment""], ""external_provenance"": [], ""scryfall_cardmarket_id"": 717739, ""stored_ids"": [717739], ""validated_stored_ids"": [717739]}",,,,
13115,magic,The Grey Havens,443,ltr,The Lord of the Rings: Tales of Middle-earth,en,Scene,uncommon,foil,Scene,414,scryfall_oracle:a1a9695e-073b-4a65-b3ec-2cfddc23202a,,,9714aa30-1db2-4670-9a0b-72acfc3f703c,717739,,717739,The Grey Havens,5308,The Lord of the Rings: Tales of Middle-earth,,,mixed/unknown,0.02,0.23,0.15,0.19,0.19,0.05,0.49,0.46,0.53,0.54,Foil Low,,EUR,EUR,,,,,"{""mapped_product_ids"": []}",AMBIGUOUS,Cardmarket bulk data does not prove finish/treatment,false,false,false,,,,,,,,NO_COMPARISON,,,,NO_COMPARISON,ambiguous_identity,,"{""ambiguity_reasons"": [""unproven_treatment""], ""external_provenance"": [], ""scryfall_cardmarket_id"": 717739, ""stored_ids"": [717739], ""validated_stored_ids"": [717739]}",,,,
13116,magic,Lost Isle Calling,444,ltr,The Lord of the Rings: Tales of Middle-earth,en,Scene,rare,nonfoil,Scene,36,scryfall_oracle:0efbf29c-09a0-4472-83ad-8d692c0232a5,,,fab613e1-390c-4581-9c3e-4c4b26464d10,717740,,717740,Lost Isle Calling,5308,The Lord of the Rings: Tales of Middle-earth,,,mixed/unknown,0.05,0.5,0.62,0.42,0.41,0.24,0.56,0.37,0.63,0.77,Low,,EUR,EUR,,,,,"{""mapped_product_ids"": []}",AMBIGUOUS,Cardmarket bulk data does not prove finish/treatment,false,false,false,,,,,,,,NO_COMPARISON,,,,NO_COMPARISON,ambiguous_identity,,"{""ambiguity_reasons"": [""unproven_treatment""], ""external_provenance"": [], ""scryfall_cardmarket_id"": 717740, ""stored_ids"": [717740], ""validated_stored_ids"": [717740]}",,,,
13117,magic,Lost Isle Calling,444,ltr,The Lord of the Rings: Tales of Middle-earth,en,Scene,rare,foil,Scene,36,scryfall_oracle:0efbf29c-09a0-4472-83ad-8d692c0232a5,,,fab613e1-390c-4581-9c3e-4c4b26464d10,717740,,717740,Lost Isle Calling,5308,The Lord of the Rings: Tales of Middle-earth,,,mixed/unknown,0.05,0.5,0.62,0.42,0.41,0.24,0.56,0.37,0.63,0.77,Foil Low,,EUR,EUR,,,,,"{""mapped_product_ids"": []}",AMBIGUOUS,Cardmarket bulk data does not prove finish/treatment,false,false,false,,,,,,,,NO_COMPARISON,,,,NO_COMPARISON,ambiguous_identity,,"{""ambiguity_reasons"": [""unproven_treatment""], ""external_provenance"": [], ""scryfall_cardmarket_id"": 717740, ""stored_ids"": [717740], ""validated_stored_ids"": [717740]}",,,,
13118,magic,Many Partings,445,ltr,The Lord of the Rings: Tales of Middle-earth,en,Scene,common,nonfoil,Scene,369,scryfall_oracle:92ea750e-62b7-4422-a527-ddf435759d08,,,7769f0ce-b31b-4cb5-8635-2b9b70114180,716034,,716034,Many Partings,5308,The Lord of the Rings: Tales of Middle-earth,,,mixed/unknown,0.02,0.13,0.15,0.11,0.12,0.02,0.27,0.18,0.27,0.23,Low,,EUR,EUR,,,,,"{""mapped_product_ids"": []}",AMBIGUOUS,Cardmarket bulk data does not prove finish/treatment,false,false,false,,,,,,,,NO_COMPARISON,,,,NO_COMPARISON,ambiguous_identity,,"{""ambiguity_reasons"": [""unproven_treatment""], ""external_provenance"": [], ""scryfall_cardmarket_id"": 716034, ""stored_ids"": [716034], ""validated_stored_ids"": [716034]}",,,,
13119,magic,Many Partings,445,ltr,The Lord of the Rings: Tales of Middle-earth,en,Scene,common,foil,Scene,369,scryfall_oracle:92ea750e-62b7-4422-a527-ddf435759d08,,,7769f0ce-b31b-4cb5-8635-2b9b70114180,716034,,716034,Many Partings,5308,The Lord of the Rings: Tales of Middle-earth,,,mixed/unknown,0.02,0.13,0.15,0.11,0.12,0.02,0.27,0.18,0.27,0.23,Foil Low,,EUR,EUR,,,,,"{""mapped_product_ids"": []}",AMBIGUOUS,Cardmarket bulk data does not prove finish/treatment,false,false,false,,,,,,,,NO_COMPARISON,,,,NO_COMPARISON,ambiguous_identity,,"{""ambiguity_reasons"": [""unproven_treatment""], ""external_provenance"": [], ""scryfall_cardmarket_id"": 716034, ""stored_ids"": [716034], ""validated_stored_ids"": [716034]}",,,,
13120,magic,Galadriel of Lothlórien,446,ltr,The Lord of the Rings: Tales of Middle-earth,en,Scene,rare,nonfoil,Scene,356,scryfall_oracle:8d3c9646-2b6b-4315-939d-5a920efc0a60,,,9f28ce3f-a82b-4d4c-8803-340873cc5814,717781,,717781,Galadriel of Lothlórien,5308,The Lord of the Rings: Tales of Middle-earth,,,mixed/unknown,0.85,3.16,2.92,2.34,2.5,2.9,4.8,3.99,4.91,4.42,Low,,EUR,EUR,,,,,"{""mapped_product_ids"": []}",AMBIGUOUS,Cardmarket bulk data does not prove finish/treatment,false,false,false,,,,,,,,NO_COMPARISON,,,,NO_COMPARISON,ambiguous_identity,,"{""ambiguity_reasons"": [""unproven_treatment""], ""external_provenance"": [], ""scryfall_cardmarket_id"": 717781, ""stored_ids"": [717781], ""validated_stored_ids"": [717781]}",,,,
13121,magic,Galadriel of Lothlórien,446,ltr,The Lord of the Rings: Tales of Middle-earth,en,Scene,rare,foil,Scene,356,scryfall_oracle:8d3c9646-2b6b-4315-939d-5a920efc0a60,,,9f28ce3f-a82b-4d4c-8803-340873cc5814,717781,,717781,Galadriel of Lothlórien,5308,The Lord of the Rings: Tales of Middle-earth,,,mixed/unknown,0.85,3.16,2.92,2.34,2.5,2.9,4.8,3.99,4.91,4.42,Foil Low,,EUR,EUR,,,,,"{""mapped_product_ids"": []}",AMBIGUOUS,Cardmarket bulk data does not prove finish/treatment,false,false,false,,,,,,,,NO_COMPARISON,,,,NO_COMPARISON,ambiguous_identity,,"{""ambiguity_reasons"": [""unproven_treatment""], ""external_provenance"": [], ""scryfall_cardmarket_id"": 717781, ""stored_ids"": [717781], ""validated_stored_ids"": [717781]}",,,,
13122,magic,"Elrond, Master of Healing",447,ltr,The Lord of the Rings: Tales of Middle-earth,en,Scene,rare,nonfoil,Scene,101,scryfall_oracle:28aefa3a-16d3-4207-bb8c-588b722a4041,,,1a037b81-28a3-4ecb-9c18-e9cd5cabad16,717730,,717730,"Elrond, Master of Healing",5308,The Lord of the Rings: Tales of Middle-earth,,,mixed/unknown,0.75,2.3,4.62,2.67,2.42,1.49,3.3,2.99,3.3,2.91,Low,,EUR,EUR,,,,,"{""mapped_product_ids"": []}",AMBIGUOUS,Cardmarket bulk data does not prove finish/treatment,false,false,false,,,,,,,,NO_COMPARISON,,,,NO_COMPARISON,ambiguous_identity,,"{""ambiguity_reasons"": [""unproven_treatment""], ""external_provenance"": [], ""scryfall_cardmarket_id"": 717730, ""stored_ids"": [717730], ""validated_stored_ids"": [717730]}",,,,
13123,magic,"Elrond, Master of Healing",447,ltr,The Lord of the Rings: Tales of Middle-earth,en,Scene,rare,foil,Scene,101,scryfall_oracle:28aefa3a-16d3-4207-bb8c-588b722a4041,,,1a037b81-28a3-4ecb-9c18-e9cd5cabad16,717730,,717730,"Elrond, Master of Healing",5308,The Lord of the Rings: Tales of Middle-earth,,,mixed/unknown,0.75,2.3,4.62,2.67,2.42,1.49,3.3,2.99,3.3,2.91,Foil Low,,EUR,EUR,,,,,"{""mapped_product_ids"": []}",AMBIGUOUS,Cardmarket bulk data does not prove finish/treatment,false,false,false,,,,,,,,NO_COMPARISON,,,,NO_COMPARISON,ambiguous_identity,,"{""ambiguity_reasons"": [""unproven_treatment""], ""external_provenance"": [], ""scryfall_cardmarket_id"": 717730, ""stored_ids"": [717730], ""validated_stored_ids"": [717730]}",,,,
13124,magic,"Frodo, Sauron's Bane",448,ltr,The Lord of the Rings: Tales of Middle-earth,en,Scene,rare,nonfoil,Scene,353,scryfall_oracle:8be62f5c-0ab2-4869-97a2-d8a69a3fde95,,,1a5a5971-2f93-40f3-b5a2-97b1f0129399,716081,,716081,"Frodo, Sauron's Bane",5308,The Lord of the Rings: Tales of Middle-earth,,,mixed/unknown,0.08,0.42,0.56,0.57,0.61,0.1,0.56,0.47,0.56,0.53,Low,,EUR,EUR,,,,,"{""mapped_product_ids"": []}",AMBIGUOUS,Cardmarket bulk data does not prove finish/treatment,false,false,false,,,,,,,,NO_COMPARISON,,,,NO_COMPARISON,ambiguous_identity,,"{""ambiguity_reasons"": [""unproven_treatment""], ""external_provenance"": [], ""scryfall_cardmarket_id"": 716081, ""stored_ids"": [716081], ""validated_stored_ids"": [716081]}",,,,
13125,magic,"Frodo, Sauron's Bane",448,ltr,The Lord of the Rings: Tales of Middle-earth,en,Scene,rare,foil,Scene,353,scryfall_oracle:8be62f5c-0ab2-4869-97a2-d8a69a3fde95,,,1a5a5971-2f93-40f3-b5a2-97b1f0129399,716081,,716081,"Frodo, Sauron's Bane",5308,The Lord of the Rings: Tales of Middle-earth,,,mixed/unknown,0.08,0.42,0.56,0.57,0.61,0.1,0.56,0.47,0.56,0.53,Foil Low,,EUR,EUR,,,,,"{""mapped_product_ids"": []}",AMBIGUOUS,Cardmarket bulk data does not prove finish/treatment,false,false,false,,,,,,,,NO_COMPARISON,,,,NO_COMPARISON,ambiguous_identity,,"{""ambiguity_reasons"": [""unproven_treatment""], ""external_provenance"": [], ""scryfall_cardmarket_id"": 716081, ""stored_ids"": [716081], ""validated_stored_ids"": [716081]}",,,,
13126,magic,Samwise the Stouthearted,449,ltr,The Lord of the Rings: Tales of Middle-earth,en,Scene,uncommon,nonfoil,Scene,34,scryfall_oracle:0e26b429-0469-474a-818a-2d4696c38a05,,,16891fb5-1388-465c-8d86-97de0ee94ef1,716040,,716040,Samwise the Stouthearted,5308,The Lord of the Rings: Tales of Middle-earth,,,mixed/unknown,0.05,0.49,0.99,0.48,0.43,0.05,0.61,0.36,0.62,0.53,Low,,EUR,EUR,,,,,"{""mapped_product_ids"": []}",AMBIGUOUS,Cardmarket bulk data does not prove finish/treatment,false,false,false,,,,,,,,NO_COMPARISON,,,,NO_COMPARISON,ambiguous_identity,,"{""ambiguity_reasons"": [""unproven_treatment""], ""external_provenance"": [], ""scryfall_cardmarket_id"": 716040, ""stored_ids"": [716040], ""validated_stored_ids"": [716040]}",,,,
13127,magic,Samwise the Stouthearted,449,ltr,The Lord of the Rings: Tales of Middle-earth,en,Scene,uncommon,foil,Scene,34,scryfall_oracle:0e26b429-0469-474a-818a-2d4696c38a05,,,16891fb5-1388-465c-8d86-97de0ee94ef1,716040,,716040,Samwise the Stouthearted,5308,The Lord of the Rings: Tales of Middle-earth,,,mixed/unknown,0.05,0.49,0.99,0.48,0.43,0.05,0.61,0.36,0.62,0.53,Foil Low,,EUR,EUR,,,,,"{""mapped_product_ids"": []}",AMBIGUOUS,Cardmarket bulk data does not prove finish/treatment,false,false,false,,,,,,,,NO_COMPARISON,,,,NO_COMPARISON,ambiguous_identity,,"{""ambiguity_reasons"": [""unproven_treatment""], ""external_provenance"": [], ""scryfall_cardmarket_id"": 716040, ""stored_ids"": [716040], ""validated_stored_ids"": [716040]}",,,,
13128,magic,"Gollum, Patient Plotter",450,ltr,The Lord of the Rings: Tales of Middle-earth,en,Scene,uncommon,nonfoil,Scene,501,scryfall_oracle:c4545884-35b7-47cf-939e-3d5d3fe555a4,,,3581ef56-4649-43f4-829c-af28278833a2,716082,,716082,"Gollum, Patient Plotter",5308,The Lord of the Rings: Tales of Middle-earth,,,mixed/unknown,0.05,0.33,0.75,0.41,0.47,0.05,0.59,0.6,0.65,0.66,Low,,EUR,EUR,,,,,"{""mapped_product_ids"": []}",AMBIGUOUS,Cardmarket bulk data does not prove finish/treatment,false,false,false,,,,,,,,NO_COMPARISON,,,,NO_COMPARISON,ambiguous_identity,,"{""ambiguity_reasons"": [""unproven_treatment""], ""external_provenance"": [], ""scryfall_cardmarket_id"": 716082, ""stored_ids"": [716082], ""validated_stored_ids"": [716082]}",,,,
13129,magic,"Gollum, Patient Plotter",450,ltr,The Lord of the Rings: Tales of Middle-earth,en,Scene,uncommon,foil,Scene,501,scryfall_oracle:c4545884-35b7-47cf-939e-3d5d3fe555a4,,,3581ef56-4649-43f4-829c-af28278833a2,716082,,716082,"Gollum, Patient Plotter",5308,The Lord of the Rings: Tales of Middle-earth,,,mixed/unknown,0.05,0.33,0.75,0.41,0.47,0.05,0.59,0.6,0.65,0.66,Foil Low,,EUR,EUR,,,,,"{""mapped_product_ids"": []}",AMBIGUOUS,Cardmarket bulk data does not prove finish/treatment,false,false,false,,,,,,,,NO_COMPARISON,,,,NO_COMPARISON,ambiguous_identity,,"{""ambiguity_reasons"": [""unproven_treatment""], ""external_provenance"": [], ""scryfall_cardmarket_id"": 716082, ""stored_ids"": [716082], ""validated_stored_ids"": [716082]}",,,,
13130,magic,The One Ring,451,ltr,The Lord of the Rings: Tales of Middle-earth,en,Scene,mythic,nonfoil,Scene,140,scryfall_oracle:3aa83ed2-f48b-4ce6-a614-2c54ddf50538,,,126ea71a-9a64-4d1e-a8ca-1efce3b8346f,716083,,716083,The One Ring,5308,The Lord of the Rings: Tales of Middle-earth,,,mixed/unknown,75,81.8,82.49,83.34,76.51,75,80.69,82.84,80.48,79.84,Low,,EUR,EUR,,,,,"{""mapped_product_ids"": []}",AMBIGUOUS,Cardmarket bulk data does not prove finish/treatment,false,false,false,,,,,,,,NO_COMPARISON,,,,NO_COMPARISON,ambiguous_identity,,"{""ambiguity_reasons"": [""unproven_treatment""], ""external_provenance"": [], ""scryfall_cardmarket_id"": 716083, ""stored_ids"": [716083], ""validated_stored_ids"": [716083]}",,,,
13131,magic,The One Ring,451,ltr,The Lord of the Rings: Tales of Middle-earth,en,Scene,mythic,foil,Scene,140,scryfall_oracle:3aa83ed2-f48b-4ce6-a614-2c54ddf50538,,,126ea71a-9a64-4d1e-a8ca-1efce3b8346f,716083,,716083,The One Ring,5308,The Lord of the Rings: Tales of Middle-earth,,,mixed/unknown,75,81.8,82.49,83.34,76.51,75,80.69,82.84,80.48,79.84,Foil Low,,EUR,EUR,,,,,"{""mapped_product_ids"": []}",AMBIGUOUS,Cardmarket bulk data does not prove finish/treatment,false,false,false,,,,,,,,NO_COMPARISON,,,,NO_COMPARISON,ambiguous_identity,,"{""ambiguity_reasons"": [""unproven_treatment""], ""external_provenance"": [], ""scryfall_cardmarket_id"": 716083, ""stored_ids"": [716083], ""validated_stored_ids"": [716083]}",,,,
13132,magic,Banish from Edoras,452,ltr,The Lord of the Rings: Tales of Middle-earth,en,Showcase,common,nonfoil,Showcase,575,scryfall_oracle:e4508afd-7cc3-4176-8291-cfc2c155ac11,,,b4541abc-17a9-4147-81dc-c03dda737607,737492,,737492,Banish from Edoras,5489,The Lord of the Rings: Tales of Middle-earth,,,mixed/unknown,0.08,0.19,0.14,0.18,0.16,,0,,,,Low,,EUR,EUR,,,,,"{""mapped_product_ids"": []}",AMBIGUOUS,Cardmarket bulk data does not prove finish/treatment,false,false,false,,,,,,,,NO_COMPARISON,,,,NO_COMPARISON,ambiguous_identity,,"{""ambiguity_reasons"": [""unproven_treatment""], ""external_provenance"": [], ""scryfall_cardmarket_id"": 737492, ""stored_ids"": [737492], ""validated_stored_ids"": [737492]}",,,,
13133,magic,Banish from Edoras,452,ltr,The Lord of the Rings: Tales of Middle-earth,en,Showcase,common,foil,Showcase,575,scryfall_oracle:e4508afd-7cc3-4176-8291-cfc2c155ac11,,,b4541abc-17a9-4147-81dc-c03dda737607,737492,,737492,Banish from Edoras,5489,The Lord of the Rings: Tales of Middle-earth,,,mixed/unknown,0.08,0.19,0.14,0.18,0.16,,0,,,,Foil Low,,EUR,EUR,,,,,"{""mapped_product_ids"": []}",AMBIGUOUS,Cardmarket bulk data does not prove finish/treatment,false,false,false,,,,,,,,NO_COMPARISON,,,,NO_COMPARISON,ambiguous_identity,,"{""ambiguity_reasons"": [""unproven_treatment""], ""external_provenance"": [], ""scryfall_cardmarket_id"": 737492, ""stored_ids"": [737492], ""validated_stored_ids"": [737492]}",,,,
13134,magic,The Battle of Bywater,453,ltr,The Lord of the Rings: Tales of Middle-earth,en,Showcase,rare,nonfoil,Showcase,430,scryfall_oracle:a94c191d-a938-458e-bc1b-2f44fd8873a3,,,81325756-42c6-4e60-b981-cacff8854596,737494,,737494,The Battle of Bywater,5489,The Lord of the Rings: Tales of Middle-earth,,,mixed/unknown,3.5,5.41,6.58,5.58,5.48,,0,,,,Low,,EUR,EUR,,,,,"{""mapped_product_ids"": []}",AMBIGUOUS,Cardmarket bulk data does not prove finish/treatment,false,false,false,,,,,,,,NO_COMPARISON,,,,NO_COMPARISON,ambiguous_identity,,"{""ambiguity_reasons"": [""unproven_treatment""], ""external_provenance"": [], ""scryfall_cardmarket_id"": 737494, ""stored_ids"": [737494], ""validated_stored_ids"": [737494]}",,,,
13135,magic,The Battle of Bywater,453,ltr,The Lord of the Rings: Tales of Middle-earth,en,Showcase,rare,foil,Showcase,430,scryfall_oracle:a94c191d-a938-458e-bc1b-2f44fd8873a3,,,81325756-42c6-4e60-b981-cacff8854596,737494,,737494,The Battle of Bywater,5489,The Lord of the Rings: Tales of Middle-earth,,,mixed/unknown,3.5,5.41,6.58,5.58,5.48,,0,,,,Foil Low,,EUR,EUR,,,,,"{""mapped_product_ids"": []}",AMBIGUOUS,Cardmarket bulk data does not prove finish/treatment,false,false,false,,,,,,,,NO_COMPARISON,,,,NO_COMPARISON,ambiguous_identity,,"{""ambiguity_reasons"": [""unproven_treatment""], ""external_provenance"": [], ""scryfall_cardmarket_id"": 737494, ""stored_ids"": [737494], ""validated_stored_ids"": [737494]}",,,,
13136,magic,Bill the Pony,454,ltr,The Lord of the Rings: Tales of Middle-earth,en,Showcase,uncommon,nonfoil,Showcase,576,scryfall_oracle:e461ef8d-59ca-440a-8773-da1de3b6b195,,,f957c4d9-834b-4ad1-915b-5f496d63489e,737496,,737496,Bill the Pony,5489,The Lord of the Rings: Tales of Middle-earth,,,mixed/unknown,0.02,0.29,0.59,0.31,0.26,,0,,,,Low,,EUR,EUR,,,,,"{""mapped_product_ids"": []}",AMBIGUOUS,Cardmarket bulk data does not prove finish/treatment,false,false,false,,,,,,,,NO_COMPARISON,,,,NO_COMPARISON,ambiguous_identity,,"{""ambiguity_reasons"": [""unproven_treatment""], ""external_provenance"": [], ""scryfall_cardmarket_id"": 737496, ""stored_ids"": [737496], ""validated_stored_ids"": [737496]}",,,,
13137,magic,Bill the Pony,454,ltr,The Lord of the Rings: Tales of Middle-earth,en,Showcase,uncommon,foil,Showcase,576,scryfall_oracle:e461ef8d-59ca-440a-8773-da1de3b6b195,,,f957c4d9-834b-4ad1-915b-5f496d63489e,737496,,737496,Bill the Pony,5489,The Lord of the Rings: Tales of Middle-earth,,,mixed/unknown,0.02,0.29,0.59,0.31,0.26,,0,,,,Foil Low,,EUR,EUR,,,,,"{""mapped_product_ids"": []}",AMBIGUOUS,Cardmarket bulk data does not prove finish/treatment,false,false,false,,,,,,,,NO_COMPARISON,,,,NO_COMPARISON,ambiguous_identity,,"{""ambiguity_reasons"": [""unproven_treatment""], ""external_provenance"": [], ""scryfall_cardmarket_id"": 737496, ""stored_ids"": [737496], ""validated_stored_ids"": [737496]}",,,,
13138,magic,"Boromir, Warden of the Tower",455,ltr,The Lord of the Rings: Tales of Middle-earth,en,Showcase,rare,nonfoil,Showcase,547,scryfall_oracle:d72b57e5-1c6e-4f02-968f-7e2dd24f0d3c,,,7443a193-8ddb-43a9-8293-3791f4df0dc0,737499,,737499,"Boromir, Warden of the Tower",5489,The Lord of the Rings: Tales of Middle-earth,,,mixed/unknown,18,0,,,,18,18.62,17.25,16.92,14.86,Low,,EUR,EUR,,,,,"{""mapped_product_ids"": []}",AMBIGUOUS,Cardmarket bulk data does not prove finish/treatment,false,false,false,,,,,,,,NO_COMPARISON,,,,NO_COMPARISON,ambiguous_identity,,"{""ambiguity_reasons"": [""unproven_treatment""], ""external_provenance"": [], ""scryfall_cardmarket_id"": 737499, ""stored_ids"": [737499], ""validated_stored_ids"": [737499]}",,,,
13139,magic,"Boromir, Warden of the Tower",455,ltr,The Lord of the Rings: Tales of Middle-earth,en,Showcase,rare,foil,Showcase,547,scryfall_oracle:d72b57e5-1c6e-4f02-968f-7e2dd24f0d3c,,,7443a193-8ddb-43a9-8293-3791f4df0dc0,737499,,737499,"Boromir, Warden of the Tower",5489,The Lord of the Rings: Tales of Middle-earth,,,mixed/unknown,18,0,,,,18,18.62,17.25,16.92,14.86,Foil Low,,EUR,EUR,,,,,"{""mapped_product_ids"": []}",AMBIGUOUS,Cardmarket bulk data does not prove finish/treatment,false,false,false,,,,,,,,NO_COMPARISON,,,,NO_COMPARISON,ambiguous_identity,,"{""ambiguity_reasons"": [""unproven_treatment""], ""external_provenance"": [], ""scryfall_cardmarket_id"": 737499, ""stored_ids"": [737499], ""validated_stored_ids"": [737499]}",,,,
13140,magic,Dawn of a New Age,456,ltr,The Lord of the Rings: Tales of Middle-earth,en,Showcase,mythic,nonfoil,Showcase,136,scryfall_oracle:37df5ade-6a21-4b0c-89f8-e2e917589a8d,,,d1d81f83-29a7-46b3-95e6-4053a6fa4c7f,737500,,737500,Dawn of a New Age,5489,The Lord of the Rings: Tales of Middle-earth,,,mixed/unknown,9.64,12.74,9.99,12.43,10.82,,0,,,,Low,,EUR,EUR,,,,,"{""mapped_product_ids"": []}",AMBIGUOUS,Cardmarket bulk data does not prove finish/treatment,false,false,false,,,,,,,,NO_COMPARISON,,,,NO_COMPARISON,ambiguous_identity,,"{""ambiguity_reasons"": [""unproven_treatment""], ""external_provenance"": [], ""scryfall_cardmarket_id"": 737500, ""stored_ids"": [737500], ""validated_stored_ids"": [737500]}",,,,
13141,magic,Dawn of a New Age,456,ltr,The Lord of the Rings: Tales of Middle-earth,en,Showcase,mythic,foil,Showcase,136,scryfall_oracle:37df5ade-6a21-4b0c-89f8-e2e917589a8d,,,d1d81f83-29a7-46b3-95e6-4053a6fa4c7f,737500,,737500,Dawn of a New Age,5489,The Lord of the Rings: Tales of Middle-earth,,,mixed/unknown,9.64,12.74,9.99,12.43,10.82,,0,,,,Foil Low,,EUR,EUR,,,,,"{""mapped_product_ids"": []}",AMBIGUOUS,Cardmarket bulk data does not prove finish/treatment,false,false,false,,,,,,,,NO_COMPARISON,,,,NO_COMPARISON,ambiguous_identity,,"{""ambiguity_reasons"": [""unproven_treatment""], ""external_provenance"": [], ""scryfall_cardmarket_id"": 737500, ""stored_ids"": [737500], ""validated_stored_ids"": [737500]}",,,,
13142,magic,Dúnedain Blade,457,ltr,The Lord of the Rings: Tales of Middle-earth,en,Showcase,common,nonfoil,Showcase,188,scryfall_oracle:4b418846-6426-448a-b4cb-ce631e0a99a2,,,565905d7-cd02-44cb-bf5f-78cc39540b68,737503,,737503,Dúnedain Blade,5489,The Lord of the Rings: Tales of Middle-earth,,,mixed/unknown,0.05,0,,,,0.05,0.32,0.49,0.22,0.29,Low,,EUR,EUR,,,,,"{""mapped_product_ids"": []}",AMBIGUOUS,Cardmarket bulk data does not prove finish/treatment,false,false,false,,,,,,,,NO_COMPARISON,,,,NO_COMPARISON,ambiguous_identity,,"{""ambiguity_reasons"": [""unproven_treatment""], ""external_provenance"": [], ""scryfall_cardmarket_id"": 737503, ""stored_ids"": [737503], ""validated_stored_ids"": [737503]}",,,,
13143,magic,Dúnedain Blade,457,ltr,The Lord of the Rings: Tales of Middle-earth,en,Showcase,common,foil,Showcase,188,scryfall_oracle:4b418846-6426-448a-b4cb-ce631e0a99a2,,,565905d7-cd02-44cb-bf5f-78cc39540b68,737503,,737503,Dúnedain Blade,5489,The Lord of the Rings: Tales of Middle-earth,,,mixed/unknown,0.05,0,,,,0.05,0.32,0.49,0.22,0.29,Foil Low,,EUR,EUR,,,,,"{""mapped_product_ids"": []}",AMBIGUOUS,Cardmarket bulk data does not prove finish/treatment,false,false,false,,,,,,,,NO_COMPARISON,,,,NO_COMPARISON,ambiguous_identity,,"{""ambiguity_reasons"": [""unproven_treatment""], ""external_provenance"": [], ""scryfall_cardmarket_id"": 737503, ""stored_ids"": [737503], ""validated_stored_ids"": [737503]}",,,,
13144,magic,Eagles of the North,458,ltr,The Lord of the Rings: Tales of Middle-earth,en,Showcase,common,nonfoil,Showcase,578,scryfall_oracle:e519cebf-0f09-4da9-abef-82928738514d,,,2e555abb-5d90-4f86-9488-6ff1fdb0ded2,737504,,737504,Eagles of the North,5489,The Lord of the Rings: Tales of Middle-earth,,,mixed/unknown,1.53,1.82,1.68,1.61,1.8,,0,,,,Low,,EUR,EUR,,,,,"{""mapped_product_ids"": []}",AMBIGUOUS,Cardmarket bulk data does not prove finish/treatment,false,false,false,,,,,,,,NO_COMPARISON,,,,NO_COMPARISON,ambiguous_identity,,"{""ambiguity_reasons"": [""unproven_treatment""], ""external_provenance"": [], ""scryfall_cardmarket_id"": 737504, ""stored_ids"": [737504], ""validated_stored_ids"": [737504]}",,,,
13145,magic,Eagles of the North,458,ltr,The Lord of the Rings: Tales of Middle-earth,en,Showcase,common,foil,Showcase,578,scryfall_oracle:e519cebf-0f09-4da9-abef-82928738514d,,,2e555abb-5d90-4f86-9488-6ff1fdb0ded2,737504,,737504,Eagles of the North,5489,The Lord of the Rings: Tales of Middle-earth,,,mixed/unknown,1.53,1.82,1.68,1.61,1.8,,0,,,,Foil Low,,EUR,EUR,,,,,"{""mapped_product_ids"": []}",AMBIGUOUS,Cardmarket bulk data does not prove finish/treatment,false,false,false,,,,,,,,NO_COMPARISON,,,,NO_COMPARISON,ambiguous_identity,,"{""ambiguity_reasons"": [""unproven_treatment""], ""external_provenance"": [], ""scryfall_cardmarket_id"": 737504, ""stored_ids"": [737504], ""validated_stored_ids"": [737504]}",,,,
13146,magic,Eastfarthing Farmer,459,ltr,The Lord of the Rings: Tales of Middle-earth,en,Showcase,common,nonfoil,Showcase,187,scryfall_oracle:4b1603f3-a246-449b-a109-99adb49e5ea4,,,d664f3ac-30c9-4e69-912c-60aa01a37366,737507,,737507,Eastfarthing Farmer,5489,The Lord of the Rings: Tales of Middle-earth,,,mixed/unknown,0.12,0,,,,0.12,0.29,0.39,0.26,0.32,Low,,EUR,EUR,,,,,"{""mapped_product_ids"": []}",AMBIGUOUS,Cardmarket bulk data does not prove finish/treatment,false,false,false,,,,,,,,NO_COMPARISON,,,,NO_COMPARISON,ambiguous_identity,,"{""ambiguity_reasons"": [""unproven_treatment""], ""external_provenance"": [], ""scryfall_cardmarket_id"": 737507, ""stored_ids"": [737507], ""validated_stored_ids"": [737507]}",,,,
13147,magic,Eastfarthing Farmer,459,ltr,The Lord of the Rings: Tales of Middle-earth,en,Showcase,common,foil,Showcase,187,scryfall_oracle:4b1603f3-a246-449b-a109-99adb49e5ea4,,,d664f3ac-30c9-4e69-912c-60aa01a37366,737507,,737507,Eastfarthing Farmer,5489,The Lord of the Rings: Tales of Middle-earth,,,mixed/unknown,0.12,0,,,,0.12,0.29,0.39,0.26,0.32,Foil Low,,EUR,EUR,,,,,"{""mapped_product_ids"": []}",AMBIGUOUS,Cardmarket bulk data does not prove finish/treatment,false,false,false,,,,,,,,NO_COMPARISON,,,,NO_COMPARISON,ambiguous_identity,,"{""ambiguity_reasons"": [""unproven_treatment""], ""external_provenance"": [], ""scryfall_cardmarket_id"": 737507, ""stored_ids"": [737507], ""validated_stored_ids"": [737507]}",,,,
13148,magic,East-Mark Cavalier,460,ltr,The Lord of the Rings: Tales of Middle-earth,en,Showcase,common,nonfoil,Showcase,338,scryfall_oracle:884d08bf-7e97-40cc-864e-445ae0bd1646,,,f4b57ff1-7f1e-448e-8a04-6283d7451039,737508,,737508,East-Mark Cavalier,5489,The Lord of the Rings: Tales of Middle-earth,,,mixed/unknown,0.05,0.2,0.2,0.18,0.18,,0,,,,Low,,EUR,EUR,,,,,"{""mapped_product_ids"": []}",AMBIGUOUS,Cardmarket bulk data does not prove finish/treatment,false,false,false,,,,,,,,NO_COMPARISON,,,,NO_COMPARISON,ambiguous_identity,,"{""ambiguity_reasons"": [""unproven_treatment""], ""external_provenance"": [], ""scryfall_cardmarket_id"": 737508, ""stored_ids"": [737508], ""validated_stored_ids"": [737508]}",,,,
13149,magic,East-Mark Cavalier,460,ltr,The Lord of the Rings: Tales of Middle-earth,en,Showcase,common,foil,Showcase,338,scryfall_oracle:884d08bf-7e97-40cc-864e-445ae0bd1646,,,f4b57ff1-7f1e-448e-8a04-6283d7451039,737508,,737508,East-Mark Cavalier,5489,The Lord of the Rings: Tales of Middle-earth,,,mixed/unknown,0.05,0.2,0.2,0.18,0.18,,0,,,,Foil Low,,EUR,EUR,,,,,"{""mapped_product_ids"": []}",AMBIGUOUS,Cardmarket bulk data does not prove finish/treatment,false,false,false,,,,,,,,NO_COMPARISON,,,,NO_COMPARISON,ambiguous_identity,,"{""ambiguity_reasons"": [""unproven_treatment""], ""external_provenance"": [], ""scryfall_cardmarket_id"": 737508, ""stored_ids"": [737508], ""validated_stored_ids"": [737508]}",,,,
13150,magic,"Éowyn, Lady of Rohan",461,ltr,The Lord of the Rings: Tales of Middle-earth,en,Showcase,uncommon,nonfoil,Showcase,78,scryfall_oracle:1ee3753c-3b6e-4182-9305-2ab757f485f0,,,f450d9fe-8c6b-4ec5-993e-830e4025be23,737510,,737510,"Éowyn, Lady of Rohan",5489,The Lord of the Rings: Tales of Middle-earth,,,mixed/unknown,0.05,0.25,0.35,0.25,0.2,,0,,,,Low,,EUR,EUR,,,,,"{""mapped_product_ids"": []}",AMBIGUOUS,Cardmarket bulk data does not prove finish/treatment,false,false,false,,,,,,,,NO_COMPARISON,,,,NO_COMPARISON,ambiguous_identity,,"{""ambiguity_reasons"": [""unproven_treatment""], ""external_provenance"": [], ""scryfall_cardmarket_id"": 737510, ""stored_ids"": [737510], ""validated_stored_ids"": [737510]}",,,,
13151,magic,"Éowyn, Lady of Rohan",461,ltr,The Lord of the Rings: Tales of Middle-earth,en,Showcase,uncommon,foil,Showcase,78,scryfall_oracle:1ee3753c-3b6e-4182-9305-2ab757f485f0,,,f450d9fe-8c6b-4ec5-993e-830e4025be23,737510,,737510,"Éowyn, Lady of Rohan",5489,The Lord of the Rings: Tales of Middle-earth,,,mixed/unknown,0.05,0.25,0.35,0.25,0.2,,0,,,,Foil Low,,EUR,EUR,,,,,"{""mapped_product_ids"": []}",AMBIGUOUS,Cardmarket bulk data does not prove finish/treatment,false,false,false,,,,,,,,NO_COMPARISON,,,,NO_COMPARISON,ambiguous_identity,,"{""ambiguity_reasons"": [""unproven_treatment""], ""external_provenance"": [], ""scryfall_cardmarket_id"": 737510, ""stored_ids"": [737510], ""validated_stored_ids"": [737510]}",,,,
13152,magic,Errand-Rider of Gondor,462,ltr,The Lord of the Rings: Tales of Middle-earth,en,Showcase,common,nonfoil,Showcase,1,scryfall_oracle:00749bad-dded-4fec-bf34-ff14cf561c26,,,7b5d2702-2cf4-40fe-ba89-4c0a3abfe054,737512,,737512,Errand-Rider of Gondor,5489,The Lord of the Rings: Tales of Middle-earth,,,mixed/unknown,0.04,0.18,0.13,0.16,0.16,,0,,,,Low,,EUR,EUR,,,,,"{""mapped_product_ids"": []}",AMBIGUOUS,Cardmarket bulk data does not prove finish/treatment,false,false,false,,,,,,,,NO_COMPARISON,,,,NO_COMPARISON,ambiguous_identity,,"{""ambiguity_reasons"": [""unproven_treatment""], ""external_provenance"": [], ""scryfall_cardmarket_id"": 737512, ""stored_ids"": [737512], ""validated_stored_ids"": [737512]}",,,,
13153,magic,Errand-Rider of Gondor,462,ltr,The Lord of the Rings: Tales of Middle-earth,en,Showcase,common,foil,Showcase,1,scryfall_oracle:00749bad-dded-4fec-bf34-ff14cf561c26,,,7b5d2702-2cf4-40fe-ba89-4c0a3abfe054,737512,,737512,Errand-Rider of Gondor,5489,The Lord of the Rings: Tales of Middle-earth,,,mixed/unknown,0.04,0.18,0.13,0.16,0.16,,0,,,,Foil Low,,EUR,EUR,,,,,"{""mapped_product_ids"": []}",AMBIGUOUS,Cardmarket bulk data does not prove finish/treatment,false,false,false,,,,,,,,NO_COMPARISON,,,,NO_COMPARISON,ambiguous_identity,,"{""ambiguity_reasons"": [""unproven_treatment""], ""external_provenance"": [], ""scryfall_cardmarket_id"": 737512, ""stored_ids"": [737512], ""validated_stored_ids"": [737512]}",,,,
13154,magic,Escape from Orthanc,463,ltr,The Lord of the Rings: Tales of Middle-earth,en,Showcase,common,nonfoil,Showcase,608,scryfall_oracle:f2025f2e-c931-48dd-af21-8f0a591befb4,,,586425e7-f28f-4c99-8971-4dcf3df613d9,737514,,737514,Escape from Orthanc,5489,The Lord of the Rings: Tales of Middle-earth,,,mixed/unknown,0.04,0.24,0.25,0.17,0.18,,0,,,,Low,,EUR,EUR,,,,,"{""mapped_product_ids"": []}",AMBIGUOUS,Cardmarket bulk data does not prove finish/treatment,false,false,false,,,,,,,,NO_COMPARISON,,,,NO_COMPARISON,ambiguous_identity,,"{""ambiguity_reasons"": [""unproven_treatment""], ""external_provenance"": [], ""scryfall_cardmarket_id"": 737514, ""stored_ids"": [737514], ""validated_stored_ids"": [737514]}",,,,
13155,magic,Escape from Orthanc,463,ltr,The Lord of the Rings: Tales of Middle-earth,en,Showcase,common,foil,Showcase,608,scryfall_oracle:f2025f2e-c931-48dd-af21-8f0a591befb4,,,586425e7-f28f-4c99-8971-4dcf3df613d9,737514,,737514,Escape from Orthanc,5489,The Lord of the Rings: Tales of Middle-earth,,,mixed/unknown,0.04,0.24,0.25,0.17,0.18,,0,,,,Foil Low,,EUR,EUR,,,,,"{""mapped_product_ids"": []}",AMBIGUOUS,Cardmarket bulk data does not prove finish/treatment,false,false,false,,,,,,,,NO_COMPARISON,,,,NO_COMPARISON,ambiguous_identity,,"{""ambiguity_reasons"": [""unproven_treatment""], ""external_provenance"": [], ""scryfall_cardmarket_id"": 737514, ""stored_ids"": [737514], ""validated_stored_ids"": [737514]}",,,,
13156,magic,Esquire of the King,464,ltr,The Lord of the Rings: Tales of Middle-earth,en,Showcase,common,nonfoil,Showcase,149,scryfall_oracle:3ccaa78e-f3e5-4de4-b53c-cecd73a73b9c,,,739dbbfb-e234-43c4-9e69-ebb13a9fee30,737517,,737517,Esquire of the King,5489,The Lord of the Rings: Tales of Middle-earth,,,mixed/unknown,0.1,0,,,,0.1,0.29,0.1,0.2,0.23,Low,,EUR,EUR,,,,,"{""mapped_product_ids"": []}",AMBIGUOUS,Cardmarket bulk data does not prove finish/treatment,false,false,false,,,,,,,,NO_COMPARISON,,,,NO_COMPARISON,ambiguous_identity,,"{""ambiguity_reasons"": [""unproven_treatment""], ""external_provenance"": [], ""scryfall_cardmarket_id"": 737517, ""stored_ids"": [737517], ""validated_stored_ids"": [737517]}",,,,
13157,magic,Esquire of the King,464,ltr,The Lord of the Rings: Tales of Middle-earth,en,Showcase,common,foil,Showcase,149,scryfall_oracle:3ccaa78e-f3e5-4de4-b53c-cecd73a73b9c,,,739dbbfb-e234-43c4-9e69-ebb13a9fee30,737517,,737517,Esquire of the King,5489,The Lord of the Rings: Tales of Middle-earth,,,mixed/unknown,0.1,0,,,,0.1,0.29,0.1,0.2,0.23,Foil Low,,EUR,EUR,,,,,"{""mapped_product_ids"": []}",AMBIGUOUS,Cardmarket bulk data does not prove finish/treatment,false,false,false,,,,,,,,NO_COMPARISON,,,,NO_COMPARISON,ambiguous_identity,,"{""ambiguity_reasons"": [""unproven_treatment""], ""external_provenance"": [], ""scryfall_cardmarket_id"": 737517, ""stored_ids"": [737517], ""validated_stored_ids"": [737517]}",,,,
13158,magic,"Faramir, Field Commander",465,ltr,The Lord of the Rings: Tales of Middle-earth,en,Showcase,uncommon,nonfoil,Showcase,444,scryfall_oracle:adeed5e8-9019-4740-83ea-67dcd754e194,,,53eef712-365a-4313-af97-c4d7b56dd70c,737518,,737518,"Faramir, Field Commander",5489,The Lord of the Rings: Tales of Middle-earth,,,mixed/unknown,0.04,0.16,0.05,0.11,0.14,,0,,,,Low,,EUR,EUR,,,,,"{""mapped_product_ids"": []}",AMBIGUOUS,Cardmarket bulk data does not prove finish/treatment,false,false,false,,,,,,,,NO_COMPARISON,,,,NO_COMPARISON,ambiguous_identity,,"{""ambiguity_reasons"": [""unproven_treatment""], ""external_provenance"": [], ""scryfall_cardmarket_id"": 737518, ""stored_ids"": [737518], ""validated_stored_ids"": [737518]}",,,,
13159,magic,"Faramir, Field Commander",465,ltr,The Lord of the Rings: Tales of Middle-earth,en,Showcase,uncommon,foil,Showcase,444,scryfall_oracle:adeed5e8-9019-4740-83ea-67dcd754e194,,,53eef712-365a-4313-af97-c4d7b56dd70c,737518,,737518,"Faramir, Field Commander",5489,The Lord of the Rings: Tales of Middle-earth,,,mixed/unknown,0.04,0.16,0.05,0.11,0.14,,0,,,,Foil Low,,EUR,EUR,,,,,"{""mapped_product_ids"": []}",AMBIGUOUS,Cardmarket bulk data does not prove finish/treatment,false,false,false,,,,,,,,NO_COMPARISON,,,,NO_COMPARISON,ambiguous_identity,,"{""ambiguity_reasons"": [""unproven_treatment""], ""external_provenance"": [], ""scryfall_cardmarket_id"": 737518, ""stored_ids"": [737518], ""validated_stored_ids"": [737518]}",,,,
13160,magic,Flowering of the White Tree,466,ltr,The Lord of the Rings: Tales of Middle-earth,en,Showcase,rare,nonfoil,Showcase,150,scryfall_oracle:3cda958a-f777-433d-850e-a6c8f581db4e,,,2c9db429-fe7f-40bf-bdba-45f161e60a16,737521,,737521,Flowering of the White Tree,5489,The Lord of the Rings: Tales of Middle-earth,,,mixed/unknown,9.99,0,,,,9.99,18.31,17.88,17.96,17.35,Low,,EUR,EUR,,,,,"{""mapped_product_ids"": []}",AMBIGUOUS,Cardmarket bulk data does not prove finish/treatment,false,false,false,,,,,,,,NO_COMPARISON,,,,NO_COMPARISON,ambiguous_identity,,"{""ambiguity_reasons"": [""unproven_treatment""], ""external_provenance"": [], ""scryfall_cardmarket_id"": 737521, ""stored_ids"": [737521], ""validated_stored_ids"": [737521]}",,,,
13161,magic,Flowering of the White Tree,466,ltr,The Lord of the Rings: Tales of Middle-earth,en,Showcase,rare,foil,Showcase,150,scryfall_oracle:3cda958a-f777-433d-850e-a6c8f581db4e,,,2c9db429-fe7f-40bf-bdba-45f161e60a16,737521,,737521,Flowering of the White Tree,5489,The Lord of the Rings: Tales of Middle-earth,,,mixed/unknown,9.99,0,,,,9.99,18.31,17.88,17.96,17.35,Foil Low,,EUR,EUR,,,,,"{""mapped_product_ids"": []}",AMBIGUOUS,Cardmarket bulk data does not prove finish/treatment,false,false,false,,,,,,,,NO_COMPARISON,,,,NO_COMPARISON,ambiguous_identity,,"{""ambiguity_reasons"": [""unproven_treatment""], ""external_provenance"": [], ""scryfall_cardmarket_id"": 737521, ""stored_ids"": [737521], ""validated_stored_ids"": [737521]}",,,,
13162,magic,Fog on the Barrow-Downs,467,ltr,The Lord of the Rings: Tales of Middle-earth,en,Showcase,common,nonfoil,Showcase,257,scryfall_oracle:66bee79a-7e47-4fc4-ba07-323cd2de6261,,,d0cc32af-3b70-4272-9f26-7c30b72b6f9e,737522,,737522,Fog on the Barrow-Downs,5489,The Lord of the Rings: Tales of Middle-earth,,,mixed/unknown,0.04,0.17,0.15,0.16,0.19,,0,,,,Low,,EUR,EUR,,,,,"{""mapped_product_ids"": []}",AMBIGUOUS,Cardmarket bulk data does not prove finish/treatment,false,false,false,,,,,,,,NO_COMPARISON,,,,NO_COMPARISON,ambiguous_identity,,"{""ambiguity_reasons"": [""unproven_treatment""], ""external_provenance"": [], ""scryfall_cardmarket_id"": 737522, ""stored_ids"": [737522], ""validated_stored_ids"": [737522]}",,,,
13163,magic,Fog on the Barrow-Downs,467,ltr,The Lord of the Rings: Tales of Middle-earth,en,Showcase,common,foil,Showcase,257,scryfall_oracle:66bee79a-7e47-4fc4-ba07-323cd2de6261,,,d0cc32af-3b70-4272-9f26-7c30b72b6f9e,737522,,737522,Fog on the Barrow-Downs,5489,The Lord of the Rings: Tales of Middle-earth,,,mixed/unknown,0.04,0.17,0.15,0.16,0.19,,0,,,,Foil Low,,EUR,EUR,,,,,"{""mapped_product_ids"": []}",AMBIGUOUS,Cardmarket bulk data does not prove finish/treatment,false,false,false,,,,,,,,NO_COMPARISON,,,,NO_COMPARISON,ambiguous_identity,,"{""ambiguity_reasons"": [""unproven_treatment""], ""external_provenance"": [], ""scryfall_cardmarket_id"": 737522, ""stored_ids"": [737522], ""validated_stored_ids"": [737522]}",,,,
13164,magic,Forge Anew,468,ltr,The Lord of the Rings: Tales of Middle-earth,en,Showcase,rare,nonfoil,Showcase,198,scryfall_oracle:4df579df-fdbb-418a-af2d-709e140ee569,,,c16d66bb-23ac-44b7-899b-830fc93cc2dc,737524,,737524,Forge Anew,5489,The Lord of the Rings: Tales of Middle-earth,,,mixed/unknown,6.74,8.82,13,8.74,7.76,,0,,,,Low,,EUR,EUR,,,,,"{""mapped_product_ids"": []}",AMBIGUOUS,Cardmarket bulk data does not prove finish/treatment,false,false,false,,,,,,,,NO_COMPARISON,,,,NO_COMPARISON,ambiguous_identity,,"{""ambiguity_reasons"": [""unproven_treatment""], ""external_provenance"": [], ""scryfall_cardmarket_id"": 737524, ""stored_ids"": [737524], ""validated_stored_ids"": [737524]}",,,,
13165,magic,Forge Anew,468,ltr,The Lord of the Rings: Tales of Middle-earth,en,Showcase,rare,foil,Showcase,198,scryfall_oracle:4df579df-fdbb-418a-af2d-709e140ee569,,,c16d66bb-23ac-44b7-899b-830fc93cc2dc,737524,,737524,Forge Anew,5489,The Lord of the Rings: Tales of Middle-earth,,,mixed/unknown,6.74,8.82,13,8.74,7.76,,0,,,,Foil Low,,EUR,EUR,,,,,"{""mapped_product_ids"": []}",AMBIGUOUS,Cardmarket bulk data does not prove finish/treatment,false,false,false,,,,,,,,NO_COMPARISON,,,,NO_COMPARISON,ambiguous_identity,,"{""ambiguity_reasons"": [""unproven_treatment""], ""external_provenance"": [], ""scryfall_cardmarket_id"": 737524, ""stored_ids"": [737524], ""validated_stored_ids"": [737524]}",,,,
13166,magic,"Frodo, Sauron's Bane",469,ltr,The Lord of the Rings: Tales of Middle-earth,en,Showcase,rare,nonfoil,Showcase,353,scryfall_oracle:8be62f5c-0ab2-4869-97a2-d8a69a3fde95,,,b7f03c1d-3e37-45af-ae72-ef228faba2e9,737526,,737526,"Frodo, Sauron's Bane",5489,The Lord of the Rings: Tales of Middle-earth,,,mixed/unknown,1.98,2.16,1.95,2.22,2.34,,0,,,,Low,,EUR,EUR,,,,,"{""mapped_product_ids"": []}",AMBIGUOUS,Cardmarket bulk data does not prove finish/treatment,false,false,false,,,,,,,,NO_COMPARISON,,,,NO_COMPARISON,ambiguous_identity,,"{""ambiguity_reasons"": [""unproven_treatment""], ""external_provenance"": [], ""scryfall_cardmarket_id"": 737526, ""stored_ids"": [737526], ""validated_stored_ids"": [737526]}",,,,
13167,magic,"Frodo, Sauron's Bane",469,ltr,The Lord of the Rings: Tales of Middle-earth,en,Showcase,rare,foil,Showcase,353,scryfall_oracle:8be62f5c-0ab2-4869-97a2-d8a69a3fde95,,,b7f03c1d-3e37-45af-ae72-ef228faba2e9,737526,,737526,"Frodo, Sauron's Bane",5489,The Lord of the Rings: Tales of Middle-earth,,,mixed/unknown,1.98,2.16,1.95,2.22,2.34,,0,,,,Foil Low,,EUR,EUR,,,,,"{""mapped_product_ids"": []}",AMBIGUOUS,Cardmarket bulk data does not prove finish/treatment,false,false,false,,,,,,,,NO_COMPARISON,,,,NO_COMPARISON,ambiguous_identity,,"{""ambiguity_reasons"": [""unproven_treatment""], ""external_provenance"": [], ""scryfall_cardmarket_id"": 737526, ""stored_ids"": [737526], ""validated_stored_ids"": [737526]}",,,,
13168,magic,Gandalf the White,470,ltr,The Lord of the Rings: Tales of Middle-earth,en,Showcase,mythic,nonfoil,Showcase,225,scryfall_oracle:5b3b5f6a-375e-4479-9384-a942eda83f9b,,,2b997de0-2fd9-4b36-970a-b665b0cbcc33,737528,,737528,Gandalf the White,5489,The Lord of the Rings: Tales of Middle-earth,,,mixed/unknown,19,17.52,20,16.98,15.12,,0,,,,Low,,EUR,EUR,,,,,"{""mapped_product_ids"": []}",AMBIGUOUS,Cardmarket bulk data does not prove finish/treatment,false,false,false,,,,,,,,NO_COMPARISON,,,,NO_COMPARISON,ambiguous_identity,,"{""ambiguity_reasons"": [""unproven_treatment""], ""external_provenance"": [], ""scryfall_cardmarket_id"": 737528, ""stored_ids"": [737528], ""validated_stored_ids"": [737528]}",,,,
13169,magic,Gandalf the White,470,ltr,The Lord of the Rings: Tales of Middle-earth,en,Showcase,mythic,foil,Showcase,225,scryfall_oracle:5b3b5f6a-375e-4479-9384-a942eda83f9b,,,2b997de0-2fd9-4b36-970a-b665b0cbcc33,737528,,737528,Gandalf the White,5489,The Lord of the Rings: Tales of Middle-earth,,,mixed/unknown,19,17.52,20,16.98,15.12,,0,,,,Foil Low,,EUR,EUR,,,,,"{""mapped_product_ids"": []}",AMBIGUOUS,Cardmarket bulk data does not prove finish/treatment,false,false,false,,,,,,,,NO_COMPARISON,,,,NO_COMPARISON,ambiguous_identity,,"{""ambiguity_reasons"": [""unproven_treatment""], ""external_provenance"": [], ""scryfall_cardmarket_id"": 737528, ""stored_ids"": [737528], ""validated_stored_ids"": [737528]}",,,,
13170,magic,Hobbit's Sting,471,ltr,The Lord of the Rings: Tales of Middle-earth,en,Showcase,common,nonfoil,Showcase,327,scryfall_oracle:845bbad1-02f9-432b-aca4-13a5ec71fd06,,,d8876e00-80c9-4228-b5d2-032b613273b3,737531,,737531,Hobbit's Sting,5489,The Lord of the Rings: Tales of Middle-earth,,,mixed/unknown,0.05,0,,,,0.05,0.41,0.89,0.38,0.41,Low,,EUR,EUR,,,,,"{""mapped_product_ids"": []}",AMBIGUOUS,Cardmarket bulk data does not prove finish/treatment,false,false,false,,,,,,,,NO_COMPARISON,,,,NO_COMPARISON,ambiguous_identity,,"{""ambiguity_reasons"": [""unproven_treatment""], ""external_provenance"": [], ""scryfall_cardmarket_id"": 737531, ""stored_ids"": [737531], ""validated_stored_ids"": [737531]}",,,,
13171,magic,Hobbit's Sting,471,ltr,The Lord of the Rings: Tales of Middle-earth,en,Showcase,common,foil,Showcase,327,scryfall_oracle:845bbad1-02f9-432b-aca4-13a5ec71fd06,,,d8876e00-80c9-4228-b5d2-032b613273b3,737531,,737531,Hobbit's Sting,5489,The Lord of the Rings: Tales of Middle-earth,,,mixed/unknown,0.05,0,,,,0.05,0.41,0.89,0.38,0.41,Foil Low,,EUR,EUR,,,,,"{""mapped_product_ids"": []}",AMBIGUOUS,Cardmarket bulk data does not prove finish/treatment,false,false,false,,,,,,,,NO_COMPARISON,,,,NO_COMPARISON,ambiguous_identity,,"{""ambiguity_reasons"": [""unproven_treatment""], ""external_provenance"": [], ""scryfall_cardmarket_id"": 737531, ""stored_ids"": [737531], ""validated_stored_ids"": [737531]}",,,,
13172,magic,"Landroval, Horizon Witness",472,ltr,The Lord of the Rings: Tales of Middle-earth,en,Showcase,uncommon,nonfoil,Showcase,181,scryfall_oracle:467c9fe6-d1d3-4242-bc0c-e522b4f21d56,,,e9271f6e-ba11-45a7-bdc6-2088585749ab,737532,,737532,"Landroval, Horizon Witness",5489,The Lord of the Rings: Tales of Middle-earth,,,mixed/unknown,0.05,0.19,0.33,0.22,0.2,,0,,,,Low,,EUR,EUR,,,,,"{""mapped_product_ids"": []}",AMBIGUOUS,Cardmarket bulk data does not prove finish/treatment,false,false,false,,,,,,,,NO_COMPARISON,,,,NO_COMPARISON,ambiguous_identity,,"{""ambiguity_reasons"": [""unproven_treatment""], ""external_provenance"": [], ""scryfall_cardmarket_id"": 737532, ""stored_ids"": [737532], ""validated_stored_ids"": [737532]}",,,,
13173,magic,"Landroval, Horizon Witness",472,ltr,The Lord of the Rings: Tales of Middle-earth,en,Showcase,uncommon,foil,Showcase,181,scryfall_oracle:467c9fe6-d1d3-4242-bc0c-e522b4f21d56,,,e9271f6e-ba11-45a7-bdc6-2088585749ab,737532,,737532,"Landroval, Horizon Witness",5489,The Lord of the Rings: Tales of Middle-earth,,,mixed/unknown,0.05,0.19,0.33,0.22,0.2,,0,,,,Foil Low,,EUR,EUR,,,,,"{""mapped_product_ids"": []}",AMBIGUOUS,Cardmarket bulk data does not prove finish/treatment,false,false,false,,,,,,,,NO_COMPARISON,,,,NO_COMPARISON,ambiguous_identity,,"{""ambiguity_reasons"": [""unproven_treatment""], ""external_provenance"": [], ""scryfall_cardmarket_id"": 737532, ""stored_ids"": [737532], ""validated_stored_ids"": [737532]}",,,,
13174,magic,Lost to Legend,473,ltr,The Lord of the Rings: Tales of Middle-earth,en,Showcase,uncommon,nonfoil,Showcase,429,scryfall_oracle:a92edf30-6c7f-481c-855e-2a7dc4963ea7,,,e2ec9113-09a6-463c-b8fd-50851a9a2ffa,737535,,737535,Lost to Legend,5489,The Lord of the Rings: Tales of Middle-earth,,,mixed/unknown,0.1,0,,,,0.1,0.38,0.4,0.26,0.3,Low,,EUR,EUR,,,,,"{""mapped_product_ids"": []}",AMBIGUOUS,Cardmarket bulk data does not prove finish/treatment,false,false,false,,,,,,,,NO_COMPARISON,,,,NO_COMPARISON,ambiguous_identity,,"{""ambiguity_reasons"": [""unproven_treatment""], ""external_provenance"": [], ""scryfall_cardmarket_id"": 737535, ""stored_ids"": [737535], ""validated_stored_ids"": [737535]}",,,,
13175,magic,Lost to Legend,473,ltr,The Lord of the Rings: Tales of Middle-earth,en,Showcase,uncommon,foil,Showcase,429,scryfall_oracle:a92edf30-6c7f-481c-855e-2a7dc4963ea7,,,e2ec9113-09a6-463c-b8fd-50851a9a2ffa,737535,,737535,Lost to Legend,5489,The Lord of the Rings: Tales of Middle-earth,,,mixed/unknown,0.1,0,,,,0.1,0.38,0.4,0.26,0.3,Foil Low,,EUR,EUR,,,,,"{""mapped_product_ids"": []}",AMBIGUOUS,Cardmarket bulk data does not prove finish/treatment,false,false,false,,,,,,,,NO_COMPARISON,,,,NO_COMPARISON,ambiguous_identity,,"{""ambiguity_reasons"": [""unproven_treatment""], ""external_provenance"": [], ""scryfall_cardmarket_id"": 737535, ""stored_ids"": [737535], ""validated_stored_ids"": [737535]}",,,,
13176,magic,Nimble Hobbit,474,ltr,The Lord of the Rings: Tales of Middle-earth,en,Showcase,common,nonfoil,Showcase,210,scryfall_oracle:547da0ef-f1e1-4b04-ba83-4845552b0dc4,,,823e7571-8d07-47f0-a360-8c36e08ef850,737536,,737536,Nimble Hobbit,5489,The Lord of the Rings: Tales of Middle-earth,,,mixed/unknown,0.04,0.21,0.25,0.17,0.14,,0,,,,Low,,EUR,EUR,,,,,"{""mapped_product_ids"": []}",AMBIGUOUS,Cardmarket bulk data does not prove finish/treatment,false,false,false,,,,,,,,NO_COMPARISON,,,,NO_COMPARISON,ambiguous_identity,,"{""ambiguity_reasons"": [""unproven_treatment""], ""external_provenance"": [], ""scryfall_cardmarket_id"": 737536, ""stored_ids"": [737536], ""validated_stored_ids"": [737536]}",,,,
13177,magic,Nimble Hobbit,474,ltr,The Lord of the Rings: Tales of Middle-earth,en,Showcase,common,foil,Showcase,210,scryfall_oracle:547da0ef-f1e1-4b04-ba83-4845552b0dc4,,,823e7571-8d07-47f0-a360-8c36e08ef850,737536,,737536,Nimble Hobbit,5489,The Lord of the Rings: Tales of Middle-earth,,,mixed/unknown,0.04,0.21,0.25,0.17,0.14,,0,,,,Foil Low,,EUR,EUR,,,,,"{""mapped_product_ids"": []}",AMBIGUOUS,Cardmarket bulk data does not prove finish/treatment,false,false,false,,,,,,,,NO_COMPARISON,,,,NO_COMPARISON,ambiguous_identity,,"{""ambiguity_reasons"": [""unproven_treatment""], ""external_provenance"": [], ""scryfall_cardmarket_id"": 737536, ""stored_ids"": [737536], ""validated_stored_ids"": [737536]}",,,,
13178,magic,"Now for Wrath, Now for Ruin!",475,ltr,The Lord of the Rings: Tales of Middle-earth,en,Showcase,common,nonfoil,Showcase,319,scryfall_oracle:8141fb64-7b55-40fb-8fe4-5efd805d8fef,,,4c45c58d-08f5-4a99-83f2-5fb5ff5b4aaa,737539,,737539,"Now for Wrath, Now for Ruin!",5489,The Lord of the Rings: Tales of Middle-earth,,,mixed/unknown,0.1,0,,,,0.1,0.51,0.32,0.42,0.41,Low,,EUR,EUR,,,,,"{""mapped_product_ids"": []}",AMBIGUOUS,Cardmarket bulk data does not prove finish/treatment,false,false,false,,,,,,,,NO_COMPARISON,,,,NO_COMPARISON,ambiguous_identity,,"{""ambiguity_reasons"": [""unproven_treatment""], ""external_provenance"": [], ""scryfall_cardmarket_id"": 737539, ""stored_ids"": [737539], ""validated_stored_ids"": [737539]}",,,,
13179,magic,"Now for Wrath, Now for Ruin!",475,ltr,The Lord of the Rings: Tales of Middle-earth,en,Showcase,common,foil,Showcase,319,scryfall_oracle:8141fb64-7b55-40fb-8fe4-5efd805d8fef,,,4c45c58d-08f5-4a99-83f2-5fb5ff5b4aaa,737539,,737539,"Now for Wrath, Now for Ruin!",5489,The Lord of the Rings: Tales of Middle-earth,,,mixed/unknown,0.1,0,,,,0.1,0.51,0.32,0.42,0.41,Foil Low,,EUR,EUR,,,,,"{""mapped_product_ids"": []}",AMBIGUOUS,Cardmarket bulk data does not prove finish/treatment,false,false,false,,,,,,,,NO_COMPARISON,,,,NO_COMPARISON,ambiguous_identity,,"{""ambiguity_reasons"": [""unproven_treatment""], ""external_provenance"": [], ""scryfall_cardmarket_id"": 737539, ""stored_ids"": [737539], ""validated_stored_ids"": [737539]}",,,,
13180,magic,Protector of Gondor,476,ltr,The Lord of the Rings: Tales of Middle-earth,en,Showcase,common,nonfoil,Showcase,533,scryfall_oracle:cf6bb391-4fde-43c4-a0c5-990630d0ddcf,,,71143c99-1362-471c-96a9-02890d32f4ff,737540,,737540,Protector of Gondor,5489,The Lord of the Rings: Tales of Middle-earth,,,mixed/unknown,0.04,0.18,0.14,0.16,0.15,,0,,,,Low,,EUR,EUR,,,,,"{""mapped_product_ids"": []}",AMBIGUOUS,Cardmarket bulk data does not prove finish/treatment,false,false,false,,,,,,,,NO_COMPARISON,,,,NO_COMPARISON,ambiguous_identity,,"{""ambiguity_reasons"": [""unproven_treatment""], ""external_provenance"": [], ""scryfall_cardmarket_id"": 737540, ""stored_ids"": [737540], ""validated_stored_ids"": [737540]}",,,,
13181,magic,Protector of Gondor,476,ltr,The Lord of the Rings: Tales of Middle-earth,en,Showcase,common,foil,Showcase,533,scryfall_oracle:cf6bb391-4fde-43c4-a0c5-990630d0ddcf,,,71143c99-1362-471c-96a9-02890d32f4ff,737540,,737540,Protector of Gondor,5489,The Lord of the Rings: Tales of Middle-earth,,,mixed/unknown,0.04,0.18,0.14,0.16,0.15,,0,,,,Foil Low,,EUR,EUR,,,,,"{""mapped_product_ids"": []}",AMBIGUOUS,Cardmarket bulk data does not prove finish/treatment,false,false,false,,,,,,,,NO_COMPARISON,,,,NO_COMPARISON,ambiguous_identity,,"{""ambiguity_reasons"": [""unproven_treatment""], ""external_provenance"": [], ""scryfall_cardmarket_id"": 737540, ""stored_ids"": [737540], ""validated_stored_ids"": [737540]}",,,,
13182,magic,Reprieve,477,ltr,The Lord of the Rings: Tales of Middle-earth,en,Showcase,uncommon,nonfoil,Showcase,606,scryfall_oracle:f0449cbd-855c-4c20-a1f5-f76a395d8d39,,,b62104ea-1410-4918-9c7d-da6019324600,737542,,737542,Reprieve,5489,The Lord of the Rings: Tales of Middle-earth,,,mixed/unknown,1.45,2.11,1.54,2.14,2.01,,0,,,,Low,,EUR,EUR,,,,,"{""mapped_product_ids"": []}",AMBIGUOUS,Cardmarket bulk data does not prove finish/treatment,false,false,false,,,,,,,,NO_COMPARISON,,,,NO_COMPARISON,ambiguous_identity,,"{""ambiguity_reasons"": [""unproven_treatment""], ""external_provenance"": [], ""scryfall_cardmarket_id"": 737542, ""stored_ids"": [737542], ""validated_stored_ids"": [737542]}",,,,
13183,magic,Reprieve,477,ltr,The Lord of the Rings: Tales of Middle-earth,en,Showcase,uncommon,foil,Showcase,606,scryfall_oracle:f0449cbd-855c-4c20-a1f5-f76a395d8d39,,,b62104ea-1410-4918-9c7d-da6019324600,737542,,737542,Reprieve,5489,The Lord of the Rings: Tales of Middle-earth,,,mixed/unknown,1.45,2.11,1.54,2.14,2.01,,0,,,,Foil Low,,EUR,EUR,,,,,"{""mapped_product_ids"": []}",AMBIGUOUS,Cardmarket bulk data does not prove finish/treatment,false,false,false,,,,,,,,NO_COMPARISON,,,,NO_COMPARISON,ambiguous_identity,,"{""ambiguity_reasons"": [""unproven_treatment""], ""external_provenance"": [], ""scryfall_cardmarket_id"": 737542, ""stored_ids"": [737542], ""validated_stored_ids"": [737542]}",,,,
13184,magic,Rosie Cotton of South Lane,478,ltr,The Lord of the Rings: Tales of Middle-earth,en,Showcase,uncommon,nonfoil,Showcase,55,scryfall_oracle:168d5711-4459-440f-8de4-aabffd47c44d,,,d44790d3-39ce-4e79-99b8-6b58cd578890,737544,,737544,Rosie Cotton of South Lane,5489,The Lord of the Rings: Tales of Middle-earth,,,mixed/unknown,0.1,0.73,1.23,0.6,0.61,,0,,,,Low,,EUR,EUR,,,,,"{""mapped_product_ids"": []}",AMBIGUOUS,Cardmarket bulk data does not prove finish/treatment,false,false,false,,,,,,,,NO_COMPARISON,,,,NO_COMPARISON,ambiguous_identity,,"{""ambiguity_reasons"": [""unproven_treatment""], ""external_provenance"": [], ""scryfall_cardmarket_id"": 737544, ""stored_ids"": [737544], ""validated_stored_ids"": [737544]}",,,,
13185,magic,Rosie Cotton of South Lane,478,ltr,The Lord of the Rings: Tales of Middle-earth,en,Showcase,uncommon,foil,Showcase,55,scryfall_oracle:168d5711-4459-440f-8de4-aabffd47c44d,,,d44790d3-39ce-4e79-99b8-6b58cd578890,737544,,737544,Rosie Cotton of South Lane,5489,The Lord of the Rings: Tales of Middle-earth,,,mixed/unknown,0.1,0.73,1.23,0.6,0.61,,0,,,,Foil Low,,EUR,EUR,,,,,"{""mapped_product_ids"": []}",AMBIGUOUS,Cardmarket bulk data does not prove finish/treatment,false,false,false,,,,,,,,NO_COMPARISON,,,,NO_COMPARISON,ambiguous_identity,,"{""ambiguity_reasons"": [""unproven_treatment""], ""external_provenance"": [], ""scryfall_cardmarket_id"": 737544, ""stored_ids"": [737544], ""validated_stored_ids"": [737544]}",,,,
13186,magic,Samwise the Stouthearted,479,ltr,The Lord of the Rings: Tales of Middle-earth,en,Showcase,uncommon,nonfoil,Showcase,34,scryfall_oracle:0e26b429-0469-474a-818a-2d4696c38a05,,,fb4781a6-0e77-426b-b917-52f59eceba98,737546,,737546,Samwise the Stouthearted,5489,The Lord of the Rings: Tales of Middle-earth,,,mixed/unknown,0.03,0.57,0.5,0.9,0.48,,0,,,,Low,,EUR,EUR,,,,,"{""mapped_product_ids"": []}",AMBIGUOUS,Cardmarket bulk data does not prove finish/treatment,false,false,false,,,,,,,,NO_COMPARISON,,,,NO_COMPARISON,ambiguous_identity,,"{""ambiguity_reasons"": [""unproven_treatment""], ""external_provenance"": [], ""scryfall_cardmarket_id"": 737546, ""stored_ids"": [737546], ""validated_stored_ids"": [737546]}",,,,
13187,magic,Samwise the Stouthearted,479,ltr,The Lord of the Rings: Tales of Middle-earth,en,Showcase,uncommon,foil,Showcase,34,scryfall_oracle:0e26b429-0469-474a-818a-2d4696c38a05,,,fb4781a6-0e77-426b-b917-52f59eceba98,737546,,737546,Samwise the Stouthearted,5489,The Lord of the Rings: Tales of Middle-earth,,,mixed/unknown,0.03,0.57,0.5,0.9,0.48,,0,,,,Foil Low,,EUR,EUR,,,,,"{""mapped_product_ids"": []}",AMBIGUOUS,Cardmarket bulk data does not prove finish/treatment,false,false,false,,,,,,,,NO_COMPARISON,,,,NO_COMPARISON,ambiguous_identity,,"{""ambiguity_reasons"": [""unproven_treatment""], ""external_provenance"": [], ""scryfall_cardmarket_id"": 737546, ""stored_ids"": [737546], ""validated_stored_ids"": [737546]}",,,,
13188,magic,Second Breakfast,480,ltr,The Lord of the Rings: Tales of Middle-earth,en,Showcase,common,nonfoil,Showcase,489,scryfall_oracle:bf5f68b8-8ae2-4d08-b86c-4e6d3b653fec,,,3f88a06a-ab45-48b5-99cd-f13aede9dfc0,737549,,737549,Second Breakfast,5489,The Lord of the Rings: Tales of Middle-earth,,,mixed/unknown,0.04,0,,,,0.04,0.47,0.54,0.35,0.35,Low,,EUR,EUR,,,,,"{""mapped_product_ids"": []}",AMBIGUOUS,Cardmarket bulk data does not prove finish/treatment,false,false,false,,,,,,,,NO_COMPARISON,,,,NO_COMPARISON,ambiguous_identity,,"{""ambiguity_reasons"": [""unproven_treatment""], ""external_provenance"": [], ""scryfall_cardmarket_id"": 737549, ""stored_ids"": [737549], ""validated_stored_ids"": [737549]}",,,,
13189,magic,Second Breakfast,480,ltr,The Lord of the Rings: Tales of Middle-earth,en,Showcase,common,foil,Showcase,489,scryfall_oracle:bf5f68b8-8ae2-4d08-b86c-4e6d3b653fec,,,3f88a06a-ab45-48b5-99cd-f13aede9dfc0,737549,,737549,Second Breakfast,5489,The Lord of the Rings: Tales of Middle-earth,,,mixed/unknown,0.04,0,,,,0.04,0.47,0.54,0.35,0.35,Foil Low,,EUR,EUR,,,,,"{""mapped_product_ids"": []}",AMBIGUOUS,Cardmarket bulk data does not prove finish/treatment,false,false,false,,,,,,,,NO_COMPARISON,,,,NO_COMPARISON,ambiguous_identity,,"{""ambiguity_reasons"": [""unproven_treatment""], ""external_provenance"": [], ""scryfall_cardmarket_id"": 737549, ""stored_ids"": [737549], ""validated_stored_ids"": [737549]}",,,,
13190,magic,Shire Shirriff,481,ltr,The Lord of the Rings: Tales of Middle-earth,en,Showcase,uncommon,nonfoil,Showcase,51,scryfall_oracle:14f36157-f55f-495d-9ffe-f38135a59750,,,9be0d67e-522b-48dc-afdd-7aae867821a3,737550,,737550,Shire Shirriff,5489,The Lord of the Rings: Tales of Middle-earth,,,mixed/unknown,0.03,0.22,0.25,0.22,0.17,,0,,,,Low,,EUR,EUR,,,,,"{""mapped_product_ids"": []}",AMBIGUOUS,Cardmarket bulk data does not prove finish/treatment,false,false,false,,,,,,,,NO_COMPARISON,,,,NO_COMPARISON,ambiguous_identity,,"{""ambiguity_reasons"": [""unproven_treatment""], ""external_provenance"": [], ""scryfall_cardmarket_id"": 737550, ""stored_ids"": [737550], ""validated_stored_ids"": [737550]}",,,,
13191,magic,Shire Shirriff,481,ltr,The Lord of the Rings: Tales of Middle-earth,en,Showcase,uncommon,foil,Showcase,51,scryfall_oracle:14f36157-f55f-495d-9ffe-f38135a59750,,,9be0d67e-522b-48dc-afdd-7aae867821a3,737550,,737550,Shire Shirriff,5489,The Lord of the Rings: Tales of Middle-earth,,,mixed/unknown,0.03,0.22,0.25,0.22,0.17,,0,,,,Foil Low,,EUR,EUR,,,,,"{""mapped_product_ids"": []}",AMBIGUOUS,Cardmarket bulk data does not prove finish/treatment,false,false,false,,,,,,,,NO_COMPARISON,,,,NO_COMPARISON,ambiguous_identity,,"{""ambiguity_reasons"": [""unproven_treatment""], ""external_provenance"": [], ""scryfall_cardmarket_id"": 737550, ""stored_ids"": [737550], ""validated_stored_ids"": [737550]}",,,,
13192,magic,Slip On the Ring,482,ltr,The Lord of the Rings: Tales of Middle-earth,en,Showcase,common,nonfoil,Showcase,426,scryfall_oracle:a6b28298-9624-49d7-ad73-fcd1fd3556d2,,,0db59075-1ab4-4616-b969-36c52810d291,737553,,737553,Slip On the Ring,5489,The Lord of the Rings: Tales of Middle-earth,,,mixed/unknown,0.15,0.29,,,,0.15,0.53,0.4,0.6,0.6,Low,,EUR,EUR,,,,,"{""mapped_product_ids"": []}",AMBIGUOUS,Cardmarket bulk data does not prove finish/treatment,false,false,false,,,,,,,,NO_COMPARISON,,,,NO_COMPARISON,ambiguous_identity,,"{""ambiguity_reasons"": [""unproven_treatment""], ""external_provenance"": [], ""scryfall_cardmarket_id"": 737553, ""stored_ids"": [737553], ""validated_stored_ids"": [737553]}",,,,
13193,magic,Slip On the Ring,482,ltr,The Lord of the Rings: Tales of Middle-earth,en,Showcase,common,foil,Showcase,426,scryfall_oracle:a6b28298-9624-49d7-ad73-fcd1fd3556d2,,,0db59075-1ab4-4616-b969-36c52810d291,737553,,737553,Slip On the Ring,5489,The Lord of the Rings: Tales of Middle-earth,,,mixed/unknown,0.15,0.29,,,,0.15,0.53,0.4,0.6,0.6,Foil Low,,EUR,EUR,,,,,"{""mapped_product_ids"": []}",AMBIGUOUS,Cardmarket bulk data does not prove finish/treatment,false,false,false,,,,,,,,NO_COMPARISON,,,,NO_COMPARISON,ambiguous_identity,,"{""ambiguity_reasons"": [""unproven_treatment""], ""external_provenance"": [], ""scryfall_cardmarket_id"": 737553, ""stored_ids"": [737553], ""validated_stored_ids"": [737553]}",,,,
13194,magic,Soldier of the Grey Host,483,ltr,The Lord of the Rings: Tales of Middle-earth,en,Showcase,common,nonfoil,Showcase,411,scryfall_oracle:a04c6059-d9e2-4b2b-9db5-f936d69da4d4,,,62e960c5-729e-4732-afd6-20d08d62bcb3,737554,,737554,Soldier of the Grey Host,5489,The Lord of the Rings: Tales of Middle-earth,,,mixed/unknown,0.04,0.15,0.15,0.16,0.12,,0,,,,Low,,EUR,EUR,,,,,"{""mapped_product_ids"": []}",AMBIGUOUS,Cardmarket bulk data does not prove finish/treatment,false,false,false,,,,,,,,NO_COMPARISON,,,,NO_COMPARISON,ambiguous_identity,,"{""ambiguity_reasons"": [""unproven_treatment""], ""external_provenance"": [], ""scryfall_cardmarket_id"": 737554, ""stored_ids"": [737554], ""validated_stored_ids"": [737554]}",,,,
13195,magic,Soldier of the Grey Host,483,ltr,The Lord of the Rings: Tales of Middle-earth,en,Showcase,common,foil,Showcase,411,scryfall_oracle:a04c6059-d9e2-4b2b-9db5-f936d69da4d4,,,62e960c5-729e-4732-afd6-20d08d62bcb3,737554,,737554,Soldier of the Grey Host,5489,The Lord of the Rings: Tales of Middle-earth,,,mixed/unknown,0.04,0.15,0.15,0.16,0.12,,0,,,,Foil Low,,EUR,EUR,,,,,"{""mapped_product_ids"": []}",AMBIGUOUS,Cardmarket bulk data does not prove finish/treatment,false,false,false,,,,,,,,NO_COMPARISON,,,,NO_COMPARISON,ambiguous_identity,,"{""ambiguity_reasons"": [""unproven_treatment""], ""external_provenance"": [], ""scryfall_cardmarket_id"": 737554, ""stored_ids"": [737554], ""validated_stored_ids"": [737554]}",,,,
13196,magic,Stalwarts of Osgiliath,484,ltr,The Lord of the Rings: Tales of Middle-earth,en,Showcase,common,nonfoil,Showcase,542,scryfall_oracle:d41b2a4f-e137-4e61-99eb-6261ab3edd03,,,77cc84eb-f510-4573-bb56-831b4f82d7e7,737556,,737556,Stalwarts of Osgiliath,5489,The Lord of the Rings: Tales of Middle-earth,,,mixed/unknown,0.09,0.19,0.15,0.18,0.16,,0,,,,Low,,EUR,EUR,,,,,"{""mapped_product_ids"": []}",AMBIGUOUS,Cardmarket bulk data does not prove finish/treatment,false,false,false,,,,,,,,NO_COMPARISON,,,,NO_COMPARISON,ambiguous_identity,,"{""ambiguity_reasons"": [""unproven_treatment""], ""external_provenance"": [], ""scryfall_cardmarket_id"": 737556, ""stored_ids"": [737556], ""validated_stored_ids"": [737556]}",,,,
13197,magic,Stalwarts of Osgiliath,484,ltr,The Lord of the Rings: Tales of Middle-earth,en,Showcase,common,foil,Showcase,542,scryfall_oracle:d41b2a4f-e137-4e61-99eb-6261ab3edd03,,,77cc84eb-f510-4573-bb56-831b4f82d7e7,737556,,737556,Stalwarts of Osgiliath,5489,The Lord of the Rings: Tales of Middle-earth,,,mixed/unknown,0.09,0.19,0.15,0.18,0.16,,0,,,,Foil Low,,EUR,EUR,,,,,"{""mapped_product_ids"": []}",AMBIGUOUS,Cardmarket bulk data does not prove finish/treatment,false,false,false,,,,,,,,NO_COMPARISON,,,,NO_COMPARISON,ambiguous_identity,,"{""ambiguity_reasons"": [""unproven_treatment""], ""external_provenance"": [], ""scryfall_cardmarket_id"": 737556, ""stored_ids"": [737556], ""validated_stored_ids"": [737556]}",,,,
13198,magic,Tale of Tinúviel,485,ltr,The Lord of the Rings: Tales of Middle-earth,en,Showcase,uncommon,nonfoil,Showcase,484,scryfall_oracle:bce30bc5-b059-42bb-a9a4-5886f5607160,,,2e9963da-f1f2-42c3-8fac-b1d16792d115,737558,,737558,Tale of Tinúviel,5489,The Lord of the Rings: Tales of Middle-earth,,,mixed/unknown,0.05,0.29,0.34,0.28,0.3,,0,,,,Low,,EUR,EUR,,,,,"{""mapped_product_ids"": []}",AMBIGUOUS,Cardmarket bulk data does not prove finish/treatment,false,false,false,,,,,,,,NO_COMPARISON,,,,NO_COMPARISON,ambiguous_identity,,"{""ambiguity_reasons"": [""unproven_treatment""], ""external_provenance"": [], ""scryfall_cardmarket_id"": 737558, ""stored_ids"": [737558], ""validated_stored_ids"": [737558]}",,,,
13199,magic,Tale of Tinúviel,485,ltr,The Lord of the Rings: Tales of Middle-earth,en,Showcase,uncommon,foil,Showcase,484,scryfall_oracle:bce30bc5-b059-42bb-a9a4-5886f5607160,,,2e9963da-f1f2-42c3-8fac-b1d16792d115,737558,,737558,Tale of Tinúviel,5489,The Lord of the Rings: Tales of Middle-earth,,,mixed/unknown,0.05,0.29,0.34,0.28,0.3,,0,,,,Foil Low,,EUR,EUR,,,,,"{""mapped_product_ids"": []}",AMBIGUOUS,Cardmarket bulk data does not prove finish/treatment,false,false,false,,,,,,,,NO_COMPARISON,,,,NO_COMPARISON,ambiguous_identity,,"{""ambiguity_reasons"": [""unproven_treatment""], ""external_provenance"": [], ""scryfall_cardmarket_id"": 737558, ""stored_ids"": [737558], ""validated_stored_ids"": [737558]}",,,,
13200,magic,Took Reaper,486,ltr,The Lord of the Rings: Tales of Middle-earth,en,Showcase,common,nonfoil,Showcase,490,scryfall_oracle:bfd8daa9-029f-41aa-a947-cdfde3f4d6b6,,,abba1277-118e-4371-a6cf-9aeadabb388b,737560,,737560,Took Reaper,5489,The Lord of the Rings: Tales of Middle-earth,,,mixed/unknown,0.03,0.16,0.15,0.15,0.14,,0,,,,Low,,EUR,EUR,,,,,"{""mapped_product_ids"": []}",AMBIGUOUS,Cardmarket bulk data does not prove finish/treatment,false,false,false,,,,,,,,NO_COMPARISON,,,,NO_COMPARISON,ambiguous_identity,,"{""ambiguity_reasons"": [""unproven_treatment""], ""external_provenance"": [], ""scryfall_cardmarket_id"": 737560, ""stored_ids"": [737560], ""validated_stored_ids"": [737560]}",,,,
13201,magic,Took Reaper,486,ltr,The Lord of the Rings: Tales of Middle-earth,en,Showcase,common,foil,Showcase,490,scryfall_oracle:bfd8daa9-029f-41aa-a947-cdfde3f4d6b6,,,abba1277-118e-4371-a6cf-9aeadabb388b,737560,,737560,Took Reaper,5489,The Lord of the Rings: Tales of Middle-earth,,,mixed/unknown,0.03,0.16,0.15,0.15,0.14,,0,,,,Foil Low,,EUR,EUR,,,,,"{""mapped_product_ids"": []}",AMBIGUOUS,Cardmarket bulk data does not prove finish/treatment,false,false,false,,,,,,,,NO_COMPARISON,,,,NO_COMPARISON,ambiguous_identity,,"{""ambiguity_reasons"": [""unproven_treatment""], ""external_provenance"": [], ""scryfall_cardmarket_id"": 737560, ""stored_ids"": [737560], ""validated_stored_ids"": [737560]}",,,,
13202,magic,War of the Last Alliance,487,ltr,The Lord of the Rings: Tales of Middle-earth,en,Showcase,rare,nonfoil,Showcase,574,scryfall_oracle:e376702a-f56e-4e47-aa8c-3f80384d12a9,,,3214a1e1-3520-4d59-89bb-14a1336ef999,737563,,737563,War of the Last Alliance,5489,The Lord of the Rings: Tales of Middle-earth,,,mixed/unknown,7,0,,,,7,8.11,7.84,7.78,7.64,Low,,EUR,EUR,,,,,"{""mapped_product_ids"": []}",AMBIGUOUS,Cardmarket bulk data does not prove finish/treatment,false,false,false,,,,,,,,NO_COMPARISON,,,,NO_COMPARISON,ambiguous_identity,,"{""ambiguity_reasons"": [""unproven_treatment""], ""external_provenance"": [], ""scryfall_cardmarket_id"": 737563, ""stored_ids"": [737563], ""validated_stored_ids"": [737563]}",,,,
13203,magic,War of the Last Alliance,487,ltr,The Lord of the Rings: Tales of Middle-earth,en,Showcase,rare,foil,Showcase,574,scryfall_oracle:e376702a-f56e-4e47-aa8c-3f80384d12a9,,,3214a1e1-3520-4d59-89bb-14a1336ef999,737563,,737563,War of the Last Alliance,5489,The Lord of the Rings: Tales of Middle-earth,,,mixed/unknown,7,0,,,,7,8.11,7.84,7.78,7.64,Foil Low,,EUR,EUR,,,,,"{""mapped_product_ids"": []}",AMBIGUOUS,Cardmarket bulk data does not prove finish/treatment,false,false,false,,,,,,,,NO_COMPARISON,,,,NO_COMPARISON,ambiguous_identity,,"{""ambiguity_reasons"": [""unproven_treatment""], ""external_provenance"": [], ""scryfall_cardmarket_id"": 737563, ""stored_ids"": [737563], ""validated_stored_ids"": [737563]}",,,,
13204,magic,Westfold Rider,488,ltr,The Lord of the Rings: Tales of Middle-earth,en,Showcase,common,nonfoil,Showcase,58,scryfall_oracle:17d35b8f-2189-4587-9c57-425e93d883c6,,,3c73835d-4af8-4754-bcc8-176e43fceaea,737564,,737564,Westfold Rider,5489,The Lord of the Rings: Tales of Middle-earth,,,mixed/unknown,0.09,0.29,0.2,0.23,0.25,,0,,,,Low,,EUR,EUR,,,,,"{""mapped_product_ids"": []}",AMBIGUOUS,Cardmarket bulk data does not prove finish/treatment,false,false,false,,,,,,,,NO_COMPARISON,,,,NO_COMPARISON,ambiguous_identity,,"{""ambiguity_reasons"": [""unproven_treatment""], ""external_provenance"": [], ""scryfall_cardmarket_id"": 737564, ""stored_ids"": [737564], ""validated_stored_ids"": [737564]}",,,,
13205,magic,Westfold Rider,488,ltr,The Lord of the Rings: Tales of Middle-earth,en,Showcase,common,foil,Showcase,58,scryfall_oracle:17d35b8f-2189-4587-9c57-425e93d883c6,,,3c73835d-4af8-4754-bcc8-176e43fceaea,737564,,737564,Westfold Rider,5489,The Lord of the Rings: Tales of Middle-earth,,,mixed/unknown,0.09,0.29,0.2,0.23,0.25,,0,,,,Foil Low,,EUR,EUR,,,,,"{""mapped_product_ids"": []}",AMBIGUOUS,Cardmarket bulk data does not prove finish/treatment,false,false,false,,,,,,,,NO_COMPARISON,,,,NO_COMPARISON,ambiguous_identity,,"{""ambiguity_reasons"": [""unproven_treatment""], ""external_provenance"": [], ""scryfall_cardmarket_id"": 737564, ""stored_ids"": [737564], ""validated_stored_ids"": [737564]}",,,,
13206,magic,You Cannot Pass!,489,ltr,The Lord of the Rings: Tales of Middle-earth,en,Showcase,uncommon,nonfoil,Showcase,361,scryfall_oracle:8e94ccdb-5978-440b-b7cd-11c7ca6b2c98,,,adae8941-8f93-46cd-a520-20330ed2acff,737567,,737567,You Cannot Pass!,5489,The Lord of the Rings: Tales of Middle-earth,,,mixed/unknown,0.1,0,,,,0.1,0.49,0.89,0.47,0.37,Low,,EUR,EUR,,,,,"{""mapped_product_ids"": []}",AMBIGUOUS,Cardmarket bulk data does not prove finish/treatment,false,false,false,,,,,,,,NO_COMPARISON,,,,NO_COMPARISON,ambiguous_identity,,"{""ambiguity_reasons"": [""unproven_treatment""], ""external_provenance"": [], ""scryfall_cardmarket_id"": 737567, ""stored_ids"": [737567], ""validated_stored_ids"": [737567]}",,,,
13207,magic,You Cannot Pass!,489,ltr,The Lord of the Rings: Tales of Middle-earth,en,Showcase,uncommon,foil,Showcase,361,scryfall_oracle:8e94ccdb-5978-440b-b7cd-11c7ca6b2c98,,,adae8941-8f93-46cd-a520-20330ed2acff,737567,,737567,You Cannot Pass!,5489,The Lord of the Rings: Tales of Middle-earth,,,mixed/unknown,0.1,0,,,,0.1,0.49,0.89,0.47,0.37,Foil Low,,EUR,EUR,,,,,"{""mapped_product_ids"": []}",AMBIGUOUS,Cardmarket bulk data does not prove finish/treatment,false,false,false,,,,,,,,NO_COMPARISON,,,,NO_COMPARISON,ambiguous_identity,,"{""ambiguity_reasons"": [""unproven_treatment""], ""external_provenance"": [], ""scryfall_cardmarket_id"": 737567, ""stored_ids"": [737567], ""validated_stored_ids"": [737567]}",,,,
13208,magic,Arwen's Gift,490,ltr,The Lord of the Rings: Tales of Middle-earth,en,Showcase,common,nonfoil,Showcase,47,scryfall_oracle:13ac12db-d04b-4211-90df-886e1c597e8f,,,70466aa9-b81f-429e-9804-5d354f9fb86e,737568,,737568,Arwen's Gift,5489,The Lord of the Rings: Tales of Middle-earth,,,mixed/unknown,0.05,0.27,0.33,0.34,0.21,,0,,,,Low,,EUR,EUR,,,,,"{""mapped_product_ids"": []}",AMBIGUOUS,Cardmarket bulk data does not prove finish/treatment,false,false,false,,,,,,,,NO_COMPARISON,,,,NO_COMPARISON,ambiguous_identity,,"{""ambiguity_reasons"": [""unproven_treatment""], ""external_provenance"": [], ""scryfall_cardmarket_id"": 737568, ""stored_ids"": [737568], ""validated_stored_ids"": [737568]}",,,,
13209,magic,Arwen's Gift,490,ltr,The Lord of the Rings: Tales of Middle-earth,en,Showcase,common,foil,Showcase,47,scryfall_oracle:13ac12db-d04b-4211-90df-886e1c597e8f,,,70466aa9-b81f-429e-9804-5d354f9fb86e,737568,,737568,Arwen's Gift,5489,The Lord of the Rings: Tales of Middle-earth,,,mixed/unknown,0.05,0.27,0.33,0.34,0.21,,0,,,,Foil Low,,EUR,EUR,,,,,"{""mapped_product_ids"": []}",AMBIGUOUS,Cardmarket bulk data does not prove finish/treatment,false,false,false,,,,,,,,NO_COMPARISON,,,,NO_COMPARISON,ambiguous_identity,,"{""ambiguity_reasons"": [""unproven_treatment""], ""external_provenance"": [], ""scryfall_cardmarket_id"": 737568, ""stored_ids"": [737568], ""validated_stored_ids"": [737568]}",,,,
13210,magic,The Bath Song,491,ltr,The Lord of the Rings: Tales of Middle-earth,en,Showcase,uncommon,nonfoil,Showcase,481,scryfall_oracle:bc475376-54eb-4846-9cfc-5fa2e7908905,,,9dc2521f-d9a5-4ae7-b5dc-bf0504e66345,737571,,737571,The Bath Song,5489,The Lord of the Rings: Tales of Middle-earth,,,mixed/unknown,0.15,0.27,0.27,0.27,0.27,0.15,0.32,0.39,0.32,0.32,Low,,EUR,EUR,,,,,"{""mapped_product_ids"": []}",AMBIGUOUS,Cardmarket bulk data does not prove finish/treatment,false,false,false,,,,,,,,NO_COMPARISON,,,,NO_COMPARISON,ambiguous_identity,,"{""ambiguity_reasons"": [""unproven_treatment""], ""external_provenance"": [], ""scryfall_cardmarket_id"": 737571, ""stored_ids"": [737571], ""validated_stored_ids"": [737571]}",,,,
13212,magic,Bewitching Leechcraft,492,ltr,The Lord of the Rings: Tales of Middle-earth,en,Showcase,common,nonfoil,Showcase,424,scryfall_oracle:a5d803bc-7fd4-4570-8cd6-cb138727a66e,,,72ad1bf9-b203-41ab-92e7-6d9491de440d,737572,,737572,Bewitching Leechcraft,5489,The Lord of the Rings: Tales of Middle-earth,,,mixed/unknown,0.04,0.23,0.2,0.17,0.17,,0,,,,Low,,EUR,EUR,,,,,"{""mapped_product_ids"": []}",AMBIGUOUS,Cardmarket bulk data does not prove finish/treatment,false,false,false,,,,,,,,NO_COMPARISON,,,,NO_COMPARISON,ambiguous_identity,,"{""ambiguity_reasons"": [""unproven_treatment""], ""external_provenance"": [], ""scryfall_cardmarket_id"": 737572, ""stored_ids"": [737572], ""validated_stored_ids"": [737572]}",,,,
13213,magic,Bewitching Leechcraft,492,ltr,The Lord of the Rings: Tales of Middle-earth,en,Showcase,common,foil,Showcase,424,scryfall_oracle:a5d803bc-7fd4-4570-8cd6-cb138727a66e,,,72ad1bf9-b203-41ab-92e7-6d9491de440d,737572,,737572,Bewitching Leechcraft,5489,The Lord of the Rings: Tales of Middle-earth,,,mixed/unknown,0.04,0.23,0.2,0.17,0.17,,0,,,,Foil Low,,EUR,EUR,,,,,"{""mapped_product_ids"": []}",AMBIGUOUS,Cardmarket bulk data does not prove finish/treatment,false,false,false,,,,,,,,NO_COMPARISON,,,,NO_COMPARISON,ambiguous_identity,,"{""ambiguity_reasons"": [""unproven_treatment""], ""external_provenance"": [], ""scryfall_cardmarket_id"": 737572, ""stored_ids"": [737572], ""validated_stored_ids"": [737572]}",,,,
13214,magic,"Bill Ferny, Bree Swindler",493,ltr,The Lord of the Rings: Tales of Middle-earth,en,Showcase,uncommon,nonfoil,Showcase,591,scryfall_oracle:ebbe5d82-a7a4-4f4b-b038-095021d9a6a8,,,4ba44586-3b28-49e6-a7c9-8c7d82b75080,737574,,737574,"Bill Ferny, Bree Swindler",5489,The Lord of the Rings: Tales of Middle-earth,,,mixed/unknown,0.05,0.18,0.15,0.17,0.16,,0,,,,Low,,EUR,EUR,,,,,"{""mapped_product_ids"": []}",AMBIGUOUS,Cardmarket bulk data does not prove finish/treatment,false,false,false,,,,,,,,NO_COMPARISON,,,,NO_COMPARISON,ambiguous_identity,,"{""ambiguity_reasons"": [""unproven_treatment""], ""external_provenance"": [], ""scryfall_cardmarket_id"": 737574, ""stored_ids"": [737574], ""validated_stored_ids"": [737574]}",,,,
13215,magic,"Bill Ferny, Bree Swindler",493,ltr,The Lord of the Rings: Tales of Middle-earth,en,Showcase,uncommon,foil,Showcase,591,scryfall_oracle:ebbe5d82-a7a4-4f4b-b038-095021d9a6a8,,,4ba44586-3b28-49e6-a7c9-8c7d82b75080,737574,,737574,"Bill Ferny, Bree Swindler",5489,The Lord of the Rings: Tales of Middle-earth,,,mixed/unknown,0.05,0.18,0.15,0.17,0.16,,0,,,,Foil Low,,EUR,EUR,,,,,"{""mapped_product_ids"": []}",AMBIGUOUS,Cardmarket bulk data does not prove finish/treatment,false,false,false,,,,,,,,NO_COMPARISON,,,,NO_COMPARISON,ambiguous_identity,,"{""ambiguity_reasons"": [""unproven_treatment""], ""external_provenance"": [], ""scryfall_cardmarket_id"": 737574, ""stored_ids"": [737574], ""validated_stored_ids"": [737574]}",,,,
13216,magic,Birthday Escape,494,ltr,The Lord of the Rings: Tales of Middle-earth,en,Showcase,common,nonfoil,Showcase,201,scryfall_oracle:4f958678-2a32-4a30-8fe7-47df9ada6b2f,,,53cd9e3e-f211-4f9c-84a5-8c4593ff2af0,737576,,737576,Birthday Escape,5489,The Lord of the Rings: Tales of Middle-earth,,,mixed/unknown,0.07,0.39,0.41,0.36,0.37,,0,,,,Low,,EUR,EUR,,,,,"{""mapped_product_ids"": []}",AMBIGUOUS,Cardmarket bulk data does not prove finish/treatment,false,false,false,,,,,,,,NO_COMPARISON,,,,NO_COMPARISON,ambiguous_identity,,"{""ambiguity_reasons"": [""unproven_treatment""], ""external_provenance"": [], ""scryfall_cardmarket_id"": 737576, ""stored_ids"": [737576], ""validated_stored_ids"": [737576]}",,,,
13217,magic,Birthday Escape,494,ltr,The Lord of the Rings: Tales of Middle-earth,en,Showcase,common,foil,Showcase,201,scryfall_oracle:4f958678-2a32-4a30-8fe7-47df9ada6b2f,,,53cd9e3e-f211-4f9c-84a5-8c4593ff2af0,737576,,737576,Birthday Escape,5489,The Lord of the Rings: Tales of Middle-earth,,,mixed/unknown,0.07,0.39,0.41,0.36,0.37,,0,,,,Foil Low,,EUR,EUR,,,,,"{""mapped_product_ids"": []}",AMBIGUOUS,Cardmarket bulk data does not prove finish/treatment,false,false,false,,,,,,,,NO_COMPARISON,,,,NO_COMPARISON,ambiguous_identity,,"{""ambiguity_reasons"": [""unproven_treatment""], ""external_provenance"": [], ""scryfall_cardmarket_id"": 737576, ""stored_ids"": [737576], ""validated_stored_ids"": [737576]}",,,,
13218,magic,Borne Upon a Wind,495,ltr,The Lord of the Rings: Tales of Middle-earth,en,Showcase,rare,nonfoil,Showcase,530,scryfall_oracle:ce19962d-94f9-4b2b-b668-963c0acce308,,,728cb877-4361-4352-9c8b-57972a40bd4e,737578,,737578,Borne Upon a Wind,5489,The Lord of the Rings: Tales of Middle-earth,,,mixed/unknown,6.9,8.77,10,9,8.53,,0,,,,Low,,EUR,EUR,,,,,"{""mapped_product_ids"": []}",AMBIGUOUS,Cardmarket bulk data does not prove finish/treatment,false,false,false,,,,,,,,NO_COMPARISON,,,,NO_COMPARISON,ambiguous_identity,,"{""ambiguity_reasons"": [""unproven_treatment""], ""external_provenance"": [], ""scryfall_cardmarket_id"": 737578, ""stored_ids"": [737578], ""validated_stored_ids"": [737578]}",,,,
13219,magic,Borne Upon a Wind,495,ltr,The Lord of the Rings: Tales of Middle-earth,en,Showcase,rare,foil,Showcase,530,scryfall_oracle:ce19962d-94f9-4b2b-b668-963c0acce308,,,728cb877-4361-4352-9c8b-57972a40bd4e,737578,,737578,Borne Upon a Wind,5489,The Lord of the Rings: Tales of Middle-earth,,,mixed/unknown,6.9,8.77,10,9,8.53,,0,,,,Foil Low,,EUR,EUR,,,,,"{""mapped_product_ids"": []}",AMBIGUOUS,Cardmarket bulk data does not prove finish/treatment,false,false,false,,,,,,,,NO_COMPARISON,,,,NO_COMPARISON,ambiguous_identity,,"{""ambiguity_reasons"": [""unproven_treatment""], ""external_provenance"": [], ""scryfall_cardmarket_id"": 737578, ""stored_ids"": [737578], ""validated_stored_ids"": [737578]}",,,,
13220,magic,Captain of Umbar,496,ltr,The Lord of the Rings: Tales of Middle-earth,en,Showcase,common,nonfoil,Showcase,62,scryfall_oracle:1941f993-41d7-49e3-8891-41b3cecd5a9d,,,a53e0155-a153-4ee4-b8b2-2d658f7cb5b5,737581,,737581,Captain of Umbar,5489,The Lord of the Rings: Tales of Middle-earth,,,mixed/unknown,0.1,0.12,0.12,0.12,0.12,0.1,0.33,0.33,0.29,0.28,Low,,EUR,EUR,,,,,"{""mapped_product_ids"": []}",AMBIGUOUS,Cardmarket bulk data does not prove finish/treatment,false,false,false,,,,,,,,NO_COMPARISON,,,,NO_COMPARISON,ambiguous_identity,,"{""ambiguity_reasons"": [""unproven_treatment""], ""external_provenance"": [], ""scryfall_cardmarket_id"": 737581, ""stored_ids"": [737581], ""validated_stored_ids"": [737581]}",,,,
13221,magic,Captain of Umbar,496,ltr,The Lord of the Rings: Tales of Middle-earth,en,Showcase,common,foil,Showcase,62,scryfall_oracle:1941f993-41d7-49e3-8891-41b3cecd5a9d,,,a53e0155-a153-4ee4-b8b2-2d658f7cb5b5,737581,,737581,Captain of Umbar,5489,The Lord of the Rings: Tales of Middle-earth,,,mixed/unknown,0.1,0.12,0.12,0.12,0.12,0.1,0.33,0.33,0.29,0.28,Foil Low,,EUR,EUR,,,,,"{""mapped_product_ids"": []}",AMBIGUOUS,Cardmarket bulk data does not prove finish/treatment,false,false,false,,,,,,,,NO_COMPARISON,,,,NO_COMPARISON,ambiguous_identity,,"{""ambiguity_reasons"": [""unproven_treatment""], ""external_provenance"": [], ""scryfall_cardmarket_id"": 737581, ""stored_ids"": [737581], ""validated_stored_ids"": [737581]}",,,,
13222,magic,Council's Deliberation,497,ltr,The Lord of the Rings: Tales of Middle-earth,en,Showcase,uncommon,nonfoil,Showcase,123,scryfall_oracle:3280488d-e94b-4d53-b279-c32ed711d4bc,,,5525d312-a4d0-4880-8129-4cfeb4bc243a,737582,,737582,Council's Deliberation,5489,The Lord of the Rings: Tales of Middle-earth,,,mixed/unknown,0.05,0.2,0.2,0.27,0.28,,0,,,,Low,,EUR,EUR,,,,,"{""mapped_product_ids"": []}",AMBIGUOUS,Cardmarket bulk data does not prove finish/treatment,false,false,false,,,,,,,,NO_COMPARISON,,,,NO_COMPARISON,ambiguous_identity,,"{""ambiguity_reasons"": [""unproven_treatment""], ""external_provenance"": [], ""scryfall_cardmarket_id"": 737582, ""stored_ids"": [737582], ""validated_stored_ids"": [737582]}",,,,
13223,magic,Council's Deliberation,497,ltr,The Lord of the Rings: Tales of Middle-earth,en,Showcase,uncommon,foil,Showcase,123,scryfall_oracle:3280488d-e94b-4d53-b279-c32ed711d4bc,,,5525d312-a4d0-4880-8129-4cfeb4bc243a,737582,,737582,Council's Deliberation,5489,The Lord of the Rings: Tales of Middle-earth,,,mixed/unknown,0.05,0.2,0.2,0.27,0.28,,0,,,,Foil Low,,EUR,EUR,,,,,"{""mapped_product_ids"": []}",AMBIGUOUS,Cardmarket bulk data does not prove finish/treatment,false,false,false,,,,,,,,NO_COMPARISON,,,,NO_COMPARISON,ambiguous_identity,,"{""ambiguity_reasons"": [""unproven_treatment""], ""external_provenance"": [], ""scryfall_cardmarket_id"": 737582, ""stored_ids"": [737582], ""validated_stored_ids"": [737582]}",,,,
13224,magic,Deceive the Messenger,498,ltr,The Lord of the Rings: Tales of Middle-earth,en,Showcase,common,nonfoil,Showcase,431,scryfall_oracle:a9720545-37f4-42f1-932f-13ef88c9ea72,,,3382b1de-6d45-443c-a837-f3cd3e86233d,737585,,737585,Deceive the Messenger,5489,The Lord of the Rings: Tales of Middle-earth,,,mixed/unknown,0.09,0,,,,0.09,0.35,0.36,0.3,0.32,Low,,EUR,EUR,,,,,"{""mapped_product_ids"": []}",AMBIGUOUS,Cardmarket bulk data does not prove finish/treatment,false,false,false,,,,,,,,NO_COMPARISON,,,,NO_COMPARISON,ambiguous_identity,,"{""ambiguity_reasons"": [""unproven_treatment""], ""external_provenance"": [], ""scryfall_cardmarket_id"": 737585, ""stored_ids"": [737585], ""validated_stored_ids"": [737585]}",,,,
13225,magic,Deceive the Messenger,498,ltr,The Lord of the Rings: Tales of Middle-earth,en,Showcase,common,foil,Showcase,431,scryfall_oracle:a9720545-37f4-42f1-932f-13ef88c9ea72,,,3382b1de-6d45-443c-a837-f3cd3e86233d,737585,,737585,Deceive the Messenger,5489,The Lord of the Rings: Tales of Middle-earth,,,mixed/unknown,0.09,0,,,,0.09,0.35,0.36,0.3,0.32,Foil Low,,EUR,EUR,,,,,"{""mapped_product_ids"": []}",AMBIGUOUS,Cardmarket bulk data does not prove finish/treatment,false,false,false,,,,,,,,NO_COMPARISON,,,,NO_COMPARISON,ambiguous_identity,,"{""ambiguity_reasons"": [""unproven_treatment""], ""external_provenance"": [], ""scryfall_cardmarket_id"": 737585, ""stored_ids"": [737585], ""validated_stored_ids"": [737585]}",,,,
13226,magic,Dreadful as the Storm,499,ltr,The Lord of the Rings: Tales of Middle-earth,en,Showcase,common,nonfoil,Showcase,485,scryfall_oracle:bd9f4f20-cdef-4a20-b4cb-4f25c137a786,,,a9f6b277-8980-4c8b-ba78-c8e9745b7b0e,737586,,737586,Dreadful as the Storm,5489,The Lord of the Rings: Tales of Middle-earth,,,mixed/unknown,0.05,0.15,0.2,0.16,0.15,,0,,,,Low,,EUR,EUR,,,,,"{""mapped_product_ids"": []}",AMBIGUOUS,Cardmarket bulk data does not prove finish/treatment,false,false,false,,,,,,,,NO_COMPARISON,,,,NO_COMPARISON,ambiguous_identity,,"{""ambiguity_reasons"": [""unproven_treatment""], ""external_provenance"": [], ""scryfall_cardmarket_id"": 737586, ""stored_ids"": [737586], ""validated_stored_ids"": [737586]}",,,,
13227,magic,Dreadful as the Storm,499,ltr,The Lord of the Rings: Tales of Middle-earth,en,Showcase,common,foil,Showcase,485,scryfall_oracle:bd9f4f20-cdef-4a20-b4cb-4f25c137a786,,,a9f6b277-8980-4c8b-ba78-c8e9745b7b0e,737586,,737586,Dreadful as the Storm,5489,The Lord of the Rings: Tales of Middle-earth,,,mixed/unknown,0.05,0.15,0.2,0.16,0.15,,0,,,,Foil Low,,EUR,EUR,,,,,"{""mapped_product_ids"": []}",AMBIGUOUS,Cardmarket bulk data does not prove finish/treatment,false,false,false,,,,,,,,NO_COMPARISON,,,,NO_COMPARISON,ambiguous_identity,,"{""ambiguity_reasons"": [""unproven_treatment""], ""external_provenance"": [], ""scryfall_cardmarket_id"": 737586, ""stored_ids"": [737586], ""validated_stored_ids"": [737586]}",,,,
13228,magic,"Elrond, Lord of Rivendell",500,ltr,The Lord of the Rings: Tales of Middle-earth,en,Showcase,uncommon,nonfoil,Showcase,24,scryfall_oracle:099ae8f2-5c84-43ab-aaa1-ea69f2bba784,,,34a13a07-e556-4b84-bed2-59706cb0509c,737588,,737588,"Elrond, Lord of Rivendell",5489,The Lord of the Rings: Tales of Middle-earth,,,mixed/unknown,0.1,0.36,0.33,0.34,0.24,,0,,,,Low,,EUR,EUR,,,,,"{""mapped_product_ids"": []}",AMBIGUOUS,Cardmarket bulk data does not prove finish/treatment,false,false,false,,,,,,,,NO_COMPARISON,,,,NO_COMPARISON,ambiguous_identity,,"{""ambiguity_reasons"": [""unproven_treatment""], ""external_provenance"": [], ""scryfall_cardmarket_id"": 737588, ""stored_ids"": [737588], ""validated_stored_ids"": [737588]}",,,,
13229,magic,"Elrond, Lord of Rivendell",500,ltr,The Lord of the Rings: Tales of Middle-earth,en,Showcase,uncommon,foil,Showcase,24,scryfall_oracle:099ae8f2-5c84-43ab-aaa1-ea69f2bba784,,,34a13a07-e556-4b84-bed2-59706cb0509c,737588,,737588,"Elrond, Lord of Rivendell",5489,The Lord of the Rings: Tales of Middle-earth,,,mixed/unknown,0.1,0.36,0.33,0.34,0.24,,0,,,,Foil Low,,EUR,EUR,,,,,"{""mapped_product_ids"": []}",AMBIGUOUS,Cardmarket bulk data does not prove finish/treatment,false,false,false,,,,,,,,NO_COMPARISON,,,,NO_COMPARISON,ambiguous_identity,,"{""ambiguity_reasons"": [""unproven_treatment""], ""external_provenance"": [], ""scryfall_cardmarket_id"": 737588, ""stored_ids"": [737588], ""validated_stored_ids"": [737588]}",,,,
13230,magic,"Gandalf, Friend of the Shire",501,ltr,The Lord of the Rings: Tales of Middle-earth,en,Showcase,uncommon,nonfoil,Showcase,317,scryfall_oracle:7f7c917b-f940-4f43-bafa-31f50a6d9d6f,,,99d68bc6-68d9-4ab4-8e50-94adbbd8069c,737590,,737590,"Gandalf, Friend of the Shire",5489,The Lord of the Rings: Tales of Middle-earth,,,mixed/unknown,0.08,0.26,0.45,0.26,0.24,,0,,,,Low,,EUR,EUR,,,,,"{""mapped_product_ids"": []}",AMBIGUOUS,Cardmarket bulk data does not prove finish/treatment,false,false,false,,,,,,,,NO_COMPARISON,,,,NO_COMPARISON,ambiguous_identity,,"{""ambiguity_reasons"": [""unproven_treatment""], ""external_provenance"": [], ""scryfall_cardmarket_id"": 737590, ""stored_ids"": [737590], ""validated_stored_ids"": [737590]}",,,,
13231,magic,"Gandalf, Friend of the Shire",501,ltr,The Lord of the Rings: Tales of Middle-earth,en,Showcase,uncommon,foil,Showcase,317,scryfall_oracle:7f7c917b-f940-4f43-bafa-31f50a6d9d6f,,,99d68bc6-68d9-4ab4-8e50-94adbbd8069c,737590,,737590,"Gandalf, Friend of the Shire",5489,The Lord of the Rings: Tales of Middle-earth,,,mixed/unknown,0.08,0.26,0.45,0.26,0.24,,0,,,,Foil Low,,EUR,EUR,,,,,"{""mapped_product_ids"": []}",AMBIGUOUS,Cardmarket bulk data does not prove finish/treatment,false,false,false,,,,,,,,NO_COMPARISON,,,,NO_COMPARISON,ambiguous_identity,,"{""ambiguity_reasons"": [""unproven_treatment""], ""external_provenance"": [], ""scryfall_cardmarket_id"": 737590, ""stored_ids"": [737590], ""validated_stored_ids"": [737590]}",,,,
13232,magic,Glorious Gale,502,ltr,The Lord of the Rings: Tales of Middle-earth,en,Showcase,common,nonfoil,Showcase,331,scryfall_oracle:858265c2-6415-4938-a6ec-734d53046100,,,7d05175d-e9f1-4eb7-b199-73eda73babf4,737592,,737592,Glorious Gale,5489,The Lord of the Rings: Tales of Middle-earth,,,mixed/unknown,0.2,1.57,0.1,2.57,1.17,,0,,,,Low,,EUR,EUR,,,,,"{""mapped_product_ids"": []}",AMBIGUOUS,Cardmarket bulk data does not prove finish/treatment,false,false,false,,,,,,,,NO_COMPARISON,,,,NO_COMPARISON,ambiguous_identity,,"{""ambiguity_reasons"": [""unproven_treatment""], ""external_provenance"": [], ""scryfall_cardmarket_id"": 737592, ""stored_ids"": [737592], ""validated_stored_ids"": [737592]}",,,,
13233,magic,Glorious Gale,502,ltr,The Lord of the Rings: Tales of Middle-earth,en,Showcase,common,foil,Showcase,331,scryfall_oracle:858265c2-6415-4938-a6ec-734d53046100,,,7d05175d-e9f1-4eb7-b199-73eda73babf4,737592,,737592,Glorious Gale,5489,The Lord of the Rings: Tales of Middle-earth,,,mixed/unknown,0.2,1.57,0.1,2.57,1.17,,0,,,,Foil Low,,EUR,EUR,,,,,"{""mapped_product_ids"": []}",AMBIGUOUS,Cardmarket bulk data does not prove finish/treatment,false,false,false,,,,,,,,NO_COMPARISON,,,,NO_COMPARISON,ambiguous_identity,,"{""ambiguity_reasons"": [""unproven_treatment""], ""external_provenance"": [], ""scryfall_cardmarket_id"": 737592, ""stored_ids"": [737592], ""validated_stored_ids"": [737592]}",,,,
13234,magic,"Goldberry, River-Daughter",503,ltr,The Lord of the Rings: Tales of Middle-earth,en,Showcase,rare,nonfoil,Showcase,634,scryfall_oracle:fca3545a-2956-49f9-8465-1c8937deb294,,,27a0a736-450d-4136-9528-6f6d97e7a0d6,737595,,737595,"Goldberry, River-Daughter",5489,The Lord of the Rings: Tales of Middle-earth,,,mixed/unknown,6,0,,,,6,8.08,8.6,7.25,7.58,Low,,EUR,EUR,,,,,"{""mapped_product_ids"": []}",AMBIGUOUS,Cardmarket bulk data does not prove finish/treatment,false,false,false,,,,,,,,NO_COMPARISON,,,,NO_COMPARISON,ambiguous_identity,,"{""ambiguity_reasons"": [""unproven_treatment""], ""external_provenance"": [], ""scryfall_cardmarket_id"": 737595, ""stored_ids"": [737595], ""validated_stored_ids"": [737595]}",,,,
13235,magic,"Goldberry, River-Daughter",503,ltr,The Lord of the Rings: Tales of Middle-earth,en,Showcase,rare,foil,Showcase,634,scryfall_oracle:fca3545a-2956-49f9-8465-1c8937deb294,,,27a0a736-450d-4136-9528-6f6d97e7a0d6,737595,,737595,"Goldberry, River-Daughter",5489,The Lord of the Rings: Tales of Middle-earth,,,mixed/unknown,6,0,,,,6,8.08,8.6,7.25,7.58,Foil Low,,EUR,EUR,,,,,"{""mapped_product_ids"": []}",AMBIGUOUS,Cardmarket bulk data does not prove finish/treatment,false,false,false,,,,,,,,NO_COMPARISON,,,,NO_COMPARISON,ambiguous_identity,,"{""ambiguity_reasons"": [""unproven_treatment""], ""external_provenance"": [], ""scryfall_cardmarket_id"": 737595, ""stored_ids"": [737595], ""validated_stored_ids"": [737595]}",,,,
13236,magic,Grey Havens Navigator,504,ltr,The Lord of the Rings: Tales of Middle-earth,en,Showcase,common,nonfoil,Showcase,49,scryfall_oracle:14291205-1ac2-4804-b365-4f65377d5803,,,8876af4d-0569-4528-8d30-d306de56c3fa,737596,,737596,Grey Havens Navigator,5489,The Lord of the Rings: Tales of Middle-earth,,,mixed/unknown,0.05,0.14,0.2,0.14,0.14,,0,,,,Low,,EUR,EUR,,,,,"{""mapped_product_ids"": []}",AMBIGUOUS,Cardmarket bulk data does not prove finish/treatment,false,false,false,,,,,,,,NO_COMPARISON,,,,NO_COMPARISON,ambiguous_identity,,"{""ambiguity_reasons"": [""unproven_treatment""], ""external_provenance"": [], ""scryfall_cardmarket_id"": 737596, ""stored_ids"": [737596], ""validated_stored_ids"": [737596]}",,,,
13237,magic,Grey Havens Navigator,504,ltr,The Lord of the Rings: Tales of Middle-earth,en,Showcase,common,foil,Showcase,49,scryfall_oracle:14291205-1ac2-4804-b365-4f65377d5803,,,8876af4d-0569-4528-8d30-d306de56c3fa,737596,,737596,Grey Havens Navigator,5489,The Lord of the Rings: Tales of Middle-earth,,,mixed/unknown,0.05,0.14,0.2,0.14,0.14,,0,,,,Foil Low,,EUR,EUR,,,,,"{""mapped_product_ids"": []}",AMBIGUOUS,Cardmarket bulk data does not prove finish/treatment,false,false,false,,,,,,,,NO_COMPARISON,,,,NO_COMPARISON,ambiguous_identity,,"{""ambiguity_reasons"": [""unproven_treatment""], ""external_provenance"": [], ""scryfall_cardmarket_id"": 737596, ""stored_ids"": [737596], ""validated_stored_ids"": [737596]}",,,,
13238,magic,Hithlain Knots,505,ltr,The Lord of the Rings: Tales of Middle-earth,en,Showcase,common,nonfoil,Showcase,107,scryfall_oracle:2c80fc55-86a0-403e-82ce-09ee03095d8a,,,7d2c2527-5968-46f3-b8a0-f818b68c7095,737700,,737700,Hithlain Knots,5489,The Lord of the Rings: Tales of Middle-earth,,,mixed/unknown,0.11,0,,,,0.11,0.37,0.83,0.38,0.34,Low,,EUR,EUR,,,,,"{""mapped_product_ids"": []}",AMBIGUOUS,Cardmarket bulk data does not prove finish/treatment,false,false,false,,,,,,,,NO_COMPARISON,,,,NO_COMPARISON,ambiguous_identity,,"{""ambiguity_reasons"": [""unproven_treatment""], ""external_provenance"": [], ""scryfall_cardmarket_id"": 737700, ""stored_ids"": [737700], ""validated_stored_ids"": [737700]}",,,,
13239,magic,Hithlain Knots,505,ltr,The Lord of the Rings: Tales of Middle-earth,en,Showcase,common,foil,Showcase,107,scryfall_oracle:2c80fc55-86a0-403e-82ce-09ee03095d8a,,,7d2c2527-5968-46f3-b8a0-f818b68c7095,737700,,737700,Hithlain Knots,5489,The Lord of the Rings: Tales of Middle-earth,,,mixed/unknown,0.11,0,,,,0.11,0.37,0.83,0.38,0.34,Foil Low,,EUR,EUR,,,,,"{""mapped_product_ids"": []}",AMBIGUOUS,Cardmarket bulk data does not prove finish/treatment,false,false,false,,,,,,,,NO_COMPARISON,,,,NO_COMPARISON,ambiguous_identity,,"{""ambiguity_reasons"": [""unproven_treatment""], ""external_provenance"": [], ""scryfall_cardmarket_id"": 737700, ""stored_ids"": [737700], ""validated_stored_ids"": [737700]}",,,,
13240,magic,Horses of the Bruinen,506,ltr,The Lord of the Rings: Tales of Middle-earth,en,Showcase,uncommon,nonfoil,Showcase,39,scryfall_oracle:100d1c9e-15aa-4bab-9fb3-76c2cd6abc2f,,,d24b248c-d34b-4b1c-be30-f28f80d0ebfd,737701,,737701,Horses of the Bruinen,5489,The Lord of the Rings: Tales of Middle-earth,,,mixed/unknown,0.05,0.14,0.05,0.14,0.14,,0,,,,Low,,EUR,EUR,,,,,"{""mapped_product_ids"": []}",AMBIGUOUS,Cardmarket bulk data does not prove finish/treatment,false,false,false,,,,,,,,NO_COMPARISON,,,,NO_COMPARISON,ambiguous_identity,,"{""ambiguity_reasons"": [""unproven_treatment""], ""external_provenance"": [], ""scryfall_cardmarket_id"": 737701, ""stored_ids"": [737701], ""validated_stored_ids"": [737701]}",,,,
13241,magic,Horses of the Bruinen,506,ltr,The Lord of the Rings: Tales of Middle-earth,en,Showcase,uncommon,foil,Showcase,39,scryfall_oracle:100d1c9e-15aa-4bab-9fb3-76c2cd6abc2f,,,d24b248c-d34b-4b1c-be30-f28f80d0ebfd,737701,,737701,Horses of the Bruinen,5489,The Lord of the Rings: Tales of Middle-earth,,,mixed/unknown,0.05,0.14,0.05,0.14,0.14,,0,,,,Foil Low,,EUR,EUR,,,,,"{""mapped_product_ids"": []}",AMBIGUOUS,Cardmarket bulk data does not prove finish/treatment,false,false,false,,,,,,,,NO_COMPARISON,,,,NO_COMPARISON,ambiguous_identity,,"{""ambiguity_reasons"": [""unproven_treatment""], ""external_provenance"": [], ""scryfall_cardmarket_id"": 737701, ""stored_ids"": [737701], ""validated_stored_ids"": [737701]}",,,,
13242,magic,Ioreth of the Healing House,507,ltr,The Lord of the Rings: Tales of Middle-earth,en,Showcase,uncommon,nonfoil,Showcase,449,scryfall_oracle:af6e4c3e-0276-4f72-9a70-25868fe8bba5,,,64994cd8-53b1-4fff-b9b8-ff7e45d8be12,737704,,737704,Ioreth of the Healing House,5489,The Lord of the Rings: Tales of Middle-earth,,,mixed/unknown,1,0,,,,1,1.62,1,1.47,1.49,Low,,EUR,EUR,,,,,"{""mapped_product_ids"": []}",AMBIGUOUS,Cardmarket bulk data does not prove finish/treatment,false,false,false,,,,,,,,NO_COMPARISON,,,,NO_COMPARISON,ambiguous_identity,,"{""ambiguity_reasons"": [""unproven_treatment""], ""external_provenance"": [], ""scryfall_cardmarket_id"": 737704, ""stored_ids"": [737704], ""validated_stored_ids"": [737704]}",,,,
13243,magic,Ioreth of the Healing House,507,ltr,The Lord of the Rings: Tales of Middle-earth,en,Showcase,uncommon,foil,Showcase,449,scryfall_oracle:af6e4c3e-0276-4f72-9a70-25868fe8bba5,,,64994cd8-53b1-4fff-b9b8-ff7e45d8be12,737704,,737704,Ioreth of the Healing House,5489,The Lord of the Rings: Tales of Middle-earth,,,mixed/unknown,1,0,,,,1,1.62,1,1.47,1.49,Foil Low,,EUR,EUR,,,,,"{""mapped_product_ids"": []}",AMBIGUOUS,Cardmarket bulk data does not prove finish/treatment,false,false,false,,,,,,,,NO_COMPARISON,,,,NO_COMPARISON,ambiguous_identity,,"{""ambiguity_reasons"": [""unproven_treatment""], ""external_provenance"": [], ""scryfall_cardmarket_id"": 737704, ""stored_ids"": [737704], ""validated_stored_ids"": [737704]}",,,,
13244,magic,Isolation at Orthanc,508,ltr,The Lord of the Rings: Tales of Middle-earth,en,Showcase,common,nonfoil,Showcase,275,scryfall_oracle:6dc6536f-455a-4d7b-beed-a78ec63c0030,,,591a0275-b1b0-417e-9db3-b20d391815bb,737705,,737705,Isolation at Orthanc,5489,The Lord of the Rings: Tales of Middle-earth,,,mixed/unknown,0.02,0.18,0.14,0.16,0.17,,0,,,,Low,,EUR,EUR,,,,,"{""mapped_product_ids"": []}",AMBIGUOUS,Cardmarket bulk data does not prove finish/treatment,false,false,false,,,,,,,,NO_COMPARISON,,,,NO_COMPARISON,ambiguous_identity,,"{""ambiguity_reasons"": [""unproven_treatment""], ""external_provenance"": [], ""scryfall_cardmarket_id"": 737705, ""stored_ids"": [737705], ""validated_stored_ids"": [737705]}",,,,
13245,magic,Isolation at Orthanc,508,ltr,The Lord of the Rings: Tales of Middle-earth,en,Showcase,common,foil,Showcase,275,scryfall_oracle:6dc6536f-455a-4d7b-beed-a78ec63c0030,,,591a0275-b1b0-417e-9db3-b20d391815bb,737705,,737705,Isolation at Orthanc,5489,The Lord of the Rings: Tales of Middle-earth,,,mixed/unknown,0.02,0.18,0.14,0.16,0.17,,0,,,,Foil Low,,EUR,EUR,,,,,"{""mapped_product_ids"": []}",AMBIGUOUS,Cardmarket bulk data does not prove finish/treatment,false,false,false,,,,,,,,NO_COMPARISON,,,,NO_COMPARISON,ambiguous_identity,,"{""ambiguity_reasons"": [""unproven_treatment""], ""external_provenance"": [], ""scryfall_cardmarket_id"": 737705, ""stored_ids"": [737705], ""validated_stored_ids"": [737705]}",,,,
13246,magic,Ithilien Kingfisher,509,ltr,The Lord of the Rings: Tales of Middle-earth,en,Showcase,common,nonfoil,Showcase,417,scryfall_oracle:a2dd89a1-9b3e-4bd1-9b48-36516d63726a,,,f36a9286-400a-4f99-8bce-46defd760848,737707,,737707,Ithilien Kingfisher,5489,The Lord of the Rings: Tales of Middle-earth,,,mixed/unknown,0.05,0.15,0.1,0.13,0.16,,0,,,,Low,,EUR,EUR,,,,,"{""mapped_product_ids"": []}",AMBIGUOUS,Cardmarket bulk data does not prove finish/treatment,false,false,false,,,,,,,,NO_COMPARISON,,,,NO_COMPARISON,ambiguous_identity,,"{""ambiguity_reasons"": [""unproven_treatment""], ""external_provenance"": [], ""scryfall_cardmarket_id"": 737707, ""stored_ids"": [737707], ""validated_stored_ids"": [737707]}",,,,
13247,magic,Ithilien Kingfisher,509,ltr,The Lord of the Rings: Tales of Middle-earth,en,Showcase,common,foil,Showcase,417,scryfall_oracle:a2dd89a1-9b3e-4bd1-9b48-36516d63726a,,,f36a9286-400a-4f99-8bce-46defd760848,737707,,737707,Ithilien Kingfisher,5489,The Lord of the Rings: Tales of Middle-earth,,,mixed/unknown,0.05,0.15,0.1,0.13,0.16,,0,,,,Foil Low,,EUR,EUR,,,,,"{""mapped_product_ids"": []}",AMBIGUOUS,Cardmarket bulk data does not prove finish/treatment,false,false,false,,,,,,,,NO_COMPARISON,,,,NO_COMPARISON,ambiguous_identity,,"{""ambiguity_reasons"": [""unproven_treatment""], ""external_provenance"": [], ""scryfall_cardmarket_id"": 737707, ""stored_ids"": [737707], ""validated_stored_ids"": [737707]}",,,,
13248,magic,Knights of Dol Amroth,510,ltr,The Lord of the Rings: Tales of Middle-earth,en,Showcase,common,nonfoil,Showcase,160,scryfall_oracle:3f8b189e-775c-41ad-839a-153a3200c708,,,2ba3f966-8a90-4392-bb8c-7e4d3a03b2fd,737710,,737710,Knights of Dol Amroth,5489,The Lord of the Rings: Tales of Middle-earth,,,mixed/unknown,0.05,0.23,0.25,0.18,0.17,,0,,,,Low,,EUR,EUR,,,,,"{""mapped_product_ids"": []}",AMBIGUOUS,Cardmarket bulk data does not prove finish/treatment,false,false,false,,,,,,,,NO_COMPARISON,,,,NO_COMPARISON,ambiguous_identity,,"{""ambiguity_reasons"": [""unproven_treatment""], ""external_provenance"": [], ""scryfall_cardmarket_id"": 737710, ""stored_ids"": [737710], ""validated_stored_ids"": [737710]}",,,,
13249,magic,Knights of Dol Amroth,510,ltr,The Lord of the Rings: Tales of Middle-earth,en,Showcase,common,foil,Showcase,160,scryfall_oracle:3f8b189e-775c-41ad-839a-153a3200c708,,,2ba3f966-8a90-4392-bb8c-7e4d3a03b2fd,737710,,737710,Knights of Dol Amroth,5489,The Lord of the Rings: Tales of Middle-earth,,,mixed/unknown,0.05,0.23,0.25,0.18,0.17,,0,,,,Foil Low,,EUR,EUR,,,,,"{""mapped_product_ids"": []}",AMBIGUOUS,Cardmarket bulk data does not prove finish/treatment,false,false,false,,,,,,,,NO_COMPARISON,,,,NO_COMPARISON,ambiguous_identity,,"{""ambiguity_reasons"": [""unproven_treatment""], ""external_provenance"": [], ""scryfall_cardmarket_id"": 737710, ""stored_ids"": [737710], ""validated_stored_ids"": [737710]}",,,,
13250,magic,Lórien Revealed,511,ltr,The Lord of the Rings: Tales of Middle-earth,en,Showcase,common,nonfoil,Showcase,260,scryfall_oracle:66f28905-c7fc-4ada-8fa0-199626d9bedb,,,7a409e76-1387-44d4-a85d-27ae926f9786,737713,,737713,Lórien Revealed,5489,The Lord of the Rings: Tales of Middle-earth,,,mixed/unknown,15,16.97,12,16.75,15.3,,0,,,,Low,,EUR,EUR,,,,,"{""mapped_product_ids"": []}",AMBIGUOUS,Cardmarket bulk data does not prove finish/treatment,false,false,false,,,,,,,,NO_COMPARISON,,,,NO_COMPARISON,ambiguous_identity,,"{""ambiguity_reasons"": [""unproven_treatment""], ""external_provenance"": [], ""scryfall_cardmarket_id"": 737713, ""stored_ids"": [737713], ""validated_stored_ids"": [737713]}",,,,
13251,magic,Lórien Revealed,511,ltr,The Lord of the Rings: Tales of Middle-earth,en,Showcase,common,foil,Showcase,260,scryfall_oracle:66f28905-c7fc-4ada-8fa0-199626d9bedb,,,7a409e76-1387-44d4-a85d-27ae926f9786,737713,,737713,Lórien Revealed,5489,The Lord of the Rings: Tales of Middle-earth,,,mixed/unknown,15,16.97,12,16.75,15.3,,0,,,,Foil Low,,EUR,EUR,,,,,"{""mapped_product_ids"": []}",AMBIGUOUS,Cardmarket bulk data does not prove finish/treatment,false,false,false,,,,,,,,NO_COMPARISON,,,,NO_COMPARISON,ambiguous_identity,,"{""ambiguity_reasons"": [""unproven_treatment""], ""external_provenance"": [], ""scryfall_cardmarket_id"": 737713, ""stored_ids"": [737713], ""validated_stored_ids"": [737713]}",,,,
13252,magic,Lost Isle Calling,512,ltr,The Lord of the Rings: Tales of Middle-earth,en,Showcase,rare,nonfoil,Showcase,36,scryfall_oracle:0efbf29c-09a0-4472-83ad-8d692c0232a5,,,3c61478b-4bed-4f7a-afa4-193b9caf41bb,737716,,737716,Lost Isle Calling,5489,The Lord of the Rings: Tales of Middle-earth,,,mixed/unknown,0.84,0,,,,0.84,1.33,1.4,1.38,1.38,Low,,EUR,EUR,,,,,"{""mapped_product_ids"": []}",AMBIGUOUS,Cardmarket bulk data does not prove finish/treatment,false,false,false,,,,,,,,NO_COMPARISON,,,,NO_COMPARISON,ambiguous_identity,,"{""ambiguity_reasons"": [""unproven_treatment""], ""external_provenance"": [], ""scryfall_cardmarket_id"": 737716, ""stored_ids"": [737716], ""validated_stored_ids"": [737716]}",,,,
13253,magic,Lost Isle Calling,512,ltr,The Lord of the Rings: Tales of Middle-earth,en,Showcase,rare,foil,Showcase,36,scryfall_oracle:0efbf29c-09a0-4472-83ad-8d692c0232a5,,,3c61478b-4bed-4f7a-afa4-193b9caf41bb,737716,,737716,Lost Isle Calling,5489,The Lord of the Rings: Tales of Middle-earth,,,mixed/unknown,0.84,0,,,,0.84,1.33,1.4,1.38,1.38,Foil Low,,EUR,EUR,,,,,"{""mapped_product_ids"": []}",AMBIGUOUS,Cardmarket bulk data does not prove finish/treatment,false,false,false,,,,,,,,NO_COMPARISON,,,,NO_COMPARISON,ambiguous_identity,,"{""ambiguity_reasons"": [""unproven_treatment""], ""external_provenance"": [], ""scryfall_cardmarket_id"": 737716, ""stored_ids"": [737716], ""validated_stored_ids"": [737716]}",,,,
13254,magic,"Meneldor, Swift Savior",513,ltr,The Lord of the Rings: Tales of Middle-earth,en,Showcase,uncommon,nonfoil,Showcase,604,scryfall_oracle:ef9a5bd1-6ce2-4570-9d42-89d997e2fc6f,,,6d250266-aa57-453a-994f-0f20760d167f,737717,,737717,"Meneldor, Swift Savior",5489,The Lord of the Rings: Tales of Middle-earth,,,mixed/unknown,0.05,0.32,0.76,0.31,0.19,,0,,,,Low,,EUR,EUR,,,,,"{""mapped_product_ids"": []}",AMBIGUOUS,Cardmarket bulk data does not prove finish/treatment,false,false,false,,,,,,,,NO_COMPARISON,,,,NO_COMPARISON,ambiguous_identity,,"{""ambiguity_reasons"": [""unproven_treatment""], ""external_provenance"": [], ""scryfall_cardmarket_id"": 737717, ""stored_ids"": [737717], ""validated_stored_ids"": [737717]}",,,,
13255,magic,"Meneldor, Swift Savior",513,ltr,The Lord of the Rings: Tales of Middle-earth,en,Showcase,uncommon,foil,Showcase,604,scryfall_oracle:ef9a5bd1-6ce2-4570-9d42-89d997e2fc6f,,,6d250266-aa57-453a-994f-0f20760d167f,737717,,737717,"Meneldor, Swift Savior",5489,The Lord of the Rings: Tales of Middle-earth,,,mixed/unknown,0.05,0.32,0.76,0.31,0.19,,0,,,,Foil Low,,EUR,EUR,,,,,"{""mapped_product_ids"": []}",AMBIGUOUS,Cardmarket bulk data does not prove finish/treatment,false,false,false,,,,,,,,NO_COMPARISON,,,,NO_COMPARISON,ambiguous_identity,,"{""ambiguity_reasons"": [""unproven_treatment""], ""external_provenance"": [], ""scryfall_cardmarket_id"": 737717, ""stored_ids"": [737717], ""validated_stored_ids"": [737717]}",,,,
13256,magic,Nimrodel Watcher,514,ltr,The Lord of the Rings: Tales of Middle-earth,en,Showcase,common,nonfoil,Showcase,73,scryfall_oracle:1b8de1c5-1e23-4c84-bc5a-a14853ad8c7a,,,29188d6b-3217-4654-8815-8cd614f74d12,737720,,737720,Nimrodel Watcher,5489,The Lord of the Rings: Tales of Middle-earth,,,mixed/unknown,0.1,0.17,0.17,0.17,0.17,0.1,0.24,0.1,0.24,0.25,Low,,EUR,EUR,,,,,"{""mapped_product_ids"": []}",AMBIGUOUS,Cardmarket bulk data does not prove finish/treatment,false,false,false,,,,,,,,NO_COMPARISON,,,,NO_COMPARISON,ambiguous_identity,,"{""ambiguity_reasons"": [""unproven_treatment""], ""external_provenance"": [], ""scryfall_cardmarket_id"": 737720, ""stored_ids"": [737720], ""validated_stored_ids"": [737720]}",,,,
13257,magic,Nimrodel Watcher,514,ltr,The Lord of the Rings: Tales of Middle-earth,en,Showcase,common,foil,Showcase,73,scryfall_oracle:1b8de1c5-1e23-4c84-bc5a-a14853ad8c7a,,,29188d6b-3217-4654-8815-8cd614f74d12,737720,,737720,Nimrodel Watcher,5489,The Lord of the Rings: Tales of Middle-earth,,,mixed/unknown,0.1,0.17,0.17,0.17,0.17,0.1,0.24,0.1,0.24,0.25,Foil Low,,EUR,EUR,,,,,"{""mapped_product_ids"": []}",AMBIGUOUS,Cardmarket bulk data does not prove finish/treatment,false,false,false,,,,,,,,NO_COMPARISON,,,,NO_COMPARISON,ambiguous_identity,,"{""ambiguity_reasons"": [""unproven_treatment""], ""external_provenance"": [], ""scryfall_cardmarket_id"": 737720, ""stored_ids"": [737720], ""validated_stored_ids"": [737720]}",,,,
13258,magic,Pelargir Survivor,515,ltr,The Lord of the Rings: Tales of Middle-earth,en,Showcase,common,nonfoil,Showcase,529,scryfall_oracle:ce0b3c22-3f77-4a6c-a126-9ed3c06b4482,,,5b3d1272-07fd-4b02-a0cc-7a9284bdbbed,737721,,737721,Pelargir Survivor,5489,The Lord of the Rings: Tales of Middle-earth,,,mixed/unknown,0.05,0.15,0.25,0.14,0.15,,0,,,,Low,,EUR,EUR,,,,,"{""mapped_product_ids"": []}",AMBIGUOUS,Cardmarket bulk data does not prove finish/treatment,false,false,false,,,,,,,,NO_COMPARISON,,,,NO_COMPARISON,ambiguous_identity,,"{""ambiguity_reasons"": [""unproven_treatment""], ""external_provenance"": [], ""scryfall_cardmarket_id"": 737721, ""stored_ids"": [737721], ""validated_stored_ids"": [737721]}",,,,
13259,magic,Pelargir Survivor,515,ltr,The Lord of the Rings: Tales of Middle-earth,en,Showcase,common,foil,Showcase,529,scryfall_oracle:ce0b3c22-3f77-4a6c-a126-9ed3c06b4482,,,5b3d1272-07fd-4b02-a0cc-7a9284bdbbed,737721,,737721,Pelargir Survivor,5489,The Lord of the Rings: Tales of Middle-earth,,,mixed/unknown,0.05,0.15,0.25,0.14,0.15,,0,,,,Foil Low,,EUR,EUR,,,,,"{""mapped_product_ids"": []}",AMBIGUOUS,Cardmarket bulk data does not prove finish/treatment,false,false,false,,,,,,,,NO_COMPARISON,,,,NO_COMPARISON,ambiguous_identity,,"{""ambiguity_reasons"": [""unproven_treatment""], ""external_provenance"": [], ""scryfall_cardmarket_id"": 737721, ""stored_ids"": [737721], ""validated_stored_ids"": [737721]}",,,,
13260,magic,Press the Enemy,516,ltr,The Lord of the Rings: Tales of Middle-earth,en,Showcase,rare,nonfoil,Showcase,126,scryfall_oracle:347a3622-4425-4ba4-821d-ef3d00beb058,,,8a386216-dd1e-4ff9-99d6-b74e8c7cf26f,737723,,737723,Press the Enemy,5489,The Lord of the Rings: Tales of Middle-earth,,,mixed/unknown,2,3.76,5.99,4.35,3.71,,0,,,,Low,,EUR,EUR,,,,,"{""mapped_product_ids"": []}",AMBIGUOUS,Cardmarket bulk data does not prove finish/treatment,false,false,false,,,,,,,,NO_COMPARISON,,,,NO_COMPARISON,ambiguous_identity,,"{""ambiguity_reasons"": [""unproven_treatment""], ""external_provenance"": [], ""scryfall_cardmarket_id"": 737723, ""stored_ids"": [737723], ""validated_stored_ids"": [737723]}",,,,
13261,magic,Press the Enemy,516,ltr,The Lord of the Rings: Tales of Middle-earth,en,Showcase,rare,foil,Showcase,126,scryfall_oracle:347a3622-4425-4ba4-821d-ef3d00beb058,,,8a386216-dd1e-4ff9-99d6-b74e8c7cf26f,737723,,737723,Press the Enemy,5489,The Lord of the Rings: Tales of Middle-earth,,,mixed/unknown,2,3.76,5.99,4.35,3.71,,0,,,,Foil Low,,EUR,EUR,,,,,"{""mapped_product_ids"": []}",AMBIGUOUS,Cardmarket bulk data does not prove finish/treatment,false,false,false,,,,,,,,NO_COMPARISON,,,,NO_COMPARISON,ambiguous_identity,,"{""ambiguity_reasons"": [""unproven_treatment""], ""external_provenance"": [], ""scryfall_cardmarket_id"": 737723, ""stored_ids"": [737723], ""validated_stored_ids"": [737723]}",,,,
13262,magic,Rangers of Ithilien,517,ltr,The Lord of the Rings: Tales of Middle-earth,en,Showcase,rare,nonfoil,Showcase,195,scryfall_oracle:4d5fd9f0-ecb3-4b91-ae55-f02336d7cf37,,,111f2a10-abc5-4bad-9452-99f8beb2d027,737725,,737725,Rangers of Ithilien,5489,The Lord of the Rings: Tales of Middle-earth,,,mixed/unknown,0.2,0.89,0.9,1.01,0.75,,0,,,,Low,,EUR,EUR,,,,,"{""mapped_product_ids"": []}",AMBIGUOUS,Cardmarket bulk data does not prove finish/treatment,false,false,false,,,,,,,,NO_COMPARISON,,,,NO_COMPARISON,ambiguous_identity,,"{""ambiguity_reasons"": [""unproven_treatment""], ""external_provenance"": [], ""scryfall_cardmarket_id"": 737725, ""stored_ids"": [737725], ""validated_stored_ids"": [737725]}",,,,
13263,magic,Rangers of Ithilien,517,ltr,The Lord of the Rings: Tales of Middle-earth,en,Showcase,rare,foil,Showcase,195,scryfall_oracle:4d5fd9f0-ecb3-4b91-ae55-f02336d7cf37,,,111f2a10-abc5-4bad-9452-99f8beb2d027,737725,,737725,Rangers of Ithilien,5489,The Lord of the Rings: Tales of Middle-earth,,,mixed/unknown,0.2,0.89,0.9,1.01,0.75,,0,,,,Foil Low,,EUR,EUR,,,,,"{""mapped_product_ids"": []}",AMBIGUOUS,Cardmarket bulk data does not prove finish/treatment,false,false,false,,,,,,,,NO_COMPARISON,,,,NO_COMPARISON,ambiguous_identity,,"{""ambiguity_reasons"": [""unproven_treatment""], ""external_provenance"": [], ""scryfall_cardmarket_id"": 737725, ""stored_ids"": [737725], ""validated_stored_ids"": [737725]}",,,,
13264,magic,Saruman the White,518,ltr,The Lord of the Rings: Tales of Middle-earth,en,Showcase,uncommon,nonfoil,Showcase,352,scryfall_oracle:8ba24644-8dff-4f1e-a96a-7361baf46b5a,,,64a5787a-fc14-4758-8dea-828cd22daa04,737728,,737728,Saruman the White,5489,The Lord of the Rings: Tales of Middle-earth,,,mixed/unknown,0.04,0.39,0.29,0.3,0.26,,0,,,,Low,,EUR,EUR,,,,,"{""mapped_product_ids"": []}",AMBIGUOUS,Cardmarket bulk data does not prove finish/treatment,false,false,false,,,,,,,,NO_COMPARISON,,,,NO_COMPARISON,ambiguous_identity,,"{""ambiguity_reasons"": [""unproven_treatment""], ""external_provenance"": [], ""scryfall_cardmarket_id"": 737728, ""stored_ids"": [737728], ""validated_stored_ids"": [737728]}",,,,
13265,magic,Saruman the White,518,ltr,The Lord of the Rings: Tales of Middle-earth,en,Showcase,uncommon,foil,Showcase,352,scryfall_oracle:8ba24644-8dff-4f1e-a96a-7361baf46b5a,,,64a5787a-fc14-4758-8dea-828cd22daa04,737728,,737728,Saruman the White,5489,The Lord of the Rings: Tales of Middle-earth,,,mixed/unknown,0.04,0.39,0.29,0.3,0.26,,0,,,,Foil Low,,EUR,EUR,,,,,"{""mapped_product_ids"": []}",AMBIGUOUS,Cardmarket bulk data does not prove finish/treatment,false,false,false,,,,,,,,NO_COMPARISON,,,,NO_COMPARISON,ambiguous_identity,,"{""ambiguity_reasons"": [""unproven_treatment""], ""external_provenance"": [], ""scryfall_cardmarket_id"": 737728, ""stored_ids"": [737728], ""validated_stored_ids"": [737728]}",,,,
13266,magic,Saruman's Trickery,519,ltr,The Lord of the Rings: Tales of Middle-earth,en,Showcase,uncommon,nonfoil,Showcase,68,scryfall_oracle:1b415806-a3e3-4d87-b4c1-ccd11a8ee589,,,1989b9b6-b482-4a86-b7d4-ef1926ecbe13,737732,,737732,Saruman's Trickery,5489,The Lord of the Rings: Tales of Middle-earth,,,mixed/unknown,0.15,0.68,0.68,0.44,0.44,0.15,0.45,0.45,0.65,0.62,Low,,EUR,EUR,,,,,"{""mapped_product_ids"": []}",AMBIGUOUS,Cardmarket bulk data does not prove finish/treatment,false,false,false,,,,,,,,NO_COMPARISON,,,,NO_COMPARISON,ambiguous_identity,,"{""ambiguity_reasons"": [""unproven_treatment""], ""external_provenance"": [], ""scryfall_cardmarket_id"": 737732, ""stored_ids"": [737732], ""validated_stored_ids"": [737732]}",,,,
13267,magic,Saruman's Trickery,519,ltr,The Lord of the Rings: Tales of Middle-earth,en,Showcase,uncommon,foil,Showcase,68,scryfall_oracle:1b415806-a3e3-4d87-b4c1-ccd11a8ee589,,,1989b9b6-b482-4a86-b7d4-ef1926ecbe13,737732,,737732,Saruman's Trickery,5489,The Lord of the Rings: Tales of Middle-earth,,,mixed/unknown,0.15,0.68,0.68,0.44,0.44,0.15,0.45,0.45,0.65,0.62,Foil Low,,EUR,EUR,,,,,"{""mapped_product_ids"": []}",AMBIGUOUS,Cardmarket bulk data does not prove finish/treatment,false,false,false,,,,,,,,NO_COMPARISON,,,,NO_COMPARISON,ambiguous_identity,,"{""ambiguity_reasons"": [""unproven_treatment""], ""external_provenance"": [], ""scryfall_cardmarket_id"": 737732, ""stored_ids"": [737732], ""validated_stored_ids"": [737732]}",,,,
13268,magic,Scroll of Isildur,520,ltr,The Lord of the Rings: Tales of Middle-earth,en,Showcase,rare,nonfoil,Showcase,436,scryfall_oracle:aa9a45a5-0250-465b-962e-f2d45dea26f9,,,508be31c-f977-40c2-b14d-52f869cd5a10,737733,,737733,Scroll of Isildur,5489,The Lord of the Rings: Tales of Middle-earth,,,mixed/unknown,4,5.82,5.46,5.92,5.67,,0,,,,Low,,EUR,EUR,,,,,"{""mapped_product_ids"": []}",AMBIGUOUS,Cardmarket bulk data does not prove finish/treatment,false,false,false,,,,,,,,NO_COMPARISON,,,,NO_COMPARISON,ambiguous_identity,,"{""ambiguity_reasons"": [""unproven_treatment""], ""external_provenance"": [], ""scryfall_cardmarket_id"": 737733, ""stored_ids"": [737733], ""validated_stored_ids"": [737733]}",,,,
13269,magic,Scroll of Isildur,520,ltr,The Lord of the Rings: Tales of Middle-earth,en,Showcase,rare,foil,Showcase,436,scryfall_oracle:aa9a45a5-0250-465b-962e-f2d45dea26f9,,,508be31c-f977-40c2-b14d-52f869cd5a10,737733,,737733,Scroll of Isildur,5489,The Lord of the Rings: Tales of Middle-earth,,,mixed/unknown,4,5.82,5.46,5.92,5.67,,0,,,,Foil Low,,EUR,EUR,,,,,"{""mapped_product_ids"": []}",AMBIGUOUS,Cardmarket bulk data does not prove finish/treatment,false,false,false,,,,,,,,NO_COMPARISON,,,,NO_COMPARISON,ambiguous_identity,,"{""ambiguity_reasons"": [""unproven_treatment""], ""external_provenance"": [], ""scryfall_cardmarket_id"": 737733, ""stored_ids"": [737733], ""validated_stored_ids"": [737733]}",,,,
13270,magic,Soothing of Sméagol,521,ltr,The Lord of the Rings: Tales of Middle-earth,en,Showcase,common,nonfoil,Showcase,132,scryfall_oracle:35a17b42-9d3f-49ef-8218-2780c5ef5f08,,,9bf6c444-abf1-4820-be02-7ab83788121d,737736,,737736,Soothing of Sméagol,5489,The Lord of the Rings: Tales of Middle-earth,,,mixed/unknown,0.19,0.43,0.28,0.38,0.38,0.19,1.13,0.29,1.01,0.86,Low,,EUR,EUR,,,,,"{""mapped_product_ids"": []}",AMBIGUOUS,Cardmarket bulk data does not prove finish/treatment,false,false,false,,,,,,,,NO_COMPARISON,,,,NO_COMPARISON,ambiguous_identity,,"{""ambiguity_reasons"": [""unproven_treatment""], ""external_provenance"": [], ""scryfall_cardmarket_id"": 737736, ""stored_ids"": [737736], ""validated_stored_ids"": [737736]}",,,,
13271,magic,Soothing of Sméagol,521,ltr,The Lord of the Rings: Tales of Middle-earth,en,Showcase,common,foil,Showcase,132,scryfall_oracle:35a17b42-9d3f-49ef-8218-2780c5ef5f08,,,9bf6c444-abf1-4820-be02-7ab83788121d,737736,,737736,Soothing of Sméagol,5489,The Lord of the Rings: Tales of Middle-earth,,,mixed/unknown,0.19,0.43,0.28,0.38,0.38,0.19,1.13,0.29,1.01,0.86,Foil Low,,EUR,EUR,,,,,"{""mapped_product_ids"": []}",AMBIGUOUS,Cardmarket bulk data does not prove finish/treatment,false,false,false,,,,,,,,NO_COMPARISON,,,,NO_COMPARISON,ambiguous_identity,,"{""ambiguity_reasons"": [""unproven_treatment""], ""external_provenance"": [], ""scryfall_cardmarket_id"": 737736, ""stored_ids"": [737736], ""validated_stored_ids"": [737736]}",,,,
13272,magic,Stern Scolding,522,ltr,The Lord of the Rings: Tales of Middle-earth,en,Showcase,uncommon,nonfoil,Showcase,144,scryfall_oracle:3bc8a406-3ae7-4f56-a33c-b4a2c115b917,,,766d656d-59fd-4e63-85a6-db8c72672004,737737,,737737,Stern Scolding,5489,The Lord of the Rings: Tales of Middle-earth,,,mixed/unknown,1.98,2.43,3.99,2.82,2.75,,0,,,,Low,,EUR,EUR,,,,,"{""mapped_product_ids"": []}",AMBIGUOUS,Cardmarket bulk data does not prove finish/treatment,false,false,false,,,,,,,,NO_COMPARISON,,,,NO_COMPARISON,ambiguous_identity,,"{""ambiguity_reasons"": [""unproven_treatment""], ""external_provenance"": [], ""scryfall_cardmarket_id"": 737737, ""stored_ids"": [737737], ""validated_stored_ids"": [737737]}",,,,
13273,magic,Stern Scolding,522,ltr,The Lord of the Rings: Tales of Middle-earth,en,Showcase,uncommon,foil,Showcase,144,scryfall_oracle:3bc8a406-3ae7-4f56-a33c-b4a2c115b917,,,766d656d-59fd-4e63-85a6-db8c72672004,737737,,737737,Stern Scolding,5489,The Lord of the Rings: Tales of Middle-earth,,,mixed/unknown,1.98,2.43,3.99,2.82,2.75,,0,,,,Foil Low,,EUR,EUR,,,,,"{""mapped_product_ids"": []}",AMBIGUOUS,Cardmarket bulk data does not prove finish/treatment,false,false,false,,,,,,,,NO_COMPARISON,,,,NO_COMPARISON,ambiguous_identity,,"{""ambiguity_reasons"": [""unproven_treatment""], ""external_provenance"": [], ""scryfall_cardmarket_id"": 737737, ""stored_ids"": [737737], ""validated_stored_ids"": [737737]}",,,,
13274,magic,Storm of Saruman,523,ltr,The Lord of the Rings: Tales of Middle-earth,en,Showcase,mythic,nonfoil,Showcase,532,scryfall_oracle:cf5f4860-e805-46a3-9352-a2c583e33403,,,b51ab285-3f39-4223-b953-4219f4429270,737740,,737740,Storm of Saruman,5489,The Lord of the Rings: Tales of Middle-earth,,,mixed/unknown,15.5,0,,,,15.5,17.57,15.99,16.67,16.72,Low,,EUR,EUR,,,,,"{""mapped_product_ids"": []}",AMBIGUOUS,Cardmarket bulk data does not prove finish/treatment,false,false,false,,,,,,,,NO_COMPARISON,,,,NO_COMPARISON,ambiguous_identity,,"{""ambiguity_reasons"": [""unproven_treatment""], ""external_provenance"": [], ""scryfall_cardmarket_id"": 737740, ""stored_ids"": [737740], ""validated_stored_ids"": [737740]}",,,,
13275,magic,Storm of Saruman,523,ltr,The Lord of the Rings: Tales of Middle-earth,en,Showcase,mythic,foil,Showcase,532,scryfall_oracle:cf5f4860-e805-46a3-9352-a2c583e33403,,,b51ab285-3f39-4223-b953-4219f4429270,737740,,737740,Storm of Saruman,5489,The Lord of the Rings: Tales of Middle-earth,,,mixed/unknown,15.5,0,,,,15.5,17.57,15.99,16.67,16.72,Foil Low,,EUR,EUR,,,,,"{""mapped_product_ids"": []}",AMBIGUOUS,Cardmarket bulk data does not prove finish/treatment,false,false,false,,,,,,,,NO_COMPARISON,,,,NO_COMPARISON,ambiguous_identity,,"{""ambiguity_reasons"": [""unproven_treatment""], ""external_provenance"": [], ""scryfall_cardmarket_id"": 737740, ""stored_ids"": [737740], ""validated_stored_ids"": [737740]}",,,,
13276,magic,Surrounded by Orcs,524,ltr,The Lord of the Rings: Tales of Middle-earth,en,Showcase,common,nonfoil,Showcase,253,scryfall_oracle:65c5e120-7a3d-475f-9bb2-8ddb5062e4ba,,,aeacbeae-b9cd-4622-b686-cfa85e184e12,737741,,737741,Surrounded by Orcs,5489,The Lord of the Rings: Tales of Middle-earth,,,mixed/unknown,0.05,0.19,0.15,0.14,0.22,,0,,,,Low,,EUR,EUR,,,,,"{""mapped_product_ids"": []}",AMBIGUOUS,Cardmarket bulk data does not prove finish/treatment,false,false,false,,,,,,,,NO_COMPARISON,,,,NO_COMPARISON,ambiguous_identity,,"{""ambiguity_reasons"": [""unproven_treatment""], ""external_provenance"": [], ""scryfall_cardmarket_id"": 737741, ""stored_ids"": [737741], ""validated_stored_ids"": [737741]}",,,,
13277,magic,Surrounded by Orcs,524,ltr,The Lord of the Rings: Tales of Middle-earth,en,Showcase,common,foil,Showcase,253,scryfall_oracle:65c5e120-7a3d-475f-9bb2-8ddb5062e4ba,,,aeacbeae-b9cd-4622-b686-cfa85e184e12,737741,,737741,Surrounded by Orcs,5489,The Lord of the Rings: Tales of Middle-earth,,,mixed/unknown,0.05,0.19,0.15,0.14,0.22,,0,,,,Foil Low,,EUR,EUR,,,,,"{""mapped_product_ids"": []}",AMBIGUOUS,Cardmarket bulk data does not prove finish/treatment,false,false,false,,,,,,,,NO_COMPARISON,,,,NO_COMPARISON,ambiguous_identity,,"{""ambiguity_reasons"": [""unproven_treatment""], ""external_provenance"": [], ""scryfall_cardmarket_id"": 737741, ""stored_ids"": [737741], ""validated_stored_ids"": [737741]}",,,,
13278,magic,Treason of Isengard,525,ltr,The Lord of the Rings: Tales of Middle-earth,en,Showcase,common,nonfoil,Showcase,453,scryfall_oracle:b04ef0bd-5e96-45d4-afa8-1f3bc8544e1a,,,8072a918-3f1a-42e1-8971-fd20ce6710de,737743,,737743,Treason of Isengard,5489,The Lord of the Rings: Tales of Middle-earth,,,mixed/unknown,0.05,0.22,0.2,0.25,0.23,,0,,,,Low,,EUR,EUR,,,,,"{""mapped_product_ids"": []}",AMBIGUOUS,Cardmarket bulk data does not prove finish/treatment,false,false,false,,,,,,,,NO_COMPARISON,,,,NO_COMPARISON,ambiguous_identity,,"{""ambiguity_reasons"": [""unproven_treatment""], ""external_provenance"": [], ""scryfall_cardmarket_id"": 737743, ""stored_ids"": [737743], ""validated_stored_ids"": [737743]}",,,,
13279,magic,Treason of Isengard,525,ltr,The Lord of the Rings: Tales of Middle-earth,en,Showcase,common,foil,Showcase,453,scryfall_oracle:b04ef0bd-5e96-45d4-afa8-1f3bc8544e1a,,,8072a918-3f1a-42e1-8971-fd20ce6710de,737743,,737743,Treason of Isengard,5489,The Lord of the Rings: Tales of Middle-earth,,,mixed/unknown,0.05,0.22,0.2,0.25,0.23,,0,,,,Foil Low,,EUR,EUR,,,,,"{""mapped_product_ids"": []}",AMBIGUOUS,Cardmarket bulk data does not prove finish/treatment,false,false,false,,,,,,,,NO_COMPARISON,,,,NO_COMPARISON,ambiguous_identity,,"{""ambiguity_reasons"": [""unproven_treatment""], ""external_provenance"": [], ""scryfall_cardmarket_id"": 737743, ""stored_ids"": [737743], ""validated_stored_ids"": [737743]}",,,,
13280,magic,The Watcher in the Water,526,ltr,The Lord of the Rings: Tales of Middle-earth,en,Showcase,mythic,nonfoil,Showcase,433,scryfall_oracle:a9ddb3dc-f289-46a1-af17-3a8523a26b0d,,,ce755131-7476-4c0a-83b9-4377d43f6a4c,737745,,737745,The Watcher in the Water,5489,The Lord of the Rings: Tales of Middle-earth,,,mixed/unknown,11.9,11.06,11,11.23,11.63,,0,,,,Low,,EUR,EUR,,,,,"{""mapped_product_ids"": []}",AMBIGUOUS,Cardmarket bulk data does not prove finish/treatment,false,false,false,,,,,,,,NO_COMPARISON,,,,NO_COMPARISON,ambiguous_identity,,"{""ambiguity_reasons"": [""unproven_treatment""], ""external_provenance"": [], ""scryfall_cardmarket_id"": 737745, ""stored_ids"": [737745], ""validated_stored_ids"": [737745]}",,,,
13281,magic,The Watcher in the Water,526,ltr,The Lord of the Rings: Tales of Middle-earth,en,Showcase,mythic,foil,Showcase,433,scryfall_oracle:a9ddb3dc-f289-46a1-af17-3a8523a26b0d,,,ce755131-7476-4c0a-83b9-4377d43f6a4c,737745,,737745,The Watcher in the Water,5489,The Lord of the Rings: Tales of Middle-earth,,,mixed/unknown,11.9,11.06,11,11.23,11.63,,0,,,,Foil Low,,EUR,EUR,,,,,"{""mapped_product_ids"": []}",AMBIGUOUS,Cardmarket bulk data does not prove finish/treatment,false,false,false,,,,,,,,NO_COMPARISON,,,,NO_COMPARISON,ambiguous_identity,,"{""ambiguity_reasons"": [""unproven_treatment""], ""external_provenance"": [], ""scryfall_cardmarket_id"": 737745, ""stored_ids"": [737745], ""validated_stored_ids"": [737745]}",,,,
13282,magic,Willow-Wind,527,ltr,The Lord of the Rings: Tales of Middle-earth,en,Showcase,common,nonfoil,Showcase,599,scryfall_oracle:ee3fd92c-48e0-4651-aeda-7eb2c75acbb0,,,12993275-289e-4346-a6d6-fde44f545d73,737747,,737747,Willow-Wind,5489,The Lord of the Rings: Tales of Middle-earth,,,mixed/unknown,0.05,0.13,0.15,0.12,0.12,,0,,,,Low,,EUR,EUR,,,,,"{""mapped_product_ids"": []}",AMBIGUOUS,Cardmarket bulk data does not prove finish/treatment,false,false,false,,,,,,,,NO_COMPARISON,,,,NO_COMPARISON,ambiguous_identity,,"{""ambiguity_reasons"": [""unproven_treatment""], ""external_provenance"": [], ""scryfall_cardmarket_id"": 737747, ""stored_ids"": [737747], ""validated_stored_ids"": [737747]}",,,,
13283,magic,Willow-Wind,527,ltr,The Lord of the Rings: Tales of Middle-earth,en,Showcase,common,foil,Showcase,599,scryfall_oracle:ee3fd92c-48e0-4651-aeda-7eb2c75acbb0,,,12993275-289e-4346-a6d6-fde44f545d73,737747,,737747,Willow-Wind,5489,The Lord of the Rings: Tales of Middle-earth,,,mixed/unknown,0.05,0.13,0.15,0.12,0.12,,0,,,,Foil Low,,EUR,EUR,,,,,"{""mapped_product_ids"": []}",AMBIGUOUS,Cardmarket bulk data does not prove finish/treatment,false,false,false,,,,,,,,NO_COMPARISON,,,,NO_COMPARISON,ambiguous_identity,,"{""ambiguity_reasons"": [""unproven_treatment""], ""external_provenance"": [], ""scryfall_cardmarket_id"": 737747, ""stored_ids"": [737747], ""validated_stored_ids"": [737747]}",,,,
13284,magic,Bitter Downfall,528,ltr,The Lord of the Rings: Tales of Middle-earth,en,Showcase,uncommon,nonfoil,Showcase,65,scryfall_oracle:19c22e08-29b6-4b3d-bf6e-28a5add620bb,,,f17fb28d-7751-461f-9c5b-0e3da9dd749d,737750,,737750,Bitter Downfall,5489,The Lord of the Rings: Tales of Middle-earth,,,mixed/unknown,0.1,0,,,,0.1,0.32,0.5,0.34,0.31,Low,,EUR,EUR,,,,,"{""mapped_product_ids"": []}",AMBIGUOUS,Cardmarket bulk data does not prove finish/treatment,false,false,false,,,,,,,,NO_COMPARISON,,,,NO_COMPARISON,ambiguous_identity,,"{""ambiguity_reasons"": [""unproven_treatment""], ""external_provenance"": [], ""scryfall_cardmarket_id"": 737750, ""stored_ids"": [737750], ""validated_stored_ids"": [737750]}",,,,
13285,magic,Bitter Downfall,528,ltr,The Lord of the Rings: Tales of Middle-earth,en,Showcase,uncommon,foil,Showcase,65,scryfall_oracle:19c22e08-29b6-4b3d-bf6e-28a5add620bb,,,f17fb28d-7751-461f-9c5b-0e3da9dd749d,737750,,737750,Bitter Downfall,5489,The Lord of the Rings: Tales of Middle-earth,,,mixed/unknown,0.1,0,,,,0.1,0.32,0.5,0.34,0.31,Foil Low,,EUR,EUR,,,,,"{""mapped_product_ids"": []}",AMBIGUOUS,Cardmarket bulk data does not prove finish/treatment,false,false,false,,,,,,,,NO_COMPARISON,,,,NO_COMPARISON,ambiguous_identity,,"{""ambiguity_reasons"": [""unproven_treatment""], ""external_provenance"": [], ""scryfall_cardmarket_id"": 737750, ""stored_ids"": [737750], ""validated_stored_ids"": [737750]}",,,,
13286,magic,The Black Breath,529,ltr,The Lord of the Rings: Tales of Middle-earth,en,Showcase,common,nonfoil,Showcase,496,scryfall_oracle:c0afbb32-dc50-436a-bd24-2990c103a4f8,,,f0138659-54e8-4b42-8888-2a46e7299671,737751,,737751,The Black Breath,5489,The Lord of the Rings: Tales of Middle-earth,,,mixed/unknown,0.05,0.15,0.25,0.16,0.17,,0,,,,Low,,EUR,EUR,,,,,"{""mapped_product_ids"": []}",AMBIGUOUS,Cardmarket bulk data does not prove finish/treatment,false,false,false,,,,,,,,NO_COMPARISON,,,,NO_COMPARISON,ambiguous_identity,,"{""ambiguity_reasons"": [""unproven_treatment""], ""external_provenance"": [], ""scryfall_cardmarket_id"": 737751, ""stored_ids"": [737751], ""validated_stored_ids"": [737751]}",,,,
13287,magic,The Black Breath,529,ltr,The Lord of the Rings: Tales of Middle-earth,en,Showcase,common,foil,Showcase,496,scryfall_oracle:c0afbb32-dc50-436a-bd24-2990c103a4f8,,,f0138659-54e8-4b42-8888-2a46e7299671,737751,,737751,The Black Breath,5489,The Lord of the Rings: Tales of Middle-earth,,,mixed/unknown,0.05,0.15,0.25,0.16,0.17,,0,,,,Foil Low,,EUR,EUR,,,,,"{""mapped_product_ids"": []}",AMBIGUOUS,Cardmarket bulk data does not prove finish/treatment,false,false,false,,,,,,,,NO_COMPARISON,,,,NO_COMPARISON,ambiguous_identity,,"{""ambiguity_reasons"": [""unproven_treatment""], ""external_provenance"": [], ""scryfall_cardmarket_id"": 737751, ""stored_ids"": [737751], ""validated_stored_ids"": [737751]}",,,,
13288,magic,Call of the Ring,530,ltr,The Lord of the Rings: Tales of Middle-earth,en,Showcase,rare,nonfoil,Showcase,409,scryfall_oracle:9fcb920c-b8d7-4a79-a335-f63050182cca,,,cd9500e1-3e74-4de9-a2c8-22d6cbb01cdc,737755,,737755,Call of the Ring,5489,The Lord of the Rings: Tales of Middle-earth,,,mixed/unknown,16.14,0,,,,16.14,18.51,17.8,17.31,15.82,Low,,EUR,EUR,,,,,"{""mapped_product_ids"": []}",AMBIGUOUS,Cardmarket bulk data does not prove finish/treatment,false,false,false,,,,,,,,NO_COMPARISON,,,,NO_COMPARISON,ambiguous_identity,,"{""ambiguity_reasons"": [""unproven_treatment""], ""external_provenance"": [], ""scryfall_cardmarket_id"": 737755, ""stored_ids"": [737755], ""validated_stored_ids"": [737755]}",,,,
13289,magic,Call of the Ring,530,ltr,The Lord of the Rings: Tales of Middle-earth,en,Showcase,rare,foil,Showcase,409,scryfall_oracle:9fcb920c-b8d7-4a79-a335-f63050182cca,,,cd9500e1-3e74-4de9-a2c8-22d6cbb01cdc,737755,,737755,Call of the Ring,5489,The Lord of the Rings: Tales of Middle-earth,,,mixed/unknown,16.14,0,,,,16.14,18.51,17.8,17.31,15.82,Foil Low,,EUR,EUR,,,,,"{""mapped_product_ids"": []}",AMBIGUOUS,Cardmarket bulk data does not prove finish/treatment,false,false,false,,,,,,,,NO_COMPARISON,,,,NO_COMPARISON,ambiguous_identity,,"{""ambiguity_reasons"": [""unproven_treatment""], ""external_provenance"": [], ""scryfall_cardmarket_id"": 737755, ""stored_ids"": [737755], ""validated_stored_ids"": [737755]}",,,,
13290,magic,Cirith Ungol Patrol,531,ltr,The Lord of the Rings: Tales of Middle-earth,en,Showcase,common,nonfoil,Showcase,514,scryfall_oracle:c9610d33-4cef-4171-bbf4-48d720492d55,,,e074e0a7-1411-47ea-a71c-3493cb16bcdc,737756,,737756,Cirith Ungol Patrol,5489,The Lord of the Rings: Tales of Middle-earth,,,mixed/unknown,0.05,0.15,0.15,0.19,0.16,,0,,,,Low,,EUR,EUR,,,,,"{""mapped_product_ids"": []}",AMBIGUOUS,Cardmarket bulk data does not prove finish/treatment,false,false,false,,,,,,,,NO_COMPARISON,,,,NO_COMPARISON,ambiguous_identity,,"{""ambiguity_reasons"": [""unproven_treatment""], ""external_provenance"": [], ""scryfall_cardmarket_id"": 737756, ""stored_ids"": [737756], ""validated_stored_ids"": [737756]}",,,,
13291,magic,Cirith Ungol Patrol,531,ltr,The Lord of the Rings: Tales of Middle-earth,en,Showcase,common,foil,Showcase,514,scryfall_oracle:c9610d33-4cef-4171-bbf4-48d720492d55,,,e074e0a7-1411-47ea-a71c-3493cb16bcdc,737756,,737756,Cirith Ungol Patrol,5489,The Lord of the Rings: Tales of Middle-earth,,,mixed/unknown,0.05,0.15,0.15,0.19,0.16,,0,,,,Foil Low,,EUR,EUR,,,,,"{""mapped_product_ids"": []}",AMBIGUOUS,Cardmarket bulk data does not prove finish/treatment,false,false,false,,,,,,,,NO_COMPARISON,,,,NO_COMPARISON,ambiguous_identity,,"{""ambiguity_reasons"": [""unproven_treatment""], ""external_provenance"": [], ""scryfall_cardmarket_id"": 737756, ""stored_ids"": [737756], ""validated_stored_ids"": [737756]}",,,,
13292,magic,Claim the Precious,532,ltr,The Lord of the Rings: Tales of Middle-earth,en,Showcase,common,nonfoil,Showcase,347,scryfall_oracle:8b0a0991-2327-45ea-b47f-c31db367fa1d,,,e05359ad-f4f7-40cb-a873-a4260ca63f79,737758,,737758,Claim the Precious,5489,The Lord of the Rings: Tales of Middle-earth,,,mixed/unknown,0.15,0.92,1.11,0.69,0.82,,0,,,,Low,,EUR,EUR,,,,,"{""mapped_product_ids"": []}",AMBIGUOUS,Cardmarket bulk data does not prove finish/treatment,false,false,false,,,,,,,,NO_COMPARISON,,,,NO_COMPARISON,ambiguous_identity,,"{""ambiguity_reasons"": [""unproven_treatment""], ""external_provenance"": [], ""scryfall_cardmarket_id"": 737758, ""stored_ids"": [737758], ""validated_stored_ids"": [737758]}",,,,
13293,magic,Claim the Precious,532,ltr,The Lord of the Rings: Tales of Middle-earth,en,Showcase,common,foil,Showcase,347,scryfall_oracle:8b0a0991-2327-45ea-b47f-c31db367fa1d,,,e05359ad-f4f7-40cb-a873-a4260ca63f79,737758,,737758,Claim the Precious,5489,The Lord of the Rings: Tales of Middle-earth,,,mixed/unknown,0.15,0.92,1.11,0.69,0.82,,0,,,,Foil Low,,EUR,EUR,,,,,"{""mapped_product_ids"": []}",AMBIGUOUS,Cardmarket bulk data does not prove finish/treatment,false,false,false,,,,,,,,NO_COMPARISON,,,,NO_COMPARISON,ambiguous_identity,,"{""ambiguity_reasons"": [""unproven_treatment""], ""external_provenance"": [], ""scryfall_cardmarket_id"": 737758, ""stored_ids"": [737758], ""validated_stored_ids"": [737758]}",,,,
13294,magic,Dunland Crebain,533,ltr,The Lord of the Rings: Tales of Middle-earth,en,Showcase,common,nonfoil,Showcase,401,scryfall_oracle:9dd755a5-0bef-4bde-92fa-14ef2a1a1410,,,e47b5e64-6f0c-4951-9ddb-f4773836d465,737760,,737760,Dunland Crebain,5489,The Lord of the Rings: Tales of Middle-earth,,,mixed/unknown,0.02,0.15,0.1,0.16,0.18,,0,,,,Low,,EUR,EUR,,,,,"{""mapped_product_ids"": []}",AMBIGUOUS,Cardmarket bulk data does not prove finish/treatment,false,false,false,,,,,,,,NO_COMPARISON,,,,NO_COMPARISON,ambiguous_identity,,"{""ambiguity_reasons"": [""unproven_treatment""], ""external_provenance"": [], ""scryfall_cardmarket_id"": 737760, ""stored_ids"": [737760], ""validated_stored_ids"": [737760]}",,,,
13295,magic,Dunland Crebain,533,ltr,The Lord of the Rings: Tales of Middle-earth,en,Showcase,common,foil,Showcase,401,scryfall_oracle:9dd755a5-0bef-4bde-92fa-14ef2a1a1410,,,e47b5e64-6f0c-4951-9ddb-f4773836d465,737760,,737760,Dunland Crebain,5489,The Lord of the Rings: Tales of Middle-earth,,,mixed/unknown,0.02,0.15,0.1,0.16,0.18,,0,,,,Foil Low,,EUR,EUR,,,,,"{""mapped_product_ids"": []}",AMBIGUOUS,Cardmarket bulk data does not prove finish/treatment,false,false,false,,,,,,,,NO_COMPARISON,,,,NO_COMPARISON,ambiguous_identity,,"{""ambiguity_reasons"": [""unproven_treatment""], ""external_provenance"": [], ""scryfall_cardmarket_id"": 737760, ""stored_ids"": [737760], ""validated_stored_ids"": [737760]}",,,,
13296,magic,Easterling Vanguard,534,ltr,The Lord of the Rings: Tales of Middle-earth,en,Showcase,common,nonfoil,Showcase,50,scryfall_oracle:149887fa-6b2d-495e-b3e0-b2ac7d3dc838,,,6a7d1982-d87d-418f-8cfa-740fae6bf3fd,737766,,737766,Easterling Vanguard,5489,The Lord of the Rings: Tales of Middle-earth,,,mixed/unknown,0.02,0.2,0.55,0.26,0.19,,0,,,,Low,,EUR,EUR,,,,,"{""mapped_product_ids"": []}",AMBIGUOUS,Cardmarket bulk data does not prove finish/treatment,false,false,false,,,,,,,,NO_COMPARISON,,,,NO_COMPARISON,ambiguous_identity,,"{""ambiguity_reasons"": [""unproven_treatment""], ""external_provenance"": [], ""scryfall_cardmarket_id"": 737766, ""stored_ids"": [737766], ""validated_stored_ids"": [737766]}",,,,
13297,magic,Easterling Vanguard,534,ltr,The Lord of the Rings: Tales of Middle-earth,en,Showcase,common,foil,Showcase,50,scryfall_oracle:149887fa-6b2d-495e-b3e0-b2ac7d3dc838,,,6a7d1982-d87d-418f-8cfa-740fae6bf3fd,737766,,737766,Easterling Vanguard,5489,The Lord of the Rings: Tales of Middle-earth,,,mixed/unknown,0.02,0.2,0.55,0.26,0.19,,0,,,,Foil Low,,EUR,EUR,,,,,"{""mapped_product_ids"": []}",AMBIGUOUS,Cardmarket bulk data does not prove finish/treatment,false,false,false,,,,,,,,NO_COMPARISON,,,,NO_COMPARISON,ambiguous_identity,,"{""ambiguity_reasons"": [""unproven_treatment""], ""external_provenance"": [], ""scryfall_cardmarket_id"": 737766, ""stored_ids"": [737766], ""validated_stored_ids"": [737766]}",,,,
13298,magic,"Gollum, Patient Plotter",535,ltr,The Lord of the Rings: Tales of Middle-earth,en,Showcase,uncommon,nonfoil,Showcase,501,scryfall_oracle:c4545884-35b7-47cf-939e-3d5d3fe555a4,,,c3ff1c7b-8f6f-4ef9-8246-af63e532eb43,737773,,737773,"Gollum, Patient Plotter",5489,The Lord of the Rings: Tales of Middle-earth,,,mixed/unknown,0.1,0,,,,0.1,0.51,2,0.55,0.41,Low,,EUR,EUR,,,,,"{""mapped_product_ids"": []}",AMBIGUOUS,Cardmarket bulk data does not prove finish/treatment,false,false,false,,,,,,,,NO_COMPARISON,,,,NO_COMPARISON,ambiguous_identity,,"{""ambiguity_reasons"": [""unproven_treatment""], ""external_provenance"": [], ""scryfall_cardmarket_id"": 737773, ""stored_ids"": [737773], ""validated_stored_ids"": [737773]}",,,,
13299,magic,"Gollum, Patient Plotter",535,ltr,The Lord of the Rings: Tales of Middle-earth,en,Showcase,uncommon,foil,Showcase,501,scryfall_oracle:c4545884-35b7-47cf-939e-3d5d3fe555a4,,,c3ff1c7b-8f6f-4ef9-8246-af63e532eb43,737773,,737773,"Gollum, Patient Plotter",5489,The Lord of the Rings: Tales of Middle-earth,,,mixed/unknown,0.1,0,,,,0.1,0.51,2,0.55,0.41,Foil Low,,EUR,EUR,,,,,"{""mapped_product_ids"": []}",AMBIGUOUS,Cardmarket bulk data does not prove finish/treatment,false,false,false,,,,,,,,NO_COMPARISON,,,,NO_COMPARISON,ambiguous_identity,,"{""ambiguity_reasons"": [""unproven_treatment""], ""external_provenance"": [], ""scryfall_cardmarket_id"": 737773, ""stored_ids"": [737773], ""validated_stored_ids"": [737773]}",,,,
13300,magic,Gollum's Bite,536,ltr,The Lord of the Rings: Tales of Middle-earth,en,Showcase,uncommon,nonfoil,Showcase,531,scryfall_oracle:cf0492de-cec5-4455-839f-212246b7e9ea,,,65131fa4-b7cd-4ac3-8b43-d3428aefddc6,737774,,737774,Gollum's Bite,5489,The Lord of the Rings: Tales of Middle-earth,,,mixed/unknown,0.02,0.24,0.2,0.18,0.19,,0,,,,Low,,EUR,EUR,,,,,"{""mapped_product_ids"": []}",AMBIGUOUS,Cardmarket bulk data does not prove finish/treatment,false,false,false,,,,,,,,NO_COMPARISON,,,,NO_COMPARISON,ambiguous_identity,,"{""ambiguity_reasons"": [""unproven_treatment""], ""external_provenance"": [], ""scryfall_cardmarket_id"": 737774, ""stored_ids"": [737774], ""validated_stored_ids"": [737774]}",,,,
13301,magic,Gollum's Bite,536,ltr,The Lord of the Rings: Tales of Middle-earth,en,Showcase,uncommon,foil,Showcase,531,scryfall_oracle:cf0492de-cec5-4455-839f-212246b7e9ea,,,65131fa4-b7cd-4ac3-8b43-d3428aefddc6,737774,,737774,Gollum's Bite,5489,The Lord of the Rings: Tales of Middle-earth,,,mixed/unknown,0.02,0.24,0.2,0.18,0.19,,0,,,,Foil Low,,EUR,EUR,,,,,"{""mapped_product_ids"": []}",AMBIGUOUS,Cardmarket bulk data does not prove finish/treatment,false,false,false,,,,,,,,NO_COMPARISON,,,,NO_COMPARISON,ambiguous_identity,,"{""ambiguity_reasons"": [""unproven_treatment""], ""external_provenance"": [], ""scryfall_cardmarket_id"": 737774, ""stored_ids"": [737774], ""validated_stored_ids"": [737774]}",,,,
13302,magic,Gorbag of Minas Morgul,537,ltr,The Lord of the Rings: Tales of Middle-earth,en,Showcase,uncommon,nonfoil,Showcase,584,scryfall_oracle:e77e97d7-58ff-4454-ba49-66182e550f12,,,11af26b2-a317-48f5-b6c8-226b5c8e2368,737777,,737777,Gorbag of Minas Morgul,5489,The Lord of the Rings: Tales of Middle-earth,,,mixed/unknown,0.1,0.25,0.25,0.25,0.25,0.1,0.86,0.22,0.79,0.53,Low,,EUR,EUR,,,,,"{""mapped_product_ids"": []}",AMBIGUOUS,Cardmarket bulk data does not prove finish/treatment,false,false,false,,,,,,,,NO_COMPARISON,,,,NO_COMPARISON,ambiguous_identity,,"{""ambiguity_reasons"": [""unproven_treatment""], ""external_provenance"": [], ""scryfall_cardmarket_id"": 737777, ""stored_ids"": [737777], ""validated_stored_ids"": [737777]}",,,,
13303,magic,Gorbag of Minas Morgul,537,ltr,The Lord of the Rings: Tales of Middle-earth,en,Showcase,uncommon,foil,Showcase,584,scryfall_oracle:e77e97d7-58ff-4454-ba49-66182e550f12,,,11af26b2-a317-48f5-b6c8-226b5c8e2368,737777,,737777,Gorbag of Minas Morgul,5489,The Lord of the Rings: Tales of Middle-earth,,,mixed/unknown,0.1,0.25,0.25,0.25,0.25,0.1,0.86,0.22,0.79,0.53,Foil Low,,EUR,EUR,,,,,"{""mapped_product_ids"": []}",AMBIGUOUS,Cardmarket bulk data does not prove finish/treatment,false,false,false,,,,,,,,NO_COMPARISON,,,,NO_COMPARISON,ambiguous_identity,,"{""ambiguity_reasons"": [""unproven_treatment""], ""external_provenance"": [], ""scryfall_cardmarket_id"": 737777, ""stored_ids"": [737777], ""validated_stored_ids"": [737777]}",,,,
13304,magic,"Gothmog, Morgul Lieutenant",538,ltr,The Lord of the Rings: Tales of Middle-earth,en,Showcase,uncommon,nonfoil,Showcase,613,scryfall_oracle:f3817f63-7bde-46c5-93cb-b4756f5f821e,,,c512b83a-8b98-4630-a30f-94b60e433c32,737778,,737778,"Gothmog, Morgul Lieutenant",5489,The Lord of the Rings: Tales of Middle-earth,,,mixed/unknown,0.05,0.2,0.16,0.2,0.18,,0,,,,Low,,EUR,EUR,,,,,"{""mapped_product_ids"": []}",AMBIGUOUS,Cardmarket bulk data does not prove finish/treatment,false,false,false,,,,,,,,NO_COMPARISON,,,,NO_COMPARISON,ambiguous_identity,,"{""ambiguity_reasons"": [""unproven_treatment""], ""external_provenance"": [], ""scryfall_cardmarket_id"": 737778, ""stored_ids"": [737778], ""validated_stored_ids"": [737778]}",,,,
13305,magic,"Gothmog, Morgul Lieutenant",538,ltr,The Lord of the Rings: Tales of Middle-earth,en,Showcase,uncommon,foil,Showcase,613,scryfall_oracle:f3817f63-7bde-46c5-93cb-b4756f5f821e,,,c512b83a-8b98-4630-a30f-94b60e433c32,737778,,737778,"Gothmog, Morgul Lieutenant",5489,The Lord of the Rings: Tales of Middle-earth,,,mixed/unknown,0.05,0.2,0.16,0.2,0.18,,0,,,,Foil Low,,EUR,EUR,,,,,"{""mapped_product_ids"": []}",AMBIGUOUS,Cardmarket bulk data does not prove finish/treatment,false,false,false,,,,,,,,NO_COMPARISON,,,,NO_COMPARISON,ambiguous_identity,,"{""ambiguity_reasons"": [""unproven_treatment""], ""external_provenance"": [], ""scryfall_cardmarket_id"": 737778, ""stored_ids"": [737778], ""validated_stored_ids"": [737778]}",,,,
13306,magic,Gríma Wormtongue,539,ltr,The Lord of the Rings: Tales of Middle-earth,en,Showcase,uncommon,nonfoil,Showcase,363,scryfall_oracle:8f98806e-c6b7-44af-b436-88acf36d25ec,,,03f5aa29-4943-4fda-b539-3e521f50ac55,737785,,737785,Gríma Wormtongue,5489,The Lord of the Rings: Tales of Middle-earth,,,mixed/unknown,0.15,0.23,0.21,0.23,0.23,0.15,0.39,0.62,0.43,0.36,Low,,EUR,EUR,,,,,"{""mapped_product_ids"": []}",AMBIGUOUS,Cardmarket bulk data does not prove finish/treatment,false,false,false,,,,,,,,NO_COMPARISON,,,,NO_COMPARISON,ambiguous_identity,,"{""ambiguity_reasons"": [""unproven_treatment""], ""external_provenance"": [], ""scryfall_cardmarket_id"": 737785, ""stored_ids"": [737785], ""validated_stored_ids"": [737785]}",,,,
13307,magic,Gríma Wormtongue,539,ltr,The Lord of the Rings: Tales of Middle-earth,en,Showcase,uncommon,foil,Showcase,363,scryfall_oracle:8f98806e-c6b7-44af-b436-88acf36d25ec,,,03f5aa29-4943-4fda-b539-3e521f50ac55,737785,,737785,Gríma Wormtongue,5489,The Lord of the Rings: Tales of Middle-earth,,,mixed/unknown,0.15,0.23,0.21,0.23,0.23,0.15,0.39,0.62,0.43,0.36,Foil Low,,EUR,EUR,,,,,"{""mapped_product_ids"": []}",AMBIGUOUS,Cardmarket bulk data does not prove finish/treatment,false,false,false,,,,,,,,NO_COMPARISON,,,,NO_COMPARISON,ambiguous_identity,,"{""ambiguity_reasons"": [""unproven_treatment""], ""external_provenance"": [], ""scryfall_cardmarket_id"": 737785, ""stored_ids"": [737785], ""validated_stored_ids"": [737785]}",,,,
13308,magic,"Grond, the Gatebreaker",540,ltr,The Lord of the Rings: Tales of Middle-earth,en,Showcase,uncommon,nonfoil,Showcase,587,scryfall_oracle:ea52d9e8-5c25-429a-8de4-feb4558bdb99,,,61998bfe-cc98-4b5d-9cda-56c44c397ccf,737795,,737795,"Grond, the Gatebreaker",5489,The Lord of the Rings: Tales of Middle-earth,,,mixed/unknown,0.05,0.18,0.2,0.17,0.16,,0,,,,Low,,EUR,EUR,,,,,"{""mapped_product_ids"": []}",AMBIGUOUS,Cardmarket bulk data does not prove finish/treatment,false,false,false,,,,,,,,NO_COMPARISON,,,,NO_COMPARISON,ambiguous_identity,,"{""ambiguity_reasons"": [""unproven_treatment""], ""external_provenance"": [], ""scryfall_cardmarket_id"": 737795, ""stored_ids"": [737795], ""validated_stored_ids"": [737795]}",,,,
13309,magic,"Grond, the Gatebreaker",540,ltr,The Lord of the Rings: Tales of Middle-earth,en,Showcase,uncommon,foil,Showcase,587,scryfall_oracle:ea52d9e8-5c25-429a-8de4-feb4558bdb99,,,61998bfe-cc98-4b5d-9cda-56c44c397ccf,737795,,737795,"Grond, the Gatebreaker",5489,The Lord of the Rings: Tales of Middle-earth,,,mixed/unknown,0.05,0.18,0.2,0.17,0.16,,0,,,,Foil Low,,EUR,EUR,,,,,"{""mapped_product_ids"": []}",AMBIGUOUS,Cardmarket bulk data does not prove finish/treatment,false,false,false,,,,,,,,NO_COMPARISON,,,,NO_COMPARISON,ambiguous_identity,,"{""ambiguity_reasons"": [""unproven_treatment""], ""external_provenance"": [], ""scryfall_cardmarket_id"": 737795, ""stored_ids"": [737795], ""validated_stored_ids"": [737795]}",,,,
13310,magic,Haunt of the Dead Marshes,541,ltr,The Lord of the Rings: Tales of Middle-earth,en,Showcase,common,nonfoil,Showcase,29,scryfall_oracle:0b683611-e46f-4105-b336-014d1556c8de,,,9b7ea1f9-4497-4f75-9483-10ad7aa46101,737801,,737801,Haunt of the Dead Marshes,5489,The Lord of the Rings: Tales of Middle-earth,,,mixed/unknown,0.05,0.36,0.25,0.24,0.25,,0,,,,Low,,EUR,EUR,,,,,"{""mapped_product_ids"": []}",AMBIGUOUS,Cardmarket bulk data does not prove finish/treatment,false,false,false,,,,,,,,NO_COMPARISON,,,,NO_COMPARISON,ambiguous_identity,,"{""ambiguity_reasons"": [""unproven_treatment""], ""external_provenance"": [], ""scryfall_cardmarket_id"": 737801, ""stored_ids"": [737801], ""validated_stored_ids"": [737801]}",,,,
13311,magic,Haunt of the Dead Marshes,541,ltr,The Lord of the Rings: Tales of Middle-earth,en,Showcase,common,foil,Showcase,29,scryfall_oracle:0b683611-e46f-4105-b336-014d1556c8de,,,9b7ea1f9-4497-4f75-9483-10ad7aa46101,737801,,737801,Haunt of the Dead Marshes,5489,The Lord of the Rings: Tales of Middle-earth,,,mixed/unknown,0.05,0.36,0.25,0.24,0.25,,0,,,,Foil Low,,EUR,EUR,,,,,"{""mapped_product_ids"": []}",AMBIGUOUS,Cardmarket bulk data does not prove finish/treatment,false,false,false,,,,,,,,NO_COMPARISON,,,,NO_COMPARISON,ambiguous_identity,,"{""ambiguity_reasons"": [""unproven_treatment""], ""external_provenance"": [], ""scryfall_cardmarket_id"": 737801, ""stored_ids"": [737801], ""validated_stored_ids"": [737801]}",,,,
13312,magic,Isildur's Fateful Strike,542,ltr,The Lord of the Rings: Tales of Middle-earth,en,Showcase,rare,nonfoil,Showcase,420,scryfall_oracle:a43e98d1-684a-4198-bc7e-877b9f6d5357,,,d3b2782f-9bbf-4cfc-86a1-468994b2dfef,737804,,737804,Isildur's Fateful Strike,5489,The Lord of the Rings: Tales of Middle-earth,,,mixed/unknown,0.7,1.42,2.13,1.4,1.1,,0,,,,Low,,EUR,EUR,,,,,"{""mapped_product_ids"": []}",AMBIGUOUS,Cardmarket bulk data does not prove finish/treatment,false,false,false,,,,,,,,NO_COMPARISON,,,,NO_COMPARISON,ambiguous_identity,,"{""ambiguity_reasons"": [""unproven_treatment""], ""external_provenance"": [], ""scryfall_cardmarket_id"": 737804, ""stored_ids"": [737804], ""validated_stored_ids"": [737804]}",,,,
13313,magic,Isildur's Fateful Strike,542,ltr,The Lord of the Rings: Tales of Middle-earth,en,Showcase,rare,foil,Showcase,420,scryfall_oracle:a43e98d1-684a-4198-bc7e-877b9f6d5357,,,d3b2782f-9bbf-4cfc-86a1-468994b2dfef,737804,,737804,Isildur's Fateful Strike,5489,The Lord of the Rings: Tales of Middle-earth,,,mixed/unknown,0.7,1.42,2.13,1.4,1.1,,0,,,,Foil Low,,EUR,EUR,,,,,"{""mapped_product_ids"": []}",AMBIGUOUS,Cardmarket bulk data does not prove finish/treatment,false,false,false,,,,,,,,NO_COMPARISON,,,,NO_COMPARISON,ambiguous_identity,,"{""ambiguity_reasons"": [""unproven_treatment""], ""external_provenance"": [], ""scryfall_cardmarket_id"": 737804, ""stored_ids"": [737804], ""validated_stored_ids"": [737804]}",,,,
13314,magic,Lash of the Balrog,543,ltr,The Lord of the Rings: Tales of Middle-earth,en,Showcase,common,nonfoil,Showcase,254,scryfall_oracle:66499407-3ad2-464b-bbfe-95d860f53616,,,3a273a1a-d297-4ddb-96e0-8db871d383a5,737810,,737810,Lash of the Balrog,5489,The Lord of the Rings: Tales of Middle-earth,,,mixed/unknown,0.05,0.16,0.25,0.19,0.16,,0,,,,Low,,EUR,EUR,,,,,"{""mapped_product_ids"": []}",AMBIGUOUS,Cardmarket bulk data does not prove finish/treatment,false,false,false,,,,,,,,NO_COMPARISON,,,,NO_COMPARISON,ambiguous_identity,,"{""ambiguity_reasons"": [""unproven_treatment""], ""external_provenance"": [], ""scryfall_cardmarket_id"": 737810, ""stored_ids"": [737810], ""validated_stored_ids"": [737810]}",,,,
13315,magic,Lash of the Balrog,543,ltr,The Lord of the Rings: Tales of Middle-earth,en,Showcase,common,foil,Showcase,254,scryfall_oracle:66499407-3ad2-464b-bbfe-95d860f53616,,,3a273a1a-d297-4ddb-96e0-8db871d383a5,737810,,737810,Lash of the Balrog,5489,The Lord of the Rings: Tales of Middle-earth,,,mixed/unknown,0.05,0.16,0.25,0.19,0.16,,0,,,,Foil Low,,EUR,EUR,,,,,"{""mapped_product_ids"": []}",AMBIGUOUS,Cardmarket bulk data does not prove finish/treatment,false,false,false,,,,,,,,NO_COMPARISON,,,,NO_COMPARISON,ambiguous_identity,,"{""ambiguity_reasons"": [""unproven_treatment""], ""external_provenance"": [], ""scryfall_cardmarket_id"": 737810, ""stored_ids"": [737810], ""validated_stored_ids"": [737810]}",,,,
13316,magic,Lobelia Sackville-Baggins,544,ltr,The Lord of the Rings: Tales of Middle-earth,en,Showcase,rare,nonfoil,Showcase,66,scryfall_oracle:19f5a25a-97fc-41e6-bb26-7c35f4b4e37c,,,1254afb9-283c-43b0-bebf-6df12c43d080,737816,,737816,Lobelia Sackville-Baggins,5489,The Lord of the Rings: Tales of Middle-earth,,,mixed/unknown,1.2,1.99,1.99,1.99,1.99,1.2,1.73,2,1.68,1.78,Low,,EUR,EUR,,,,,"{""mapped_product_ids"": []}",AMBIGUOUS,Cardmarket bulk data does not prove finish/treatment,false,false,false,,,,,,,,NO_COMPARISON,,,,NO_COMPARISON,ambiguous_identity,,"{""ambiguity_reasons"": [""unproven_treatment""], ""external_provenance"": [], ""scryfall_cardmarket_id"": 737816, ""stored_ids"": [737816], ""validated_stored_ids"": [737816]}",,,,
13317,magic,Lobelia Sackville-Baggins,544,ltr,The Lord of the Rings: Tales of Middle-earth,en,Showcase,rare,foil,Showcase,66,scryfall_oracle:19f5a25a-97fc-41e6-bb26-7c35f4b4e37c,,,1254afb9-283c-43b0-bebf-6df12c43d080,737816,,737816,Lobelia Sackville-Baggins,5489,The Lord of the Rings: Tales of Middle-earth,,,mixed/unknown,1.2,1.99,1.99,1.99,1.99,1.2,1.73,2,1.68,1.78,Foil Low,,EUR,EUR,,,,,"{""mapped_product_ids"": []}",AMBIGUOUS,Cardmarket bulk data does not prove finish/treatment,false,false,false,,,,,,,,NO_COMPARISON,,,,NO_COMPARISON,ambiguous_identity,,"{""ambiguity_reasons"": [""unproven_treatment""], ""external_provenance"": [], ""scryfall_cardmarket_id"": 737816, ""stored_ids"": [737816], ""validated_stored_ids"": [737816]}",,,,
13318,magic,March from the Black Gate,545,ltr,The Lord of the Rings: Tales of Middle-earth,en,Showcase,uncommon,nonfoil,Showcase,368,scryfall_oracle:9259e918-ace5-4f13-9035-d8bc8c820d25,,,8f7cb67b-3c36-4436-946a-5f8515a6bd78,737825,,737825,March from the Black Gate,5489,The Lord of the Rings: Tales of Middle-earth,,,mixed/unknown,0.1,0.27,0.4,0.31,0.29,,0,,,,Low,,EUR,EUR,,,,,"{""mapped_product_ids"": []}",AMBIGUOUS,Cardmarket bulk data does not prove finish/treatment,false,false,false,,,,,,,,NO_COMPARISON,,,,NO_COMPARISON,ambiguous_identity,,"{""ambiguity_reasons"": [""unproven_treatment""], ""external_provenance"": [], ""scryfall_cardmarket_id"": 737825, ""stored_ids"": [737825], ""validated_stored_ids"": [737825]}",,,,
13319,magic,March from the Black Gate,545,ltr,The Lord of the Rings: Tales of Middle-earth,en,Showcase,uncommon,foil,Showcase,368,scryfall_oracle:9259e918-ace5-4f13-9035-d8bc8c820d25,,,8f7cb67b-3c36-4436-946a-5f8515a6bd78,737825,,737825,March from the Black Gate,5489,The Lord of the Rings: Tales of Middle-earth,,,mixed/unknown,0.1,0.27,0.4,0.31,0.29,,0,,,,Foil Low,,EUR,EUR,,,,,"{""mapped_product_ids"": []}",AMBIGUOUS,Cardmarket bulk data does not prove finish/treatment,false,false,false,,,,,,,,NO_COMPARISON,,,,NO_COMPARISON,ambiguous_identity,,"{""ambiguity_reasons"": [""unproven_treatment""], ""external_provenance"": [], ""scryfall_cardmarket_id"": 737825, ""stored_ids"": [737825], ""validated_stored_ids"": [737825]}",,,,
13320,magic,Mirkwood Bats,546,ltr,The Lord of the Rings: Tales of Middle-earth,en,Showcase,common,nonfoil,Showcase,17,scryfall_oracle:0636b6c3-0662-420a-b30d-f0a14e7c512d,,,afc16f8d-8bd6-441b-86d6-b23d699dd1ce,737827,,737827,Mirkwood Bats,5489,The Lord of the Rings: Tales of Middle-earth,,,mixed/unknown,3.5,5.2,6.77,5.34,4.63,,0,,,,Low,,EUR,EUR,,,,,"{""mapped_product_ids"": []}",AMBIGUOUS,Cardmarket bulk data does not prove finish/treatment,false,false,false,,,,,,,,NO_COMPARISON,,,,NO_COMPARISON,ambiguous_identity,,"{""ambiguity_reasons"": [""unproven_treatment""], ""external_provenance"": [], ""scryfall_cardmarket_id"": 737827, ""stored_ids"": [737827], ""validated_stored_ids"": [737827]}",,,,
13321,magic,Mirkwood Bats,546,ltr,The Lord of the Rings: Tales of Middle-earth,en,Showcase,common,foil,Showcase,17,scryfall_oracle:0636b6c3-0662-420a-b30d-f0a14e7c512d,,,afc16f8d-8bd6-441b-86d6-b23d699dd1ce,737827,,737827,Mirkwood Bats,5489,The Lord of the Rings: Tales of Middle-earth,,,mixed/unknown,3.5,5.2,6.77,5.34,4.63,,0,,,,Foil Low,,EUR,EUR,,,,,"{""mapped_product_ids"": []}",AMBIGUOUS,Cardmarket bulk data does not prove finish/treatment,false,false,false,,,,,,,,NO_COMPARISON,,,,NO_COMPARISON,ambiguous_identity,,"{""ambiguity_reasons"": [""unproven_treatment""], ""external_provenance"": [], ""scryfall_cardmarket_id"": 737827, ""stored_ids"": [737827], ""validated_stored_ids"": [737827]}",,,,
13322,magic,Mordor Muster,547,ltr,The Lord of the Rings: Tales of Middle-earth,en,Showcase,common,nonfoil,Showcase,184,scryfall_oracle:492108b7-f831-4739-925f-c3a419859c52,,,2e47cc57-b7bb-4056-a0bc-451b36388e1c,737829,,737829,Mordor Muster,5489,The Lord of the Rings: Tales of Middle-earth,,,mixed/unknown,0.05,0.22,0.2,0.24,0.25,,0,,,,Low,,EUR,EUR,,,,,"{""mapped_product_ids"": []}",AMBIGUOUS,Cardmarket bulk data does not prove finish/treatment,false,false,false,,,,,,,,NO_COMPARISON,,,,NO_COMPARISON,ambiguous_identity,,"{""ambiguity_reasons"": [""unproven_treatment""], ""external_provenance"": [], ""scryfall_cardmarket_id"": 737829, ""stored_ids"": [737829], ""validated_stored_ids"": [737829]}",,,,
13323,magic,Mordor Muster,547,ltr,The Lord of the Rings: Tales of Middle-earth,en,Showcase,common,foil,Showcase,184,scryfall_oracle:492108b7-f831-4739-925f-c3a419859c52,,,2e47cc57-b7bb-4056-a0bc-451b36388e1c,737829,,737829,Mordor Muster,5489,The Lord of the Rings: Tales of Middle-earth,,,mixed/unknown,0.05,0.22,0.2,0.24,0.25,,0,,,,Foil Low,,EUR,EUR,,,,,"{""mapped_product_ids"": []}",AMBIGUOUS,Cardmarket bulk data does not prove finish/treatment,false,false,false,,,,,,,,NO_COMPARISON,,,,NO_COMPARISON,ambiguous_identity,,"{""ambiguity_reasons"": [""unproven_treatment""], ""external_provenance"": [], ""scryfall_cardmarket_id"": 737829, ""stored_ids"": [737829], ""validated_stored_ids"": [737829]}",,,,
13324,magic,Mordor Trebuchet,548,ltr,The Lord of the Rings: Tales of Middle-earth,en,Showcase,common,nonfoil,Showcase,346,scryfall_oracle:8a8e0d0a-1101-45b6-8f70-1de2c07bc369,,,2dad8e6d-c49a-489c-ac1a-25b5919ecba8,737831,,737831,Mordor Trebuchet,5489,The Lord of the Rings: Tales of Middle-earth,,,mixed/unknown,0.02,0.27,0.6,0.32,0.2,,0,,,,Low,,EUR,EUR,,,,,"{""mapped_product_ids"": []}",AMBIGUOUS,Cardmarket bulk data does not prove finish/treatment,false,false,false,,,,,,,,NO_COMPARISON,,,,NO_COMPARISON,ambiguous_identity,,"{""ambiguity_reasons"": [""unproven_treatment""], ""external_provenance"": [], ""scryfall_cardmarket_id"": 737831, ""stored_ids"": [737831], ""validated_stored_ids"": [737831]}",,,,
13325,magic,Mordor Trebuchet,548,ltr,The Lord of the Rings: Tales of Middle-earth,en,Showcase,common,foil,Showcase,346,scryfall_oracle:8a8e0d0a-1101-45b6-8f70-1de2c07bc369,,,2dad8e6d-c49a-489c-ac1a-25b5919ecba8,737831,,737831,Mordor Trebuchet,5489,The Lord of the Rings: Tales of Middle-earth,,,mixed/unknown,0.02,0.27,0.6,0.32,0.2,,0,,,,Foil Low,,EUR,EUR,,,,,"{""mapped_product_ids"": []}",AMBIGUOUS,Cardmarket bulk data does not prove finish/treatment,false,false,false,,,,,,,,NO_COMPARISON,,,,NO_COMPARISON,ambiguous_identity,,"{""ambiguity_reasons"": [""unproven_treatment""], ""external_provenance"": [], ""scryfall_cardmarket_id"": 737831, ""stored_ids"": [737831], ""validated_stored_ids"": [737831]}",,,,
13326,magic,Morgul-Knife Wound,549,ltr,The Lord of the Rings: Tales of Middle-earth,en,Showcase,common,nonfoil,Showcase,615,scryfall_oracle:f48b2349-797e-4e79-aea7-2413e78129e1,,,0d3fa952-2f14-40dc-8065-bc6c8d25c429,737833,,737833,Morgul-Knife Wound,5489,The Lord of the Rings: Tales of Middle-earth,,,mixed/unknown,0.05,0.21,0.15,0.19,0.21,,0,,,,Low,,EUR,EUR,,,,,"{""mapped_product_ids"": []}",AMBIGUOUS,Cardmarket bulk data does not prove finish/treatment,false,false,false,,,,,,,,NO_COMPARISON,,,,NO_COMPARISON,ambiguous_identity,,"{""ambiguity_reasons"": [""unproven_treatment""], ""external_provenance"": [], ""scryfall_cardmarket_id"": 737833, ""stored_ids"": [737833], ""validated_stored_ids"": [737833]}",,,,
13327,magic,Morgul-Knife Wound,549,ltr,The Lord of the Rings: Tales of Middle-earth,en,Showcase,common,foil,Showcase,615,scryfall_oracle:f48b2349-797e-4e79-aea7-2413e78129e1,,,0d3fa952-2f14-40dc-8065-bc6c8d25c429,737833,,737833,Morgul-Knife Wound,5489,The Lord of the Rings: Tales of Middle-earth,,,mixed/unknown,0.05,0.21,0.15,0.19,0.21,,0,,,,Foil Low,,EUR,EUR,,,,,"{""mapped_product_ids"": []}",AMBIGUOUS,Cardmarket bulk data does not prove finish/treatment,false,false,false,,,,,,,,NO_COMPARISON,,,,NO_COMPARISON,ambiguous_identity,,"{""ambiguity_reasons"": [""unproven_treatment""], ""external_provenance"": [], ""scryfall_cardmarket_id"": 737833, ""stored_ids"": [737833], ""validated_stored_ids"": [737833]}",,,,
13328,magic,Nasty End,550,ltr,The Lord of the Rings: Tales of Middle-earth,en,Showcase,common,nonfoil,Showcase,622,scryfall_oracle:f73da5d8-fd15-4315-ad3c-c86c28087285,,,a309d931-8a0d-4d1f-8815-9726976e83fc,737835,,737835,Nasty End,5489,The Lord of the Rings: Tales of Middle-earth,,,mixed/unknown,0.15,0.41,0.2,0.35,0.37,,0,,,,Low,,EUR,EUR,,,,,"{""mapped_product_ids"": []}",AMBIGUOUS,Cardmarket bulk data does not prove finish/treatment,false,false,false,,,,,,,,NO_COMPARISON,,,,NO_COMPARISON,ambiguous_identity,,"{""ambiguity_reasons"": [""unproven_treatment""], ""external_provenance"": [], ""scryfall_cardmarket_id"": 737835, ""stored_ids"": [737835], ""validated_stored_ids"": [737835]}",,,,
13329,magic,Nasty End,550,ltr,The Lord of the Rings: Tales of Middle-earth,en,Showcase,common,foil,Showcase,622,scryfall_oracle:f73da5d8-fd15-4315-ad3c-c86c28087285,,,a309d931-8a0d-4d1f-8815-9726976e83fc,737835,,737835,Nasty End,5489,The Lord of the Rings: Tales of Middle-earth,,,mixed/unknown,0.15,0.41,0.2,0.35,0.37,,0,,,,Foil Low,,EUR,EUR,,,,,"{""mapped_product_ids"": []}",AMBIGUOUS,Cardmarket bulk data does not prove finish/treatment,false,false,false,,,,,,,,NO_COMPARISON,,,,NO_COMPARISON,ambiguous_identity,,"{""ambiguity_reasons"": [""unproven_treatment""], ""external_provenance"": [], ""scryfall_cardmarket_id"": 737835, ""stored_ids"": [737835], ""validated_stored_ids"": [737835]}",,,,
13330,magic,Nazgûl,551,ltr,The Lord of the Rings: Tales of Middle-earth,en,Showcase,uncommon,nonfoil,Showcase,182,scryfall_oracle:48a62778-7c11-486f-a0e1-020c283a7ef9,,,5d03872a-42df-47e3-ace4-dce13a69f916,737838,,737838,Nazgûl,5489,The Lord of the Rings: Tales of Middle-earth,,,mixed/unknown,325,0,,,,325,166.6,280,194.49,114.42,Low,,EUR,EUR,,,,,"{""mapped_product_ids"": []}",AMBIGUOUS,Cardmarket bulk data does not prove finish/treatment,false,false,false,,,,,,,,NO_COMPARISON,,,,NO_COMPARISON,ambiguous_identity,,"{""ambiguity_reasons"": [""unproven_treatment""], ""external_provenance"": [], ""scryfall_cardmarket_id"": 737838, ""stored_ids"": [737838], ""validated_stored_ids"": [737838]}",,,,
13331,magic,Nazgûl,551,ltr,The Lord of the Rings: Tales of Middle-earth,en,Showcase,uncommon,foil,Showcase,182,scryfall_oracle:48a62778-7c11-486f-a0e1-020c283a7ef9,,,5d03872a-42df-47e3-ace4-dce13a69f916,737838,,737838,Nazgûl,5489,The Lord of the Rings: Tales of Middle-earth,,,mixed/unknown,325,0,,,,325,166.6,280,194.49,114.42,Foil Low,,EUR,EUR,,,,,"{""mapped_product_ids"": []}",AMBIGUOUS,Cardmarket bulk data does not prove finish/treatment,false,false,false,,,,,,,,NO_COMPARISON,,,,NO_COMPARISON,ambiguous_identity,,"{""ambiguity_reasons"": [""unproven_treatment""], ""external_provenance"": [], ""scryfall_cardmarket_id"": 737838, ""stored_ids"": [737838], ""validated_stored_ids"": [737838]}",,,,
13332,magic,Oath of the Grey Host,552,ltr,The Lord of the Rings: Tales of Middle-earth,en,Showcase,uncommon,nonfoil,Showcase,86,scryfall_oracle:228fe7f0-54ad-411b-bedb-65a1bc2a099b,,,d2709d91-4235-482c-b9b3-ac5d61cb5bcb,737839,,737839,Oath of the Grey Host,5489,The Lord of the Rings: Tales of Middle-earth,,,mixed/unknown,0.05,0.2,0.25,0.16,0.16,,0,,,,Low,,EUR,EUR,,,,,"{""mapped_product_ids"": []}",AMBIGUOUS,Cardmarket bulk data does not prove finish/treatment,false,false,false,,,,,,,,NO_COMPARISON,,,,NO_COMPARISON,ambiguous_identity,,"{""ambiguity_reasons"": [""unproven_treatment""], ""external_provenance"": [], ""scryfall_cardmarket_id"": 737839, ""stored_ids"": [737839], ""validated_stored_ids"": [737839]}",,,,
13333,magic,Oath of the Grey Host,552,ltr,The Lord of the Rings: Tales of Middle-earth,en,Showcase,uncommon,foil,Showcase,86,scryfall_oracle:228fe7f0-54ad-411b-bedb-65a1bc2a099b,,,d2709d91-4235-482c-b9b3-ac5d61cb5bcb,737839,,737839,Oath of the Grey Host,5489,The Lord of the Rings: Tales of Middle-earth,,,mixed/unknown,0.05,0.2,0.25,0.16,0.16,,0,,,,Foil Low,,EUR,EUR,,,,,"{""mapped_product_ids"": []}",AMBIGUOUS,Cardmarket bulk data does not prove finish/treatment,false,false,false,,,,,,,,NO_COMPARISON,,,,NO_COMPARISON,ambiguous_identity,,"{""ambiguity_reasons"": [""unproven_treatment""], ""external_provenance"": [], ""scryfall_cardmarket_id"": 737839, ""stored_ids"": [737839], ""validated_stored_ids"": [737839]}",,,,
13334,magic,One Ring to Rule Them All,553,ltr,The Lord of the Rings: Tales of Middle-earth,en,Showcase,rare,nonfoil,Showcase,511,scryfall_oracle:c75add5e-4e9d-4c68-a8ad-b878b1dbc0a4,,,a83917f2-89e8-464d-b50a-4ecef34fd6a4,737843,,737843,One Ring to Rule Them All,5489,The Lord of the Rings: Tales of Middle-earth,,,mixed/unknown,10,0,,,,10,12.3,9.99,11.51,10.68,Low,,EUR,EUR,,,,,"{""mapped_product_ids"": []}",AMBIGUOUS,Cardmarket bulk data does not prove finish/treatment,false,false,false,,,,,,,,NO_COMPARISON,,,,NO_COMPARISON,ambiguous_identity,,"{""ambiguity_reasons"": [""unproven_treatment""], ""external_provenance"": [], ""scryfall_cardmarket_id"": 737843, ""stored_ids"": [737843], ""validated_stored_ids"": [737843]}",,,,
13335,magic,One Ring to Rule Them All,553,ltr,The Lord of the Rings: Tales of Middle-earth,en,Showcase,rare,foil,Showcase,511,scryfall_oracle:c75add5e-4e9d-4c68-a8ad-b878b1dbc0a4,,,a83917f2-89e8-464d-b50a-4ecef34fd6a4,737843,,737843,One Ring to Rule Them All,5489,The Lord of the Rings: Tales of Middle-earth,,,mixed/unknown,10,0,,,,10,12.3,9.99,11.51,10.68,Foil Low,,EUR,EUR,,,,,"{""mapped_product_ids"": []}",AMBIGUOUS,Cardmarket bulk data does not prove finish/treatment,false,false,false,,,,,,,,NO_COMPARISON,,,,NO_COMPARISON,ambiguous_identity,,"{""ambiguity_reasons"": [""unproven_treatment""], ""external_provenance"": [], ""scryfall_cardmarket_id"": 737843, ""stored_ids"": [737843], ""validated_stored_ids"": [737843]}",,,,
13336,magic,Orcish Bowmasters,554,ltr,The Lord of the Rings: Tales of Middle-earth,en,Showcase,rare,nonfoil,Showcase,586,scryfall_oracle:ea5103f5-27e0-4eb1-902c-7f34652d6bf3,,,7cb981e3-2db7-48c8-83fb-f36ac43689e1,737844,,737844,Orcish Bowmasters,5489,The Lord of the Rings: Tales of Middle-earth,,,mixed/unknown,70,79.94,80,71.69,66.61,,0,,,,Low,,EUR,EUR,,,,,"{""mapped_product_ids"": []}",AMBIGUOUS,Cardmarket bulk data does not prove finish/treatment,false,false,false,,,,,,,,NO_COMPARISON,,,,NO_COMPARISON,ambiguous_identity,,"{""ambiguity_reasons"": [""unproven_treatment""], ""external_provenance"": [], ""scryfall_cardmarket_id"": 737844, ""stored_ids"": [737844], ""validated_stored_ids"": [737844]}",,,,
13337,magic,Orcish Bowmasters,554,ltr,The Lord of the Rings: Tales of Middle-earth,en,Showcase,rare,foil,Showcase,586,scryfall_oracle:ea5103f5-27e0-4eb1-902c-7f34652d6bf3,,,7cb981e3-2db7-48c8-83fb-f36ac43689e1,737844,,737844,Orcish Bowmasters,5489,The Lord of the Rings: Tales of Middle-earth,,,mixed/unknown,70,79.94,80,71.69,66.61,,0,,,,Foil Low,,EUR,EUR,,,,,"{""mapped_product_ids"": []}",AMBIGUOUS,Cardmarket bulk data does not prove finish/treatment,false,false,false,,,,,,,,NO_COMPARISON,,,,NO_COMPARISON,ambiguous_identity,,"{""ambiguity_reasons"": [""unproven_treatment""], ""external_provenance"": [], ""scryfall_cardmarket_id"": 737844, ""stored_ids"": [737844], ""validated_stored_ids"": [737844]}",,,,
13338,magic,Orcish Medicine,555,ltr,The Lord of the Rings: Tales of Middle-earth,en,Showcase,common,nonfoil,Showcase,120,scryfall_oracle:2f9a5e7c-f463-4773-bf67-a07339ce9b5d,,,9f9b4236-85a8-43e9-9be2-efb20a190235,737847,,737847,Orcish Medicine,5489,The Lord of the Rings: Tales of Middle-earth,,,mixed/unknown,0.1,0.24,0.24,0.24,0.24,0.1,1.09,0.33,0.95,0.77,Low,,EUR,EUR,,,,,"{""mapped_product_ids"": []}",AMBIGUOUS,Cardmarket bulk data does not prove finish/treatment,false,false,false,,,,,,,,NO_COMPARISON,,,,NO_COMPARISON,ambiguous_identity,,"{""ambiguity_reasons"": [""unproven_treatment""], ""external_provenance"": [], ""scryfall_cardmarket_id"": 737847, ""stored_ids"": [737847], ""validated_stored_ids"": [737847]}",,,,
13339,magic,Orcish Medicine,555,ltr,The Lord of the Rings: Tales of Middle-earth,en,Showcase,common,foil,Showcase,120,scryfall_oracle:2f9a5e7c-f463-4773-bf67-a07339ce9b5d,,,9f9b4236-85a8-43e9-9be2-efb20a190235,737847,,737847,Orcish Medicine,5489,The Lord of the Rings: Tales of Middle-earth,,,mixed/unknown,0.1,0.24,0.24,0.24,0.24,0.1,1.09,0.33,0.95,0.77,Foil Low,,EUR,EUR,,,,,"{""mapped_product_ids"": []}",AMBIGUOUS,Cardmarket bulk data does not prove finish/treatment,false,false,false,,,,,,,,NO_COMPARISON,,,,NO_COMPARISON,ambiguous_identity,,"{""ambiguity_reasons"": [""unproven_treatment""], ""external_provenance"": [], ""scryfall_cardmarket_id"": 737847, ""stored_ids"": [737847], ""validated_stored_ids"": [737847]}",,,,
13340,magic,Sam's Desperate Rescue,556,ltr,The Lord of the Rings: Tales of Middle-earth,en,Showcase,common,nonfoil,Showcase,222,scryfall_oracle:5a3336f1-614a-4b3f-8752-522a34d0417a,,,0a1c0e3b-a9ee-4f37-aabf-2989a06d7fe4,737848,,737848,Sam's Desperate Rescue,5489,The Lord of the Rings: Tales of Middle-earth,,,mixed/unknown,0.09,0.55,0.25,0.55,0.48,,0,,,,Low,,EUR,EUR,,,,,"{""mapped_product_ids"": []}",AMBIGUOUS,Cardmarket bulk data does not prove finish/treatment,false,false,false,,,,,,,,NO_COMPARISON,,,,NO_COMPARISON,ambiguous_identity,,"{""ambiguity_reasons"": [""unproven_treatment""], ""external_provenance"": [], ""scryfall_cardmarket_id"": 737848, ""stored_ids"": [737848], ""validated_stored_ids"": [737848]}",,,,
13341,magic,Sam's Desperate Rescue,556,ltr,The Lord of the Rings: Tales of Middle-earth,en,Showcase,common,foil,Showcase,222,scryfall_oracle:5a3336f1-614a-4b3f-8752-522a34d0417a,,,0a1c0e3b-a9ee-4f37-aabf-2989a06d7fe4,737848,,737848,Sam's Desperate Rescue,5489,The Lord of the Rings: Tales of Middle-earth,,,mixed/unknown,0.09,0.55,0.25,0.55,0.48,,0,,,,Foil Low,,EUR,EUR,,,,,"{""mapped_product_ids"": []}",AMBIGUOUS,Cardmarket bulk data does not prove finish/treatment,false,false,false,,,,,,,,NO_COMPARISON,,,,NO_COMPARISON,ambiguous_identity,,"{""ambiguity_reasons"": [""unproven_treatment""], ""external_provenance"": [], ""scryfall_cardmarket_id"": 737848, ""stored_ids"": [737848], ""validated_stored_ids"": [737848]}",,,,
13342,magic,"Sauron, the Necromancer",557,ltr,The Lord of the Rings: Tales of Middle-earth,en,Showcase,rare,nonfoil,Showcase,357,scryfall_oracle:8dcd7e2b-75a9-476a-a0a0-798613e8dad6,,,75e85c69-f8ec-40ea-aeb4-7422961f6915,737850,,737850,"Sauron, the Necromancer",5489,The Lord of the Rings: Tales of Middle-earth,,,mixed/unknown,3.87,5.02,6.95,4.84,4.61,,0,,,,Low,,EUR,EUR,,,,,"{""mapped_product_ids"": []}",AMBIGUOUS,Cardmarket bulk data does not prove finish/treatment,false,false,false,,,,,,,,NO_COMPARISON,,,,NO_COMPARISON,ambiguous_identity,,"{""ambiguity_reasons"": [""unproven_treatment""], ""external_provenance"": [], ""scryfall_cardmarket_id"": 737850, ""stored_ids"": [737850], ""validated_stored_ids"": [737850]}",,,,
13343,magic,"Sauron, the Necromancer",557,ltr,The Lord of the Rings: Tales of Middle-earth,en,Showcase,rare,foil,Showcase,357,scryfall_oracle:8dcd7e2b-75a9-476a-a0a0-798613e8dad6,,,75e85c69-f8ec-40ea-aeb4-7422961f6915,737850,,737850,"Sauron, the Necromancer",5489,The Lord of the Rings: Tales of Middle-earth,,,mixed/unknown,3.87,5.02,6.95,4.84,4.61,,0,,,,Foil Low,,EUR,EUR,,,,,"{""mapped_product_ids"": []}",AMBIGUOUS,Cardmarket bulk data does not prove finish/treatment,false,false,false,,,,,,,,NO_COMPARISON,,,,NO_COMPARISON,ambiguous_identity,,"{""ambiguity_reasons"": [""unproven_treatment""], ""external_provenance"": [], ""scryfall_cardmarket_id"": 737850, ""stored_ids"": [737850], ""validated_stored_ids"": [737850]}",,,,
13344,magic,Shadow of the Enemy,558,ltr,The Lord of the Rings: Tales of Middle-earth,en,Showcase,mythic,nonfoil,Showcase,199,scryfall_oracle:4f0c72ff-cd93-46a6-8649-2cd9ce8b8625,,,35d8b06e-50af-477a-90ba-3fe36a9e4029,737852,,737852,Shadow of the Enemy,5489,The Lord of the Rings: Tales of Middle-earth,,,mixed/unknown,5.88,7.51,7.48,8.04,8.67,,0,,,,Low,,EUR,EUR,,,,,"{""mapped_product_ids"": []}",AMBIGUOUS,Cardmarket bulk data does not prove finish/treatment,false,false,false,,,,,,,,NO_COMPARISON,,,,NO_COMPARISON,ambiguous_identity,,"{""ambiguity_reasons"": [""unproven_treatment""], ""external_provenance"": [], ""scryfall_cardmarket_id"": 737852, ""stored_ids"": [737852], ""validated_stored_ids"": [737852]}",,,,
13345,magic,Shadow of the Enemy,558,ltr,The Lord of the Rings: Tales of Middle-earth,en,Showcase,mythic,foil,Showcase,199,scryfall_oracle:4f0c72ff-cd93-46a6-8649-2cd9ce8b8625,,,35d8b06e-50af-477a-90ba-3fe36a9e4029,737852,,737852,Shadow of the Enemy,5489,The Lord of the Rings: Tales of Middle-earth,,,mixed/unknown,5.88,7.51,7.48,8.04,8.67,,0,,,,Foil Low,,EUR,EUR,,,,,"{""mapped_product_ids"": []}",AMBIGUOUS,Cardmarket bulk data does not prove finish/treatment,false,false,false,,,,,,,,NO_COMPARISON,,,,NO_COMPARISON,ambiguous_identity,,"{""ambiguity_reasons"": [""unproven_treatment""], ""external_provenance"": [], ""scryfall_cardmarket_id"": 737852, ""stored_ids"": [737852], ""validated_stored_ids"": [737852]}",,,,
13346,magic,Shelob's Ambush,559,ltr,The Lord of the Rings: Tales of Middle-earth,en,Showcase,common,nonfoil,Showcase,498,scryfall_oracle:c2816923-9daf-4277-adf7-20427d14ba4a,,,6b90c983-ff77-4dde-b6cb-6da1fb9bb260,737854,,737854,Shelob's Ambush,5489,The Lord of the Rings: Tales of Middle-earth,,,mixed/unknown,0.05,0.21,0.29,0.18,0.18,,0,,,,Low,,EUR,EUR,,,,,"{""mapped_product_ids"": []}",AMBIGUOUS,Cardmarket bulk data does not prove finish/treatment,false,false,false,,,,,,,,NO_COMPARISON,,,,NO_COMPARISON,ambiguous_identity,,"{""ambiguity_reasons"": [""unproven_treatment""], ""external_provenance"": [], ""scryfall_cardmarket_id"": 737854, ""stored_ids"": [737854], ""validated_stored_ids"": [737854]}",,,,
13347,magic,Shelob's Ambush,559,ltr,The Lord of the Rings: Tales of Middle-earth,en,Showcase,common,foil,Showcase,498,scryfall_oracle:c2816923-9daf-4277-adf7-20427d14ba4a,,,6b90c983-ff77-4dde-b6cb-6da1fb9bb260,737854,,737854,Shelob's Ambush,5489,The Lord of the Rings: Tales of Middle-earth,,,mixed/unknown,0.05,0.21,0.29,0.18,0.18,,0,,,,Foil Low,,EUR,EUR,,,,,"{""mapped_product_ids"": []}",AMBIGUOUS,Cardmarket bulk data does not prove finish/treatment,false,false,false,,,,,,,,NO_COMPARISON,,,,NO_COMPARISON,ambiguous_identity,,"{""ambiguity_reasons"": [""unproven_treatment""], ""external_provenance"": [], ""scryfall_cardmarket_id"": 737854, ""stored_ids"": [737854], ""validated_stored_ids"": [737854]}",,,,
13348,magic,Snarling Warg,560,ltr,The Lord of the Rings: Tales of Middle-earth,en,Showcase,common,nonfoil,Showcase,384,scryfall_oracle:978a7a96-ca79-4f73-a4c6-99d662605969,,,7fb5e087-2deb-4c03-8ccc-ba4b061875e4,737857,,737857,Snarling Warg,5489,The Lord of the Rings: Tales of Middle-earth,,,mixed/unknown,0.1,0,,,,0.1,0.26,0.35,0.24,0.23,Low,,EUR,EUR,,,,,"{""mapped_product_ids"": []}",AMBIGUOUS,Cardmarket bulk data does not prove finish/treatment,false,false,false,,,,,,,,NO_COMPARISON,,,,NO_COMPARISON,ambiguous_identity,,"{""ambiguity_reasons"": [""unproven_treatment""], ""external_provenance"": [], ""scryfall_cardmarket_id"": 737857, ""stored_ids"": [737857], ""validated_stored_ids"": [737857]}",,,,
13349,magic,Snarling Warg,560,ltr,The Lord of the Rings: Tales of Middle-earth,en,Showcase,common,foil,Showcase,384,scryfall_oracle:978a7a96-ca79-4f73-a4c6-99d662605969,,,7fb5e087-2deb-4c03-8ccc-ba4b061875e4,737857,,737857,Snarling Warg,5489,The Lord of the Rings: Tales of Middle-earth,,,mixed/unknown,0.1,0,,,,0.1,0.26,0.35,0.24,0.23,Foil Low,,EUR,EUR,,,,,"{""mapped_product_ids"": []}",AMBIGUOUS,Cardmarket bulk data does not prove finish/treatment,false,false,false,,,,,,,,NO_COMPARISON,,,,NO_COMPARISON,ambiguous_identity,,"{""ambiguity_reasons"": [""unproven_treatment""], ""external_provenance"": [], ""scryfall_cardmarket_id"": 737857, ""stored_ids"": [737857], ""validated_stored_ids"": [737857]}",,,,
13350,magic,The Torment of Gollum,561,ltr,The Lord of the Rings: Tales of Middle-earth,en,Showcase,common,nonfoil,Showcase,349,scryfall_oracle:8b70aad1-bcb1-4359-b27e-ba8b40ef2752,,,1534de90-562d-4d97-be26-a03067e185e0,737858,,737858,The Torment of Gollum,5489,The Lord of the Rings: Tales of Middle-earth,,,mixed/unknown,0.04,0.24,0.2,0.18,0.19,,0,,,,Low,,EUR,EUR,,,,,"{""mapped_product_ids"": []}",AMBIGUOUS,Cardmarket bulk data does not prove finish/treatment,false,false,false,,,,,,,,NO_COMPARISON,,,,NO_COMPARISON,ambiguous_identity,,"{""ambiguity_reasons"": [""unproven_treatment""], ""external_provenance"": [], ""scryfall_cardmarket_id"": 737858, ""stored_ids"": [737858], ""validated_stored_ids"": [737858]}",,,,
13351,magic,The Torment of Gollum,561,ltr,The Lord of the Rings: Tales of Middle-earth,en,Showcase,common,foil,Showcase,349,scryfall_oracle:8b70aad1-bcb1-4359-b27e-ba8b40ef2752,,,1534de90-562d-4d97-be26-a03067e185e0,737858,,737858,The Torment of Gollum,5489,The Lord of the Rings: Tales of Middle-earth,,,mixed/unknown,0.04,0.24,0.2,0.18,0.19,,0,,,,Foil Low,,EUR,EUR,,,,,"{""mapped_product_ids"": []}",AMBIGUOUS,Cardmarket bulk data does not prove finish/treatment,false,false,false,,,,,,,,NO_COMPARISON,,,,NO_COMPARISON,ambiguous_identity,,"{""ambiguity_reasons"": [""unproven_treatment""], ""external_provenance"": [], ""scryfall_cardmarket_id"": 737858, ""stored_ids"": [737858], ""validated_stored_ids"": [737858]}",,,,
13352,magic,Troll of Khazad-dûm,562,ltr,The Lord of the Rings: Tales of Middle-earth,en,Showcase,common,nonfoil,Showcase,84,scryfall_oracle:222fd9fc-7af4-4269-bbb9-cd7b8ac029bd,,,d1ec9217-b7e3-46d3-9a6a-57a64e432edd,737861,,737861,Troll of Khazad-dûm,5489,The Lord of the Rings: Tales of Middle-earth,,,mixed/unknown,8.9,0,,,,8.9,9.53,10.03,9.45,8.89,Low,,EUR,EUR,,,,,"{""mapped_product_ids"": []}",AMBIGUOUS,Cardmarket bulk data does not prove finish/treatment,false,false,false,,,,,,,,NO_COMPARISON,,,,NO_COMPARISON,ambiguous_identity,,"{""ambiguity_reasons"": [""unproven_treatment""], ""external_provenance"": [], ""scryfall_cardmarket_id"": 737861, ""stored_ids"": [737861], ""validated_stored_ids"": [737861]}",,,,
13353,magic,Troll of Khazad-dûm,562,ltr,The Lord of the Rings: Tales of Middle-earth,en,Showcase,common,foil,Showcase,84,scryfall_oracle:222fd9fc-7af4-4269-bbb9-cd7b8ac029bd,,,d1ec9217-b7e3-46d3-9a6a-57a64e432edd,737861,,737861,Troll of Khazad-dûm,5489,The Lord of the Rings: Tales of Middle-earth,,,mixed/unknown,8.9,0,,,,8.9,9.53,10.03,9.45,8.89,Foil Low,,EUR,EUR,,,,,"{""mapped_product_ids"": []}",AMBIGUOUS,Cardmarket bulk data does not prove finish/treatment,false,false,false,,,,,,,,NO_COMPARISON,,,,NO_COMPARISON,ambiguous_identity,,"{""ambiguity_reasons"": [""unproven_treatment""], ""external_provenance"": [], ""scryfall_cardmarket_id"": 737861, ""stored_ids"": [737861], ""validated_stored_ids"": [737861]}",,,,
13354,magic,Uruk-hai Berserker,563,ltr,The Lord of the Rings: Tales of Middle-earth,en,Showcase,common,nonfoil,Showcase,35,scryfall_oracle:0e353a41-b523-4c22-9bda-d10460ba99c7,,,b984cc27-62df-44be-81b6-f422ca91c622,737862,,737862,Uruk-hai Berserker,5489,The Lord of the Rings: Tales of Middle-earth,,,mixed/unknown,0.02,0.21,0.2,0.17,0.2,,0,,,,Low,,EUR,EUR,,,,,"{""mapped_product_ids"": []}",AMBIGUOUS,Cardmarket bulk data does not prove finish/treatment,false,false,false,,,,,,,,NO_COMPARISON,,,,NO_COMPARISON,ambiguous_identity,,"{""ambiguity_reasons"": [""unproven_treatment""], ""external_provenance"": [], ""scryfall_cardmarket_id"": 737862, ""stored_ids"": [737862], ""validated_stored_ids"": [737862]}",,,,
13355,magic,Uruk-hai Berserker,563,ltr,The Lord of the Rings: Tales of Middle-earth,en,Showcase,common,foil,Showcase,35,scryfall_oracle:0e353a41-b523-4c22-9bda-d10460ba99c7,,,b984cc27-62df-44be-81b6-f422ca91c622,737862,,737862,Uruk-hai Berserker,5489,The Lord of the Rings: Tales of Middle-earth,,,mixed/unknown,0.02,0.21,0.2,0.17,0.2,,0,,,,Foil Low,,EUR,EUR,,,,,"{""mapped_product_ids"": []}",AMBIGUOUS,Cardmarket bulk data does not prove finish/treatment,false,false,false,,,,,,,,NO_COMPARISON,,,,NO_COMPARISON,ambiguous_identity,,"{""ambiguity_reasons"": [""unproven_treatment""], ""external_provenance"": [], ""scryfall_cardmarket_id"": 737862, ""stored_ids"": [737862], ""validated_stored_ids"": [737862]}",,,,
13356,magic,Voracious Fell Beast,564,ltr,The Lord of the Rings: Tales of Middle-earth,en,Showcase,uncommon,nonfoil,Showcase,110,scryfall_oracle:2e037c5e-3e07-4ffc-a388-7976459f6ff7,,,11603836-d1a3-4e95-a8cc-e6ca2c854309,737864,,737864,Voracious Fell Beast,5489,The Lord of the Rings: Tales of Middle-earth,,,mixed/unknown,0.05,0.22,0.05,0.18,0.15,,0,,,,Low,,EUR,EUR,,,,,"{""mapped_product_ids"": []}",AMBIGUOUS,Cardmarket bulk data does not prove finish/treatment,false,false,false,,,,,,,,NO_COMPARISON,,,,NO_COMPARISON,ambiguous_identity,,"{""ambiguity_reasons"": [""unproven_treatment""], ""external_provenance"": [], ""scryfall_cardmarket_id"": 737864, ""stored_ids"": [737864], ""validated_stored_ids"": [737864]}",,,,
13357,magic,Voracious Fell Beast,564,ltr,The Lord of the Rings: Tales of Middle-earth,en,Showcase,uncommon,foil,Showcase,110,scryfall_oracle:2e037c5e-3e07-4ffc-a388-7976459f6ff7,,,11603836-d1a3-4e95-a8cc-e6ca2c854309,737864,,737864,Voracious Fell Beast,5489,The Lord of the Rings: Tales of Middle-earth,,,mixed/unknown,0.05,0.22,0.05,0.18,0.15,,0,,,,Foil Low,,EUR,EUR,,,,,"{""mapped_product_ids"": []}",AMBIGUOUS,Cardmarket bulk data does not prove finish/treatment,false,false,false,,,,,,,,NO_COMPARISON,,,,NO_COMPARISON,ambiguous_identity,,"{""ambiguity_reasons"": [""unproven_treatment""], ""external_provenance"": [], ""scryfall_cardmarket_id"": 737864, ""stored_ids"": [737864], ""validated_stored_ids"": [737864]}",,,,
13358,magic,Witch-king of Angmar,565,ltr,The Lord of the Rings: Tales of Middle-earth,en,Showcase,mythic,nonfoil,Showcase,113,scryfall_oracle:2eb1b429-8d11-42f3-8815-5a60b6a4e2d5,,,cf9cd36b-336a-48f9-829e-b70207601b6b,737866,,737866,Witch-king of Angmar,5489,The Lord of the Rings: Tales of Middle-earth,,,mixed/unknown,22.99,22.28,24.44,20.62,18.02,,0,,,,Low,,EUR,EUR,,,,,"{""mapped_product_ids"": []}",AMBIGUOUS,Cardmarket bulk data does not prove finish/treatment,false,false,false,,,,,,,,NO_COMPARISON,,,,NO_COMPARISON,ambiguous_identity,,"{""ambiguity_reasons"": [""unproven_treatment""], ""external_provenance"": [], ""scryfall_cardmarket_id"": 737866, ""stored_ids"": [737866], ""validated_stored_ids"": [737866]}",,,,
13359,magic,Witch-king of Angmar,565,ltr,The Lord of the Rings: Tales of Middle-earth,en,Showcase,mythic,foil,Showcase,113,scryfall_oracle:2eb1b429-8d11-42f3-8815-5a60b6a4e2d5,,,cf9cd36b-336a-48f9-829e-b70207601b6b,737866,,737866,Witch-king of Angmar,5489,The Lord of the Rings: Tales of Middle-earth,,,mixed/unknown,22.99,22.28,24.44,20.62,18.02,,0,,,,Foil Low,,EUR,EUR,,,,,"{""mapped_product_ids"": []}",AMBIGUOUS,Cardmarket bulk data does not prove finish/treatment,false,false,false,,,,,,,,NO_COMPARISON,,,,NO_COMPARISON,ambiguous_identity,,"{""ambiguity_reasons"": [""unproven_treatment""], ""external_provenance"": [], ""scryfall_cardmarket_id"": 737866, ""stored_ids"": [737866], ""validated_stored_ids"": [737866]}",,,,
13360,magic,Battle-Scarred Goblin,566,ltr,The Lord of the Rings: Tales of Middle-earth,en,Showcase,common,nonfoil,Showcase,154,scryfall_oracle:3e765710-e567-4af0-b5f5-7c182649b757,,,568ef3f1-6d19-4ea3-8395-1e47d06108d7,737868,,737868,Battle-Scarred Goblin,5489,The Lord of the Rings: Tales of Middle-earth,,,mixed/unknown,0.05,0.15,0.15,0.12,0.15,,0,,,,Low,,EUR,EUR,,,,,"{""mapped_product_ids"": []}",AMBIGUOUS,Cardmarket bulk data does not prove finish/treatment,false,false,false,,,,,,,,NO_COMPARISON,,,,NO_COMPARISON,ambiguous_identity,,"{""ambiguity_reasons"": [""unproven_treatment""], ""external_provenance"": [], ""scryfall_cardmarket_id"": 737868, ""stored_ids"": [737868], ""validated_stored_ids"": [737868]}",,,,
13361,magic,Battle-Scarred Goblin,566,ltr,The Lord of the Rings: Tales of Middle-earth,en,Showcase,common,foil,Showcase,154,scryfall_oracle:3e765710-e567-4af0-b5f5-7c182649b757,,,568ef3f1-6d19-4ea3-8395-1e47d06108d7,737868,,737868,Battle-Scarred Goblin,5489,The Lord of the Rings: Tales of Middle-earth,,,mixed/unknown,0.05,0.15,0.15,0.12,0.15,,0,,,,Foil Low,,EUR,EUR,,,,,"{""mapped_product_ids"": []}",AMBIGUOUS,Cardmarket bulk data does not prove finish/treatment,false,false,false,,,,,,,,NO_COMPARISON,,,,NO_COMPARISON,ambiguous_identity,,"{""ambiguity_reasons"": [""unproven_treatment""], ""external_provenance"": [], ""scryfall_cardmarket_id"": 737868, ""stored_ids"": [737868], ""validated_stored_ids"": [737868]}",,,,
13362,magic,Book of Mazarbul,567,ltr,The Lord of the Rings: Tales of Middle-earth,en,Showcase,uncommon,nonfoil,Showcase,178,scryfall_oracle:4598c221-b111-4bde-b4dc-673186c4efe6,,,ff4812a7-363a-4b36-9704-7a0695e718c3,737871,,737871,Book of Mazarbul,5489,The Lord of the Rings: Tales of Middle-earth,,,mixed/unknown,0.1,0,,,,0.1,0.42,0.43,0.43,0.4,Low,,EUR,EUR,,,,,"{""mapped_product_ids"": []}",AMBIGUOUS,Cardmarket bulk data does not prove finish/treatment,false,false,false,,,,,,,,NO_COMPARISON,,,,NO_COMPARISON,ambiguous_identity,,"{""ambiguity_reasons"": [""unproven_treatment""], ""external_provenance"": [], ""scryfall_cardmarket_id"": 737871, ""stored_ids"": [737871], ""validated_stored_ids"": [737871]}",,,,
13363,magic,Book of Mazarbul,567,ltr,The Lord of the Rings: Tales of Middle-earth,en,Showcase,uncommon,foil,Showcase,178,scryfall_oracle:4598c221-b111-4bde-b4dc-673186c4efe6,,,ff4812a7-363a-4b36-9704-7a0695e718c3,737871,,737871,Book of Mazarbul,5489,The Lord of the Rings: Tales of Middle-earth,,,mixed/unknown,0.1,0,,,,0.1,0.42,0.43,0.43,0.4,Foil Low,,EUR,EUR,,,,,"{""mapped_product_ids"": []}",AMBIGUOUS,Cardmarket bulk data does not prove finish/treatment,false,false,false,,,,,,,,NO_COMPARISON,,,,NO_COMPARISON,ambiguous_identity,,"{""ambiguity_reasons"": [""unproven_treatment""], ""external_provenance"": [], ""scryfall_cardmarket_id"": 737871, ""stored_ids"": [737871], ""validated_stored_ids"": [737871]}",,,,
13364,magic,Breaking of the Fellowship,568,ltr,The Lord of the Rings: Tales of Middle-earth,en,Showcase,common,nonfoil,Showcase,380,scryfall_oracle:96e081d2-ec72-41fc-ad81-2e31ab823ae0,,,2765a467-fe54-4840-b621-7e138db3bdeb,737872,,737872,Breaking of the Fellowship,5489,The Lord of the Rings: Tales of Middle-earth,,,mixed/unknown,0.05,0.17,0.21,0.16,0.19,,0,,,,Low,,EUR,EUR,,,,,"{""mapped_product_ids"": []}",AMBIGUOUS,Cardmarket bulk data does not prove finish/treatment,false,false,false,,,,,,,,NO_COMPARISON,,,,NO_COMPARISON,ambiguous_identity,,"{""ambiguity_reasons"": [""unproven_treatment""], ""external_provenance"": [], ""scryfall_cardmarket_id"": 737872, ""stored_ids"": [737872], ""validated_stored_ids"": [737872]}",,,,
13365,magic,Breaking of the Fellowship,568,ltr,The Lord of the Rings: Tales of Middle-earth,en,Showcase,common,foil,Showcase,380,scryfall_oracle:96e081d2-ec72-41fc-ad81-2e31ab823ae0,,,2765a467-fe54-4840-b621-7e138db3bdeb,737872,,737872,Breaking of the Fellowship,5489,The Lord of the Rings: Tales of Middle-earth,,,mixed/unknown,0.05,0.17,0.21,0.16,0.19,,0,,,,Foil Low,,EUR,EUR,,,,,"{""mapped_product_ids"": []}",AMBIGUOUS,Cardmarket bulk data does not prove finish/treatment,false,false,false,,,,,,,,NO_COMPARISON,,,,NO_COMPARISON,ambiguous_identity,,"{""ambiguity_reasons"": [""unproven_treatment""], ""external_provenance"": [], ""scryfall_cardmarket_id"": 737872, ""stored_ids"": [737872], ""validated_stored_ids"": [737872]}",,,,
13366,magic,Cast into the Fire,569,ltr,The Lord of the Rings: Tales of Middle-earth,en,Showcase,common,nonfoil,Showcase,459,scryfall_oracle:b24ed296-e17d-4e36-8a86-a370868b0136,,,85018533-71bd-4e12-9cdd-a8c013e9617e,737883,,737883,Cast into the Fire,5489,The Lord of the Rings: Tales of Middle-earth,,,mixed/unknown,3.55,3.67,3.75,3.75,3.75,3.55,7.2,3.8,6.92,6.61,Low,,EUR,EUR,,,,,"{""mapped_product_ids"": []}",AMBIGUOUS,Cardmarket bulk data does not prove finish/treatment,false,false,false,,,,,,,,NO_COMPARISON,,,,NO_COMPARISON,ambiguous_identity,,"{""ambiguity_reasons"": [""unproven_treatment""], ""external_provenance"": [], ""scryfall_cardmarket_id"": 737883, ""stored_ids"": [737883], ""validated_stored_ids"": [737883]}",,,,
13367,magic,Cast into the Fire,569,ltr,The Lord of the Rings: Tales of Middle-earth,en,Showcase,common,foil,Showcase,459,scryfall_oracle:b24ed296-e17d-4e36-8a86-a370868b0136,,,85018533-71bd-4e12-9cdd-a8c013e9617e,737883,,737883,Cast into the Fire,5489,The Lord of the Rings: Tales of Middle-earth,,,mixed/unknown,3.55,3.67,3.75,3.75,3.75,3.55,7.2,3.8,6.92,6.61,Foil Low,,EUR,EUR,,,,,"{""mapped_product_ids"": []}",AMBIGUOUS,Cardmarket bulk data does not prove finish/treatment,false,false,false,,,,,,,,NO_COMPARISON,,,,NO_COMPARISON,ambiguous_identity,,"{""ambiguity_reasons"": [""unproven_treatment""], ""external_provenance"": [], ""scryfall_cardmarket_id"": 737883, ""stored_ids"": [737883], ""validated_stored_ids"": [737883]}",,,,
13368,magic,Display of Power,570,ltr,The Lord of the Rings: Tales of Middle-earth,en,Showcase,rare,nonfoil,Showcase,387,scryfall_oracle:99140891-face-4015-aacd-1309e87d8f9f,,,a14d56d5-8c5b-4e98-92c3-a87cf5c036d2,737889,,737889,Display of Power,5489,The Lord of the Rings: Tales of Middle-earth,,,mixed/unknown,1,1.29,1.35,1.42,1.28,,0,,,,Low,,EUR,EUR,,,,,"{""mapped_product_ids"": []}",AMBIGUOUS,Cardmarket bulk data does not prove finish/treatment,false,false,false,,,,,,,,NO_COMPARISON,,,,NO_COMPARISON,ambiguous_identity,,"{""ambiguity_reasons"": [""unproven_treatment""], ""external_provenance"": [], ""scryfall_cardmarket_id"": 737889, ""stored_ids"": [737889], ""validated_stored_ids"": [737889]}",,,,
13369,magic,Display of Power,570,ltr,The Lord of the Rings: Tales of Middle-earth,en,Showcase,rare,foil,Showcase,387,scryfall_oracle:99140891-face-4015-aacd-1309e87d8f9f,,,a14d56d5-8c5b-4e98-92c3-a87cf5c036d2,737889,,737889,Display of Power,5489,The Lord of the Rings: Tales of Middle-earth,,,mixed/unknown,1,1.29,1.35,1.42,1.28,,0,,,,Foil Low,,EUR,EUR,,,,,"{""mapped_product_ids"": []}",AMBIGUOUS,Cardmarket bulk data does not prove finish/treatment,false,false,false,,,,,,,,NO_COMPARISON,,,,NO_COMPARISON,ambiguous_identity,,"{""ambiguity_reasons"": [""unproven_treatment""], ""external_provenance"": [], ""scryfall_cardmarket_id"": 737889, ""stored_ids"": [737889], ""validated_stored_ids"": [737889]}",,,,
13370,magic,"Éomer, Marshal of Rohan",571,ltr,The Lord of the Rings: Tales of Middle-earth,en,Showcase,rare,nonfoil,Showcase,461,scryfall_oracle:b2d95950-18b3-463f-94f4-299e420751dc,,,fba68512-f536-4961-9e24-563270b5f5f4,737894,,737894,"Éomer, Marshal of Rohan",5489,The Lord of the Rings: Tales of Middle-earth,,,mixed/unknown,3.5,2.06,2.06,2.06,2.06,3.5,3.61,3.99,3.56,3.93,Low,,EUR,EUR,,,,,"{""mapped_product_ids"": []}",AMBIGUOUS,Cardmarket bulk data does not prove finish/treatment,false,false,false,,,,,,,,NO_COMPARISON,,,,NO_COMPARISON,ambiguous_identity,,"{""ambiguity_reasons"": [""unproven_treatment""], ""external_provenance"": [], ""scryfall_cardmarket_id"": 737894, ""stored_ids"": [737894], ""validated_stored_ids"": [737894]}",,,,
13371,magic,"Éomer, Marshal of Rohan",571,ltr,The Lord of the Rings: Tales of Middle-earth,en,Showcase,rare,foil,Showcase,461,scryfall_oracle:b2d95950-18b3-463f-94f4-299e420751dc,,,fba68512-f536-4961-9e24-563270b5f5f4,737894,,737894,"Éomer, Marshal of Rohan",5489,The Lord of the Rings: Tales of Middle-earth,,,mixed/unknown,3.5,2.06,2.06,2.06,2.06,3.5,3.61,3.99,3.56,3.93,Foil Low,,EUR,EUR,,,,,"{""mapped_product_ids"": []}",AMBIGUOUS,Cardmarket bulk data does not prove finish/treatment,false,false,false,,,,,,,,NO_COMPARISON,,,,NO_COMPARISON,ambiguous_identity,,"{""ambiguity_reasons"": [""unproven_treatment""], ""external_provenance"": [], ""scryfall_cardmarket_id"": 737894, ""stored_ids"": [737894], ""validated_stored_ids"": [737894]}",,,,
13372,magic,Éomer of the Riddermark,572,ltr,The Lord of the Rings: Tales of Middle-earth,en,Showcase,uncommon,nonfoil,Showcase,493,scryfall_oracle:c07340bb-04b6-4a80-9999-727b8ab3534d,,,99dbdd3b-8e96-47f4-bbb5-a0d520b8c288,737939,,737939,Éomer of the Riddermark,5489,The Lord of the Rings: Tales of Middle-earth,,,mixed/unknown,0.05,0.21,0.16,0.21,0.18,,0,,,,Low,,EUR,EUR,,,,,"{""mapped_product_ids"": []}",AMBIGUOUS,Cardmarket bulk data does not prove finish/treatment,false,false,false,,,,,,,,NO_COMPARISON,,,,NO_COMPARISON,ambiguous_identity,,"{""ambiguity_reasons"": [""unproven_treatment""], ""external_provenance"": [], ""scryfall_cardmarket_id"": 737939, ""stored_ids"": [737939], ""validated_stored_ids"": [737939]}",,,,
13373,magic,Éomer of the Riddermark,572,ltr,The Lord of the Rings: Tales of Middle-earth,en,Showcase,uncommon,foil,Showcase,493,scryfall_oracle:c07340bb-04b6-4a80-9999-727b8ab3534d,,,99dbdd3b-8e96-47f4-bbb5-a0d520b8c288,737939,,737939,Éomer of the Riddermark,5489,The Lord of the Rings: Tales of Middle-earth,,,mixed/unknown,0.05,0.21,0.16,0.21,0.18,,0,,,,Foil Low,,EUR,EUR,,,,,"{""mapped_product_ids"": []}",AMBIGUOUS,Cardmarket bulk data does not prove finish/treatment,false,false,false,,,,,,,,NO_COMPARISON,,,,NO_COMPARISON,ambiguous_identity,,"{""ambiguity_reasons"": [""unproven_treatment""], ""external_provenance"": [], ""scryfall_cardmarket_id"": 737939, ""stored_ids"": [737939], ""validated_stored_ids"": [737939]}",,,,
13374,magic,Erebor Flamesmith,573,ltr,The Lord of the Rings: Tales of Middle-earth,en,Showcase,common,nonfoil,Showcase,277,scryfall_oracle:6eb93545-a1a6-4447-82c5-421d8e9f023d,,,9d35b79d-435e-4a3f-8bbc-2bd9a162c9cd,737941,,737941,Erebor Flamesmith,5489,The Lord of the Rings: Tales of Middle-earth,,,mixed/unknown,0.15,1.28,1.5,1.22,0.82,,0,,,,Low,,EUR,EUR,,,,,"{""mapped_product_ids"": []}",AMBIGUOUS,Cardmarket bulk data does not prove finish/treatment,false,false,false,,,,,,,,NO_COMPARISON,,,,NO_COMPARISON,ambiguous_identity,,"{""ambiguity_reasons"": [""unproven_treatment""], ""external_provenance"": [], ""scryfall_cardmarket_id"": 737941, ""stored_ids"": [737941], ""validated_stored_ids"": [737941]}",,,,
13375,magic,Erebor Flamesmith,573,ltr,The Lord of the Rings: Tales of Middle-earth,en,Showcase,common,foil,Showcase,277,scryfall_oracle:6eb93545-a1a6-4447-82c5-421d8e9f023d,,,9d35b79d-435e-4a3f-8bbc-2bd9a162c9cd,737941,,737941,Erebor Flamesmith,5489,The Lord of the Rings: Tales of Middle-earth,,,mixed/unknown,0.15,1.28,1.5,1.22,0.82,,0,,,,Foil Low,,EUR,EUR,,,,,"{""mapped_product_ids"": []}",AMBIGUOUS,Cardmarket bulk data does not prove finish/treatment,false,false,false,,,,,,,,NO_COMPARISON,,,,NO_COMPARISON,ambiguous_identity,,"{""ambiguity_reasons"": [""unproven_treatment""], ""external_provenance"": [], ""scryfall_cardmarket_id"": 737941, ""stored_ids"": [737941], ""validated_stored_ids"": [737941]}",,,,
13376,magic,"Erkenbrand, Lord of Westfold",574,ltr,The Lord of the Rings: Tales of Middle-earth,en,Showcase,uncommon,nonfoil,Showcase,354,scryfall_oracle:8cac919f-3bb8-49cb-b4e4-4dd0dcd7746c,,,1f7b18e7-21e3-4821-8ca7-5900f18d6854,737943,,737943,"Erkenbrand, Lord of Westfold",5489,The Lord of the Rings: Tales of Middle-earth,,,mixed/unknown,0.05,0.16,0.17,0.17,0.13,,0,,,,Low,,EUR,EUR,,,,,"{""mapped_product_ids"": []}",AMBIGUOUS,Cardmarket bulk data does not prove finish/treatment,false,false,false,,,,,,,,NO_COMPARISON,,,,NO_COMPARISON,ambiguous_identity,,"{""ambiguity_reasons"": [""unproven_treatment""], ""external_provenance"": [], ""scryfall_cardmarket_id"": 737943, ""stored_ids"": [737943], ""validated_stored_ids"": [737943]}",,,,
13377,magic,"Erkenbrand, Lord of Westfold",574,ltr,The Lord of the Rings: Tales of Middle-earth,en,Showcase,uncommon,foil,Showcase,354,scryfall_oracle:8cac919f-3bb8-49cb-b4e4-4dd0dcd7746c,,,1f7b18e7-21e3-4821-8ca7-5900f18d6854,737943,,737943,"Erkenbrand, Lord of Westfold",5489,The Lord of the Rings: Tales of Middle-earth,,,mixed/unknown,0.05,0.16,0.17,0.17,0.13,,0,,,,Foil Low,,EUR,EUR,,,,,"{""mapped_product_ids"": []}",AMBIGUOUS,Cardmarket bulk data does not prove finish/treatment,false,false,false,,,,,,,,NO_COMPARISON,,,,NO_COMPARISON,ambiguous_identity,,"{""ambiguity_reasons"": [""unproven_treatment""], ""external_provenance"": [], ""scryfall_cardmarket_id"": 737943, ""stored_ids"": [737943], ""validated_stored_ids"": [737943]}",,,,
13378,magic,Fall of Cair Andros,575,ltr,The Lord of the Rings: Tales of Middle-earth,en,Showcase,rare,nonfoil,Showcase,124,scryfall_oracle:33c0a8c0-d1d9-4b03-869d-65dab8ace3df,,,2f5ea15b-d5aa-431a-a801-8b55a64a2ff8,737945,,737945,Fall of Cair Andros,5489,The Lord of the Rings: Tales of Middle-earth,,,mixed/unknown,0.69,0.85,0.93,0.76,0.86,,0,,,,Low,,EUR,EUR,,,,,"{""mapped_product_ids"": []}",AMBIGUOUS,Cardmarket bulk data does not prove finish/treatment,false,false,false,,,,,,,,NO_COMPARISON,,,,NO_COMPARISON,ambiguous_identity,,"{""ambiguity_reasons"": [""unproven_treatment""], ""external_provenance"": [], ""scryfall_cardmarket_id"": 737945, ""stored_ids"": [737945], ""validated_stored_ids"": [737945]}",,,,
13379,magic,Fall of Cair Andros,575,ltr,The Lord of the Rings: Tales of Middle-earth,en,Showcase,rare,foil,Showcase,124,scryfall_oracle:33c0a8c0-d1d9-4b03-869d-65dab8ace3df,,,2f5ea15b-d5aa-431a-a801-8b55a64a2ff8,737945,,737945,Fall of Cair Andros,5489,The Lord of the Rings: Tales of Middle-earth,,,mixed/unknown,0.69,0.85,0.93,0.76,0.86,,0,,,,Foil Low,,EUR,EUR,,,,,"{""mapped_product_ids"": []}",AMBIGUOUS,Cardmarket bulk data does not prove finish/treatment,false,false,false,,,,,,,,NO_COMPARISON,,,,NO_COMPARISON,ambiguous_identity,,"{""ambiguity_reasons"": [""unproven_treatment""], ""external_provenance"": [], ""scryfall_cardmarket_id"": 737945, ""stored_ids"": [737945], ""validated_stored_ids"": [737945]}",,,,
13380,magic,"Fear, Fire, Foes!",576,ltr,The Lord of the Rings: Tales of Middle-earth,en,Showcase,uncommon,nonfoil,Showcase,131,scryfall_oracle:35a0e085-df04-454d-b4d3-42db387bbad0,,,06c098af-7705-4931-8460-d0ff3ef91d75,737948,,737948,"Fear, Fire, Foes!",5489,The Lord of the Rings: Tales of Middle-earth,,,mixed/unknown,0.15,0,,,,0.15,0.66,0.39,0.46,0.47,Low,,EUR,EUR,,,,,"{""mapped_product_ids"": []}",AMBIGUOUS,Cardmarket bulk data does not prove finish/treatment,false,false,false,,,,,,,,NO_COMPARISON,,,,NO_COMPARISON,ambiguous_identity,,"{""ambiguity_reasons"": [""unproven_treatment""], ""external_provenance"": [], ""scryfall_cardmarket_id"": 737948, ""stored_ids"": [737948], ""validated_stored_ids"": [737948]}",,,,
13381,magic,"Fear, Fire, Foes!",576,ltr,The Lord of the Rings: Tales of Middle-earth,en,Showcase,uncommon,foil,Showcase,131,scryfall_oracle:35a0e085-df04-454d-b4d3-42db387bbad0,,,06c098af-7705-4931-8460-d0ff3ef91d75,737948,,737948,"Fear, Fire, Foes!",5489,The Lord of the Rings: Tales of Middle-earth,,,mixed/unknown,0.15,0,,,,0.15,0.66,0.39,0.46,0.47,Foil Low,,EUR,EUR,,,,,"{""mapped_product_ids"": []}",AMBIGUOUS,Cardmarket bulk data does not prove finish/treatment,false,false,false,,,,,,,,NO_COMPARISON,,,,NO_COMPARISON,ambiguous_identity,,"{""ambiguity_reasons"": [""unproven_treatment""], ""external_provenance"": [], ""scryfall_cardmarket_id"": 737948, ""stored_ids"": [737948], ""validated_stored_ids"": [737948]}",,,,
13382,magic,Fiery Inscription,577,ltr,The Lord of the Rings: Tales of Middle-earth,en,Showcase,uncommon,nonfoil,Showcase,41,scryfall_oracle:111889d4-bcca-4b1f-ad48-3077e2f5136f,,,db71f158-87ac-40df-bb3d-4bf18a3b49e7,737950,,737950,Fiery Inscription,5489,The Lord of the Rings: Tales of Middle-earth,,,mixed/unknown,1.2,2.44,2.49,2.44,2.29,,0,,,,Low,,EUR,EUR,,,,,"{""mapped_product_ids"": []}",AMBIGUOUS,Cardmarket bulk data does not prove finish/treatment,false,false,false,,,,,,,,NO_COMPARISON,,,,NO_COMPARISON,ambiguous_identity,,"{""ambiguity_reasons"": [""unproven_treatment""], ""external_provenance"": [], ""scryfall_cardmarket_id"": 737950, ""stored_ids"": [737950], ""validated_stored_ids"": [737950]}",,,,
13383,magic,Fiery Inscription,577,ltr,The Lord of the Rings: Tales of Middle-earth,en,Showcase,uncommon,foil,Showcase,41,scryfall_oracle:111889d4-bcca-4b1f-ad48-3077e2f5136f,,,db71f158-87ac-40df-bb3d-4bf18a3b49e7,737950,,737950,Fiery Inscription,5489,The Lord of the Rings: Tales of Middle-earth,,,mixed/unknown,1.2,2.44,2.49,2.44,2.29,,0,,,,Foil Low,,EUR,EUR,,,,,"{""mapped_product_ids"": []}",AMBIGUOUS,Cardmarket bulk data does not prove finish/treatment,false,false,false,,,,,,,,NO_COMPARISON,,,,NO_COMPARISON,ambiguous_identity,,"{""ambiguity_reasons"": [""unproven_treatment""], ""external_provenance"": [], ""scryfall_cardmarket_id"": 737950, ""stored_ids"": [737950], ""validated_stored_ids"": [737950]}",,,,
13384,magic,Fire of Orthanc,578,ltr,The Lord of the Rings: Tales of Middle-earth,en,Showcase,common,nonfoil,Showcase,164,scryfall_oracle:407021e2-4072-4961-95be-f9309c341677,,,d82388cf-ba4f-4b56-8744-261f3c5aaffb,737953,,737953,Fire of Orthanc,5489,The Lord of the Rings: Tales of Middle-earth,,,mixed/unknown,0.1,0,,,,0.1,0.23,0.25,0.2,0.25,Low,,EUR,EUR,,,,,"{""mapped_product_ids"": []}",AMBIGUOUS,Cardmarket bulk data does not prove finish/treatment,false,false,false,,,,,,,,NO_COMPARISON,,,,NO_COMPARISON,ambiguous_identity,,"{""ambiguity_reasons"": [""unproven_treatment""], ""external_provenance"": [], ""scryfall_cardmarket_id"": 737953, ""stored_ids"": [737953], ""validated_stored_ids"": [737953]}",,,,
13385,magic,Fire of Orthanc,578,ltr,The Lord of the Rings: Tales of Middle-earth,en,Showcase,common,foil,Showcase,164,scryfall_oracle:407021e2-4072-4961-95be-f9309c341677,,,d82388cf-ba4f-4b56-8744-261f3c5aaffb,737953,,737953,Fire of Orthanc,5489,The Lord of the Rings: Tales of Middle-earth,,,mixed/unknown,0.1,0,,,,0.1,0.23,0.25,0.2,0.25,Foil Low,,EUR,EUR,,,,,"{""mapped_product_ids"": []}",AMBIGUOUS,Cardmarket bulk data does not prove finish/treatment,false,false,false,,,,,,,,NO_COMPARISON,,,,NO_COMPARISON,ambiguous_identity,,"{""ambiguity_reasons"": [""unproven_treatment""], ""external_provenance"": [], ""scryfall_cardmarket_id"": 737953, ""stored_ids"": [737953], ""validated_stored_ids"": [737953]}",,,,
13386,magic,Foray of Orcs,579,ltr,The Lord of the Rings: Tales of Middle-earth,en,Showcase,uncommon,nonfoil,Showcase,238,scryfall_oracle:60bfcaef-9014-4707-b681-cc3920bf223e,,,43cddad8-b5ca-4b8f-a73c-38809ef279d6,749052,,749052,Foray of Orcs,5489,The Lord of the Rings: Tales of Middle-earth,,,mixed/unknown,0.1,0.25,0.19,0.26,0.25,,0,,,,Low,,EUR,EUR,,,,,"{""mapped_product_ids"": []}",AMBIGUOUS,Cardmarket bulk data does not prove finish/treatment,false,false,false,,,,,,,,NO_COMPARISON,,,,NO_COMPARISON,ambiguous_identity,,"{""ambiguity_reasons"": [""unproven_treatment""], ""external_provenance"": [], ""scryfall_cardmarket_id"": 749052, ""stored_ids"": [749052], ""validated_stored_ids"": [749052]}",,,,
13387,magic,Foray of Orcs,579,ltr,The Lord of the Rings: Tales of Middle-earth,en,Showcase,uncommon,foil,Showcase,238,scryfall_oracle:60bfcaef-9014-4707-b681-cc3920bf223e,,,43cddad8-b5ca-4b8f-a73c-38809ef279d6,749052,,749052,Foray of Orcs,5489,The Lord of the Rings: Tales of Middle-earth,,,mixed/unknown,0.1,0.25,0.19,0.26,0.25,,0,,,,Foil Low,,EUR,EUR,,,,,"{""mapped_product_ids"": []}",AMBIGUOUS,Cardmarket bulk data does not prove finish/treatment,false,false,false,,,,,,,,NO_COMPARISON,,,,NO_COMPARISON,ambiguous_identity,,"{""ambiguity_reasons"": [""unproven_treatment""], ""external_provenance"": [], ""scryfall_cardmarket_id"": 749052, ""stored_ids"": [749052], ""validated_stored_ids"": [749052]}",,,,
13388,magic,"Gimli, Counter of Kills",580,ltr,The Lord of the Rings: Tales of Middle-earth,en,Showcase,uncommon,nonfoil,Showcase,381,scryfall_oracle:96ebcd8b-ae3c-47b0-b895-bfc9848713e5,,,556ab0cc-2942-4564-b6b8-a6d24f728342,749051,,749051,"Gimli, Counter of Kills",5489,The Lord of the Rings: Tales of Middle-earth,,,mixed/unknown,0.03,0.32,0.25,0.28,0.23,,0,,,,Low,,EUR,EUR,,,,,"{""mapped_product_ids"": []}",AMBIGUOUS,Cardmarket bulk data does not prove finish/treatment,false,false,false,,,,,,,,NO_COMPARISON,,,,NO_COMPARISON,ambiguous_identity,,"{""ambiguity_reasons"": [""unproven_treatment""], ""external_provenance"": [], ""scryfall_cardmarket_id"": 749051, ""stored_ids"": [749051], ""validated_stored_ids"": [749051]}",,,,
13389,magic,"Gimli, Counter of Kills",580,ltr,The Lord of the Rings: Tales of Middle-earth,en,Showcase,uncommon,foil,Showcase,381,scryfall_oracle:96ebcd8b-ae3c-47b0-b895-bfc9848713e5,,,556ab0cc-2942-4564-b6b8-a6d24f728342,749051,,749051,"Gimli, Counter of Kills",5489,The Lord of the Rings: Tales of Middle-earth,,,mixed/unknown,0.03,0.32,0.25,0.28,0.23,,0,,,,Foil Low,,EUR,EUR,,,,,"{""mapped_product_ids"": []}",AMBIGUOUS,Cardmarket bulk data does not prove finish/treatment,false,false,false,,,,,,,,NO_COMPARISON,,,,NO_COMPARISON,ambiguous_identity,,"{""ambiguity_reasons"": [""unproven_treatment""], ""external_provenance"": [], ""scryfall_cardmarket_id"": 749051, ""stored_ids"": [749051], ""validated_stored_ids"": [749051]}",,,,
13390,magic,Gimli's Axe,581,ltr,The Lord of the Rings: Tales of Middle-earth,en,Showcase,common,nonfoil,Showcase,294,scryfall_oracle:773b40b1-72f0-48a0-b210-2afa5df5485e,,,0e04667f-07d1-49d4-839b-e12d803dea49,737957,,737957,Gimli's Axe,5489,The Lord of the Rings: Tales of Middle-earth,,,mixed/unknown,0.1,0,,,,0.1,0.35,0.5,0.27,0.33,Low,,EUR,EUR,,,,,"{""mapped_product_ids"": []}",AMBIGUOUS,Cardmarket bulk data does not prove finish/treatment,false,false,false,,,,,,,,NO_COMPARISON,,,,NO_COMPARISON,ambiguous_identity,,"{""ambiguity_reasons"": [""unproven_treatment""], ""external_provenance"": [], ""scryfall_cardmarket_id"": 737957, ""stored_ids"": [737957], ""validated_stored_ids"": [737957]}",,,,
13391,magic,Gimli's Axe,581,ltr,The Lord of the Rings: Tales of Middle-earth,en,Showcase,common,foil,Showcase,294,scryfall_oracle:773b40b1-72f0-48a0-b210-2afa5df5485e,,,0e04667f-07d1-49d4-839b-e12d803dea49,737957,,737957,Gimli's Axe,5489,The Lord of the Rings: Tales of Middle-earth,,,mixed/unknown,0.1,0,,,,0.1,0.35,0.5,0.27,0.33,Foil Low,,EUR,EUR,,,,,"{""mapped_product_ids"": []}",AMBIGUOUS,Cardmarket bulk data does not prove finish/treatment,false,false,false,,,,,,,,NO_COMPARISON,,,,NO_COMPARISON,ambiguous_identity,,"{""ambiguity_reasons"": [""unproven_treatment""], ""external_provenance"": [], ""scryfall_cardmarket_id"": 737957, ""stored_ids"": [737957], ""validated_stored_ids"": [737957]}",,,,
13392,magic,Gimli's Fury,582,ltr,The Lord of the Rings: Tales of Middle-earth,en,Showcase,common,nonfoil,Showcase,69,scryfall_oracle:1b550c27-14b0-45fb-b17e-fcb061dc6ad0,,,25b3c781-e8e3-412d-98a0-ed80712298e3,737958,,737958,Gimli's Fury,5489,The Lord of the Rings: Tales of Middle-earth,,,mixed/unknown,0.04,0.15,0.17,0.17,0.21,,0,,,,Low,,EUR,EUR,,,,,"{""mapped_product_ids"": []}",AMBIGUOUS,Cardmarket bulk data does not prove finish/treatment,false,false,false,,,,,,,,NO_COMPARISON,,,,NO_COMPARISON,ambiguous_identity,,"{""ambiguity_reasons"": [""unproven_treatment""], ""external_provenance"": [], ""scryfall_cardmarket_id"": 737958, ""stored_ids"": [737958], ""validated_stored_ids"": [737958]}",,,,
13393,magic,Gimli's Fury,582,ltr,The Lord of the Rings: Tales of Middle-earth,en,Showcase,common,foil,Showcase,69,scryfall_oracle:1b550c27-14b0-45fb-b17e-fcb061dc6ad0,,,25b3c781-e8e3-412d-98a0-ed80712298e3,737958,,737958,Gimli's Fury,5489,The Lord of the Rings: Tales of Middle-earth,,,mixed/unknown,0.04,0.15,0.17,0.17,0.21,,0,,,,Foil Low,,EUR,EUR,,,,,"{""mapped_product_ids"": []}",AMBIGUOUS,Cardmarket bulk data does not prove finish/treatment,false,false,false,,,,,,,,NO_COMPARISON,,,,NO_COMPARISON,ambiguous_identity,,"{""ambiguity_reasons"": [""unproven_treatment""], ""external_provenance"": [], ""scryfall_cardmarket_id"": 737958, ""stored_ids"": [737958], ""validated_stored_ids"": [737958]}",,,,
13394,magic,"Glóin, Dwarf Emissary",583,ltr,The Lord of the Rings: Tales of Middle-earth,en,Showcase,rare,nonfoil,Showcase,103,scryfall_oracle:29375a7a-af4e-46aa-8d1c-e8d22d3c0ea7,,,5e605142-6e9f-496c-94f3-1d6e7044748e,737961,,737961,"Glóin, Dwarf Emissary",5489,The Lord of the Rings: Tales of Middle-earth,,,mixed/unknown,11,0,,,,11,7.78,9.12,7.62,6.42,Low,,EUR,EUR,,,,,"{""mapped_product_ids"": []}",AMBIGUOUS,Cardmarket bulk data does not prove finish/treatment,false,false,false,,,,,,,,NO_COMPARISON,,,,NO_COMPARISON,ambiguous_identity,,"{""ambiguity_reasons"": [""unproven_treatment""], ""external_provenance"": [], ""scryfall_cardmarket_id"": 737961, ""stored_ids"": [737961], ""validated_stored_ids"": [737961]}",,,,
13395,magic,"Glóin, Dwarf Emissary",583,ltr,The Lord of the Rings: Tales of Middle-earth,en,Showcase,rare,foil,Showcase,103,scryfall_oracle:29375a7a-af4e-46aa-8d1c-e8d22d3c0ea7,,,5e605142-6e9f-496c-94f3-1d6e7044748e,737961,,737961,"Glóin, Dwarf Emissary",5489,The Lord of the Rings: Tales of Middle-earth,,,mixed/unknown,11,0,,,,11,7.78,9.12,7.62,6.42,Foil Low,,EUR,EUR,,,,,"{""mapped_product_ids"": []}",AMBIGUOUS,Cardmarket bulk data does not prove finish/treatment,false,false,false,,,,,,,,NO_COMPARISON,,,,NO_COMPARISON,ambiguous_identity,,"{""ambiguity_reasons"": [""unproven_treatment""], ""external_provenance"": [], ""scryfall_cardmarket_id"": 737961, ""stored_ids"": [737961], ""validated_stored_ids"": [737961]}",,,,
13396,magic,Goblin Fireleaper,584,ltr,The Lord of the Rings: Tales of Middle-earth,en,Showcase,uncommon,nonfoil,Showcase,505,scryfall_oracle:c5fa1631-8685-49e1-baad-86ef72a9499c,,,391b6351-944f-492f-8310-09ceb3ebbb3d,737962,,737962,Goblin Fireleaper,5489,The Lord of the Rings: Tales of Middle-earth,,,mixed/unknown,0.05,0.16,0.1,0.16,0.15,,0,,,,Low,,EUR,EUR,,,,,"{""mapped_product_ids"": []}",AMBIGUOUS,Cardmarket bulk data does not prove finish/treatment,false,false,false,,,,,,,,NO_COMPARISON,,,,NO_COMPARISON,ambiguous_identity,,"{""ambiguity_reasons"": [""unproven_treatment""], ""external_provenance"": [], ""scryfall_cardmarket_id"": 737962, ""stored_ids"": [737962], ""validated_stored_ids"": [737962]}",,,,
13397,magic,Goblin Fireleaper,584,ltr,The Lord of the Rings: Tales of Middle-earth,en,Showcase,uncommon,foil,Showcase,505,scryfall_oracle:c5fa1631-8685-49e1-baad-86ef72a9499c,,,391b6351-944f-492f-8310-09ceb3ebbb3d,737962,,737962,Goblin Fireleaper,5489,The Lord of the Rings: Tales of Middle-earth,,,mixed/unknown,0.05,0.16,0.1,0.16,0.15,,0,,,,Foil Low,,EUR,EUR,,,,,"{""mapped_product_ids"": []}",AMBIGUOUS,Cardmarket bulk data does not prove finish/treatment,false,false,false,,,,,,,,NO_COMPARISON,,,,NO_COMPARISON,ambiguous_identity,,"{""ambiguity_reasons"": [""unproven_treatment""], ""external_provenance"": [], ""scryfall_cardmarket_id"": 737962, ""stored_ids"": [737962], ""validated_stored_ids"": [737962]}",,,,
13398,magic,"Grishnákh, Brash Instigator",585,ltr,The Lord of the Rings: Tales of Middle-earth,en,Showcase,uncommon,nonfoil,Showcase,79,scryfall_oracle:1f139012-fa71-4f5f-8c57-6847bff95678,,,dbb4187d-5706-48cd-bbaa-f5cd80bfff2b,737964,,737964,"Grishnákh, Brash Instigator",5489,The Lord of the Rings: Tales of Middle-earth,,,mixed/unknown,0.05,0.19,0.2,0.28,0.23,,0,,,,Low,,EUR,EUR,,,,,"{""mapped_product_ids"": []}",AMBIGUOUS,Cardmarket bulk data does not prove finish/treatment,false,false,false,,,,,,,,NO_COMPARISON,,,,NO_COMPARISON,ambiguous_identity,,"{""ambiguity_reasons"": [""unproven_treatment""], ""external_provenance"": [], ""scryfall_cardmarket_id"": 737964, ""stored_ids"": [737964], ""validated_stored_ids"": [737964]}",,,,
13399,magic,"Grishnákh, Brash Instigator",585,ltr,The Lord of the Rings: Tales of Middle-earth,en,Showcase,uncommon,foil,Showcase,79,scryfall_oracle:1f139012-fa71-4f5f-8c57-6847bff95678,,,dbb4187d-5706-48cd-bbaa-f5cd80bfff2b,737964,,737964,"Grishnákh, Brash Instigator",5489,The Lord of the Rings: Tales of Middle-earth,,,mixed/unknown,0.05,0.19,0.2,0.28,0.23,,0,,,,Foil Low,,EUR,EUR,,,,,"{""mapped_product_ids"": []}",AMBIGUOUS,Cardmarket bulk data does not prove finish/treatment,false,false,false,,,,,,,,NO_COMPARISON,,,,NO_COMPARISON,ambiguous_identity,,"{""ambiguity_reasons"": [""unproven_treatment""], ""external_provenance"": [], ""scryfall_cardmarket_id"": 737964, ""stored_ids"": [737964], ""validated_stored_ids"": [737964]}",,,,
13400,magic,Haradrim Spearmaster,586,ltr,The Lord of the Rings: Tales of Middle-earth,en,Showcase,common,nonfoil,Showcase,196,scryfall_oracle:4da49285-e577-487f-9997-ba49f2b5753e,,,bca184bf-765a-4e46-9959-fd86053a61c1,737966,,737966,Haradrim Spearmaster,5489,The Lord of the Rings: Tales of Middle-earth,,,mixed/unknown,0.03,0.16,0.2,0.14,0.15,,0,,,,Low,,EUR,EUR,,,,,"{""mapped_product_ids"": []}",AMBIGUOUS,Cardmarket bulk data does not prove finish/treatment,false,false,false,,,,,,,,NO_COMPARISON,,,,NO_COMPARISON,ambiguous_identity,,"{""ambiguity_reasons"": [""unproven_treatment""], ""external_provenance"": [], ""scryfall_cardmarket_id"": 737966, ""stored_ids"": [737966], ""validated_stored_ids"": [737966]}",,,,
13401,magic,Haradrim Spearmaster,586,ltr,The Lord of the Rings: Tales of Middle-earth,en,Showcase,common,foil,Showcase,196,scryfall_oracle:4da49285-e577-487f-9997-ba49f2b5753e,,,bca184bf-765a-4e46-9959-fd86053a61c1,737966,,737966,Haradrim Spearmaster,5489,The Lord of the Rings: Tales of Middle-earth,,,mixed/unknown,0.03,0.16,0.2,0.14,0.15,,0,,,,Foil Low,,EUR,EUR,,,,,"{""mapped_product_ids"": []}",AMBIGUOUS,Cardmarket bulk data does not prove finish/treatment,false,false,false,,,,,,,,NO_COMPARISON,,,,NO_COMPARISON,ambiguous_identity,,"{""ambiguity_reasons"": [""unproven_treatment""], ""external_provenance"": [], ""scryfall_cardmarket_id"": 737966, ""stored_ids"": [737966], ""validated_stored_ids"": [737966]}",,,,
13402,magic,Hew the Entwood,587,ltr,The Lord of the Rings: Tales of Middle-earth,en,Showcase,mythic,nonfoil,Showcase,337,scryfall_oracle:8818bbf8-58ec-4070-a81a-c7ce248057ab,,,c31e0890-aaeb-4afa-a3e7-a315ef2467b2,737968,,737968,Hew the Entwood,5489,The Lord of the Rings: Tales of Middle-earth,,,mixed/unknown,3.79,4.05,5,4,4.1,,0,,,,Low,,EUR,EUR,,,,,"{""mapped_product_ids"": []}",AMBIGUOUS,Cardmarket bulk data does not prove finish/treatment,false,false,false,,,,,,,,NO_COMPARISON,,,,NO_COMPARISON,ambiguous_identity,,"{""ambiguity_reasons"": [""unproven_treatment""], ""external_provenance"": [], ""scryfall_cardmarket_id"": 737968, ""stored_ids"": [737968], ""validated_stored_ids"": [737968]}",,,,
13403,magic,Hew the Entwood,587,ltr,The Lord of the Rings: Tales of Middle-earth,en,Showcase,mythic,foil,Showcase,337,scryfall_oracle:8818bbf8-58ec-4070-a81a-c7ce248057ab,,,c31e0890-aaeb-4afa-a3e7-a315ef2467b2,737968,,737968,Hew the Entwood,5489,The Lord of the Rings: Tales of Middle-earth,,,mixed/unknown,3.79,4.05,5,4,4.1,,0,,,,Foil Low,,EUR,EUR,,,,,"{""mapped_product_ids"": []}",AMBIGUOUS,Cardmarket bulk data does not prove finish/treatment,false,false,false,,,,,,,,NO_COMPARISON,,,,NO_COMPARISON,ambiguous_identity,,"{""ambiguity_reasons"": [""unproven_treatment""], ""external_provenance"": [], ""scryfall_cardmarket_id"": 737968, ""stored_ids"": [737968], ""validated_stored_ids"": [737968]}",,,,
13404,magic,Improvised Club,588,ltr,The Lord of the Rings: Tales of Middle-earth,en,Showcase,common,nonfoil,Showcase,83,scryfall_oracle:20c705e3-4141-41f8-ad73-bf953f0e1ddd,,,88f91f5a-2d75-4f76-93f7-991c3202c8e5,737970,,737970,Improvised Club,5489,The Lord of the Rings: Tales of Middle-earth,,,mixed/unknown,0.02,0.23,0.25,0.22,0.25,,0,,,,Low,,EUR,EUR,,,,,"{""mapped_product_ids"": []}",AMBIGUOUS,Cardmarket bulk data does not prove finish/treatment,false,false,false,,,,,,,,NO_COMPARISON,,,,NO_COMPARISON,ambiguous_identity,,"{""ambiguity_reasons"": [""unproven_treatment""], ""external_provenance"": [], ""scryfall_cardmarket_id"": 737970, ""stored_ids"": [737970], ""validated_stored_ids"": [737970]}",,,,
13405,magic,Improvised Club,588,ltr,The Lord of the Rings: Tales of Middle-earth,en,Showcase,common,foil,Showcase,83,scryfall_oracle:20c705e3-4141-41f8-ad73-bf953f0e1ddd,,,88f91f5a-2d75-4f76-93f7-991c3202c8e5,737970,,737970,Improvised Club,5489,The Lord of the Rings: Tales of Middle-earth,,,mixed/unknown,0.02,0.23,0.25,0.22,0.25,,0,,,,Foil Low,,EUR,EUR,,,,,"{""mapped_product_ids"": []}",AMBIGUOUS,Cardmarket bulk data does not prove finish/treatment,false,false,false,,,,,,,,NO_COMPARISON,,,,NO_COMPARISON,ambiguous_identity,,"{""ambiguity_reasons"": [""unproven_treatment""], ""external_provenance"": [], ""scryfall_cardmarket_id"": 737970, ""stored_ids"": [737970], ""validated_stored_ids"": [737970]}",,,,
13406,magic,Moria Marauder,589,ltr,The Lord of the Rings: Tales of Middle-earth,en,Showcase,rare,nonfoil,Showcase,404,scryfall_oracle:9f0027e3-815b-4965-9ef4-3c4814c62cf3,,,d2d0d290-c0cc-4e0f-ae71-965babd473dc,737972,,737972,Moria Marauder,5489,The Lord of the Rings: Tales of Middle-earth,,,mixed/unknown,1.9,2.48,1.52,2.51,1.89,,0,,,,Low,,EUR,EUR,,,,,"{""mapped_product_ids"": []}",AMBIGUOUS,Cardmarket bulk data does not prove finish/treatment,false,false,false,,,,,,,,NO_COMPARISON,,,,NO_COMPARISON,ambiguous_identity,,"{""ambiguity_reasons"": [""unproven_treatment""], ""external_provenance"": [], ""scryfall_cardmarket_id"": 737972, ""stored_ids"": [737972], ""validated_stored_ids"": [737972]}",,,,
13407,magic,Moria Marauder,589,ltr,The Lord of the Rings: Tales of Middle-earth,en,Showcase,rare,foil,Showcase,404,scryfall_oracle:9f0027e3-815b-4965-9ef4-3c4814c62cf3,,,d2d0d290-c0cc-4e0f-ae71-965babd473dc,737972,,737972,Moria Marauder,5489,The Lord of the Rings: Tales of Middle-earth,,,mixed/unknown,1.9,2.48,1.52,2.51,1.89,,0,,,,Foil Low,,EUR,EUR,,,,,"{""mapped_product_ids"": []}",AMBIGUOUS,Cardmarket bulk data does not prove finish/treatment,false,false,false,,,,,,,,NO_COMPARISON,,,,NO_COMPARISON,ambiguous_identity,,"{""ambiguity_reasons"": [""unproven_treatment""], ""external_provenance"": [], ""scryfall_cardmarket_id"": 737972, ""stored_ids"": [737972], ""validated_stored_ids"": [737972]}",,,,
13408,magic,Oliphaunt,590,ltr,The Lord of the Rings: Tales of Middle-earth,en,Showcase,common,nonfoil,Showcase,60,scryfall_oracle:186b2256-4af3-48cb-96b0-b0e80a7ee6dc,,,1631244b-4b8e-409b-a34d-9b7d932bb5bd,737975,,737975,Oliphaunt,5489,The Lord of the Rings: Tales of Middle-earth,,,mixed/unknown,1.9,0,,,,1.9,2.46,3,2.63,2.72,Low,,EUR,EUR,,,,,"{""mapped_product_ids"": []}",AMBIGUOUS,Cardmarket bulk data does not prove finish/treatment,false,false,false,,,,,,,,NO_COMPARISON,,,,NO_COMPARISON,ambiguous_identity,,"{""ambiguity_reasons"": [""unproven_treatment""], ""external_provenance"": [], ""scryfall_cardmarket_id"": 737975, ""stored_ids"": [737975], ""validated_stored_ids"": [737975]}",,,,
13409,magic,Oliphaunt,590,ltr,The Lord of the Rings: Tales of Middle-earth,en,Showcase,common,foil,Showcase,60,scryfall_oracle:186b2256-4af3-48cb-96b0-b0e80a7ee6dc,,,1631244b-4b8e-409b-a34d-9b7d932bb5bd,737975,,737975,Oliphaunt,5489,The Lord of the Rings: Tales of Middle-earth,,,mixed/unknown,1.9,0,,,,1.9,2.46,3,2.63,2.72,Foil Low,,EUR,EUR,,,,,"{""mapped_product_ids"": []}",AMBIGUOUS,Cardmarket bulk data does not prove finish/treatment,false,false,false,,,,,,,,NO_COMPARISON,,,,NO_COMPARISON,ambiguous_identity,,"{""ambiguity_reasons"": [""unproven_treatment""], ""external_provenance"": [], ""scryfall_cardmarket_id"": 737975, ""stored_ids"": [737975], ""validated_stored_ids"": [737975]}",,,,
13410,magic,Olog-hai Crusher,591,ltr,The Lord of the Rings: Tales of Middle-earth,en,Showcase,common,nonfoil,Showcase,632,scryfall_oracle:fb6f04bc-3514-49b2-9d17-f80980d996a8,,,a359711f-b80d-44d6-ae63-3bbbf45b6e19,737976,,737976,Olog-hai Crusher,5489,The Lord of the Rings: Tales of Middle-earth,,,mixed/unknown,0.02,0.13,0.2,0.13,0.14,,0,,,,Low,,EUR,EUR,,,,,"{""mapped_product_ids"": []}",AMBIGUOUS,Cardmarket bulk data does not prove finish/treatment,false,false,false,,,,,,,,NO_COMPARISON,,,,NO_COMPARISON,ambiguous_identity,,"{""ambiguity_reasons"": [""unproven_treatment""], ""external_provenance"": [], ""scryfall_cardmarket_id"": 737976, ""stored_ids"": [737976], ""validated_stored_ids"": [737976]}",,,,
13411,magic,Olog-hai Crusher,591,ltr,The Lord of the Rings: Tales of Middle-earth,en,Showcase,common,foil,Showcase,632,scryfall_oracle:fb6f04bc-3514-49b2-9d17-f80980d996a8,,,a359711f-b80d-44d6-ae63-3bbbf45b6e19,737976,,737976,Olog-hai Crusher,5489,The Lord of the Rings: Tales of Middle-earth,,,mixed/unknown,0.02,0.13,0.2,0.13,0.14,,0,,,,Foil Low,,EUR,EUR,,,,,"{""mapped_product_ids"": []}",AMBIGUOUS,Cardmarket bulk data does not prove finish/treatment,false,false,false,,,,,,,,NO_COMPARISON,,,,NO_COMPARISON,ambiguous_identity,,"{""ambiguity_reasons"": [""unproven_treatment""], ""external_provenance"": [], ""scryfall_cardmarket_id"": 737976, ""stored_ids"": [737976], ""validated_stored_ids"": [737976]}",,,,
13412,magic,Quarrel's End,592,ltr,The Lord of the Rings: Tales of Middle-earth,en,Showcase,common,nonfoil,Showcase,633,scryfall_oracle:fc46649d-9d84-4082-9d2d-fbb7ce91c6a4,,,85536624-f44a-4b0f-bcc2-cf64957a81b6,737979,,737979,Quarrel's End,5489,The Lord of the Rings: Tales of Middle-earth,,,mixed/unknown,0.05,0,,,,0.05,0.2,0.15,0.2,0.24,Low,,EUR,EUR,,,,,"{""mapped_product_ids"": []}",AMBIGUOUS,Cardmarket bulk data does not prove finish/treatment,false,false,false,,,,,,,,NO_COMPARISON,,,,NO_COMPARISON,ambiguous_identity,,"{""ambiguity_reasons"": [""unproven_treatment""], ""external_provenance"": [], ""scryfall_cardmarket_id"": 737979, ""stored_ids"": [737979], ""validated_stored_ids"": [737979]}",,,,
13413,magic,Quarrel's End,592,ltr,The Lord of the Rings: Tales of Middle-earth,en,Showcase,common,foil,Showcase,633,scryfall_oracle:fc46649d-9d84-4082-9d2d-fbb7ce91c6a4,,,85536624-f44a-4b0f-bcc2-cf64957a81b6,737979,,737979,Quarrel's End,5489,The Lord of the Rings: Tales of Middle-earth,,,mixed/unknown,0.05,0,,,,0.05,0.2,0.15,0.2,0.24,Foil Low,,EUR,EUR,,,,,"{""mapped_product_ids"": []}",AMBIGUOUS,Cardmarket bulk data does not prove finish/treatment,false,false,false,,,,,,,,NO_COMPARISON,,,,NO_COMPARISON,ambiguous_identity,,"{""ambiguity_reasons"": [""unproven_treatment""], ""external_provenance"": [], ""scryfall_cardmarket_id"": 737979, ""stored_ids"": [737979], ""validated_stored_ids"": [737979]}",,,,
13414,magic,Rally at the Hornburg,593,ltr,The Lord of the Rings: Tales of Middle-earth,en,Showcase,common,nonfoil,Showcase,311,scryfall_oracle:7d3f542a-de64-4de8-9de0-0e25004467f1,,,ed59f238-378d-4545-8371-ceef27d6a9e3,737980,,737980,Rally at the Hornburg,5489,The Lord of the Rings: Tales of Middle-earth,,,mixed/unknown,3,4.29,4,4.09,4.22,,0,,,,Low,,EUR,EUR,,,,,"{""mapped_product_ids"": []}",AMBIGUOUS,Cardmarket bulk data does not prove finish/treatment,false,false,false,,,,,,,,NO_COMPARISON,,,,NO_COMPARISON,ambiguous_identity,,"{""ambiguity_reasons"": [""unproven_treatment""], ""external_provenance"": [], ""scryfall_cardmarket_id"": 737980, ""stored_ids"": [737980], ""validated_stored_ids"": [737980]}",,,,
13415,magic,Rally at the Hornburg,593,ltr,The Lord of the Rings: Tales of Middle-earth,en,Showcase,common,foil,Showcase,311,scryfall_oracle:7d3f542a-de64-4de8-9de0-0e25004467f1,,,ed59f238-378d-4545-8371-ceef27d6a9e3,737980,,737980,Rally at the Hornburg,5489,The Lord of the Rings: Tales of Middle-earth,,,mixed/unknown,3,4.29,4,4.09,4.22,,0,,,,Foil Low,,EUR,EUR,,,,,"{""mapped_product_ids"": []}",AMBIGUOUS,Cardmarket bulk data does not prove finish/treatment,false,false,false,,,,,,,,NO_COMPARISON,,,,NO_COMPARISON,ambiguous_identity,,"{""ambiguity_reasons"": [""unproven_treatment""], ""external_provenance"": [], ""scryfall_cardmarket_id"": 737980, ""stored_ids"": [737980], ""validated_stored_ids"": [737980]}",,,,
13416,magic,Ranger's Firebrand,594,ltr,The Lord of the Rings: Tales of Middle-earth,en,Showcase,uncommon,nonfoil,Showcase,298,scryfall_oracle:796d3836-d820-440c-b0ad-5907b3cfcb10,,,e1a4e3e5-5d26-470b-94d2-885b575744b3,737982,,737982,Ranger's Firebrand,5489,The Lord of the Rings: Tales of Middle-earth,,,mixed/unknown,0.07,0.18,0.3,0.24,0.28,,0,,,,Low,,EUR,EUR,,,,,"{""mapped_product_ids"": []}",AMBIGUOUS,Cardmarket bulk data does not prove finish/treatment,false,false,false,,,,,,,,NO_COMPARISON,,,,NO_COMPARISON,ambiguous_identity,,"{""ambiguity_reasons"": [""unproven_treatment""], ""external_provenance"": [], ""scryfall_cardmarket_id"": 737982, ""stored_ids"": [737982], ""validated_stored_ids"": [737982]}",,,,
13417,magic,Ranger's Firebrand,594,ltr,The Lord of the Rings: Tales of Middle-earth,en,Showcase,uncommon,foil,Showcase,298,scryfall_oracle:796d3836-d820-440c-b0ad-5907b3cfcb10,,,e1a4e3e5-5d26-470b-94d2-885b575744b3,737982,,737982,Ranger's Firebrand,5489,The Lord of the Rings: Tales of Middle-earth,,,mixed/unknown,0.07,0.18,0.3,0.24,0.28,,0,,,,Foil Low,,EUR,EUR,,,,,"{""mapped_product_ids"": []}",AMBIGUOUS,Cardmarket bulk data does not prove finish/treatment,false,false,false,,,,,,,,NO_COMPARISON,,,,NO_COMPARISON,ambiguous_identity,,"{""ambiguity_reasons"": [""unproven_treatment""], ""external_provenance"": [], ""scryfall_cardmarket_id"": 737982, ""stored_ids"": [737982], ""validated_stored_ids"": [737982]}",,,,
13418,magic,Relentless Rohirrim,595,ltr,The Lord of the Rings: Tales of Middle-earth,en,Showcase,common,nonfoil,Showcase,44,scryfall_oracle:1212cc74-ff66-479e-8e1b-504446e1c6d9,,,f8fd28f0-071f-4c38-9147-d9e4204ed5bd,737984,,737984,Relentless Rohirrim,5489,The Lord of the Rings: Tales of Middle-earth,,,mixed/unknown,0.04,0.17,0.1,0.16,0.13,,0,,,,Low,,EUR,EUR,,,,,"{""mapped_product_ids"": []}",AMBIGUOUS,Cardmarket bulk data does not prove finish/treatment,false,false,false,,,,,,,,NO_COMPARISON,,,,NO_COMPARISON,ambiguous_identity,,"{""ambiguity_reasons"": [""unproven_treatment""], ""external_provenance"": [], ""scryfall_cardmarket_id"": 737984, ""stored_ids"": [737984], ""validated_stored_ids"": [737984]}",,,,
13419,magic,Relentless Rohirrim,595,ltr,The Lord of the Rings: Tales of Middle-earth,en,Showcase,common,foil,Showcase,44,scryfall_oracle:1212cc74-ff66-479e-8e1b-504446e1c6d9,,,f8fd28f0-071f-4c38-9147-d9e4204ed5bd,737984,,737984,Relentless Rohirrim,5489,The Lord of the Rings: Tales of Middle-earth,,,mixed/unknown,0.04,0.17,0.1,0.16,0.13,,0,,,,Foil Low,,EUR,EUR,,,,,"{""mapped_product_ids"": []}",AMBIGUOUS,Cardmarket bulk data does not prove finish/treatment,false,false,false,,,,,,,,NO_COMPARISON,,,,NO_COMPARISON,ambiguous_identity,,"{""ambiguity_reasons"": [""unproven_treatment""], ""external_provenance"": [], ""scryfall_cardmarket_id"": 737984, ""stored_ids"": [737984], ""validated_stored_ids"": [737984]}",,,,
13420,magic,Rising of the Day,596,ltr,The Lord of the Rings: Tales of Middle-earth,en,Showcase,uncommon,nonfoil,Showcase,170,scryfall_oracle:434a20f8-3f87-4004-9155-0f196fc2257e,,,c8c6bdde-cd19-4371-b51a-45c7ff8b6dbe,738051,,738051,Rising of the Day,5489,The Lord of the Rings: Tales of Middle-earth,,,mixed/unknown,1.5,0.87,0.87,0.87,0.87,1.5,2.16,1.75,2.06,2.05,Low,,EUR,EUR,,,,,"{""mapped_product_ids"": []}",AMBIGUOUS,Cardmarket bulk data does not prove finish/treatment,false,false,false,,,,,,,,NO_COMPARISON,,,,NO_COMPARISON,ambiguous_identity,,"{""ambiguity_reasons"": [""unproven_treatment""], ""external_provenance"": [], ""scryfall_cardmarket_id"": 738051, ""stored_ids"": [738051], ""validated_stored_ids"": [738051]}",,,,
13421,magic,Rising of the Day,596,ltr,The Lord of the Rings: Tales of Middle-earth,en,Showcase,uncommon,foil,Showcase,170,scryfall_oracle:434a20f8-3f87-4004-9155-0f196fc2257e,,,c8c6bdde-cd19-4371-b51a-45c7ff8b6dbe,738051,,738051,Rising of the Day,5489,The Lord of the Rings: Tales of Middle-earth,,,mixed/unknown,1.5,0.87,0.87,0.87,0.87,1.5,2.16,1.75,2.06,2.05,Foil Low,,EUR,EUR,,,,,"{""mapped_product_ids"": []}",AMBIGUOUS,Cardmarket bulk data does not prove finish/treatment,false,false,false,,,,,,,,NO_COMPARISON,,,,NO_COMPARISON,ambiguous_identity,,"{""ambiguity_reasons"": [""unproven_treatment""], ""external_provenance"": [], ""scryfall_cardmarket_id"": 738051, ""stored_ids"": [738051], ""validated_stored_ids"": [738051]}",,,,
13422,magic,Rohirrim Lancer,597,ltr,The Lord of the Rings: Tales of Middle-earth,en,Showcase,common,nonfoil,Showcase,202,scryfall_oracle:504fac88-1674-4157-becb-0204ab8844bf,,,c473e76a-c3d5-475a-963a-58b5b88be393,738052,,738052,Rohirrim Lancer,5489,The Lord of the Rings: Tales of Middle-earth,,,mixed/unknown,0.02,0.13,0.15,0.13,0.14,,0,,,,Low,,EUR,EUR,,,,,"{""mapped_product_ids"": []}",AMBIGUOUS,Cardmarket bulk data does not prove finish/treatment,false,false,false,,,,,,,,NO_COMPARISON,,,,NO_COMPARISON,ambiguous_identity,,"{""ambiguity_reasons"": [""unproven_treatment""], ""external_provenance"": [], ""scryfall_cardmarket_id"": 738052, ""stored_ids"": [738052], ""validated_stored_ids"": [738052]}",,,,
13423,magic,Rohirrim Lancer,597,ltr,The Lord of the Rings: Tales of Middle-earth,en,Showcase,common,foil,Showcase,202,scryfall_oracle:504fac88-1674-4157-becb-0204ab8844bf,,,c473e76a-c3d5-475a-963a-58b5b88be393,738052,,738052,Rohirrim Lancer,5489,The Lord of the Rings: Tales of Middle-earth,,,mixed/unknown,0.02,0.13,0.15,0.13,0.14,,0,,,,Foil Low,,EUR,EUR,,,,,"{""mapped_product_ids"": []}",AMBIGUOUS,Cardmarket bulk data does not prove finish/treatment,false,false,false,,,,,,,,NO_COMPARISON,,,,NO_COMPARISON,ambiguous_identity,,"{""ambiguity_reasons"": [""unproven_treatment""], ""external_provenance"": [], ""scryfall_cardmarket_id"": 738052, ""stored_ids"": [738052], ""validated_stored_ids"": [738052]}",,,,
13424,magic,Rush the Room,598,ltr,The Lord of the Rings: Tales of Middle-earth,en,Showcase,common,nonfoil,Showcase,85,scryfall_oracle:223fefa3-64a7-457f-90a2-89973640f554,,,02e9fa6c-f331-4817-9919-d154b1a96c7b,738054,,738054,Rush the Room,5489,The Lord of the Rings: Tales of Middle-earth,,,mixed/unknown,0.04,0.16,0.2,0.17,0.14,,0,,,,Low,,EUR,EUR,,,,,"{""mapped_product_ids"": []}",AMBIGUOUS,Cardmarket bulk data does not prove finish/treatment,false,false,false,,,,,,,,NO_COMPARISON,,,,NO_COMPARISON,ambiguous_identity,,"{""ambiguity_reasons"": [""unproven_treatment""], ""external_provenance"": [], ""scryfall_cardmarket_id"": 738054, ""stored_ids"": [738054], ""validated_stored_ids"": [738054]}",,,,
13425,magic,Rush the Room,598,ltr,The Lord of the Rings: Tales of Middle-earth,en,Showcase,common,foil,Showcase,85,scryfall_oracle:223fefa3-64a7-457f-90a2-89973640f554,,,02e9fa6c-f331-4817-9919-d154b1a96c7b,738054,,738054,Rush the Room,5489,The Lord of the Rings: Tales of Middle-earth,,,mixed/unknown,0.04,0.16,0.2,0.17,0.14,,0,,,,Foil Low,,EUR,EUR,,,,,"{""mapped_product_ids"": []}",AMBIGUOUS,Cardmarket bulk data does not prove finish/treatment,false,false,false,,,,,,,,NO_COMPARISON,,,,NO_COMPARISON,ambiguous_identity,,"{""ambiguity_reasons"": [""unproven_treatment""], ""external_provenance"": [], ""scryfall_cardmarket_id"": 738054, ""stored_ids"": [738054], ""validated_stored_ids"": [738054]}",,,,
13426,magic,Smite the Deathless,599,ltr,The Lord of the Rings: Tales of Middle-earth,en,Showcase,common,nonfoil,Showcase,135,scryfall_oracle:37994591-3494-4314-a7da-49c112b0866f,,,ab8127da-bc3e-4dd5-8e7d-ea1050f79f56,738056,,738056,Smite the Deathless,5489,The Lord of the Rings: Tales of Middle-earth,,,mixed/unknown,0.05,0.28,0.15,0.15,0.16,,0,,,,Low,,EUR,EUR,,,,,"{""mapped_product_ids"": []}",AMBIGUOUS,Cardmarket bulk data does not prove finish/treatment,false,false,false,,,,,,,,NO_COMPARISON,,,,NO_COMPARISON,ambiguous_identity,,"{""ambiguity_reasons"": [""unproven_treatment""], ""external_provenance"": [], ""scryfall_cardmarket_id"": 738056, ""stored_ids"": [738056], ""validated_stored_ids"": [738056]}",,,,
13427,magic,Smite the Deathless,599,ltr,The Lord of the Rings: Tales of Middle-earth,en,Showcase,common,foil,Showcase,135,scryfall_oracle:37994591-3494-4314-a7da-49c112b0866f,,,ab8127da-bc3e-4dd5-8e7d-ea1050f79f56,738056,,738056,Smite the Deathless,5489,The Lord of the Rings: Tales of Middle-earth,,,mixed/unknown,0.05,0.28,0.15,0.15,0.16,,0,,,,Foil Low,,EUR,EUR,,,,,"{""mapped_product_ids"": []}",AMBIGUOUS,Cardmarket bulk data does not prove finish/treatment,false,false,false,,,,,,,,NO_COMPARISON,,,,NO_COMPARISON,ambiguous_identity,,"{""ambiguity_reasons"": [""unproven_treatment""], ""external_provenance"": [], ""scryfall_cardmarket_id"": 738056, ""stored_ids"": [738056], ""validated_stored_ids"": [738056]}",,,,
13428,magic,Spiteful Banditry,600,ltr,The Lord of the Rings: Tales of Middle-earth,en,Showcase,mythic,nonfoil,Showcase,635,scryfall_oracle:fde2653f-5270-4b8f-9642-0835dbb076c2,,,7d0b4be7-92e2-4515-98c8-f50cf0d3b047,738058,,738058,Spiteful Banditry,5489,The Lord of the Rings: Tales of Middle-earth,,,mixed/unknown,12.95,13.77,19.99,14.72,12.88,,0,,,,Low,,EUR,EUR,,,,,"{""mapped_product_ids"": []}",AMBIGUOUS,Cardmarket bulk data does not prove finish/treatment,false,false,false,,,,,,,,NO_COMPARISON,,,,NO_COMPARISON,ambiguous_identity,,"{""ambiguity_reasons"": [""unproven_treatment""], ""external_provenance"": [], ""scryfall_cardmarket_id"": 738058, ""stored_ids"": [738058], ""validated_stored_ids"": [738058]}",,,,
13429,magic,Spiteful Banditry,600,ltr,The Lord of the Rings: Tales of Middle-earth,en,Showcase,mythic,foil,Showcase,635,scryfall_oracle:fde2653f-5270-4b8f-9642-0835dbb076c2,,,7d0b4be7-92e2-4515-98c8-f50cf0d3b047,738058,,738058,Spiteful Banditry,5489,The Lord of the Rings: Tales of Middle-earth,,,mixed/unknown,12.95,13.77,19.99,14.72,12.88,,0,,,,Foil Low,,EUR,EUR,,,,,"{""mapped_product_ids"": []}",AMBIGUOUS,Cardmarket bulk data does not prove finish/treatment,false,false,false,,,,,,,,NO_COMPARISON,,,,NO_COMPARISON,ambiguous_identity,,"{""ambiguity_reasons"": [""unproven_treatment""], ""external_provenance"": [], ""scryfall_cardmarket_id"": 738058, ""stored_ids"": [738058], ""validated_stored_ids"": [738058]}",,,,
13430,magic,Swarming of Moria,601,ltr,The Lord of the Rings: Tales of Middle-earth,en,Showcase,common,nonfoil,Showcase,515,scryfall_oracle:c96402dc-1509-4136-bbfd-c86a85e3ee6f,,,3566bdae-a99f-4423-a9d6-f189b928d1c3,738061,,738061,Swarming of Moria,5489,The Lord of the Rings: Tales of Middle-earth,,,mixed/unknown,0.1,0.13,0.13,0.13,0.13,0.1,0.45,0.3,0.5,0.36,Low,,EUR,EUR,,,,,"{""mapped_product_ids"": []}",AMBIGUOUS,Cardmarket bulk data does not prove finish/treatment,false,false,false,,,,,,,,NO_COMPARISON,,,,NO_COMPARISON,ambiguous_identity,,"{""ambiguity_reasons"": [""unproven_treatment""], ""external_provenance"": [], ""scryfall_cardmarket_id"": 738061, ""stored_ids"": [738061], ""validated_stored_ids"": [738061]}",,,,
13431,magic,Swarming of Moria,601,ltr,The Lord of the Rings: Tales of Middle-earth,en,Showcase,common,foil,Showcase,515,scryfall_oracle:c96402dc-1509-4136-bbfd-c86a85e3ee6f,,,3566bdae-a99f-4423-a9d6-f189b928d1c3,738061,,738061,Swarming of Moria,5489,The Lord of the Rings: Tales of Middle-earth,,,mixed/unknown,0.1,0.13,0.13,0.13,0.13,0.1,0.45,0.3,0.5,0.36,Foil Low,,EUR,EUR,,,,,"{""mapped_product_ids"": []}",AMBIGUOUS,Cardmarket bulk data does not prove finish/treatment,false,false,false,,,,,,,,NO_COMPARISON,,,,NO_COMPARISON,ambiguous_identity,,"{""ambiguity_reasons"": [""unproven_treatment""], ""external_provenance"": [], ""scryfall_cardmarket_id"": 738061, ""stored_ids"": [738061], ""validated_stored_ids"": [738061]}",,,,
13432,magic,There and Back Again,602,ltr,The Lord of the Rings: Tales of Middle-earth,en,Showcase,rare,nonfoil,Showcase,567,scryfall_oracle:de4e5120-b958-4dcb-ad78-d0f726b7a881,,,f7596fb2-2f2b-4fde-8b8b-e041e16de4e9,738062,,738062,There and Back Again,5489,The Lord of the Rings: Tales of Middle-earth,,,mixed/unknown,10.9,12.83,11.83,12.85,11.1,,0,,,,Low,,EUR,EUR,,,,,"{""mapped_product_ids"": []}",AMBIGUOUS,Cardmarket bulk data does not prove finish/treatment,false,false,false,,,,,,,,NO_COMPARISON,,,,NO_COMPARISON,ambiguous_identity,,"{""ambiguity_reasons"": [""unproven_treatment""], ""external_provenance"": [], ""scryfall_cardmarket_id"": 738062, ""stored_ids"": [738062], ""validated_stored_ids"": [738062]}",,,,
13433,magic,There and Back Again,602,ltr,The Lord of the Rings: Tales of Middle-earth,en,Showcase,rare,foil,Showcase,567,scryfall_oracle:de4e5120-b958-4dcb-ad78-d0f726b7a881,,,f7596fb2-2f2b-4fde-8b8b-e041e16de4e9,738062,,738062,There and Back Again,5489,The Lord of the Rings: Tales of Middle-earth,,,mixed/unknown,10.9,12.83,11.83,12.85,11.1,,0,,,,Foil Low,,EUR,EUR,,,,,"{""mapped_product_ids"": []}",AMBIGUOUS,Cardmarket bulk data does not prove finish/treatment,false,false,false,,,,,,,,NO_COMPARISON,,,,NO_COMPARISON,ambiguous_identity,,"{""ambiguity_reasons"": [""unproven_treatment""], ""external_provenance"": [], ""scryfall_cardmarket_id"": 738062, ""stored_ids"": [738062], ""validated_stored_ids"": [738062]}",,,,
13434,magic,Warbeast of Gorgoroth,603,ltr,The Lord of the Rings: Tales of Middle-earth,en,Showcase,common,nonfoil,Showcase,308,scryfall_oracle:7ca52e15-5a55-4d79-b0bf-0e2dc515ae6a,,,ec3cd5f2-1b57-42cf-8c20-ba7e3de2d0a6,738065,,738065,Warbeast of Gorgoroth,5489,The Lord of the Rings: Tales of Middle-earth,,,mixed/unknown,0.1,0,,,,0.1,0.25,0.25,0.24,0.29,Low,,EUR,EUR,,,,,"{""mapped_product_ids"": []}",AMBIGUOUS,Cardmarket bulk data does not prove finish/treatment,false,false,false,,,,,,,,NO_COMPARISON,,,,NO_COMPARISON,ambiguous_identity,,"{""ambiguity_reasons"": [""unproven_treatment""], ""external_provenance"": [], ""scryfall_cardmarket_id"": 738065, ""stored_ids"": [738065], ""validated_stored_ids"": [738065]}",,,,
13435,magic,Warbeast of Gorgoroth,603,ltr,The Lord of the Rings: Tales of Middle-earth,en,Showcase,common,foil,Showcase,308,scryfall_oracle:7ca52e15-5a55-4d79-b0bf-0e2dc515ae6a,,,ec3cd5f2-1b57-42cf-8c20-ba7e3de2d0a6,738065,,738065,Warbeast of Gorgoroth,5489,The Lord of the Rings: Tales of Middle-earth,,,mixed/unknown,0.1,0,,,,0.1,0.25,0.25,0.24,0.29,Foil Low,,EUR,EUR,,,,,"{""mapped_product_ids"": []}",AMBIGUOUS,Cardmarket bulk data does not prove finish/treatment,false,false,false,,,,,,,,NO_COMPARISON,,,,NO_COMPARISON,ambiguous_identity,,"{""ambiguity_reasons"": [""unproven_treatment""], ""external_provenance"": [], ""scryfall_cardmarket_id"": 738065, ""stored_ids"": [738065], ""validated_stored_ids"": [738065]}",,,,
13436,magic,Bag End Porter,604,ltr,The Lord of the Rings: Tales of Middle-earth,en,Showcase,common,nonfoil,Showcase,471,scryfall_oracle:b80473f7-f1d4-4aa3-988e-1a8610ffbeee,,,eebfaec9-1405-445d-baa7-2c9fb7bf0304,738066,,738066,Bag End Porter,5489,The Lord of the Rings: Tales of Middle-earth,,,mixed/unknown,0.04,0.16,0.17,0.15,0.15,,0,,,,Low,,EUR,EUR,,,,,"{""mapped_product_ids"": []}",AMBIGUOUS,Cardmarket bulk data does not prove finish/treatment,false,false,false,,,,,,,,NO_COMPARISON,,,,NO_COMPARISON,ambiguous_identity,,"{""ambiguity_reasons"": [""unproven_treatment""], ""external_provenance"": [], ""scryfall_cardmarket_id"": 738066, ""stored_ids"": [738066], ""validated_stored_ids"": [738066]}",,,,
13437,magic,Bag End Porter,604,ltr,The Lord of the Rings: Tales of Middle-earth,en,Showcase,common,foil,Showcase,471,scryfall_oracle:b80473f7-f1d4-4aa3-988e-1a8610ffbeee,,,eebfaec9-1405-445d-baa7-2c9fb7bf0304,738066,,738066,Bag End Porter,5489,The Lord of the Rings: Tales of Middle-earth,,,mixed/unknown,0.04,0.16,0.17,0.15,0.15,,0,,,,Foil Low,,EUR,EUR,,,,,"{""mapped_product_ids"": []}",AMBIGUOUS,Cardmarket bulk data does not prove finish/treatment,false,false,false,,,,,,,,NO_COMPARISON,,,,NO_COMPARISON,ambiguous_identity,,"{""ambiguity_reasons"": [""unproven_treatment""], ""external_provenance"": [], ""scryfall_cardmarket_id"": 738066, ""stored_ids"": [738066], ""validated_stored_ids"": [738066]}",,,,
13438,magic,Bombadil's Song,605,ltr,The Lord of the Rings: Tales of Middle-earth,en,Showcase,common,nonfoil,Showcase,235,scryfall_oracle:60092fb4-98db-4f2d-a5d7-24b5f11c8acc,,,75c4d0ee-5ee9-46b1-8c97-d8c45ff70b03,738069,,738069,Bombadil's Song,5489,The Lord of the Rings: Tales of Middle-earth,,,mixed/unknown,0.05,0,,,,0.05,0.32,0.27,0.32,0.42,Low,,EUR,EUR,,,,,"{""mapped_product_ids"": []}",AMBIGUOUS,Cardmarket bulk data does not prove finish/treatment,false,false,false,,,,,,,,NO_COMPARISON,,,,NO_COMPARISON,ambiguous_identity,,"{""ambiguity_reasons"": [""unproven_treatment""], ""external_provenance"": [], ""scryfall_cardmarket_id"": 738069, ""stored_ids"": [738069], ""validated_stored_ids"": [738069]}",,,,
13439,magic,Bombadil's Song,605,ltr,The Lord of the Rings: Tales of Middle-earth,en,Showcase,common,foil,Showcase,235,scryfall_oracle:60092fb4-98db-4f2d-a5d7-24b5f11c8acc,,,75c4d0ee-5ee9-46b1-8c97-d8c45ff70b03,738069,,738069,Bombadil's Song,5489,The Lord of the Rings: Tales of Middle-earth,,,mixed/unknown,0.05,0,,,,0.05,0.32,0.27,0.32,0.42,Foil Low,,EUR,EUR,,,,,"{""mapped_product_ids"": []}",AMBIGUOUS,Cardmarket bulk data does not prove finish/treatment,false,false,false,,,,,,,,NO_COMPARISON,,,,NO_COMPARISON,ambiguous_identity,,"{""ambiguity_reasons"": [""unproven_treatment""], ""external_provenance"": [], ""scryfall_cardmarket_id"": 738069, ""stored_ids"": [738069], ""validated_stored_ids"": [738069]}",,,,
13440,magic,Brandywine Farmer,606,ltr,The Lord of the Rings: Tales of Middle-earth,en,Showcase,common,nonfoil,Showcase,38,scryfall_oracle:0fea3406-e5c7-4d5c-9890-6f1bc04a7cb8,,,9a37e9f3-8543-4c56-b7e3-0676db7e2154,738070,,738070,Brandywine Farmer,5489,The Lord of the Rings: Tales of Middle-earth,,,mixed/unknown,0.04,0.31,1.75,0.39,0.18,,0,,,,Low,,EUR,EUR,,,,,"{""mapped_product_ids"": []}",AMBIGUOUS,Cardmarket bulk data does not prove finish/treatment,false,false,false,,,,,,,,NO_COMPARISON,,,,NO_COMPARISON,ambiguous_identity,,"{""ambiguity_reasons"": [""unproven_treatment""], ""external_provenance"": [], ""scryfall_cardmarket_id"": 738070, ""stored_ids"": [738070], ""validated_stored_ids"": [738070]}",,,,
13441,magic,Brandywine Farmer,606,ltr,The Lord of the Rings: Tales of Middle-earth,en,Showcase,common,foil,Showcase,38,scryfall_oracle:0fea3406-e5c7-4d5c-9890-6f1bc04a7cb8,,,9a37e9f3-8543-4c56-b7e3-0676db7e2154,738070,,738070,Brandywine Farmer,5489,The Lord of the Rings: Tales of Middle-earth,,,mixed/unknown,0.04,0.31,1.75,0.39,0.18,,0,,,,Foil Low,,EUR,EUR,,,,,"{""mapped_product_ids"": []}",AMBIGUOUS,Cardmarket bulk data does not prove finish/treatment,false,false,false,,,,,,,,NO_COMPARISON,,,,NO_COMPARISON,ambiguous_identity,,"{""ambiguity_reasons"": [""unproven_treatment""], ""external_provenance"": [], ""scryfall_cardmarket_id"": 738070, ""stored_ids"": [738070], ""validated_stored_ids"": [738070]}",,,,
13442,magic,Celeborn the Wise,607,ltr,The Lord of the Rings: Tales of Middle-earth,en,Showcase,uncommon,nonfoil,Showcase,248,scryfall_oracle:64fa0416-16b7-4128-ac6c-f30373074a1e,,,5d348ed2-8538-400b-983f-78d0d20b9a5c,738072,,738072,Celeborn the Wise,5489,The Lord of the Rings: Tales of Middle-earth,,,mixed/unknown,0.05,0.23,0.59,0.24,0.19,,0,,,,Low,,EUR,EUR,,,,,"{""mapped_product_ids"": []}",AMBIGUOUS,Cardmarket bulk data does not prove finish/treatment,false,false,false,,,,,,,,NO_COMPARISON,,,,NO_COMPARISON,ambiguous_identity,,"{""ambiguity_reasons"": [""unproven_treatment""], ""external_provenance"": [], ""scryfall_cardmarket_id"": 738072, ""stored_ids"": [738072], ""validated_stored_ids"": [738072]}",,,,
13443,magic,Celeborn the Wise,607,ltr,The Lord of the Rings: Tales of Middle-earth,en,Showcase,uncommon,foil,Showcase,248,scryfall_oracle:64fa0416-16b7-4128-ac6c-f30373074a1e,,,5d348ed2-8538-400b-983f-78d0d20b9a5c,738072,,738072,Celeborn the Wise,5489,The Lord of the Rings: Tales of Middle-earth,,,mixed/unknown,0.05,0.23,0.59,0.24,0.19,,0,,,,Foil Low,,EUR,EUR,,,,,"{""mapped_product_ids"": []}",AMBIGUOUS,Cardmarket bulk data does not prove finish/treatment,false,false,false,,,,,,,,NO_COMPARISON,,,,NO_COMPARISON,ambiguous_identity,,"{""ambiguity_reasons"": [""unproven_treatment""], ""external_provenance"": [], ""scryfall_cardmarket_id"": 738072, ""stored_ids"": [738072], ""validated_stored_ids"": [738072]}",,,,
13444,magic,Chance-Met Elves,608,ltr,The Lord of the Rings: Tales of Middle-earth,en,Showcase,common,nonfoil,Showcase,340,scryfall_oracle:8958a6fe-76ef-45e3-8522-6bc13486b447,,,d19da1d8-7e6a-431c-addc-4935c1813845,738074,,738074,Chance-Met Elves,5489,The Lord of the Rings: Tales of Middle-earth,,,mixed/unknown,0.05,0.19,0.15,0.16,0.17,,0,,,,Low,,EUR,EUR,,,,,"{""mapped_product_ids"": []}",AMBIGUOUS,Cardmarket bulk data does not prove finish/treatment,false,false,false,,,,,,,,NO_COMPARISON,,,,NO_COMPARISON,ambiguous_identity,,"{""ambiguity_reasons"": [""unproven_treatment""], ""external_provenance"": [], ""scryfall_cardmarket_id"": 738074, ""stored_ids"": [738074], ""validated_stored_ids"": [738074]}",,,,
13445,magic,Chance-Met Elves,608,ltr,The Lord of the Rings: Tales of Middle-earth,en,Showcase,common,foil,Showcase,340,scryfall_oracle:8958a6fe-76ef-45e3-8522-6bc13486b447,,,d19da1d8-7e6a-431c-addc-4935c1813845,738074,,738074,Chance-Met Elves,5489,The Lord of the Rings: Tales of Middle-earth,,,mixed/unknown,0.05,0.19,0.15,0.16,0.17,,0,,,,Foil Low,,EUR,EUR,,,,,"{""mapped_product_ids"": []}",AMBIGUOUS,Cardmarket bulk data does not prove finish/treatment,false,false,false,,,,,,,,NO_COMPARISON,,,,NO_COMPARISON,ambiguous_identity,,"{""ambiguity_reasons"": [""unproven_treatment""], ""external_provenance"": [], ""scryfall_cardmarket_id"": 738074, ""stored_ids"": [738074], ""validated_stored_ids"": [738074]}",,,,
13446,magic,Delighted Halfling,609,ltr,The Lord of the Rings: Tales of Middle-earth,en,Showcase,rare,nonfoil,Showcase,628,scryfall_oracle:f9d3b046-0b95-4103-a630-4b3fb88bb60b,,,7db50dae-5d50-4682-8fe4-beb48be103c2,738076,,738076,Delighted Halfling,5489,The Lord of the Rings: Tales of Middle-earth,,,mixed/unknown,27,31.94,38.08,29.69,27.17,,0,,,,Low,,EUR,EUR,,,,,"{""mapped_product_ids"": []}",AMBIGUOUS,Cardmarket bulk data does not prove finish/treatment,false,false,false,,,,,,,,NO_COMPARISON,,,,NO_COMPARISON,ambiguous_identity,,"{""ambiguity_reasons"": [""unproven_treatment""], ""external_provenance"": [], ""scryfall_cardmarket_id"": 738076, ""stored_ids"": [738076], ""validated_stored_ids"": [738076]}",,,,
13447,magic,Delighted Halfling,609,ltr,The Lord of the Rings: Tales of Middle-earth,en,Showcase,rare,foil,Showcase,628,scryfall_oracle:f9d3b046-0b95-4103-a630-4b3fb88bb60b,,,7db50dae-5d50-4682-8fe4-beb48be103c2,738076,,738076,Delighted Halfling,5489,The Lord of the Rings: Tales of Middle-earth,,,mixed/unknown,27,31.94,38.08,29.69,27.17,,0,,,,Foil Low,,EUR,EUR,,,,,"{""mapped_product_ids"": []}",AMBIGUOUS,Cardmarket bulk data does not prove finish/treatment,false,false,false,,,,,,,,NO_COMPARISON,,,,NO_COMPARISON,ambiguous_identity,,"{""ambiguity_reasons"": [""unproven_treatment""], ""external_provenance"": [], ""scryfall_cardmarket_id"": 738076, ""stored_ids"": [738076], ""validated_stored_ids"": [738076]}",,,,
13448,magic,Dúnedain Rangers,610,ltr,The Lord of the Rings: Tales of Middle-earth,en,Showcase,uncommon,nonfoil,Showcase,312,scryfall_oracle:7de2a364-4383-437a-b6d6-55e4721a0141,,,5ab457e9-17a0-4a8b-b990-ada4ed631cbe,738079,,738079,Dúnedain Rangers,5489,The Lord of the Rings: Tales of Middle-earth,,,mixed/unknown,0.14,0.19,0.19,0.19,0.19,0.14,0.41,0.2,0.36,0.29,Low,,EUR,EUR,,,,,"{""mapped_product_ids"": []}",AMBIGUOUS,Cardmarket bulk data does not prove finish/treatment,false,false,false,,,,,,,,NO_COMPARISON,,,,NO_COMPARISON,ambiguous_identity,,"{""ambiguity_reasons"": [""unproven_treatment""], ""external_provenance"": [], ""scryfall_cardmarket_id"": 738079, ""stored_ids"": [738079], ""validated_stored_ids"": [738079]}",,,,
13449,magic,Dúnedain Rangers,610,ltr,The Lord of the Rings: Tales of Middle-earth,en,Showcase,uncommon,foil,Showcase,312,scryfall_oracle:7de2a364-4383-437a-b6d6-55e4721a0141,,,5ab457e9-17a0-4a8b-b990-ada4ed631cbe,738079,,738079,Dúnedain Rangers,5489,The Lord of the Rings: Tales of Middle-earth,,,mixed/unknown,0.14,0.19,0.19,0.19,0.19,0.14,0.41,0.2,0.36,0.29,Foil Low,,EUR,EUR,,,,,"{""mapped_product_ids"": []}",AMBIGUOUS,Cardmarket bulk data does not prove finish/treatment,false,false,false,,,,,,,,NO_COMPARISON,,,,NO_COMPARISON,ambiguous_identity,,"{""ambiguity_reasons"": [""unproven_treatment""], ""external_provenance"": [], ""scryfall_cardmarket_id"": 738079, ""stored_ids"": [738079], ""validated_stored_ids"": [738079]}",,,,
13450,magic,Elven Chorus,611,ltr,The Lord of the Rings: Tales of Middle-earth,en,Showcase,rare,nonfoil,Showcase,194,scryfall_oracle:4d5df2d9-06bf-4bec-9be0-dabe75a858fb,,,f72efea9-0a23-4375-9bb1-b6a331316fbf,738080,,738080,Elven Chorus,5489,The Lord of the Rings: Tales of Middle-earth,,,mixed/unknown,4.99,6.75,5.9,6.48,6.08,,0,,,,Low,,EUR,EUR,,,,,"{""mapped_product_ids"": []}",AMBIGUOUS,Cardmarket bulk data does not prove finish/treatment,false,false,false,,,,,,,,NO_COMPARISON,,,,NO_COMPARISON,ambiguous_identity,,"{""ambiguity_reasons"": [""unproven_treatment""], ""external_provenance"": [], ""scryfall_cardmarket_id"": 738080, ""stored_ids"": [738080], ""validated_stored_ids"": [738080]}",,,,
13451,magic,Elven Chorus,611,ltr,The Lord of the Rings: Tales of Middle-earth,en,Showcase,rare,foil,Showcase,194,scryfall_oracle:4d5df2d9-06bf-4bec-9be0-dabe75a858fb,,,f72efea9-0a23-4375-9bb1-b6a331316fbf,738080,,738080,Elven Chorus,5489,The Lord of the Rings: Tales of Middle-earth,,,mixed/unknown,4.99,6.75,5.9,6.48,6.08,,0,,,,Foil Low,,EUR,EUR,,,,,"{""mapped_product_ids"": []}",AMBIGUOUS,Cardmarket bulk data does not prove finish/treatment,false,false,false,,,,,,,,NO_COMPARISON,,,,NO_COMPARISON,ambiguous_identity,,"{""ambiguity_reasons"": [""unproven_treatment""], ""external_provenance"": [], ""scryfall_cardmarket_id"": 738080, ""stored_ids"": [738080], ""validated_stored_ids"": [738080]}",,,,
13452,magic,Elven Farsight,612,ltr,The Lord of the Rings: Tales of Middle-earth,en,Showcase,common,nonfoil,Showcase,12,scryfall_oracle:04b35e95-2963-4a0a-bd1c-d516cda2dd37,,,3e7990ea-163b-4f02-aee9-d4afd388339f,738083,,738083,Elven Farsight,5489,The Lord of the Rings: Tales of Middle-earth,,,mixed/unknown,0.4,0,,,,0.4,1.01,0.55,0.98,0.79,Low,,EUR,EUR,,,,,"{""mapped_product_ids"": []}",AMBIGUOUS,Cardmarket bulk data does not prove finish/treatment,false,false,false,,,,,,,,NO_COMPARISON,,,,NO_COMPARISON,ambiguous_identity,,"{""ambiguity_reasons"": [""unproven_treatment""], ""external_provenance"": [], ""scryfall_cardmarket_id"": 738083, ""stored_ids"": [738083], ""validated_stored_ids"": [738083]}",,,,
13453,magic,Elven Farsight,612,ltr,The Lord of the Rings: Tales of Middle-earth,en,Showcase,common,foil,Showcase,12,scryfall_oracle:04b35e95-2963-4a0a-bd1c-d516cda2dd37,,,3e7990ea-163b-4f02-aee9-d4afd388339f,738083,,738083,Elven Farsight,5489,The Lord of the Rings: Tales of Middle-earth,,,mixed/unknown,0.4,0,,,,0.4,1.01,0.55,0.98,0.79,Foil Low,,EUR,EUR,,,,,"{""mapped_product_ids"": []}",AMBIGUOUS,Cardmarket bulk data does not prove finish/treatment,false,false,false,,,,,,,,NO_COMPARISON,,,,NO_COMPARISON,ambiguous_identity,,"{""ambiguity_reasons"": [""unproven_treatment""], ""external_provenance"": [], ""scryfall_cardmarket_id"": 738083, ""stored_ids"": [738083], ""validated_stored_ids"": [738083]}",,,,
13454,magic,Enraged Huorn,613,ltr,The Lord of the Rings: Tales of Middle-earth,en,Showcase,common,nonfoil,Showcase,344,scryfall_oracle:8a7dbf4e-f121-40c5-a688-3398e04c1311,,,d23185cd-380c-4de6-bfc9-e8addf54af3a,738084,,738084,Enraged Huorn,5489,The Lord of the Rings: Tales of Middle-earth,,,mixed/unknown,0.05,0.25,0.25,0.22,0.2,,0,,,,Low,,EUR,EUR,,,,,"{""mapped_product_ids"": []}",AMBIGUOUS,Cardmarket bulk data does not prove finish/treatment,false,false,false,,,,,,,,NO_COMPARISON,,,,NO_COMPARISON,ambiguous_identity,,"{""ambiguity_reasons"": [""unproven_treatment""], ""external_provenance"": [], ""scryfall_cardmarket_id"": 738084, ""stored_ids"": [738084], ""validated_stored_ids"": [738084]}",,,,
13455,magic,Enraged Huorn,613,ltr,The Lord of the Rings: Tales of Middle-earth,en,Showcase,common,foil,Showcase,344,scryfall_oracle:8a7dbf4e-f121-40c5-a688-3398e04c1311,,,d23185cd-380c-4de6-bfc9-e8addf54af3a,738084,,738084,Enraged Huorn,5489,The Lord of the Rings: Tales of Middle-earth,,,mixed/unknown,0.05,0.25,0.25,0.22,0.2,,0,,,,Foil Low,,EUR,EUR,,,,,"{""mapped_product_ids"": []}",AMBIGUOUS,Cardmarket bulk data does not prove finish/treatment,false,false,false,,,,,,,,NO_COMPARISON,,,,NO_COMPARISON,ambiguous_identity,,"{""ambiguity_reasons"": [""unproven_treatment""], ""external_provenance"": [], ""scryfall_cardmarket_id"": 738084, ""stored_ids"": [738084], ""validated_stored_ids"": [738084]}",,,,
13456,magic,Entish Restoration,614,ltr,The Lord of the Rings: Tales of Middle-earth,en,Showcase,uncommon,nonfoil,Showcase,286,scryfall_oracle:736017e2-bc33-49e8-812d-1639443fdb51,,,98990c29-45ce-4d91-91a0-f2122c5f7ac6,738086,,738086,Entish Restoration,5489,The Lord of the Rings: Tales of Middle-earth,,,mixed/unknown,2,4.29,3.75,4.29,4.23,,0,,,,Low,,EUR,EUR,,,,,"{""mapped_product_ids"": []}",AMBIGUOUS,Cardmarket bulk data does not prove finish/treatment,false,false,false,,,,,,,,NO_COMPARISON,,,,NO_COMPARISON,ambiguous_identity,,"{""ambiguity_reasons"": [""unproven_treatment""], ""external_provenance"": [], ""scryfall_cardmarket_id"": 738086, ""stored_ids"": [738086], ""validated_stored_ids"": [738086]}",,,,
13457,magic,Entish Restoration,614,ltr,The Lord of the Rings: Tales of Middle-earth,en,Showcase,uncommon,foil,Showcase,286,scryfall_oracle:736017e2-bc33-49e8-812d-1639443fdb51,,,98990c29-45ce-4d91-91a0-f2122c5f7ac6,738086,,738086,Entish Restoration,5489,The Lord of the Rings: Tales of Middle-earth,,,mixed/unknown,2,4.29,3.75,4.29,4.23,,0,,,,Foil Low,,EUR,EUR,,,,,"{""mapped_product_ids"": []}",AMBIGUOUS,Cardmarket bulk data does not prove finish/treatment,false,false,false,,,,,,,,NO_COMPARISON,,,,NO_COMPARISON,ambiguous_identity,,"{""ambiguity_reasons"": [""unproven_treatment""], ""external_provenance"": [], ""scryfall_cardmarket_id"": 738086, ""stored_ids"": [738086], ""validated_stored_ids"": [738086]}",,,,
13458,magic,Ent's Fury,615,ltr,The Lord of the Rings: Tales of Middle-earth,en,Showcase,common,nonfoil,Showcase,271,scryfall_oracle:6bc3c7fd-e371-467f-973c-4c9f0d1ba0bc,,,8a90d236-27af-4c9e-80eb-0f09b4088ac9,738088,,738088,Ent's Fury,5489,The Lord of the Rings: Tales of Middle-earth,,,mixed/unknown,0.05,0.26,0.2,0.22,0.25,,0,,,,Low,,EUR,EUR,,,,,"{""mapped_product_ids"": []}",AMBIGUOUS,Cardmarket bulk data does not prove finish/treatment,false,false,false,,,,,,,,NO_COMPARISON,,,,NO_COMPARISON,ambiguous_identity,,"{""ambiguity_reasons"": [""unproven_treatment""], ""external_provenance"": [], ""scryfall_cardmarket_id"": 738088, ""stored_ids"": [738088], ""validated_stored_ids"": [738088]}",,,,
13459,magic,Ent's Fury,615,ltr,The Lord of the Rings: Tales of Middle-earth,en,Showcase,common,foil,Showcase,271,scryfall_oracle:6bc3c7fd-e371-467f-973c-4c9f0d1ba0bc,,,8a90d236-27af-4c9e-80eb-0f09b4088ac9,738088,,738088,Ent's Fury,5489,The Lord of the Rings: Tales of Middle-earth,,,mixed/unknown,0.05,0.26,0.2,0.22,0.25,,0,,,,Foil Low,,EUR,EUR,,,,,"{""mapped_product_ids"": []}",AMBIGUOUS,Cardmarket bulk data does not prove finish/treatment,false,false,false,,,,,,,,NO_COMPARISON,,,,NO_COMPARISON,ambiguous_identity,,"{""ambiguity_reasons"": [""unproven_treatment""], ""external_provenance"": [], ""scryfall_cardmarket_id"": 738088, ""stored_ids"": [738088], ""validated_stored_ids"": [738088]}",,,,
13460,magic,Fall of Gil-galad,616,ltr,The Lord of the Rings: Tales of Middle-earth,en,Showcase,rare,nonfoil,Showcase,497,scryfall_oracle:c248537f-e28f-47cb-9e47-a6eb05e1af63,,,058030f0-72ef-4cc9-aad1-9f5d26991ab2,738090,,738090,Fall of Gil-galad,5489,The Lord of the Rings: Tales of Middle-earth,,,mixed/unknown,1,1.95,2.45,2.1,1.9,,0,,,,Low,,EUR,EUR,,,,,"{""mapped_product_ids"": []}",AMBIGUOUS,Cardmarket bulk data does not prove finish/treatment,false,false,false,,,,,,,,NO_COMPARISON,,,,NO_COMPARISON,ambiguous_identity,,"{""ambiguity_reasons"": [""unproven_treatment""], ""external_provenance"": [], ""scryfall_cardmarket_id"": 738090, ""stored_ids"": [738090], ""validated_stored_ids"": [738090]}",,,,
13461,magic,Fall of Gil-galad,616,ltr,The Lord of the Rings: Tales of Middle-earth,en,Showcase,rare,foil,Showcase,497,scryfall_oracle:c248537f-e28f-47cb-9e47-a6eb05e1af63,,,058030f0-72ef-4cc9-aad1-9f5d26991ab2,738090,,738090,Fall of Gil-galad,5489,The Lord of the Rings: Tales of Middle-earth,,,mixed/unknown,1,1.95,2.45,2.1,1.9,,0,,,,Foil Low,,EUR,EUR,,,,,"{""mapped_product_ids"": []}",AMBIGUOUS,Cardmarket bulk data does not prove finish/treatment,false,false,false,,,,,,,,NO_COMPARISON,,,,NO_COMPARISON,ambiguous_identity,,"{""ambiguity_reasons"": [""unproven_treatment""], ""external_provenance"": [], ""scryfall_cardmarket_id"": 738090, ""stored_ids"": [738090], ""validated_stored_ids"": [738090]}",,,,
13462,magic,"Fangorn, Tree Shepherd",617,ltr,The Lord of the Rings: Tales of Middle-earth,en,Showcase,rare,nonfoil,Showcase,10,scryfall_oracle:04166d20-88c9-4c89-be9d-3e422f90959a,,,60975d90-c312-4d95-8162-3af04c749fee,738093,,738093,"Fangorn, Tree Shepherd",5489,The Lord of the Rings: Tales of Middle-earth,,,mixed/unknown,1.9,0,,,,1.9,2.8,2.5,2.69,2.38,Low,,EUR,EUR,,,,,"{""mapped_product_ids"": []}",AMBIGUOUS,Cardmarket bulk data does not prove finish/treatment,false,false,false,,,,,,,,NO_COMPARISON,,,,NO_COMPARISON,ambiguous_identity,,"{""ambiguity_reasons"": [""unproven_treatment""], ""external_provenance"": [], ""scryfall_cardmarket_id"": 738093, ""stored_ids"": [738093], ""validated_stored_ids"": [738093]}",,,,
13463,magic,"Fangorn, Tree Shepherd",617,ltr,The Lord of the Rings: Tales of Middle-earth,en,Showcase,rare,foil,Showcase,10,scryfall_oracle:04166d20-88c9-4c89-be9d-3e422f90959a,,,60975d90-c312-4d95-8162-3af04c749fee,738093,,738093,"Fangorn, Tree Shepherd",5489,The Lord of the Rings: Tales of Middle-earth,,,mixed/unknown,1.9,0,,,,1.9,2.8,2.5,2.69,2.38,Foil Low,,EUR,EUR,,,,,"{""mapped_product_ids"": []}",AMBIGUOUS,Cardmarket bulk data does not prove finish/treatment,false,false,false,,,,,,,,NO_COMPARISON,,,,NO_COMPARISON,ambiguous_identity,,"{""ambiguity_reasons"": [""unproven_treatment""], ""external_provenance"": [], ""scryfall_cardmarket_id"": 738093, ""stored_ids"": [738093], ""validated_stored_ids"": [738093]}",,,,
13464,magic,Galadhrim Bow,618,ltr,The Lord of the Rings: Tales of Middle-earth,en,Showcase,common,nonfoil,Showcase,367,scryfall_oracle:92225b59-4f39-4175-ad0d-88e96f4d906a,,,156d1dc3-58e9-40ce-b1a1-c1dac4af2738,738094,,738094,Galadhrim Bow,5489,The Lord of the Rings: Tales of Middle-earth,,,mixed/unknown,0.04,0.12,0.25,0.24,0.25,,0,,,,Low,,EUR,EUR,,,,,"{""mapped_product_ids"": []}",AMBIGUOUS,Cardmarket bulk data does not prove finish/treatment,false,false,false,,,,,,,,NO_COMPARISON,,,,NO_COMPARISON,ambiguous_identity,,"{""ambiguity_reasons"": [""unproven_treatment""], ""external_provenance"": [], ""scryfall_cardmarket_id"": 738094, ""stored_ids"": [738094], ""validated_stored_ids"": [738094]}",,,,
13465,magic,Galadhrim Bow,618,ltr,The Lord of the Rings: Tales of Middle-earth,en,Showcase,common,foil,Showcase,367,scryfall_oracle:92225b59-4f39-4175-ad0d-88e96f4d906a,,,156d1dc3-58e9-40ce-b1a1-c1dac4af2738,738094,,738094,Galadhrim Bow,5489,The Lord of the Rings: Tales of Middle-earth,,,mixed/unknown,0.04,0.12,0.25,0.24,0.25,,0,,,,Foil Low,,EUR,EUR,,,,,"{""mapped_product_ids"": []}",AMBIGUOUS,Cardmarket bulk data does not prove finish/treatment,false,false,false,,,,,,,,NO_COMPARISON,,,,NO_COMPARISON,ambiguous_identity,,"{""ambiguity_reasons"": [""unproven_treatment""], ""external_provenance"": [], ""scryfall_cardmarket_id"": 738094, ""stored_ids"": [738094], ""validated_stored_ids"": [738094]}",,,,
13466,magic,Galadhrim Guide,619,ltr,The Lord of the Rings: Tales of Middle-earth,en,Showcase,common,nonfoil,Showcase,366,scryfall_oracle:9204de14-cbb6-40e5-9dcc-44cce3723e8e,,,d766c2f2-b3ce-4a4a-92d3-db7e05b44273,738097,,738097,Galadhrim Guide,5489,The Lord of the Rings: Tales of Middle-earth,,,mixed/unknown,0.04,0,,,,0.04,0.33,0.47,0.28,0.29,Low,,EUR,EUR,,,,,"{""mapped_product_ids"": []}",AMBIGUOUS,Cardmarket bulk data does not prove finish/treatment,false,false,false,,,,,,,,NO_COMPARISON,,,,NO_COMPARISON,ambiguous_identity,,"{""ambiguity_reasons"": [""unproven_treatment""], ""external_provenance"": [], ""scryfall_cardmarket_id"": 738097, ""stored_ids"": [738097], ""validated_stored_ids"": [738097]}",,,,
13467,magic,Galadhrim Guide,619,ltr,The Lord of the Rings: Tales of Middle-earth,en,Showcase,common,foil,Showcase,366,scryfall_oracle:9204de14-cbb6-40e5-9dcc-44cce3723e8e,,,d766c2f2-b3ce-4a4a-92d3-db7e05b44273,738097,,738097,Galadhrim Guide,5489,The Lord of the Rings: Tales of Middle-earth,,,mixed/unknown,0.04,0,,,,0.04,0.33,0.47,0.28,0.29,Foil Low,,EUR,EUR,,,,,"{""mapped_product_ids"": []}",AMBIGUOUS,Cardmarket bulk data does not prove finish/treatment,false,false,false,,,,,,,,NO_COMPARISON,,,,NO_COMPARISON,ambiguous_identity,,"{""ambiguity_reasons"": [""unproven_treatment""], ""external_provenance"": [], ""scryfall_cardmarket_id"": 738097, ""stored_ids"": [738097], ""validated_stored_ids"": [738097]}",,,,
13468,magic,Generous Ent,620,ltr,The Lord of the Rings: Tales of Middle-earth,en,Showcase,common,nonfoil,Showcase,469,scryfall_oracle:b6859c7a-4c4d-4652-938f-ecedce29d506,,,ffabb307-87f0-428b-a4dc-a147c6c926a8,738098,,738098,Generous Ent,5489,The Lord of the Rings: Tales of Middle-earth,,,mixed/unknown,6,10.33,4.63,11.18,7.56,,0,,,,Low,,EUR,EUR,,,,,"{""mapped_product_ids"": []}",AMBIGUOUS,Cardmarket bulk data does not prove finish/treatment,false,false,false,,,,,,,,NO_COMPARISON,,,,NO_COMPARISON,ambiguous_identity,,"{""ambiguity_reasons"": [""unproven_treatment""], ""external_provenance"": [], ""scryfall_cardmarket_id"": 738098, ""stored_ids"": [738098], ""validated_stored_ids"": [738098]}",,,,
13469,magic,Generous Ent,620,ltr,The Lord of the Rings: Tales of Middle-earth,en,Showcase,common,foil,Showcase,469,scryfall_oracle:b6859c7a-4c4d-4652-938f-ecedce29d506,,,ffabb307-87f0-428b-a4dc-a147c6c926a8,738098,,738098,Generous Ent,5489,The Lord of the Rings: Tales of Middle-earth,,,mixed/unknown,6,10.33,4.63,11.18,7.56,,0,,,,Foil Low,,EUR,EUR,,,,,"{""mapped_product_ids"": []}",AMBIGUOUS,Cardmarket bulk data does not prove finish/treatment,false,false,false,,,,,,,,NO_COMPARISON,,,,NO_COMPARISON,ambiguous_identity,,"{""ambiguity_reasons"": [""unproven_treatment""], ""external_provenance"": [], ""scryfall_cardmarket_id"": 738098, ""stored_ids"": [738098], ""validated_stored_ids"": [738098]}",,,,
13470,magic,Gift of Strands,621,ltr,The Lord of the Rings: Tales of Middle-earth,en,Showcase,uncommon,nonfoil,Showcase,302,scryfall_oracle:7a7789e5-f2ac-49b2-943e-7d49e4727fb6,,,5cb2cef4-ad58-47b2-9d15-8fc257f30332,738101,,738101,Gift of Strands,5489,The Lord of the Rings: Tales of Middle-earth,,,mixed/unknown,0.1,0,,,,0.1,0.26,0.1,0.27,0.2,Low,,EUR,EUR,,,,,"{""mapped_product_ids"": []}",AMBIGUOUS,Cardmarket bulk data does not prove finish/treatment,false,false,false,,,,,,,,NO_COMPARISON,,,,NO_COMPARISON,ambiguous_identity,,"{""ambiguity_reasons"": [""unproven_treatment""], ""external_provenance"": [], ""scryfall_cardmarket_id"": 738101, ""stored_ids"": [738101], ""validated_stored_ids"": [738101]}",,,,
13471,magic,Gift of Strands,621,ltr,The Lord of the Rings: Tales of Middle-earth,en,Showcase,uncommon,foil,Showcase,302,scryfall_oracle:7a7789e5-f2ac-49b2-943e-7d49e4727fb6,,,5cb2cef4-ad58-47b2-9d15-8fc257f30332,738101,,738101,Gift of Strands,5489,The Lord of the Rings: Tales of Middle-earth,,,mixed/unknown,0.1,0,,,,0.1,0.26,0.1,0.27,0.2,Foil Low,,EUR,EUR,,,,,"{""mapped_product_ids"": []}",AMBIGUOUS,Cardmarket bulk data does not prove finish/treatment,false,false,false,,,,,,,,NO_COMPARISON,,,,NO_COMPARISON,ambiguous_identity,,"{""ambiguity_reasons"": [""unproven_treatment""], ""external_provenance"": [], ""scryfall_cardmarket_id"": 738101, ""stored_ids"": [738101], ""validated_stored_ids"": [738101]}",,,,
13472,magic,"Glorfindel, Dauntless Rescuer",622,ltr,The Lord of the Rings: Tales of Middle-earth,en,Showcase,uncommon,nonfoil,Showcase,372,scryfall_oracle:93842030-2017-4233-a7ac-7112361c019f,,,d5da35c4-6b1b-4499-a002-96660ba3d8a7,738102,,738102,"Glorfindel, Dauntless Rescuer",5489,The Lord of the Rings: Tales of Middle-earth,,,mixed/unknown,0.02,0.24,0.59,0.24,0.18,,0,,,,Low,,EUR,EUR,,,,,"{""mapped_product_ids"": []}",AMBIGUOUS,Cardmarket bulk data does not prove finish/treatment,false,false,false,,,,,,,,NO_COMPARISON,,,,NO_COMPARISON,ambiguous_identity,,"{""ambiguity_reasons"": [""unproven_treatment""], ""external_provenance"": [], ""scryfall_cardmarket_id"": 738102, ""stored_ids"": [738102], ""validated_stored_ids"": [738102]}",,,,
13473,magic,"Glorfindel, Dauntless Rescuer",622,ltr,The Lord of the Rings: Tales of Middle-earth,en,Showcase,uncommon,foil,Showcase,372,scryfall_oracle:93842030-2017-4233-a7ac-7112361c019f,,,d5da35c4-6b1b-4499-a002-96660ba3d8a7,738102,,738102,"Glorfindel, Dauntless Rescuer",5489,The Lord of the Rings: Tales of Middle-earth,,,mixed/unknown,0.02,0.24,0.59,0.24,0.18,,0,,,,Foil Low,,EUR,EUR,,,,,"{""mapped_product_ids"": []}",AMBIGUOUS,Cardmarket bulk data does not prove finish/treatment,false,false,false,,,,,,,,NO_COMPARISON,,,,NO_COMPARISON,ambiguous_identity,,"{""ambiguity_reasons"": [""unproven_treatment""], ""external_provenance"": [], ""scryfall_cardmarket_id"": 738102, ""stored_ids"": [738102], ""validated_stored_ids"": [738102]}",,,,
13474,magic,Last March of the Ents,623,ltr,The Lord of the Rings: Tales of Middle-earth,en,Showcase,mythic,nonfoil,Showcase,138,scryfall_oracle:3999cd64-ff5c-4e2c-8aa6-d14f9f8a2b4c,,,b7518bcf-766a-457d-a627-dbfb0207309c,738104,,738104,Last March of the Ents,5489,The Lord of the Rings: Tales of Middle-earth,,,mixed/unknown,32,34.46,44,34.62,30.57,,0,,,,Low,,EUR,EUR,,,,,"{""mapped_product_ids"": []}",AMBIGUOUS,Cardmarket bulk data does not prove finish/treatment,false,false,false,,,,,,,,NO_COMPARISON,,,,NO_COMPARISON,ambiguous_identity,,"{""ambiguity_reasons"": [""unproven_treatment""], ""external_provenance"": [], ""scryfall_cardmarket_id"": 738104, ""stored_ids"": [738104], ""validated_stored_ids"": [738104]}",,,,
13475,magic,Last March of the Ents,623,ltr,The Lord of the Rings: Tales of Middle-earth,en,Showcase,mythic,foil,Showcase,138,scryfall_oracle:3999cd64-ff5c-4e2c-8aa6-d14f9f8a2b4c,,,b7518bcf-766a-457d-a627-dbfb0207309c,738104,,738104,Last March of the Ents,5489,The Lord of the Rings: Tales of Middle-earth,,,mixed/unknown,32,34.46,44,34.62,30.57,,0,,,,Foil Low,,EUR,EUR,,,,,"{""mapped_product_ids"": []}",AMBIGUOUS,Cardmarket bulk data does not prove finish/treatment,false,false,false,,,,,,,,NO_COMPARISON,,,,NO_COMPARISON,ambiguous_identity,,"{""ambiguity_reasons"": [""unproven_treatment""], ""external_provenance"": [], ""scryfall_cardmarket_id"": 738104, ""stored_ids"": [738104], ""validated_stored_ids"": [738104]}",,,,
13476,magic,"Legolas, Master Archer",624,ltr,The Lord of the Rings: Tales of Middle-earth,en,Showcase,rare,nonfoil,Showcase,232,scryfall_oracle:5e99497f-7c73-49ae-88b3-78d5d74ba9ea,,,fe6e9ef5-bd34-4d6c-baf4-957f13b331b6,738106,,738106,"Legolas, Master Archer",5489,The Lord of the Rings: Tales of Middle-earth,,,mixed/unknown,2.25,2.56,3.58,2.78,2.81,,0,,,,Low,,EUR,EUR,,,,,"{""mapped_product_ids"": []}",AMBIGUOUS,Cardmarket bulk data does not prove finish/treatment,false,false,false,,,,,,,,NO_COMPARISON,,,,NO_COMPARISON,ambiguous_identity,,"{""ambiguity_reasons"": [""unproven_treatment""], ""external_provenance"": [], ""scryfall_cardmarket_id"": 738106, ""stored_ids"": [738106], ""validated_stored_ids"": [738106]}",,,,
13477,magic,"Legolas, Master Archer",624,ltr,The Lord of the Rings: Tales of Middle-earth,en,Showcase,rare,foil,Showcase,232,scryfall_oracle:5e99497f-7c73-49ae-88b3-78d5d74ba9ea,,,fe6e9ef5-bd34-4d6c-baf4-957f13b331b6,738106,,738106,"Legolas, Master Archer",5489,The Lord of the Rings: Tales of Middle-earth,,,mixed/unknown,2.25,2.56,3.58,2.78,2.81,,0,,,,Foil Low,,EUR,EUR,,,,,"{""mapped_product_ids"": []}",AMBIGUOUS,Cardmarket bulk data does not prove finish/treatment,false,false,false,,,,,,,,NO_COMPARISON,,,,NO_COMPARISON,ambiguous_identity,,"{""ambiguity_reasons"": [""unproven_treatment""], ""external_provenance"": [], ""scryfall_cardmarket_id"": 738106, ""stored_ids"": [738106], ""validated_stored_ids"": [738106]}",,,,
13478,magic,Long List of the Ents,625,ltr,The Lord of the Rings: Tales of Middle-earth,en,Showcase,uncommon,nonfoil,Showcase,4,scryfall_oracle:01376449-5cd2-4079-8aaa-5128634ef20b,,,65f6add2-0aa8-4372-a116-cc09d2e2480f,738108,,738108,Long List of the Ents,5489,The Lord of the Rings: Tales of Middle-earth,,,mixed/unknown,0.09,0.2,0.25,0.16,0.2,,0,,,,Low,,EUR,EUR,,,,,"{""mapped_product_ids"": []}",AMBIGUOUS,Cardmarket bulk data does not prove finish/treatment,false,false,false,,,,,,,,NO_COMPARISON,,,,NO_COMPARISON,ambiguous_identity,,"{""ambiguity_reasons"": [""unproven_treatment""], ""external_provenance"": [], ""scryfall_cardmarket_id"": 738108, ""stored_ids"": [738108], ""validated_stored_ids"": [738108]}",,,,
13479,magic,Long List of the Ents,625,ltr,The Lord of the Rings: Tales of Middle-earth,en,Showcase,uncommon,foil,Showcase,4,scryfall_oracle:01376449-5cd2-4079-8aaa-5128634ef20b,,,65f6add2-0aa8-4372-a116-cc09d2e2480f,738108,,738108,Long List of the Ents,5489,The Lord of the Rings: Tales of Middle-earth,,,mixed/unknown,0.09,0.2,0.25,0.16,0.2,,0,,,,Foil Low,,EUR,EUR,,,,,"{""mapped_product_ids"": []}",AMBIGUOUS,Cardmarket bulk data does not prove finish/treatment,false,false,false,,,,,,,,NO_COMPARISON,,,,NO_COMPARISON,ambiguous_identity,,"{""ambiguity_reasons"": [""unproven_treatment""], ""external_provenance"": [], ""scryfall_cardmarket_id"": 738108, ""stored_ids"": [738108], ""validated_stored_ids"": [738108]}",,,,
13480,magic,Lothlórien Lookout,626,ltr,The Lord of the Rings: Tales of Middle-earth,en,Showcase,common,nonfoil,Showcase,596,scryfall_oracle:ed839fae-3429-4ac5-997c-286d8e8cf05f,,,cd1ed01a-c449-4b6c-8474-a0cdf2df1636,738111,,738111,Lothlórien Lookout,5489,The Lord of the Rings: Tales of Middle-earth,,,mixed/unknown,0.1,0.17,0.17,0.17,0.17,0.1,0.26,0.27,0.26,0.28,Low,,EUR,EUR,,,,,"{""mapped_product_ids"": []}",AMBIGUOUS,Cardmarket bulk data does not prove finish/treatment,false,false,false,,,,,,,,NO_COMPARISON,,,,NO_COMPARISON,ambiguous_identity,,"{""ambiguity_reasons"": [""unproven_treatment""], ""external_provenance"": [], ""scryfall_cardmarket_id"": 738111, ""stored_ids"": [738111], ""validated_stored_ids"": [738111]}",,,,
13481,magic,Lothlórien Lookout,626,ltr,The Lord of the Rings: Tales of Middle-earth,en,Showcase,common,foil,Showcase,596,scryfall_oracle:ed839fae-3429-4ac5-997c-286d8e8cf05f,,,cd1ed01a-c449-4b6c-8474-a0cdf2df1636,738111,,738111,Lothlórien Lookout,5489,The Lord of the Rings: Tales of Middle-earth,,,mixed/unknown,0.1,0.17,0.17,0.17,0.17,0.1,0.26,0.27,0.26,0.28,Foil Low,,EUR,EUR,,,,,"{""mapped_product_ids"": []}",AMBIGUOUS,Cardmarket bulk data does not prove finish/treatment,false,false,false,,,,,,,,NO_COMPARISON,,,,NO_COMPARISON,ambiguous_identity,,"{""ambiguity_reasons"": [""unproven_treatment""], ""external_provenance"": [], ""scryfall_cardmarket_id"": 738111, ""stored_ids"": [738111], ""validated_stored_ids"": [738111]}",,,,
13482,magic,Many Partings,627,ltr,The Lord of the Rings: Tales of Middle-earth,en,Showcase,common,nonfoil,Showcase,369,scryfall_oracle:92ea750e-62b7-4422-a527-ddf435759d08,,,e21cb323-9e0d-49c4-9ff6-e8040b84ee4c,738112,,738112,Many Partings,5489,The Lord of the Rings: Tales of Middle-earth,,,mixed/unknown,0.15,0.53,0.45,0.6,0.44,,0,,,,Low,,EUR,EUR,,,,,"{""mapped_product_ids"": []}",AMBIGUOUS,Cardmarket bulk data does not prove finish/treatment,false,false,false,,,,,,,,NO_COMPARISON,,,,NO_COMPARISON,ambiguous_identity,,"{""ambiguity_reasons"": [""unproven_treatment""], ""external_provenance"": [], ""scryfall_cardmarket_id"": 738112, ""stored_ids"": [738112], ""validated_stored_ids"": [738112]}",,,,
13483,magic,Many Partings,627,ltr,The Lord of the Rings: Tales of Middle-earth,en,Showcase,common,foil,Showcase,369,scryfall_oracle:92ea750e-62b7-4422-a527-ddf435759d08,,,e21cb323-9e0d-49c4-9ff6-e8040b84ee4c,738112,,738112,Many Partings,5489,The Lord of the Rings: Tales of Middle-earth,,,mixed/unknown,0.15,0.53,0.45,0.6,0.44,,0,,,,Foil Low,,EUR,EUR,,,,,"{""mapped_product_ids"": []}",AMBIGUOUS,Cardmarket bulk data does not prove finish/treatment,false,false,false,,,,,,,,NO_COMPARISON,,,,NO_COMPARISON,ambiguous_identity,,"{""ambiguity_reasons"": [""unproven_treatment""], ""external_provenance"": [], ""scryfall_cardmarket_id"": 738112, ""stored_ids"": [738112], ""validated_stored_ids"": [738112]}",,,,
13484,magic,Meriadoc Brandybuck,628,ltr,The Lord of the Rings: Tales of Middle-earth,en,Showcase,uncommon,nonfoil,Showcase,637,scryfall_oracle:fec6a4a7-4ded-4062-b99b-c1826dea7113,,,38e40b74-fc77-4797-bb52-4806d10dff82,738115,,738115,Meriadoc Brandybuck,5489,The Lord of the Rings: Tales of Middle-earth,,,mixed/unknown,0.09,0.21,0.21,0.13,0.13,0.09,0.49,0.44,0.45,0.5,Low,,EUR,EUR,,,,,"{""mapped_product_ids"": []}",AMBIGUOUS,Cardmarket bulk data does not prove finish/treatment,false,false,false,,,,,,,,NO_COMPARISON,,,,NO_COMPARISON,ambiguous_identity,,"{""ambiguity_reasons"": [""unproven_treatment""], ""external_provenance"": [], ""scryfall_cardmarket_id"": 738115, ""stored_ids"": [738115], ""validated_stored_ids"": [738115]}",,,,
13485,magic,Meriadoc Brandybuck,628,ltr,The Lord of the Rings: Tales of Middle-earth,en,Showcase,uncommon,foil,Showcase,637,scryfall_oracle:fec6a4a7-4ded-4062-b99b-c1826dea7113,,,38e40b74-fc77-4797-bb52-4806d10dff82,738115,,738115,Meriadoc Brandybuck,5489,The Lord of the Rings: Tales of Middle-earth,,,mixed/unknown,0.09,0.21,0.21,0.13,0.13,0.09,0.49,0.44,0.45,0.5,Foil Low,,EUR,EUR,,,,,"{""mapped_product_ids"": []}",AMBIGUOUS,Cardmarket bulk data does not prove finish/treatment,false,false,false,,,,,,,,NO_COMPARISON,,,,NO_COMPARISON,ambiguous_identity,,"{""ambiguity_reasons"": [""unproven_treatment""], ""external_provenance"": [], ""scryfall_cardmarket_id"": 738115, ""stored_ids"": [738115], ""validated_stored_ids"": [738115]}",,,,
13486,magic,Mirkwood Spider,629,ltr,The Lord of the Rings: Tales of Middle-earth,en,Showcase,common,nonfoil,Showcase,21,scryfall_oracle:07fb2903-b239-43d0-864b-c4437b7a5230,,,94333bbf-3945-4f4c-858e-f1ca3f254079,738116,,738116,Mirkwood Spider,5489,The Lord of the Rings: Tales of Middle-earth,,,mixed/unknown,0.1,1.06,0.29,1.29,0.48,,0,,,,Low,,EUR,EUR,,,,,"{""mapped_product_ids"": []}",AMBIGUOUS,Cardmarket bulk data does not prove finish/treatment,false,false,false,,,,,,,,NO_COMPARISON,,,,NO_COMPARISON,ambiguous_identity,,"{""ambiguity_reasons"": [""unproven_treatment""], ""external_provenance"": [], ""scryfall_cardmarket_id"": 738116, ""stored_ids"": [738116], ""validated_stored_ids"": [738116]}",,,,
13487,magic,Mirkwood Spider,629,ltr,The Lord of the Rings: Tales of Middle-earth,en,Showcase,common,foil,Showcase,21,scryfall_oracle:07fb2903-b239-43d0-864b-c4437b7a5230,,,94333bbf-3945-4f4c-858e-f1ca3f254079,738116,,738116,Mirkwood Spider,5489,The Lord of the Rings: Tales of Middle-earth,,,mixed/unknown,0.1,1.06,0.29,1.29,0.48,,0,,,,Foil Low,,EUR,EUR,,,,,"{""mapped_product_ids"": []}",AMBIGUOUS,Cardmarket bulk data does not prove finish/treatment,false,false,false,,,,,,,,NO_COMPARISON,,,,NO_COMPARISON,ambiguous_identity,,"{""ambiguity_reasons"": [""unproven_treatment""], ""external_provenance"": [], ""scryfall_cardmarket_id"": 738116, ""stored_ids"": [738116], ""validated_stored_ids"": [738116]}",,,,
13488,magic,Mirrormere Guardian,630,ltr,The Lord of the Rings: Tales of Middle-earth,en,Showcase,common,nonfoil,Showcase,385,scryfall_oracle:97c188c4-3f27-428e-a4f6-4213f44898fc,,,c17c9f25-d373-4ce4-8e1f-7738dd1792e5,738118,,738118,Mirrormere Guardian,5489,The Lord of the Rings: Tales of Middle-earth,,,mixed/unknown,0.04,0.15,0.15,0.12,0.13,,0,,,,Low,,EUR,EUR,,,,,"{""mapped_product_ids"": []}",AMBIGUOUS,Cardmarket bulk data does not prove finish/treatment,false,false,false,,,,,,,,NO_COMPARISON,,,,NO_COMPARISON,ambiguous_identity,,"{""ambiguity_reasons"": [""unproven_treatment""], ""external_provenance"": [], ""scryfall_cardmarket_id"": 738118, ""stored_ids"": [738118], ""validated_stored_ids"": [738118]}",,,,
13489,magic,Mirrormere Guardian,630,ltr,The Lord of the Rings: Tales of Middle-earth,en,Showcase,common,foil,Showcase,385,scryfall_oracle:97c188c4-3f27-428e-a4f6-4213f44898fc,,,c17c9f25-d373-4ce4-8e1f-7738dd1792e5,738118,,738118,Mirrormere Guardian,5489,The Lord of the Rings: Tales of Middle-earth,,,mixed/unknown,0.04,0.15,0.15,0.12,0.13,,0,,,,Foil Low,,EUR,EUR,,,,,"{""mapped_product_ids"": []}",AMBIGUOUS,Cardmarket bulk data does not prove finish/treatment,false,false,false,,,,,,,,NO_COMPARISON,,,,NO_COMPARISON,ambiguous_identity,,"{""ambiguity_reasons"": [""unproven_treatment""], ""external_provenance"": [], ""scryfall_cardmarket_id"": 738118, ""stored_ids"": [738118], ""validated_stored_ids"": [738118]}",,,,
13490,magic,Mushroom Watchdogs,631,ltr,The Lord of the Rings: Tales of Middle-earth,en,Showcase,common,nonfoil,Showcase,321,scryfall_oracle:82259c84-773d-4670-9b09-d73f5a3be7ea,,,60d4ed9e-1a13-46bf-963a-22859318e011,738120,,738120,Mushroom Watchdogs,5489,The Lord of the Rings: Tales of Middle-earth,,,mixed/unknown,0.05,0.13,0.16,0.14,0.14,,0,,,,Low,,EUR,EUR,,,,,"{""mapped_product_ids"": []}",AMBIGUOUS,Cardmarket bulk data does not prove finish/treatment,false,false,false,,,,,,,,NO_COMPARISON,,,,NO_COMPARISON,ambiguous_identity,,"{""ambiguity_reasons"": [""unproven_treatment""], ""external_provenance"": [], ""scryfall_cardmarket_id"": 738120, ""stored_ids"": [738120], ""validated_stored_ids"": [738120]}",,,,
13491,magic,Mushroom Watchdogs,631,ltr,The Lord of the Rings: Tales of Middle-earth,en,Showcase,common,foil,Showcase,321,scryfall_oracle:82259c84-773d-4670-9b09-d73f5a3be7ea,,,60d4ed9e-1a13-46bf-963a-22859318e011,738120,,738120,Mushroom Watchdogs,5489,The Lord of the Rings: Tales of Middle-earth,,,mixed/unknown,0.05,0.13,0.16,0.14,0.14,,0,,,,Foil Low,,EUR,EUR,,,,,"{""mapped_product_ids"": []}",AMBIGUOUS,Cardmarket bulk data does not prove finish/treatment,false,false,false,,,,,,,,NO_COMPARISON,,,,NO_COMPARISON,ambiguous_identity,,"{""ambiguity_reasons"": [""unproven_treatment""], ""external_provenance"": [], ""scryfall_cardmarket_id"": 738120, ""stored_ids"": [738120], ""validated_stored_ids"": [738120]}",,,,
13492,magic,Peregrin Took,632,ltr,The Lord of the Rings: Tales of Middle-earth,en,Showcase,uncommon,nonfoil,Showcase,61,scryfall_oracle:188da0ad-8524-4fb2-915e-1876dc9df89f,,,3799ddbf-b90b-440b-8164-162b83e3f290,738122,,738122,Peregrin Took,5489,The Lord of the Rings: Tales of Middle-earth,,,mixed/unknown,0.75,1.79,2.99,1.59,1.64,,0,,,,Low,,EUR,EUR,,,,,"{""mapped_product_ids"": []}",AMBIGUOUS,Cardmarket bulk data does not prove finish/treatment,false,false,false,,,,,,,,NO_COMPARISON,,,,NO_COMPARISON,ambiguous_identity,,"{""ambiguity_reasons"": [""unproven_treatment""], ""external_provenance"": [], ""scryfall_cardmarket_id"": 738122, ""stored_ids"": [738122], ""validated_stored_ids"": [738122]}",,,,
13493,magic,Peregrin Took,632,ltr,The Lord of the Rings: Tales of Middle-earth,en,Showcase,uncommon,foil,Showcase,61,scryfall_oracle:188da0ad-8524-4fb2-915e-1876dc9df89f,,,3799ddbf-b90b-440b-8164-162b83e3f290,738122,,738122,Peregrin Took,5489,The Lord of the Rings: Tales of Middle-earth,,,mixed/unknown,0.75,1.79,2.99,1.59,1.64,,0,,,,Foil Low,,EUR,EUR,,,,,"{""mapped_product_ids"": []}",AMBIGUOUS,Cardmarket bulk data does not prove finish/treatment,false,false,false,,,,,,,,NO_COMPARISON,,,,NO_COMPARISON,ambiguous_identity,,"{""ambiguity_reasons"": [""unproven_treatment""], ""external_provenance"": [], ""scryfall_cardmarket_id"": 738122, ""stored_ids"": [738122], ""validated_stored_ids"": [738122]}",,,,
13494,magic,Pippin's Bravery,633,ltr,The Lord of the Rings: Tales of Middle-earth,en,Showcase,common,nonfoil,Showcase,512,scryfall_oracle:c7ec52b1-295a-4daa-86fd-dcbe6fb412d7,,,68819eaa-65b3-4a87-8412-b9b66485e829,738125,,738125,Pippin's Bravery,5489,The Lord of the Rings: Tales of Middle-earth,,,mixed/unknown,0.09,0,,,,0.09,0.27,0.2,0.21,0.25,Low,,EUR,EUR,,,,,"{""mapped_product_ids"": []}",AMBIGUOUS,Cardmarket bulk data does not prove finish/treatment,false,false,false,,,,,,,,NO_COMPARISON,,,,NO_COMPARISON,ambiguous_identity,,"{""ambiguity_reasons"": [""unproven_treatment""], ""external_provenance"": [], ""scryfall_cardmarket_id"": 738125, ""stored_ids"": [738125], ""validated_stored_ids"": [738125]}",,,,
13495,magic,Pippin's Bravery,633,ltr,The Lord of the Rings: Tales of Middle-earth,en,Showcase,common,foil,Showcase,512,scryfall_oracle:c7ec52b1-295a-4daa-86fd-dcbe6fb412d7,,,68819eaa-65b3-4a87-8412-b9b66485e829,738125,,738125,Pippin's Bravery,5489,The Lord of the Rings: Tales of Middle-earth,,,mixed/unknown,0.09,0,,,,0.09,0.27,0.2,0.21,0.25,Foil Low,,EUR,EUR,,,,,"{""mapped_product_ids"": []}",AMBIGUOUS,Cardmarket bulk data does not prove finish/treatment,false,false,false,,,,,,,,NO_COMPARISON,,,,NO_COMPARISON,ambiguous_identity,,"{""ambiguity_reasons"": [""unproven_treatment""], ""external_provenance"": [], ""scryfall_cardmarket_id"": 738125, ""stored_ids"": [738125], ""validated_stored_ids"": [738125]}",,,,
13496,magic,"Quickbeam, Upstart Ent",634,ltr,The Lord of the Rings: Tales of Middle-earth,en,Showcase,uncommon,nonfoil,Showcase,395,scryfall_oracle:9ad903c5-1528-44d6-b4b6-f05a2399d91f,,,7dec5cc7-4e83-4a6b-865c-aaae9d039168,738126,,738126,"Quickbeam, Upstart Ent",5489,The Lord of the Rings: Tales of Middle-earth,,,mixed/unknown,0.04,0.21,0.14,0.19,0.14,,0,,,,Low,,EUR,EUR,,,,,"{""mapped_product_ids"": []}",AMBIGUOUS,Cardmarket bulk data does not prove finish/treatment,false,false,false,,,,,,,,NO_COMPARISON,,,,NO_COMPARISON,ambiguous_identity,,"{""ambiguity_reasons"": [""unproven_treatment""], ""external_provenance"": [], ""scryfall_cardmarket_id"": 738126, ""stored_ids"": [738126], ""validated_stored_ids"": [738126]}",,,,
13497,magic,"Quickbeam, Upstart Ent",634,ltr,The Lord of the Rings: Tales of Middle-earth,en,Showcase,uncommon,foil,Showcase,395,scryfall_oracle:9ad903c5-1528-44d6-b4b6-f05a2399d91f,,,7dec5cc7-4e83-4a6b-865c-aaae9d039168,738126,,738126,"Quickbeam, Upstart Ent",5489,The Lord of the Rings: Tales of Middle-earth,,,mixed/unknown,0.04,0.21,0.14,0.19,0.14,,0,,,,Foil Low,,EUR,EUR,,,,,"{""mapped_product_ids"": []}",AMBIGUOUS,Cardmarket bulk data does not prove finish/treatment,false,false,false,,,,,,,,NO_COMPARISON,,,,NO_COMPARISON,ambiguous_identity,,"{""ambiguity_reasons"": [""unproven_treatment""], ""external_provenance"": [], ""scryfall_cardmarket_id"": 738126, ""stored_ids"": [738126], ""validated_stored_ids"": [738126]}",,,,
13498,magic,Radagast the Brown,635,ltr,The Lord of the Rings: Tales of Middle-earth,en,Showcase,mythic,nonfoil,Showcase,569,scryfall_oracle:dfa47d0d-17f0-4a12-89d3-0d3c7f3db8c6,,,0527d8ea-4420-445d-9300-1efde3829732,738129,,738129,Radagast the Brown,5489,The Lord of the Rings: Tales of Middle-earth,,,mixed/unknown,10,0,,,,10,11.72,10.51,12.57,15.69,Low,,EUR,EUR,,,,,"{""mapped_product_ids"": []}",AMBIGUOUS,Cardmarket bulk data does not prove finish/treatment,false,false,false,,,,,,,,NO_COMPARISON,,,,NO_COMPARISON,ambiguous_identity,,"{""ambiguity_reasons"": [""unproven_treatment""], ""external_provenance"": [], ""scryfall_cardmarket_id"": 738129, ""stored_ids"": [738129], ""validated_stored_ids"": [738129]}",,,,
13499,magic,Radagast the Brown,635,ltr,The Lord of the Rings: Tales of Middle-earth,en,Showcase,mythic,foil,Showcase,569,scryfall_oracle:dfa47d0d-17f0-4a12-89d3-0d3c7f3db8c6,,,0527d8ea-4420-445d-9300-1efde3829732,738129,,738129,Radagast the Brown,5489,The Lord of the Rings: Tales of Middle-earth,,,mixed/unknown,10,0,,,,10,11.72,10.51,12.57,15.69,Foil Low,,EUR,EUR,,,,,"{""mapped_product_ids"": []}",AMBIGUOUS,Cardmarket bulk data does not prove finish/treatment,false,false,false,,,,,,,,NO_COMPARISON,,,,NO_COMPARISON,ambiguous_identity,,"{""ambiguity_reasons"": [""unproven_treatment""], ""external_provenance"": [], ""scryfall_cardmarket_id"": 738129, ""stored_ids"": [738129], ""validated_stored_ids"": [738129]}",,,,
13500,magic,Revive the Shire,636,ltr,The Lord of the Rings: Tales of Middle-earth,en,Showcase,common,nonfoil,Showcase,262,scryfall_oracle:67afcfef-3f0c-4823-b690-01732f28a005,,,fc676894-59de-4e69-a110-5e4def877c58,738130,,738130,Revive the Shire,5489,The Lord of the Rings: Tales of Middle-earth,,,mixed/unknown,0.15,0.49,1.13,0.5,0.35,,0,,,,Low,,EUR,EUR,,,,,"{""mapped_product_ids"": []}",AMBIGUOUS,Cardmarket bulk data does not prove finish/treatment,false,false,false,,,,,,,,NO_COMPARISON,,,,NO_COMPARISON,ambiguous_identity,,"{""ambiguity_reasons"": [""unproven_treatment""], ""external_provenance"": [], ""scryfall_cardmarket_id"": 738130, ""stored_ids"": [738130], ""validated_stored_ids"": [738130]}",,,,
13501,magic,Revive the Shire,636,ltr,The Lord of the Rings: Tales of Middle-earth,en,Showcase,common,foil,Showcase,262,scryfall_oracle:67afcfef-3f0c-4823-b690-01732f28a005,,,fc676894-59de-4e69-a110-5e4def877c58,738130,,738130,Revive the Shire,5489,The Lord of the Rings: Tales of Middle-earth,,,mixed/unknown,0.15,0.49,1.13,0.5,0.35,,0,,,,Foil Low,,EUR,EUR,,,,,"{""mapped_product_ids"": []}",AMBIGUOUS,Cardmarket bulk data does not prove finish/treatment,false,false,false,,,,,,,,NO_COMPARISON,,,,NO_COMPARISON,ambiguous_identity,,"{""ambiguity_reasons"": [""unproven_treatment""], ""external_provenance"": [], ""scryfall_cardmarket_id"": 738130, ""stored_ids"": [738130], ""validated_stored_ids"": [738130]}",,,,
13502,magic,The Ring Goes South,637,ltr,The Lord of the Rings: Tales of Middle-earth,en,Showcase,rare,nonfoil,Showcase,151,scryfall_oracle:3d36f0ab-d333-4a08-ad1b-5b7e1ddb647c,,,2003c7f1-c9dc-4d0a-ba4b-6a4ca705164a,738133,,738133,The Ring Goes South,5489,The Lord of the Rings: Tales of Middle-earth,,,mixed/unknown,1.49,0,,,,1.49,2.37,2.99,2.31,2.14,Low,,EUR,EUR,,,,,"{""mapped_product_ids"": []}",AMBIGUOUS,Cardmarket bulk data does not prove finish/treatment,false,false,false,,,,,,,,NO_COMPARISON,,,,NO_COMPARISON,ambiguous_identity,,"{""ambiguity_reasons"": [""unproven_treatment""], ""external_provenance"": [], ""scryfall_cardmarket_id"": 738133, ""stored_ids"": [738133], ""validated_stored_ids"": [738133]}",,,,
13503,magic,The Ring Goes South,637,ltr,The Lord of the Rings: Tales of Middle-earth,en,Showcase,rare,foil,Showcase,151,scryfall_oracle:3d36f0ab-d333-4a08-ad1b-5b7e1ddb647c,,,2003c7f1-c9dc-4d0a-ba4b-6a4ca705164a,738133,,738133,The Ring Goes South,5489,The Lord of the Rings: Tales of Middle-earth,,,mixed/unknown,1.49,0,,,,1.49,2.37,2.99,2.31,2.14,Foil Low,,EUR,EUR,,,,,"{""mapped_product_ids"": []}",AMBIGUOUS,Cardmarket bulk data does not prove finish/treatment,false,false,false,,,,,,,,NO_COMPARISON,,,,NO_COMPARISON,ambiguous_identity,,"{""ambiguity_reasons"": [""unproven_treatment""], ""external_provenance"": [], ""scryfall_cardmarket_id"": 738133, ""stored_ids"": [738133], ""validated_stored_ids"": [738133]}",,,,
13504,magic,Shortcut to Mushrooms,638,ltr,The Lord of the Rings: Tales of Middle-earth,en,Showcase,uncommon,nonfoil,Showcase,109,scryfall_oracle:2dc6637a-0b51-462b-9f18-571146bb4558,,,aab671b7-afb3-4d99-8f6d-3240f31508d7,738134,,738134,Shortcut to Mushrooms,5489,The Lord of the Rings: Tales of Middle-earth,,,mixed/unknown,0.05,0.18,0.2,0.19,0.18,,0,,,,Low,,EUR,EUR,,,,,"{""mapped_product_ids"": []}",AMBIGUOUS,Cardmarket bulk data does not prove finish/treatment,false,false,false,,,,,,,,NO_COMPARISON,,,,NO_COMPARISON,ambiguous_identity,,"{""ambiguity_reasons"": [""unproven_treatment""], ""external_provenance"": [], ""scryfall_cardmarket_id"": 738134, ""stored_ids"": [738134], ""validated_stored_ids"": [738134]}",,,,
13506,magic,Shower of Arrows,639,ltr,The Lord of the Rings: Tales of Middle-earth,en,Showcase,common,nonfoil,Showcase,605,scryfall_oracle:efcbca5a-743c-4b16-a7cf-b07335b31ced,,,a649eaeb-87df-40c6-acea-61cd229fcb49,738136,,738136,Shower of Arrows,5489,The Lord of the Rings: Tales of Middle-earth,,,mixed/unknown,0.04,0.15,0.1,0.16,0.18,,0,,,,Low,,EUR,EUR,,,,,"{""mapped_product_ids"": []}",AMBIGUOUS,Cardmarket bulk data does not prove finish/treatment,false,false,false,,,,,,,,NO_COMPARISON,,,,NO_COMPARISON,ambiguous_identity,,"{""ambiguity_reasons"": [""unproven_treatment""], ""external_provenance"": [], ""scryfall_cardmarket_id"": 738136, ""stored_ids"": [738136], ""validated_stored_ids"": [738136]}",,,,
13507,magic,Shower of Arrows,639,ltr,The Lord of the Rings: Tales of Middle-earth,en,Showcase,common,foil,Showcase,605,scryfall_oracle:efcbca5a-743c-4b16-a7cf-b07335b31ced,,,a649eaeb-87df-40c6-acea-61cd229fcb49,738136,,738136,Shower of Arrows,5489,The Lord of the Rings: Tales of Middle-earth,,,mixed/unknown,0.04,0.15,0.1,0.16,0.18,,0,,,,Foil Low,,EUR,EUR,,,,,"{""mapped_product_ids"": []}",AMBIGUOUS,Cardmarket bulk data does not prove finish/treatment,false,false,false,,,,,,,,NO_COMPARISON,,,,NO_COMPARISON,ambiguous_identity,,"{""ambiguity_reasons"": [""unproven_treatment""], ""external_provenance"": [], ""scryfall_cardmarket_id"": 738136, ""stored_ids"": [738136], ""validated_stored_ids"": [738136]}",,,,
13508,magic,Stew the Coneys,640,ltr,The Lord of the Rings: Tales of Middle-earth,en,Showcase,uncommon,nonfoil,Showcase,620,scryfall_oracle:f6f1b8da-5e7c-4121-9b0f-fd6678b04991,,,bb127265-7be7-4807-884e-bf9f49c39192,738138,,738138,Stew the Coneys,5489,The Lord of the Rings: Tales of Middle-earth,,,mixed/unknown,0.02,0.11,0.15,0.17,0.17,,0,,,,Low,,EUR,EUR,,,,,"{""mapped_product_ids"": []}",AMBIGUOUS,Cardmarket bulk data does not prove finish/treatment,false,false,false,,,,,,,,NO_COMPARISON,,,,NO_COMPARISON,ambiguous_identity,,"{""ambiguity_reasons"": [""unproven_treatment""], ""external_provenance"": [], ""scryfall_cardmarket_id"": 738138, ""stored_ids"": [738138], ""validated_stored_ids"": [738138]}",,,,
13509,magic,Stew the Coneys,640,ltr,The Lord of the Rings: Tales of Middle-earth,en,Showcase,uncommon,foil,Showcase,620,scryfall_oracle:f6f1b8da-5e7c-4121-9b0f-fd6678b04991,,,bb127265-7be7-4807-884e-bf9f49c39192,738138,,738138,Stew the Coneys,5489,The Lord of the Rings: Tales of Middle-earth,,,mixed/unknown,0.02,0.11,0.15,0.17,0.17,,0,,,,Foil Low,,EUR,EUR,,,,,"{""mapped_product_ids"": []}",AMBIGUOUS,Cardmarket bulk data does not prove finish/treatment,false,false,false,,,,,,,,NO_COMPARISON,,,,NO_COMPARISON,ambiguous_identity,,"{""ambiguity_reasons"": [""unproven_treatment""], ""external_provenance"": [], ""scryfall_cardmarket_id"": 738138, ""stored_ids"": [738138], ""validated_stored_ids"": [738138]}",,,,
13510,magic,Wose Pathfinder,641,ltr,The Lord of the Rings: Tales of Middle-earth,en,Showcase,common,nonfoil,Showcase,589,scryfall_oracle:eb2ff7f2-b7fd-4984-a4e8-cf57b619c1a5,,,74bbdfb9-13e9-4256-b082-39f48844b86b,738140,,738140,Wose Pathfinder,5489,The Lord of the Rings: Tales of Middle-earth,,,mixed/unknown,0.05,0.12,0.1,0.11,0.18,,0,,,,Low,,EUR,EUR,,,,,"{""mapped_product_ids"": []}",AMBIGUOUS,Cardmarket bulk data does not prove finish/treatment,false,false,false,,,,,,,,NO_COMPARISON,,,,NO_COMPARISON,ambiguous_identity,,"{""ambiguity_reasons"": [""unproven_treatment""], ""external_provenance"": [], ""scryfall_cardmarket_id"": 738140, ""stored_ids"": [738140], ""validated_stored_ids"": [738140]}",,,,
13511,magic,Wose Pathfinder,641,ltr,The Lord of the Rings: Tales of Middle-earth,en,Showcase,common,foil,Showcase,589,scryfall_oracle:eb2ff7f2-b7fd-4984-a4e8-cf57b619c1a5,,,74bbdfb9-13e9-4256-b082-39f48844b86b,738140,,738140,Wose Pathfinder,5489,The Lord of the Rings: Tales of Middle-earth,,,mixed/unknown,0.05,0.12,0.1,0.11,0.18,,0,,,,Foil Low,,EUR,EUR,,,,,"{""mapped_product_ids"": []}",AMBIGUOUS,Cardmarket bulk data does not prove finish/treatment,false,false,false,,,,,,,,NO_COMPARISON,,,,NO_COMPARISON,ambiguous_identity,,"{""ambiguity_reasons"": [""unproven_treatment""], ""external_provenance"": [], ""scryfall_cardmarket_id"": 738140, ""stored_ids"": [738140], ""validated_stored_ids"": [738140]}",,,,
13512,magic,"Aragorn, Company Leader",642,ltr,The Lord of the Rings: Tales of Middle-earth,en,Showcase,rare,nonfoil,Showcase,72,scryfall_oracle:1b841e8f-9484-4737-bd37-dfa11bd06883,,,18cf2703-8512-49dd-8643-8f83b1e7a2cc,738143,,738143,"Aragorn, Company Leader",5489,The Lord of the Rings: Tales of Middle-earth,,,mixed/unknown,1.5,0,,,,1.5,2.24,1.99,2.48,3.06,Low,,EUR,EUR,,,,,"{""mapped_product_ids"": []}",AMBIGUOUS,Cardmarket bulk data does not prove finish/treatment,false,false,false,,,,,,,,NO_COMPARISON,,,,NO_COMPARISON,ambiguous_identity,,"{""ambiguity_reasons"": [""unproven_treatment""], ""external_provenance"": [], ""scryfall_cardmarket_id"": 738143, ""stored_ids"": [738143], ""validated_stored_ids"": [738143]}",,,,
13513,magic,"Aragorn, Company Leader",642,ltr,The Lord of the Rings: Tales of Middle-earth,en,Showcase,rare,foil,Showcase,72,scryfall_oracle:1b841e8f-9484-4737-bd37-dfa11bd06883,,,18cf2703-8512-49dd-8643-8f83b1e7a2cc,738143,,738143,"Aragorn, Company Leader",5489,The Lord of the Rings: Tales of Middle-earth,,,mixed/unknown,1.5,0,,,,1.5,2.24,1.99,2.48,3.06,Foil Low,,EUR,EUR,,,,,"{""mapped_product_ids"": []}",AMBIGUOUS,Cardmarket bulk data does not prove finish/treatment,false,false,false,,,,,,,,NO_COMPARISON,,,,NO_COMPARISON,ambiguous_identity,,"{""ambiguity_reasons"": [""unproven_treatment""], ""external_provenance"": [], ""scryfall_cardmarket_id"": 738143, ""stored_ids"": [738143], ""validated_stored_ids"": [738143]}",,,,
13514,magic,"Aragorn, the Uniter",643,ltr,The Lord of the Rings: Tales of Middle-earth,en,Showcase,mythic,nonfoil,Showcase,156,scryfall_oracle:3f31c423-d45c-4c3e-b7d4-ca125be0f92c,,,2e5e43a4-e3fa-4bf0-bd78-13e193255ae6,738144,,738144,"Aragorn, the Uniter",5489,The Lord of the Rings: Tales of Middle-earth,,,mixed/unknown,16,17.94,16.99,18.02,17.3,,0,,,,Low,,EUR,EUR,,,,,"{""mapped_product_ids"": []}",AMBIGUOUS,Cardmarket bulk data does not prove finish/treatment,false,false,false,,,,,,,,NO_COMPARISON,,,,NO_COMPARISON,ambiguous_identity,,"{""ambiguity_reasons"": [""unproven_treatment""], ""external_provenance"": [], ""scryfall_cardmarket_id"": 738144, ""stored_ids"": [738144], ""validated_stored_ids"": [738144]}",,,,
13515,magic,"Aragorn, the Uniter",643,ltr,The Lord of the Rings: Tales of Middle-earth,en,Showcase,mythic,foil,Showcase,156,scryfall_oracle:3f31c423-d45c-4c3e-b7d4-ca125be0f92c,,,2e5e43a4-e3fa-4bf0-bd78-13e193255ae6,738144,,738144,"Aragorn, the Uniter",5489,The Lord of the Rings: Tales of Middle-earth,,,mixed/unknown,16,17.94,16.99,18.02,17.3,,0,,,,Foil Low,,EUR,EUR,,,,,"{""mapped_product_ids"": []}",AMBIGUOUS,Cardmarket bulk data does not prove finish/treatment,false,false,false,,,,,,,,NO_COMPARISON,,,,NO_COMPARISON,ambiguous_identity,,"{""ambiguity_reasons"": [""unproven_treatment""], ""external_provenance"": [], ""scryfall_cardmarket_id"": 738144, ""stored_ids"": [738144], ""validated_stored_ids"": [738144]}",,,,
13516,magic,"Arwen, Mortal Queen",644,ltr,The Lord of the Rings: Tales of Middle-earth,en,Showcase,mythic,nonfoil,Showcase,376,scryfall_oracle:9519a4ea-c4a0-4127-b06a-aac9ffaf7a32,,,fc81c23e-f836-452a-9c0d-651f6ab6e97d,738147,,738147,"Arwen, Mortal Queen",5489,The Lord of the Rings: Tales of Middle-earth,,,mixed/unknown,18.98,0,,,,18.98,20.21,25,23.61,23.14,Low,,EUR,EUR,,,,,"{""mapped_product_ids"": []}",AMBIGUOUS,Cardmarket bulk data does not prove finish/treatment,false,false,false,,,,,,,,NO_COMPARISON,,,,NO_COMPARISON,ambiguous_identity,,"{""ambiguity_reasons"": [""unproven_treatment""], ""external_provenance"": [], ""scryfall_cardmarket_id"": 738147, ""stored_ids"": [738147], ""validated_stored_ids"": [738147]}",,,,
13517,magic,"Arwen, Mortal Queen",644,ltr,The Lord of the Rings: Tales of Middle-earth,en,Showcase,mythic,foil,Showcase,376,scryfall_oracle:9519a4ea-c4a0-4127-b06a-aac9ffaf7a32,,,fc81c23e-f836-452a-9c0d-651f6ab6e97d,738147,,738147,"Arwen, Mortal Queen",5489,The Lord of the Rings: Tales of Middle-earth,,,mixed/unknown,18.98,0,,,,18.98,20.21,25,23.61,23.14,Foil Low,,EUR,EUR,,,,,"{""mapped_product_ids"": []}",AMBIGUOUS,Cardmarket bulk data does not prove finish/treatment,false,false,false,,,,,,,,NO_COMPARISON,,,,NO_COMPARISON,ambiguous_identity,,"{""ambiguity_reasons"": [""unproven_treatment""], ""external_provenance"": [], ""scryfall_cardmarket_id"": 738147, ""stored_ids"": [738147], ""validated_stored_ids"": [738147]}",,,,
13518,magic,Arwen Undómiel,645,ltr,The Lord of the Rings: Tales of Middle-earth,en,Showcase,uncommon,nonfoil,Showcase,234,scryfall_oracle:5ffbbce1-fe38-40dc-a7c3-2055ae86c6c5,,,bd3e8f9d-c7c3-4c9b-aa27-5c3479936d86,738148,,738148,Arwen Undómiel,5489,The Lord of the Rings: Tales of Middle-earth,,,mixed/unknown,0.05,0.18,0.1,0.23,0.22,,0,,,,Low,,EUR,EUR,,,,,"{""mapped_product_ids"": []}",AMBIGUOUS,Cardmarket bulk data does not prove finish/treatment,false,false,false,,,,,,,,NO_COMPARISON,,,,NO_COMPARISON,ambiguous_identity,,"{""ambiguity_reasons"": [""unproven_treatment""], ""external_provenance"": [], ""scryfall_cardmarket_id"": 738148, ""stored_ids"": [738148], ""validated_stored_ids"": [738148]}",,,,
13519,magic,Arwen Undómiel,645,ltr,The Lord of the Rings: Tales of Middle-earth,en,Showcase,uncommon,foil,Showcase,234,scryfall_oracle:5ffbbce1-fe38-40dc-a7c3-2055ae86c6c5,,,bd3e8f9d-c7c3-4c9b-aa27-5c3479936d86,738148,,738148,Arwen Undómiel,5489,The Lord of the Rings: Tales of Middle-earth,,,mixed/unknown,0.05,0.18,0.1,0.23,0.22,,0,,,,Foil Low,,EUR,EUR,,,,,"{""mapped_product_ids"": []}",AMBIGUOUS,Cardmarket bulk data does not prove finish/treatment,false,false,false,,,,,,,,NO_COMPARISON,,,,NO_COMPARISON,ambiguous_identity,,"{""ambiguity_reasons"": [""unproven_treatment""], ""external_provenance"": [], ""scryfall_cardmarket_id"": 738148, ""stored_ids"": [738148], ""validated_stored_ids"": [738148]}",,,,
13520,magic,"The Balrog, Durin's Bane",646,ltr,The Lord of the Rings: Tales of Middle-earth,en,Showcase,rare,nonfoil,Showcase,536,scryfall_oracle:d113af33-d75d-44e4-a8dc-31f8984edc42,,,318137eb-48c6-4eeb-9908-76ca6e26b8bf,738150,,738150,"The Balrog, Durin's Bane",5489,The Lord of the Rings: Tales of Middle-earth,,,mixed/unknown,3.1,4.16,5.49,4.45,4.29,,0,,,,Low,,EUR,EUR,,,,,"{""mapped_product_ids"": []}",AMBIGUOUS,Cardmarket bulk data does not prove finish/treatment,false,false,false,,,,,,,,NO_COMPARISON,,,,NO_COMPARISON,ambiguous_identity,,"{""ambiguity_reasons"": [""unproven_treatment""], ""external_provenance"": [], ""scryfall_cardmarket_id"": 738150, ""stored_ids"": [738150], ""validated_stored_ids"": [738150]}",,,,
13521,magic,"The Balrog, Durin's Bane",646,ltr,The Lord of the Rings: Tales of Middle-earth,en,Showcase,rare,foil,Showcase,536,scryfall_oracle:d113af33-d75d-44e4-a8dc-31f8984edc42,,,318137eb-48c6-4eeb-9908-76ca6e26b8bf,738150,,738150,"The Balrog, Durin's Bane",5489,The Lord of the Rings: Tales of Middle-earth,,,mixed/unknown,3.1,4.16,5.49,4.45,4.29,,0,,,,Foil Low,,EUR,EUR,,,,,"{""mapped_product_ids"": []}",AMBIGUOUS,Cardmarket bulk data does not prove finish/treatment,false,false,false,,,,,,,,NO_COMPARISON,,,,NO_COMPARISON,ambiguous_identity,,"{""ambiguity_reasons"": [""unproven_treatment""], ""external_provenance"": [], ""scryfall_cardmarket_id"": 738150, ""stored_ids"": [738150], ""validated_stored_ids"": [738150]}",,,,
13522,magic,"Bilbo, Retired Burglar",647,ltr,The Lord of the Rings: Tales of Middle-earth,en,Showcase,uncommon,nonfoil,Showcase,111,scryfall_oracle:2e7e3be5-04dd-4ff4-b121-3e65b3e00699,,,4f60ac5b-b16b-451d-8ae6-4ee8e375a198,738152,,738152,"Bilbo, Retired Burglar",5489,The Lord of the Rings: Tales of Middle-earth,,,mixed/unknown,0.03,0.33,1,0.49,0.3,,0,,,,Low,,EUR,EUR,,,,,"{""mapped_product_ids"": []}",AMBIGUOUS,Cardmarket bulk data does not prove finish/treatment,false,false,false,,,,,,,,NO_COMPARISON,,,,NO_COMPARISON,ambiguous_identity,,"{""ambiguity_reasons"": [""unproven_treatment""], ""external_provenance"": [], ""scryfall_cardmarket_id"": 738152, ""stored_ids"": [738152], ""validated_stored_ids"": [738152]}",,,,
13523,magic,"Bilbo, Retired Burglar",647,ltr,The Lord of the Rings: Tales of Middle-earth,en,Showcase,uncommon,foil,Showcase,111,scryfall_oracle:2e7e3be5-04dd-4ff4-b121-3e65b3e00699,,,4f60ac5b-b16b-451d-8ae6-4ee8e375a198,738152,,738152,"Bilbo, Retired Burglar",5489,The Lord of the Rings: Tales of Middle-earth,,,mixed/unknown,0.03,0.33,1,0.49,0.3,,0,,,,Foil Low,,EUR,EUR,,,,,"{""mapped_product_ids"": []}",AMBIGUOUS,Cardmarket bulk data does not prove finish/treatment,false,false,false,,,,,,,,NO_COMPARISON,,,,NO_COMPARISON,ambiguous_identity,,"{""ambiguity_reasons"": [""unproven_treatment""], ""external_provenance"": [], ""scryfall_cardmarket_id"": 738152, ""stored_ids"": [738152], ""validated_stored_ids"": [738152]}",,,,
13524,magic,"Butterbur, Bree Innkeeper",648,ltr,The Lord of the Rings: Tales of Middle-earth,en,Showcase,uncommon,nonfoil,Showcase,593,scryfall_oracle:ec136f6f-015b-4200-97b6-a2c1bf39e135,,,27032171-abf2-4ebe-a86a-f8b64d93072c,738154,,738154,"Butterbur, Bree Innkeeper",5489,The Lord of the Rings: Tales of Middle-earth,,,mixed/unknown,0.05,0.14,0.24,0.17,0.15,,0,,,,Low,,EUR,EUR,,,,,"{""mapped_product_ids"": []}",AMBIGUOUS,Cardmarket bulk data does not prove finish/treatment,false,false,false,,,,,,,,NO_COMPARISON,,,,NO_COMPARISON,ambiguous_identity,,"{""ambiguity_reasons"": [""unproven_treatment""], ""external_provenance"": [], ""scryfall_cardmarket_id"": 738154, ""stored_ids"": [738154], ""validated_stored_ids"": [738154]}",,,,
13525,magic,"Butterbur, Bree Innkeeper",648,ltr,The Lord of the Rings: Tales of Middle-earth,en,Showcase,uncommon,foil,Showcase,593,scryfall_oracle:ec136f6f-015b-4200-97b6-a2c1bf39e135,,,27032171-abf2-4ebe-a86a-f8b64d93072c,738154,,738154,"Butterbur, Bree Innkeeper",5489,The Lord of the Rings: Tales of Middle-earth,,,mixed/unknown,0.05,0.14,0.24,0.17,0.15,,0,,,,Foil Low,,EUR,EUR,,,,,"{""mapped_product_ids"": []}",AMBIGUOUS,Cardmarket bulk data does not prove finish/treatment,false,false,false,,,,,,,,NO_COMPARISON,,,,NO_COMPARISON,ambiguous_identity,,"{""ambiguity_reasons"": [""unproven_treatment""], ""external_provenance"": [], ""scryfall_cardmarket_id"": 738154, ""stored_ids"": [738154], ""validated_stored_ids"": [738154]}",,,,
13526,magic,"Denethor, Ruling Steward",649,ltr,The Lord of the Rings: Tales of Middle-earth,en,Showcase,uncommon,nonfoil,Showcase,71,scryfall_oracle:1b82312c-f748-4c36-8934-ecbcfc10cc7d,,,6839fd15-5656-4006-a11b-d0e1cbea05b3,738157,,738157,"Denethor, Ruling Steward",5489,The Lord of the Rings: Tales of Middle-earth,,,mixed/unknown,0.02,0,,,,0.1,0.34,0.1,0.36,0.32,Low,,EUR,EUR,,,,,"{""mapped_product_ids"": []}",AMBIGUOUS,Cardmarket bulk data does not prove finish/treatment,false,false,false,,,,,,,,NO_COMPARISON,,,,NO_COMPARISON,ambiguous_identity,,"{""ambiguity_reasons"": [""unproven_treatment""], ""external_provenance"": [], ""scryfall_cardmarket_id"": 738157, ""stored_ids"": [738157], ""validated_stored_ids"": [738157]}",,,,
13527,magic,"Denethor, Ruling Steward",649,ltr,The Lord of the Rings: Tales of Middle-earth,en,Showcase,uncommon,foil,Showcase,71,scryfall_oracle:1b82312c-f748-4c36-8934-ecbcfc10cc7d,,,6839fd15-5656-4006-a11b-d0e1cbea05b3,738157,,738157,"Denethor, Ruling Steward",5489,The Lord of the Rings: Tales of Middle-earth,,,mixed/unknown,0.02,0,,,,0.1,0.34,0.1,0.36,0.32,Foil Low,,EUR,EUR,,,,,"{""mapped_product_ids"": []}",AMBIGUOUS,Cardmarket bulk data does not prove finish/treatment,false,false,false,,,,,,,,NO_COMPARISON,,,,NO_COMPARISON,ambiguous_identity,,"{""ambiguity_reasons"": [""unproven_treatment""], ""external_provenance"": [], ""scryfall_cardmarket_id"": 738157, ""stored_ids"": [738157], ""validated_stored_ids"": [738157]}",,,,
13528,magic,Doors of Durin,650,ltr,The Lord of the Rings: Tales of Middle-earth,en,Showcase,rare,nonfoil,Showcase,554,scryfall_oracle:d82c77a1-2b81-415d-9f18-47e059c15e01,,,066abb77-5f77-4897-9ab5-16c247e8e80a,738158,,738158,Doors of Durin,5489,The Lord of the Rings: Tales of Middle-earth,,,mixed/unknown,2.25,2.82,3.61,3.13,2.84,,0,,,,Low,,EUR,EUR,,,,,"{""mapped_product_ids"": []}",AMBIGUOUS,Cardmarket bulk data does not prove finish/treatment,false,false,false,,,,,,,,NO_COMPARISON,,,,NO_COMPARISON,ambiguous_identity,,"{""ambiguity_reasons"": [""unproven_treatment""], ""external_provenance"": [], ""scryfall_cardmarket_id"": 738158, ""stored_ids"": [738158], ""validated_stored_ids"": [738158]}",,,,
13529,magic,Doors of Durin,650,ltr,The Lord of the Rings: Tales of Middle-earth,en,Showcase,rare,foil,Showcase,554,scryfall_oracle:d82c77a1-2b81-415d-9f18-47e059c15e01,,,066abb77-5f77-4897-9ab5-16c247e8e80a,738158,,738158,Doors of Durin,5489,The Lord of the Rings: Tales of Middle-earth,,,mixed/unknown,2.25,2.82,3.61,3.13,2.84,,0,,,,Foil Low,,EUR,EUR,,,,,"{""mapped_product_ids"": []}",AMBIGUOUS,Cardmarket bulk data does not prove finish/treatment,false,false,false,,,,,,,,NO_COMPARISON,,,,NO_COMPARISON,ambiguous_identity,,"{""ambiguity_reasons"": [""unproven_treatment""], ""external_provenance"": [], ""scryfall_cardmarket_id"": 738158, ""stored_ids"": [738158], ""validated_stored_ids"": [738158]}",,,,
13530,magic,"Elrond, Master of Healing",651,ltr,The Lord of the Rings: Tales of Middle-earth,en,Showcase,rare,nonfoil,Showcase,101,scryfall_oracle:28aefa3a-16d3-4207-bb8c-588b722a4041,,,764db087-e8ce-4603-b553-7ba74e12c9a5,738161,,738161,"Elrond, Master of Healing",5489,The Lord of the Rings: Tales of Middle-earth,,,mixed/unknown,0.69,1.08,1.08,1.08,1.08,2.4,3.23,3,3.21,2.53,Low,,EUR,EUR,,,,,"{""mapped_product_ids"": []}",AMBIGUOUS,Cardmarket bulk data does not prove finish/treatment,false,false,false,,,,,,,,NO_COMPARISON,,,,NO_COMPARISON,ambiguous_identity,,"{""ambiguity_reasons"": [""unproven_treatment""], ""external_provenance"": [], ""scryfall_cardmarket_id"": 738161, ""stored_ids"": [738161], ""validated_stored_ids"": [738161]}",,,,
13531,magic,"Elrond, Master of Healing",651,ltr,The Lord of the Rings: Tales of Middle-earth,en,Showcase,rare,foil,Showcase,101,scryfall_oracle:28aefa3a-16d3-4207-bb8c-588b722a4041,,,764db087-e8ce-4603-b553-7ba74e12c9a5,738161,,738161,"Elrond, Master of Healing",5489,The Lord of the Rings: Tales of Middle-earth,,,mixed/unknown,0.69,1.08,1.08,1.08,1.08,2.4,3.23,3,3.21,2.53,Foil Low,,EUR,EUR,,,,,"{""mapped_product_ids"": []}",AMBIGUOUS,Cardmarket bulk data does not prove finish/treatment,false,false,false,,,,,,,,NO_COMPARISON,,,,NO_COMPARISON,ambiguous_identity,,"{""ambiguity_reasons"": [""unproven_treatment""], ""external_provenance"": [], ""scryfall_cardmarket_id"": 738161, ""stored_ids"": [738161], ""validated_stored_ids"": [738161]}",,,,
13532,magic,"Éowyn, Fearless Knight",652,ltr,The Lord of the Rings: Tales of Middle-earth,en,Showcase,rare,nonfoil,Showcase,562,scryfall_oracle:dcc349e9-399d-4f33-8131-d1801272466a,,,c1b37891-5ed9-47e4-8d2f-c2bfd8dc7dc7,738162,,738162,"Éowyn, Fearless Knight",5489,The Lord of the Rings: Tales of Middle-earth,,,mixed/unknown,3.95,0,,,,3.95,3.65,2.81,3.88,3.97,Low,,EUR,EUR,,,,,"{""mapped_product_ids"": []}",AMBIGUOUS,Cardmarket bulk data does not prove finish/treatment,false,false,false,,,,,,,,NO_COMPARISON,,,,NO_COMPARISON,ambiguous_identity,,"{""ambiguity_reasons"": [""unproven_treatment""], ""external_provenance"": [], ""scryfall_cardmarket_id"": 738162, ""stored_ids"": [738162], ""validated_stored_ids"": [738162]}",,,,
13533,magic,"Éowyn, Fearless Knight",652,ltr,The Lord of the Rings: Tales of Middle-earth,en,Showcase,rare,foil,Showcase,562,scryfall_oracle:dcc349e9-399d-4f33-8131-d1801272466a,,,c1b37891-5ed9-47e4-8d2f-c2bfd8dc7dc7,738162,,738162,"Éowyn, Fearless Knight",5489,The Lord of the Rings: Tales of Middle-earth,,,mixed/unknown,3.95,0,,,,3.95,3.65,2.81,3.88,3.97,Foil Low,,EUR,EUR,,,,,"{""mapped_product_ids"": []}",AMBIGUOUS,Cardmarket bulk data does not prove finish/treatment,false,false,false,,,,,,,,NO_COMPARISON,,,,NO_COMPARISON,ambiguous_identity,,"{""ambiguity_reasons"": [""unproven_treatment""], ""external_provenance"": [], ""scryfall_cardmarket_id"": 738162, ""stored_ids"": [738162], ""validated_stored_ids"": [738162]}",,,,
13534,magic,"Faramir, Prince of Ithilien",653,ltr,The Lord of the Rings: Tales of Middle-earth,en,Showcase,rare,nonfoil,Showcase,345,scryfall_oracle:8a8c7c20-beb7-4352-99ea-7f64a30b9f52,,,5aafbc20-72b1-4773-91d8-1dd4ee08f80d,738165,,738165,"Faramir, Prince of Ithilien",5489,The Lord of the Rings: Tales of Middle-earth,,,mixed/unknown,2.4,0,,,,2.4,2.96,2.49,2.57,2.77,Low,,EUR,EUR,,,,,"{""mapped_product_ids"": []}",AMBIGUOUS,Cardmarket bulk data does not prove finish/treatment,false,false,false,,,,,,,,NO_COMPARISON,,,,NO_COMPARISON,ambiguous_identity,,"{""ambiguity_reasons"": [""unproven_treatment""], ""external_provenance"": [], ""scryfall_cardmarket_id"": 738165, ""stored_ids"": [738165], ""validated_stored_ids"": [738165]}",,,,
13535,magic,"Faramir, Prince of Ithilien",653,ltr,The Lord of the Rings: Tales of Middle-earth,en,Showcase,rare,foil,Showcase,345,scryfall_oracle:8a8c7c20-beb7-4352-99ea-7f64a30b9f52,,,5aafbc20-72b1-4773-91d8-1dd4ee08f80d,738165,,738165,"Faramir, Prince of Ithilien",5489,The Lord of the Rings: Tales of Middle-earth,,,mixed/unknown,2.4,0,,,,2.4,2.96,2.49,2.57,2.77,Foil Low,,EUR,EUR,,,,,"{""mapped_product_ids"": []}",AMBIGUOUS,Cardmarket bulk data does not prove finish/treatment,false,false,false,,,,,,,,NO_COMPARISON,,,,NO_COMPARISON,ambiguous_identity,,"{""ambiguity_reasons"": [""unproven_treatment""], ""external_provenance"": [], ""scryfall_cardmarket_id"": 738165, ""stored_ids"": [738165], ""validated_stored_ids"": [738165]}",,,,
13536,magic,Flame of Anor,654,ltr,The Lord of the Rings: Tales of Middle-earth,en,Showcase,rare,nonfoil,Showcase,595,scryfall_oracle:ecd49d85-9c8c-4cc9-9a83-072ecd433677,,,1ddaf95b-3d78-4600-b929-055e1daba591,738166,,738166,Flame of Anor,5489,The Lord of the Rings: Tales of Middle-earth,,,mixed/unknown,6.99,10.02,10.99,9.65,10.01,,0,,,,Low,,EUR,EUR,,,,,"{""mapped_product_ids"": []}",AMBIGUOUS,Cardmarket bulk data does not prove finish/treatment,false,false,false,,,,,,,,NO_COMPARISON,,,,NO_COMPARISON,ambiguous_identity,,"{""ambiguity_reasons"": [""unproven_treatment""], ""external_provenance"": [], ""scryfall_cardmarket_id"": 738166, ""stored_ids"": [738166], ""validated_stored_ids"": [738166]}",,,,
13537,magic,Flame of Anor,654,ltr,The Lord of the Rings: Tales of Middle-earth,en,Showcase,rare,foil,Showcase,595,scryfall_oracle:ecd49d85-9c8c-4cc9-9a83-072ecd433677,,,1ddaf95b-3d78-4600-b929-055e1daba591,738166,,738166,Flame of Anor,5489,The Lord of the Rings: Tales of Middle-earth,,,mixed/unknown,6.99,10.02,10.99,9.65,10.01,,0,,,,Foil Low,,EUR,EUR,,,,,"{""mapped_product_ids"": []}",AMBIGUOUS,Cardmarket bulk data does not prove finish/treatment,false,false,false,,,,,,,,NO_COMPARISON,,,,NO_COMPARISON,ambiguous_identity,,"{""ambiguity_reasons"": [""unproven_treatment""], ""external_provenance"": [], ""scryfall_cardmarket_id"": 738166, ""stored_ids"": [738166], ""validated_stored_ids"": [738166]}",,,,
13538,magic,Friendly Rivalry,655,ltr,The Lord of the Rings: Tales of Middle-earth,en,Showcase,uncommon,nonfoil,Showcase,581,scryfall_oracle:e6850561-3c57-4354-8850-c467a6449563,,,a0979d68-eb28-409a-b893-87d987a9e847,738168,,738168,Friendly Rivalry,5489,The Lord of the Rings: Tales of Middle-earth,,,mixed/unknown,0.02,0.22,0.14,0.13,0.17,,0,,,,Low,,EUR,EUR,,,,,"{""mapped_product_ids"": []}",AMBIGUOUS,Cardmarket bulk data does not prove finish/treatment,false,false,false,,,,,,,,NO_COMPARISON,,,,NO_COMPARISON,ambiguous_identity,,"{""ambiguity_reasons"": [""unproven_treatment""], ""external_provenance"": [], ""scryfall_cardmarket_id"": 738168, ""stored_ids"": [738168], ""validated_stored_ids"": [738168]}",,,,
13539,magic,Friendly Rivalry,655,ltr,The Lord of the Rings: Tales of Middle-earth,en,Showcase,uncommon,foil,Showcase,581,scryfall_oracle:e6850561-3c57-4354-8850-c467a6449563,,,a0979d68-eb28-409a-b893-87d987a9e847,738168,,738168,Friendly Rivalry,5489,The Lord of the Rings: Tales of Middle-earth,,,mixed/unknown,0.02,0.22,0.14,0.13,0.17,,0,,,,Foil Low,,EUR,EUR,,,,,"{""mapped_product_ids"": []}",AMBIGUOUS,Cardmarket bulk data does not prove finish/treatment,false,false,false,,,,,,,,NO_COMPARISON,,,,NO_COMPARISON,ambiguous_identity,,"{""ambiguity_reasons"": [""unproven_treatment""], ""external_provenance"": [], ""scryfall_cardmarket_id"": 738168, ""stored_ids"": [738168], ""validated_stored_ids"": [738168]}",,,,
13540,magic,Frodo Baggins,656,ltr,The Lord of the Rings: Tales of Middle-earth,en,Showcase,uncommon,nonfoil,Showcase,544,scryfall_oracle:d4dd6edf-1e9e-46fa-92b5-5df9aa0e4338,,,8446862e-bb1f-4634-82ea-706a26667c80,738170,,738170,Frodo Baggins,5489,The Lord of the Rings: Tales of Middle-earth,,,mixed/unknown,0.02,0.24,0.25,0.23,0.19,,0,,,,Low,,EUR,EUR,,,,,"{""mapped_product_ids"": []}",AMBIGUOUS,Cardmarket bulk data does not prove finish/treatment,false,false,false,,,,,,,,NO_COMPARISON,,,,NO_COMPARISON,ambiguous_identity,,"{""ambiguity_reasons"": [""unproven_treatment""], ""external_provenance"": [], ""scryfall_cardmarket_id"": 738170, ""stored_ids"": [738170], ""validated_stored_ids"": [738170]}",,,,
13541,magic,Frodo Baggins,656,ltr,The Lord of the Rings: Tales of Middle-earth,en,Showcase,uncommon,foil,Showcase,544,scryfall_oracle:d4dd6edf-1e9e-46fa-92b5-5df9aa0e4338,,,8446862e-bb1f-4634-82ea-706a26667c80,738170,,738170,Frodo Baggins,5489,The Lord of the Rings: Tales of Middle-earth,,,mixed/unknown,0.02,0.24,0.25,0.23,0.19,,0,,,,Foil Low,,EUR,EUR,,,,,"{""mapped_product_ids"": []}",AMBIGUOUS,Cardmarket bulk data does not prove finish/treatment,false,false,false,,,,,,,,NO_COMPARISON,,,,NO_COMPARISON,ambiguous_identity,,"{""ambiguity_reasons"": [""unproven_treatment""], ""external_provenance"": [], ""scryfall_cardmarket_id"": 738170, ""stored_ids"": [738170], ""validated_stored_ids"": [738170]}",,,,
13542,magic,Galadriel of Lothlórien,657,ltr,The Lord of the Rings: Tales of Middle-earth,en,Showcase,rare,nonfoil,Showcase,356,scryfall_oracle:8d3c9646-2b6b-4315-939d-5a920efc0a60,,,5bc172d3-2324-4983-9d0f-369b5759d21a,738172,,738172,Galadriel of Lothlórien,5489,The Lord of the Rings: Tales of Middle-earth,,,mixed/unknown,0.55,2.73,2.45,2.74,2.4,,0,,,,Low,,EUR,EUR,,,,,"{""mapped_product_ids"": []}",AMBIGUOUS,Cardmarket bulk data does not prove finish/treatment,false,false,false,,,,,,,,NO_COMPARISON,,,,NO_COMPARISON,ambiguous_identity,,"{""ambiguity_reasons"": [""unproven_treatment""], ""external_provenance"": [], ""scryfall_cardmarket_id"": 738172, ""stored_ids"": [738172], ""validated_stored_ids"": [738172]}",,,,
13543,magic,Galadriel of Lothlórien,657,ltr,The Lord of the Rings: Tales of Middle-earth,en,Showcase,rare,foil,Showcase,356,scryfall_oracle:8d3c9646-2b6b-4315-939d-5a920efc0a60,,,5bc172d3-2324-4983-9d0f-369b5759d21a,738172,,738172,Galadriel of Lothlórien,5489,The Lord of the Rings: Tales of Middle-earth,,,mixed/unknown,0.55,2.73,2.45,2.74,2.4,,0,,,,Foil Low,,EUR,EUR,,,,,"{""mapped_product_ids"": []}",AMBIGUOUS,Cardmarket bulk data does not prove finish/treatment,false,false,false,,,,,,,,NO_COMPARISON,,,,NO_COMPARISON,ambiguous_identity,,"{""ambiguity_reasons"": [""unproven_treatment""], ""external_provenance"": [], ""scryfall_cardmarket_id"": 738172, ""stored_ids"": [738172], ""validated_stored_ids"": [738172]}",,,,
13544,magic,Gandalf the Grey,658,ltr,The Lord of the Rings: Tales of Middle-earth,en,Showcase,rare,nonfoil,Showcase,570,scryfall_oracle:dfd12e3c-2b2a-4461-a08d-09d4e6c4626e,,,4535a44d-9a36-4079-9250-583a27989b07,738175,,738175,Gandalf the Grey,5489,The Lord of the Rings: Tales of Middle-earth,,,mixed/unknown,5.5,4,4,4,4,5.5,6.15,6,5.64,4.74,Low,,EUR,EUR,,,,,"{""mapped_product_ids"": []}",AMBIGUOUS,Cardmarket bulk data does not prove finish/treatment,false,false,false,,,,,,,,NO_COMPARISON,,,,NO_COMPARISON,ambiguous_identity,,"{""ambiguity_reasons"": [""unproven_treatment""], ""external_provenance"": [], ""scryfall_cardmarket_id"": 738175, ""stored_ids"": [738175], ""validated_stored_ids"": [738175]}",,,,
13545,magic,Gandalf the Grey,658,ltr,The Lord of the Rings: Tales of Middle-earth,en,Showcase,rare,foil,Showcase,570,scryfall_oracle:dfd12e3c-2b2a-4461-a08d-09d4e6c4626e,,,4535a44d-9a36-4079-9250-583a27989b07,738175,,738175,Gandalf the Grey,5489,The Lord of the Rings: Tales of Middle-earth,,,mixed/unknown,5.5,4,4,4,4,5.5,6.15,6,5.64,4.74,Foil Low,,EUR,EUR,,,,,"{""mapped_product_ids"": []}",AMBIGUOUS,Cardmarket bulk data does not prove finish/treatment,false,false,false,,,,,,,,NO_COMPARISON,,,,NO_COMPARISON,ambiguous_identity,,"{""ambiguity_reasons"": [""unproven_treatment""], ""external_provenance"": [], ""scryfall_cardmarket_id"": 738175, ""stored_ids"": [738175], ""validated_stored_ids"": [738175]}",,,,
13546,magic,Gandalf's Sanction,659,ltr,The Lord of the Rings: Tales of Middle-earth,en,Showcase,uncommon,nonfoil,Showcase,256,scryfall_oracle:6696d2e4-28ee-4ba7-8710-c1b735745270,,,fa12ee10-96f3-4deb-91db-c72fa0b1fa1a,738176,,738176,Gandalf's Sanction,5489,The Lord of the Rings: Tales of Middle-earth,,,mixed/unknown,0.04,0.33,0.1,0.56,0.37,,0,,,,Low,,EUR,EUR,,,,,"{""mapped_product_ids"": []}",AMBIGUOUS,Cardmarket bulk data does not prove finish/treatment,false,false,false,,,,,,,,NO_COMPARISON,,,,NO_COMPARISON,ambiguous_identity,,"{""ambiguity_reasons"": [""unproven_treatment""], ""external_provenance"": [], ""scryfall_cardmarket_id"": 738176, ""stored_ids"": [738176], ""validated_stored_ids"": [738176]}",,,,
13547,magic,Gandalf's Sanction,659,ltr,The Lord of the Rings: Tales of Middle-earth,en,Showcase,uncommon,foil,Showcase,256,scryfall_oracle:6696d2e4-28ee-4ba7-8710-c1b735745270,,,fa12ee10-96f3-4deb-91db-c72fa0b1fa1a,738176,,738176,Gandalf's Sanction,5489,The Lord of the Rings: Tales of Middle-earth,,,mixed/unknown,0.04,0.33,0.1,0.56,0.37,,0,,,,Foil Low,,EUR,EUR,,,,,"{""mapped_product_ids"": []}",AMBIGUOUS,Cardmarket bulk data does not prove finish/treatment,false,false,false,,,,,,,,NO_COMPARISON,,,,NO_COMPARISON,ambiguous_identity,,"{""ambiguity_reasons"": [""unproven_treatment""], ""external_provenance"": [], ""scryfall_cardmarket_id"": 738176, ""stored_ids"": [738176], ""validated_stored_ids"": [738176]}",,,,
13548,magic,"Gimli, Mournful Avenger",660,ltr,The Lord of the Rings: Tales of Middle-earth,en,Showcase,rare,nonfoil,Showcase,406,scryfall_oracle:9f3941d8-b4d2-4faf-881a-f15973b4368d,,,f76f9735-9016-4c45-93d2-d324d477abc5,738179,,738179,"Gimli, Mournful Avenger",5489,The Lord of the Rings: Tales of Middle-earth,,,mixed/unknown,0.8,0.8,0.8,0.8,0.8,1.52,2.18,2,2.28,1.86,Low,,EUR,EUR,,,,,"{""mapped_product_ids"": []}",AMBIGUOUS,Cardmarket bulk data does not prove finish/treatment,false,false,false,,,,,,,,NO_COMPARISON,,,,NO_COMPARISON,ambiguous_identity,,"{""ambiguity_reasons"": [""unproven_treatment""], ""external_provenance"": [], ""scryfall_cardmarket_id"": 738179, ""stored_ids"": [738179], ""validated_stored_ids"": [738179]}",,,,
13549,magic,"Gimli, Mournful Avenger",660,ltr,The Lord of the Rings: Tales of Middle-earth,en,Showcase,rare,foil,Showcase,406,scryfall_oracle:9f3941d8-b4d2-4faf-881a-f15973b4368d,,,f76f9735-9016-4c45-93d2-d324d477abc5,738179,,738179,"Gimli, Mournful Avenger",5489,The Lord of the Rings: Tales of Middle-earth,,,mixed/unknown,0.8,0.8,0.8,0.8,0.8,1.52,2.18,2,2.28,1.86,Foil Low,,EUR,EUR,,,,,"{""mapped_product_ids"": []}",AMBIGUOUS,Cardmarket bulk data does not prove finish/treatment,false,false,false,,,,,,,,NO_COMPARISON,,,,NO_COMPARISON,ambiguous_identity,,"{""ambiguity_reasons"": [""unproven_treatment""], ""external_provenance"": [], ""scryfall_cardmarket_id"": 738179, ""stored_ids"": [738179], ""validated_stored_ids"": [738179]}",,,,
13550,magic,Gwaihir the Windlord,661,ltr,The Lord of the Rings: Tales of Middle-earth,en,Showcase,uncommon,nonfoil,Showcase,475,scryfall_oracle:b967fbb8-ddc8-485b-bd18-cbf3ef6b1bf8,,,6ee4f545-2c17-4f71-955f-031e891a8a28,738180,,738180,Gwaihir the Windlord,5489,The Lord of the Rings: Tales of Middle-earth,,,mixed/unknown,0.05,0.34,0.2,0.35,0.31,,0,,,,Low,,EUR,EUR,,,,,"{""mapped_product_ids"": []}",AMBIGUOUS,Cardmarket bulk data does not prove finish/treatment,false,false,false,,,,,,,,NO_COMPARISON,,,,NO_COMPARISON,ambiguous_identity,,"{""ambiguity_reasons"": [""unproven_treatment""], ""external_provenance"": [], ""scryfall_cardmarket_id"": 738180, ""stored_ids"": [738180], ""validated_stored_ids"": [738180]}",,,,
13551,magic,Gwaihir the Windlord,661,ltr,The Lord of the Rings: Tales of Middle-earth,en,Showcase,uncommon,foil,Showcase,475,scryfall_oracle:b967fbb8-ddc8-485b-bd18-cbf3ef6b1bf8,,,6ee4f545-2c17-4f71-955f-031e891a8a28,738180,,738180,Gwaihir the Windlord,5489,The Lord of the Rings: Tales of Middle-earth,,,mixed/unknown,0.05,0.34,0.2,0.35,0.31,,0,,,,Foil Low,,EUR,EUR,,,,,"{""mapped_product_ids"": []}",AMBIGUOUS,Cardmarket bulk data does not prove finish/treatment,false,false,false,,,,,,,,NO_COMPARISON,,,,NO_COMPARISON,ambiguous_identity,,"{""ambiguity_reasons"": [""unproven_treatment""], ""external_provenance"": [], ""scryfall_cardmarket_id"": 738180, ""stored_ids"": [738180], ""validated_stored_ids"": [738180]}",,,,
13552,magic,King of the Oathbreakers,662,ltr,The Lord of the Rings: Tales of Middle-earth,en,Showcase,rare,nonfoil,Showcase,155,scryfall_oracle:3ee451e7-2b2f-4ce7-af96-540bba555c60,,,c630a2ba-9009-4463-91f8-a0eb4af3c1b0,738182,,738182,King of the Oathbreakers,5489,The Lord of the Rings: Tales of Middle-earth,,,mixed/unknown,0.5,0.95,2,1.25,1.11,,0,,,,Low,,EUR,EUR,,,,,"{""mapped_product_ids"": []}",AMBIGUOUS,Cardmarket bulk data does not prove finish/treatment,false,false,false,,,,,,,,NO_COMPARISON,,,,NO_COMPARISON,ambiguous_identity,,"{""ambiguity_reasons"": [""unproven_treatment""], ""external_provenance"": [], ""scryfall_cardmarket_id"": 738182, ""stored_ids"": [738182], ""validated_stored_ids"": [738182]}",,,,
13553,magic,King of the Oathbreakers,662,ltr,The Lord of the Rings: Tales of Middle-earth,en,Showcase,rare,foil,Showcase,155,scryfall_oracle:3ee451e7-2b2f-4ce7-af96-540bba555c60,,,c630a2ba-9009-4463-91f8-a0eb4af3c1b0,738182,,738182,King of the Oathbreakers,5489,The Lord of the Rings: Tales of Middle-earth,,,mixed/unknown,0.5,0.95,2,1.25,1.11,,0,,,,Foil Low,,EUR,EUR,,,,,"{""mapped_product_ids"": []}",AMBIGUOUS,Cardmarket bulk data does not prove finish/treatment,false,false,false,,,,,,,,NO_COMPARISON,,,,NO_COMPARISON,ambiguous_identity,,"{""ambiguity_reasons"": [""unproven_treatment""], ""external_provenance"": [], ""scryfall_cardmarket_id"": 738182, ""stored_ids"": [738182], ""validated_stored_ids"": [738182]}",,,,
13554,magic,"Legolas, Counter of Kills",663,ltr,The Lord of the Rings: Tales of Middle-earth,en,Showcase,uncommon,nonfoil,Showcase,564,scryfall_oracle:ddc12487-f577-4def-acdb-491f7ba6dc51,,,a35f1706-7e7e-4f33-9698-c21fd6a78209,738184,,738184,"Legolas, Counter of Kills",5489,The Lord of the Rings: Tales of Middle-earth,,,mixed/unknown,0.05,0.45,0.17,1.38,0.43,,0,,,,Low,,EUR,EUR,,,,,"{""mapped_product_ids"": []}",AMBIGUOUS,Cardmarket bulk data does not prove finish/treatment,false,false,false,,,,,,,,NO_COMPARISON,,,,NO_COMPARISON,ambiguous_identity,,"{""ambiguity_reasons"": [""unproven_treatment""], ""external_provenance"": [], ""scryfall_cardmarket_id"": 738184, ""stored_ids"": [738184], ""validated_stored_ids"": [738184]}",,,,
13555,magic,"Legolas, Counter of Kills",663,ltr,The Lord of the Rings: Tales of Middle-earth,en,Showcase,uncommon,foil,Showcase,564,scryfall_oracle:ddc12487-f577-4def-acdb-491f7ba6dc51,,,a35f1706-7e7e-4f33-9698-c21fd6a78209,738184,,738184,"Legolas, Counter of Kills",5489,The Lord of the Rings: Tales of Middle-earth,,,mixed/unknown,0.05,0.45,0.17,1.38,0.43,,0,,,,Foil Low,,EUR,EUR,,,,,"{""mapped_product_ids"": []}",AMBIGUOUS,Cardmarket bulk data does not prove finish/treatment,false,false,false,,,,,,,,NO_COMPARISON,,,,NO_COMPARISON,ambiguous_identity,,"{""ambiguity_reasons"": [""unproven_treatment""], ""external_provenance"": [], ""scryfall_cardmarket_id"": 738184, ""stored_ids"": [738184], ""validated_stored_ids"": [738184]}",,,,
13556,magic,"Lotho, Corrupt Shirriff",664,ltr,The Lord of the Rings: Tales of Middle-earth,en,Showcase,rare,nonfoil,Showcase,46,scryfall_oracle:135cc078-1c45-465e-b0b9-7168c89f56f4,,,81886cb8-2c7b-41fa-8512-5e16d46a0fd6,738186,,738186,"Lotho, Corrupt Shirriff",5489,The Lord of the Rings: Tales of Middle-earth,,,mixed/unknown,18,17.58,18,16.68,15.46,,0,,,,Low,,EUR,EUR,,,,,"{""mapped_product_ids"": []}",AMBIGUOUS,Cardmarket bulk data does not prove finish/treatment,false,false,false,,,,,,,,NO_COMPARISON,,,,NO_COMPARISON,ambiguous_identity,,"{""ambiguity_reasons"": [""unproven_treatment""], ""external_provenance"": [], ""scryfall_cardmarket_id"": 738186, ""stored_ids"": [738186], ""validated_stored_ids"": [738186]}",,,,
13557,magic,"Lotho, Corrupt Shirriff",664,ltr,The Lord of the Rings: Tales of Middle-earth,en,Showcase,rare,foil,Showcase,46,scryfall_oracle:135cc078-1c45-465e-b0b9-7168c89f56f4,,,81886cb8-2c7b-41fa-8512-5e16d46a0fd6,738186,,738186,"Lotho, Corrupt Shirriff",5489,The Lord of the Rings: Tales of Middle-earth,,,mixed/unknown,18,17.58,18,16.68,15.46,,0,,,,Foil Low,,EUR,EUR,,,,,"{""mapped_product_ids"": []}",AMBIGUOUS,Cardmarket bulk data does not prove finish/treatment,false,false,false,,,,,,,,NO_COMPARISON,,,,NO_COMPARISON,ambiguous_identity,,"{""ambiguity_reasons"": [""unproven_treatment""], ""external_provenance"": [], ""scryfall_cardmarket_id"": 738186, ""stored_ids"": [738186], ""validated_stored_ids"": [738186]}",,,,
13558,magic,"Mauhúr, Uruk-hai Captain",665,ltr,The Lord of the Rings: Tales of Middle-earth,en,Showcase,uncommon,nonfoil,Showcase,390,scryfall_oracle:9966cac0-331f-4627-be5a-5060a6ac5a32,,,553b819e-7a13-4d60-9033-d8f5d8fe9845,738189,,738189,"Mauhúr, Uruk-hai Captain",5489,The Lord of the Rings: Tales of Middle-earth,,,mixed/unknown,0.24,0.38,0.38,0.38,0.38,0.24,3.05,4.28,2.7,2.03,Low,,EUR,EUR,,,,,"{""mapped_product_ids"": []}",AMBIGUOUS,Cardmarket bulk data does not prove finish/treatment,false,false,false,,,,,,,,NO_COMPARISON,,,,NO_COMPARISON,ambiguous_identity,,"{""ambiguity_reasons"": [""unproven_treatment""], ""external_provenance"": [], ""scryfall_cardmarket_id"": 738189, ""stored_ids"": [738189], ""validated_stored_ids"": [738189]}",,,,
13559,magic,"Mauhúr, Uruk-hai Captain",665,ltr,The Lord of the Rings: Tales of Middle-earth,en,Showcase,uncommon,foil,Showcase,390,scryfall_oracle:9966cac0-331f-4627-be5a-5060a6ac5a32,,,553b819e-7a13-4d60-9033-d8f5d8fe9845,738189,,738189,"Mauhúr, Uruk-hai Captain",5489,The Lord of the Rings: Tales of Middle-earth,,,mixed/unknown,0.24,0.38,0.38,0.38,0.38,0.24,3.05,4.28,2.7,2.03,Foil Low,,EUR,EUR,,,,,"{""mapped_product_ids"": []}",AMBIGUOUS,Cardmarket bulk data does not prove finish/treatment,false,false,false,,,,,,,,NO_COMPARISON,,,,NO_COMPARISON,ambiguous_identity,,"{""ambiguity_reasons"": [""unproven_treatment""], ""external_provenance"": [], ""scryfall_cardmarket_id"": 738189, ""stored_ids"": [738189], ""validated_stored_ids"": [738189]}",,,,
13560,magic,"Merry, Esquire of Rohan",666,ltr,The Lord of the Rings: Tales of Middle-earth,en,Showcase,rare,nonfoil,Showcase,197,scryfall_oracle:4dce1f49-ddad-4748-893a-e10d831ee7d7,,,462a582e-9609-4d03-a23e-802a8ed359be,738190,,738190,"Merry, Esquire of Rohan",5489,The Lord of the Rings: Tales of Middle-earth,,,mixed/unknown,0.99,1.92,2.11,1.98,1.84,,0,,,,Low,,EUR,EUR,,,,,"{""mapped_product_ids"": []}",AMBIGUOUS,Cardmarket bulk data does not prove finish/treatment,false,false,false,,,,,,,,NO_COMPARISON,,,,NO_COMPARISON,ambiguous_identity,,"{""ambiguity_reasons"": [""unproven_treatment""], ""external_provenance"": [], ""scryfall_cardmarket_id"": 738190, ""stored_ids"": [738190], ""validated_stored_ids"": [738190]}",,,,
13561,magic,"Merry, Esquire of Rohan",666,ltr,The Lord of the Rings: Tales of Middle-earth,en,Showcase,rare,foil,Showcase,197,scryfall_oracle:4dce1f49-ddad-4748-893a-e10d831ee7d7,,,462a582e-9609-4d03-a23e-802a8ed359be,738190,,738190,"Merry, Esquire of Rohan",5489,The Lord of the Rings: Tales of Middle-earth,,,mixed/unknown,0.99,1.92,2.11,1.98,1.84,,0,,,,Foil Low,,EUR,EUR,,,,,"{""mapped_product_ids"": []}",AMBIGUOUS,Cardmarket bulk data does not prove finish/treatment,false,false,false,,,,,,,,NO_COMPARISON,,,,NO_COMPARISON,ambiguous_identity,,"{""ambiguity_reasons"": [""unproven_treatment""], ""external_provenance"": [], ""scryfall_cardmarket_id"": 738190, ""stored_ids"": [738190], ""validated_stored_ids"": [738190]}",,,,
13562,magic,The Mouth of Sauron,667,ltr,The Lord of the Rings: Tales of Middle-earth,en,Showcase,uncommon,nonfoil,Showcase,186,scryfall_oracle:49e3396a-a125-4cca-b02a-4a96102bcb16,,,162c20ae-0055-494f-8923-b3ec130d6ea1,738193,,738193,The Mouth of Sauron,5489,The Lord of the Rings: Tales of Middle-earth,,,mixed/unknown,0.15,0,,,,0.15,0.53,0.3,0.5,0.57,Low,,EUR,EUR,,,,,"{""mapped_product_ids"": []}",AMBIGUOUS,Cardmarket bulk data does not prove finish/treatment,false,false,false,,,,,,,,NO_COMPARISON,,,,NO_COMPARISON,ambiguous_identity,,"{""ambiguity_reasons"": [""unproven_treatment""], ""external_provenance"": [], ""scryfall_cardmarket_id"": 738193, ""stored_ids"": [738193], ""validated_stored_ids"": [738193]}",,,,
13563,magic,The Mouth of Sauron,667,ltr,The Lord of the Rings: Tales of Middle-earth,en,Showcase,uncommon,foil,Showcase,186,scryfall_oracle:49e3396a-a125-4cca-b02a-4a96102bcb16,,,162c20ae-0055-494f-8923-b3ec130d6ea1,738193,,738193,The Mouth of Sauron,5489,The Lord of the Rings: Tales of Middle-earth,,,mixed/unknown,0.15,0,,,,0.15,0.53,0.3,0.5,0.57,Foil Low,,EUR,EUR,,,,,"{""mapped_product_ids"": []}",AMBIGUOUS,Cardmarket bulk data does not prove finish/treatment,false,false,false,,,,,,,,NO_COMPARISON,,,,NO_COMPARISON,ambiguous_identity,,"{""ambiguity_reasons"": [""unproven_treatment""], ""external_provenance"": [], ""scryfall_cardmarket_id"": 738193, ""stored_ids"": [738193], ""validated_stored_ids"": [738193]}",,,,
13564,magic,Old Man Willow,668,ltr,The Lord of the Rings: Tales of Middle-earth,en,Showcase,uncommon,nonfoil,Showcase,379,scryfall_oracle:96c96842-42c2-4aa3-95e2-6186d4ab5693,,,7c81ea48-163f-48e5-830f-085e01a1dfdc,738194,,738194,Old Man Willow,5489,The Lord of the Rings: Tales of Middle-earth,,,mixed/unknown,0.05,0.16,0.02,0.19,0.15,,0,,,,Low,,EUR,EUR,,,,,"{""mapped_product_ids"": []}",AMBIGUOUS,Cardmarket bulk data does not prove finish/treatment,false,false,false,,,,,,,,NO_COMPARISON,,,,NO_COMPARISON,ambiguous_identity,,"{""ambiguity_reasons"": [""unproven_treatment""], ""external_provenance"": [], ""scryfall_cardmarket_id"": 738194, ""stored_ids"": [738194], ""validated_stored_ids"": [738194]}",,,,
13565,magic,Old Man Willow,668,ltr,The Lord of the Rings: Tales of Middle-earth,en,Showcase,uncommon,foil,Showcase,379,scryfall_oracle:96c96842-42c2-4aa3-95e2-6186d4ab5693,,,7c81ea48-163f-48e5-830f-085e01a1dfdc,738194,,738194,Old Man Willow,5489,The Lord of the Rings: Tales of Middle-earth,,,mixed/unknown,0.05,0.16,0.02,0.19,0.15,,0,,,,Foil Low,,EUR,EUR,,,,,"{""mapped_product_ids"": []}",AMBIGUOUS,Cardmarket bulk data does not prove finish/treatment,false,false,false,,,,,,,,NO_COMPARISON,,,,NO_COMPARISON,ambiguous_identity,,"{""ambiguity_reasons"": [""unproven_treatment""], ""external_provenance"": [], ""scryfall_cardmarket_id"": 738194, ""stored_ids"": [738194], ""validated_stored_ids"": [738194]}",,,,
13566,magic,"Pippin, Guard of the Citadel",669,ltr,The Lord of the Rings: Tales of Middle-earth,en,Showcase,rare,nonfoil,Showcase,93,scryfall_oracle:25afddd2-6e48-4742-b34e-e3b5def7c0fd,,,4e4df643-9515-484a-bbcf-44045b5b50c7,738197,,738197,"Pippin, Guard of the Citadel",5489,The Lord of the Rings: Tales of Middle-earth,,,mixed/unknown,2.99,0,,,,2.99,3.91,3.99,3.96,4.11,Low,,EUR,EUR,,,,,"{""mapped_product_ids"": []}",AMBIGUOUS,Cardmarket bulk data does not prove finish/treatment,false,false,false,,,,,,,,NO_COMPARISON,,,,NO_COMPARISON,ambiguous_identity,,"{""ambiguity_reasons"": [""unproven_treatment""], ""external_provenance"": [], ""scryfall_cardmarket_id"": 738197, ""stored_ids"": [738197], ""validated_stored_ids"": [738197]}",,,,
13567,magic,"Pippin, Guard of the Citadel",669,ltr,The Lord of the Rings: Tales of Middle-earth,en,Showcase,rare,foil,Showcase,93,scryfall_oracle:25afddd2-6e48-4742-b34e-e3b5def7c0fd,,,4e4df643-9515-484a-bbcf-44045b5b50c7,738197,,738197,"Pippin, Guard of the Citadel",5489,The Lord of the Rings: Tales of Middle-earth,,,mixed/unknown,2.99,0,,,,2.99,3.91,3.99,3.96,4.11,Foil Low,,EUR,EUR,,,,,"{""mapped_product_ids"": []}",AMBIGUOUS,Cardmarket bulk data does not prove finish/treatment,false,false,false,,,,,,,,NO_COMPARISON,,,,NO_COMPARISON,ambiguous_identity,,"{""ambiguity_reasons"": [""unproven_treatment""], ""external_provenance"": [], ""scryfall_cardmarket_id"": 738197, ""stored_ids"": [738197], ""validated_stored_ids"": [738197]}",,,,
13568,magic,Prince Imrahil the Fair,670,ltr,The Lord of the Rings: Tales of Middle-earth,en,Showcase,uncommon,nonfoil,Showcase,191,scryfall_oracle:4c66e0ca-2d8a-4f68-ad15-55d75959d6e8,,,d563f5af-6735-4541-8d5f-d58ab8389e8b,738198,,738198,Prince Imrahil the Fair,5489,The Lord of the Rings: Tales of Middle-earth,,,mixed/unknown,0.02,0.39,0.2,0.57,0.21,,0,,,,Low,,EUR,EUR,,,,,"{""mapped_product_ids"": []}",AMBIGUOUS,Cardmarket bulk data does not prove finish/treatment,false,false,false,,,,,,,,NO_COMPARISON,,,,NO_COMPARISON,ambiguous_identity,,"{""ambiguity_reasons"": [""unproven_treatment""], ""external_provenance"": [], ""scryfall_cardmarket_id"": 738198, ""stored_ids"": [738198], ""validated_stored_ids"": [738198]}",,,,
13569,magic,Prince Imrahil the Fair,670,ltr,The Lord of the Rings: Tales of Middle-earth,en,Showcase,uncommon,foil,Showcase,191,scryfall_oracle:4c66e0ca-2d8a-4f68-ad15-55d75959d6e8,,,d563f5af-6735-4541-8d5f-d58ab8389e8b,738198,,738198,Prince Imrahil the Fair,5489,The Lord of the Rings: Tales of Middle-earth,,,mixed/unknown,0.02,0.39,0.2,0.57,0.21,,0,,,,Foil Low,,EUR,EUR,,,,,"{""mapped_product_ids"": []}",AMBIGUOUS,Cardmarket bulk data does not prove finish/treatment,false,false,false,,,,,,,,NO_COMPARISON,,,,NO_COMPARISON,ambiguous_identity,,"{""ambiguity_reasons"": [""unproven_treatment""], ""external_provenance"": [], ""scryfall_cardmarket_id"": 738198, ""stored_ids"": [738198], ""validated_stored_ids"": [738198]}",,,,
13570,magic,Ringsight,671,ltr,The Lord of the Rings: Tales of Middle-earth,en,Showcase,uncommon,nonfoil,Showcase,259,scryfall_oracle:66e42be3-5125-41b4-9efe-8a6a66899bb6,,,db54fc4f-56ae-4981-983d-b0ae1c5fedd2,738200,,738200,Ringsight,5489,The Lord of the Rings: Tales of Middle-earth,,,mixed/unknown,0.15,0.83,0.15,0.89,0.85,,0,,,,Low,,EUR,EUR,,,,,"{""mapped_product_ids"": []}",AMBIGUOUS,Cardmarket bulk data does not prove finish/treatment,false,false,false,,,,,,,,NO_COMPARISON,,,,NO_COMPARISON,ambiguous_identity,,"{""ambiguity_reasons"": [""unproven_treatment""], ""external_provenance"": [], ""scryfall_cardmarket_id"": 738200, ""stored_ids"": [738200], ""validated_stored_ids"": [738200]}",,,,
13571,magic,Ringsight,671,ltr,The Lord of the Rings: Tales of Middle-earth,en,Showcase,uncommon,foil,Showcase,259,scryfall_oracle:66e42be3-5125-41b4-9efe-8a6a66899bb6,,,db54fc4f-56ae-4981-983d-b0ae1c5fedd2,738200,,738200,Ringsight,5489,The Lord of the Rings: Tales of Middle-earth,,,mixed/unknown,0.15,0.83,0.15,0.89,0.85,,0,,,,Foil Low,,EUR,EUR,,,,,"{""mapped_product_ids"": []}",AMBIGUOUS,Cardmarket bulk data does not prove finish/treatment,false,false,false,,,,,,,,NO_COMPARISON,,,,NO_COMPARISON,ambiguous_identity,,"{""ambiguity_reasons"": [""unproven_treatment""], ""external_provenance"": [], ""scryfall_cardmarket_id"": 738200, ""stored_ids"": [738200], ""validated_stored_ids"": [738200]}",,,,
13572,magic,Rise of the Witch-king,672,ltr,The Lord of the Rings: Tales of Middle-earth,en,Showcase,uncommon,nonfoil,Showcase,147,scryfall_oracle:3c86541c-3601-4a38-8872-39705e41303a,,,4b0ec038-11f0-41de-9803-6014267aa1bb,738202,,738202,Rise of the Witch-king,5489,The Lord of the Rings: Tales of Middle-earth,,,mixed/unknown,0.3,1.24,1.12,1.38,1.34,,0,,,,Low,,EUR,EUR,,,,,"{""mapped_product_ids"": []}",AMBIGUOUS,Cardmarket bulk data does not prove finish/treatment,false,false,false,,,,,,,,NO_COMPARISON,,,,NO_COMPARISON,ambiguous_identity,,"{""ambiguity_reasons"": [""unproven_treatment""], ""external_provenance"": [], ""scryfall_cardmarket_id"": 738202, ""stored_ids"": [738202], ""validated_stored_ids"": [738202]}",,,,
13573,magic,Rise of the Witch-king,672,ltr,The Lord of the Rings: Tales of Middle-earth,en,Showcase,uncommon,foil,Showcase,147,scryfall_oracle:3c86541c-3601-4a38-8872-39705e41303a,,,4b0ec038-11f0-41de-9803-6014267aa1bb,738202,,738202,Rise of the Witch-king,5489,The Lord of the Rings: Tales of Middle-earth,,,mixed/unknown,0.3,1.24,1.12,1.38,1.34,,0,,,,Foil Low,,EUR,EUR,,,,,"{""mapped_product_ids"": []}",AMBIGUOUS,Cardmarket bulk data does not prove finish/treatment,false,false,false,,,,,,,,NO_COMPARISON,,,,NO_COMPARISON,ambiguous_identity,,"{""ambiguity_reasons"": [""unproven_treatment""], ""external_provenance"": [], ""scryfall_cardmarket_id"": 738202, ""stored_ids"": [738202], ""validated_stored_ids"": [738202]}",,,,
13574,magic,Samwise Gamgee,673,ltr,The Lord of the Rings: Tales of Middle-earth,en,Showcase,rare,nonfoil,Showcase,309,scryfall_oracle:7ce37c26-91ea-493f-bfc3-a890d4538bc1,,,7d306603-37df-49ee-880d-c08d053900a1,738204,,738204,Samwise Gamgee,5489,The Lord of the Rings: Tales of Middle-earth,,,mixed/unknown,5.55,7.27,9.66,7.96,6.85,,0,,,,Low,,EUR,EUR,,,,,"{""mapped_product_ids"": []}",AMBIGUOUS,Cardmarket bulk data does not prove finish/treatment,false,false,false,,,,,,,,NO_COMPARISON,,,,NO_COMPARISON,ambiguous_identity,,"{""ambiguity_reasons"": [""unproven_treatment""], ""external_provenance"": [], ""scryfall_cardmarket_id"": 738204, ""stored_ids"": [738204], ""validated_stored_ids"": [738204]}",,,,
13575,magic,Samwise Gamgee,673,ltr,The Lord of the Rings: Tales of Middle-earth,en,Showcase,rare,foil,Showcase,309,scryfall_oracle:7ce37c26-91ea-493f-bfc3-a890d4538bc1,,,7d306603-37df-49ee-880d-c08d053900a1,738204,,738204,Samwise Gamgee,5489,The Lord of the Rings: Tales of Middle-earth,,,mixed/unknown,5.55,7.27,9.66,7.96,6.85,,0,,,,Foil Low,,EUR,EUR,,,,,"{""mapped_product_ids"": []}",AMBIGUOUS,Cardmarket bulk data does not prove finish/treatment,false,false,false,,,,,,,,NO_COMPARISON,,,,NO_COMPARISON,ambiguous_identity,,"{""ambiguity_reasons"": [""unproven_treatment""], ""external_provenance"": [], ""scryfall_cardmarket_id"": 738204, ""stored_ids"": [738204], ""validated_stored_ids"": [738204]}",,,,
13576,magic,Saruman of Many Colors,674,ltr,The Lord of the Rings: Tales of Middle-earth,en,Showcase,mythic,nonfoil,Showcase,499,scryfall_oracle:c2d04138-cc17-4dd0-9a4c-9c87df72ed01,,,194a7e49-aa80-461f-88b3-07027cb59f26,738207,,738207,Saruman of Many Colors,5489,The Lord of the Rings: Tales of Middle-earth,,,mixed/unknown,14.5,0,,,,14.5,14.48,14.53,15.92,14.47,Low,,EUR,EUR,,,,,"{""mapped_product_ids"": []}",AMBIGUOUS,Cardmarket bulk data does not prove finish/treatment,false,false,false,,,,,,,,NO_COMPARISON,,,,NO_COMPARISON,ambiguous_identity,,"{""ambiguity_reasons"": [""unproven_treatment""], ""external_provenance"": [], ""scryfall_cardmarket_id"": 738207, ""stored_ids"": [738207], ""validated_stored_ids"": [738207]}",,,,
13577,magic,Saruman of Many Colors,674,ltr,The Lord of the Rings: Tales of Middle-earth,en,Showcase,mythic,foil,Showcase,499,scryfall_oracle:c2d04138-cc17-4dd0-9a4c-9c87df72ed01,,,194a7e49-aa80-461f-88b3-07027cb59f26,738207,,738207,Saruman of Many Colors,5489,The Lord of the Rings: Tales of Middle-earth,,,mixed/unknown,14.5,0,,,,14.5,14.48,14.53,15.92,14.47,Foil Low,,EUR,EUR,,,,,"{""mapped_product_ids"": []}",AMBIGUOUS,Cardmarket bulk data does not prove finish/treatment,false,false,false,,,,,,,,NO_COMPARISON,,,,NO_COMPARISON,ambiguous_identity,,"{""ambiguity_reasons"": [""unproven_treatment""], ""external_provenance"": [], ""scryfall_cardmarket_id"": 738207, ""stored_ids"": [738207], ""validated_stored_ids"": [738207]}",,,,
13578,magic,"Sauron, the Dark Lord",675,ltr,The Lord of the Rings: Tales of Middle-earth,en,Showcase,mythic,nonfoil,Showcase,407,scryfall_oracle:9f8f29ba-7e64-455d-be05-ec7973f2bd0a,,,4218b57c-111d-478c-af38-fd6f971bd2d0,738208,,738208,"Sauron, the Dark Lord",5489,The Lord of the Rings: Tales of Middle-earth,,,mixed/unknown,70,73.84,69,76.5,65.54,,0,,,,Low,,EUR,EUR,,,,,"{""mapped_product_ids"": []}",AMBIGUOUS,Cardmarket bulk data does not prove finish/treatment,false,false,false,,,,,,,,NO_COMPARISON,,,,NO_COMPARISON,ambiguous_identity,,"{""ambiguity_reasons"": [""unproven_treatment""], ""external_provenance"": [], ""scryfall_cardmarket_id"": 738208, ""stored_ids"": [738208], ""validated_stored_ids"": [738208]}",,,,
13579,magic,"Sauron, the Dark Lord",675,ltr,The Lord of the Rings: Tales of Middle-earth,en,Showcase,mythic,foil,Showcase,407,scryfall_oracle:9f8f29ba-7e64-455d-be05-ec7973f2bd0a,,,4218b57c-111d-478c-af38-fd6f971bd2d0,738208,,738208,"Sauron, the Dark Lord",5489,The Lord of the Rings: Tales of Middle-earth,,,mixed/unknown,70,73.84,69,76.5,65.54,,0,,,,Foil Low,,EUR,EUR,,,,,"{""mapped_product_ids"": []}",AMBIGUOUS,Cardmarket bulk data does not prove finish/treatment,false,false,false,,,,,,,,NO_COMPARISON,,,,NO_COMPARISON,ambiguous_identity,,"{""ambiguity_reasons"": [""unproven_treatment""], ""external_provenance"": [], ""scryfall_cardmarket_id"": 738208, ""stored_ids"": [738208], ""validated_stored_ids"": [738208]}",,,,
13580,magic,Sauron's Ransom,676,ltr,The Lord of the Rings: Tales of Middle-earth,en,Showcase,rare,nonfoil,Showcase,636,scryfall_oracle:fe04a81b-413c-4bc8-bb83-29978da9a43d,,,7225d5cb-03f5-49fd-9ab9-4ba6568ceeda,738211,,738211,Sauron's Ransom,5489,The Lord of the Rings: Tales of Middle-earth,,,mixed/unknown,4.47,0,,,,4.47,5.61,6,5.63,5,Low,,EUR,EUR,,,,,"{""mapped_product_ids"": []}",AMBIGUOUS,Cardmarket bulk data does not prove finish/treatment,false,false,false,,,,,,,,NO_COMPARISON,,,,NO_COMPARISON,ambiguous_identity,,"{""ambiguity_reasons"": [""unproven_treatment""], ""external_provenance"": [], ""scryfall_cardmarket_id"": 738211, ""stored_ids"": [738211], ""validated_stored_ids"": [738211]}",,,,
13581,magic,Sauron's Ransom,676,ltr,The Lord of the Rings: Tales of Middle-earth,en,Showcase,rare,foil,Showcase,636,scryfall_oracle:fe04a81b-413c-4bc8-bb83-29978da9a43d,,,7225d5cb-03f5-49fd-9ab9-4ba6568ceeda,738211,,738211,Sauron's Ransom,5489,The Lord of the Rings: Tales of Middle-earth,,,mixed/unknown,4.47,0,,,,4.47,5.61,6,5.63,5,Foil Low,,EUR,EUR,,,,,"{""mapped_product_ids"": []}",AMBIGUOUS,Cardmarket bulk data does not prove finish/treatment,false,false,false,,,,,,,,NO_COMPARISON,,,,NO_COMPARISON,ambiguous_identity,,"{""ambiguity_reasons"": [""unproven_treatment""], ""external_provenance"": [], ""scryfall_cardmarket_id"": 738211, ""stored_ids"": [738211], ""validated_stored_ids"": [738211]}",,,,
13582,magic,Shadow Summoning,677,ltr,The Lord of the Rings: Tales of Middle-earth,en,Showcase,uncommon,nonfoil,Showcase,474,scryfall_oracle:b9225046-03aa-4729-89fa-32c049407229,,,5deefe63-0d42-4983-9871-3b58e8547d07,738212,,738212,Shadow Summoning,5489,The Lord of the Rings: Tales of Middle-earth,,,mixed/unknown,0.03,0.21,0.2,0.22,0.14,,0,,,,Low,,EUR,EUR,,,,,"{""mapped_product_ids"": []}",AMBIGUOUS,Cardmarket bulk data does not prove finish/treatment,false,false,false,,,,,,,,NO_COMPARISON,,,,NO_COMPARISON,ambiguous_identity,,"{""ambiguity_reasons"": [""unproven_treatment""], ""external_provenance"": [], ""scryfall_cardmarket_id"": 738212, ""stored_ids"": [738212], ""validated_stored_ids"": [738212]}",,,,
13583,magic,Shadow Summoning,677,ltr,The Lord of the Rings: Tales of Middle-earth,en,Showcase,uncommon,foil,Showcase,474,scryfall_oracle:b9225046-03aa-4729-89fa-32c049407229,,,5deefe63-0d42-4983-9871-3b58e8547d07,738212,,738212,Shadow Summoning,5489,The Lord of the Rings: Tales of Middle-earth,,,mixed/unknown,0.03,0.21,0.2,0.22,0.14,,0,,,,Foil Low,,EUR,EUR,,,,,"{""mapped_product_ids"": []}",AMBIGUOUS,Cardmarket bulk data does not prove finish/treatment,false,false,false,,,,,,,,NO_COMPARISON,,,,NO_COMPARISON,ambiguous_identity,,"{""ambiguity_reasons"": [""unproven_treatment""], ""external_provenance"": [], ""scryfall_cardmarket_id"": 738212, ""stored_ids"": [738212], ""validated_stored_ids"": [738212]}",,,,
13584,magic,"Shadowfax, Lord of Horses",678,ltr,The Lord of the Rings: Tales of Middle-earth,en,Showcase,uncommon,nonfoil,Showcase,434,scryfall_oracle:aa630f3d-9443-46fe-a54f-8b3c9fcb872e,,,74e89431-5edc-41a3-a8af-04c87b5021c9,738214,,738214,"Shadowfax, Lord of Horses",5489,The Lord of the Rings: Tales of Middle-earth,,,mixed/unknown,0.09,0.21,0.14,0.19,0.18,,0,,,,Low,,EUR,EUR,,,,,"{""mapped_product_ids"": []}",AMBIGUOUS,Cardmarket bulk data does not prove finish/treatment,false,false,false,,,,,,,,NO_COMPARISON,,,,NO_COMPARISON,ambiguous_identity,,"{""ambiguity_reasons"": [""unproven_treatment""], ""external_provenance"": [], ""scryfall_cardmarket_id"": 738214, ""stored_ids"": [738214], ""validated_stored_ids"": [738214]}",,,,
13585,magic,"Shadowfax, Lord of Horses",678,ltr,The Lord of the Rings: Tales of Middle-earth,en,Showcase,uncommon,foil,Showcase,434,scryfall_oracle:aa630f3d-9443-46fe-a54f-8b3c9fcb872e,,,74e89431-5edc-41a3-a8af-04c87b5021c9,738214,,738214,"Shadowfax, Lord of Horses",5489,The Lord of the Rings: Tales of Middle-earth,,,mixed/unknown,0.09,0.21,0.14,0.19,0.18,,0,,,,Foil Low,,EUR,EUR,,,,,"{""mapped_product_ids"": []}",AMBIGUOUS,Cardmarket bulk data does not prove finish/treatment,false,false,false,,,,,,,,NO_COMPARISON,,,,NO_COMPARISON,ambiguous_identity,,"{""ambiguity_reasons"": [""unproven_treatment""], ""external_provenance"": [], ""scryfall_cardmarket_id"": 738214, ""stored_ids"": [738214], ""validated_stored_ids"": [738214]}",,,,
13586,magic,"Shagrat, Loot Bearer",679,ltr,The Lord of the Rings: Tales of Middle-earth,en,Showcase,rare,nonfoil,Showcase,88,scryfall_oracle:23db92aa-d4db-49e3-a5bc-7b120e02822f,,,dbcd3600-a9b2-4e23-bca3-3d55fb7cad81,738216,,738216,"Shagrat, Loot Bearer",5489,The Lord of the Rings: Tales of Middle-earth,,,mixed/unknown,0.5,0.8,0.98,0.82,0.84,,0,,,,Low,,EUR,EUR,,,,,"{""mapped_product_ids"": []}",AMBIGUOUS,Cardmarket bulk data does not prove finish/treatment,false,false,false,,,,,,,,NO_COMPARISON,,,,NO_COMPARISON,ambiguous_identity,,"{""ambiguity_reasons"": [""unproven_treatment""], ""external_provenance"": [], ""scryfall_cardmarket_id"": 738216, ""stored_ids"": [738216], ""validated_stored_ids"": [738216]}",,,,
13587,magic,"Shagrat, Loot Bearer",679,ltr,The Lord of the Rings: Tales of Middle-earth,en,Showcase,rare,foil,Showcase,88,scryfall_oracle:23db92aa-d4db-49e3-a5bc-7b120e02822f,,,dbcd3600-a9b2-4e23-bca3-3d55fb7cad81,738216,,738216,"Shagrat, Loot Bearer",5489,The Lord of the Rings: Tales of Middle-earth,,,mixed/unknown,0.5,0.8,0.98,0.82,0.84,,0,,,,Foil Low,,EUR,EUR,,,,,"{""mapped_product_ids"": []}",AMBIGUOUS,Cardmarket bulk data does not prove finish/treatment,false,false,false,,,,,,,,NO_COMPARISON,,,,NO_COMPARISON,ambiguous_identity,,"{""ambiguity_reasons"": [""unproven_treatment""], ""external_provenance"": [], ""scryfall_cardmarket_id"": 738216, ""stored_ids"": [738216], ""validated_stored_ids"": [738216]}",,,,
13588,magic,"Sharkey, Tyrant of the Shire",680,ltr,The Lord of the Rings: Tales of Middle-earth,en,Showcase,rare,nonfoil,Showcase,375,scryfall_oracle:93a476c0-c77e-43b0-8695-ada40368a002,,,b4b8265f-b9a7-4f4f-b11f-745427213cbc,738218,,738218,"Sharkey, Tyrant of the Shire",5489,The Lord of the Rings: Tales of Middle-earth,,,mixed/unknown,0.2,0.83,1,0.8,0.66,,0,,,,Low,,EUR,EUR,,,,,"{""mapped_product_ids"": []}",AMBIGUOUS,Cardmarket bulk data does not prove finish/treatment,false,false,false,,,,,,,,NO_COMPARISON,,,,NO_COMPARISON,ambiguous_identity,,"{""ambiguity_reasons"": [""unproven_treatment""], ""external_provenance"": [], ""scryfall_cardmarket_id"": 738218, ""stored_ids"": [738218], ""validated_stored_ids"": [738218]}",,,,
13589,magic,"Sharkey, Tyrant of the Shire",680,ltr,The Lord of the Rings: Tales of Middle-earth,en,Showcase,rare,foil,Showcase,375,scryfall_oracle:93a476c0-c77e-43b0-8695-ada40368a002,,,b4b8265f-b9a7-4f4f-b11f-745427213cbc,738218,,738218,"Sharkey, Tyrant of the Shire",5489,The Lord of the Rings: Tales of Middle-earth,,,mixed/unknown,0.2,0.83,1,0.8,0.66,,0,,,,Foil Low,,EUR,EUR,,,,,"{""mapped_product_ids"": []}",AMBIGUOUS,Cardmarket bulk data does not prove finish/treatment,false,false,false,,,,,,,,NO_COMPARISON,,,,NO_COMPARISON,ambiguous_identity,,"{""ambiguity_reasons"": [""unproven_treatment""], ""external_provenance"": [], ""scryfall_cardmarket_id"": 738218, ""stored_ids"": [738218], ""validated_stored_ids"": [738218]}",,,,
13590,magic,"Shelob, Child of Ungoliant",681,ltr,The Lord of the Rings: Tales of Middle-earth,en,Showcase,rare,nonfoil,Showcase,324,scryfall_oracle:8372115d-c963-4a41-8759-72f7f6a8935a,,,8fe493a5-2a7c-4fa1-9ef1-d358db0e0c70,738221,,738221,"Shelob, Child of Ungoliant",5489,The Lord of the Rings: Tales of Middle-earth,,,mixed/unknown,11,19.99,19.99,13.25,13.25,11,12.51,11,13.33,14.38,Low,,EUR,EUR,,,,,"{""mapped_product_ids"": []}",AMBIGUOUS,Cardmarket bulk data does not prove finish/treatment,false,false,false,,,,,,,,NO_COMPARISON,,,,NO_COMPARISON,ambiguous_identity,,"{""ambiguity_reasons"": [""unproven_treatment""], ""external_provenance"": [], ""scryfall_cardmarket_id"": 738221, ""stored_ids"": [738221], ""validated_stored_ids"": [738221]}",,,,
13591,magic,"Shelob, Child of Ungoliant",681,ltr,The Lord of the Rings: Tales of Middle-earth,en,Showcase,rare,foil,Showcase,324,scryfall_oracle:8372115d-c963-4a41-8759-72f7f6a8935a,,,8fe493a5-2a7c-4fa1-9ef1-d358db0e0c70,738221,,738221,"Shelob, Child of Ungoliant",5489,The Lord of the Rings: Tales of Middle-earth,,,mixed/unknown,11,19.99,19.99,13.25,13.25,11,12.51,11,13.33,14.38,Foil Low,,EUR,EUR,,,,,"{""mapped_product_ids"": []}",AMBIGUOUS,Cardmarket bulk data does not prove finish/treatment,false,false,false,,,,,,,,NO_COMPARISON,,,,NO_COMPARISON,ambiguous_identity,,"{""ambiguity_reasons"": [""unproven_treatment""], ""external_provenance"": [], ""scryfall_cardmarket_id"": 738221, ""stored_ids"": [738221], ""validated_stored_ids"": [738221]}",,,,
13592,magic,"Sméagol, Helpful Guide",682,ltr,The Lord of the Rings: Tales of Middle-earth,en,Showcase,rare,nonfoil,Showcase,270,scryfall_oracle:6b974499-bf1c-4e5b-a72c-c72220f4e591,,,9d842adf-72af-41fd-9d9b-b38d39a44b24,738222,,738222,"Sméagol, Helpful Guide",5489,The Lord of the Rings: Tales of Middle-earth,,,mixed/unknown,3.18,3.05,3.83,3.45,3.34,,0,,,,Low,,EUR,EUR,,,,,"{""mapped_product_ids"": []}",AMBIGUOUS,Cardmarket bulk data does not prove finish/treatment,false,false,false,,,,,,,,NO_COMPARISON,,,,NO_COMPARISON,ambiguous_identity,,"{""ambiguity_reasons"": [""unproven_treatment""], ""external_provenance"": [], ""scryfall_cardmarket_id"": 738222, ""stored_ids"": [738222], ""validated_stored_ids"": [738222]}",,,,
13593,magic,"Sméagol, Helpful Guide",682,ltr,The Lord of the Rings: Tales of Middle-earth,en,Showcase,rare,foil,Showcase,270,scryfall_oracle:6b974499-bf1c-4e5b-a72c-c72220f4e591,,,9d842adf-72af-41fd-9d9b-b38d39a44b24,738222,,738222,"Sméagol, Helpful Guide",5489,The Lord of the Rings: Tales of Middle-earth,,,mixed/unknown,3.18,3.05,3.83,3.45,3.34,,0,,,,Foil Low,,EUR,EUR,,,,,"{""mapped_product_ids"": []}",AMBIGUOUS,Cardmarket bulk data does not prove finish/treatment,false,false,false,,,,,,,,NO_COMPARISON,,,,NO_COMPARISON,ambiguous_identity,,"{""ambiguity_reasons"": [""unproven_treatment""], ""external_provenance"": [], ""scryfall_cardmarket_id"": 738222, ""stored_ids"": [738222], ""validated_stored_ids"": [738222]}",,,,
13594,magic,"Strider, Ranger of the North",683,ltr,The Lord of the Rings: Tales of Middle-earth,en,Showcase,uncommon,nonfoil,Showcase,42,scryfall_oracle:118f2cb6-2af9-4acc-b386-a8e8dded5793,,,1fa269ca-36ff-4048-8253-0d150431e9d2,738225,,738225,"Strider, Ranger of the North",5489,The Lord of the Rings: Tales of Middle-earth,,,mixed/unknown,0.05,0,,,,0.05,0.24,0.2,0.24,0.24,Low,,EUR,EUR,,,,,"{""mapped_product_ids"": []}",AMBIGUOUS,Cardmarket bulk data does not prove finish/treatment,false,false,false,,,,,,,,NO_COMPARISON,,,,NO_COMPARISON,ambiguous_identity,,"{""ambiguity_reasons"": [""unproven_treatment""], ""external_provenance"": [], ""scryfall_cardmarket_id"": 738225, ""stored_ids"": [738225], ""validated_stored_ids"": [738225]}",,,,
13595,magic,"Strider, Ranger of the North",683,ltr,The Lord of the Rings: Tales of Middle-earth,en,Showcase,uncommon,foil,Showcase,42,scryfall_oracle:118f2cb6-2af9-4acc-b386-a8e8dded5793,,,1fa269ca-36ff-4048-8253-0d150431e9d2,738225,,738225,"Strider, Ranger of the North",5489,The Lord of the Rings: Tales of Middle-earth,,,mixed/unknown,0.05,0,,,,0.05,0.24,0.2,0.24,0.24,Foil Low,,EUR,EUR,,,,,"{""mapped_product_ids"": []}",AMBIGUOUS,Cardmarket bulk data does not prove finish/treatment,false,false,false,,,,,,,,NO_COMPARISON,,,,NO_COMPARISON,ambiguous_identity,,"{""ambiguity_reasons"": [""unproven_treatment""], ""external_provenance"": [], ""scryfall_cardmarket_id"": 738225, ""stored_ids"": [738225], ""validated_stored_ids"": [738225]}",,,,
13596,magic,"Théoden, King of Rohan",684,ltr,The Lord of the Rings: Tales of Middle-earth,en,Showcase,uncommon,nonfoil,Showcase,583,scryfall_oracle:e739e3ce-4c5e-4172-a9de-adf66ca6588c,,,8f4d4c0c-4971-43fd-9e83-f184ab1ca9c5,738226,,738226,"Théoden, King of Rohan",5489,The Lord of the Rings: Tales of Middle-earth,,,mixed/unknown,0.05,0.31,0.59,0.27,0.28,,0,,,,Low,,EUR,EUR,,,,,"{""mapped_product_ids"": []}",AMBIGUOUS,Cardmarket bulk data does not prove finish/treatment,false,false,false,,,,,,,,NO_COMPARISON,,,,NO_COMPARISON,ambiguous_identity,,"{""ambiguity_reasons"": [""unproven_treatment""], ""external_provenance"": [], ""scryfall_cardmarket_id"": 738226, ""stored_ids"": [738226], ""validated_stored_ids"": [738226]}",,,,
13597,magic,"Théoden, King of Rohan",684,ltr,The Lord of the Rings: Tales of Middle-earth,en,Showcase,uncommon,foil,Showcase,583,scryfall_oracle:e739e3ce-4c5e-4172-a9de-adf66ca6588c,,,8f4d4c0c-4971-43fd-9e83-f184ab1ca9c5,738226,,738226,"Théoden, King of Rohan",5489,The Lord of the Rings: Tales of Middle-earth,,,mixed/unknown,0.05,0.31,0.59,0.27,0.28,,0,,,,Foil Low,,EUR,EUR,,,,,"{""mapped_product_ids"": []}",AMBIGUOUS,Cardmarket bulk data does not prove finish/treatment,false,false,false,,,,,,,,NO_COMPARISON,,,,NO_COMPARISON,ambiguous_identity,,"{""ambiguity_reasons"": [""unproven_treatment""], ""external_provenance"": [], ""scryfall_cardmarket_id"": 738226, ""stored_ids"": [738226], ""validated_stored_ids"": [738226]}",,,,
13598,magic,Tom Bombadil,685,ltr,The Lord of the Rings: Tales of Middle-earth,en,Showcase,mythic,nonfoil,Showcase,342,scryfall_oracle:89a2d5bc-df06-47e8-8b4a-6d1f0a63c78d,,,dba0b072-65a1-4202-a9e0-e77466bb78ba,738229,,738229,Tom Bombadil,5489,The Lord of the Rings: Tales of Middle-earth,,,mixed/unknown,45,0,,,,45,43.86,44,43.24,47.73,Low,,EUR,EUR,,,,,"{""mapped_product_ids"": []}",AMBIGUOUS,Cardmarket bulk data does not prove finish/treatment,false,false,false,,,,,,,,NO_COMPARISON,,,,NO_COMPARISON,ambiguous_identity,,"{""ambiguity_reasons"": [""unproven_treatment""], ""external_provenance"": [], ""scryfall_cardmarket_id"": 738229, ""stored_ids"": [738229], ""validated_stored_ids"": [738229]}",,,,
13599,magic,Tom Bombadil,685,ltr,The Lord of the Rings: Tales of Middle-earth,en,Showcase,mythic,foil,Showcase,342,scryfall_oracle:89a2d5bc-df06-47e8-8b4a-6d1f0a63c78d,,,dba0b072-65a1-4202-a9e0-e77466bb78ba,738229,,738229,Tom Bombadil,5489,The Lord of the Rings: Tales of Middle-earth,,,mixed/unknown,45,0,,,,45,43.86,44,43.24,47.73,Foil Low,,EUR,EUR,,,,,"{""mapped_product_ids"": []}",AMBIGUOUS,Cardmarket bulk data does not prove finish/treatment,false,false,false,,,,,,,,NO_COMPARISON,,,,NO_COMPARISON,ambiguous_identity,,"{""ambiguity_reasons"": [""unproven_treatment""], ""external_provenance"": [], ""scryfall_cardmarket_id"": 738229, ""stored_ids"": [738229], ""validated_stored_ids"": [738229]}",,,,
13600,magic,Uglúk of the White Hand,686,ltr,The Lord of the Rings: Tales of Middle-earth,en,Showcase,uncommon,nonfoil,Showcase,592,scryfall_oracle:ebd6a3a0-ae8d-44e6-8d0b-048da6dd1f03,,,e162b5b2-ebc3-4790-9f19-ac3515a7fc13,738230,,738230,Uglúk of the White Hand,5489,The Lord of the Rings: Tales of Middle-earth,,,mixed/unknown,0.02,0.32,0.2,0.31,0.2,,0,,,,Low,,EUR,EUR,,,,,"{""mapped_product_ids"": []}",AMBIGUOUS,Cardmarket bulk data does not prove finish/treatment,false,false,false,,,,,,,,NO_COMPARISON,,,,NO_COMPARISON,ambiguous_identity,,"{""ambiguity_reasons"": [""unproven_treatment""], ""external_provenance"": [], ""scryfall_cardmarket_id"": 738230, ""stored_ids"": [738230], ""validated_stored_ids"": [738230]}",,,,
13601,magic,Uglúk of the White Hand,686,ltr,The Lord of the Rings: Tales of Middle-earth,en,Showcase,uncommon,foil,Showcase,592,scryfall_oracle:ebd6a3a0-ae8d-44e6-8d0b-048da6dd1f03,,,e162b5b2-ebc3-4790-9f19-ac3515a7fc13,738230,,738230,Uglúk of the White Hand,5489,The Lord of the Rings: Tales of Middle-earth,,,mixed/unknown,0.02,0.32,0.2,0.31,0.2,,0,,,,Foil Low,,EUR,EUR,,,,,"{""mapped_product_ids"": []}",AMBIGUOUS,Cardmarket bulk data does not prove finish/treatment,false,false,false,,,,,,,,NO_COMPARISON,,,,NO_COMPARISON,ambiguous_identity,,"{""ambiguity_reasons"": [""unproven_treatment""], ""external_provenance"": [], ""scryfall_cardmarket_id"": 738230, ""stored_ids"": [738230], ""validated_stored_ids"": [738230]}",,,,
13602,magic,"Andúril, Flame of the West",687,ltr,The Lord of the Rings: Tales of Middle-earth,en,Showcase,mythic,nonfoil,Showcase,580,scryfall_oracle:e6521404-8474-4727-b2d0-537d15d8a63f,,,8b9592b9-9959-4913-aaad-ceed78f317a5,738232,,738232,"Andúril, Flame of the West",5489,The Lord of the Rings: Tales of Middle-earth,,,mixed/unknown,11.07,12.3,12.9,12.67,12.27,,0,,,,Low,,EUR,EUR,,,,,"{""mapped_product_ids"": []}",AMBIGUOUS,Cardmarket bulk data does not prove finish/treatment,false,false,false,,,,,,,,NO_COMPARISON,,,,NO_COMPARISON,ambiguous_identity,,"{""ambiguity_reasons"": [""unproven_treatment""], ""external_provenance"": [], ""scryfall_cardmarket_id"": 738232, ""stored_ids"": [738232], ""validated_stored_ids"": [738232]}",,,,
13603,magic,"Andúril, Flame of the West",687,ltr,The Lord of the Rings: Tales of Middle-earth,en,Showcase,mythic,foil,Showcase,580,scryfall_oracle:e6521404-8474-4727-b2d0-537d15d8a63f,,,8b9592b9-9959-4913-aaad-ceed78f317a5,738232,,738232,"Andúril, Flame of the West",5489,The Lord of the Rings: Tales of Middle-earth,,,mixed/unknown,11.07,12.3,12.9,12.67,12.27,,0,,,,Foil Low,,EUR,EUR,,,,,"{""mapped_product_ids"": []}",AMBIGUOUS,Cardmarket bulk data does not prove finish/treatment,false,false,false,,,,,,,,NO_COMPARISON,,,,NO_COMPARISON,ambiguous_identity,,"{""ambiguity_reasons"": [""unproven_treatment""], ""external_provenance"": [], ""scryfall_cardmarket_id"": 738232, ""stored_ids"": [738232], ""validated_stored_ids"": [738232]}",,,,
13604,magic,Barrow-Blade,688,ltr,The Lord of the Rings: Tales of Middle-earth,en,Showcase,uncommon,nonfoil,Showcase,333,scryfall_oracle:867c5592-50d5-420c-ac71-50014bc390eb,,,ef16051e-e52a-4cc9-bfa3-675f85f2cf8b,738234,,738234,Barrow-Blade,5489,The Lord of the Rings: Tales of Middle-earth,,,mixed/unknown,0.02,0.17,0.2,0.19,0.2,,0,,,,Low,,EUR,EUR,,,,,"{""mapped_product_ids"": []}",AMBIGUOUS,Cardmarket bulk data does not prove finish/treatment,false,false,false,,,,,,,,NO_COMPARISON,,,,NO_COMPARISON,ambiguous_identity,,"{""ambiguity_reasons"": [""unproven_treatment""], ""external_provenance"": [], ""scryfall_cardmarket_id"": 738234, ""stored_ids"": [738234], ""validated_stored_ids"": [738234]}",,,,
13605,magic,Barrow-Blade,688,ltr,The Lord of the Rings: Tales of Middle-earth,en,Showcase,uncommon,foil,Showcase,333,scryfall_oracle:867c5592-50d5-420c-ac71-50014bc390eb,,,ef16051e-e52a-4cc9-bfa3-675f85f2cf8b,738234,,738234,Barrow-Blade,5489,The Lord of the Rings: Tales of Middle-earth,,,mixed/unknown,0.02,0.17,0.2,0.19,0.2,,0,,,,Foil Low,,EUR,EUR,,,,,"{""mapped_product_ids"": []}",AMBIGUOUS,Cardmarket bulk data does not prove finish/treatment,false,false,false,,,,,,,,NO_COMPARISON,,,,NO_COMPARISON,ambiguous_identity,,"{""ambiguity_reasons"": [""unproven_treatment""], ""external_provenance"": [], ""scryfall_cardmarket_id"": 738234, ""stored_ids"": [738234], ""validated_stored_ids"": [738234]}",,,,
13606,magic,Ent-Draught Basin,689,ltr,The Lord of the Rings: Tales of Middle-earth,en,Showcase,uncommon,nonfoil,Showcase,7,scryfall_oracle:02acf8b2-6108-4496-9803-7199ca7e199a,,,b2255e77-b8c3-4d20-bea4-ac08500f7b61,738236,,738236,Ent-Draught Basin,5489,The Lord of the Rings: Tales of Middle-earth,,,mixed/unknown,0.05,0.16,0.1,0.16,0.15,,0,,,,Low,,EUR,EUR,,,,,"{""mapped_product_ids"": []}",AMBIGUOUS,Cardmarket bulk data does not prove finish/treatment,false,false,false,,,,,,,,NO_COMPARISON,,,,NO_COMPARISON,ambiguous_identity,,"{""ambiguity_reasons"": [""unproven_treatment""], ""external_provenance"": [], ""scryfall_cardmarket_id"": 738236, ""stored_ids"": [738236], ""validated_stored_ids"": [738236]}",,,,
13607,magic,Ent-Draught Basin,689,ltr,The Lord of the Rings: Tales of Middle-earth,en,Showcase,uncommon,foil,Showcase,7,scryfall_oracle:02acf8b2-6108-4496-9803-7199ca7e199a,,,b2255e77-b8c3-4d20-bea4-ac08500f7b61,738236,,738236,Ent-Draught Basin,5489,The Lord of the Rings: Tales of Middle-earth,,,mixed/unknown,0.05,0.16,0.1,0.16,0.15,,0,,,,Foil Low,,EUR,EUR,,,,,"{""mapped_product_ids"": []}",AMBIGUOUS,Cardmarket bulk data does not prove finish/treatment,false,false,false,,,,,,,,NO_COMPARISON,,,,NO_COMPARISON,ambiguous_identity,,"{""ambiguity_reasons"": [""unproven_treatment""], ""external_provenance"": [], ""scryfall_cardmarket_id"": 738236, ""stored_ids"": [738236], ""validated_stored_ids"": [738236]}",,,,
13608,magic,Glamdring,690,ltr,The Lord of the Rings: Tales of Middle-earth,en,Showcase,mythic,nonfoil,Showcase,204,scryfall_oracle:52826984-44cb-48dc-a737-bb02983ffea8,,,65cdf7d1-b5a2-4d32-9775-86010faad4c3,738239,,738239,Glamdring,5489,The Lord of the Rings: Tales of Middle-earth,,,mixed/unknown,13.05,0,,,,13.05,11.9,13.98,11.86,12.37,Low,,EUR,EUR,,,,,"{""mapped_product_ids"": []}",AMBIGUOUS,Cardmarket bulk data does not prove finish/treatment,false,false,false,,,,,,,,NO_COMPARISON,,,,NO_COMPARISON,ambiguous_identity,,"{""ambiguity_reasons"": [""unproven_treatment""], ""external_provenance"": [], ""scryfall_cardmarket_id"": 738239, ""stored_ids"": [738239], ""validated_stored_ids"": [738239]}",,,,
13609,magic,Glamdring,690,ltr,The Lord of the Rings: Tales of Middle-earth,en,Showcase,mythic,foil,Showcase,204,scryfall_oracle:52826984-44cb-48dc-a737-bb02983ffea8,,,65cdf7d1-b5a2-4d32-9775-86010faad4c3,738239,,738239,Glamdring,5489,The Lord of the Rings: Tales of Middle-earth,,,mixed/unknown,13.05,0,,,,13.05,11.9,13.98,11.86,12.37,Foil Low,,EUR,EUR,,,,,"{""mapped_product_ids"": []}",AMBIGUOUS,Cardmarket bulk data does not prove finish/treatment,false,false,false,,,,,,,,NO_COMPARISON,,,,NO_COMPARISON,ambiguous_identity,,"{""ambiguity_reasons"": [""unproven_treatment""], ""external_provenance"": [], ""scryfall_cardmarket_id"": 738239, ""stored_ids"": [738239], ""validated_stored_ids"": [738239]}",,,,
13610,magic,Horn of Gondor,691,ltr,The Lord of the Rings: Tales of Middle-earth,en,Showcase,rare,nonfoil,Showcase,339,scryfall_oracle:88777fc0-286d-47fc-8e94-1e289b4964c4,,,cd75c96c-14e5-4404-b8f4-daf8b5293d1b,738240,,738240,Horn of Gondor,5489,The Lord of the Rings: Tales of Middle-earth,,,mixed/unknown,3,4.92,4.5,5.16,4.67,,0,,,,Low,,EUR,EUR,,,,,"{""mapped_product_ids"": []}",AMBIGUOUS,Cardmarket bulk data does not prove finish/treatment,false,false,false,,,,,,,,NO_COMPARISON,,,,NO_COMPARISON,ambiguous_identity,,"{""ambiguity_reasons"": [""unproven_treatment""], ""external_provenance"": [], ""scryfall_cardmarket_id"": 738240, ""stored_ids"": [738240], ""validated_stored_ids"": [738240]}",,,,
13611,magic,Horn of Gondor,691,ltr,The Lord of the Rings: Tales of Middle-earth,en,Showcase,rare,foil,Showcase,339,scryfall_oracle:88777fc0-286d-47fc-8e94-1e289b4964c4,,,cd75c96c-14e5-4404-b8f4-daf8b5293d1b,738240,,738240,Horn of Gondor,5489,The Lord of the Rings: Tales of Middle-earth,,,mixed/unknown,3,4.92,4.5,5.16,4.67,,0,,,,Foil Low,,EUR,EUR,,,,,"{""mapped_product_ids"": []}",AMBIGUOUS,Cardmarket bulk data does not prove finish/treatment,false,false,false,,,,,,,,NO_COMPARISON,,,,NO_COMPARISON,ambiguous_identity,,"{""ambiguity_reasons"": [""unproven_treatment""], ""external_provenance"": [], ""scryfall_cardmarket_id"": 738240, ""stored_ids"": [738240], ""validated_stored_ids"": [738240]}",,,,
13612,magic,Horn of the Mark,692,ltr,The Lord of the Rings: Tales of Middle-earth,en,Showcase,rare,nonfoil,Showcase,397,scryfall_oracle:9b836c32-84f0-41ae-b7d9-67b92c743c60,,,1d921e07-8c42-4b9c-9939-781020c1b571,738243,,738243,Horn of the Mark,5489,The Lord of the Rings: Tales of Middle-earth,,,mixed/unknown,3.45,0,,,,3.45,3.42,2.99,3.57,3.24,Low,,EUR,EUR,,,,,"{""mapped_product_ids"": []}",AMBIGUOUS,Cardmarket bulk data does not prove finish/treatment,false,false,false,,,,,,,,NO_COMPARISON,,,,NO_COMPARISON,ambiguous_identity,,"{""ambiguity_reasons"": [""unproven_treatment""], ""external_provenance"": [], ""scryfall_cardmarket_id"": 738243, ""stored_ids"": [738243], ""validated_stored_ids"": [738243]}",,,,
13613,magic,Horn of the Mark,692,ltr,The Lord of the Rings: Tales of Middle-earth,en,Showcase,rare,foil,Showcase,397,scryfall_oracle:9b836c32-84f0-41ae-b7d9-67b92c743c60,,,1d921e07-8c42-4b9c-9939-781020c1b571,738243,,738243,Horn of the Mark,5489,The Lord of the Rings: Tales of Middle-earth,,,mixed/unknown,3.45,0,,,,3.45,3.42,2.99,3.57,3.24,Foil Low,,EUR,EUR,,,,,"{""mapped_product_ids"": []}",AMBIGUOUS,Cardmarket bulk data does not prove finish/treatment,false,false,false,,,,,,,,NO_COMPARISON,,,,NO_COMPARISON,ambiguous_identity,,"{""ambiguity_reasons"": [""unproven_treatment""], ""external_provenance"": [], ""scryfall_cardmarket_id"": 738243, ""stored_ids"": [738243], ""validated_stored_ids"": [738243]}",,,,
13614,magic,Inherited Envelope,693,ltr,The Lord of the Rings: Tales of Middle-earth,en,Showcase,common,nonfoil,Showcase,117,scryfall_oracle:2f1ae834-f6b8-458c-ac0d-3510ddb85193,,,53336c6d-8222-4f1f-8953-6f734ffd897f,738244,,738244,Inherited Envelope,5489,The Lord of the Rings: Tales of Middle-earth,,,mixed/unknown,0.1,0.47,0.2,0.41,0.66,,0,,,,Low,,EUR,EUR,,,,,"{""mapped_product_ids"": []}",AMBIGUOUS,Cardmarket bulk data does not prove finish/treatment,false,false,false,,,,,,,,NO_COMPARISON,,,,NO_COMPARISON,ambiguous_identity,,"{""ambiguity_reasons"": [""unproven_treatment""], ""external_provenance"": [], ""scryfall_cardmarket_id"": 738244, ""stored_ids"": [738244], ""validated_stored_ids"": [738244]}",,,,
13615,magic,Inherited Envelope,693,ltr,The Lord of the Rings: Tales of Middle-earth,en,Showcase,common,foil,Showcase,117,scryfall_oracle:2f1ae834-f6b8-458c-ac0d-3510ddb85193,,,53336c6d-8222-4f1f-8953-6f734ffd897f,738244,,738244,Inherited Envelope,5489,The Lord of the Rings: Tales of Middle-earth,,,mixed/unknown,0.1,0.47,0.2,0.41,0.66,,0,,,,Foil Low,,EUR,EUR,,,,,"{""mapped_product_ids"": []}",AMBIGUOUS,Cardmarket bulk data does not prove finish/treatment,false,false,false,,,,,,,,NO_COMPARISON,,,,NO_COMPARISON,ambiguous_identity,,"{""ambiguity_reasons"": [""unproven_treatment""], ""external_provenance"": [], ""scryfall_cardmarket_id"": 738244, ""stored_ids"": [738244], ""validated_stored_ids"": [738244]}",,,,
13616,magic,Lembas,694,ltr,The Lord of the Rings: Tales of Middle-earth,en,Showcase,common,nonfoil,Showcase,621,scryfall_oracle:f71fcdc3-5e96-416e-a49d-37019806e2e2,,,ec66d2fe-fb19-4aac-8a3c-dcf391e423c5,738246,,738246,Lembas,5489,The Lord of the Rings: Tales of Middle-earth,,,mixed/unknown,4,5.65,4,5.53,4.63,,0,,,,Low,,EUR,EUR,,,,,"{""mapped_product_ids"": []}",AMBIGUOUS,Cardmarket bulk data does not prove finish/treatment,false,false,false,,,,,,,,NO_COMPARISON,,,,NO_COMPARISON,ambiguous_identity,,"{""ambiguity_reasons"": [""unproven_treatment""], ""external_provenance"": [], ""scryfall_cardmarket_id"": 738246, ""stored_ids"": [738246], ""validated_stored_ids"": [738246]}",,,,
13617,magic,Lembas,694,ltr,The Lord of the Rings: Tales of Middle-earth,en,Showcase,common,foil,Showcase,621,scryfall_oracle:f71fcdc3-5e96-416e-a49d-37019806e2e2,,,ec66d2fe-fb19-4aac-8a3c-dcf391e423c5,738246,,738246,Lembas,5489,The Lord of the Rings: Tales of Middle-earth,,,mixed/unknown,4,5.65,4,5.53,4.63,,0,,,,Foil Low,,EUR,EUR,,,,,"{""mapped_product_ids"": []}",AMBIGUOUS,Cardmarket bulk data does not prove finish/treatment,false,false,false,,,,,,,,NO_COMPARISON,,,,NO_COMPARISON,ambiguous_identity,,"{""ambiguity_reasons"": [""unproven_treatment""], ""external_provenance"": [], ""scryfall_cardmarket_id"": 738246, ""stored_ids"": [738246], ""validated_stored_ids"": [738246]}",,,,
13618,magic,Mirror of Galadriel,695,ltr,The Lord of the Rings: Tales of Middle-earth,en,Showcase,uncommon,nonfoil,Showcase,291,scryfall_oracle:7695ef41-fa58-4890-b3fe-de5751831d8e,,,88d958a1-2dab-4a49-b79d-2c9bc4c4a76d,738248,,738248,Mirror of Galadriel,5489,The Lord of the Rings: Tales of Middle-earth,,,mixed/unknown,0.05,0.26,0.3,0.3,0.27,,0,,,,Low,,EUR,EUR,,,,,"{""mapped_product_ids"": []}",AMBIGUOUS,Cardmarket bulk data does not prove finish/treatment,false,false,false,,,,,,,,NO_COMPARISON,,,,NO_COMPARISON,ambiguous_identity,,"{""ambiguity_reasons"": [""unproven_treatment""], ""external_provenance"": [], ""scryfall_cardmarket_id"": 738248, ""stored_ids"": [738248], ""validated_stored_ids"": [738248]}",,,,
13619,magic,Mirror of Galadriel,695,ltr,The Lord of the Rings: Tales of Middle-earth,en,Showcase,uncommon,foil,Showcase,291,scryfall_oracle:7695ef41-fa58-4890-b3fe-de5751831d8e,,,88d958a1-2dab-4a49-b79d-2c9bc4c4a76d,738248,,738248,Mirror of Galadriel,5489,The Lord of the Rings: Tales of Middle-earth,,,mixed/unknown,0.05,0.26,0.3,0.3,0.27,,0,,,,Foil Low,,EUR,EUR,,,,,"{""mapped_product_ids"": []}",AMBIGUOUS,Cardmarket bulk data does not prove finish/treatment,false,false,false,,,,,,,,NO_COMPARISON,,,,NO_COMPARISON,ambiguous_identity,,"{""ambiguity_reasons"": [""unproven_treatment""], ""external_provenance"": [], ""scryfall_cardmarket_id"": 738248, ""stored_ids"": [738248], ""validated_stored_ids"": [738248]}",,,,
13620,magic,Mithril Coat,696,ltr,The Lord of the Rings: Tales of Middle-earth,en,Showcase,rare,nonfoil,Showcase,153,scryfall_oracle:3dc364f3-3094-4660-80ca-9418588c7fde,,,dc6f98e8-49ca-4a12-9376-54365f49c857,738250,,738250,Mithril Coat,5489,The Lord of the Rings: Tales of Middle-earth,,,mixed/unknown,24,24.89,24,26.64,25.18,,0,,,,Low,,EUR,EUR,,,,,"{""mapped_product_ids"": []}",AMBIGUOUS,Cardmarket bulk data does not prove finish/treatment,false,false,false,,,,,,,,NO_COMPARISON,,,,NO_COMPARISON,ambiguous_identity,,"{""ambiguity_reasons"": [""unproven_treatment""], ""external_provenance"": [], ""scryfall_cardmarket_id"": 738250, ""stored_ids"": [738250], ""validated_stored_ids"": [738250]}",,,,
13621,magic,Mithril Coat,696,ltr,The Lord of the Rings: Tales of Middle-earth,en,Showcase,rare,foil,Showcase,153,scryfall_oracle:3dc364f3-3094-4660-80ca-9418588c7fde,,,dc6f98e8-49ca-4a12-9376-54365f49c857,738250,,738250,Mithril Coat,5489,The Lord of the Rings: Tales of Middle-earth,,,mixed/unknown,24,24.89,24,26.64,25.18,,0,,,,Foil Low,,EUR,EUR,,,,,"{""mapped_product_ids"": []}",AMBIGUOUS,Cardmarket bulk data does not prove finish/treatment,false,false,false,,,,,,,,NO_COMPARISON,,,,NO_COMPARISON,ambiguous_identity,,"{""ambiguity_reasons"": [""unproven_treatment""], ""external_provenance"": [], ""scryfall_cardmarket_id"": 738250, ""stored_ids"": [738250], ""validated_stored_ids"": [738250]}",,,,
13622,magic,The One Ring,697,ltr,The Lord of the Rings: Tales of Middle-earth,en,Showcase,mythic,nonfoil,Showcase,140,scryfall_oracle:3aa83ed2-f48b-4ce6-a614-2c54ddf50538,,,3b3f2e18-0cc3-42bf-af33-60b95c5e2e40,738253,,738253,The One Ring,5489,The Lord of the Rings: Tales of Middle-earth,,,mixed/unknown,799,0,,,,799,695.42,924.5,737.9,559.54,Low,,EUR,EUR,,,,,"{""mapped_product_ids"": []}",AMBIGUOUS,Cardmarket bulk data does not prove finish/treatment,false,false,false,,,,,,,,NO_COMPARISON,,,,NO_COMPARISON,ambiguous_identity,,"{""ambiguity_reasons"": [""unproven_treatment""], ""external_provenance"": [], ""scryfall_cardmarket_id"": 738253, ""stored_ids"": [738253], ""validated_stored_ids"": [738253]}",,,,
13623,magic,The One Ring,697,ltr,The Lord of the Rings: Tales of Middle-earth,en,Showcase,mythic,foil,Showcase,140,scryfall_oracle:3aa83ed2-f48b-4ce6-a614-2c54ddf50538,,,3b3f2e18-0cc3-42bf-af33-60b95c5e2e40,738253,,738253,The One Ring,5489,The Lord of the Rings: Tales of Middle-earth,,,mixed/unknown,799,0,,,,799,695.42,924.5,737.9,559.54,Foil Low,,EUR,EUR,,,,,"{""mapped_product_ids"": []}",AMBIGUOUS,Cardmarket bulk data does not prove finish/treatment,false,false,false,,,,,,,,NO_COMPARISON,,,,NO_COMPARISON,ambiguous_identity,,"{""ambiguity_reasons"": [""unproven_treatment""], ""external_provenance"": [], ""scryfall_cardmarket_id"": 738253, ""stored_ids"": [738253], ""validated_stored_ids"": [738253]}",,,,
13624,magic,Palantír of Orthanc,698,ltr,The Lord of the Rings: Tales of Middle-earth,en,Showcase,mythic,nonfoil,Showcase,296,scryfall_oracle:7798a4d9-1c1d-48e6-b9a2-ecd6aec1efa7,,,3f469cf9-d4dd-4ea5-8ce5-07cc2b0503b1,738254,,738254,Palantír of Orthanc,5489,The Lord of the Rings: Tales of Middle-earth,,,mixed/unknown,49.9,47.12,52.99,47.27,43.29,,0,,,,Low,,EUR,EUR,,,,,"{""mapped_product_ids"": []}",AMBIGUOUS,Cardmarket bulk data does not prove finish/treatment,false,false,false,,,,,,,,NO_COMPARISON,,,,NO_COMPARISON,ambiguous_identity,,"{""ambiguity_reasons"": [""unproven_treatment""], ""external_provenance"": [], ""scryfall_cardmarket_id"": 738254, ""stored_ids"": [738254], ""validated_stored_ids"": [738254]}",,,,
13625,magic,Palantír of Orthanc,698,ltr,The Lord of the Rings: Tales of Middle-earth,en,Showcase,mythic,foil,Showcase,296,scryfall_oracle:7798a4d9-1c1d-48e6-b9a2-ecd6aec1efa7,,,3f469cf9-d4dd-4ea5-8ce5-07cc2b0503b1,738254,,738254,Palantír of Orthanc,5489,The Lord of the Rings: Tales of Middle-earth,,,mixed/unknown,49.9,47.12,52.99,47.27,43.29,,0,,,,Foil Low,,EUR,EUR,,,,,"{""mapped_product_ids"": []}",AMBIGUOUS,Cardmarket bulk data does not prove finish/treatment,false,false,false,,,,,,,,NO_COMPARISON,,,,NO_COMPARISON,ambiguous_identity,,"{""ambiguity_reasons"": [""unproven_treatment""], ""external_provenance"": [], ""scryfall_cardmarket_id"": 738254, ""stored_ids"": [738254], ""validated_stored_ids"": [738254]}",,,,
13626,magic,Phial of Galadriel,699,ltr,The Lord of the Rings: Tales of Middle-earth,en,Showcase,rare,nonfoil,Showcase,23,scryfall_oracle:08f17ebc-c0fd-493f-84b3-e9250694543e,,,51355032-9532-4e2e-b3c5-8beb303269b9,738257,,738257,Phial of Galadriel,5489,The Lord of the Rings: Tales of Middle-earth,,,mixed/unknown,4,0,,,,4,5.13,7.9,5.07,5.03,Low,,EUR,EUR,,,,,"{""mapped_product_ids"": []}",AMBIGUOUS,Cardmarket bulk data does not prove finish/treatment,false,false,false,,,,,,,,NO_COMPARISON,,,,NO_COMPARISON,ambiguous_identity,,"{""ambiguity_reasons"": [""unproven_treatment""], ""external_provenance"": [], ""scryfall_cardmarket_id"": 738257, ""stored_ids"": [738257], ""validated_stored_ids"": [738257]}",,,,
13627,magic,Phial of Galadriel,699,ltr,The Lord of the Rings: Tales of Middle-earth,en,Showcase,rare,foil,Showcase,23,scryfall_oracle:08f17ebc-c0fd-493f-84b3-e9250694543e,,,51355032-9532-4e2e-b3c5-8beb303269b9,738257,,738257,Phial of Galadriel,5489,The Lord of the Rings: Tales of Middle-earth,,,mixed/unknown,4,0,,,,4,5.13,7.9,5.07,5.03,Foil Low,,EUR,EUR,,,,,"{""mapped_product_ids"": []}",AMBIGUOUS,Cardmarket bulk data does not prove finish/treatment,false,false,false,,,,,,,,NO_COMPARISON,,,,NO_COMPARISON,ambiguous_identity,,"{""ambiguity_reasons"": [""unproven_treatment""], ""external_provenance"": [], ""scryfall_cardmarket_id"": 738257, ""stored_ids"": [738257], ""validated_stored_ids"": [738257]}",,,,
13628,magic,Shire Scarecrow,700,ltr,The Lord of the Rings: Tales of Middle-earth,en,Showcase,common,nonfoil,Showcase,189,scryfall_oracle:4b9f6a6e-c168-4732-b454-2272d56636da,,,fbcf06c6-dd2e-4998-9c9d-6e1493e0e791,738258,,738258,Shire Scarecrow,5489,The Lord of the Rings: Tales of Middle-earth,,,mixed/unknown,0.02,0.16,0.15,0.15,0.13,,0,,,,Low,,EUR,EUR,,,,,"{""mapped_product_ids"": []}",AMBIGUOUS,Cardmarket bulk data does not prove finish/treatment,false,false,false,,,,,,,,NO_COMPARISON,,,,NO_COMPARISON,ambiguous_identity,,"{""ambiguity_reasons"": [""unproven_treatment""], ""external_provenance"": [], ""scryfall_cardmarket_id"": 738258, ""stored_ids"": [738258], ""validated_stored_ids"": [738258]}",,,,
13629,magic,Shire Scarecrow,700,ltr,The Lord of the Rings: Tales of Middle-earth,en,Showcase,common,foil,Showcase,189,scryfall_oracle:4b9f6a6e-c168-4732-b454-2272d56636da,,,fbcf06c6-dd2e-4998-9c9d-6e1493e0e791,738258,,738258,Shire Scarecrow,5489,The Lord of the Rings: Tales of Middle-earth,,,mixed/unknown,0.02,0.16,0.15,0.15,0.13,,0,,,,Foil Low,,EUR,EUR,,,,,"{""mapped_product_ids"": []}",AMBIGUOUS,Cardmarket bulk data does not prove finish/treatment,false,false,false,,,,,,,,NO_COMPARISON,,,,NO_COMPARISON,ambiguous_identity,,"{""ambiguity_reasons"": [""unproven_treatment""], ""external_provenance"": [], ""scryfall_cardmarket_id"": 738258, ""stored_ids"": [738258], ""validated_stored_ids"": [738258]}",,,,
13630,magic,"Sting, the Glinting Dagger",701,ltr,The Lord of the Rings: Tales of Middle-earth,en,Showcase,rare,nonfoil,Showcase,382,scryfall_oracle:973c49a1-8425-40b9-8bdc-2c2434222314,,,a383dcde-4ff6-44e7-bc91-6218cbd63266,738261,,738261,"Sting, the Glinting Dagger",5489,The Lord of the Rings: Tales of Middle-earth,,,mixed/unknown,8.89,0,,,,8.89,9.77,8.99,10.07,9.75,Low,,EUR,EUR,,,,,"{""mapped_product_ids"": []}",AMBIGUOUS,Cardmarket bulk data does not prove finish/treatment,false,false,false,,,,,,,,NO_COMPARISON,,,,NO_COMPARISON,ambiguous_identity,,"{""ambiguity_reasons"": [""unproven_treatment""], ""external_provenance"": [], ""scryfall_cardmarket_id"": 738261, ""stored_ids"": [738261], ""validated_stored_ids"": [738261]}",,,,
13631,magic,"Sting, the Glinting Dagger",701,ltr,The Lord of the Rings: Tales of Middle-earth,en,Showcase,rare,foil,Showcase,382,scryfall_oracle:973c49a1-8425-40b9-8bdc-2c2434222314,,,a383dcde-4ff6-44e7-bc91-6218cbd63266,738261,,738261,"Sting, the Glinting Dagger",5489,The Lord of the Rings: Tales of Middle-earth,,,mixed/unknown,8.89,0,,,,8.89,9.77,8.99,10.07,9.75,Foil Low,,EUR,EUR,,,,,"{""mapped_product_ids"": []}",AMBIGUOUS,Cardmarket bulk data does not prove finish/treatment,false,false,false,,,,,,,,NO_COMPARISON,,,,NO_COMPARISON,ambiguous_identity,,"{""ambiguity_reasons"": [""unproven_treatment""], ""external_provenance"": [], ""scryfall_cardmarket_id"": 738261, ""stored_ids"": [738261], ""validated_stored_ids"": [738261]}",,,,
13632,magic,Stone of Erech,702,ltr,The Lord of the Rings: Tales of Middle-earth,en,Showcase,uncommon,nonfoil,Showcase,287,scryfall_oracle:73dad679-1edb-41c9-9d43-56dc93c3e9fe,,,8dc88eab-71c4-48f9-984c-64a70fb68bfe,738262,,738262,Stone of Erech,5489,The Lord of the Rings: Tales of Middle-earth,,,mixed/unknown,0.25,1.02,2.05,0.98,0.76,,0,,,,Low,,EUR,EUR,,,,,"{""mapped_product_ids"": []}",AMBIGUOUS,Cardmarket bulk data does not prove finish/treatment,false,false,false,,,,,,,,NO_COMPARISON,,,,NO_COMPARISON,ambiguous_identity,,"{""ambiguity_reasons"": [""unproven_treatment""], ""external_provenance"": [], ""scryfall_cardmarket_id"": 738262, ""stored_ids"": [738262], ""validated_stored_ids"": [738262]}",,,,
13633,magic,Stone of Erech,702,ltr,The Lord of the Rings: Tales of Middle-earth,en,Showcase,uncommon,foil,Showcase,287,scryfall_oracle:73dad679-1edb-41c9-9d43-56dc93c3e9fe,,,8dc88eab-71c4-48f9-984c-64a70fb68bfe,738262,,738262,Stone of Erech,5489,The Lord of the Rings: Tales of Middle-earth,,,mixed/unknown,0.25,1.02,2.05,0.98,0.76,,0,,,,Foil Low,,EUR,EUR,,,,,"{""mapped_product_ids"": []}",AMBIGUOUS,Cardmarket bulk data does not prove finish/treatment,false,false,false,,,,,,,,NO_COMPARISON,,,,NO_COMPARISON,ambiguous_identity,,"{""ambiguity_reasons"": [""unproven_treatment""], ""external_provenance"": [], ""scryfall_cardmarket_id"": 738262, ""stored_ids"": [738262], ""validated_stored_ids"": [738262]}",,,,
13634,magic,Wizard's Rockets,703,ltr,The Lord of the Rings: Tales of Middle-earth,en,Showcase,common,nonfoil,Showcase,288,scryfall_oracle:755153b5-81b8-4ebc-b6f8-9296654fcaa4,,,2d55bac1-57a6-4a2e-983e-57da019ce0e6,738264,,738264,Wizard's Rockets,5489,The Lord of the Rings: Tales of Middle-earth,,,mixed/unknown,0.12,0.47,0.15,0.29,0.34,,0,,,,Low,,EUR,EUR,,,,,"{""mapped_product_ids"": []}",AMBIGUOUS,Cardmarket bulk data does not prove finish/treatment,false,false,false,,,,,,,,NO_COMPARISON,,,,NO_COMPARISON,ambiguous_identity,,"{""ambiguity_reasons"": [""unproven_treatment""], ""external_provenance"": [], ""scryfall_cardmarket_id"": 738264, ""stored_ids"": [738264], ""validated_stored_ids"": [738264]}",,,,
13635,magic,Wizard's Rockets,703,ltr,The Lord of the Rings: Tales of Middle-earth,en,Showcase,common,foil,Showcase,288,scryfall_oracle:755153b5-81b8-4ebc-b6f8-9296654fcaa4,,,2d55bac1-57a6-4a2e-983e-57da019ce0e6,738264,,738264,Wizard's Rockets,5489,The Lord of the Rings: Tales of Middle-earth,,,mixed/unknown,0.12,0.47,0.15,0.29,0.34,,0,,,,Foil Low,,EUR,EUR,,,,,"{""mapped_product_ids"": []}",AMBIGUOUS,Cardmarket bulk data does not prove finish/treatment,false,false,false,,,,,,,,NO_COMPARISON,,,,NO_COMPARISON,ambiguous_identity,,"{""ambiguity_reasons"": [""unproven_treatment""], ""external_provenance"": [], ""scryfall_cardmarket_id"": 738264, ""stored_ids"": [738264], ""validated_stored_ids"": [738264]}",,,,
13636,magic,Barad-dûr,704,ltr,The Lord of the Rings: Tales of Middle-earth,en,Showcase,rare,nonfoil,Showcase,336,scryfall_oracle:88159872-d37d-4847-b048-e4a9af6437bd,,,d8bcc10b-8e26-49a6-ab3e-5a9e682a994b,738266,,738266,Barad-dûr,5489,The Lord of the Rings: Tales of Middle-earth,,,mixed/unknown,3.96,4.37,6.16,5.2,4.24,,0,,,,Low,,EUR,EUR,,,,,"{""mapped_product_ids"": []}",AMBIGUOUS,Cardmarket bulk data does not prove finish/treatment,false,false,false,,,,,,,,NO_COMPARISON,,,,NO_COMPARISON,ambiguous_identity,,"{""ambiguity_reasons"": [""unproven_treatment""], ""external_provenance"": [], ""scryfall_cardmarket_id"": 738266, ""stored_ids"": [738266], ""validated_stored_ids"": [738266]}",,,,
13637,magic,Barad-dûr,704,ltr,The Lord of the Rings: Tales of Middle-earth,en,Showcase,rare,foil,Showcase,336,scryfall_oracle:88159872-d37d-4847-b048-e4a9af6437bd,,,d8bcc10b-8e26-49a6-ab3e-5a9e682a994b,738266,,738266,Barad-dûr,5489,The Lord of the Rings: Tales of Middle-earth,,,mixed/unknown,3.96,4.37,6.16,5.2,4.24,,0,,,,Foil Low,,EUR,EUR,,,,,"{""mapped_product_ids"": []}",AMBIGUOUS,Cardmarket bulk data does not prove finish/treatment,false,false,false,,,,,,,,NO_COMPARISON,,,,NO_COMPARISON,ambiguous_identity,,"{""ambiguity_reasons"": [""unproven_treatment""], ""external_provenance"": [], ""scryfall_cardmarket_id"": 738266, ""stored_ids"": [738266], ""validated_stored_ids"": [738266]}",,,,
13638,magic,Great Hall of the Citadel,705,ltr,The Lord of the Rings: Tales of Middle-earth,en,Showcase,common,nonfoil,Showcase,465,scryfall_oracle:b3e28bcf-0ed0-4406-b615-68ddc55b349a,,,b97f2ed8-d8e3-40a6-bcf8-a36cfd81f685,738268,,738268,Great Hall of the Citadel,5489,The Lord of the Rings: Tales of Middle-earth,,,mixed/unknown,0.3,1.39,0.75,1.45,1.24,,0,,,,Low,,EUR,EUR,,,,,"{""mapped_product_ids"": []}",AMBIGUOUS,Cardmarket bulk data does not prove finish/treatment,false,false,false,,,,,,,,NO_COMPARISON,,,,NO_COMPARISON,ambiguous_identity,,"{""ambiguity_reasons"": [""unproven_treatment""], ""external_provenance"": [], ""scryfall_cardmarket_id"": 738268, ""stored_ids"": [738268], ""validated_stored_ids"": [738268]}",,,,
13639,magic,Great Hall of the Citadel,705,ltr,The Lord of the Rings: Tales of Middle-earth,en,Showcase,common,foil,Showcase,465,scryfall_oracle:b3e28bcf-0ed0-4406-b615-68ddc55b349a,,,b97f2ed8-d8e3-40a6-bcf8-a36cfd81f685,738268,,738268,Great Hall of the Citadel,5489,The Lord of the Rings: Tales of Middle-earth,,,mixed/unknown,0.3,1.39,0.75,1.45,1.24,,0,,,,Foil Low,,EUR,EUR,,,,,"{""mapped_product_ids"": []}",AMBIGUOUS,Cardmarket bulk data does not prove finish/treatment,false,false,false,,,,,,,,NO_COMPARISON,,,,NO_COMPARISON,ambiguous_identity,,"{""ambiguity_reasons"": [""unproven_treatment""], ""external_provenance"": [], ""scryfall_cardmarket_id"": 738268, ""stored_ids"": [738268], ""validated_stored_ids"": [738268]}",,,,
13640,magic,The Grey Havens,706,ltr,The Lord of the Rings: Tales of Middle-earth,en,Showcase,uncommon,nonfoil,Showcase,414,scryfall_oracle:a1a9695e-073b-4a65-b3ec-2cfddc23202a,,,c49ed25a-5832-41df-a4f0-f43ad75da73f,738271,,738271,The Grey Havens,5489,The Lord of the Rings: Tales of Middle-earth,,,mixed/unknown,0.5,0.37,0.37,0.37,0.37,0.5,0.86,1.33,0.95,0.79,Low,,EUR,EUR,,,,,"{""mapped_product_ids"": []}",AMBIGUOUS,Cardmarket bulk data does not prove finish/treatment,false,false,false,,,,,,,,NO_COMPARISON,,,,NO_COMPARISON,ambiguous_identity,,"{""ambiguity_reasons"": [""unproven_treatment""], ""external_provenance"": [], ""scryfall_cardmarket_id"": 738271, ""stored_ids"": [738271], ""validated_stored_ids"": [738271]}",,,,
13641,magic,The Grey Havens,706,ltr,The Lord of the Rings: Tales of Middle-earth,en,Showcase,uncommon,foil,Showcase,414,scryfall_oracle:a1a9695e-073b-4a65-b3ec-2cfddc23202a,,,c49ed25a-5832-41df-a4f0-f43ad75da73f,738271,,738271,The Grey Havens,5489,The Lord of the Rings: Tales of Middle-earth,,,mixed/unknown,0.5,0.37,0.37,0.37,0.37,0.5,0.86,1.33,0.95,0.79,Foil Low,,EUR,EUR,,,,,"{""mapped_product_ids"": []}",AMBIGUOUS,Cardmarket bulk data does not prove finish/treatment,false,false,false,,,,,,,,NO_COMPARISON,,,,NO_COMPARISON,ambiguous_identity,,"{""ambiguity_reasons"": [""unproven_treatment""], ""external_provenance"": [], ""scryfall_cardmarket_id"": 738271, ""stored_ids"": [738271], ""validated_stored_ids"": [738271]}",,,,
13642,magic,Minas Tirith,707,ltr,The Lord of the Rings: Tales of Middle-earth,en,Showcase,rare,nonfoil,Showcase,304,scryfall_oracle:7b0d7e62-0287-454a-8702-b0bfa7b41245,,,bdb84f3e-5277-4b5b-96e2-3df3eb1a0edc,738272,,738272,Minas Tirith,5489,The Lord of the Rings: Tales of Middle-earth,,,mixed/unknown,7.77,8.8,9.98,8.68,8.28,,0,,,,Low,,EUR,EUR,,,,,"{""mapped_product_ids"": []}",AMBIGUOUS,Cardmarket bulk data does not prove finish/treatment,false,false,false,,,,,,,,NO_COMPARISON,,,,NO_COMPARISON,ambiguous_identity,,"{""ambiguity_reasons"": [""unproven_treatment""], ""external_provenance"": [], ""scryfall_cardmarket_id"": 738272, ""stored_ids"": [738272], ""validated_stored_ids"": [738272]}",,,,
13643,magic,Minas Tirith,707,ltr,The Lord of the Rings: Tales of Middle-earth,en,Showcase,rare,foil,Showcase,304,scryfall_oracle:7b0d7e62-0287-454a-8702-b0bfa7b41245,,,bdb84f3e-5277-4b5b-96e2-3df3eb1a0edc,738272,,738272,Minas Tirith,5489,The Lord of the Rings: Tales of Middle-earth,,,mixed/unknown,7.77,8.8,9.98,8.68,8.28,,0,,,,Foil Low,,EUR,EUR,,,,,"{""mapped_product_ids"": []}",AMBIGUOUS,Cardmarket bulk data does not prove finish/treatment,false,false,false,,,,,,,,NO_COMPARISON,,,,NO_COMPARISON,ambiguous_identity,,"{""ambiguity_reasons"": [""unproven_treatment""], ""external_provenance"": [], ""scryfall_cardmarket_id"": 738272, ""stored_ids"": [738272], ""validated_stored_ids"": [738272]}",,,,
13644,magic,Mines of Moria,708,ltr,The Lord of the Rings: Tales of Middle-earth,en,Showcase,rare,nonfoil,Showcase,218,scryfall_oracle:583cdebe-0195-45be-bd2e-5765f07cb902,,,20f9c167-8593-486f-8e68-bf5a452c48bf,738275,,738275,Mines of Moria,5489,The Lord of the Rings: Tales of Middle-earth,,,mixed/unknown,6.79,0,,,,6.79,7.58,6.9,7.12,7.39,Low,,EUR,EUR,,,,,"{""mapped_product_ids"": []}",AMBIGUOUS,Cardmarket bulk data does not prove finish/treatment,false,false,false,,,,,,,,NO_COMPARISON,,,,NO_COMPARISON,ambiguous_identity,,"{""ambiguity_reasons"": [""unproven_treatment""], ""external_provenance"": [], ""scryfall_cardmarket_id"": 738275, ""stored_ids"": [738275], ""validated_stored_ids"": [738275]}",,,,
13645,magic,Mines of Moria,708,ltr,The Lord of the Rings: Tales of Middle-earth,en,Showcase,rare,foil,Showcase,218,scryfall_oracle:583cdebe-0195-45be-bd2e-5765f07cb902,,,20f9c167-8593-486f-8e68-bf5a452c48bf,738275,,738275,Mines of Moria,5489,The Lord of the Rings: Tales of Middle-earth,,,mixed/unknown,6.79,0,,,,6.79,7.58,6.9,7.12,7.39,Foil Low,,EUR,EUR,,,,,"{""mapped_product_ids"": []}",AMBIGUOUS,Cardmarket bulk data does not prove finish/treatment,false,false,false,,,,,,,,NO_COMPARISON,,,,NO_COMPARISON,ambiguous_identity,,"{""ambiguity_reasons"": [""unproven_treatment""], ""external_provenance"": [], ""scryfall_cardmarket_id"": 738275, ""stored_ids"": [738275], ""validated_stored_ids"": [738275]}",,,,
13646,magic,Mount Doom,709,ltr,The Lord of the Rings: Tales of Middle-earth,en,Showcase,mythic,nonfoil,Showcase,388,scryfall_oracle:995c8dac-fd27-468a-abd4-02372cf0c850,,,bf95125c-447a-47ca-a691-6e3879312b52,738276,,738276,Mount Doom,5489,The Lord of the Rings: Tales of Middle-earth,,,mixed/unknown,22.75,22.38,29,22.43,23.02,,0,,,,Low,,EUR,EUR,,,,,"{""mapped_product_ids"": []}",AMBIGUOUS,Cardmarket bulk data does not prove finish/treatment,false,false,false,,,,,,,,NO_COMPARISON,,,,NO_COMPARISON,ambiguous_identity,,"{""ambiguity_reasons"": [""unproven_treatment""], ""external_provenance"": [], ""scryfall_cardmarket_id"": 738276, ""stored_ids"": [738276], ""validated_stored_ids"": [738276]}",,,,
13647,magic,Mount Doom,709,ltr,The Lord of the Rings: Tales of Middle-earth,en,Showcase,mythic,foil,Showcase,388,scryfall_oracle:995c8dac-fd27-468a-abd4-02372cf0c850,,,bf95125c-447a-47ca-a691-6e3879312b52,738276,,738276,Mount Doom,5489,The Lord of the Rings: Tales of Middle-earth,,,mixed/unknown,22.75,22.38,29,22.43,23.02,,0,,,,Foil Low,,EUR,EUR,,,,,"{""mapped_product_ids"": []}",AMBIGUOUS,Cardmarket bulk data does not prove finish/treatment,false,false,false,,,,,,,,NO_COMPARISON,,,,NO_COMPARISON,ambiguous_identity,,"{""ambiguity_reasons"": [""unproven_treatment""], ""external_provenance"": [], ""scryfall_cardmarket_id"": 738276, ""stored_ids"": [738276], ""validated_stored_ids"": [738276]}",,,,
13648,magic,Rivendell,710,ltr,The Lord of the Rings: Tales of Middle-earth,en,Showcase,rare,nonfoil,Showcase,91,scryfall_oracle:2550099d-b3e2-4eb6-9f36-0fc412828ca6,,,e602d032-b2c5-49c5-ac97-e937b3393c60,738278,,738278,Rivendell,5489,The Lord of the Rings: Tales of Middle-earth,,,mixed/unknown,4.99,6.78,6.98,7.23,6.75,,0,,,,Low,,EUR,EUR,,,,,"{""mapped_product_ids"": []}",AMBIGUOUS,Cardmarket bulk data does not prove finish/treatment,false,false,false,,,,,,,,NO_COMPARISON,,,,NO_COMPARISON,ambiguous_identity,,"{""ambiguity_reasons"": [""unproven_treatment""], ""external_provenance"": [], ""scryfall_cardmarket_id"": 738278, ""stored_ids"": [738278], ""validated_stored_ids"": [738278]}",,,,
13649,magic,Rivendell,710,ltr,The Lord of the Rings: Tales of Middle-earth,en,Showcase,rare,foil,Showcase,91,scryfall_oracle:2550099d-b3e2-4eb6-9f36-0fc412828ca6,,,e602d032-b2c5-49c5-ac97-e937b3393c60,738278,,738278,Rivendell,5489,The Lord of the Rings: Tales of Middle-earth,,,mixed/unknown,4.99,6.78,6.98,7.23,6.75,,0,,,,Foil Low,,EUR,EUR,,,,,"{""mapped_product_ids"": []}",AMBIGUOUS,Cardmarket bulk data does not prove finish/treatment,false,false,false,,,,,,,,NO_COMPARISON,,,,NO_COMPARISON,ambiguous_identity,,"{""ambiguity_reasons"": [""unproven_treatment""], ""external_provenance"": [], ""scryfall_cardmarket_id"": 738278, ""stored_ids"": [738278], ""validated_stored_ids"": [738278]}",,,,
13650,magic,The Shire,711,ltr,The Lord of the Rings: Tales of Middle-earth,en,Showcase,rare,nonfoil,Showcase,393,scryfall_oracle:9abf9a0e-8e7d-406b-a01d-d4870b30134e,,,090198e8-6323-4d14-9efb-f27188e96c36,738280,,738280,The Shire,5489,The Lord of the Rings: Tales of Middle-earth,,,mixed/unknown,5.1,5.52,7.57,6.4,5.9,,0,,,,Low,,EUR,EUR,,,,,"{""mapped_product_ids"": []}",AMBIGUOUS,Cardmarket bulk data does not prove finish/treatment,false,false,false,,,,,,,,NO_COMPARISON,,,,NO_COMPARISON,ambiguous_identity,,"{""ambiguity_reasons"": [""unproven_treatment""], ""external_provenance"": [], ""scryfall_cardmarket_id"": 738280, ""stored_ids"": [738280], ""validated_stored_ids"": [738280]}",,,,
13651,magic,The Shire,711,ltr,The Lord of the Rings: Tales of Middle-earth,en,Showcase,rare,foil,Showcase,393,scryfall_oracle:9abf9a0e-8e7d-406b-a01d-d4870b30134e,,,090198e8-6323-4d14-9efb-f27188e96c36,738280,,738280,The Shire,5489,The Lord of the Rings: Tales of Middle-earth,,,mixed/unknown,5.1,5.52,7.57,6.4,5.9,,0,,,,Foil Low,,EUR,EUR,,,,,"{""mapped_product_ids"": []}",AMBIGUOUS,Cardmarket bulk data does not prove finish/treatment,false,false,false,,,,,,,,NO_COMPARISON,,,,NO_COMPARISON,ambiguous_identity,,"{""ambiguity_reasons"": [""unproven_treatment""], ""external_provenance"": [], ""scryfall_cardmarket_id"": 738280, ""stored_ids"": [738280], ""validated_stored_ids"": [738280]}",,,,
13652,magic,Shire Terrace,712,ltr,The Lord of the Rings: Tales of Middle-earth,en,Showcase,common,nonfoil,Showcase,240,scryfall_oracle:619173f4-0403-49cd-9659-2fedd5028a90,,,c5966350-652d-4677-b245-319608e062b9,738282,,738282,Shire Terrace,5489,The Lord of the Rings: Tales of Middle-earth,,,mixed/unknown,0.2,0.78,0.52,0.71,0.58,,0,,,,Low,,EUR,EUR,,,,,"{""mapped_product_ids"": []}",AMBIGUOUS,Cardmarket bulk data does not prove finish/treatment,false,false,false,,,,,,,,NO_COMPARISON,,,,NO_COMPARISON,ambiguous_identity,,"{""ambiguity_reasons"": [""unproven_treatment""], ""external_provenance"": [], ""scryfall_cardmarket_id"": 738282, ""stored_ids"": [738282], ""validated_stored_ids"": [738282]}",,,,
13653,magic,Shire Terrace,712,ltr,The Lord of the Rings: Tales of Middle-earth,en,Showcase,common,foil,Showcase,240,scryfall_oracle:619173f4-0403-49cd-9659-2fedd5028a90,,,c5966350-652d-4677-b245-319608e062b9,738282,,738282,Shire Terrace,5489,The Lord of the Rings: Tales of Middle-earth,,,mixed/unknown,0.2,0.78,0.52,0.71,0.58,,0,,,,Foil Low,,EUR,EUR,,,,,"{""mapped_product_ids"": []}",AMBIGUOUS,Cardmarket bulk data does not prove finish/treatment,false,false,false,,,,,,,,NO_COMPARISON,,,,NO_COMPARISON,ambiguous_identity,,"{""ambiguity_reasons"": [""unproven_treatment""], ""external_provenance"": [], ""scryfall_cardmarket_id"": 738282, ""stored_ids"": [738282], ""validated_stored_ids"": [738282]}",,,,
13654,magic,Plains,713,ltr,The Lord of the Rings: Tales of Middle-earth,en,Surge Foil,common,foil,Surge Foil,483,scryfall_oracle:bc71ebf6-2056-41f7-be35-b2e5c34afa99,,,c05ce2e3-44e9-441b-9467-46a3c6642184,737986,,737986,Plains,5489,The Lord of the Rings: Tales of Middle-earth,,,mixed/unknown,0.9,0,,,,0.9,1.43,2,1.52,1.43,Foil Low,,EUR,EUR,,,,,"{""mapped_product_ids"": []}",AMBIGUOUS,Cardmarket bulk data does not prove finish/treatment,false,false,false,,,,,,,,NO_COMPARISON,,,,NO_COMPARISON,ambiguous_identity,,"{""ambiguity_reasons"": [""unproven_treatment""], ""external_provenance"": [], ""scryfall_cardmarket_id"": 737986, ""stored_ids"": [737986], ""validated_stored_ids"": [737986]}",,,,
13655,magic,Plains,714,ltr,The Lord of the Rings: Tales of Middle-earth,en,Surge Foil,common,foil,Surge Foil,483,scryfall_oracle:bc71ebf6-2056-41f7-be35-b2e5c34afa99,,,4d48ef1f-e000-452b-aae8-c3257f149c7d,737987,,737987,Plains,5489,The Lord of the Rings: Tales of Middle-earth,,,mixed/unknown,0.65,0,,,,0.65,1.69,2,1.66,1.54,Foil Low,,EUR,EUR,,,,,"{""mapped_product_ids"": []}",AMBIGUOUS,Cardmarket bulk data does not prove finish/treatment,false,false,false,,,,,,,,NO_COMPARISON,,,,NO_COMPARISON,ambiguous_identity,,"{""ambiguity_reasons"": [""unproven_treatment""], ""external_provenance"": [], ""scryfall_cardmarket_id"": 737987, ""stored_ids"": [737987], ""validated_stored_ids"": [737987]}",,,,
13656,magic,Island,715,ltr,The Lord of the Rings: Tales of Middle-earth,en,Surge Foil,common,foil,Surge Foil,460,scryfall_oracle:b2c6aa39-2d2a-459c-a555-fb48ba993373,,,aa03a3b5-cdc3-40cc-bd45-69ad65809d2f,737988,,737988,Island,5489,The Lord of the Rings: Tales of Middle-earth,,,mixed/unknown,0.95,0,,,,0.95,1.91,1.99,1.65,1.76,Foil Low,,EUR,EUR,,,,,"{""mapped_product_ids"": []}",AMBIGUOUS,Cardmarket bulk data does not prove finish/treatment,false,false,false,,,,,,,,NO_COMPARISON,,,,NO_COMPARISON,ambiguous_identity,,"{""ambiguity_reasons"": [""unproven_treatment""], ""external_provenance"": [], ""scryfall_cardmarket_id"": 737988, ""stored_ids"": [737988], ""validated_stored_ids"": [737988]}",,,,
13657,magic,Island,716,ltr,The Lord of the Rings: Tales of Middle-earth,en,Surge Foil,common,foil,Surge Foil,460,scryfall_oracle:b2c6aa39-2d2a-459c-a555-fb48ba993373,,,7abc7b3d-c0cb-438f-b9a9-a1f785cb1c9b,737989,,737989,Island,5489,The Lord of the Rings: Tales of Middle-earth,,,mixed/unknown,0.99,0,,,,0.99,2.05,1.8,2.06,1.97,Foil Low,,EUR,EUR,,,,,"{""mapped_product_ids"": []}",AMBIGUOUS,Cardmarket bulk data does not prove finish/treatment,false,false,false,,,,,,,,NO_COMPARISON,,,,NO_COMPARISON,ambiguous_identity,,"{""ambiguity_reasons"": [""unproven_treatment""], ""external_provenance"": [], ""scryfall_cardmarket_id"": 737989, ""stored_ids"": [737989], ""validated_stored_ids"": [737989]}",,,,
13658,magic,Swamp,717,ltr,The Lord of the Rings: Tales of Middle-earth,en,Surge Foil,common,foil,Surge Foil,212,scryfall_oracle:56719f6a-1a6c-4c0a-8d21-18f7d7350b68,,,d56b5831-e39a-4898-be06-b84f62d38456,737990,,737990,Swamp,5489,The Lord of the Rings: Tales of Middle-earth,,,mixed/unknown,1,0,,,,1,2.25,1.5,2.44,2.14,Foil Low,,EUR,EUR,,,,,"{""mapped_product_ids"": []}",AMBIGUOUS,Cardmarket bulk data does not prove finish/treatment,false,false,false,,,,,,,,NO_COMPARISON,,,,NO_COMPARISON,ambiguous_identity,,"{""ambiguity_reasons"": [""unproven_treatment""], ""external_provenance"": [], ""scryfall_cardmarket_id"": 737990, ""stored_ids"": [737990], ""validated_stored_ids"": [737990]}",,,,
13659,magic,Swamp,718,ltr,The Lord of the Rings: Tales of Middle-earth,en,Surge Foil,common,foil,Surge Foil,212,scryfall_oracle:56719f6a-1a6c-4c0a-8d21-18f7d7350b68,,,e59eff2f-2f15-4f70-90e5-759de12caf55,737991,,737991,Swamp,5489,The Lord of the Rings: Tales of Middle-earth,,,mixed/unknown,1.5,0.56,0.56,0.56,0.56,1.5,3.21,3,3.29,3.23,Foil Low,,EUR,EUR,,,,,"{""mapped_product_ids"": []}",AMBIGUOUS,Cardmarket bulk data does not prove finish/treatment,false,false,false,,,,,,,,NO_COMPARISON,,,,NO_COMPARISON,ambiguous_identity,,"{""ambiguity_reasons"": [""unproven_treatment""], ""external_provenance"": [], ""scryfall_cardmarket_id"": 737991, ""stored_ids"": [737991], ""validated_stored_ids"": [737991]}",,,,
13660,magic,Mountain,719,ltr,The Lord of the Rings: Tales of Middle-earth,en,Surge Foil,common,foil,Surge Foil,418,scryfall_oracle:a3fb7228-e76b-4e96-a40e-20b5fed75685,,,6410d20e-408a-42c6-9884-ea9e22e2ee7c,737992,,737992,Mountain,5489,The Lord of the Rings: Tales of Middle-earth,,,mixed/unknown,0.6,0,,,,0.6,1.7,1.7,1.82,1.69,Foil Low,,EUR,EUR,,,,,"{""mapped_product_ids"": []}",AMBIGUOUS,Cardmarket bulk data does not prove finish/treatment,false,false,false,,,,,,,,NO_COMPARISON,,,,NO_COMPARISON,ambiguous_identity,,"{""ambiguity_reasons"": [""unproven_treatment""], ""external_provenance"": [], ""scryfall_cardmarket_id"": 737992, ""stored_ids"": [737992], ""validated_stored_ids"": [737992]}",,,,
13661,magic,Mountain,720,ltr,The Lord of the Rings: Tales of Middle-earth,en,Surge Foil,common,foil,Surge Foil,418,scryfall_oracle:a3fb7228-e76b-4e96-a40e-20b5fed75685,,,28cde170-c7af-4ee1-85f4-8a9289c5a4d3,737993,,737993,Mountain,5489,The Lord of the Rings: Tales of Middle-earth,,,mixed/unknown,0.5,0,,,,0.5,1.68,1.76,1.83,1.82,Foil Low,,EUR,EUR,,,,,"{""mapped_product_ids"": []}",AMBIGUOUS,Cardmarket bulk data does not prove finish/treatment,false,false,false,,,,,,,,NO_COMPARISON,,,,NO_COMPARISON,ambiguous_identity,,"{""ambiguity_reasons"": [""unproven_treatment""], ""external_provenance"": [], ""scryfall_cardmarket_id"": 737993, ""stored_ids"": [737993], ""validated_stored_ids"": [737993]}",,,,
13662,magic,Forest,721,ltr,The Lord of the Rings: Tales of Middle-earth,en,Surge Foil,common,foil,Surge Foil,462,scryfall_oracle:b34bb2dc-c1af-4d77-b0b3-a0fb342a5fc6,,,150d0710-9ecb-4187-a0f8-a70b330c8879,737994,,737994,Forest,5489,The Lord of the Rings: Tales of Middle-earth,,,mixed/unknown,0.5,0,,,,0.5,1.74,1.9,2.07,1.66,Foil Low,,EUR,EUR,,,,,"{""mapped_product_ids"": []}",AMBIGUOUS,Cardmarket bulk data does not prove finish/treatment,false,false,false,,,,,,,,NO_COMPARISON,,,,NO_COMPARISON,ambiguous_identity,,"{""ambiguity_reasons"": [""unproven_treatment""], ""external_provenance"": [], ""scryfall_cardmarket_id"": 737994, ""stored_ids"": [737994], ""validated_stored_ids"": [737994]}",,,,
13663,magic,Forest,722,ltr,The Lord of the Rings: Tales of Middle-earth,en,Surge Foil,common,foil,Surge Foil,462,scryfall_oracle:b34bb2dc-c1af-4d77-b0b3-a0fb342a5fc6,,,e7059825-0844-4271-89e8-645e2f515b59,737995,,737995,Forest,5489,The Lord of the Rings: Tales of Middle-earth,,,mixed/unknown,0.5,0,,,,0.5,2.06,2,2.18,1.9,Foil Low,,EUR,EUR,,,,,"{""mapped_product_ids"": []}",AMBIGUOUS,Cardmarket bulk data does not prove finish/treatment,false,false,false,,,,,,,,NO_COMPARISON,,,,NO_COMPARISON,ambiguous_identity,,"{""ambiguity_reasons"": [""unproven_treatment""], ""external_provenance"": [], ""scryfall_cardmarket_id"": 737995, ""stored_ids"": [737995], ""validated_stored_ids"": [737995]}",,,,
13664,magic,Nazgûl,723,ltr,The Lord of the Rings: Tales of Middle-earth,en,Showcase,uncommon,nonfoil,Showcase,182,scryfall_oracle:48a62778-7c11-486f-a0e1-020c283a7ef9,,,a8b11411-8f7d-4fb8-a262-11e857975418,738285,,738285,Nazgûl,5489,The Lord of the Rings: Tales of Middle-earth,,,mixed/unknown,499.9,0,,,,499.9,134.32,280,152.83,99.5,Low,,EUR,EUR,,,,,"{""mapped_product_ids"": []}",AMBIGUOUS,Cardmarket bulk data does not prove finish/treatment,false,false,false,,,,,,,,NO_COMPARISON,,,,NO_COMPARISON,ambiguous_identity,,"{""ambiguity_reasons"": [""unproven_treatment""], ""external_provenance"": [], ""scryfall_cardmarket_id"": 738285, ""stored_ids"": [738285], ""validated_stored_ids"": [738285]}",,,,
13665,magic,Nazgûl,723,ltr,The Lord of the Rings: Tales of Middle-earth,en,Showcase,uncommon,foil,Showcase,182,scryfall_oracle:48a62778-7c11-486f-a0e1-020c283a7ef9,,,a8b11411-8f7d-4fb8-a262-11e857975418,738285,,738285,Nazgûl,5489,The Lord of the Rings: Tales of Middle-earth,,,mixed/unknown,499.9,0,,,,499.9,134.32,280,152.83,99.5,Foil Low,,EUR,EUR,,,,,"{""mapped_product_ids"": []}",AMBIGUOUS,Cardmarket bulk data does not prove finish/treatment,false,false,false,,,,,,,,NO_COMPARISON,,,,NO_COMPARISON,ambiguous_identity,,"{""ambiguity_reasons"": [""unproven_treatment""], ""external_provenance"": [], ""scryfall_cardmarket_id"": 738285, ""stored_ids"": [738285], ""validated_stored_ids"": [738285]}",,,,
13666,magic,Nazgûl,724,ltr,The Lord of the Rings: Tales of Middle-earth,en,Showcase,uncommon,nonfoil,Showcase,182,scryfall_oracle:48a62778-7c11-486f-a0e1-020c283a7ef9,,,1a708266-e3e9-4d25-a75b-80671bf36f5e,738286,,738286,Nazgûl,5489,The Lord of the Rings: Tales of Middle-earth,,,mixed/unknown,205,70.87,68.99,75.24,63.66,,0,,,,Low,,EUR,EUR,,,,,"{""mapped_product_ids"": []}",AMBIGUOUS,Cardmarket bulk data does not prove finish/treatment,false,false,false,,,,,,,,NO_COMPARISON,,,,NO_COMPARISON,ambiguous_identity,,"{""ambiguity_reasons"": [""unproven_treatment""], ""external_provenance"": [], ""scryfall_cardmarket_id"": 738286, ""stored_ids"": [738286], ""validated_stored_ids"": [738286]}",,,,
13667,magic,Nazgûl,724,ltr,The Lord of the Rings: Tales of Middle-earth,en,Showcase,uncommon,foil,Showcase,182,scryfall_oracle:48a62778-7c11-486f-a0e1-020c283a7ef9,,,1a708266-e3e9-4d25-a75b-80671bf36f5e,738286,,738286,Nazgûl,5489,The Lord of the Rings: Tales of Middle-earth,,,mixed/unknown,205,70.87,68.99,75.24,63.66,,0,,,,Foil Low,,EUR,EUR,,,,,"{""mapped_product_ids"": []}",AMBIGUOUS,Cardmarket bulk data does not prove finish/treatment,false,false,false,,,,,,,,NO_COMPARISON,,,,NO_COMPARISON,ambiguous_identity,,"{""ambiguity_reasons"": [""unproven_treatment""], ""external_provenance"": [], ""scryfall_cardmarket_id"": 738286, ""stored_ids"": [738286], ""validated_stored_ids"": [738286]}",,,,
13668,magic,Nazgûl,725,ltr,The Lord of the Rings: Tales of Middle-earth,en,Showcase,uncommon,nonfoil,Showcase,182,scryfall_oracle:48a62778-7c11-486f-a0e1-020c283a7ef9,,,b87485b3-af48-4de6-8b17-eb60ac1d0f6b,738289,,738289,Nazgûl,5489,The Lord of the Rings: Tales of Middle-earth,,,mixed/unknown,180,0,,,,180,169.18,220,173.91,96.2,Low,,EUR,EUR,,,,,"{""mapped_product_ids"": []}",AMBIGUOUS,Cardmarket bulk data does not prove finish/treatment,false,false,false,,,,,,,,NO_COMPARISON,,,,NO_COMPARISON,ambiguous_identity,,"{""ambiguity_reasons"": [""unproven_treatment""], ""external_provenance"": [], ""scryfall_cardmarket_id"": 738289, ""stored_ids"": [738289], ""validated_stored_ids"": [738289]}",,,,
13669,magic,Nazgûl,725,ltr,The Lord of the Rings: Tales of Middle-earth,en,Showcase,uncommon,foil,Showcase,182,scryfall_oracle:48a62778-7c11-486f-a0e1-020c283a7ef9,,,b87485b3-af48-4de6-8b17-eb60ac1d0f6b,738289,,738289,Nazgûl,5489,The Lord of the Rings: Tales of Middle-earth,,,mixed/unknown,180,0,,,,180,169.18,220,173.91,96.2,Foil Low,,EUR,EUR,,,,,"{""mapped_product_ids"": []}",AMBIGUOUS,Cardmarket bulk data does not prove finish/treatment,false,false,false,,,,,,,,NO_COMPARISON,,,,NO_COMPARISON,ambiguous_identity,,"{""ambiguity_reasons"": [""unproven_treatment""], ""external_provenance"": [], ""scryfall_cardmarket_id"": 738289, ""stored_ids"": [738289], ""validated_stored_ids"": [738289]}",,,,
13670,magic,Nazgûl,726,ltr,The Lord of the Rings: Tales of Middle-earth,en,Showcase,uncommon,nonfoil,Showcase,182,scryfall_oracle:48a62778-7c11-486f-a0e1-020c283a7ef9,,,3a91aea3-3d04-4d66-bfbc-b039ccf1eb62,738290,,738290,Nazgûl,5489,The Lord of the Rings: Tales of Middle-earth,,,mixed/unknown,99,67.2,82,69.82,56.51,,0,,,,Low,,EUR,EUR,,,,,"{""mapped_product_ids"": []}",AMBIGUOUS,Cardmarket bulk data does not prove finish/treatment,false,false,false,,,,,,,,NO_COMPARISON,,,,NO_COMPARISON,ambiguous_identity,,"{""ambiguity_reasons"": [""unproven_treatment""], ""external_provenance"": [], ""scryfall_cardmarket_id"": 738290, ""stored_ids"": [738290], ""validated_stored_ids"": [738290]}",,,,
13671,magic,Nazgûl,726,ltr,The Lord of the Rings: Tales of Middle-earth,en,Showcase,uncommon,foil,Showcase,182,scryfall_oracle:48a62778-7c11-486f-a0e1-020c283a7ef9,,,3a91aea3-3d04-4d66-bfbc-b039ccf1eb62,738290,,738290,Nazgûl,5489,The Lord of the Rings: Tales of Middle-earth,,,mixed/unknown,99,67.2,82,69.82,56.51,,0,,,,Foil Low,,EUR,EUR,,,,,"{""mapped_product_ids"": []}",AMBIGUOUS,Cardmarket bulk data does not prove finish/treatment,false,false,false,,,,,,,,NO_COMPARISON,,,,NO_COMPARISON,ambiguous_identity,,"{""ambiguity_reasons"": [""unproven_treatment""], ""external_provenance"": [], ""scryfall_cardmarket_id"": 738290, ""stored_ids"": [738290], ""validated_stored_ids"": [738290]}",,,,
13672,magic,Nazgûl,727,ltr,The Lord of the Rings: Tales of Middle-earth,en,Showcase,uncommon,nonfoil,Showcase,182,scryfall_oracle:48a62778-7c11-486f-a0e1-020c283a7ef9,,,15bab0bd-3467-429f-897a-188e11ff101e,738293,,738293,Nazgûl,5489,The Lord of the Rings: Tales of Middle-earth,,,mixed/unknown,189,0,,,,189,110.73,190,123.8,90.58,Low,,EUR,EUR,,,,,"{""mapped_product_ids"": []}",AMBIGUOUS,Cardmarket bulk data does not prove finish/treatment,false,false,false,,,,,,,,NO_COMPARISON,,,,NO_COMPARISON,ambiguous_identity,,"{""ambiguity_reasons"": [""unproven_treatment""], ""external_provenance"": [], ""scryfall_cardmarket_id"": 738293, ""stored_ids"": [738293], ""validated_stored_ids"": [738293]}",,,,
13673,magic,Nazgûl,727,ltr,The Lord of the Rings: Tales of Middle-earth,en,Showcase,uncommon,foil,Showcase,182,scryfall_oracle:48a62778-7c11-486f-a0e1-020c283a7ef9,,,15bab0bd-3467-429f-897a-188e11ff101e,738293,,738293,Nazgûl,5489,The Lord of the Rings: Tales of Middle-earth,,,mixed/unknown,189,0,,,,189,110.73,190,123.8,90.58,Foil Low,,EUR,EUR,,,,,"{""mapped_product_ids"": []}",AMBIGUOUS,Cardmarket bulk data does not prove finish/treatment,false,false,false,,,,,,,,NO_COMPARISON,,,,NO_COMPARISON,ambiguous_identity,,"{""ambiguity_reasons"": [""unproven_treatment""], ""external_provenance"": [], ""scryfall_cardmarket_id"": 738293, ""stored_ids"": [738293], ""validated_stored_ids"": [738293]}",,,,
13674,magic,Nazgûl,728,ltr,The Lord of the Rings: Tales of Middle-earth,en,Showcase,uncommon,nonfoil,Showcase,182,scryfall_oracle:48a62778-7c11-486f-a0e1-020c283a7ef9,,,8c20df77-2a4d-44a6-9389-125c4e5f5e40,738294,,738294,Nazgûl,5489,The Lord of the Rings: Tales of Middle-earth,,,mixed/unknown,199.99,62.01,60,65.13,57.72,,0,,,,Low,,EUR,EUR,,,,,"{""mapped_product_ids"": []}",AMBIGUOUS,Cardmarket bulk data does not prove finish/treatment,false,false,false,,,,,,,,NO_COMPARISON,,,,NO_COMPARISON,ambiguous_identity,,"{""ambiguity_reasons"": [""unproven_treatment""], ""external_provenance"": [], ""scryfall_cardmarket_id"": 738294, ""stored_ids"": [738294], ""validated_stored_ids"": [738294]}",,,,
13675,magic,Nazgûl,728,ltr,The Lord of the Rings: Tales of Middle-earth,en,Showcase,uncommon,foil,Showcase,182,scryfall_oracle:48a62778-7c11-486f-a0e1-020c283a7ef9,,,8c20df77-2a4d-44a6-9389-125c4e5f5e40,738294,,738294,Nazgûl,5489,The Lord of the Rings: Tales of Middle-earth,,,mixed/unknown,199.99,62.01,60,65.13,57.72,,0,,,,Foil Low,,EUR,EUR,,,,,"{""mapped_product_ids"": []}",AMBIGUOUS,Cardmarket bulk data does not prove finish/treatment,false,false,false,,,,,,,,NO_COMPARISON,,,,NO_COMPARISON,ambiguous_identity,,"{""ambiguity_reasons"": [""unproven_treatment""], ""external_provenance"": [], ""scryfall_cardmarket_id"": 738294, ""stored_ids"": [738294], ""validated_stored_ids"": [738294]}",,,,
13676,magic,Nazgûl,729,ltr,The Lord of the Rings: Tales of Middle-earth,en,Showcase,uncommon,nonfoil,Showcase,182,scryfall_oracle:48a62778-7c11-486f-a0e1-020c283a7ef9,,,8bb48b87-8ed9-41b2-80ca-5d37cf24455a,738296,,738296,Nazgûl,5489,The Lord of the Rings: Tales of Middle-earth,,,mixed/unknown,65,74,99.89,79.09,60.25,,0,,,,Low,,EUR,EUR,,,,,"{""mapped_product_ids"": []}",AMBIGUOUS,Cardmarket bulk data does not prove finish/treatment,false,false,false,,,,,,,,NO_COMPARISON,,,,NO_COMPARISON,ambiguous_identity,,"{""ambiguity_reasons"": [""unproven_treatment""], ""external_provenance"": [], ""scryfall_cardmarket_id"": 738296, ""stored_ids"": [738296], ""validated_stored_ids"": [738296]}",,,,
13677,magic,Nazgûl,729,ltr,The Lord of the Rings: Tales of Middle-earth,en,Showcase,uncommon,foil,Showcase,182,scryfall_oracle:48a62778-7c11-486f-a0e1-020c283a7ef9,,,8bb48b87-8ed9-41b2-80ca-5d37cf24455a,738296,,738296,Nazgûl,5489,The Lord of the Rings: Tales of Middle-earth,,,mixed/unknown,65,74,99.89,79.09,60.25,,0,,,,Foil Low,,EUR,EUR,,,,,"{""mapped_product_ids"": []}",AMBIGUOUS,Cardmarket bulk data does not prove finish/treatment,false,false,false,,,,,,,,NO_COMPARISON,,,,NO_COMPARISON,ambiguous_identity,,"{""ambiguity_reasons"": [""unproven_treatment""], ""external_provenance"": [], ""scryfall_cardmarket_id"": 738296, ""stored_ids"": [738296], ""validated_stored_ids"": [738296]}",,,,
13678,magic,Nazgûl,730,ltr,The Lord of the Rings: Tales of Middle-earth,en,Showcase,uncommon,nonfoil,Showcase,182,scryfall_oracle:48a62778-7c11-486f-a0e1-020c283a7ef9,,,b9b6ec63-7df4-450e-b849-920121fe245c,738298,,738298,Nazgûl,5489,The Lord of the Rings: Tales of Middle-earth,,,mixed/unknown,145,79.53,98,90.55,59.44,,0,,,,Low,,EUR,EUR,,,,,"{""mapped_product_ids"": []}",AMBIGUOUS,Cardmarket bulk data does not prove finish/treatment,false,false,false,,,,,,,,NO_COMPARISON,,,,NO_COMPARISON,ambiguous_identity,,"{""ambiguity_reasons"": [""unproven_treatment""], ""external_provenance"": [], ""scryfall_cardmarket_id"": 738298, ""stored_ids"": [738298], ""validated_stored_ids"": [738298]}",,,,
13679,magic,Nazgûl,730,ltr,The Lord of the Rings: Tales of Middle-earth,en,Showcase,uncommon,foil,Showcase,182,scryfall_oracle:48a62778-7c11-486f-a0e1-020c283a7ef9,,,b9b6ec63-7df4-450e-b849-920121fe245c,738298,,738298,Nazgûl,5489,The Lord of the Rings: Tales of Middle-earth,,,mixed/unknown,145,79.53,98,90.55,59.44,,0,,,,Foil Low,,EUR,EUR,,,,,"{""mapped_product_ids"": []}",AMBIGUOUS,Cardmarket bulk data does not prove finish/treatment,false,false,false,,,,,,,,NO_COMPARISON,,,,NO_COMPARISON,ambiguous_identity,,"{""ambiguity_reasons"": [""unproven_treatment""], ""external_provenance"": [], ""scryfall_cardmarket_id"": 738298, ""stored_ids"": [738298], ""validated_stored_ids"": [738298]}",,,,
13680,magic,Dawn of a New Age,731,ltr,The Lord of the Rings: Tales of Middle-earth,en,Borderless,mythic,nonfoil,Borderless,136,scryfall_oracle:37df5ade-6a21-4b0c-89f8-e2e917589a8d,,,01a4a36a-f10a-411b-9558-cbbb62e8b4ae,735352,,735352,Dawn of a New Age,5489,The Lord of the Rings: Tales of Middle-earth,,,mixed/unknown,80,101.28,90,90.1,38.61,120,62.65,99.95,71.31,44.43,Low,,EUR,EUR,,,,,"{""mapped_product_ids"": []}",AMBIGUOUS,Cardmarket bulk data does not prove finish/treatment,false,false,false,,,,,,,,NO_COMPARISON,,,,NO_COMPARISON,ambiguous_identity,,"{""ambiguity_reasons"": [""unproven_treatment""], ""external_provenance"": [], ""scryfall_cardmarket_id"": 735352, ""stored_ids"": [735352], ""validated_stored_ids"": [735352]}",,,,
13681,magic,Dawn of a New Age,731,ltr,The Lord of the Rings: Tales of Middle-earth,en,Borderless,mythic,foil,Borderless,136,scryfall_oracle:37df5ade-6a21-4b0c-89f8-e2e917589a8d,,,01a4a36a-f10a-411b-9558-cbbb62e8b4ae,735352,,735352,Dawn of a New Age,5489,The Lord of the Rings: Tales of Middle-earth,,,mixed/unknown,80,101.28,90,90.1,38.61,120,62.65,99.95,71.31,44.43,Foil Low,,EUR,EUR,,,,,"{""mapped_product_ids"": []}",AMBIGUOUS,Cardmarket bulk data does not prove finish/treatment,false,false,false,,,,,,,,NO_COMPARISON,,,,NO_COMPARISON,ambiguous_identity,,"{""ambiguity_reasons"": [""unproven_treatment""], ""external_provenance"": [], ""scryfall_cardmarket_id"": 735352, ""stored_ids"": [735352], ""validated_stored_ids"": [735352]}",,,,
13682,magic,Dawn of a New Age,731z,ltr,The Lord of the Rings: Tales of Middle-earth,en,Borderless,mythic,foil,Borderless,136,scryfall_oracle:37df5ade-6a21-4b0c-89f8-e2e917589a8d,,,c9108db3-93b3-4d15-8d43-8d6908c42a7c,743301,,743301,Dawn of a New Age,5489,The Lord of the Rings: Tales of Middle-earth,,,mixed/unknown,29990,0,,,,29990,2675.45,2600,1478.33,1478.33,Foil Low,,EUR,EUR,,,,,"{""mapped_product_ids"": []}",AMBIGUOUS,Cardmarket bulk data does not prove finish/treatment,false,false,false,,,,,,,,NO_COMPARISON,,,,NO_COMPARISON,ambiguous_identity,,"{""ambiguity_reasons"": [""unproven_treatment""], ""external_provenance"": [], ""scryfall_cardmarket_id"": 743301, ""stored_ids"": [743301], ""validated_stored_ids"": [743301]}",,,,
13683,magic,Gandalf the White,732,ltr,The Lord of the Rings: Tales of Middle-earth,en,Borderless,mythic,nonfoil,Borderless,225,scryfall_oracle:5b3b5f6a-375e-4479-9384-a942eda83f9b,,,31d3f007-67aa-47c1-81ae-a54c982dee83,735353,,735353,Gandalf the White,5489,The Lord of the Rings: Tales of Middle-earth,,,mixed/unknown,345,277.67,360,323.09,175.19,355,409.56,380,330.16,203.13,Low,,EUR,EUR,,,,,"{""mapped_product_ids"": []}",AMBIGUOUS,Cardmarket bulk data does not prove finish/treatment,false,false,false,,,,,,,,NO_COMPARISON,,,,NO_COMPARISON,ambiguous_identity,,"{""ambiguity_reasons"": [""unproven_treatment""], ""external_provenance"": [], ""scryfall_cardmarket_id"": 735353, ""stored_ids"": [735353], ""validated_stored_ids"": [735353]}",,,,
13684,magic,Gandalf the White,732,ltr,The Lord of the Rings: Tales of Middle-earth,en,Borderless,mythic,foil,Borderless,225,scryfall_oracle:5b3b5f6a-375e-4479-9384-a942eda83f9b,,,31d3f007-67aa-47c1-81ae-a54c982dee83,735353,,735353,Gandalf the White,5489,The Lord of the Rings: Tales of Middle-earth,,,mixed/unknown,345,277.67,360,323.09,175.19,355,409.56,380,330.16,203.13,Foil Low,,EUR,EUR,,,,,"{""mapped_product_ids"": []}",AMBIGUOUS,Cardmarket bulk data does not prove finish/treatment,false,false,false,,,,,,,,NO_COMPARISON,,,,NO_COMPARISON,ambiguous_identity,,"{""ambiguity_reasons"": [""unproven_treatment""], ""external_provenance"": [], ""scryfall_cardmarket_id"": 735353, ""stored_ids"": [735353], ""validated_stored_ids"": [735353]}",,,,
13685,magic,Gandalf the White,732z,ltr,The Lord of the Rings: Tales of Middle-earth,en,Borderless,mythic,foil,Borderless,225,scryfall_oracle:5b3b5f6a-375e-4479-9384-a942eda83f9b,,,c991916f-b238-459e-9176-a3a6f00c54c2,743302,,743302,Gandalf the White,5489,The Lord of the Rings: Tales of Middle-earth,,,mixed/unknown,500000,0,,,,500000,3500.92,4863,2230,2230,Foil Low,,EUR,EUR,,,,,"{""mapped_product_ids"": []}",AMBIGUOUS,Cardmarket bulk data does not prove finish/treatment,false,false,false,,,,,,,,NO_COMPARISON,,,,NO_COMPARISON,ambiguous_identity,,"{""ambiguity_reasons"": [""unproven_treatment""], ""external_provenance"": [], ""scryfall_cardmarket_id"": 743302, ""stored_ids"": [743302], ""validated_stored_ids"": [743302]}",,,,
13686,magic,Storm of Saruman,733,ltr,The Lord of the Rings: Tales of Middle-earth,en,Borderless,mythic,nonfoil,Borderless,532,scryfall_oracle:cf5f4860-e805-46a3-9352-a2c583e33403,,,c67088f4-4cbf-47f5-a4f8-a00f8aae305c,735354,,735354,Storm of Saruman,5489,The Lord of the Rings: Tales of Middle-earth,,,mixed/unknown,97.65,110.11,99,100.11,58.11,135,152.61,124.95,124.85,87.03,Low,,EUR,EUR,,,,,"{""mapped_product_ids"": []}",AMBIGUOUS,Cardmarket bulk data does not prove finish/treatment,false,false,false,,,,,,,,NO_COMPARISON,,,,NO_COMPARISON,ambiguous_identity,,"{""ambiguity_reasons"": [""unproven_treatment""], ""external_provenance"": [], ""scryfall_cardmarket_id"": 735354, ""stored_ids"": [735354], ""validated_stored_ids"": [735354]}",,,,
13687,magic,Storm of Saruman,733,ltr,The Lord of the Rings: Tales of Middle-earth,en,Borderless,mythic,foil,Borderless,532,scryfall_oracle:cf5f4860-e805-46a3-9352-a2c583e33403,,,c67088f4-4cbf-47f5-a4f8-a00f8aae305c,735354,,735354,Storm of Saruman,5489,The Lord of the Rings: Tales of Middle-earth,,,mixed/unknown,97.65,110.11,99,100.11,58.11,135,152.61,124.95,124.85,87.03,Foil Low,,EUR,EUR,,,,,"{""mapped_product_ids"": []}",AMBIGUOUS,Cardmarket bulk data does not prove finish/treatment,false,false,false,,,,,,,,NO_COMPARISON,,,,NO_COMPARISON,ambiguous_identity,,"{""ambiguity_reasons"": [""unproven_treatment""], ""external_provenance"": [], ""scryfall_cardmarket_id"": 735354, ""stored_ids"": [735354], ""validated_stored_ids"": [735354]}",,,,
13688,magic,Storm of Saruman,733z,ltr,The Lord of the Rings: Tales of Middle-earth,en,Borderless,mythic,foil,Borderless,532,scryfall_oracle:cf5f4860-e805-46a3-9352-a2c583e33403,,,8213e598-e594-4db1-aad5-836fa972df8f,743303,,743303,Storm of Saruman,5489,The Lord of the Rings: Tales of Middle-earth,,,mixed/unknown,10000,0,,,,10000,2971.53,3000,1400,1400,Foil Low,,EUR,EUR,,,,,"{""mapped_product_ids"": []}",AMBIGUOUS,Cardmarket bulk data does not prove finish/treatment,false,false,false,,,,,,,,NO_COMPARISON,,,,NO_COMPARISON,ambiguous_identity,,"{""ambiguity_reasons"": [""unproven_treatment""], ""external_provenance"": [], ""scryfall_cardmarket_id"": 743303, ""stored_ids"": [743303], ""validated_stored_ids"": [743303]}",,,,
13689,magic,The Watcher in the Water,734,ltr,The Lord of the Rings: Tales of Middle-earth,en,Borderless,mythic,nonfoil,Borderless,433,scryfall_oracle:a9ddb3dc-f289-46a1-af17-3a8523a26b0d,,,f584f9a4-4ef1-463e-8aa3-a21b4f820e2a,735355,,735355,The Watcher in the Water,5489,The Lord of the Rings: Tales of Middle-earth,,,mixed/unknown,115,96.02,124.95,104.24,54.07,129.99,125.44,149.99,91.35,70.42,Low,,EUR,EUR,,,,,"{""mapped_product_ids"": []}",AMBIGUOUS,Cardmarket bulk data does not prove finish/treatment,false,false,false,,,,,,,,NO_COMPARISON,,,,NO_COMPARISON,ambiguous_identity,,"{""ambiguity_reasons"": [""unproven_treatment""], ""external_provenance"": [], ""scryfall_cardmarket_id"": 735355, ""stored_ids"": [735355], ""validated_stored_ids"": [735355]}",,,,
13690,magic,The Watcher in the Water,734,ltr,The Lord of the Rings: Tales of Middle-earth,en,Borderless,mythic,foil,Borderless,433,scryfall_oracle:a9ddb3dc-f289-46a1-af17-3a8523a26b0d,,,f584f9a4-4ef1-463e-8aa3-a21b4f820e2a,735355,,735355,The Watcher in the Water,5489,The Lord of the Rings: Tales of Middle-earth,,,mixed/unknown,115,96.02,124.95,104.24,54.07,129.99,125.44,149.99,91.35,70.42,Foil Low,,EUR,EUR,,,,,"{""mapped_product_ids"": []}",AMBIGUOUS,Cardmarket bulk data does not prove finish/treatment,false,false,false,,,,,,,,NO_COMPARISON,,,,NO_COMPARISON,ambiguous_identity,,"{""ambiguity_reasons"": [""unproven_treatment""], ""external_provenance"": [], ""scryfall_cardmarket_id"": 735355, ""stored_ids"": [735355], ""validated_stored_ids"": [735355]}",,,,
13691,magic,The Watcher in the Water,734z,ltr,The Lord of the Rings: Tales of Middle-earth,en,Borderless,mythic,foil,Borderless,433,scryfall_oracle:a9ddb3dc-f289-46a1-af17-3a8523a26b0d,,,2256e802-8895-432b-b381-bdca41e7ce06,743304,,743304,The Watcher in the Water,5489,The Lord of the Rings: Tales of Middle-earth,,,mixed/unknown,35000,0,,,,35000,2018.6,1999.95,931.99,861.74,Foil Low,,EUR,EUR,,,,,"{""mapped_product_ids"": []}",AMBIGUOUS,Cardmarket bulk data does not prove finish/treatment,false,false,false,,,,,,,,NO_COMPARISON,,,,NO_COMPARISON,ambiguous_identity,,"{""ambiguity_reasons"": [""unproven_treatment""], ""external_provenance"": [], ""scryfall_cardmarket_id"": 743304, ""stored_ids"": [743304], ""validated_stored_ids"": [743304]}",,,,
13692,magic,Shadow of the Enemy,735,ltr,The Lord of the Rings: Tales of Middle-earth,en,Borderless,mythic,nonfoil,Borderless,199,scryfall_oracle:4f0c72ff-cd93-46a6-8649-2cd9ce8b8625,,,5cc8bafb-ee70-4728-a712-0d6d244c39b6,735356,,735356,Shadow of the Enemy,5489,The Lord of the Rings: Tales of Middle-earth,,,mixed/unknown,100,121.35,79.99,98.24,40.55,149,163.79,150,128.76,59.87,Low,,EUR,EUR,,,,,"{""mapped_product_ids"": []}",AMBIGUOUS,Cardmarket bulk data does not prove finish/treatment,false,false,false,,,,,,,,NO_COMPARISON,,,,NO_COMPARISON,ambiguous_identity,,"{""ambiguity_reasons"": [""unproven_treatment""], ""external_provenance"": [], ""scryfall_cardmarket_id"": 735356, ""stored_ids"": [735356], ""validated_stored_ids"": [735356]}",,,,
13693,magic,Shadow of the Enemy,735,ltr,The Lord of the Rings: Tales of Middle-earth,en,Borderless,mythic,foil,Borderless,199,scryfall_oracle:4f0c72ff-cd93-46a6-8649-2cd9ce8b8625,,,5cc8bafb-ee70-4728-a712-0d6d244c39b6,735356,,735356,Shadow of the Enemy,5489,The Lord of the Rings: Tales of Middle-earth,,,mixed/unknown,100,121.35,79.99,98.24,40.55,149,163.79,150,128.76,59.87,Foil Low,,EUR,EUR,,,,,"{""mapped_product_ids"": []}",AMBIGUOUS,Cardmarket bulk data does not prove finish/treatment,false,false,false,,,,,,,,NO_COMPARISON,,,,NO_COMPARISON,ambiguous_identity,,"{""ambiguity_reasons"": [""unproven_treatment""], ""external_provenance"": [], ""scryfall_cardmarket_id"": 735356, ""stored_ids"": [735356], ""validated_stored_ids"": [735356]}",,,,
13694,magic,Shadow of the Enemy,735z,ltr,The Lord of the Rings: Tales of Middle-earth,en,Borderless,mythic,foil,Borderless,199,scryfall_oracle:4f0c72ff-cd93-46a6-8649-2cd9ce8b8625,,,7b4b6982-c56e-4880-85ee-e24705afff55,743305,,743305,Shadow of the Enemy,5489,The Lord of the Rings: Tales of Middle-earth,,,mixed/unknown,7000,0,,,,7000,1084.21,1200,1183.33,1183.33,Foil Low,,EUR,EUR,,,,,"{""mapped_product_ids"": []}",AMBIGUOUS,Cardmarket bulk data does not prove finish/treatment,false,false,false,,,,,,,,NO_COMPARISON,,,,NO_COMPARISON,ambiguous_identity,,"{""ambiguity_reasons"": [""unproven_treatment""], ""external_provenance"": [], ""scryfall_cardmarket_id"": 743305, ""stored_ids"": [743305], ""validated_stored_ids"": [743305]}",,,,
13695,magic,Witch-king of Angmar,736,ltr,The Lord of the Rings: Tales of Middle-earth,en,Borderless,mythic,nonfoil,Borderless,113,scryfall_oracle:2eb1b429-8d11-42f3-8815-5a60b6a4e2d5,,,d50d803f-6dad-4e4a-8f16-7be31a206170,735357,,735357,Witch-king of Angmar,5489,The Lord of the Rings: Tales of Middle-earth,,,mixed/unknown,170,288.25,275,224.29,142.73,265,344.6,260,287.75,159.08,Low,,EUR,EUR,,,,,"{""mapped_product_ids"": []}",AMBIGUOUS,Cardmarket bulk data does not prove finish/treatment,false,false,false,,,,,,,,NO_COMPARISON,,,,NO_COMPARISON,ambiguous_identity,,"{""ambiguity_reasons"": [""unproven_treatment""], ""external_provenance"": [], ""scryfall_cardmarket_id"": 735357, ""stored_ids"": [735357], ""validated_stored_ids"": [735357]}",,,,
13696,magic,Witch-king of Angmar,736,ltr,The Lord of the Rings: Tales of Middle-earth,en,Borderless,mythic,foil,Borderless,113,scryfall_oracle:2eb1b429-8d11-42f3-8815-5a60b6a4e2d5,,,d50d803f-6dad-4e4a-8f16-7be31a206170,735357,,735357,Witch-king of Angmar,5489,The Lord of the Rings: Tales of Middle-earth,,,mixed/unknown,170,288.25,275,224.29,142.73,265,344.6,260,287.75,159.08,Foil Low,,EUR,EUR,,,,,"{""mapped_product_ids"": []}",AMBIGUOUS,Cardmarket bulk data does not prove finish/treatment,false,false,false,,,,,,,,NO_COMPARISON,,,,NO_COMPARISON,ambiguous_identity,,"{""ambiguity_reasons"": [""unproven_treatment""], ""external_provenance"": [], ""scryfall_cardmarket_id"": 735357, ""stored_ids"": [735357], ""validated_stored_ids"": [735357]}",,,,
13697,magic,Witch-king of Angmar,736z,ltr,The Lord of the Rings: Tales of Middle-earth,en,Borderless,mythic,foil,Borderless,113,scryfall_oracle:2eb1b429-8d11-42f3-8815-5a60b6a4e2d5,,,3de94e93-2021-4d00-a9db-497373994ec3,743306,,743306,Witch-king of Angmar,5489,The Lord of the Rings: Tales of Middle-earth,,,mixed/unknown,20000,0,,,,20000,2067.73,2600,1150,1150,Foil Low,,EUR,EUR,,,,,"{""mapped_product_ids"": []}",AMBIGUOUS,Cardmarket bulk data does not prove finish/treatment,false,false,false,,,,,,,,NO_COMPARISON,,,,NO_COMPARISON,ambiguous_identity,,"{""ambiguity_reasons"": [""unproven_treatment""], ""external_provenance"": [], ""scryfall_cardmarket_id"": 743306, ""stored_ids"": [743306], ""validated_stored_ids"": [743306]}",,,,
13698,magic,Hew the Entwood,737,ltr,The Lord of the Rings: Tales of Middle-earth,en,Borderless,mythic,nonfoil,Borderless,337,scryfall_oracle:8818bbf8-58ec-4070-a81a-c7ce248057ab,,,1db2c9c2-e087-45b9-8cc8-e0bd3f333ed8,735358,,735358,Hew the Entwood,5489,The Lord of the Rings: Tales of Middle-earth,,,mixed/unknown,70,90.32,79,74.35,36.44,110,113.25,115,109,51.49,Low,,EUR,EUR,,,,,"{""mapped_product_ids"": []}",AMBIGUOUS,Cardmarket bulk data does not prove finish/treatment,false,false,false,,,,,,,,NO_COMPARISON,,,,NO_COMPARISON,ambiguous_identity,,"{""ambiguity_reasons"": [""unproven_treatment""], ""external_provenance"": [], ""scryfall_cardmarket_id"": 735358, ""stored_ids"": [735358], ""validated_stored_ids"": [735358]}",,,,
13699,magic,Hew the Entwood,737,ltr,The Lord of the Rings: Tales of Middle-earth,en,Borderless,mythic,foil,Borderless,337,scryfall_oracle:8818bbf8-58ec-4070-a81a-c7ce248057ab,,,1db2c9c2-e087-45b9-8cc8-e0bd3f333ed8,735358,,735358,Hew the Entwood,5489,The Lord of the Rings: Tales of Middle-earth,,,mixed/unknown,70,90.32,79,74.35,36.44,110,113.25,115,109,51.49,Foil Low,,EUR,EUR,,,,,"{""mapped_product_ids"": []}",AMBIGUOUS,Cardmarket bulk data does not prove finish/treatment,false,false,false,,,,,,,,NO_COMPARISON,,,,NO_COMPARISON,ambiguous_identity,,"{""ambiguity_reasons"": [""unproven_treatment""], ""external_provenance"": [], ""scryfall_cardmarket_id"": 735358, ""stored_ids"": [735358], ""validated_stored_ids"": [735358]}",,,,
13700,magic,Hew the Entwood,737z,ltr,The Lord of the Rings: Tales of Middle-earth,en,Borderless,mythic,foil,Borderless,337,scryfall_oracle:8818bbf8-58ec-4070-a81a-c7ce248057ab,,,a614d5f4-cb93-4fdb-a4d6-6a6e14bfd04e,743307,,743307,Hew the Entwood,5489,The Lord of the Rings: Tales of Middle-earth,,,mixed/unknown,210000,0,,,,210000,940.48,950,720,720,Foil Low,,EUR,EUR,,,,,"{""mapped_product_ids"": []}",AMBIGUOUS,Cardmarket bulk data does not prove finish/treatment,false,false,false,,,,,,,,NO_COMPARISON,,,,NO_COMPARISON,ambiguous_identity,,"{""ambiguity_reasons"": [""unproven_treatment""], ""external_provenance"": [], ""scryfall_cardmarket_id"": 743307, ""stored_ids"": [743307], ""validated_stored_ids"": [743307]}",,,,
13701,magic,Spiteful Banditry,738,ltr,The Lord of the Rings: Tales of Middle-earth,en,Borderless,mythic,nonfoil,Borderless,635,scryfall_oracle:fde2653f-5270-4b8f-9642-0835dbb076c2,,,a86e5f6e-cf80-423c-b9fb-18bae9141df9,735359,,735359,Spiteful Banditry,5489,The Lord of the Rings: Tales of Middle-earth,,,mixed/unknown,99,139.93,140,115.49,52.14,174,153.72,185,144.97,64.09,Low,,EUR,EUR,,,,,"{""mapped_product_ids"": []}",AMBIGUOUS,Cardmarket bulk data does not prove finish/treatment,false,false,false,,,,,,,,NO_COMPARISON,,,,NO_COMPARISON,ambiguous_identity,,"{""ambiguity_reasons"": [""unproven_treatment""], ""external_provenance"": [], ""scryfall_cardmarket_id"": 735359, ""stored_ids"": [735359], ""validated_stored_ids"": [735359]}",,,,
13702,magic,Spiteful Banditry,738,ltr,The Lord of the Rings: Tales of Middle-earth,en,Borderless,mythic,foil,Borderless,635,scryfall_oracle:fde2653f-5270-4b8f-9642-0835dbb076c2,,,a86e5f6e-cf80-423c-b9fb-18bae9141df9,735359,,735359,Spiteful Banditry,5489,The Lord of the Rings: Tales of Middle-earth,,,mixed/unknown,99,139.93,140,115.49,52.14,174,153.72,185,144.97,64.09,Foil Low,,EUR,EUR,,,,,"{""mapped_product_ids"": []}",AMBIGUOUS,Cardmarket bulk data does not prove finish/treatment,false,false,false,,,,,,,,NO_COMPARISON,,,,NO_COMPARISON,ambiguous_identity,,"{""ambiguity_reasons"": [""unproven_treatment""], ""external_provenance"": [], ""scryfall_cardmarket_id"": 735359, ""stored_ids"": [735359], ""validated_stored_ids"": [735359]}",,,,
13703,magic,Spiteful Banditry,738z,ltr,The Lord of the Rings: Tales of Middle-earth,en,Borderless,mythic,foil,Borderless,635,scryfall_oracle:fde2653f-5270-4b8f-9642-0835dbb076c2,,,a6975ed0-b2f0-4820-9649-6bc5594af19a,743308,,743308,Spiteful Banditry,5489,The Lord of the Rings: Tales of Middle-earth,,,mixed/unknown,150000,0,,,,150000,1100,1100,1050,1050,Foil Low,,EUR,EUR,,,,,"{""mapped_product_ids"": []}",AMBIGUOUS,Cardmarket bulk data does not prove finish/treatment,false,false,false,,,,,,,,NO_COMPARISON,,,,NO_COMPARISON,ambiguous_identity,,"{""ambiguity_reasons"": [""unproven_treatment""], ""external_provenance"": [], ""scryfall_cardmarket_id"": 743308, ""stored_ids"": [743308], ""validated_stored_ids"": [743308]}",,,,
13704,magic,Last March of the Ents,739,ltr,The Lord of the Rings: Tales of Middle-earth,en,Borderless,mythic,nonfoil,Borderless,138,scryfall_oracle:3999cd64-ff5c-4e2c-8aa6-d14f9f8a2b4c,,,96457086-f871-4ea4-9ca7-5cca2371d9c3,735360,,735360,Last March of the Ents,5489,The Lord of the Rings: Tales of Middle-earth,,,mixed/unknown,145,174.71,182.5,169.18,114.78,249,182.53,290,193.78,134.76,Low,,EUR,EUR,,,,,"{""mapped_product_ids"": []}",AMBIGUOUS,Cardmarket bulk data does not prove finish/treatment,false,false,false,,,,,,,,NO_COMPARISON,,,,NO_COMPARISON,ambiguous_identity,,"{""ambiguity_reasons"": [""unproven_treatment""], ""external_provenance"": [], ""scryfall_cardmarket_id"": 735360, ""stored_ids"": [735360], ""validated_stored_ids"": [735360]}",,,,
13705,magic,Last March of the Ents,739,ltr,The Lord of the Rings: Tales of Middle-earth,en,Borderless,mythic,foil,Borderless,138,scryfall_oracle:3999cd64-ff5c-4e2c-8aa6-d14f9f8a2b4c,,,96457086-f871-4ea4-9ca7-5cca2371d9c3,735360,,735360,Last March of the Ents,5489,The Lord of the Rings: Tales of Middle-earth,,,mixed/unknown,145,174.71,182.5,169.18,114.78,249,182.53,290,193.78,134.76,Foil Low,,EUR,EUR,,,,,"{""mapped_product_ids"": []}",AMBIGUOUS,Cardmarket bulk data does not prove finish/treatment,false,false,false,,,,,,,,NO_COMPARISON,,,,NO_COMPARISON,ambiguous_identity,,"{""ambiguity_reasons"": [""unproven_treatment""], ""external_provenance"": [], ""scryfall_cardmarket_id"": 735360, ""stored_ids"": [735360], ""validated_stored_ids"": [735360]}",,,,
13706,magic,Last March of the Ents,739z,ltr,The Lord of the Rings: Tales of Middle-earth,en,Borderless,mythic,foil,Borderless,138,scryfall_oracle:3999cd64-ff5c-4e2c-8aa6-d14f9f8a2b4c,,,cebd776a-92ac-4a4c-a88f-335fbcb84c36,743309,,743309,Last March of the Ents,5489,The Lord of the Rings: Tales of Middle-earth,,,mixed/unknown,25000,0,,,,25000,2541.48,2450,1020.71,1020.71,Foil Low,,EUR,EUR,,,,,"{""mapped_product_ids"": []}",AMBIGUOUS,Cardmarket bulk data does not prove finish/treatment,false,false,false,,,,,,,,NO_COMPARISON,,,,NO_COMPARISON,ambiguous_identity,,"{""ambiguity_reasons"": [""unproven_treatment""], ""external_provenance"": [], ""scryfall_cardmarket_id"": 743309, ""stored_ids"": [743309], ""validated_stored_ids"": [743309]}",,,,
13707,magic,Radagast the Brown,740,ltr,The Lord of the Rings: Tales of Middle-earth,en,Borderless,mythic,nonfoil,Borderless,569,scryfall_oracle:dfa47d0d-17f0-4a12-89d3-0d3c7f3db8c6,,,4509adb6-f1ea-4369-9e11-cba60fd5449a,735361,,735361,Radagast the Brown,5489,The Lord of the Rings: Tales of Middle-earth,,,mixed/unknown,145,168.58,140,169.71,81.74,199.99,251.85,239,253.25,109.29,Low,,EUR,EUR,,,,,"{""mapped_product_ids"": []}",AMBIGUOUS,Cardmarket bulk data does not prove finish/treatment,false,false,false,,,,,,,,NO_COMPARISON,,,,NO_COMPARISON,ambiguous_identity,,"{""ambiguity_reasons"": [""unproven_treatment""], ""external_provenance"": [], ""scryfall_cardmarket_id"": 735361, ""stored_ids"": [735361], ""validated_stored_ids"": [735361]}",,,,
13708,magic,Radagast the Brown,740,ltr,The Lord of the Rings: Tales of Middle-earth,en,Borderless,mythic,foil,Borderless,569,scryfall_oracle:dfa47d0d-17f0-4a12-89d3-0d3c7f3db8c6,,,4509adb6-f1ea-4369-9e11-cba60fd5449a,735361,,735361,Radagast the Brown,5489,The Lord of the Rings: Tales of Middle-earth,,,mixed/unknown,145,168.58,140,169.71,81.74,199.99,251.85,239,253.25,109.29,Foil Low,,EUR,EUR,,,,,"{""mapped_product_ids"": []}",AMBIGUOUS,Cardmarket bulk data does not prove finish/treatment,false,false,false,,,,,,,,NO_COMPARISON,,,,NO_COMPARISON,ambiguous_identity,,"{""ambiguity_reasons"": [""unproven_treatment""], ""external_provenance"": [], ""scryfall_cardmarket_id"": 735361, ""stored_ids"": [735361], ""validated_stored_ids"": [735361]}",,,,
13709,magic,Radagast the Brown,740z,ltr,The Lord of the Rings: Tales of Middle-earth,en,Borderless,mythic,foil,Borderless,569,scryfall_oracle:dfa47d0d-17f0-4a12-89d3-0d3c7f3db8c6,,,385a0103-f15b-41fa-8d2c-5cf2568c4e13,743310,,743310,Radagast the Brown,5489,The Lord of the Rings: Tales of Middle-earth,,,mixed/unknown,,0,,,,,960.3,950,971.67,971.67,Foil Low,,EUR,EUR,,,,,"{""mapped_product_ids"": []}",AMBIGUOUS,Cardmarket bulk data does not prove finish/treatment,false,false,false,,,,,,,,NO_COMPARISON,,,,NO_COMPARISON,ambiguous_identity,,"{""ambiguity_reasons"": [""unproven_treatment""], ""external_provenance"": [], ""scryfall_cardmarket_id"": 743310, ""stored_ids"": [743310], ""validated_stored_ids"": [743310]}",,,,
13710,magic,"Aragorn, the Uniter",741,ltr,The Lord of the Rings: Tales of Middle-earth,en,Borderless,mythic,nonfoil,Borderless,156,scryfall_oracle:3f31c423-d45c-4c3e-b7d4-ca125be0f92c,,,5f092adf-a06e-47c1-9400-2eebf9ef719d,735362,,735362,"Aragorn, the Uniter",5489,The Lord of the Rings: Tales of Middle-earth,,,mixed/unknown,140,144.31,130,133.62,77.74,220,193.2,219,193.59,96.36,Low,,EUR,EUR,,,,,"{""mapped_product_ids"": []}",AMBIGUOUS,Cardmarket bulk data does not prove finish/treatment,false,false,false,,,,,,,,NO_COMPARISON,,,,NO_COMPARISON,ambiguous_identity,,"{""ambiguity_reasons"": [""unproven_treatment""], ""external_provenance"": [], ""scryfall_cardmarket_id"": 735362, ""stored_ids"": [735362], ""validated_stored_ids"": [735362]}",,,,
13711,magic,"Aragorn, the Uniter",741,ltr,The Lord of the Rings: Tales of Middle-earth,en,Borderless,mythic,foil,Borderless,156,scryfall_oracle:3f31c423-d45c-4c3e-b7d4-ca125be0f92c,,,5f092adf-a06e-47c1-9400-2eebf9ef719d,735362,,735362,"Aragorn, the Uniter",5489,The Lord of the Rings: Tales of Middle-earth,,,mixed/unknown,140,144.31,130,133.62,77.74,220,193.2,219,193.59,96.36,Foil Low,,EUR,EUR,,,,,"{""mapped_product_ids"": []}",AMBIGUOUS,Cardmarket bulk data does not prove finish/treatment,false,false,false,,,,,,,,NO_COMPARISON,,,,NO_COMPARISON,ambiguous_identity,,"{""ambiguity_reasons"": [""unproven_treatment""], ""external_provenance"": [], ""scryfall_cardmarket_id"": 735362, ""stored_ids"": [735362], ""validated_stored_ids"": [735362]}",,,,
13712,magic,"Aragorn, the Uniter",741z,ltr,The Lord of the Rings: Tales of Middle-earth,en,Borderless,mythic,foil,Borderless,156,scryfall_oracle:3f31c423-d45c-4c3e-b7d4-ca125be0f92c,,,9d481911-48a9-4cd7-a3b4-14c058dcac19,743311,,743311,"Aragorn, the Uniter",5489,The Lord of the Rings: Tales of Middle-earth,,,mixed/unknown,4500,0,,,,4500,2521.66,2570,1223.99,1223.99,Foil Low,,EUR,EUR,,,,,"{""mapped_product_ids"": []}",AMBIGUOUS,Cardmarket bulk data does not prove finish/treatment,false,false,false,,,,,,,,NO_COMPARISON,,,,NO_COMPARISON,ambiguous_identity,,"{""ambiguity_reasons"": [""unproven_treatment""], ""external_provenance"": [], ""scryfall_cardmarket_id"": 743311, ""stored_ids"": [743311], ""validated_stored_ids"": [743311]}",,,,
13713,magic,"Arwen, Mortal Queen",742,ltr,The Lord of the Rings: Tales of Middle-earth,en,Borderless,mythic,nonfoil,Borderless,376,scryfall_oracle:9519a4ea-c4a0-4127-b06a-aac9ffaf7a32,,,b161705c-9d12-416f-8e5c-54ea0d3befd0,735363,,735363,"Arwen, Mortal Queen",5489,The Lord of the Rings: Tales of Middle-earth,,,mixed/unknown,120,141.1,130,108.05,77.29,188,180.6,215,177.71,120.08,Low,,EUR,EUR,,,,,"{""mapped_product_ids"": []}",AMBIGUOUS,Cardmarket bulk data does not prove finish/treatment,false,false,false,,,,,,,,NO_COMPARISON,,,,NO_COMPARISON,ambiguous_identity,,"{""ambiguity_reasons"": [""unproven_treatment""], ""external_provenance"": [], ""scryfall_cardmarket_id"": 735363, ""stored_ids"": [735363], ""validated_stored_ids"": [735363]}",,,,
13714,magic,"Arwen, Mortal Queen",742,ltr,The Lord of the Rings: Tales of Middle-earth,en,Borderless,mythic,foil,Borderless,376,scryfall_oracle:9519a4ea-c4a0-4127-b06a-aac9ffaf7a32,,,b161705c-9d12-416f-8e5c-54ea0d3befd0,735363,,735363,"Arwen, Mortal Queen",5489,The Lord of the Rings: Tales of Middle-earth,,,mixed/unknown,120,141.1,130,108.05,77.29,188,180.6,215,177.71,120.08,Foil Low,,EUR,EUR,,,,,"{""mapped_product_ids"": []}",AMBIGUOUS,Cardmarket bulk data does not prove finish/treatment,false,false,false,,,,,,,,NO_COMPARISON,,,,NO_COMPARISON,ambiguous_identity,,"{""ambiguity_reasons"": [""unproven_treatment""], ""external_provenance"": [], ""scryfall_cardmarket_id"": 735363, ""stored_ids"": [735363], ""validated_stored_ids"": [735363]}",,,,
13715,magic,"Arwen, Mortal Queen",742z,ltr,The Lord of the Rings: Tales of Middle-earth,en,Borderless,mythic,foil,Borderless,376,scryfall_oracle:9519a4ea-c4a0-4127-b06a-aac9ffaf7a32,,,ba4f80df-841d-4ae3-b33e-d45cdc853761,743312,,743312,"Arwen, Mortal Queen",5489,The Lord of the Rings: Tales of Middle-earth,,,mixed/unknown,49000,0,,,,49000,964.16,965,713.33,713.33,Foil Low,,EUR,EUR,,,,,"{""mapped_product_ids"": []}",AMBIGUOUS,Cardmarket bulk data does not prove finish/treatment,false,false,false,,,,,,,,NO_COMPARISON,,,,NO_COMPARISON,ambiguous_identity,,"{""ambiguity_reasons"": [""unproven_treatment""], ""external_provenance"": [], ""scryfall_cardmarket_id"": 743312, ""stored_ids"": [743312], ""validated_stored_ids"": [743312]}",,,,
13716,magic,Saruman of Many Colors,743,ltr,The Lord of the Rings: Tales of Middle-earth,en,Borderless,mythic,nonfoil,Borderless,499,scryfall_oracle:c2d04138-cc17-4dd0-9a4c-9c87df72ed01,,,58879b7a-a7d2-4fb0-954f-1ba2e1d57761,735365,,735365,Saruman of Many Colors,5489,The Lord of the Rings: Tales of Middle-earth,,,mixed/unknown,194,189.29,185,182.97,127.82,275,263.25,355,277.37,151.87,Low,,EUR,EUR,,,,,"{""mapped_product_ids"": []}",AMBIGUOUS,Cardmarket bulk data does not prove finish/treatment,false,false,false,,,,,,,,NO_COMPARISON,,,,NO_COMPARISON,ambiguous_identity,,"{""ambiguity_reasons"": [""unproven_treatment""], ""external_provenance"": [], ""scryfall_cardmarket_id"": 735365, ""stored_ids"": [735365], ""validated_stored_ids"": [735365]}",,,,
13717,magic,Saruman of Many Colors,743,ltr,The Lord of the Rings: Tales of Middle-earth,en,Borderless,mythic,foil,Borderless,499,scryfall_oracle:c2d04138-cc17-4dd0-9a4c-9c87df72ed01,,,58879b7a-a7d2-4fb0-954f-1ba2e1d57761,735365,,735365,Saruman of Many Colors,5489,The Lord of the Rings: Tales of Middle-earth,,,mixed/unknown,194,189.29,185,182.97,127.82,275,263.25,355,277.37,151.87,Foil Low,,EUR,EUR,,,,,"{""mapped_product_ids"": []}",AMBIGUOUS,Cardmarket bulk data does not prove finish/treatment,false,false,false,,,,,,,,NO_COMPARISON,,,,NO_COMPARISON,ambiguous_identity,,"{""ambiguity_reasons"": [""unproven_treatment""], ""external_provenance"": [], ""scryfall_cardmarket_id"": 735365, ""stored_ids"": [735365], ""validated_stored_ids"": [735365]}",,,,
13718,magic,Saruman of Many Colors,743z,ltr,The Lord of the Rings: Tales of Middle-earth,en,Borderless,mythic,foil,Borderless,499,scryfall_oracle:c2d04138-cc17-4dd0-9a4c-9c87df72ed01,,,a4d16e37-1fa1-4515-b29a-dbabb5c69665,743313,,743313,Saruman of Many Colors,5489,The Lord of the Rings: Tales of Middle-earth,,,mixed/unknown,6750,0,,,,6750,4863.71,4750,2808.33,2808.33,Foil Low,,EUR,EUR,,,,,"{""mapped_product_ids"": []}",AMBIGUOUS,Cardmarket bulk data does not prove finish/treatment,false,false,false,,,,,,,,NO_COMPARISON,,,,NO_COMPARISON,ambiguous_identity,,"{""ambiguity_reasons"": [""unproven_treatment""], ""external_provenance"": [], ""scryfall_cardmarket_id"": 743313, ""stored_ids"": [743313], ""validated_stored_ids"": [743313]}",,,,
13719,magic,"Sauron, the Dark Lord",744,ltr,The Lord of the Rings: Tales of Middle-earth,en,Borderless,mythic,nonfoil,Borderless,407,scryfall_oracle:9f8f29ba-7e64-455d-be05-ec7973f2bd0a,,,3766383d-6e3d-472c-ac7b-f3521ee214af,735369,,735369,"Sauron, the Dark Lord",5489,The Lord of the Rings: Tales of Middle-earth,,,mixed/unknown,548,528.25,575,511.66,362.12,900,969.29,500,864,589.16,Low,,EUR,EUR,,,,,"{""mapped_product_ids"": []}",AMBIGUOUS,Cardmarket bulk data does not prove finish/treatment,false,false,false,,,,,,,,NO_COMPARISON,,,,NO_COMPARISON,ambiguous_identity,,"{""ambiguity_reasons"": [""unproven_treatment""], ""external_provenance"": [], ""scryfall_cardmarket_id"": 735369, ""stored_ids"": [735369], ""validated_stored_ids"": [735369]}",,,,
13720,magic,"Sauron, the Dark Lord",744,ltr,The Lord of the Rings: Tales of Middle-earth,en,Borderless,mythic,foil,Borderless,407,scryfall_oracle:9f8f29ba-7e64-455d-be05-ec7973f2bd0a,,,3766383d-6e3d-472c-ac7b-f3521ee214af,735369,,735369,"Sauron, the Dark Lord",5489,The Lord of the Rings: Tales of Middle-earth,,,mixed/unknown,548,528.25,575,511.66,362.12,900,969.29,500,864,589.16,Foil Low,,EUR,EUR,,,,,"{""mapped_product_ids"": []}",AMBIGUOUS,Cardmarket bulk data does not prove finish/treatment,false,false,false,,,,,,,,NO_COMPARISON,,,,NO_COMPARISON,ambiguous_identity,,"{""ambiguity_reasons"": [""unproven_treatment""], ""external_provenance"": [], ""scryfall_cardmarket_id"": 735369, ""stored_ids"": [735369], ""validated_stored_ids"": [735369]}",,,,
13721,magic,"Sauron, the Dark Lord",744z,ltr,The Lord of the Rings: Tales of Middle-earth,en,Borderless,mythic,foil,Borderless,407,scryfall_oracle:9f8f29ba-7e64-455d-be05-ec7973f2bd0a,,,27251103-e27c-446a-b64c-b7b0d5846b27,743314,,743314,"Sauron, the Dark Lord",5489,The Lord of the Rings: Tales of Middle-earth,,,mixed/unknown,35000,0,,,,35000,9563.64,11050,4687.24,4687.24,Foil Low,,EUR,EUR,,,,,"{""mapped_product_ids"": []}",AMBIGUOUS,Cardmarket bulk data does not prove finish/treatment,false,false,false,,,,,,,,NO_COMPARISON,,,,NO_COMPARISON,ambiguous_identity,,"{""ambiguity_reasons"": [""unproven_treatment""], ""external_provenance"": [], ""scryfall_cardmarket_id"": 743314, ""stored_ids"": [743314], ""validated_stored_ids"": [743314]}",,,,
13722,magic,Tom Bombadil,745,ltr,The Lord of the Rings: Tales of Middle-earth,en,Borderless,mythic,nonfoil,Borderless,342,scryfall_oracle:89a2d5bc-df06-47e8-8b4a-6d1f0a63c78d,,,ad53e3d4-f907-4f46-9fd9-b23067ce9b82,735374,,735374,Tom Bombadil,5489,The Lord of the Rings: Tales of Middle-earth,,,mixed/unknown,210,204.54,200,204.3,192.28,359,369.9,380,372.88,297.25,Low,,EUR,EUR,,,,,"{""mapped_product_ids"": []}",AMBIGUOUS,Cardmarket bulk data does not prove finish/treatment,false,false,false,,,,,,,,NO_COMPARISON,,,,NO_COMPARISON,ambiguous_identity,,"{""ambiguity_reasons"": [""unproven_treatment""], ""external_provenance"": [], ""scryfall_cardmarket_id"": 735374, ""stored_ids"": [735374], ""validated_stored_ids"": [735374]}",,,,
13723,magic,Tom Bombadil,745,ltr,The Lord of the Rings: Tales of Middle-earth,en,Borderless,mythic,foil,Borderless,342,scryfall_oracle:89a2d5bc-df06-47e8-8b4a-6d1f0a63c78d,,,ad53e3d4-f907-4f46-9fd9-b23067ce9b82,735374,,735374,Tom Bombadil,5489,The Lord of the Rings: Tales of Middle-earth,,,mixed/unknown,210,204.54,200,204.3,192.28,359,369.9,380,372.88,297.25,Foil Low,,EUR,EUR,,,,,"{""mapped_product_ids"": []}",AMBIGUOUS,Cardmarket bulk data does not prove finish/treatment,false,false,false,,,,,,,,NO_COMPARISON,,,,NO_COMPARISON,ambiguous_identity,,"{""ambiguity_reasons"": [""unproven_treatment""], ""external_provenance"": [], ""scryfall_cardmarket_id"": 735374, ""stored_ids"": [735374], ""validated_stored_ids"": [735374]}",,,,
13724,magic,Tom Bombadil,745z,ltr,The Lord of the Rings: Tales of Middle-earth,en,Borderless,mythic,foil,Borderless,342,scryfall_oracle:89a2d5bc-df06-47e8-8b4a-6d1f0a63c78d,,,50dd89bd-43a2-49c6-bf56-c9fbbf370540,743315,,743315,Tom Bombadil,5489,The Lord of the Rings: Tales of Middle-earth,,,mixed/unknown,,0,,,,,1000,1000,1000,1000,Foil Low,,EUR,EUR,,,,,"{""mapped_product_ids"": []}",AMBIGUOUS,Cardmarket bulk data does not prove finish/treatment,false,false,false,,,,,,,,NO_COMPARISON,,,,NO_COMPARISON,ambiguous_identity,,"{""ambiguity_reasons"": [""unproven_treatment""], ""external_provenance"": [], ""scryfall_cardmarket_id"": 743315, ""stored_ids"": [743315], ""validated_stored_ids"": [743315]}",,,,
13725,magic,"Andúril, Flame of the West",746,ltr,The Lord of the Rings: Tales of Middle-earth,en,Borderless,mythic,nonfoil,Borderless,580,scryfall_oracle:e6521404-8474-4727-b2d0-537d15d8a63f,,,5c411d18-c257-424a-9125-06eeafec1e66,735375,,735375,"Andúril, Flame of the West",5489,The Lord of the Rings: Tales of Middle-earth,,,mixed/unknown,144.95,177.36,172.5,145.92,85.55,210,190.71,199,199.07,80.27,Low,,EUR,EUR,,,,,"{""mapped_product_ids"": []}",AMBIGUOUS,Cardmarket bulk data does not prove finish/treatment,false,false,false,,,,,,,,NO_COMPARISON,,,,NO_COMPARISON,ambiguous_identity,,"{""ambiguity_reasons"": [""unproven_treatment""], ""external_provenance"": [], ""scryfall_cardmarket_id"": 735375, ""stored_ids"": [735375], ""validated_stored_ids"": [735375]}",,,,
13726,magic,"Andúril, Flame of the West",746,ltr,The Lord of the Rings: Tales of Middle-earth,en,Borderless,mythic,foil,Borderless,580,scryfall_oracle:e6521404-8474-4727-b2d0-537d15d8a63f,,,5c411d18-c257-424a-9125-06eeafec1e66,735375,,735375,"Andúril, Flame of the West",5489,The Lord of the Rings: Tales of Middle-earth,,,mixed/unknown,144.95,177.36,172.5,145.92,85.55,210,190.71,199,199.07,80.27,Foil Low,,EUR,EUR,,,,,"{""mapped_product_ids"": []}",AMBIGUOUS,Cardmarket bulk data does not prove finish/treatment,false,false,false,,,,,,,,NO_COMPARISON,,,,NO_COMPARISON,ambiguous_identity,,"{""ambiguity_reasons"": [""unproven_treatment""], ""external_provenance"": [], ""scryfall_cardmarket_id"": 735375, ""stored_ids"": [735375], ""validated_stored_ids"": [735375]}",,,,
13727,magic,"Andúril, Flame of the West",746z,ltr,The Lord of the Rings: Tales of Middle-earth,en,Borderless,mythic,foil,Borderless,580,scryfall_oracle:e6521404-8474-4727-b2d0-537d15d8a63f,,,5a5354dd-ff5f-4231-bf31-039ad3448a09,743316,,743316,"Andúril, Flame of the West",5489,The Lord of the Rings: Tales of Middle-earth,,,mixed/unknown,5499,0,,,,5499,1967.63,1980,1218.59,1218.59,Foil Low,,EUR,EUR,,,,,"{""mapped_product_ids"": []}",AMBIGUOUS,Cardmarket bulk data does not prove finish/treatment,false,false,false,,,,,,,,NO_COMPARISON,,,,NO_COMPARISON,ambiguous_identity,,"{""ambiguity_reasons"": [""unproven_treatment""], ""external_provenance"": [], ""scryfall_cardmarket_id"": 743316, ""stored_ids"": [743316], ""validated_stored_ids"": [743316]}",,,,
13728,magic,Glamdring,747,ltr,The Lord of the Rings: Tales of Middle-earth,en,Borderless,mythic,nonfoil,Borderless,204,scryfall_oracle:52826984-44cb-48dc-a737-bb02983ffea8,,,a8b9410a-804a-43ad-979b-3dc9fb569f99,735376,,735376,Glamdring,5489,The Lord of the Rings: Tales of Middle-earth,,,mixed/unknown,149.95,143.08,200,123.68,61.2,199.99,192.95,195,197.23,99.67,Low,,EUR,EUR,,,,,"{""mapped_product_ids"": []}",AMBIGUOUS,Cardmarket bulk data does not prove finish/treatment,false,false,false,,,,,,,,NO_COMPARISON,,,,NO_COMPARISON,ambiguous_identity,,"{""ambiguity_reasons"": [""unproven_treatment""], ""external_provenance"": [], ""scryfall_cardmarket_id"": 735376, ""stored_ids"": [735376], ""validated_stored_ids"": [735376]}",,,,
13729,magic,Glamdring,747,ltr,The Lord of the Rings: Tales of Middle-earth,en,Borderless,mythic,foil,Borderless,204,scryfall_oracle:52826984-44cb-48dc-a737-bb02983ffea8,,,a8b9410a-804a-43ad-979b-3dc9fb569f99,735376,,735376,Glamdring,5489,The Lord of the Rings: Tales of Middle-earth,,,mixed/unknown,149.95,143.08,200,123.68,61.2,199.99,192.95,195,197.23,99.67,Foil Low,,EUR,EUR,,,,,"{""mapped_product_ids"": []}",AMBIGUOUS,Cardmarket bulk data does not prove finish/treatment,false,false,false,,,,,,,,NO_COMPARISON,,,,NO_COMPARISON,ambiguous_identity,,"{""ambiguity_reasons"": [""unproven_treatment""], ""external_provenance"": [], ""scryfall_cardmarket_id"": 735376, ""stored_ids"": [735376], ""validated_stored_ids"": [735376]}",,,,
13730,magic,Glamdring,747z,ltr,The Lord of the Rings: Tales of Middle-earth,en,Borderless,mythic,foil,Borderless,204,scryfall_oracle:52826984-44cb-48dc-a737-bb02983ffea8,,,8a5d405b-dfea-44de-a456-eaac8af73100,743317,,743317,Glamdring,5489,The Lord of the Rings: Tales of Middle-earth,,,mixed/unknown,29500,0,,,,29500,4821.77,5000,2267.5,2267.5,Foil Low,,EUR,EUR,,,,,"{""mapped_product_ids"": []}",AMBIGUOUS,Cardmarket bulk data does not prove finish/treatment,false,false,false,,,,,,,,NO_COMPARISON,,,,NO_COMPARISON,ambiguous_identity,,"{""ambiguity_reasons"": [""unproven_treatment""], ""external_provenance"": [], ""scryfall_cardmarket_id"": 743317, ""stored_ids"": [743317], ""validated_stored_ids"": [743317]}",,,,
13731,magic,The One Ring,748,ltr,The Lord of the Rings: Tales of Middle-earth,en,Borderless,mythic,nonfoil,Borderless,140,scryfall_oracle:3aa83ed2-f48b-4ce6-a614-2c54ddf50538,,,10a4e202-b564-4ac8-8bdf-a2a563662563,735377,,735377,The One Ring,5489,The Lord of the Rings: Tales of Middle-earth,,,mixed/unknown,890,870.38,860,812.84,677.04,2050,1650.9,1888.81,1674.19,1373.52,Low,,EUR,EUR,,,,,"{""mapped_product_ids"": []}",AMBIGUOUS,Cardmarket bulk data does not prove finish/treatment,false,false,false,,,,,,,,NO_COMPARISON,,,,NO_COMPARISON,ambiguous_identity,,"{""ambiguity_reasons"": [""unproven_treatment""], ""external_provenance"": [], ""scryfall_cardmarket_id"": 735377, ""stored_ids"": [735377], ""validated_stored_ids"": [735377]}",,,,
13732,magic,The One Ring,748,ltr,The Lord of the Rings: Tales of Middle-earth,en,Borderless,mythic,foil,Borderless,140,scryfall_oracle:3aa83ed2-f48b-4ce6-a614-2c54ddf50538,,,10a4e202-b564-4ac8-8bdf-a2a563662563,735377,,735377,The One Ring,5489,The Lord of the Rings: Tales of Middle-earth,,,mixed/unknown,890,870.38,860,812.84,677.04,2050,1650.9,1888.81,1674.19,1373.52,Foil Low,,EUR,EUR,,,,,"{""mapped_product_ids"": []}",AMBIGUOUS,Cardmarket bulk data does not prove finish/treatment,false,false,false,,,,,,,,NO_COMPARISON,,,,NO_COMPARISON,ambiguous_identity,,"{""ambiguity_reasons"": [""unproven_treatment""], ""external_provenance"": [], ""scryfall_cardmarket_id"": 735377, ""stored_ids"": [735377], ""validated_stored_ids"": [735377]}",,,,
13733,magic,The One Ring,748z,ltr,The Lord of the Rings: Tales of Middle-earth,en,Borderless,mythic,foil,Borderless,140,scryfall_oracle:3aa83ed2-f48b-4ce6-a614-2c54ddf50538,,,4e6fee52-33a8-4085-b632-bf95dfd2b16d,743318,,743318,The One Ring,5489,The Lord of the Rings: Tales of Middle-earth,,,mixed/unknown,899969.69,0,,,,899969.69,4863.56,4863.56,4863.56,4863.56,Foil Low,,EUR,EUR,,,,,"{""mapped_product_ids"": []}",AMBIGUOUS,Cardmarket bulk data does not prove finish/treatment,false,false,false,,,,,,,,NO_COMPARISON,,,,NO_COMPARISON,ambiguous_identity,,"{""ambiguity_reasons"": [""unproven_treatment""], ""external_provenance"": [], ""scryfall_cardmarket_id"": 743318, ""stored_ids"": [743318], ""validated_stored_ids"": [743318]}",,,,
13734,magic,Palantír of Orthanc,749,ltr,The Lord of the Rings: Tales of Middle-earth,en,Borderless,mythic,nonfoil,Borderless,296,scryfall_oracle:7798a4d9-1c1d-48e6-b9a2-ecd6aec1efa7,,,e9245b0e-f99e-46dd-90ad-87489197629e,735378,,735378,Palantír of Orthanc,5489,The Lord of the Rings: Tales of Middle-earth,,,mixed/unknown,200,202.43,189.95,191.79,102.07,290,271.11,299.99,243.36,122.64,Low,,EUR,EUR,,,,,"{""mapped_product_ids"": []}",AMBIGUOUS,Cardmarket bulk data does not prove finish/treatment,false,false,false,,,,,,,,NO_COMPARISON,,,,NO_COMPARISON,ambiguous_identity,,"{""ambiguity_reasons"": [""unproven_treatment""], ""external_provenance"": [], ""scryfall_cardmarket_id"": 735378, ""stored_ids"": [735378], ""validated_stored_ids"": [735378]}",,,,
13735,magic,Palantír of Orthanc,749,ltr,The Lord of the Rings: Tales of Middle-earth,en,Borderless,mythic,foil,Borderless,296,scryfall_oracle:7798a4d9-1c1d-48e6-b9a2-ecd6aec1efa7,,,e9245b0e-f99e-46dd-90ad-87489197629e,735378,,735378,Palantír of Orthanc,5489,The Lord of the Rings: Tales of Middle-earth,,,mixed/unknown,200,202.43,189.95,191.79,102.07,290,271.11,299.99,243.36,122.64,Foil Low,,EUR,EUR,,,,,"{""mapped_product_ids"": []}",AMBIGUOUS,Cardmarket bulk data does not prove finish/treatment,false,false,false,,,,,,,,NO_COMPARISON,,,,NO_COMPARISON,ambiguous_identity,,"{""ambiguity_reasons"": [""unproven_treatment""], ""external_provenance"": [], ""scryfall_cardmarket_id"": 735378, ""stored_ids"": [735378], ""validated_stored_ids"": [735378]}",,,,
13736,magic,Palantír of Orthanc,749z,ltr,The Lord of the Rings: Tales of Middle-earth,en,Borderless,mythic,foil,Borderless,296,scryfall_oracle:7798a4d9-1c1d-48e6-b9a2-ecd6aec1efa7,,,b9b95f71-ca89-4173-89bf-99abccd259de,743319,,743319,Palantír of Orthanc,5489,The Lord of the Rings: Tales of Middle-earth,,,mixed/unknown,10000,0,,,,10000,2763.82,2690,1759.75,1759.75,Foil Low,,EUR,EUR,,,,,"{""mapped_product_ids"": []}",AMBIGUOUS,Cardmarket bulk data does not prove finish/treatment,false,false,false,,,,,,,,NO_COMPARISON,,,,NO_COMPARISON,ambiguous_identity,,"{""ambiguity_reasons"": [""unproven_treatment""], ""external_provenance"": [], ""scryfall_cardmarket_id"": 743319, ""stored_ids"": [743319], ""validated_stored_ids"": [743319]}",,,,
13737,magic,Mount Doom,750,ltr,The Lord of the Rings: Tales of Middle-earth,en,Borderless,mythic,nonfoil,Borderless,388,scryfall_oracle:995c8dac-fd27-468a-abd4-02372cf0c850,,,6ad857f8-3c78-4333-b6c9-ac57b6b70888,735379,,735379,Mount Doom,5489,The Lord of the Rings: Tales of Middle-earth,,,mixed/unknown,222,255.62,200,215.82,149.49,384,367.7,350,407.07,243.65,Low,,EUR,EUR,,,,,"{""mapped_product_ids"": []}",AMBIGUOUS,Cardmarket bulk data does not prove finish/treatment,false,false,false,,,,,,,,NO_COMPARISON,,,,NO_COMPARISON,ambiguous_identity,,"{""ambiguity_reasons"": [""unproven_treatment""], ""external_provenance"": [], ""scryfall_cardmarket_id"": 735379, ""stored_ids"": [735379], ""validated_stored_ids"": [735379]}",,,,
13738,magic,Mount Doom,750,ltr,The Lord of the Rings: Tales of Middle-earth,en,Borderless,mythic,foil,Borderless,388,scryfall_oracle:995c8dac-fd27-468a-abd4-02372cf0c850,,,6ad857f8-3c78-4333-b6c9-ac57b6b70888,735379,,735379,Mount Doom,5489,The Lord of the Rings: Tales of Middle-earth,,,mixed/unknown,222,255.62,200,215.82,149.49,384,367.7,350,407.07,243.65,Foil Low,,EUR,EUR,,,,,"{""mapped_product_ids"": []}",AMBIGUOUS,Cardmarket bulk data does not prove finish/treatment,false,false,false,,,,,,,,NO_COMPARISON,,,,NO_COMPARISON,ambiguous_identity,,"{""ambiguity_reasons"": [""unproven_treatment""], ""external_provenance"": [], ""scryfall_cardmarket_id"": 735379, ""stored_ids"": [735379], ""validated_stored_ids"": [735379]}",,,,
13739,magic,Mount Doom,750z,ltr,The Lord of the Rings: Tales of Middle-earth,en,Borderless,mythic,foil,Borderless,388,scryfall_oracle:995c8dac-fd27-468a-abd4-02372cf0c850,,,6c53dace-4597-4d34-96d1-7aa6290594d4,743320,,743320,Mount Doom,5489,The Lord of the Rings: Tales of Middle-earth,,,mixed/unknown,15000,0,,,,15000,4117.99,4100,1424,1424,Foil Low,,EUR,EUR,,,,,"{""mapped_product_ids"": []}",AMBIGUOUS,Cardmarket bulk data does not prove finish/treatment,false,false,false,,,,,,,,NO_COMPARISON,,,,NO_COMPARISON,ambiguous_identity,,"{""ambiguity_reasons"": [""unproven_treatment""], ""external_provenance"": [], ""scryfall_cardmarket_id"": 743320, ""stored_ids"": [743320], ""validated_stored_ids"": [743320]}",,,,
13740,magic,Barad-dûr,751,ltr,The Lord of the Rings: Tales of Middle-earth,en,Surge Foil,rare,foil,Surge Foil,336,scryfall_oracle:88159872-d37d-4847-b048-e4a9af6437bd,,,8306fe9f-e6c2-4875-958c-e79c0513e254,737996,,737996,Barad-dûr,5489,The Lord of the Rings: Tales of Middle-earth,,,mixed/unknown,8.93,0,,,,8.93,12.11,19.55,13.59,10.07,Foil Low,,EUR,EUR,,,,,"{""mapped_product_ids"": []}",AMBIGUOUS,Cardmarket bulk data does not prove finish/treatment,false,false,false,,,,,,,,NO_COMPARISON,,,,NO_COMPARISON,ambiguous_identity,,"{""ambiguity_reasons"": [""unproven_treatment""], ""external_provenance"": [], ""scryfall_cardmarket_id"": 737996, ""stored_ids"": [737996], ""validated_stored_ids"": [737996]}",,,,
13741,magic,Minas Tirith,752,ltr,The Lord of the Rings: Tales of Middle-earth,en,Surge Foil,rare,foil,Surge Foil,304,scryfall_oracle:7b0d7e62-0287-454a-8702-b0bfa7b41245,,,44224705-1673-4d2d-9077-e87b58dbb035,737997,,737997,Minas Tirith,5489,The Lord of the Rings: Tales of Middle-earth,,,mixed/unknown,19.98,0,,,,19.98,23.13,19.98,23.33,20.99,Foil Low,,EUR,EUR,,,,,"{""mapped_product_ids"": []}",AMBIGUOUS,Cardmarket bulk data does not prove finish/treatment,false,false,false,,,,,,,,NO_COMPARISON,,,,NO_COMPARISON,ambiguous_identity,,"{""ambiguity_reasons"": [""unproven_treatment""], ""external_provenance"": [], ""scryfall_cardmarket_id"": 737997, ""stored_ids"": [737997], ""validated_stored_ids"": [737997]}",,,,
13742,magic,Mines of Moria,753,ltr,The Lord of the Rings: Tales of Middle-earth,en,Surge Foil,rare,foil,Surge Foil,218,scryfall_oracle:583cdebe-0195-45be-bd2e-5765f07cb902,,,5e354fe8-fc03-42a0-8795-3d267fea9da0,737998,,737998,Mines of Moria,5489,The Lord of the Rings: Tales of Middle-earth,,,mixed/unknown,9,0,,,,9,10.21,10.24,9.85,9.35,Foil Low,,EUR,EUR,,,,,"{""mapped_product_ids"": []}",AMBIGUOUS,Cardmarket bulk data does not prove finish/treatment,false,false,false,,,,,,,,NO_COMPARISON,,,,NO_COMPARISON,ambiguous_identity,,"{""ambiguity_reasons"": [""unproven_treatment""], ""external_provenance"": [], ""scryfall_cardmarket_id"": 737998, ""stored_ids"": [737998], ""validated_stored_ids"": [737998]}",,,,
13743,magic,Mount Doom,754,ltr,The Lord of the Rings: Tales of Middle-earth,en,Surge Foil,mythic,foil,Surge Foil,388,scryfall_oracle:995c8dac-fd27-468a-abd4-02372cf0c850,,,d7852b73-3c05-45a3-b0dc-206c87bef7a3,737999,,737999,Mount Doom,5489,The Lord of the Rings: Tales of Middle-earth,,,mixed/unknown,64,0,,,,64,61.82,50,63.1,53.33,Foil Low,,EUR,EUR,,,,,"{""mapped_product_ids"": []}",AMBIGUOUS,Cardmarket bulk data does not prove finish/treatment,false,false,false,,,,,,,,NO_COMPARISON,,,,NO_COMPARISON,ambiguous_identity,,"{""ambiguity_reasons"": [""unproven_treatment""], ""external_provenance"": [], ""scryfall_cardmarket_id"": 737999, ""stored_ids"": [737999], ""validated_stored_ids"": [737999]}",,,,
13744,magic,Rivendell,755,ltr,The Lord of the Rings: Tales of Middle-earth,en,Surge Foil,rare,foil,Surge Foil,91,scryfall_oracle:2550099d-b3e2-4eb6-9f36-0fc412828ca6,,,b1332d69-d597-4ac6-8d60-574b50293612,738000,,738000,Rivendell,5489,The Lord of the Rings: Tales of Middle-earth,,,mixed/unknown,6.74,0,,,,6.74,8.35,6.73,8.29,8.25,Foil Low,,EUR,EUR,,,,,"{""mapped_product_ids"": []}",AMBIGUOUS,Cardmarket bulk data does not prove finish/treatment,false,false,false,,,,,,,,NO_COMPARISON,,,,NO_COMPARISON,ambiguous_identity,,"{""ambiguity_reasons"": [""unproven_treatment""], ""external_provenance"": [], ""scryfall_cardmarket_id"": 738000, ""stored_ids"": [738000], ""validated_stored_ids"": [738000]}",,,,
13745,magic,The Shire,756,ltr,The Lord of the Rings: Tales of Middle-earth,en,Surge Foil,rare,foil,Surge Foil,393,scryfall_oracle:9abf9a0e-8e7d-406b-a01d-d4870b30134e,,,54b0f890-a014-49b4-9a2e-c820a6843046,738001,,738001,The Shire,5489,The Lord of the Rings: Tales of Middle-earth,,,mixed/unknown,9.95,0,,,,9.95,12.6,12.9,13.28,11.36,Foil Low,,EUR,EUR,,,,,"{""mapped_product_ids"": []}",AMBIGUOUS,Cardmarket bulk data does not prove finish/treatment,false,false,false,,,,,,,,NO_COMPARISON,,,,NO_COMPARISON,ambiguous_identity,,"{""ambiguity_reasons"": [""unproven_treatment""], ""external_provenance"": [], ""scryfall_cardmarket_id"": 738001, ""stored_ids"": [738001], ""validated_stored_ids"": [738001]}",,,,
13746,magic,The Battle of Bywater,757,ltr,The Lord of the Rings: Tales of Middle-earth,en,Surge Foil,rare,foil,Surge Foil,430,scryfall_oracle:a94c191d-a938-458e-bc1b-2f44fd8873a3,,,27c57721-547a-405e-931a-bdc6e1950df3,738002,,738002,The Battle of Bywater,5489,The Lord of the Rings: Tales of Middle-earth,,,mixed/unknown,2.59,0,,,,2.59,3.72,5.95,3.56,3.68,Foil Low,,EUR,EUR,,,,,"{""mapped_product_ids"": []}",AMBIGUOUS,Cardmarket bulk data does not prove finish/treatment,false,false,false,,,,,,,,NO_COMPARISON,,,,NO_COMPARISON,ambiguous_identity,,"{""ambiguity_reasons"": [""unproven_treatment""], ""external_provenance"": [], ""scryfall_cardmarket_id"": 738002, ""stored_ids"": [738002], ""validated_stored_ids"": [738002]}",,,,
13747,magic,Dawn of a New Age,758,ltr,The Lord of the Rings: Tales of Middle-earth,en,Surge Foil,mythic,foil,Surge Foil,136,scryfall_oracle:37df5ade-6a21-4b0c-89f8-e2e917589a8d,,,a925cb0b-5859-4bea-a7c6-256a9639d1e9,738003,,738003,Dawn of a New Age,5489,The Lord of the Rings: Tales of Middle-earth,,,mixed/unknown,3.99,0,,,,3.99,6.37,7.94,6.44,5.67,Foil Low,,EUR,EUR,,,,,"{""mapped_product_ids"": []}",AMBIGUOUS,Cardmarket bulk data does not prove finish/treatment,false,false,false,,,,,,,,NO_COMPARISON,,,,NO_COMPARISON,ambiguous_identity,,"{""ambiguity_reasons"": [""unproven_treatment""], ""external_provenance"": [], ""scryfall_cardmarket_id"": 738003, ""stored_ids"": [738003], ""validated_stored_ids"": [738003]}",,,,
13748,magic,Flowering of the White Tree,759,ltr,The Lord of the Rings: Tales of Middle-earth,en,Surge Foil,rare,foil,Surge Foil,150,scryfall_oracle:3cda958a-f777-433d-850e-a6c8f581db4e,,,a628547f-7ad6-4db5-b6b1-98992e29ac10,738004,,738004,Flowering of the White Tree,5489,The Lord of the Rings: Tales of Middle-earth,,,mixed/unknown,5,0,,,,5,8.48,10,8.51,8.4,Foil Low,,EUR,EUR,,,,,"{""mapped_product_ids"": []}",AMBIGUOUS,Cardmarket bulk data does not prove finish/treatment,false,false,false,,,,,,,,NO_COMPARISON,,,,NO_COMPARISON,ambiguous_identity,,"{""ambiguity_reasons"": [""unproven_treatment""], ""external_provenance"": [], ""scryfall_cardmarket_id"": 738004, ""stored_ids"": [738004], ""validated_stored_ids"": [738004]}",,,,
13749,magic,Forge Anew,760,ltr,The Lord of the Rings: Tales of Middle-earth,en,Surge Foil,rare,foil,Surge Foil,198,scryfall_oracle:4df579df-fdbb-418a-af2d-709e140ee569,,,59358af2-98b7-490b-b84f-1ddd3a5cb387,738005,,738005,Forge Anew,5489,The Lord of the Rings: Tales of Middle-earth,,,mixed/unknown,3.5,0,,,,3.5,4.29,3.49,3.84,4.06,Foil Low,,EUR,EUR,,,,,"{""mapped_product_ids"": []}",AMBIGUOUS,Cardmarket bulk data does not prove finish/treatment,false,false,false,,,,,,,,NO_COMPARISON,,,,NO_COMPARISON,ambiguous_identity,,"{""ambiguity_reasons"": [""unproven_treatment""], ""external_provenance"": [], ""scryfall_cardmarket_id"": 738005, ""stored_ids"": [738005], ""validated_stored_ids"": [738005]}",,,,
13750,magic,Borne Upon a Wind,761,ltr,The Lord of the Rings: Tales of Middle-earth,en,Surge Foil,rare,foil,Surge Foil,530,scryfall_oracle:ce19962d-94f9-4b2b-b668-963c0acce308,,,cfc8001f-25ac-41c4-9cdf-1bc0d1959808,738006,,738006,Borne Upon a Wind,5489,The Lord of the Rings: Tales of Middle-earth,,,mixed/unknown,4,0,,,,4,6.22,7,6.04,5.75,Foil Low,,EUR,EUR,,,,,"{""mapped_product_ids"": []}",AMBIGUOUS,Cardmarket bulk data does not prove finish/treatment,false,false,false,,,,,,,,NO_COMPARISON,,,,NO_COMPARISON,ambiguous_identity,,"{""ambiguity_reasons"": [""unproven_treatment""], ""external_provenance"": [], ""scryfall_cardmarket_id"": 738006, ""stored_ids"": [738006], ""validated_stored_ids"": [738006]}",,,,
13751,magic,"Goldberry, River-Daughter",762,ltr,The Lord of the Rings: Tales of Middle-earth,en,Surge Foil,rare,foil,Surge Foil,634,scryfall_oracle:fca3545a-2956-49f9-8465-1c8937deb294,,,fea87454-1659-4b7d-a47f-0a692ac8eefb,738007,,738007,"Goldberry, River-Daughter",5489,The Lord of the Rings: Tales of Middle-earth,,,mixed/unknown,0.85,0,,,,0.85,2.27,1.3,2.1,1.79,Foil Low,,EUR,EUR,,,,,"{""mapped_product_ids"": []}",AMBIGUOUS,Cardmarket bulk data does not prove finish/treatment,false,false,false,,,,,,,,NO_COMPARISON,,,,NO_COMPARISON,ambiguous_identity,,"{""ambiguity_reasons"": [""unproven_treatment""], ""external_provenance"": [], ""scryfall_cardmarket_id"": 738007, ""stored_ids"": [738007], ""validated_stored_ids"": [738007]}",,,,
13752,magic,Press the Enemy,763,ltr,The Lord of the Rings: Tales of Middle-earth,en,Surge Foil,rare,foil,Surge Foil,126,scryfall_oracle:347a3622-4425-4ba4-821d-ef3d00beb058,,,e7814651-0542-4c64-a034-404fe40c8f29,738008,,738008,Press the Enemy,5489,The Lord of the Rings: Tales of Middle-earth,,,mixed/unknown,0.4,0,,,,0.4,0.92,0.92,0.91,0.99,Foil Low,,EUR,EUR,,,,,"{""mapped_product_ids"": []}",AMBIGUOUS,Cardmarket bulk data does not prove finish/treatment,false,false,false,,,,,,,,NO_COMPARISON,,,,NO_COMPARISON,ambiguous_identity,,"{""ambiguity_reasons"": [""unproven_treatment""], ""external_provenance"": [], ""scryfall_cardmarket_id"": 738008, ""stored_ids"": [738008], ""validated_stored_ids"": [738008]}",,,,
13753,magic,Rangers of Ithilien,764,ltr,The Lord of the Rings: Tales of Middle-earth,en,Surge Foil,rare,foil,Surge Foil,195,scryfall_oracle:4d5fd9f0-ecb3-4b91-ae55-f02336d7cf37,,,9039d3ce-0e5c-4fca-8c84-acf19971436d,738009,,738009,Rangers of Ithilien,5489,The Lord of the Rings: Tales of Middle-earth,,,mixed/unknown,0.05,0,,,,0.05,0.41,0.35,0.37,0.37,Foil Low,,EUR,EUR,,,,,"{""mapped_product_ids"": []}",AMBIGUOUS,Cardmarket bulk data does not prove finish/treatment,false,false,false,,,,,,,,NO_COMPARISON,,,,NO_COMPARISON,ambiguous_identity,,"{""ambiguity_reasons"": [""unproven_treatment""], ""external_provenance"": [], ""scryfall_cardmarket_id"": 738009, ""stored_ids"": [738009], ""validated_stored_ids"": [738009]}",,,,
13754,magic,The Watcher in the Water,765,ltr,The Lord of the Rings: Tales of Middle-earth,en,Surge Foil,mythic,foil,Surge Foil,433,scryfall_oracle:a9ddb3dc-f289-46a1-af17-3a8523a26b0d,,,951527ef-0561-43b6-8293-4f74dd3f157c,738010,,738010,The Watcher in the Water,5489,The Lord of the Rings: Tales of Middle-earth,,,mixed/unknown,3,0,,,,3,4.37,3.15,4.17,3.88,Foil Low,,EUR,EUR,,,,,"{""mapped_product_ids"": []}",AMBIGUOUS,Cardmarket bulk data does not prove finish/treatment,false,false,false,,,,,,,,NO_COMPARISON,,,,NO_COMPARISON,ambiguous_identity,,"{""ambiguity_reasons"": [""unproven_treatment""], ""external_provenance"": [], ""scryfall_cardmarket_id"": 738010, ""stored_ids"": [738010], ""validated_stored_ids"": [738010]}",,,,
13755,magic,Call of the Ring,766,ltr,The Lord of the Rings: Tales of Middle-earth,en,Surge Foil,rare,foil,Surge Foil,409,scryfall_oracle:9fcb920c-b8d7-4a79-a335-f63050182cca,,,80922e7e-e111-4222-bb44-386c1b8b4db9,738011,,738011,Call of the Ring,5489,The Lord of the Rings: Tales of Middle-earth,,,mixed/unknown,4,0,,,,4,7.9,8.65,7.64,6.68,Foil Low,,EUR,EUR,,,,,"{""mapped_product_ids"": []}",AMBIGUOUS,Cardmarket bulk data does not prove finish/treatment,false,false,false,,,,,,,,NO_COMPARISON,,,,NO_COMPARISON,ambiguous_identity,,"{""ambiguity_reasons"": [""unproven_treatment""], ""external_provenance"": [], ""scryfall_cardmarket_id"": 738011, ""stored_ids"": [738011], ""validated_stored_ids"": [738011]}",,,,
13756,magic,Isildur's Fateful Strike,767,ltr,The Lord of the Rings: Tales of Middle-earth,en,Surge Foil,rare,foil,Surge Foil,420,scryfall_oracle:a43e98d1-684a-4198-bc7e-877b9f6d5357,,,d4f84040-6879-4da4-b46d-f5d32088b8c2,738012,,738012,Isildur's Fateful Strike,5489,The Lord of the Rings: Tales of Middle-earth,,,mixed/unknown,0.12,0,,,,0.12,0.55,1,0.44,0.53,Foil Low,,EUR,EUR,,,,,"{""mapped_product_ids"": []}",AMBIGUOUS,Cardmarket bulk data does not prove finish/treatment,false,false,false,,,,,,,,NO_COMPARISON,,,,NO_COMPARISON,ambiguous_identity,,"{""ambiguity_reasons"": [""unproven_treatment""], ""external_provenance"": [], ""scryfall_cardmarket_id"": 738012, ""stored_ids"": [738012], ""validated_stored_ids"": [738012]}",,,,
13757,magic,Lobelia Sackville-Baggins,768,ltr,The Lord of the Rings: Tales of Middle-earth,en,Surge Foil,rare,foil,Surge Foil,66,scryfall_oracle:19f5a25a-97fc-41e6-bb26-7c35f4b4e37c,,,c6ee59c0-6e62-4f41-a27d-a54d25df1e32,738013,,738013,Lobelia Sackville-Baggins,5489,The Lord of the Rings: Tales of Middle-earth,,,mixed/unknown,0.18,0,,,,0.18,0.62,0.4,0.7,0.59,Foil Low,,EUR,EUR,,,,,"{""mapped_product_ids"": []}",AMBIGUOUS,Cardmarket bulk data does not prove finish/treatment,false,false,false,,,,,,,,NO_COMPARISON,,,,NO_COMPARISON,ambiguous_identity,,"{""ambiguity_reasons"": [""unproven_treatment""], ""external_provenance"": [], ""scryfall_cardmarket_id"": 738013, ""stored_ids"": [738013], ""validated_stored_ids"": [738013]}",,,,
13758,magic,Display of Power,769,ltr,The Lord of the Rings: Tales of Middle-earth,en,Surge Foil,rare,foil,Surge Foil,387,scryfall_oracle:99140891-face-4015-aacd-1309e87d8f9f,,,5cffc8fa-9341-4100-9f8e-ec982b29367d,738014,,738014,Display of Power,5489,The Lord of the Rings: Tales of Middle-earth,,,mixed/unknown,0.2,0,,,,0.2,0.81,0.5,0.72,0.65,Foil Low,,EUR,EUR,,,,,"{""mapped_product_ids"": []}",AMBIGUOUS,Cardmarket bulk data does not prove finish/treatment,false,false,false,,,,,,,,NO_COMPARISON,,,,NO_COMPARISON,ambiguous_identity,,"{""ambiguity_reasons"": [""unproven_treatment""], ""external_provenance"": [], ""scryfall_cardmarket_id"": 738014, ""stored_ids"": [738014], ""validated_stored_ids"": [738014]}",,,,
13759,magic,Fall of Cair Andros,770,ltr,The Lord of the Rings: Tales of Middle-earth,en,Surge Foil,rare,foil,Surge Foil,124,scryfall_oracle:33c0a8c0-d1d9-4b03-869d-65dab8ace3df,,,4dcfd032-ab7f-48e1-a02a-7611aa7354e1,738015,,738015,Fall of Cair Andros,5489,The Lord of the Rings: Tales of Middle-earth,,,mixed/unknown,0.2,0,,,,0.2,0.61,0.49,0.66,0.53,Foil Low,,EUR,EUR,,,,,"{""mapped_product_ids"": []}",AMBIGUOUS,Cardmarket bulk data does not prove finish/treatment,false,false,false,,,,,,,,NO_COMPARISON,,,,NO_COMPARISON,ambiguous_identity,,"{""ambiguity_reasons"": [""unproven_treatment""], ""external_provenance"": [], ""scryfall_cardmarket_id"": 738015, ""stored_ids"": [738015], ""validated_stored_ids"": [738015]}",,,,
13760,magic,"Glóin, Dwarf Emissary",771,ltr,The Lord of the Rings: Tales of Middle-earth,en,Surge Foil,rare,foil,Surge Foil,103,scryfall_oracle:29375a7a-af4e-46aa-8d1c-e8d22d3c0ea7,,,fc66083f-1ddf-4045-b58e-a505e24dbbc9,738016,,738016,"Glóin, Dwarf Emissary",5489,The Lord of the Rings: Tales of Middle-earth,,,mixed/unknown,1.77,1,1,1,1,1.77,4.2,3.67,2.04,1.7,Foil Low,,EUR,EUR,,,,,"{""mapped_product_ids"": []}",AMBIGUOUS,Cardmarket bulk data does not prove finish/treatment,false,false,false,,,,,,,,NO_COMPARISON,,,,NO_COMPARISON,ambiguous_identity,,"{""ambiguity_reasons"": [""unproven_treatment""], ""external_provenance"": [], ""scryfall_cardmarket_id"": 738016, ""stored_ids"": [738016], ""validated_stored_ids"": [738016]}",,,,
13761,magic,Hew the Entwood,772,ltr,The Lord of the Rings: Tales of Middle-earth,en,Surge Foil,mythic,foil,Surge Foil,337,scryfall_oracle:8818bbf8-58ec-4070-a81a-c7ce248057ab,,,e4cc0a7c-126a-4ee3-8ab4-dd29d972e376,738017,,738017,Hew the Entwood,5489,The Lord of the Rings: Tales of Middle-earth,,,mixed/unknown,0.6,0,,,,0.6,1.18,2,1.26,1.28,Foil Low,,EUR,EUR,,,,,"{""mapped_product_ids"": []}",AMBIGUOUS,Cardmarket bulk data does not prove finish/treatment,false,false,false,,,,,,,,NO_COMPARISON,,,,NO_COMPARISON,ambiguous_identity,,"{""ambiguity_reasons"": [""unproven_treatment""], ""external_provenance"": [], ""scryfall_cardmarket_id"": 738017, ""stored_ids"": [738017], ""validated_stored_ids"": [738017]}",,,,
13762,magic,Moria Marauder,773,ltr,The Lord of the Rings: Tales of Middle-earth,en,Surge Foil,rare,foil,Surge Foil,404,scryfall_oracle:9f0027e3-815b-4965-9ef4-3c4814c62cf3,,,b8454222-4e7a-4a71-a284-b967ce3edfa8,738018,,738018,Moria Marauder,5489,The Lord of the Rings: Tales of Middle-earth,,,mixed/unknown,0.25,0,,,,0.25,0.92,0.86,0.91,0.91,Foil Low,,EUR,EUR,,,,,"{""mapped_product_ids"": []}",AMBIGUOUS,Cardmarket bulk data does not prove finish/treatment,false,false,false,,,,,,,,NO_COMPARISON,,,,NO_COMPARISON,ambiguous_identity,,"{""ambiguity_reasons"": [""unproven_treatment""], ""external_provenance"": [], ""scryfall_cardmarket_id"": 738018, ""stored_ids"": [738018], ""validated_stored_ids"": [738018]}",,,,
13763,magic,Delighted Halfling,774,ltr,The Lord of the Rings: Tales of Middle-earth,en,Surge Foil,rare,foil,Surge Foil,628,scryfall_oracle:f9d3b046-0b95-4103-a630-4b3fb88bb60b,,,a8a8eee9-5faf-4bc8-8f4f-bb7e6090c588,738019,,738019,Delighted Halfling,5489,The Lord of the Rings: Tales of Middle-earth,,,mixed/unknown,22,0,,,,22,26.73,26.75,25.28,25.54,Foil Low,,EUR,EUR,,,,,"{""mapped_product_ids"": []}",AMBIGUOUS,Cardmarket bulk data does not prove finish/treatment,false,false,false,,,,,,,,NO_COMPARISON,,,,NO_COMPARISON,ambiguous_identity,,"{""ambiguity_reasons"": [""unproven_treatment""], ""external_provenance"": [], ""scryfall_cardmarket_id"": 738019, ""stored_ids"": [738019], ""validated_stored_ids"": [738019]}",,,,
13764,magic,Elven Chorus,775,ltr,The Lord of the Rings: Tales of Middle-earth,en,Surge Foil,rare,foil,Surge Foil,194,scryfall_oracle:4d5df2d9-06bf-4bec-9be0-dabe75a858fb,,,1925eb26-37f9-4259-a039-bda48b93ee13,738020,,738020,Elven Chorus,5489,The Lord of the Rings: Tales of Middle-earth,,,mixed/unknown,2.49,0,,,,2.49,4.05,4.76,4.14,4.35,Foil Low,,EUR,EUR,,,,,"{""mapped_product_ids"": []}",AMBIGUOUS,Cardmarket bulk data does not prove finish/treatment,false,false,false,,,,,,,,NO_COMPARISON,,,,NO_COMPARISON,ambiguous_identity,,"{""ambiguity_reasons"": [""unproven_treatment""], ""external_provenance"": [], ""scryfall_cardmarket_id"": 738020, ""stored_ids"": [738020], ""validated_stored_ids"": [738020]}",,,,
13765,magic,Radagast the Brown,776,ltr,The Lord of the Rings: Tales of Middle-earth,en,Surge Foil,mythic,foil,Surge Foil,569,scryfall_oracle:dfa47d0d-17f0-4a12-89d3-0d3c7f3db8c6,,,b25570da-a242-4447-9722-20a8bed9c796,738021,,738021,Radagast the Brown,5489,The Lord of the Rings: Tales of Middle-earth,,,mixed/unknown,2,0,,,,2,3.09,3.98,3.14,2.91,Foil Low,,EUR,EUR,,,,,"{""mapped_product_ids"": []}",AMBIGUOUS,Cardmarket bulk data does not prove finish/treatment,false,false,false,,,,,,,,NO_COMPARISON,,,,NO_COMPARISON,ambiguous_identity,,"{""ambiguity_reasons"": [""unproven_treatment""], ""external_provenance"": [], ""scryfall_cardmarket_id"": 738021, ""stored_ids"": [738021], ""validated_stored_ids"": [738021]}",,,,
13766,magic,The Ring Goes South,777,ltr,The Lord of the Rings: Tales of Middle-earth,en,Surge Foil,rare,foil,Surge Foil,151,scryfall_oracle:3d36f0ab-d333-4a08-ad1b-5b7e1ddb647c,,,c7efd07d-98d5-4e92-86dd-1eb4e60183d6,738022,,738022,The Ring Goes South,5489,The Lord of the Rings: Tales of Middle-earth,,,mixed/unknown,0.25,0,,,,0.25,0.82,0.49,1.01,0.75,Foil Low,,EUR,EUR,,,,,"{""mapped_product_ids"": []}",AMBIGUOUS,Cardmarket bulk data does not prove finish/treatment,false,false,false,,,,,,,,NO_COMPARISON,,,,NO_COMPARISON,ambiguous_identity,,"{""ambiguity_reasons"": [""unproven_treatment""], ""external_provenance"": [], ""scryfall_cardmarket_id"": 738022, ""stored_ids"": [738022], ""validated_stored_ids"": [738022]}",,,,
13767,magic,"Arwen, Mortal Queen",778,ltr,The Lord of the Rings: Tales of Middle-earth,en,Surge Foil,mythic,foil,Surge Foil,376,scryfall_oracle:9519a4ea-c4a0-4127-b06a-aac9ffaf7a32,,,6c3c2c66-a5b0-4fee-aa59-6ec24969b7c2,738023,,738023,"Arwen, Mortal Queen",5489,The Lord of the Rings: Tales of Middle-earth,,,mixed/unknown,10,0,,,,10,10.59,11.98,11.68,11.39,Foil Low,,EUR,EUR,,,,,"{""mapped_product_ids"": []}",AMBIGUOUS,Cardmarket bulk data does not prove finish/treatment,false,false,false,,,,,,,,NO_COMPARISON,,,,NO_COMPARISON,ambiguous_identity,,"{""ambiguity_reasons"": [""unproven_treatment""], ""external_provenance"": [], ""scryfall_cardmarket_id"": 738023, ""stored_ids"": [738023], ""validated_stored_ids"": [738023]}",,,,
13768,magic,Doors of Durin,779,ltr,The Lord of the Rings: Tales of Middle-earth,en,Surge Foil,rare,foil,Surge Foil,554,scryfall_oracle:d82c77a1-2b81-415d-9f18-47e059c15e01,,,ec674497-2793-48f1-b7fd-6bbde96bda10,738024,,738024,Doors of Durin,5489,The Lord of the Rings: Tales of Middle-earth,,,mixed/unknown,0.25,0,,,,0.25,0.97,0.8,0.83,0.81,Foil Low,,EUR,EUR,,,,,"{""mapped_product_ids"": []}",AMBIGUOUS,Cardmarket bulk data does not prove finish/treatment,false,false,false,,,,,,,,NO_COMPARISON,,,,NO_COMPARISON,ambiguous_identity,,"{""ambiguity_reasons"": [""unproven_treatment""], ""external_provenance"": [], ""scryfall_cardmarket_id"": 738024, ""stored_ids"": [738024], ""validated_stored_ids"": [738024]}",,,,
13769,magic,King of the Oathbreakers,780,ltr,The Lord of the Rings: Tales of Middle-earth,en,Surge Foil,rare,foil,Surge Foil,155,scryfall_oracle:3ee451e7-2b2f-4ce7-af96-540bba555c60,,,7bb35e78-97cc-4300-9da9-797eeef9491e,738025,,738025,King of the Oathbreakers,5489,The Lord of the Rings: Tales of Middle-earth,,,mixed/unknown,0.2,0,,,,0.2,0.8,1,0.71,0.7,Foil Low,,EUR,EUR,,,,,"{""mapped_product_ids"": []}",AMBIGUOUS,Cardmarket bulk data does not prove finish/treatment,false,false,false,,,,,,,,NO_COMPARISON,,,,NO_COMPARISON,ambiguous_identity,,"{""ambiguity_reasons"": [""unproven_treatment""], ""external_provenance"": [], ""scryfall_cardmarket_id"": 738025, ""stored_ids"": [738025], ""validated_stored_ids"": [738025]}",,,,
13770,magic,"Lotho, Corrupt Shirriff",781,ltr,The Lord of the Rings: Tales of Middle-earth,en,Surge Foil,rare,foil,Surge Foil,46,scryfall_oracle:135cc078-1c45-465e-b0b9-7168c89f56f4,,,b1634891-9113-4679-ad30-afc2c4e31d80,738027,,738027,"Lotho, Corrupt Shirriff",5489,The Lord of the Rings: Tales of Middle-earth,,,mixed/unknown,12.95,0,,,,12.99,14.65,14.76,13.45,13.48,Foil Low,,EUR,EUR,,,,,"{""mapped_product_ids"": []}",AMBIGUOUS,Cardmarket bulk data does not prove finish/treatment,false,false,false,,,,,,,,NO_COMPARISON,,,,NO_COMPARISON,ambiguous_identity,,"{""ambiguity_reasons"": [""unproven_treatment""], ""external_provenance"": [], ""scryfall_cardmarket_id"": 738027, ""stored_ids"": [738027], ""validated_stored_ids"": [738027]}",,,,
13771,magic,Sauron's Ransom,782,ltr,The Lord of the Rings: Tales of Middle-earth,en,Surge Foil,rare,foil,Surge Foil,636,scryfall_oracle:fe04a81b-413c-4bc8-bb83-29978da9a43d,,,f54983a1-64df-4dab-b9d7-5bd8e5a8d4f6,738028,,738028,Sauron's Ransom,5489,The Lord of the Rings: Tales of Middle-earth,,,mixed/unknown,0.79,0,,,,0.79,1.59,1.2,1.7,1.64,Foil Low,,EUR,EUR,,,,,"{""mapped_product_ids"": []}",AMBIGUOUS,Cardmarket bulk data does not prove finish/treatment,false,false,false,,,,,,,,NO_COMPARISON,,,,NO_COMPARISON,ambiguous_identity,,"{""ambiguity_reasons"": [""unproven_treatment""], ""external_provenance"": [], ""scryfall_cardmarket_id"": 738028, ""stored_ids"": [738028], ""validated_stored_ids"": [738028]}",,,,
13772,magic,"Shagrat, Loot Bearer",783,ltr,The Lord of the Rings: Tales of Middle-earth,en,Surge Foil,rare,foil,Surge Foil,88,scryfall_oracle:23db92aa-d4db-49e3-a5bc-7b120e02822f,,,b1428f74-cde4-47d7-9dd6-788fe117645e,738029,,738029,"Shagrat, Loot Bearer",5489,The Lord of the Rings: Tales of Middle-earth,,,mixed/unknown,0.1,0,,,,0.1,0.52,0.19,0.5,0.52,Foil Low,,EUR,EUR,,,,,"{""mapped_product_ids"": []}",AMBIGUOUS,Cardmarket bulk data does not prove finish/treatment,false,false,false,,,,,,,,NO_COMPARISON,,,,NO_COMPARISON,ambiguous_identity,,"{""ambiguity_reasons"": [""unproven_treatment""], ""external_provenance"": [], ""scryfall_cardmarket_id"": 738029, ""stored_ids"": [738029], ""validated_stored_ids"": [738029]}",,,,
13773,magic,"Sharkey, Tyrant of the Shire",784,ltr,The Lord of the Rings: Tales of Middle-earth,en,Surge Foil,rare,foil,Surge Foil,375,scryfall_oracle:93a476c0-c77e-43b0-8695-ada40368a002,,,0fcc344c-97d1-44ef-b602-75bacb17e4ad,738030,,738030,"Sharkey, Tyrant of the Shire",5489,The Lord of the Rings: Tales of Middle-earth,,,mixed/unknown,0.15,0,,,,0.15,0.36,0.1,0.33,0.32,Foil Low,,EUR,EUR,,,,,"{""mapped_product_ids"": []}",AMBIGUOUS,Cardmarket bulk data does not prove finish/treatment,false,false,false,,,,,,,,NO_COMPARISON,,,,NO_COMPARISON,ambiguous_identity,,"{""ambiguity_reasons"": [""unproven_treatment""], ""external_provenance"": [], ""scryfall_cardmarket_id"": 738030, ""stored_ids"": [738030], ""validated_stored_ids"": [738030]}",,,,
13774,magic,"Shelob, Child of Ungoliant",785,ltr,The Lord of the Rings: Tales of Middle-earth,en,Surge Foil,rare,foil,Surge Foil,324,scryfall_oracle:8372115d-c963-4a41-8759-72f7f6a8935a,,,8d2138bd-da85-46af-8f22-fe8b737f6080,738031,,738031,"Shelob, Child of Ungoliant",5489,The Lord of the Rings: Tales of Middle-earth,,,mixed/unknown,2.5,0,,,,2.5,3.67,3.96,3.79,3.84,Foil Low,,EUR,EUR,,,,,"{""mapped_product_ids"": []}",AMBIGUOUS,Cardmarket bulk data does not prove finish/treatment,false,false,false,,,,,,,,NO_COMPARISON,,,,NO_COMPARISON,ambiguous_identity,,"{""ambiguity_reasons"": [""unproven_treatment""], ""external_provenance"": [], ""scryfall_cardmarket_id"": 738031, ""stored_ids"": [738031], ""validated_stored_ids"": [738031]}",,,,
13775,magic,"Andúril, Flame of the West",786,ltr,The Lord of the Rings: Tales of Middle-earth,en,Surge Foil,mythic,foil,Surge Foil,580,scryfall_oracle:e6521404-8474-4727-b2d0-537d15d8a63f,,,7ebd275e-f097-448c-aba3-eab8ee8c9a8c,738032,,738032,"Andúril, Flame of the West",5489,The Lord of the Rings: Tales of Middle-earth,,,mixed/unknown,3.98,0,,,,3.98,4.84,5.48,4.4,5.14,Foil Low,,EUR,EUR,,,,,"{""mapped_product_ids"": []}",AMBIGUOUS,Cardmarket bulk data does not prove finish/treatment,false,false,false,,,,,,,,NO_COMPARISON,,,,NO_COMPARISON,ambiguous_identity,,"{""ambiguity_reasons"": [""unproven_treatment""], ""external_provenance"": [], ""scryfall_cardmarket_id"": 738032, ""stored_ids"": [738032], ""validated_stored_ids"": [738032]}",,,,
13776,magic,Glamdring,787,ltr,The Lord of the Rings: Tales of Middle-earth,en,Surge Foil,mythic,foil,Surge Foil,204,scryfall_oracle:52826984-44cb-48dc-a737-bb02983ffea8,,,8c30e7a3-836a-4239-84dc-bc000ad22afd,738033,,738033,Glamdring,5489,The Lord of the Rings: Tales of Middle-earth,,,mixed/unknown,2.24,0,,,,2.24,3.1,3.05,2.74,2.86,Foil Low,,EUR,EUR,,,,,"{""mapped_product_ids"": []}",AMBIGUOUS,Cardmarket bulk data does not prove finish/treatment,false,false,false,,,,,,,,NO_COMPARISON,,,,NO_COMPARISON,ambiguous_identity,,"{""ambiguity_reasons"": [""unproven_treatment""], ""external_provenance"": [], ""scryfall_cardmarket_id"": 738033, ""stored_ids"": [738033], ""validated_stored_ids"": [738033]}",,,,
13777,magic,Horn of Gondor,788,ltr,The Lord of the Rings: Tales of Middle-earth,en,Surge Foil,rare,foil,Surge Foil,339,scryfall_oracle:88777fc0-286d-47fc-8e94-1e289b4964c4,,,7565ff54-15be-4365-826a-2fcbd40f2ee9,738034,,738034,Horn of Gondor,5489,The Lord of the Rings: Tales of Middle-earth,,,mixed/unknown,1,0,,,,1,2.28,1.97,2.14,2.07,Foil Low,,EUR,EUR,,,,,"{""mapped_product_ids"": []}",AMBIGUOUS,Cardmarket bulk data does not prove finish/treatment,false,false,false,,,,,,,,NO_COMPARISON,,,,NO_COMPARISON,ambiguous_identity,,"{""ambiguity_reasons"": [""unproven_treatment""], ""external_provenance"": [], ""scryfall_cardmarket_id"": 738034, ""stored_ids"": [738034], ""validated_stored_ids"": [738034]}",,,,
13778,magic,Horn of the Mark,789,ltr,The Lord of the Rings: Tales of Middle-earth,en,Surge Foil,rare,foil,Surge Foil,397,scryfall_oracle:9b836c32-84f0-41ae-b7d9-67b92c743c60,,,1bdf5870-f047-4c55-a43f-c61257a00239,738035,,738035,Horn of the Mark,5489,The Lord of the Rings: Tales of Middle-earth,,,mixed/unknown,0.2,0,,,,0.2,1.15,0.5,1.05,0.96,Foil Low,,EUR,EUR,,,,,"{""mapped_product_ids"": []}",AMBIGUOUS,Cardmarket bulk data does not prove finish/treatment,false,false,false,,,,,,,,NO_COMPARISON,,,,NO_COMPARISON,ambiguous_identity,,"{""ambiguity_reasons"": [""unproven_treatment""], ""external_provenance"": [], ""scryfall_cardmarket_id"": 738035, ""stored_ids"": [738035], ""validated_stored_ids"": [738035]}",,,,
13779,magic,Mithril Coat,790,ltr,The Lord of the Rings: Tales of Middle-earth,en,Surge Foil,rare,foil,Surge Foil,153,scryfall_oracle:3dc364f3-3094-4660-80ca-9418588c7fde,,,8320567a-6e8a-48a4-909c-f226c1ab4bc9,738036,,738036,Mithril Coat,5489,The Lord of the Rings: Tales of Middle-earth,,,mixed/unknown,17.5,0,,,,17.5,22.04,20.96,20.73,20.91,Foil Low,,EUR,EUR,,,,,"{""mapped_product_ids"": []}",AMBIGUOUS,Cardmarket bulk data does not prove finish/treatment,false,false,false,,,,,,,,NO_COMPARISON,,,,NO_COMPARISON,ambiguous_identity,,"{""ambiguity_reasons"": [""unproven_treatment""], ""external_provenance"": [], ""scryfall_cardmarket_id"": 738036, ""stored_ids"": [738036], ""validated_stored_ids"": [738036]}",,,,
13780,magic,The One Ring,791,ltr,The Lord of the Rings: Tales of Middle-earth,en,Surge Foil,mythic,foil,Surge Foil,140,scryfall_oracle:3aa83ed2-f48b-4ce6-a614-2c54ddf50538,,,6e817a37-235f-46fd-b857-9003b2264d10,738037,,738037,The One Ring,5489,The Lord of the Rings: Tales of Middle-earth,,,mixed/unknown,195.95,0,,,,195.95,211.99,220,203.89,188.11,Foil Low,,EUR,EUR,,,,,"{""mapped_product_ids"": []}",AMBIGUOUS,Cardmarket bulk data does not prove finish/treatment,false,false,false,,,,,,,,NO_COMPARISON,,,,NO_COMPARISON,ambiguous_identity,,"{""ambiguity_reasons"": [""unproven_treatment""], ""external_provenance"": [], ""scryfall_cardmarket_id"": 738037, ""stored_ids"": [738037], ""validated_stored_ids"": [738037]}",,,,
13781,magic,Palantír of Orthanc,792,ltr,The Lord of the Rings: Tales of Middle-earth,en,Surge Foil,mythic,foil,Surge Foil,296,scryfall_oracle:7798a4d9-1c1d-48e6-b9a2-ecd6aec1efa7,,,86dd6b0e-88f6-4990-a64c-2c12da6d1d7b,738038,,738038,Palantír of Orthanc,5489,The Lord of the Rings: Tales of Middle-earth,,,mixed/unknown,28.5,0,,,,28.5,31.76,32.99,32.55,30.63,Foil Low,,EUR,EUR,,,,,"{""mapped_product_ids"": []}",AMBIGUOUS,Cardmarket bulk data does not prove finish/treatment,false,false,false,,,,,,,,NO_COMPARISON,,,,NO_COMPARISON,ambiguous_identity,,"{""ambiguity_reasons"": [""unproven_treatment""], ""external_provenance"": [], ""scryfall_cardmarket_id"": 738038, ""stored_ids"": [738038], ""validated_stored_ids"": [738038]}",,,,
13782,magic,Phial of Galadriel,793,ltr,The Lord of the Rings: Tales of Middle-earth,en,Surge Foil,rare,foil,Surge Foil,23,scryfall_oracle:08f17ebc-c0fd-493f-84b3-e9250694543e,,,d20aabf4-5409-4228-956c-ab764afd45a8,738039,,738039,Phial of Galadriel,5489,The Lord of the Rings: Tales of Middle-earth,,,mixed/unknown,0.1,0,,,,0.1,1.26,1.7,1.2,1.1,Foil Low,,EUR,EUR,,,,,"{""mapped_product_ids"": []}",AMBIGUOUS,Cardmarket bulk data does not prove finish/treatment,false,false,false,,,,,,,,NO_COMPARISON,,,,NO_COMPARISON,ambiguous_identity,,"{""ambiguity_reasons"": [""unproven_treatment""], ""external_provenance"": [], ""scryfall_cardmarket_id"": 738039, ""stored_ids"": [738039], ""validated_stored_ids"": [738039]}",,,,
13783,magic,"Boromir, Warden of the Tower",794,ltr,The Lord of the Rings: Tales of Middle-earth,en,Surge Foil,rare,foil,Surge Foil,547,scryfall_oracle:d72b57e5-1c6e-4f02-968f-7e2dd24f0d3c,,,554110e1-dcf1-4656-bec0-084e501ce71e,736843,,736843,"Boromir, Warden of the Tower",5489,The Lord of the Rings: Tales of Middle-earth,,,mixed/unknown,15,0,,,,15,17.1,14,17,14.43,Foil Low,,EUR,EUR,,,,,"{""mapped_product_ids"": []}",AMBIGUOUS,Cardmarket bulk data does not prove finish/treatment,false,false,false,,,,,,,,NO_COMPARISON,,,,NO_COMPARISON,ambiguous_identity,,"{""ambiguity_reasons"": [""unproven_treatment""], ""external_provenance"": [], ""scryfall_cardmarket_id"": 736843, ""stored_ids"": [736843], ""validated_stored_ids"": [736843]}",,,,
13784,magic,"Faramir, Field Commander",795,ltr,The Lord of the Rings: Tales of Middle-earth,en,Surge Foil,uncommon,foil,Surge Foil,444,scryfall_oracle:adeed5e8-9019-4740-83ea-67dcd754e194,,,49dcf2f3-328e-42ba-b274-7ed041e57723,736844,,736844,"Faramir, Field Commander",5489,The Lord of the Rings: Tales of Middle-earth,,,mixed/unknown,0.04,0,,,,0.04,0.35,0.3,0.36,0.36,Foil Low,,EUR,EUR,,,,,"{""mapped_product_ids"": []}",AMBIGUOUS,Cardmarket bulk data does not prove finish/treatment,false,false,false,,,,,,,,NO_COMPARISON,,,,NO_COMPARISON,ambiguous_identity,,"{""ambiguity_reasons"": [""unproven_treatment""], ""external_provenance"": [], ""scryfall_cardmarket_id"": 736844, ""stored_ids"": [736844], ""validated_stored_ids"": [736844]}",,,,
13785,magic,"Frodo, Sauron's Bane",796,ltr,The Lord of the Rings: Tales of Middle-earth,en,Surge Foil,rare,foil,Surge Foil,353,scryfall_oracle:8be62f5c-0ab2-4869-97a2-d8a69a3fde95,,,2ea1a3a5-5282-4404-8369-e4c8e301871c,736845,,736845,"Frodo, Sauron's Bane",5489,The Lord of the Rings: Tales of Middle-earth,,,mixed/unknown,6.91,0,,,,6.91,8.83,10.99,9.34,7.84,Foil Low,,EUR,EUR,,,,,"{""mapped_product_ids"": []}",AMBIGUOUS,Cardmarket bulk data does not prove finish/treatment,false,false,false,,,,,,,,NO_COMPARISON,,,,NO_COMPARISON,ambiguous_identity,,"{""ambiguity_reasons"": [""unproven_treatment""], ""external_provenance"": [], ""scryfall_cardmarket_id"": 736845, ""stored_ids"": [736845], ""validated_stored_ids"": [736845]}",,,,
13786,magic,Gandalf the White,797,ltr,The Lord of the Rings: Tales of Middle-earth,en,Surge Foil,mythic,foil,Surge Foil,225,scryfall_oracle:5b3b5f6a-375e-4479-9384-a942eda83f9b,,,0195ad80-a105-493f-b468-666899fe35dd,736846,,736846,Gandalf the White,5489,The Lord of the Rings: Tales of Middle-earth,,,mixed/unknown,79.85,0,,,,79.85,69.49,89,66.85,53.49,Foil Low,,EUR,EUR,,,,,"{""mapped_product_ids"": []}",AMBIGUOUS,Cardmarket bulk data does not prove finish/treatment,false,false,false,,,,,,,,NO_COMPARISON,,,,NO_COMPARISON,ambiguous_identity,,"{""ambiguity_reasons"": [""unproven_treatment""], ""external_provenance"": [], ""scryfall_cardmarket_id"": 736846, ""stored_ids"": [736846], ""validated_stored_ids"": [736846]}",,,,
13787,magic,Samwise the Stouthearted,798,ltr,The Lord of the Rings: Tales of Middle-earth,en,Surge Foil,uncommon,foil,Surge Foil,34,scryfall_oracle:0e26b429-0469-474a-818a-2d4696c38a05,,,fbc88c94-adf6-4699-a11e-24ebd16aac0c,736847,,736847,Samwise the Stouthearted,5489,The Lord of the Rings: Tales of Middle-earth,,,mixed/unknown,0.02,0,,,,0.02,0.6,0.49,0.49,0.42,Foil Low,,EUR,EUR,,,,,"{""mapped_product_ids"": []}",AMBIGUOUS,Cardmarket bulk data does not prove finish/treatment,false,false,false,,,,,,,,NO_COMPARISON,,,,NO_COMPARISON,ambiguous_identity,,"{""ambiguity_reasons"": [""unproven_treatment""], ""external_provenance"": [], ""scryfall_cardmarket_id"": 736847, ""stored_ids"": [736847], ""validated_stored_ids"": [736847]}",,,,
13788,magic,"Elrond, Lord of Rivendell",799,ltr,The Lord of the Rings: Tales of Middle-earth,en,Surge Foil,uncommon,foil,Surge Foil,24,scryfall_oracle:099ae8f2-5c84-43ab-aaa1-ea69f2bba784,,,e3bb16a8-b248-4ad5-ba45-1ed499ca1411,736848,,736848,"Elrond, Lord of Rivendell",5489,The Lord of the Rings: Tales of Middle-earth,,,mixed/unknown,0.08,0,,,,0.08,0.41,0.43,0.43,0.35,Foil Low,,EUR,EUR,,,,,"{""mapped_product_ids"": []}",AMBIGUOUS,Cardmarket bulk data does not prove finish/treatment,false,false,false,,,,,,,,NO_COMPARISON,,,,NO_COMPARISON,ambiguous_identity,,"{""ambiguity_reasons"": [""unproven_treatment""], ""external_provenance"": [], ""scryfall_cardmarket_id"": 736848, ""stored_ids"": [736848], ""validated_stored_ids"": [736848]}",,,,
13789,magic,"Gandalf, Friend of the Shire",800,ltr,The Lord of the Rings: Tales of Middle-earth,en,Surge Foil,uncommon,foil,Surge Foil,317,scryfall_oracle:7f7c917b-f940-4f43-bafa-31f50a6d9d6f,,,98023ab4-50f4-4789-a632-162ef8270871,736849,,736849,"Gandalf, Friend of the Shire",5489,The Lord of the Rings: Tales of Middle-earth,,,mixed/unknown,0.04,0,,,,0.04,0.39,0.29,0.46,0.38,Foil Low,,EUR,EUR,,,,,"{""mapped_product_ids"": []}",AMBIGUOUS,Cardmarket bulk data does not prove finish/treatment,false,false,false,,,,,,,,NO_COMPARISON,,,,NO_COMPARISON,ambiguous_identity,,"{""ambiguity_reasons"": [""unproven_treatment""], ""external_provenance"": [], ""scryfall_cardmarket_id"": 736849, ""stored_ids"": [736849], ""validated_stored_ids"": [736849]}",,,,
13790,magic,"Gollum, Patient Plotter",801,ltr,The Lord of the Rings: Tales of Middle-earth,en,Surge Foil,uncommon,foil,Surge Foil,501,scryfall_oracle:c4545884-35b7-47cf-939e-3d5d3fe555a4,,,94ff9b1d-bbcd-44da-9eba-3dcad13aabaa,736850,,736850,"Gollum, Patient Plotter",5489,The Lord of the Rings: Tales of Middle-earth,,,mixed/unknown,0.15,0,,,,0.15,0.55,0.28,0.5,0.49,Foil Low,,EUR,EUR,,,,,"{""mapped_product_ids"": []}",AMBIGUOUS,Cardmarket bulk data does not prove finish/treatment,false,false,false,,,,,,,,NO_COMPARISON,,,,NO_COMPARISON,ambiguous_identity,,"{""ambiguity_reasons"": [""unproven_treatment""], ""external_provenance"": [], ""scryfall_cardmarket_id"": 736850, ""stored_ids"": [736850], ""validated_stored_ids"": [736850]}",,,,
13791,magic,"Sauron, the Necromancer",802,ltr,The Lord of the Rings: Tales of Middle-earth,en,Surge Foil,rare,foil,Surge Foil,357,scryfall_oracle:8dcd7e2b-75a9-476a-a0a0-798613e8dad6,,,e6550f81-16d2-4e53-af98-1f7231c1491f,737021,,737021,"Sauron, the Necromancer",5489,The Lord of the Rings: Tales of Middle-earth,,,mixed/unknown,8,0,,,,8,9.62,9.9,8.55,8.6,Foil Low,,EUR,EUR,,,,,"{""mapped_product_ids"": []}",AMBIGUOUS,Cardmarket bulk data does not prove finish/treatment,false,false,false,,,,,,,,NO_COMPARISON,,,,NO_COMPARISON,ambiguous_identity,,"{""ambiguity_reasons"": [""unproven_treatment""], ""external_provenance"": [], ""scryfall_cardmarket_id"": 737021, ""stored_ids"": [737021], ""validated_stored_ids"": [737021]}",,,,
13792,magic,Witch-king of Angmar,803,ltr,The Lord of the Rings: Tales of Middle-earth,en,Surge Foil,mythic,foil,Surge Foil,113,scryfall_oracle:2eb1b429-8d11-42f3-8815-5a60b6a4e2d5,,,9a40027c-0d19-4870-ade2-fb9045f6b1eb,737022,,737022,Witch-king of Angmar,5489,The Lord of the Rings: Tales of Middle-earth,,,mixed/unknown,45,0,,,,45,50.91,50,49.87,48.42,Foil Low,,EUR,EUR,,,,,"{""mapped_product_ids"": []}",AMBIGUOUS,Cardmarket bulk data does not prove finish/treatment,false,false,false,,,,,,,,NO_COMPARISON,,,,NO_COMPARISON,ambiguous_identity,,"{""ambiguity_reasons"": [""unproven_treatment""], ""external_provenance"": [], ""scryfall_cardmarket_id"": 737022, ""stored_ids"": [737022], ""validated_stored_ids"": [737022]}",,,,
13793,magic,"Gimli, Counter of Kills",804,ltr,The Lord of the Rings: Tales of Middle-earth,en,Surge Foil,uncommon,foil,Surge Foil,381,scryfall_oracle:96ebcd8b-ae3c-47b0-b895-bfc9848713e5,,,579907d0-3f52-408b-8891-f82eda430c06,737023,,737023,"Gimli, Counter of Kills",5489,The Lord of the Rings: Tales of Middle-earth,,,mixed/unknown,0.1,0.35,0.35,0.35,0.35,0.1,0.23,0.14,0.28,0.29,Foil Low,,EUR,EUR,,,,,"{""mapped_product_ids"": []}",AMBIGUOUS,Cardmarket bulk data does not prove finish/treatment,false,false,false,,,,,,,,NO_COMPARISON,,,,NO_COMPARISON,ambiguous_identity,,"{""ambiguity_reasons"": [""unproven_treatment""], ""external_provenance"": [], ""scryfall_cardmarket_id"": 737023, ""stored_ids"": [737023], ""validated_stored_ids"": [737023]}",,,,
13794,magic,"Legolas, Master Archer",805,ltr,The Lord of the Rings: Tales of Middle-earth,en,Surge Foil,rare,foil,Surge Foil,232,scryfall_oracle:5e99497f-7c73-49ae-88b3-78d5d74ba9ea,,,1beb0e18-9886-4663-8b9a-030e61987357,737024,,737024,"Legolas, Master Archer",5489,The Lord of the Rings: Tales of Middle-earth,,,mixed/unknown,5.24,0,,,,5.24,6.52,3.99,5.64,5.36,Foil Low,,EUR,EUR,,,,,"{""mapped_product_ids"": []}",AMBIGUOUS,Cardmarket bulk data does not prove finish/treatment,false,false,false,,,,,,,,NO_COMPARISON,,,,NO_COMPARISON,ambiguous_identity,,"{""ambiguity_reasons"": [""unproven_treatment""], ""external_provenance"": [], ""scryfall_cardmarket_id"": 737024, ""stored_ids"": [737024], ""validated_stored_ids"": [737024]}",,,,
13795,magic,Meriadoc Brandybuck,806,ltr,The Lord of the Rings: Tales of Middle-earth,en,Surge Foil,uncommon,foil,Surge Foil,637,scryfall_oracle:fec6a4a7-4ded-4062-b99b-c1826dea7113,,,bba5e81d-fcdd-4c26-a83f-3ee48f23ac6f,737025,,737025,Meriadoc Brandybuck,5489,The Lord of the Rings: Tales of Middle-earth,,,mixed/unknown,0.08,0,,,,0.08,0.64,0.08,0.53,0.42,Foil Low,,EUR,EUR,,,,,"{""mapped_product_ids"": []}",AMBIGUOUS,Cardmarket bulk data does not prove finish/treatment,false,false,false,,,,,,,,NO_COMPARISON,,,,NO_COMPARISON,ambiguous_identity,,"{""ambiguity_reasons"": [""unproven_treatment""], ""external_provenance"": [], ""scryfall_cardmarket_id"": 737025, ""stored_ids"": [737025], ""validated_stored_ids"": [737025]}",,,,
13796,magic,Peregrin Took,807,ltr,The Lord of the Rings: Tales of Middle-earth,en,Surge Foil,uncommon,foil,Surge Foil,61,scryfall_oracle:188da0ad-8524-4fb2-915e-1876dc9df89f,,,3c8b8eef-d150-4610-8428-d8ea75eeb80a,737026,,737026,Peregrin Took,5489,The Lord of the Rings: Tales of Middle-earth,,,mixed/unknown,0.09,0,,,,0.09,1.2,1,1.32,1.09,Foil Low,,EUR,EUR,,,,,"{""mapped_product_ids"": []}",AMBIGUOUS,Cardmarket bulk data does not prove finish/treatment,false,false,false,,,,,,,,NO_COMPARISON,,,,NO_COMPARISON,ambiguous_identity,,"{""ambiguity_reasons"": [""unproven_treatment""], ""external_provenance"": [], ""scryfall_cardmarket_id"": 737026, ""stored_ids"": [737026], ""validated_stored_ids"": [737026]}",,,,
13797,magic,"Aragorn, Company Leader",808,ltr,The Lord of the Rings: Tales of Middle-earth,en,Surge Foil,rare,foil,Surge Foil,72,scryfall_oracle:1b841e8f-9484-4737-bd37-dfa11bd06883,,,77dfb70e-42a5-44a0-977c-320bdb75e937,737027,,737027,"Aragorn, Company Leader",5489,The Lord of the Rings: Tales of Middle-earth,,,mixed/unknown,3,0,,,,3,3.9,3.4,3.78,3.46,Foil Low,,EUR,EUR,,,,,"{""mapped_product_ids"": []}",AMBIGUOUS,Cardmarket bulk data does not prove finish/treatment,false,false,false,,,,,,,,NO_COMPARISON,,,,NO_COMPARISON,ambiguous_identity,,"{""ambiguity_reasons"": [""unproven_treatment""], ""external_provenance"": [], ""scryfall_cardmarket_id"": 737027, ""stored_ids"": [737027], ""validated_stored_ids"": [737027]}",,,,
13798,magic,"Aragorn, the Uniter",809,ltr,The Lord of the Rings: Tales of Middle-earth,en,Surge Foil,mythic,foil,Surge Foil,156,scryfall_oracle:3f31c423-d45c-4c3e-b7d4-ca125be0f92c,,,b6a826b1-5935-4fa3-91ab-01caf76760e8,737028,,737028,"Aragorn, the Uniter",5489,The Lord of the Rings: Tales of Middle-earth,,,mixed/unknown,75,0,,,,75,76.99,84.99,78,56.33,Foil Low,,EUR,EUR,,,,,"{""mapped_product_ids"": []}",AMBIGUOUS,Cardmarket bulk data does not prove finish/treatment,false,false,false,,,,,,,,NO_COMPARISON,,,,NO_COMPARISON,ambiguous_identity,,"{""ambiguity_reasons"": [""unproven_treatment""], ""external_provenance"": [], ""scryfall_cardmarket_id"": 737028, ""stored_ids"": [737028], ""validated_stored_ids"": [737028]}",,,,
13799,magic,"Elrond, Master of Healing",810,ltr,The Lord of the Rings: Tales of Middle-earth,en,Surge Foil,rare,foil,Surge Foil,101,scryfall_oracle:28aefa3a-16d3-4207-bb8c-588b722a4041,,,a064f8e3-c762-4f0b-9171-911774bc696b,737029,,737029,"Elrond, Master of Healing",5489,The Lord of the Rings: Tales of Middle-earth,,,mixed/unknown,2.75,0,,,,2.75,3.22,3,3.56,3.22,Foil Low,,EUR,EUR,,,,,"{""mapped_product_ids"": []}",AMBIGUOUS,Cardmarket bulk data does not prove finish/treatment,false,false,false,,,,,,,,NO_COMPARISON,,,,NO_COMPARISON,ambiguous_identity,,"{""ambiguity_reasons"": [""unproven_treatment""], ""external_provenance"": [], ""scryfall_cardmarket_id"": 737029, ""stored_ids"": [737029], ""validated_stored_ids"": [737029]}",,,,
13800,magic,"Faramir, Prince of Ithilien",811,ltr,The Lord of the Rings: Tales of Middle-earth,en,Surge Foil,rare,foil,Surge Foil,345,scryfall_oracle:8a8c7c20-beb7-4352-99ea-7f64a30b9f52,,,2c44ab34-99fe-47be-9fef-d49a25989bfb,737030,,737030,"Faramir, Prince of Ithilien",5489,The Lord of the Rings: Tales of Middle-earth,,,mixed/unknown,3.47,0,,,,3.47,3.92,3.5,3.79,3.93,Foil Low,,EUR,EUR,,,,,"{""mapped_product_ids"": []}",AMBIGUOUS,Cardmarket bulk data does not prove finish/treatment,false,false,false,,,,,,,,NO_COMPARISON,,,,NO_COMPARISON,ambiguous_identity,,"{""ambiguity_reasons"": [""unproven_treatment""], ""external_provenance"": [], ""scryfall_cardmarket_id"": 737030, ""stored_ids"": [737030], ""validated_stored_ids"": [737030]}",,,,
13801,magic,Frodo Baggins,812,ltr,The Lord of the Rings: Tales of Middle-earth,en,Surge Foil,uncommon,foil,Surge Foil,544,scryfall_oracle:d4dd6edf-1e9e-46fa-92b5-5df9aa0e4338,,,61342840-4d07-41f6-8742-929f92f94c73,737031,,737031,Frodo Baggins,5489,The Lord of the Rings: Tales of Middle-earth,,,mixed/unknown,0.1,0,,,,0.1,0.59,0.32,0.53,0.42,Foil Low,,EUR,EUR,,,,,"{""mapped_product_ids"": []}",AMBIGUOUS,Cardmarket bulk data does not prove finish/treatment,false,false,false,,,,,,,,NO_COMPARISON,,,,NO_COMPARISON,ambiguous_identity,,"{""ambiguity_reasons"": [""unproven_treatment""], ""external_provenance"": [], ""scryfall_cardmarket_id"": 737031, ""stored_ids"": [737031], ""validated_stored_ids"": [737031]}",,,,
13802,magic,Galadriel of Lothlórien,813,ltr,The Lord of the Rings: Tales of Middle-earth,en,Surge Foil,rare,foil,Surge Foil,356,scryfall_oracle:8d3c9646-2b6b-4315-939d-5a920efc0a60,,,404dcf45-d44b-4e1d-9886-0d1d144a9c8a,737032,,737032,Galadriel of Lothlórien,5489,The Lord of the Rings: Tales of Middle-earth,,,mixed/unknown,5.5,0,,,,5.5,7.38,7.98,7.07,7.01,Foil Low,,EUR,EUR,,,,,"{""mapped_product_ids"": []}",AMBIGUOUS,Cardmarket bulk data does not prove finish/treatment,false,false,false,,,,,,,,NO_COMPARISON,,,,NO_COMPARISON,ambiguous_identity,,"{""ambiguity_reasons"": [""unproven_treatment""], ""external_provenance"": [], ""scryfall_cardmarket_id"": 737032, ""stored_ids"": [737032], ""validated_stored_ids"": [737032]}",,,,
13803,magic,Gandalf the Grey,814,ltr,The Lord of the Rings: Tales of Middle-earth,en,Surge Foil,rare,foil,Surge Foil,570,scryfall_oracle:dfd12e3c-2b2a-4461-a08d-09d4e6c4626e,,,33263c8a-6d9c-4c7c-9238-cef4a5057a97,737033,,737033,Gandalf the Grey,5489,The Lord of the Rings: Tales of Middle-earth,,,mixed/unknown,6.94,0,,,,6.94,8.17,7.4,7.71,7.49,Foil Low,,EUR,EUR,,,,,"{""mapped_product_ids"": []}",AMBIGUOUS,Cardmarket bulk data does not prove finish/treatment,false,false,false,,,,,,,,NO_COMPARISON,,,,NO_COMPARISON,ambiguous_identity,,"{""ambiguity_reasons"": [""unproven_treatment""], ""external_provenance"": [], ""scryfall_cardmarket_id"": 737033, ""stored_ids"": [737033], ""validated_stored_ids"": [737033]}",,,,
13804,magic,"Gimli, Mournful Avenger",815,ltr,The Lord of the Rings: Tales of Middle-earth,en,Surge Foil,rare,foil,Surge Foil,406,scryfall_oracle:9f3941d8-b4d2-4faf-881a-f15973b4368d,,,44f74a7c-9bf1-4bd9-ac56-8a186ac140f0,737034,,737034,"Gimli, Mournful Avenger",5489,The Lord of the Rings: Tales of Middle-earth,,,mixed/unknown,2.5,0,,,,2.5,2.82,2.6,2.63,2.67,Foil Low,2.5,EUR,EUR,cardmarket,737034,high,2026-08-29T02:41:58+0200,"{""cardmarket_product_id"": 737034, ""history_id"": 352}",AMBIGUOUS,Cardmarket bulk data does not prove finish/treatment,false,false,false,,,,,,,,NO_COMPARISON,,,,NO_COMPARISON,ambiguous_identity,,"{""ambiguity_reasons"": [""unproven_treatment""], ""external_provenance"": [], ""scryfall_cardmarket_id"": 737034, ""stored_ids"": [737034], ""validated_stored_ids"": [737034]}",2,5.0,,
13805,magic,"Legolas, Counter of Kills",816,ltr,The Lord of the Rings: Tales of Middle-earth,en,Surge Foil,uncommon,foil,Surge Foil,564,scryfall_oracle:ddc12487-f577-4def-acdb-491f7ba6dc51,,,5877d76e-4ef3-48be-9223-3d349cf9398a,737035,,737035,"Legolas, Counter of Kills",5489,The Lord of the Rings: Tales of Middle-earth,,,mixed/unknown,0.09,0,,,,0.09,0.36,0.09,0.47,0.39,Foil Low,,EUR,EUR,,,,,"{""mapped_product_ids"": []}",AMBIGUOUS,Cardmarket bulk data does not prove finish/treatment,false,false,false,,,,,,,,NO_COMPARISON,,,,NO_COMPARISON,ambiguous_identity,,"{""ambiguity_reasons"": [""unproven_treatment""], ""external_provenance"": [], ""scryfall_cardmarket_id"": 737035, ""stored_ids"": [737035], ""validated_stored_ids"": [737035]}",,,,
13806,magic,"Merry, Esquire of Rohan",817,ltr,The Lord of the Rings: Tales of Middle-earth,en,Surge Foil,rare,foil,Surge Foil,197,scryfall_oracle:4dce1f49-ddad-4748-893a-e10d831ee7d7,,,bafea68c-07b2-494f-97b0-30de9ddc00c4,737036,,737036,"Merry, Esquire of Rohan",5489,The Lord of the Rings: Tales of Middle-earth,,,mixed/unknown,4.88,0,,,,4.88,5.01,4.9,5.22,4.79,Foil Low,,EUR,EUR,,,,,"{""mapped_product_ids"": []}",AMBIGUOUS,Cardmarket bulk data does not prove finish/treatment,false,false,false,,,,,,,,NO_COMPARISON,,,,NO_COMPARISON,ambiguous_identity,,"{""ambiguity_reasons"": [""unproven_treatment""], ""external_provenance"": [], ""scryfall_cardmarket_id"": 737036, ""stored_ids"": [737036], ""validated_stored_ids"": [737036]}",,,,
13807,magic,"Pippin, Guard of the Citadel",818,ltr,The Lord of the Rings: Tales of Middle-earth,en,Surge Foil,rare,foil,Surge Foil,93,scryfall_oracle:25afddd2-6e48-4742-b34e-e3b5def7c0fd,,,ccb21a75-52e2-4e59-8704-32e5193fbcd3,737037,,737037,"Pippin, Guard of the Citadel",5489,The Lord of the Rings: Tales of Middle-earth,,,mixed/unknown,5.5,0,,,,5.5,6.56,5.9,6.88,6.19,Foil Low,,EUR,EUR,,,,,"{""mapped_product_ids"": []}",AMBIGUOUS,Cardmarket bulk data does not prove finish/treatment,false,false,false,,,,,,,,NO_COMPARISON,,,,NO_COMPARISON,ambiguous_identity,,"{""ambiguity_reasons"": [""unproven_treatment""], ""external_provenance"": [], ""scryfall_cardmarket_id"": 737037, ""stored_ids"": [737037], ""validated_stored_ids"": [737037]}",,,,
13808,magic,Samwise Gamgee,819,ltr,The Lord of the Rings: Tales of Middle-earth,en,Surge Foil,rare,foil,Surge Foil,309,scryfall_oracle:7ce37c26-91ea-493f-bfc3-a890d4538bc1,,,cc0fc98e-49ec-4d76-a922-52fe481da88f,737038,,737038,Samwise Gamgee,5489,The Lord of the Rings: Tales of Middle-earth,,,mixed/unknown,8.25,0,,,,8.25,10.43,8.9,10.18,9.57,Foil Low,,EUR,EUR,,,,,"{""mapped_product_ids"": []}",AMBIGUOUS,Cardmarket bulk data does not prove finish/treatment,false,false,false,,,,,,,,NO_COMPARISON,,,,NO_COMPARISON,ambiguous_identity,,"{""ambiguity_reasons"": [""unproven_treatment""], ""external_provenance"": [], ""scryfall_cardmarket_id"": 737038, ""stored_ids"": [737038], ""validated_stored_ids"": [737038]}",,,,
13809,magic,Saruman of Many Colors,820,ltr,The Lord of the Rings: Tales of Middle-earth,en,Surge Foil,mythic,foil,Surge Foil,499,scryfall_oracle:c2d04138-cc17-4dd0-9a4c-9c87df72ed01,,,2d6743e8-6601-431d-88a0-ee399b0b81dd,737039,,737039,Saruman of Many Colors,5489,The Lord of the Rings: Tales of Middle-earth,,,mixed/unknown,14,0,,,,14,15.91,15.4,17.04,16.37,Foil Low,,EUR,EUR,,,,,"{""mapped_product_ids"": []}",AMBIGUOUS,Cardmarket bulk data does not prove finish/treatment,false,false,false,,,,,,,,NO_COMPARISON,,,,NO_COMPARISON,ambiguous_identity,,"{""ambiguity_reasons"": [""unproven_treatment""], ""external_provenance"": [], ""scryfall_cardmarket_id"": 737039, ""stored_ids"": [737039], ""validated_stored_ids"": [737039]}",,,,
13810,magic,"Sauron, the Dark Lord",821,ltr,The Lord of the Rings: Tales of Middle-earth,en,Surge Foil,mythic,foil,Surge Foil,407,scryfall_oracle:9f8f29ba-7e64-455d-be05-ec7973f2bd0a,,,2a845583-5698-4650-9493-ad264d7674d2,737040,,737040,"Sauron, the Dark Lord",5489,The Lord of the Rings: Tales of Middle-earth,,,mixed/unknown,111.99,0,,,,111.99,116.63,124,120.38,123.21,Foil Low,,EUR,EUR,,,,,"{""mapped_product_ids"": []}",AMBIGUOUS,Cardmarket bulk data does not prove finish/treatment,false,false,false,,,,,,,,NO_COMPARISON,,,,NO_COMPARISON,ambiguous_identity,,"{""ambiguity_reasons"": [""unproven_treatment""], ""external_provenance"": [], ""scryfall_cardmarket_id"": 737040, ""stored_ids"": [737040], ""validated_stored_ids"": [737040]}",,,,
13811,magic,"Sméagol, Helpful Guide",822,ltr,The Lord of the Rings: Tales of Middle-earth,en,Surge Foil,rare,foil,Surge Foil,270,scryfall_oracle:6b974499-bf1c-4e5b-a72c-c72220f4e591,,,b25f98d4-c0a3-4712-b612-6b03365f9641,737041,,737041,"Sméagol, Helpful Guide",5489,The Lord of the Rings: Tales of Middle-earth,,,mixed/unknown,10.5,0,,,,10.5,11.09,11.95,11.28,9.11,Foil Low,,EUR,EUR,,,,,"{""mapped_product_ids"": []}",AMBIGUOUS,Cardmarket bulk data does not prove finish/treatment,false,false,false,,,,,,,,NO_COMPARISON,,,,NO_COMPARISON,ambiguous_identity,,"{""ambiguity_reasons"": [""unproven_treatment""], ""external_provenance"": [], ""scryfall_cardmarket_id"": 737041, ""stored_ids"": [737041], ""validated_stored_ids"": [737041]}",,,,
13812,magic,Tom Bombadil,823,ltr,The Lord of the Rings: Tales of Middle-earth,en,Surge Foil,mythic,foil,Surge Foil,342,scryfall_oracle:89a2d5bc-df06-47e8-8b4a-6d1f0a63c78d,,,c2b141f8-bc86-4fcc-b1e6-a1ed1ce36a7c,737042,,737042,Tom Bombadil,5489,The Lord of the Rings: Tales of Middle-earth,,,mixed/unknown,82,0,,,,82,93.73,89,82.25,65.14,Foil Low,,EUR,EUR,,,,,"{""mapped_product_ids"": []}",AMBIGUOUS,Cardmarket bulk data does not prove finish/treatment,false,false,false,,,,,,,,NO_COMPARISON,,,,NO_COMPARISON,ambiguous_identity,,"{""ambiguity_reasons"": [""unproven_treatment""], ""external_provenance"": [], ""scryfall_cardmarket_id"": 737042, ""stored_ids"": [737042], ""validated_stored_ids"": [737042]}",,,,
13818,magic,Eagle of Deliverance,829,ltr,The Lord of the Rings: Tales of Middle-earth,en,Extended Art,rare,nonfoil,Extended Art,173,scryfall_oracle:4446e59c-29f7-4722-92be-2625c1d3dab9,,,588f720a-c3c1-49de-a377-94fa47d253eb,738041,,738041,Eagle of Deliverance,5489,The Lord of the Rings: Tales of Middle-earth,,,mixed/unknown,0.45,1.37,0.99,1.24,1.29,,0,,,,Low,,EUR,EUR,,,,,"{""mapped_product_ids"": []}",AMBIGUOUS,Cardmarket bulk data does not prove finish/treatment,false,false,false,,,,,,,,NO_COMPARISON,,,,NO_COMPARISON,ambiguous_identity,,"{""ambiguity_reasons"": [""unproven_treatment""], ""external_provenance"": [], ""scryfall_cardmarket_id"": 738041, ""stored_ids"": [738041], ""validated_stored_ids"": [738041]}",,,,
13819,magic,Minas Tirith Garrison,830,ltr,The Lord of the Rings: Tales of Middle-earth,en,Extended Art,rare,nonfoil,Extended Art,458,scryfall_oracle:b1cc49cd-5039-4c31-a895-4ebf869fc5e4,,,f7ca9123-a463-44ee-aab8-52ddd925e2b4,738043,,738043,Minas Tirith Garrison,5489,The Lord of the Rings: Tales of Middle-earth,,,mixed/unknown,0.3,0.77,1.2,0.88,0.85,,0,,,,Low,,EUR,EUR,,,,,"{""mapped_product_ids"": []}",AMBIGUOUS,Cardmarket bulk data does not prove finish/treatment,false,false,false,,,,,,,,NO_COMPARISON,,,,NO_COMPARISON,ambiguous_identity,,"{""ambiguity_reasons"": [""unproven_treatment""], ""external_provenance"": [], ""scryfall_cardmarket_id"": 738043, ""stored_ids"": [738043], ""validated_stored_ids"": [738043]}",,,,
13820,magic,Warg Rider,831,ltr,The Lord of the Rings: Tales of Middle-earth,en,Extended Art,rare,nonfoil,Extended Art,158,scryfall_oracle:3f4dd9e2-6460-413e-a3b8-96b20bf57f8b,,,ec73bc43-aae6-499f-bb48-b88c375f0ce3,738045,,738045,Warg Rider,5489,The Lord of the Rings: Tales of Middle-earth,,,mixed/unknown,25,28.15,26.03,24.68,21.25,,0,,,,Low,,EUR,EUR,,,,,"{""mapped_product_ids"": []}",AMBIGUOUS,Cardmarket bulk data does not prove finish/treatment,false,false,false,,,,,,,,NO_COMPARISON,,,,NO_COMPARISON,ambiguous_identity,,"{""ambiguity_reasons"": [""unproven_treatment""], ""external_provenance"": [], ""scryfall_cardmarket_id"": 738045, ""stored_ids"": [738045], ""validated_stored_ids"": [738045]}",,,,
13821,magic,Riders of the Mark,832,ltr,The Lord of the Rings: Tales of Middle-earth,en,Extended Art,rare,nonfoil,Extended Art,509,scryfall_oracle:c7031047-5109-482f-b2e9-14800b9279bf,,,e4b35111-2c74-4dda-b156-d1bf9f3c2947,738047,,738047,Riders of the Mark,5489,The Lord of the Rings: Tales of Middle-earth,,,mixed/unknown,4,6.12,5.34,5.58,4.95,,0,,,,Low,,EUR,EUR,,,,,"{""mapped_product_ids"": []}",AMBIGUOUS,Cardmarket bulk data does not prove finish/treatment,false,false,false,,,,,,,,NO_COMPARISON,,,,NO_COMPARISON,ambiguous_identity,,"{""ambiguity_reasons"": [""unproven_treatment""], ""external_provenance"": [], ""scryfall_cardmarket_id"": 738047, ""stored_ids"": [738047], ""validated_stored_ids"": [738047]}",,,,
13822,magic,Mirkwood Channeler,833,ltr,The Lord of the Rings: Tales of Middle-earth,en,Extended Art,rare,nonfoil,Extended Art,121,scryfall_oracle:30f373d8-cd8c-4fb2-9383-9969fc547df9,,,d116a123-3903-429a-8151-a3070c22f260,738049,,738049,Mirkwood Channeler,5489,The Lord of the Rings: Tales of Middle-earth,,,mixed/unknown,0.4,1.26,1.5,1.18,1.08,,0,,,,Low,,EUR,EUR,,,,,"{""mapped_product_ids"": []}",AMBIGUOUS,Cardmarket bulk data does not prove finish/treatment,false,false,false,,,,,,,,NO_COMPARISON,,,,NO_COMPARISON,ambiguous_identity,,"{""ambiguity_reasons"": [""unproven_treatment""], ""external_provenance"": [], ""scryfall_cardmarket_id"": 738049, ""stored_ids"": [738049], ""validated_stored_ids"": [738049]}",,,,
13911,magic,"Éowyn, Shieldmaiden",81,ltc,Tales of Middle-earth Commander,en,083c8d0a-87df-4472-9616-67d57cb05d83:etched,mythic,etched,,386,scryfall_oracle:98a2a642-a30a-43e7-b47f-4776c22d1cb0,,,083c8d0a-87df-4472-9616-67d57cb05d83,718057,,718057,"Éowyn, Shieldmaiden",5387,Tales of Middle-earth Commander,,,mixed/unknown,0.02,0,,,,0.02,0.33,0.48,0.31,0.3,Low,,EUR,EUR,,,,,"{""mapped_product_ids"": []}",AMBIGUOUS,Cardmarket bulk data does not prove finish/treatment,false,false,false,,,,,,,,NO_COMPARISON,,,,NO_COMPARISON,ambiguous_identity,,"{""ambiguity_reasons"": [""unproven_finish""], ""external_provenance"": [], ""scryfall_cardmarket_id"": 718057, ""stored_ids"": [718057], ""validated_stored_ids"": [718057]}",,,,
13912,magic,"Frodo, Adventurous Hobbit",82,ltc,Tales of Middle-earth Commander,en,653650f9-0cc9-4f03-af7b-07dd10d847eb:etched,mythic,etched,,219,scryfall_oracle:58ee8c10-7be8-4889-944d-13cae0a4166d,,,653650f9-0cc9-4f03-af7b-07dd10d847eb,718058,,718058,"Frodo, Adventurous Hobbit",5387,Tales of Middle-earth Commander,,,mixed/unknown,0.03,0,,,,0.03,0.3,0.2,0.24,0.29,Low,,EUR,EUR,,,,,"{""mapped_product_ids"": []}",AMBIGUOUS,Cardmarket bulk data does not prove finish/treatment,false,false,false,,,,,,,,NO_COMPARISON,,,,NO_COMPARISON,ambiguous_identity,,"{""ambiguity_reasons"": [""unproven_finish""], ""external_provenance"": [], ""scryfall_cardmarket_id"": 718058, ""stored_ids"": [718058], ""validated_stored_ids"": [718058]}",,,,
13913,magic,"Galadriel, Elven-Queen",83,ltc,Tales of Middle-earth Commander,en,bf187757-01ee-40b5-ab75-4061436e773f:etched,mythic,etched,,476,scryfall_oracle:b97a11c2-7119-4399-9565-bf69520d3988,,,bf187757-01ee-40b5-ab75-4061436e773f,718059,,718059,"Galadriel, Elven-Queen",5387,Tales of Middle-earth Commander,,,mixed/unknown,0.05,0,,,,0.05,0.27,0.29,0.28,0.18,Low,,EUR,EUR,,,,,"{""mapped_product_ids"": []}",AMBIGUOUS,Cardmarket bulk data does not prove finish/treatment,false,false,false,,,,,,,,NO_COMPARISON,,,,NO_COMPARISON,ambiguous_identity,,"{""ambiguity_reasons"": [""unproven_finish""], ""external_provenance"": [], ""scryfall_cardmarket_id"": 718059, ""stored_ids"": [718059], ""validated_stored_ids"": [718059]}",,,,
13914,magic,"Sauron, Lord of the Rings",84,ltc,Tales of Middle-earth Commander,en,14d58b6f-5222-49b6-898e-389b0486c231:etched,mythic,etched,,265,scryfall_oracle:69c674c7-48a5-49c8-b0be-3f2b5c6a548c,,,14d58b6f-5222-49b6-898e-389b0486c231,718060,,718060,"Sauron, Lord of the Rings",5387,Tales of Middle-earth Commander,,,mixed/unknown,0.09,0,,,,0.09,0.39,1,0.32,0.17,Low,,EUR,EUR,,,,,"{""mapped_product_ids"": []}",AMBIGUOUS,Cardmarket bulk data does not prove finish/treatment,false,false,false,,,,,,,,NO_COMPARISON,,,,NO_COMPARISON,ambiguous_identity,,"{""ambiguity_reasons"": [""unproven_finish""], ""external_provenance"": [], ""scryfall_cardmarket_id"": 718060, ""stored_ids"": [718060], ""validated_stored_ids"": [718060]}",,,,
13915,magic,"Aragorn, King of Gondor",85,ltc,Tales of Middle-earth Commander,en,Extended Art,mythic,nonfoil,Extended Art,487,scryfall_oracle:be97c400-c690-426d-a39e-4082080a3823,,,e8254ddc-2fdf-4920-8843-919e15782195,717788,,717788,"Aragorn, King of Gondor",5387,Tales of Middle-earth Commander,,,mixed/unknown,2.2,3.68,6,3.53,3.41,2.4,5.45,9.13,5.15,4.48,Low,,EUR,EUR,,,,,"{""mapped_product_ids"": []}",AMBIGUOUS,Cardmarket bulk data does not prove finish/treatment,false,false,false,,,,,,,,NO_COMPARISON,,,,NO_COMPARISON,ambiguous_identity,,"{""ambiguity_reasons"": [""unproven_treatment""], ""external_provenance"": [], ""scryfall_cardmarket_id"": 717788, ""stored_ids"": [717788], ""validated_stored_ids"": [717788]}",,,,
13916,magic,"Aragorn, King of Gondor",85,ltc,Tales of Middle-earth Commander,en,Extended Art,mythic,foil,Extended Art,487,scryfall_oracle:be97c400-c690-426d-a39e-4082080a3823,,,e8254ddc-2fdf-4920-8843-919e15782195,717788,,717788,"Aragorn, King of Gondor",5387,Tales of Middle-earth Commander,,,mixed/unknown,2.2,3.68,6,3.53,3.41,2.4,5.45,9.13,5.15,4.48,Foil Low,,EUR,EUR,,,,,"{""mapped_product_ids"": []}",AMBIGUOUS,Cardmarket bulk data does not prove finish/treatment,false,false,false,,,,,,,,NO_COMPARISON,,,,NO_COMPARISON,ambiguous_identity,,"{""ambiguity_reasons"": [""unproven_treatment""], ""external_provenance"": [], ""scryfall_cardmarket_id"": 717788, ""stored_ids"": [717788], ""validated_stored_ids"": [717788]}",,,,
13917,magic,"Éowyn, Shieldmaiden",86,ltc,Tales of Middle-earth Commander,en,Extended Art,mythic,nonfoil,Extended Art,386,scryfall_oracle:98a2a642-a30a-43e7-b47f-4776c22d1cb0,,,159a4857-711b-4365-8813-1f56ea8f5291,717789,,717789,"Éowyn, Shieldmaiden",5387,Tales of Middle-earth Commander,,,mixed/unknown,0.35,1.4,1.79,1.44,1.44,0.38,1.93,3.49,1.66,1.52,Low,,EUR,EUR,,,,,"{""mapped_product_ids"": []}",AMBIGUOUS,Cardmarket bulk data does not prove finish/treatment,false,false,false,,,,,,,,NO_COMPARISON,,,,NO_COMPARISON,ambiguous_identity,,"{""ambiguity_reasons"": [""unproven_treatment""], ""external_provenance"": [], ""scryfall_cardmarket_id"": 717789, ""stored_ids"": [717789], ""validated_stored_ids"": [717789]}",,,,
13918,magic,"Éowyn, Shieldmaiden",86,ltc,Tales of Middle-earth Commander,en,Extended Art,mythic,foil,Extended Art,386,scryfall_oracle:98a2a642-a30a-43e7-b47f-4776c22d1cb0,,,159a4857-711b-4365-8813-1f56ea8f5291,717789,,717789,"Éowyn, Shieldmaiden",5387,Tales of Middle-earth Commander,,,mixed/unknown,0.35,1.4,1.79,1.44,1.44,0.38,1.93,3.49,1.66,1.52,Foil Low,,EUR,EUR,,,,,"{""mapped_product_ids"": []}",AMBIGUOUS,Cardmarket bulk data does not prove finish/treatment,false,false,false,,,,,,,,NO_COMPARISON,,,,NO_COMPARISON,ambiguous_identity,,"{""ambiguity_reasons"": [""unproven_treatment""], ""external_provenance"": [], ""scryfall_cardmarket_id"": 717789, ""stored_ids"": [717789], ""validated_stored_ids"": [717789]}",,,,
13919,magic,"Frodo, Adventurous Hobbit",87,ltc,Tales of Middle-earth Commander,en,Extended Art,mythic,nonfoil,Extended Art,219,scryfall_oracle:58ee8c10-7be8-4889-944d-13cae0a4166d,,,95ed1ff5-a0a6-4fe0-94d2-e3675226db52,717790,,717790,"Frodo, Adventurous Hobbit",5387,Tales of Middle-earth Commander,,,mixed/unknown,0.3,1.15,1.99,1.26,1.31,0.5,2.21,1,2.44,2.05,Low,,EUR,EUR,,,,,"{""mapped_product_ids"": []}",AMBIGUOUS,Cardmarket bulk data does not prove finish/treatment,false,false,false,,,,,,,,NO_COMPARISON,,,,NO_COMPARISON,ambiguous_identity,,"{""ambiguity_reasons"": [""unproven_treatment""], ""external_provenance"": [], ""scryfall_cardmarket_id"": 717790, ""stored_ids"": [717790], ""validated_stored_ids"": [717790]}",,,,
13920,magic,"Frodo, Adventurous Hobbit",87,ltc,Tales of Middle-earth Commander,en,Extended Art,mythic,foil,Extended Art,219,scryfall_oracle:58ee8c10-7be8-4889-944d-13cae0a4166d,,,95ed1ff5-a0a6-4fe0-94d2-e3675226db52,717790,,717790,"Frodo, Adventurous Hobbit",5387,Tales of Middle-earth Commander,,,mixed/unknown,0.3,1.15,1.99,1.26,1.31,0.5,2.21,1,2.44,2.05,Foil Low,,EUR,EUR,,,,,"{""mapped_product_ids"": []}",AMBIGUOUS,Cardmarket bulk data does not prove finish/treatment,false,false,false,,,,,,,,NO_COMPARISON,,,,NO_COMPARISON,ambiguous_identity,,"{""ambiguity_reasons"": [""unproven_treatment""], ""external_provenance"": [], ""scryfall_cardmarket_id"": 717790, ""stored_ids"": [717790], ""validated_stored_ids"": [717790]}",,,,
13921,magic,"Galadriel, Elven-Queen",88,ltc,Tales of Middle-earth Commander,en,Extended Art,mythic,nonfoil,Extended Art,476,scryfall_oracle:b97a11c2-7119-4399-9565-bf69520d3988,,,48c7c3a8-bb55-4114-a97f-683d12f11f27,717791,,717791,"Galadriel, Elven-Queen",5387,Tales of Middle-earth Commander,,,mixed/unknown,0.3,0.88,2,1,0.86,0.36,0.88,0.95,0.77,0.93,Low,,EUR,EUR,,,,,"{""mapped_product_ids"": []}",AMBIGUOUS,Cardmarket bulk data does not prove finish/treatment,false,false,false,,,,,,,,NO_COMPARISON,,,,NO_COMPARISON,ambiguous_identity,,"{""ambiguity_reasons"": [""unproven_treatment""], ""external_provenance"": [], ""scryfall_cardmarket_id"": 717791, ""stored_ids"": [717791], ""validated_stored_ids"": [717791]}",,,,
13922,magic,"Galadriel, Elven-Queen",88,ltc,Tales of Middle-earth Commander,en,Extended Art,mythic,foil,Extended Art,476,scryfall_oracle:b97a11c2-7119-4399-9565-bf69520d3988,,,48c7c3a8-bb55-4114-a97f-683d12f11f27,717791,,717791,"Galadriel, Elven-Queen",5387,Tales of Middle-earth Commander,,,mixed/unknown,0.3,0.88,2,1,0.86,0.36,0.88,0.95,0.77,0.93,Foil Low,,EUR,EUR,,,,,"{""mapped_product_ids"": []}",AMBIGUOUS,Cardmarket bulk data does not prove finish/treatment,false,false,false,,,,,,,,NO_COMPARISON,,,,NO_COMPARISON,ambiguous_identity,,"{""ambiguity_reasons"": [""unproven_treatment""], ""external_provenance"": [], ""scryfall_cardmarket_id"": 717791, ""stored_ids"": [717791], ""validated_stored_ids"": [717791]}",,,,
13923,magic,"Gandalf, Westward Voyager",89,ltc,Tales of Middle-earth Commander,en,Extended Art,mythic,nonfoil,Extended Art,175,scryfall_oracle:4563ae4b-6226-4cc9-abde-582d0ab83433,,,c17f714a-d36a-42b7-9bea-897ad5cfd5c3,717792,,717792,"Gandalf, Westward Voyager",5387,Tales of Middle-earth Commander,,,mixed/unknown,0.2,0.66,0.49,0.82,0.81,0.38,0.86,1,0.88,1.15,Low,,EUR,EUR,,,,,"{""mapped_product_ids"": []}",AMBIGUOUS,Cardmarket bulk data does not prove finish/treatment,false,false,false,,,,,,,,NO_COMPARISON,,,,NO_COMPARISON,ambiguous_identity,,"{""ambiguity_reasons"": [""unproven_treatment""], ""external_provenance"": [], ""scryfall_cardmarket_id"": 717792, ""stored_ids"": [717792], ""validated_stored_ids"": [717792]}",,,,
13924,magic,"Gandalf, Westward Voyager",89,ltc,Tales of Middle-earth Commander,en,Extended Art,mythic,foil,Extended Art,175,scryfall_oracle:4563ae4b-6226-4cc9-abde-582d0ab83433,,,c17f714a-d36a-42b7-9bea-897ad5cfd5c3,717792,,717792,"Gandalf, Westward Voyager",5387,Tales of Middle-earth Commander,,,mixed/unknown,0.2,0.66,0.49,0.82,0.81,0.38,0.86,1,0.88,1.15,Foil Low,,EUR,EUR,,,,,"{""mapped_product_ids"": []}",AMBIGUOUS,Cardmarket bulk data does not prove finish/treatment,false,false,false,,,,,,,,NO_COMPARISON,,,,NO_COMPARISON,ambiguous_identity,,"{""ambiguity_reasons"": [""unproven_treatment""], ""external_provenance"": [], ""scryfall_cardmarket_id"": 717792, ""stored_ids"": [717792], ""validated_stored_ids"": [717792]}",,,,
13925,magic,"Sam, Loyal Attendant",90,ltc,Tales of Middle-earth Commander,en,Extended Art,mythic,nonfoil,Extended Art,98,scryfall_oracle:2837be10-23ad-49d2-943e-b1e00edbbbd9,,,601402f4-8647-4c41-9a0f-63d10ce89d02,717793,,717793,"Sam, Loyal Attendant",5387,Tales of Middle-earth Commander,,,mixed/unknown,0.4,1.97,0.99,1.91,1.76,0.69,3.25,3.99,3.05,2.76,Low,,EUR,EUR,,,,,"{""mapped_product_ids"": []}",AMBIGUOUS,Cardmarket bulk data does not prove finish/treatment,false,false,false,,,,,,,,NO_COMPARISON,,,,NO_COMPARISON,ambiguous_identity,,"{""ambiguity_reasons"": [""unproven_treatment""], ""external_provenance"": [], ""scryfall_cardmarket_id"": 717793, ""stored_ids"": [717793], ""validated_stored_ids"": [717793]}",,,,
13926,magic,"Sam, Loyal Attendant",90,ltc,Tales of Middle-earth Commander,en,Extended Art,mythic,foil,Extended Art,98,scryfall_oracle:2837be10-23ad-49d2-943e-b1e00edbbbd9,,,601402f4-8647-4c41-9a0f-63d10ce89d02,717793,,717793,"Sam, Loyal Attendant",5387,Tales of Middle-earth Commander,,,mixed/unknown,0.4,1.97,0.99,1.91,1.76,0.69,3.25,3.99,3.05,2.76,Foil Low,,EUR,EUR,,,,,"{""mapped_product_ids"": []}",AMBIGUOUS,Cardmarket bulk data does not prove finish/treatment,false,false,false,,,,,,,,NO_COMPARISON,,,,NO_COMPARISON,ambiguous_identity,,"{""ambiguity_reasons"": [""unproven_treatment""], ""external_provenance"": [], ""scryfall_cardmarket_id"": 717793, ""stored_ids"": [717793], ""validated_stored_ids"": [717793]}",,,,
13927,magic,"Saruman, the White Hand",91,ltc,Tales of Middle-earth Commander,en,Extended Art,mythic,nonfoil,Extended Art,105,scryfall_oracle:2bade11e-04e0-42a2-8861-9257c99a7c08,,,b77a4eca-e699-4140-8835-e9c8bedea9b7,717794,,717794,"Saruman, the White Hand",5387,Tales of Middle-earth Commander,,,mixed/unknown,0.95,3.07,6,3.69,2.68,0.95,4.44,4.51,3.84,3.52,Low,,EUR,EUR,,,,,"{""mapped_product_ids"": []}",AMBIGUOUS,Cardmarket bulk data does not prove finish/treatment,false,false,false,,,,,,,,NO_COMPARISON,,,,NO_COMPARISON,ambiguous_identity,,"{""ambiguity_reasons"": [""unproven_treatment""], ""external_provenance"": [], ""scryfall_cardmarket_id"": 717794, ""stored_ids"": [717794], ""validated_stored_ids"": [717794]}",,,,
13928,magic,"Saruman, the White Hand",91,ltc,Tales of Middle-earth Commander,en,Extended Art,mythic,foil,Extended Art,105,scryfall_oracle:2bade11e-04e0-42a2-8861-9257c99a7c08,,,b77a4eca-e699-4140-8835-e9c8bedea9b7,717794,,717794,"Saruman, the White Hand",5387,Tales of Middle-earth Commander,,,mixed/unknown,0.95,3.07,6,3.69,2.68,0.95,4.44,4.51,3.84,3.52,Foil Low,,EUR,EUR,,,,,"{""mapped_product_ids"": []}",AMBIGUOUS,Cardmarket bulk data does not prove finish/treatment,false,false,false,,,,,,,,NO_COMPARISON,,,,NO_COMPARISON,ambiguous_identity,,"{""ambiguity_reasons"": [""unproven_treatment""], ""external_provenance"": [], ""scryfall_cardmarket_id"": 717794, ""stored_ids"": [717794], ""validated_stored_ids"": [717794]}",,,,
13929,magic,"Sauron, Lord of the Rings",92,ltc,Tales of Middle-earth Commander,en,Extended Art,mythic,nonfoil,Extended Art,265,scryfall_oracle:69c674c7-48a5-49c8-b0be-3f2b5c6a548c,,,509b31d2-e4f9-445f-bdf4-37ca1a59a5ab,717795,,717795,"Sauron, Lord of the Rings",5387,Tales of Middle-earth Commander,,,mixed/unknown,1,2.2,1.79,2.33,2.41,1.45,4.01,3.69,5.01,3.36,Low,,EUR,EUR,,,,,"{""mapped_product_ids"": []}",AMBIGUOUS,Cardmarket bulk data does not prove finish/treatment,false,false,false,,,,,,,,NO_COMPARISON,,,,NO_COMPARISON,ambiguous_identity,,"{""ambiguity_reasons"": [""unproven_treatment""], ""external_provenance"": [], ""scryfall_cardmarket_id"": 717795, ""stored_ids"": [717795], ""validated_stored_ids"": [717795]}",,,,
13930,magic,"Sauron, Lord of the Rings",92,ltc,Tales of Middle-earth Commander,en,Extended Art,mythic,foil,Extended Art,265,scryfall_oracle:69c674c7-48a5-49c8-b0be-3f2b5c6a548c,,,509b31d2-e4f9-445f-bdf4-37ca1a59a5ab,717795,,717795,"Sauron, Lord of the Rings",5387,Tales of Middle-earth Commander,,,mixed/unknown,1,2.2,1.79,2.33,2.41,1.45,4.01,3.69,5.01,3.36,Foil Low,,EUR,EUR,,,,,"{""mapped_product_ids"": []}",AMBIGUOUS,Cardmarket bulk data does not prove finish/treatment,false,false,false,,,,,,,,NO_COMPARISON,,,,NO_COMPARISON,ambiguous_identity,,"{""ambiguity_reasons"": [""unproven_treatment""], ""external_provenance"": [], ""scryfall_cardmarket_id"": 717795, ""stored_ids"": [717795], ""validated_stored_ids"": [717795]}",,,,
13931,magic,Beregond of the Guard,93,ltc,Tales of Middle-earth Commander,en,Extended Art,rare,nonfoil,Extended Art,362,scryfall_oracle:8ea50101-8392-471e-8523-b12045a7b95b,,,4012b1c3-6287-416a-9239-e2d0803909f5,717796,,717796,Beregond of the Guard,5387,Tales of Middle-earth Commander,,,mixed/unknown,0.3,2.33,2,2.16,1.78,,0,,,,Low,,EUR,EUR,,,,,"{""mapped_product_ids"": []}",AMBIGUOUS,Cardmarket bulk data does not prove finish/treatment,false,false,false,,,,,,,,NO_COMPARISON,,,,NO_COMPARISON,ambiguous_identity,,"{""ambiguity_reasons"": [""unproven_treatment""], ""external_provenance"": [], ""scryfall_cardmarket_id"": 717796, ""stored_ids"": [717796], ""validated_stored_ids"": [717796]}",,,,
13932,magic,Champions of Minas Tirith,94,ltc,Tales of Middle-earth Commander,en,Extended Art,rare,nonfoil,Extended Art,179,scryfall_oracle:464a930a-79d5-4436-864d-3ce9f29475ae,,,27062b1b-c9d0-4921-867d-56c7978fc21d,717797,,717797,Champions of Minas Tirith,5387,Tales of Middle-earth Commander,,,mixed/unknown,0.46,1.72,0.97,1.69,1.51,10,1.39,1.39,1.12,1.12,Low,,EUR,EUR,,,,,"{""mapped_product_ids"": []}",AMBIGUOUS,Cardmarket bulk data does not prove finish/treatment,false,false,false,,,,,,,,NO_COMPARISON,,,,NO_COMPARISON,ambiguous_identity,,"{""ambiguity_reasons"": [""unproven_treatment""], ""external_provenance"": [], ""scryfall_cardmarket_id"": 717797, ""stored_ids"": [717797], ""validated_stored_ids"": [717797]}",,,,
13933,magic,Field-Tested Frying Pan,95,ltc,Tales of Middle-earth Commander,en,Extended Art,rare,nonfoil,Extended Art,32,scryfall_oracle:0c9e3e6a-0bab-4619-b135-d2dbe824b1f0,,,90739d58-6e51-48ad-b4b8-082174454ec8,717798,,717798,Field-Tested Frying Pan,5387,Tales of Middle-earth Commander,,,mixed/unknown,0.15,1.09,0.6,0.95,1.02,,0,,,,Low,,EUR,EUR,,,,,"{""mapped_product_ids"": []}",AMBIGUOUS,Cardmarket bulk data does not prove finish/treatment,false,false,false,,,,,,,,NO_COMPARISON,,,,NO_COMPARISON,ambiguous_identity,,"{""ambiguity_reasons"": [""unproven_treatment""], ""external_provenance"": [], ""scryfall_cardmarket_id"": 717798, ""stored_ids"": [717798], ""validated_stored_ids"": [717798]}",,,,
13934,magic,The Gaffer,96,ltc,Tales of Middle-earth Commander,en,Extended Art,rare,nonfoil,Extended Art,413,scryfall_oracle:a177295e-3b58-4e46-a1cb-fc003a7a0848,,,6f33a21e-5f05-4b5d-9c37-57d0fb719275,717799,,717799,The Gaffer,5387,Tales of Middle-earth Commander,,,mixed/unknown,10.93,14.75,16.28,14.76,14.81,,0,,,,Low,,EUR,EUR,,,,,"{""mapped_product_ids"": []}",AMBIGUOUS,Cardmarket bulk data does not prove finish/treatment,false,false,false,,,,,,,,NO_COMPARISON,,,,NO_COMPARISON,ambiguous_identity,,"{""ambiguity_reasons"": [""unproven_treatment""], ""external_provenance"": [], ""scryfall_cardmarket_id"": 717799, ""stored_ids"": [717799], ""validated_stored_ids"": [717799]}",,,,
13935,magic,"Gilraen, Dúnedain Protector",97,ltc,Tales of Middle-earth Commander,en,Extended Art,rare,nonfoil,Extended Art,97,scryfall_oracle:27e83bae-0ffe-4cc7-a6c0-cbca25f2ba4e,,,a21b29e9-41ca-40a1-90c5-fe35d8c8e636,717800,,717800,"Gilraen, Dúnedain Protector",5387,Tales of Middle-earth Commander,,,mixed/unknown,0.5,2.05,2.99,2.57,2.51,,0,,,,Low,,EUR,EUR,,,,,"{""mapped_product_ids"": []}",AMBIGUOUS,Cardmarket bulk data does not prove finish/treatment,false,false,false,,,,,,,,NO_COMPARISON,,,,NO_COMPARISON,ambiguous_identity,,"{""ambiguity_reasons"": [""unproven_treatment""], ""external_provenance"": [], ""scryfall_cardmarket_id"": 717800, ""stored_ids"": [717800], ""validated_stored_ids"": [717800]}",,,,
13936,magic,Grey Host Reinforcements,98,ltc,Tales of Middle-earth Commander,en,Extended Art,rare,nonfoil,Extended Art,14,scryfall_oracle:053dff47-25df-424b-8328-3ee00739b4fd,,,c20b5502-62ba-4fa9-9b94-7114d99d5d4f,717801,,717801,Grey Host Reinforcements,5387,Tales of Middle-earth Commander,,,mixed/unknown,0.28,0.84,0.82,0.67,0.89,,2,2,2,2,Low,,EUR,EUR,,,,,"{""mapped_product_ids"": []}",AMBIGUOUS,Cardmarket bulk data does not prove finish/treatment,false,false,false,,,,,,,,NO_COMPARISON,,,,NO_COMPARISON,ambiguous_identity,,"{""ambiguity_reasons"": [""unproven_treatment""], ""external_provenance"": [], ""scryfall_cardmarket_id"": 717801, ""stored_ids"": [717801], ""validated_stored_ids"": [717801]}",,,,
13937,magic,"Gwaihir, Greatest of the Eagles",99,ltc,Tales of Middle-earth Commander,en,Extended Art,rare,nonfoil,Extended Art,295,scryfall_oracle:77572e70-4b8b-46ae-8c8d-f71b7dd456e0,,,6160c3d7-7ffe-4657-8493-f1a715143b68,717802,,717802,"Gwaihir, Greatest of the Eagles",5387,Tales of Middle-earth Commander,,,mixed/unknown,0.28,2.14,1.69,1.94,2.36,,1,1,1,1,Low,,EUR,EUR,,,,,"{""mapped_product_ids"": []}",AMBIGUOUS,Cardmarket bulk data does not prove finish/treatment,false,false,false,,,,,,,,NO_COMPARISON,,,,NO_COMPARISON,ambiguous_identity,,"{""ambiguity_reasons"": [""unproven_treatment""], ""external_provenance"": [], ""scryfall_cardmarket_id"": 717802, ""stored_ids"": [717802], ""validated_stored_ids"": [717802]}",,,,
13938,magic,Lossarnach Captain,100,ltc,Tales of Middle-earth Commander,en,Extended Art,rare,nonfoil,Extended Art,45,scryfall_oracle:1251691e-3c4c-4e45-9f59-f156852f2268,,,3895733d-902c-4780-a9ab-0e32049983e3,717803,,717803,Lossarnach Captain,5387,Tales of Middle-earth Commander,,,mixed/unknown,0.25,2.33,2.25,2.07,2.5,,1.49,1.49,1.49,1.49,Low,,EUR,EUR,,,,,"{""mapped_product_ids"": []}",AMBIGUOUS,Cardmarket bulk data does not prove finish/treatment,false,false,false,,,,,,,,NO_COMPARISON,,,,NO_COMPARISON,ambiguous_identity,,"{""ambiguity_reasons"": [""unproven_treatment""], ""external_provenance"": [], ""scryfall_cardmarket_id"": 717803, ""stored_ids"": [717803], ""validated_stored_ids"": [717803]}",,,,
13939,magic,Archivist of Gondor,101,ltc,Tales of Middle-earth Commander,en,Extended Art,rare,nonfoil,Extended Art,412,scryfall_oracle:a086f7a5-1319-4c5d-b23f-41bec2f81027,,,dbe7ce78-3493-4cc5-87cf-095aae6d986b,717804,,717804,Archivist of Gondor,5387,Tales of Middle-earth Commander,,,mixed/unknown,0.1,0.99,0.75,0.6,0.78,,1,1,1,1,Low,,EUR,EUR,,,,,"{""mapped_product_ids"": []}",AMBIGUOUS,Cardmarket bulk data does not prove finish/treatment,false,false,false,,,,,,,,NO_COMPARISON,,,,NO_COMPARISON,ambiguous_identity,,"{""ambiguity_reasons"": [""unproven_treatment""], ""external_provenance"": [], ""scryfall_cardmarket_id"": 717804, ""stored_ids"": [717804], ""validated_stored_ids"": [717804]}",,,,
13940,magic,Corsairs of Umbar,102,ltc,Tales of Middle-earth Commander,en,Extended Art,rare,nonfoil,Extended Art,598,scryfall_oracle:edc74fb9-a368-4f73-8147-f318a32a3d06,,,292dfb0b-ecfe-4a29-8dbf-a3bf466c7dc6,717805,,717805,Corsairs of Umbar,5387,Tales of Middle-earth Commander,,,mixed/unknown,0.2,2.71,4.31,2.61,1.92,,9.25,8.24,5.43,5.43,Low,,EUR,EUR,,,,,"{""mapped_product_ids"": []}",AMBIGUOUS,Cardmarket bulk data does not prove finish/treatment,false,false,false,,,,,,,,NO_COMPARISON,,,,NO_COMPARISON,ambiguous_identity,,"{""ambiguity_reasons"": [""unproven_treatment""], ""external_provenance"": [], ""scryfall_cardmarket_id"": 717805, ""stored_ids"": [717805], ""validated_stored_ids"": [717805]}",,,,
13941,magic,"Denethor, Stone Seer",103,ltc,Tales of Middle-earth Commander,en,Extended Art,rare,nonfoil,Extended Art,255,scryfall_oracle:6669a19e-7944-44c9-ac37-a92016783375,,,31572328-92d7-471e-b050-b6c6d5929bab,717806,,717806,"Denethor, Stone Seer",5387,Tales of Middle-earth Commander,,,mixed/unknown,0.15,0.6,0.75,0.54,0.77,,0,,,,Low,,EUR,EUR,,,,,"{""mapped_product_ids"": []}",AMBIGUOUS,Cardmarket bulk data does not prove finish/treatment,false,false,false,,,,,,,,NO_COMPARISON,,,,NO_COMPARISON,ambiguous_identity,,"{""ambiguity_reasons"": [""unproven_treatment""], ""external_provenance"": [], ""scryfall_cardmarket_id"": 717806, ""stored_ids"": [717806], ""validated_stored_ids"": [717806]}",,,,
13942,magic,Fealty to the Realm,104,ltc,Tales of Middle-earth Commander,en,Extended Art,rare,nonfoil,Extended Art,491,scryfall_oracle:c0128941-240a-4ca1-9816-b32f47523fdb,,,62c6f930-15e7-4ea2-8c0c-7a1b4b1aad26,717807,,717807,Fealty to the Realm,5387,Tales of Middle-earth Commander,,,mixed/unknown,0.23,0.8,0.62,0.61,0.69,,1,1,1,1,Low,,EUR,EUR,,,,,"{""mapped_product_ids"": []}",AMBIGUOUS,Cardmarket bulk data does not prove finish/treatment,false,false,false,,,,,,,,NO_COMPARISON,,,,NO_COMPARISON,ambiguous_identity,,"{""ambiguity_reasons"": [""unproven_treatment""], ""external_provenance"": [], ""scryfall_cardmarket_id"": 717807, ""stored_ids"": [717807], ""validated_stored_ids"": [717807]}",,,,
13943,magic,Monstrosity of the Lake,105,ltc,Tales of Middle-earth Commander,en,Extended Art,rare,nonfoil,Extended Art,504,scryfall_oracle:c5f52c7f-5dba-4d4c-8acc-068732964031,,,a7c3a1bd-efde-418d-a8e0-4aeb0f3a5442,717808,,717808,Monstrosity of the Lake,5387,Tales of Middle-earth Commander,,,mixed/unknown,0.39,2.3,2,2.52,2.44,,0,,,,Low,,EUR,EUR,,,,,"{""mapped_product_ids"": []}",AMBIGUOUS,Cardmarket bulk data does not prove finish/treatment,false,false,false,,,,,,,,NO_COMPARISON,,,,NO_COMPARISON,ambiguous_identity,,"{""ambiguity_reasons"": [""unproven_treatment""], ""external_provenance"": [], ""scryfall_cardmarket_id"": 717808, ""stored_ids"": [717808], ""validated_stored_ids"": [717808]}",,,,
13944,magic,Raise the Palisade,106,ltc,Tales of Middle-earth Commander,en,Extended Art,rare,nonfoil,Extended Art,617,scryfall_oracle:f55a3781-fe33-4301-9bb5-6a54b9c13c4f,,,3137b507-8c45-40f4-b971-f27c01d0d4c5,717809,,717809,Raise the Palisade,5387,Tales of Middle-earth Commander,,,mixed/unknown,13,17.11,12.38,16.63,21.36,,9.99,9.99,9.99,9.99,Low,,EUR,EUR,,,,,"{""mapped_product_ids"": []}",AMBIGUOUS,Cardmarket bulk data does not prove finish/treatment,false,false,false,,,,,,,,NO_COMPARISON,,,,NO_COMPARISON,ambiguous_identity,,"{""ambiguity_reasons"": [""unproven_treatment""], ""external_provenance"": [], ""scryfall_cardmarket_id"": 717809, ""stored_ids"": [717809], ""validated_stored_ids"": [717809]}",,,,
13945,magic,Subjugate the Hobbits,107,ltc,Tales of Middle-earth Commander,en,Extended Art,rare,nonfoil,Extended Art,590,scryfall_oracle:eb56141a-eb43-40e9-8ff1-e0ef5424f6a4,,,2dcbed19-dec0-4669-be28-1cc52462faf3,717810,,717810,Subjugate the Hobbits,5387,Tales of Middle-earth Commander,,,mixed/unknown,0.29,0.86,0.4,0.85,0.94,,0,,,,Low,,EUR,EUR,,,,,"{""mapped_product_ids"": []}",AMBIGUOUS,Cardmarket bulk data does not prove finish/treatment,false,false,false,,,,,,,,NO_COMPARISON,,,,NO_COMPARISON,ambiguous_identity,,"{""ambiguity_reasons"": [""unproven_treatment""], ""external_provenance"": [], ""scryfall_cardmarket_id"": 717810, ""stored_ids"": [717810], ""validated_stored_ids"": [717810]}",,,,
13946,magic,Trap the Trespassers,108,ltc,Tales of Middle-earth Commander,en,Extended Art,rare,nonfoil,Extended Art,603,scryfall_oracle:ef72af33-37fc-48ed-90d8-547c90e1609d,,,c917a71e-59e5-41fa-a837-1fc9c56d01f3,717811,,717811,Trap the Trespassers,5387,Tales of Middle-earth Commander,,,mixed/unknown,0.2,0.85,0.7,0.7,0.73,0.25,0,,,,Low,,EUR,EUR,,,,,"{""mapped_product_ids"": []}",AMBIGUOUS,Cardmarket bulk data does not prove finish/treatment,false,false,false,,,,,,,,NO_COMPARISON,,,,NO_COMPARISON,ambiguous_identity,,"{""ambiguity_reasons"": [""unproven_treatment""], ""external_provenance"": [], ""scryfall_cardmarket_id"": 717811, ""stored_ids"": [717811], ""validated_stored_ids"": [717811]}",,,,
13947,magic,"Gollum, Obsessed Stalker",109,ltc,Tales of Middle-earth Commander,en,Extended Art,rare,nonfoil,Extended Art,377,scryfall_oracle:95d59a06-5144-4da3-8a9c-846b087975b9,,,3caf4ecb-0473-4aab-b57f-f7662eea16b6,717812,,717812,"Gollum, Obsessed Stalker",5387,Tales of Middle-earth Commander,,,mixed/unknown,0.67,2.22,1.99,2.02,2.12,,1.45,1.45,2.73,2.73,Low,,EUR,EUR,,,,,"{""mapped_product_ids"": []}",AMBIGUOUS,Cardmarket bulk data does not prove finish/treatment,false,false,false,,,,,,,,NO_COMPARISON,,,,NO_COMPARISON,ambiguous_identity,,"{""ambiguity_reasons"": [""unproven_treatment""], ""external_provenance"": [], ""scryfall_cardmarket_id"": 717812, ""stored_ids"": [717812], ""validated_stored_ids"": [717812]}",,,,
13948,magic,"Lobelia, Defender of Bag End",110,ltc,Tales of Middle-earth Commander,en,Extended Art,rare,nonfoil,Extended Art,37,scryfall_oracle:0f2e3e2e-9857-4be5-9bf0-62da1cc147fc,,,5fc6bd3c-eef0-4255-870a-fd48067e9891,717813,,717813,"Lobelia, Defender of Bag End",5387,Tales of Middle-earth Commander,,,mixed/unknown,0.39,1.08,1.2,1.11,1.05,,0,,,,Low,,EUR,EUR,,,,,"{""mapped_product_ids"": []}",AMBIGUOUS,Cardmarket bulk data does not prove finish/treatment,false,false,false,,,,,,,,NO_COMPARISON,,,,NO_COMPARISON,ambiguous_identity,,"{""ambiguity_reasons"": [""unproven_treatment""], ""external_provenance"": [], ""scryfall_cardmarket_id"": 717813, ""stored_ids"": [717813], ""validated_stored_ids"": [717813]}",,,,
13949,magic,Rapacious Guest,111,ltc,Tales of Middle-earth Commander,en,Extended Art,rare,nonfoil,Extended Art,211,scryfall_oracle:54accd4a-b471-4ae5-b3b2-a5cec44023b7,,,ea0c8ff8-9d4d-4c17-a5ed-3e1ab9f3d849,717814,,717814,Rapacious Guest,5387,Tales of Middle-earth Commander,,,mixed/unknown,0.99,2.65,3.35,2.39,2.7,,0,,,,Low,,EUR,EUR,,,,,"{""mapped_product_ids"": []}",AMBIGUOUS,Cardmarket bulk data does not prove finish/treatment,false,false,false,,,,,,,,NO_COMPARISON,,,,NO_COMPARISON,ambiguous_identity,,"{""ambiguity_reasons"": [""unproven_treatment""], ""external_provenance"": [], ""scryfall_cardmarket_id"": 717814, ""stored_ids"": [717814], ""validated_stored_ids"": [717814]}",,,,
13950,magic,"Shelob, Dread Weaver",112,ltc,Tales of Middle-earth Commander,en,Extended Art,rare,nonfoil,Extended Art,314,scryfall_oracle:7eade76f-92e4-4d26-9eb8-d3d954845c04,,,f74e4af3-abc8-458f-882b-d679f706cd43,717815,,717815,"Shelob, Dread Weaver",5387,Tales of Middle-earth Commander,,,mixed/unknown,0.43,6.36,5.5,4.89,4.74,,2.5,2.5,2.5,2.5,Low,,EUR,EUR,,,,,"{""mapped_product_ids"": []}",AMBIGUOUS,Cardmarket bulk data does not prove finish/treatment,false,false,false,,,,,,,,NO_COMPARISON,,,,NO_COMPARISON,ambiguous_identity,,"{""ambiguity_reasons"": [""unproven_treatment""], ""external_provenance"": [], ""scryfall_cardmarket_id"": 717815, ""stored_ids"": [717815], ""validated_stored_ids"": [717815]}",,,,
13951,magic,Call for Aid,113,ltc,Tales of Middle-earth Commander,en,Extended Art,rare,nonfoil,Extended Art,274,scryfall_oracle:6d650eef-1156-4e3b-8fa8-90a6ee04d9a8,,,70616ad8-0e1b-4c64-ae77-dd674e136e3b,717816,,717816,Call for Aid,5387,Tales of Middle-earth Commander,,,mixed/unknown,0.33,1.57,1.5,1.68,1.2,,0.35,0.35,1.57,1.57,Low,,EUR,EUR,,,,,"{""mapped_product_ids"": []}",AMBIGUOUS,Cardmarket bulk data does not prove finish/treatment,false,false,false,,,,,,,,NO_COMPARISON,,,,NO_COMPARISON,ambiguous_identity,,"{""ambiguity_reasons"": [""unproven_treatment""], ""external_provenance"": [], ""scryfall_cardmarket_id"": 717816, ""stored_ids"": [717816], ""validated_stored_ids"": [717816]}",,,,
13952,magic,Cavern-Hoard Dragon,114,ltc,Tales of Middle-earth Commander,en,Extended Art,rare,nonfoil,Extended Art,374,scryfall_oracle:939e8448-013a-4aef-9a92-7c883a77a1a0,,,31540dde-7cea-4eb1-896e-27e21b56f00a,717817,,717817,Cavern-Hoard Dragon,5387,Tales of Middle-earth Commander,,,mixed/unknown,18.41,26.99,25.89,26.98,26.63,,25.14,25,24.75,24.75,Low,,EUR,EUR,,,,,"{""mapped_product_ids"": []}",AMBIGUOUS,Cardmarket bulk data does not prove finish/treatment,false,false,false,,,,,,,,NO_COMPARISON,,,,NO_COMPARISON,ambiguous_identity,,"{""ambiguity_reasons"": [""unproven_treatment""], ""external_provenance"": [], ""scryfall_cardmarket_id"": 717817, ""stored_ids"": [717817], ""validated_stored_ids"": [717817]}",,,,
13953,magic,Gimli of the Glittering Caves,115,ltc,Tales of Middle-earth Commander,en,Extended Art,rare,nonfoil,Extended Art,619,scryfall_oracle:f6747295-d21d-40d7-bc70-baa4a37ae668,,,cf8443b5-817d-4bd5-81cc-956ad7933dc1,717818,,717818,Gimli of the Glittering Caves,5387,Tales of Middle-earth Commander,,,mixed/unknown,3.2,12.57,17.45,10.95,9,,0,,,,Low,,EUR,EUR,,,,,"{""mapped_product_ids"": []}",AMBIGUOUS,Cardmarket bulk data does not prove finish/treatment,false,false,false,,,,,,,,NO_COMPARISON,,,,NO_COMPARISON,ambiguous_identity,,"{""ambiguity_reasons"": [""unproven_treatment""], ""external_provenance"": [], ""scryfall_cardmarket_id"": 717818, ""stored_ids"": [717818], ""validated_stored_ids"": [717818]}",,,,
13954,magic,Orcish Siegemaster,116,ltc,Tales of Middle-earth Commander,en,Extended Art,rare,nonfoil,Extended Art,555,scryfall_oracle:d852099f-46c6-4676-860c-20a582f733d1,,,6751e5c5-fd71-41c5-abf8-a5d2db9c2554,717819,,717819,Orcish Siegemaster,5387,Tales of Middle-earth Commander,,,mixed/unknown,0.46,4.03,2.48,4.13,2.56,,0,,,,Low,,EUR,EUR,,,,,"{""mapped_product_ids"": []}",AMBIGUOUS,Cardmarket bulk data does not prove finish/treatment,false,false,false,,,,,,,,NO_COMPARISON,,,,NO_COMPARISON,ambiguous_identity,,"{""ambiguity_reasons"": [""unproven_treatment""], ""external_provenance"": [], ""scryfall_cardmarket_id"": 717819, ""stored_ids"": [717819], ""validated_stored_ids"": [717819]}",,,,
13955,magic,Rampaging War Mammoth,117,ltc,Tales of Middle-earth Commander,en,Extended Art,rare,nonfoil,Extended Art,15,scryfall_oracle:05e910aa-cf84-468c-8a48-256588cbbf08,,,02ce7345-6a4b-4927-8d34-1c6fba6d5759,717820,,717820,Rampaging War Mammoth,5387,Tales of Middle-earth Commander,,,mixed/unknown,0.38,0.92,0.99,0.99,1.03,1,0,,,,Low,,EUR,EUR,,,,,"{""mapped_product_ids"": []}",AMBIGUOUS,Cardmarket bulk data does not prove finish/treatment,false,false,false,,,,,,,,NO_COMPARISON,,,,NO_COMPARISON,ambiguous_identity,,"{""ambiguity_reasons"": [""unproven_treatment""], ""external_provenance"": [], ""scryfall_cardmarket_id"": 717820, ""stored_ids"": [717820], ""validated_stored_ids"": [717820]}",,,,
13956,magic,"Arwen, Weaver of Hope",118,ltc,Tales of Middle-earth Commander,en,Extended Art,rare,nonfoil,Extended Art,494,scryfall_oracle:c0891157-f3dd-4866-866f-fd13e9be9633,,,f5fad384-3124-46b7-9cf3-0ce46c995162,717821,,717821,"Arwen, Weaver of Hope",5387,Tales of Middle-earth Commander,,,mixed/unknown,7,10.34,11,10.31,11.96,,8.99,8.99,6.75,6.75,Low,,EUR,EUR,,,,,"{""mapped_product_ids"": []}",AMBIGUOUS,Cardmarket bulk data does not prove finish/treatment,false,false,false,,,,,,,,NO_COMPARISON,,,,NO_COMPARISON,ambiguous_identity,,"{""ambiguity_reasons"": [""unproven_treatment""], ""external_provenance"": [], ""scryfall_cardmarket_id"": 717821, ""stored_ids"": [717821], ""validated_stored_ids"": [717821]}",,,,
13957,magic,Assemble the Entmoot,119,ltc,Tales of Middle-earth Commander,en,Extended Art,rare,nonfoil,Extended Art,80,scryfall_oracle:1f1ad44c-1811-40e3-976b-03f19866abd5,,,f748730f-ccea-4c4c-b831-4eaf90153512,717822,,717822,Assemble the Entmoot,5387,Tales of Middle-earth Commander,,,mixed/unknown,0.4,1.63,1.75,1.32,1.38,,0,,,,Low,,EUR,EUR,,,,,"{""mapped_product_ids"": []}",AMBIGUOUS,Cardmarket bulk data does not prove finish/treatment,false,false,false,,,,,,,,NO_COMPARISON,,,,NO_COMPARISON,ambiguous_identity,,"{""ambiguity_reasons"": [""unproven_treatment""], ""external_provenance"": [], ""scryfall_cardmarket_id"": 717822, ""stored_ids"": [717822], ""validated_stored_ids"": [717822]}",,,,
13958,magic,Feasting Hobbit,120,ltc,Tales of Middle-earth Commander,en,Extended Art,rare,nonfoil,Extended Art,523,scryfall_oracle:cca33482-0bc5-4fe4-89dc-ba33b2e93831,,,a42d54d1-bdef-40e7-80df-bab985f394da,717823,,717823,Feasting Hobbit,5387,Tales of Middle-earth Commander,,,mixed/unknown,0.49,1.89,1.99,1.7,1.84,,1,1,1,1,Low,,EUR,EUR,,,,,"{""mapped_product_ids"": []}",AMBIGUOUS,Cardmarket bulk data does not prove finish/treatment,false,false,false,,,,,,,,NO_COMPARISON,,,,NO_COMPARISON,ambiguous_identity,,"{""ambiguity_reasons"": [""unproven_treatment""], ""external_provenance"": [], ""scryfall_cardmarket_id"": 717823, ""stored_ids"": [717823], ""validated_stored_ids"": [717823]}",,,,
13959,magic,Galadhrim Ambush,121,ltc,Tales of Middle-earth Commander,en,Extended Art,rare,nonfoil,Extended Art,142,scryfall_oracle:3b22d21f-e19a-40df-840b-a2b7f11f79c2,,,7f26f8cd-5b49-4531-b2f4-d529750496b2,717824,,717824,Galadhrim Ambush,5387,Tales of Middle-earth Commander,,,mixed/unknown,3.94,12.42,11.95,13.33,9.98,,12.45,12.45,16.23,16.23,Low,,EUR,EUR,,,,,"{""mapped_product_ids"": []}",AMBIGUOUS,Cardmarket bulk data does not prove finish/treatment,false,false,false,,,,,,,,NO_COMPARISON,,,,NO_COMPARISON,ambiguous_identity,,"{""ambiguity_reasons"": [""unproven_treatment""], ""external_provenance"": [], ""scryfall_cardmarket_id"": 717824, ""stored_ids"": [717824], ""validated_stored_ids"": [717824]}",,,,
13960,magic,"Haldir, Lórien Lieutenant",122,ltc,Tales of Middle-earth Commander,en,Extended Art,rare,nonfoil,Extended Art,251,scryfall_oracle:653217b1-1e92-49a7-81d9-fc4d70d4f27f,,,a539fb90-6d92-4c11-bfdd-0beb0f2680ed,717825,,717825,"Haldir, Lórien Lieutenant",5387,Tales of Middle-earth Commander,,,mixed/unknown,0.49,1.83,1.35,2.06,3.06,,2.5,2.5,2.5,2.5,Low,,EUR,EUR,,,,,"{""mapped_product_ids"": []}",AMBIGUOUS,Cardmarket bulk data does not prove finish/treatment,false,false,false,,,,,,,,NO_COMPARISON,,,,NO_COMPARISON,ambiguous_identity,,"{""ambiguity_reasons"": [""unproven_treatment""], ""external_provenance"": [], ""scryfall_cardmarket_id"": 717825, ""stored_ids"": [717825], ""validated_stored_ids"": [717825]}",,,,
13961,magic,Legolas Greenleaf,123,ltc,Tales of Middle-earth Commander,en,Extended Art,rare,nonfoil,Extended Art,488,scryfall_oracle:beacbb51-51fe-47f7-a612-02cd93fbffdd,,,6cd093ab-2543-47b3-907a-296d527dcfb9,717826,,717826,Legolas Greenleaf,5387,Tales of Middle-earth Commander,,,mixed/unknown,0.5,3.13,3.62,3.58,3.14,,1.84,1.5,1.24,1.24,Low,,EUR,EUR,,,,,"{""mapped_product_ids"": []}",AMBIGUOUS,Cardmarket bulk data does not prove finish/treatment,false,false,false,,,,,,,,NO_COMPARISON,,,,NO_COMPARISON,ambiguous_identity,,"{""ambiguity_reasons"": [""unproven_treatment""], ""external_provenance"": [], ""scryfall_cardmarket_id"": 717826, ""stored_ids"": [717826], ""validated_stored_ids"": [717826]}",,,,
13962,magic,Mirkwood Elk,124,ltc,Tales of Middle-earth Commander,en,Extended Art,rare,nonfoil,Extended Art,224,scryfall_oracle:5b29c26f-c0f0-4703-83db-3a249ebc5792,,,0157631a-b1c4-4176-aa3d-f60b9b7615b8,717827,,717827,Mirkwood Elk,5387,Tales of Middle-earth Commander,,,mixed/unknown,0.19,1.09,0.99,1.08,0.96,,0.79,0.79,0.79,0.79,Low,,EUR,EUR,,,,,"{""mapped_product_ids"": []}",AMBIGUOUS,Cardmarket bulk data does not prove finish/treatment,false,false,false,,,,,,,,NO_COMPARISON,,,,NO_COMPARISON,ambiguous_identity,,"{""ambiguity_reasons"": [""unproven_treatment""], ""external_provenance"": [], ""scryfall_cardmarket_id"": 717827, ""stored_ids"": [717827], ""validated_stored_ids"": [717827]}",,,,
13963,magic,Motivated Pony,125,ltc,Tales of Middle-earth Commander,en,Extended Art,rare,nonfoil,Extended Art,174,scryfall_oracle:44906d21-83cc-49ec-8505-4f7b020ac05f,,,f17809f9-7c41-47d0-ae69-8e08c2f6a0c1,717828,,717828,Motivated Pony,5387,Tales of Middle-earth Commander,,,mixed/unknown,0.1,1.12,0.55,0.95,0.9,,0,,,,Low,,EUR,EUR,,,,,"{""mapped_product_ids"": []}",AMBIGUOUS,Cardmarket bulk data does not prove finish/treatment,false,false,false,,,,,,,,NO_COMPARISON,,,,NO_COMPARISON,ambiguous_identity,,"{""ambiguity_reasons"": [""unproven_treatment""], ""external_provenance"": [], ""scryfall_cardmarket_id"": 717828, ""stored_ids"": [717828], ""validated_stored_ids"": [717828]}",,,,
13964,magic,Prize Pig,126,ltc,Tales of Middle-earth Commander,en,Extended Art,rare,nonfoil,Extended Art,52,scryfall_oracle:14f55fc9-ec19-4b4a-b3de-d75898c19edf,,,cccbc92c-a8b7-4fe6-a9e5-9f4de4ad15b0,717829,,717829,Prize Pig,5387,Tales of Middle-earth Commander,,,mixed/unknown,0.35,1.28,2.45,1.26,1.18,,0.58,0.5,1.09,1.09,Low,,EUR,EUR,,,,,"{""mapped_product_ids"": []}",AMBIGUOUS,Cardmarket bulk data does not prove finish/treatment,false,false,false,,,,,,,,NO_COMPARISON,,,,NO_COMPARISON,ambiguous_identity,,"{""ambiguity_reasons"": [""unproven_treatment""], ""external_provenance"": [], ""scryfall_cardmarket_id"": 717829, ""stored_ids"": [717829], ""validated_stored_ids"": [717829]}",,,,
13965,magic,Travel Through Caradhras,127,ltc,Tales of Middle-earth Commander,en,Extended Art,rare,nonfoil,Extended Art,108,scryfall_oracle:2d47a98b-5700-4096-b080-32df4d79910c,,,fa679ef7-0e29-474e-b2fd-f9c06fe03a7c,717830,,717830,Travel Through Caradhras,5387,Tales of Middle-earth Commander,,,mixed/unknown,0.15,1.06,2,1.08,0.83,,0,,,,Low,,EUR,EUR,,,,,"{""mapped_product_ids"": []}",AMBIGUOUS,Cardmarket bulk data does not prove finish/treatment,false,false,false,,,,,,,,NO_COMPARISON,,,,NO_COMPARISON,ambiguous_identity,,"{""ambiguity_reasons"": [""unproven_treatment""], ""external_provenance"": [], ""scryfall_cardmarket_id"": 717830, ""stored_ids"": [717830], ""validated_stored_ids"": [717830]}",,,,
13966,magic,Windswift Slice,128,ltc,Tales of Middle-earth Commander,en,Extended Art,rare,nonfoil,Extended Art,139,scryfall_oracle:39ab72e2-04f2-41cc-ae33-4cc564b1542b,,,5e5cade0-de63-402e-8397-eabb74730494,717831,,717831,Windswift Slice,5387,Tales of Middle-earth Commander,,,mixed/unknown,0.5,3.83,3,3.41,2.87,,2.99,2.99,2.99,2.99,Low,,EUR,EUR,,,,,"{""mapped_product_ids"": []}",AMBIGUOUS,Cardmarket bulk data does not prove finish/treatment,false,false,false,,,,,,,,NO_COMPARISON,,,,NO_COMPARISON,ambiguous_identity,,"{""ambiguity_reasons"": [""unproven_treatment""], ""external_provenance"": [], ""scryfall_cardmarket_id"": 717831, ""stored_ids"": [717831], ""validated_stored_ids"": [717831]}",,,,
13967,magic,The Balrog of Moria,129,ltc,Tales of Middle-earth Commander,en,Extended Art,rare,nonfoil,Extended Art,548,scryfall_oracle:d73191d8-6f94-4fba-acd2-2d0490e3ac00,,,fe94bb24-2de0-4257-9aa8-22de3ff18725,717832,,717832,The Balrog of Moria,5387,Tales of Middle-earth Commander,,,mixed/unknown,2,6.79,4.99,6.22,6.35,,4.5,4.5,12.25,12.25,Low,,EUR,EUR,,,,,"{""mapped_product_ids"": []}",AMBIGUOUS,Cardmarket bulk data does not prove finish/treatment,false,false,false,,,,,,,,NO_COMPARISON,,,,NO_COMPARISON,ambiguous_identity,,"{""ambiguity_reasons"": [""unproven_treatment""], ""external_provenance"": [], ""scryfall_cardmarket_id"": 717832, ""stored_ids"": [717832], ""validated_stored_ids"": [717832]}",,,,
13968,magic,Banquet Guests,130,ltc,Tales of Middle-earth Commander,en,Extended Art,rare,nonfoil,Extended Art,316,scryfall_oracle:7f2579ef-0422-4cb1-a0f8-6ad0d942515b,,,db1baa0c-0ff9-4a86-85b4-5eb87d0a1ed2,717833,,717833,Banquet Guests,5387,Tales of Middle-earth Commander,,,mixed/unknown,0.3,1.33,1.57,1.58,1.41,,0,,,,Low,,EUR,EUR,,,,,"{""mapped_product_ids"": []}",AMBIGUOUS,Cardmarket bulk data does not prove finish/treatment,false,false,false,,,,,,,,NO_COMPARISON,,,,NO_COMPARISON,ambiguous_identity,,"{""ambiguity_reasons"": [""unproven_treatment""], ""external_provenance"": [], ""scryfall_cardmarket_id"": 717833, ""stored_ids"": [717833], ""validated_stored_ids"": [717833]}",,,,
13969,magic,"Bilbo, Birthday Celebrant",131,ltc,Tales of Middle-earth Commander,en,Extended Art,rare,nonfoil,Extended Art,214,scryfall_oracle:5789520c-e4b2-44b2-b756-3f6b468dc55b,,,38d39cac-e6df-4b3a-826b-b040d80a5fde,717834,,717834,"Bilbo, Birthday Celebrant",5387,Tales of Middle-earth Commander,,,mixed/unknown,0.4,2.03,2,1.37,1.58,,1.8,1.8,1.45,1.45,Low,,EUR,EUR,,,,,"{""mapped_product_ids"": []}",AMBIGUOUS,Cardmarket bulk data does not prove finish/treatment,false,false,false,,,,,,,,NO_COMPARISON,,,,NO_COMPARISON,ambiguous_identity,,"{""ambiguity_reasons"": [""unproven_treatment""], ""external_provenance"": [], ""scryfall_cardmarket_id"": 717834, ""stored_ids"": [717834], ""validated_stored_ids"": [717834]}",,,,
13970,magic,"Boromir, Gondor's Hope",132,ltc,Tales of Middle-earth Commander,en,Extended Art,rare,nonfoil,Extended Art,226,scryfall_oracle:5bb5e4e5-c3b4-4f67-83e1-bde9ce9f18c4,,,dd1d4fae-2be2-4efe-97ee-838c8965e447,717835,,717835,"Boromir, Gondor's Hope",5387,Tales of Middle-earth Commander,,,mixed/unknown,0.39,1.54,1.95,1.4,1.37,,1,1,1,1,Low,,EUR,EUR,,,,,"{""mapped_product_ids"": []}",AMBIGUOUS,Cardmarket bulk data does not prove finish/treatment,false,false,false,,,,,,,,NO_COMPARISON,,,,NO_COMPARISON,ambiguous_identity,,"{""ambiguity_reasons"": [""unproven_treatment""], ""external_provenance"": [], ""scryfall_cardmarket_id"": 717835, ""stored_ids"": [717835], ""validated_stored_ids"": [717835]}",,,,
13971,magic,Círdan the Shipwright,133,ltc,Tales of Middle-earth Commander,en,Extended Art,rare,nonfoil,Extended Art,18,scryfall_oracle:063e05b0-554f-4b55-9feb-e11f3927f3a6,,,c26f61aa-c8e2-4304-ae81-10589bcf799a,717836,,717836,Círdan the Shipwright,5387,Tales of Middle-earth Commander,,,mixed/unknown,0.31,1.42,1.5,1.08,1.22,,0,,,,Low,,EUR,EUR,,,,,"{""mapped_product_ids"": []}",AMBIGUOUS,Cardmarket bulk data does not prove finish/treatment,false,false,false,,,,,,,,NO_COMPARISON,,,,NO_COMPARISON,ambiguous_identity,,"{""ambiguity_reasons"": [""unproven_treatment""], ""external_provenance"": [], ""scryfall_cardmarket_id"": 717836, ""stored_ids"": [717836], ""validated_stored_ids"": [717836]}",,,,
13972,magic,Elrond of the White Council,134,ltc,Tales of Middle-earth Commander,en,Extended Art,rare,nonfoil,Extended Art,223,scryfall_oracle:5ae4a172-b846-4ec2-8178-a8b762134bfe,,,e77933ff-bea5-495f-bb69-7688c01ae626,717837,,717837,Elrond of the White Council,5387,Tales of Middle-earth Commander,,,mixed/unknown,0.19,1.4,0.99,1.81,1.4,,1.4,1.4,1.4,1.4,Low,,EUR,EUR,,,,,"{""mapped_product_ids"": []}",AMBIGUOUS,Cardmarket bulk data does not prove finish/treatment,false,false,false,,,,,,,,NO_COMPARISON,,,,NO_COMPARISON,ambiguous_identity,,"{""ambiguity_reasons"": [""unproven_treatment""], ""external_provenance"": [], ""scryfall_cardmarket_id"": 717837, ""stored_ids"": [717837], ""validated_stored_ids"": [717837]}",,,,
13973,magic,"Éomer, King of Rohan",135,ltc,Tales of Middle-earth Commander,en,Extended Art,rare,nonfoil,Extended Art,200,scryfall_oracle:4f8191e6-a6aa-4426-9014-eff4e0efee9e,,,f2c11695-f22b-44d5-937c-2578f28f61f7,717838,,717838,"Éomer, King of Rohan",5387,Tales of Middle-earth Commander,,,mixed/unknown,0.41,2.28,1,2.06,2.11,,1.8,1.8,1.8,1.8,Low,,EUR,EUR,,,,,"{""mapped_product_ids"": []}",AMBIGUOUS,Cardmarket bulk data does not prove finish/treatment,false,false,false,,,,,,,,NO_COMPARISON,,,,NO_COMPARISON,ambiguous_identity,,"{""ambiguity_reasons"": [""unproven_treatment""], ""external_provenance"": [], ""scryfall_cardmarket_id"": 717838, ""stored_ids"": [717838], ""validated_stored_ids"": [717838]}",,,,
13974,magic,Erestor of the Council,136,ltc,Tales of Middle-earth Commander,en,Extended Art,rare,nonfoil,Extended Art,468,scryfall_oracle:b65e1dff-9423-4840-a6af-78cb3e6f4f31,,,812c35ae-cdb1-4420-a660-f2a9788759f9,717839,,717839,Erestor of the Council,5387,Tales of Middle-earth Commander,,,mixed/unknown,0.2,0.97,1.11,0.86,0.87,,2.75,2.75,1.88,1.88,Low,,EUR,EUR,,,,,"{""mapped_product_ids"": []}",AMBIGUOUS,Cardmarket bulk data does not prove finish/treatment,false,false,false,,,,,,,,NO_COMPARISON,,,,NO_COMPARISON,ambiguous_identity,,"{""ambiguity_reasons"": [""unproven_treatment""], ""external_provenance"": [], ""scryfall_cardmarket_id"": 717839, ""stored_ids"": [717839], ""validated_stored_ids"": [717839]}",,,,
13975,magic,"Faramir, Steward of Gondor",137,ltc,Tales of Middle-earth Commander,en,Extended Art,rare,nonfoil,Extended Art,180,scryfall_oracle:466af6da-52e8-4ac5-b659-7492e3594ff8,,,16fdf181-5e38-45b3-8918-9157df2122de,717840,,717840,"Faramir, Steward of Gondor",5387,Tales of Middle-earth Commander,,,mixed/unknown,0.4,2.84,2.5,2.91,2.49,,1,1,3.05,3.05,Low,,EUR,EUR,,,,,"{""mapped_product_ids"": []}",AMBIGUOUS,Cardmarket bulk data does not prove finish/treatment,false,false,false,,,,,,,,NO_COMPARISON,,,,NO_COMPARISON,ambiguous_identity,,"{""ambiguity_reasons"": [""unproven_treatment""], ""external_provenance"": [], ""scryfall_cardmarket_id"": 717840, ""stored_ids"": [717840], ""validated_stored_ids"": [717840]}",,,,
13976,magic,Farmer Cotton,138,ltc,Tales of Middle-earth Commander,en,Extended Art,rare,nonfoil,Extended Art,43,scryfall_oracle:11f1d2b7-0c2b-40df-bf90-3c55b23449af,,,d8e873a2-3772-4781-b702-eadab8f2a18e,717841,,717841,Farmer Cotton,5387,Tales of Middle-earth Commander,,,mixed/unknown,1.98,4.25,4.5,4.12,4.02,,1.75,1.75,1.75,1.75,Low,,EUR,EUR,,,,,"{""mapped_product_ids"": []}",AMBIGUOUS,Cardmarket bulk data does not prove finish/treatment,false,false,false,,,,,,,,NO_COMPARISON,,,,NO_COMPARISON,ambiguous_identity,,"{""ambiguity_reasons"": [""unproven_treatment""], ""external_provenance"": [], ""scryfall_cardmarket_id"": 717841, ""stored_ids"": [717841], ""validated_stored_ids"": [717841]}",,,,
13977,magic,Forth Eorlingas!,139,ltc,Tales of Middle-earth Commander,en,Extended Art,rare,nonfoil,Extended Art,129,scryfall_oracle:35807c14-4647-482f-9ba1-6d640fd5e8d8,,,1e3e8085-cfcd-4e88-b441-4d1f8ac63904,717842,,717842,Forth Eorlingas!,5387,Tales of Middle-earth Commander,,,mixed/unknown,8.85,10.4,9.74,10.02,10.42,,23.7,23.7,26.85,26.85,Low,,EUR,EUR,,,,,"{""mapped_product_ids"": []}",AMBIGUOUS,Cardmarket bulk data does not prove finish/treatment,false,false,false,,,,,,,,NO_COMPARISON,,,,NO_COMPARISON,ambiguous_identity,,"{""ambiguity_reasons"": [""unproven_treatment""], ""external_provenance"": [], ""scryfall_cardmarket_id"": 717842, ""stored_ids"": [717842], ""validated_stored_ids"": [717842]}",,,,
13978,magic,"Gríma, Saruman's Footman",140,ltc,Tales of Middle-earth Commander,en,Extended Art,rare,nonfoil,Extended Art,402,scryfall_oracle:9df60bb7-2dd4-4d22-b814-f52145356424,,,fd1ff1ad-4c8c-4bbc-949f-cf73776312b3,717843,,717843,"Gríma, Saruman's Footman",5387,Tales of Middle-earth Commander,,,mixed/unknown,3.45,5.38,6.99,6.06,6.48,22,2.5,2.5,2.5,2.5,Low,,EUR,EUR,,,,,"{""mapped_product_ids"": []}",AMBIGUOUS,Cardmarket bulk data does not prove finish/treatment,false,false,false,,,,,,,,NO_COMPARISON,,,,NO_COMPARISON,ambiguous_identity,,"{""ambiguity_reasons"": [""unproven_treatment""], ""external_provenance"": [], ""scryfall_cardmarket_id"": 717843, ""stored_ids"": [717843], ""validated_stored_ids"": [717843]}",,,,
13979,magic,Lidless Gaze,141,ltc,Tales of Middle-earth Commander,en,Extended Art,rare,nonfoil,Extended Art,99,scryfall_oracle:287aae84-b098-456e-b9cb-8eac51c36360,,,42a3cc9f-cbea-4454-8e91-894ff18db618,717844,,717844,Lidless Gaze,5387,Tales of Middle-earth Commander,,,mixed/unknown,0.19,0.75,1.35,0.73,0.79,,0,,,,Low,,EUR,EUR,,,,,"{""mapped_product_ids"": []}",AMBIGUOUS,Cardmarket bulk data does not prove finish/treatment,false,false,false,,,,,,,,NO_COMPARISON,,,,NO_COMPARISON,ambiguous_identity,,"{""ambiguity_reasons"": [""unproven_treatment""], ""external_provenance"": [], ""scryfall_cardmarket_id"": 717844, ""stored_ids"": [717844], ""validated_stored_ids"": [717844]}",,,,
13980,magic,Lord of the Nazgûl,142,ltc,Tales of Middle-earth Commander,en,Extended Art,rare,nonfoil,Extended Art,112,scryfall_oracle:2e94bfb2-9f7d-43af-8995-6cd5ffb15b21,,,2527c70c-0c4b-4a96-8df9-baaf8cc6ee8c,717845,,717845,Lord of the Nazgûl,5387,Tales of Middle-earth Commander,,,mixed/unknown,4.49,14.35,15,14.25,13.11,,19.9,19.9,16.45,16.45,Low,,EUR,EUR,,,,,"{""mapped_product_ids"": []}",AMBIGUOUS,Cardmarket bulk data does not prove finish/treatment,false,false,false,,,,,,,,NO_COMPARISON,,,,NO_COMPARISON,ambiguous_identity,,"{""ambiguity_reasons"": [""unproven_treatment""], ""external_provenance"": [], ""scryfall_cardmarket_id"": 717845, ""stored_ids"": [717845], ""validated_stored_ids"": [717845]}",,,,
13981,magic,"Merry, Warden of Isengard",143,ltc,Tales of Middle-earth Commander,en,Extended Art,rare,nonfoil,Extended Art,70,scryfall_oracle:1b600345-2b89-45bc-98c8-609fdd08a5fd,,,7f82181b-af4e-4a79-add6-17097b1f317c,717846,,717846,"Merry, Warden of Isengard",5387,Tales of Middle-earth Commander,,,mixed/unknown,0.38,1.41,1.48,1.59,1.74,,2.75,2.75,1.87,1.87,Low,,EUR,EUR,,,,,"{""mapped_product_ids"": []}",AMBIGUOUS,Cardmarket bulk data does not prove finish/treatment,false,false,false,,,,,,,,NO_COMPARISON,,,,NO_COMPARISON,ambiguous_identity,,"{""ambiguity_reasons"": [""unproven_treatment""], ""external_provenance"": [], ""scryfall_cardmarket_id"": 717846, ""stored_ids"": [717846], ""validated_stored_ids"": [717846]}",,,,
13982,magic,Mirkwood Trapper,144,ltc,Tales of Middle-earth Commander,en,Extended Art,rare,nonfoil,Extended Art,568,scryfall_oracle:debbbdb2-2fa8-413f-b394-977212915c65,,,f8898165-4688-404a-9087-4ff85314f1d4,717847,,717847,Mirkwood Trapper,5387,Tales of Middle-earth Commander,,,mixed/unknown,0.15,0.59,0.6,0.57,0.67,,0,,,,Low,,EUR,EUR,,,,,"{""mapped_product_ids"": []}",AMBIGUOUS,Cardmarket bulk data does not prove finish/treatment,false,false,false,,,,,,,,NO_COMPARISON,,,,NO_COMPARISON,ambiguous_identity,,"{""ambiguity_reasons"": [""unproven_treatment""], ""external_provenance"": [], ""scryfall_cardmarket_id"": 717847, ""stored_ids"": [717847], ""validated_stored_ids"": [717847]}",,,,
13983,magic,Moria Scavenger,145,ltc,Tales of Middle-earth Commander,en,Extended Art,rare,nonfoil,Extended Art,423,scryfall_oracle:a598e824-ad8e-4947-896b-70c5275b615a,,,41f877d5-77a4-4147-b6c5-f1fd4d9c5c5a,717848,,717848,Moria Scavenger,5387,Tales of Middle-earth Commander,,,mixed/unknown,0.24,2.01,1.15,1.63,1.56,,0.5,0.5,0.83,0.83,Low,,EUR,EUR,,,,,"{""mapped_product_ids"": []}",AMBIGUOUS,Cardmarket bulk data does not prove finish/treatment,false,false,false,,,,,,,,NO_COMPARISON,,,,NO_COMPARISON,ambiguous_identity,,"{""ambiguity_reasons"": [""unproven_treatment""], ""external_provenance"": [], ""scryfall_cardmarket_id"": 717848, ""stored_ids"": [717848], ""validated_stored_ids"": [717848]}",,,,
13984,magic,"Pippin, Warden of Isengard",146,ltc,Tales of Middle-earth Commander,en,Extended Art,rare,nonfoil,Extended Art,167,scryfall_oracle:421ec8a8-2b20-4296-b8f7-010acc3f8097,,,01bb5aa5-2147-4884-aaa2-f3785bc8e581,717849,,717849,"Pippin, Warden of Isengard",5387,Tales of Middle-earth Commander,,,mixed/unknown,0.59,4.69,3.99,4.43,3.81,,0,,,,Low,,EUR,EUR,,,,,"{""mapped_product_ids"": []}",AMBIGUOUS,Cardmarket bulk data does not prove finish/treatment,false,false,false,,,,,,,,NO_COMPARISON,,,,NO_COMPARISON,ambiguous_identity,,"{""ambiguity_reasons"": [""unproven_treatment""], ""external_provenance"": [], ""scryfall_cardmarket_id"": 717849, ""stored_ids"": [717849], ""validated_stored_ids"": [717849]}",,,,
13985,magic,"Radagast, Wizard of Wilds",147,ltc,Tales of Middle-earth Commander,en,Extended Art,rare,nonfoil,Extended Art,203,scryfall_oracle:50f144f8-29eb-4af7-9a50-eded3b9c83c2,,,8dc1b381-fbc4-451c-a468-2beaa344a581,717850,,717850,"Radagast, Wizard of Wilds",5387,Tales of Middle-earth Commander,,,mixed/unknown,0.2,1.02,0.59,1,1.28,,0,,,,Low,,EUR,EUR,,,,,"{""mapped_product_ids"": []}",AMBIGUOUS,Cardmarket bulk data does not prove finish/treatment,false,false,false,,,,,,,,NO_COMPARISON,,,,NO_COMPARISON,ambiguous_identity,,"{""ambiguity_reasons"": [""unproven_treatment""], ""external_provenance"": [], ""scryfall_cardmarket_id"": 717850, ""stored_ids"": [717850], ""validated_stored_ids"": [717850]}",,,,
13986,magic,Riders of Rohan,148,ltc,Tales of Middle-earth Commander,en,Extended Art,rare,nonfoil,Extended Art,264,scryfall_oracle:688a559d-249f-4d03-98e6-581843e7ddc3,,,913e09a2-2eaf-4103-b266-9c70cb279896,717851,,717851,Riders of Rohan,5387,Tales of Middle-earth Commander,,,mixed/unknown,0.29,1.03,0.6,1.35,1.09,,0.5,0.5,0.5,0.5,Low,,EUR,EUR,,,,,"{""mapped_product_ids"": []}",AMBIGUOUS,Cardmarket bulk data does not prove finish/treatment,false,false,false,,,,,,,,NO_COMPARISON,,,,NO_COMPARISON,ambiguous_identity,,"{""ambiguity_reasons"": [""unproven_treatment""], ""external_provenance"": [], ""scryfall_cardmarket_id"": 717851, ""stored_ids"": [717851], ""validated_stored_ids"": [717851]}",,,,
13987,magic,Sail into the West,149,ltc,Tales of Middle-earth Commander,en,Extended Art,rare,nonfoil,Extended Art,27,scryfall_oracle:0a8956d0-bd37-4305-8443-4df043796f6e,,,95d37419-7fff-4849-9725-3c79e44627a7,717852,,717852,Sail into the West,5387,Tales of Middle-earth Commander,,,mixed/unknown,0.4,0.99,1,1.03,0.99,,0.83,0.81,0.7,0.7,Low,,EUR,EUR,,,,,"{""mapped_product_ids"": []}",AMBIGUOUS,Cardmarket bulk data does not prove finish/treatment,false,false,false,,,,,,,,NO_COMPARISON,,,,NO_COMPARISON,ambiguous_identity,,"{""ambiguity_reasons"": [""unproven_treatment""], ""external_provenance"": [], ""scryfall_cardmarket_id"": 717852, ""stored_ids"": [717852], ""validated_stored_ids"": [717852]}",,,,
13988,magic,Summons of Saruman,150,ltc,Tales of Middle-earth Commander,en,Extended Art,rare,nonfoil,Extended Art,447,scryfall_oracle:aede5485-7b8c-4e29-a3a4-9a3513dc733f,,,f94d77e2-ab13-4c48-bfde-b6f389ac8479,717853,,717853,Summons of Saruman,5387,Tales of Middle-earth Commander,,,mixed/unknown,0.39,2.19,0.97,2.83,1.46,,1.3,1.3,1.3,1.3,Low,,EUR,EUR,,,,,"{""mapped_product_ids"": []}",AMBIGUOUS,Cardmarket bulk data does not prove finish/treatment,false,false,false,,,,,,,,NO_COMPARISON,,,,NO_COMPARISON,ambiguous_identity,,"{""ambiguity_reasons"": [""unproven_treatment""], ""external_provenance"": [], ""scryfall_cardmarket_id"": 717853, ""stored_ids"": [717853], ""validated_stored_ids"": [717853]}",,,,
13989,magic,Taunt from the Rampart,151,ltc,Tales of Middle-earth Commander,en,Extended Art,rare,nonfoil,Extended Art,364,scryfall_oracle:9138a768-d01d-4603-9bae-d3bff6cd2f61,,,211f7480-73a4-40e6-9249-130b96660e18,717854,,717854,Taunt from the Rampart,5387,Tales of Middle-earth Commander,,,mixed/unknown,5.99,11.36,11.9,11.11,9.67,,3.7,3.7,5.85,5.85,Low,,EUR,EUR,,,,,"{""mapped_product_ids"": []}",AMBIGUOUS,Cardmarket bulk data does not prove finish/treatment,false,false,false,,,,,,,,NO_COMPARISON,,,,NO_COMPARISON,ambiguous_identity,,"{""ambiguity_reasons"": [""unproven_treatment""], ""external_provenance"": [], ""scryfall_cardmarket_id"": 717854, ""stored_ids"": [717854], ""validated_stored_ids"": [717854]}",,,,
13990,magic,"Too Greedily, Too Deep",152,ltc,Tales of Middle-earth Commander,en,Extended Art,rare,nonfoil,Extended Art,448,scryfall_oracle:af65bbf9-e328-4b8b-8caa-c6dff743867b,,,4a8e2312-1a17-4f7b-bd9a-c510a4cf127b,717855,,717855,"Too Greedily, Too Deep",5387,Tales of Middle-earth Commander,,,mixed/unknown,0.37,1.34,1.48,1.53,1.86,,0,,,,Low,,EUR,EUR,,,,,"{""mapped_product_ids"": []}",AMBIGUOUS,Cardmarket bulk data does not prove finish/treatment,false,false,false,,,,,,,,NO_COMPARISON,,,,NO_COMPARISON,ambiguous_identity,,"{""ambiguity_reasons"": [""unproven_treatment""], ""external_provenance"": [], ""scryfall_cardmarket_id"": 717855, ""stored_ids"": [717855], ""validated_stored_ids"": [717855]}",,,,
13991,magic,"Treebeard, Gracious Host",153,ltc,Tales of Middle-earth Commander,en,Extended Art,rare,nonfoil,Extended Art,325,scryfall_oracle:83860749-1603-46e9-9065-e98001244193,,,f371dce2-cf3b-4fae-a80d-23585e7a6406,717856,,717856,"Treebeard, Gracious Host",5387,Tales of Middle-earth Commander,,,mixed/unknown,2.9,7.79,10.92,8.36,9.18,,7,7,5,5,Low,,EUR,EUR,,,,,"{""mapped_product_ids"": []}",AMBIGUOUS,Cardmarket bulk data does not prove finish/treatment,false,false,false,,,,,,,,NO_COMPARISON,,,,NO_COMPARISON,ambiguous_identity,,"{""ambiguity_reasons"": [""unproven_treatment""], ""external_provenance"": [], ""scryfall_cardmarket_id"": 717856, ""stored_ids"": [717856], ""validated_stored_ids"": [717856]}",,,,
13992,magic,Wake the Dragon,154,ltc,Tales of Middle-earth Commander,en,Extended Art,rare,nonfoil,Extended Art,534,scryfall_oracle:cfa5b168-d112-4b92-ac42-8bba30f15d77,,,5b72634e-f38c-40d4-99d1-054306309706,717857,,717857,Wake the Dragon,5387,Tales of Middle-earth Commander,,,mixed/unknown,0.4,1.65,1.49,1.61,1.72,,0.9,0.9,0.9,0.9,Low,,EUR,EUR,,,,,"{""mapped_product_ids"": []}",AMBIGUOUS,Cardmarket bulk data does not prove finish/treatment,false,false,false,,,,,,,,NO_COMPARISON,,,,NO_COMPARISON,ambiguous_identity,,"{""ambiguity_reasons"": [""unproven_treatment""], ""external_provenance"": [], ""scryfall_cardmarket_id"": 717857, ""stored_ids"": [717857], ""validated_stored_ids"": [717857]}",,,,
13993,magic,Crown of Gondor,155,ltc,Tales of Middle-earth Commander,en,Extended Art,rare,nonfoil,Extended Art,627,scryfall_oracle:f95021cf-14c4-4792-8746-432bf9e7c1a9,,,b29f1d8e-c305-4e8f-aa9e-a07985aea68c,717858,,717858,Crown of Gondor,5387,Tales of Middle-earth Commander,,,mixed/unknown,0.49,2.26,2.29,2.08,2.16,,0,,,,Low,,EUR,EUR,,,,,"{""mapped_product_ids"": []}",AMBIGUOUS,Cardmarket bulk data does not prove finish/treatment,false,false,false,,,,,,,,NO_COMPARISON,,,,NO_COMPARISON,ambiguous_identity,,"{""ambiguity_reasons"": [""unproven_treatment""], ""external_provenance"": [], ""scryfall_cardmarket_id"": 717858, ""stored_ids"": [717858], ""validated_stored_ids"": [717858]}",,,,
13994,magic,Hithlain Rope,156,ltc,Tales of Middle-earth Commander,en,Extended Art,rare,nonfoil,Extended Art,292,scryfall_oracle:76dfa5c2-1ea6-4f89-9903-26998636845e,,,cc1468ee-d0fe-4c8d-b582-fe540f49596c,717859,,717859,Hithlain Rope,5387,Tales of Middle-earth Commander,,,mixed/unknown,0.35,1.05,1.05,1.43,1.72,,0.99,0.99,1,1,Low,,EUR,EUR,,,,,"{""mapped_product_ids"": []}",AMBIGUOUS,Cardmarket bulk data does not prove finish/treatment,false,false,false,,,,,,,,NO_COMPARISON,,,,NO_COMPARISON,ambiguous_identity,,"{""ambiguity_reasons"": [""unproven_treatment""], ""external_provenance"": [], ""scryfall_cardmarket_id"": 717859, ""stored_ids"": [717859], ""validated_stored_ids"": [717859]}",,,,
13995,magic,Lothlórien Blade,157,ltc,Tales of Middle-earth Commander,en,Extended Art,rare,nonfoil,Extended Art,416,scryfall_oracle:a2a39123-8b70-4678-8675-ba79f37a5db8,,,6360afed-c02b-4f10-8d8c-1633a49fabb7,717860,,717860,Lothlórien Blade,5387,Tales of Middle-earth Commander,,,mixed/unknown,0.29,1.53,1.04,1.72,1.56,,0,,,,Low,,EUR,EUR,,,,,"{""mapped_product_ids"": []}",AMBIGUOUS,Cardmarket bulk data does not prove finish/treatment,false,false,false,,,,,,,,NO_COMPARISON,,,,NO_COMPARISON,ambiguous_identity,,"{""ambiguity_reasons"": [""unproven_treatment""], ""external_provenance"": [], ""scryfall_cardmarket_id"": 717860, ""stored_ids"": [717860], ""validated_stored_ids"": [717860]}",,,,
13996,magic,Model of Unity,158,ltc,Tales of Middle-earth Commander,en,Extended Art,rare,nonfoil,Extended Art,552,scryfall_oracle:d7b69fd7-e575-4009-8549-f576249ba641,,,9e77ad2b-0ed6-4d8d-95a2-ac2c9a5492cd,717861,,717861,Model of Unity,5387,Tales of Middle-earth Commander,,,mixed/unknown,0.15,0.69,0.55,0.48,0.59,,0,,,,Low,,EUR,EUR,,,,,"{""mapped_product_ids"": []}",AMBIGUOUS,Cardmarket bulk data does not prove finish/treatment,false,false,false,,,,,,,,NO_COMPARISON,,,,NO_COMPARISON,ambiguous_identity,,"{""ambiguity_reasons"": [""unproven_treatment""], ""external_provenance"": [], ""scryfall_cardmarket_id"": 717861, ""stored_ids"": [717861], ""validated_stored_ids"": [717861]}",,,,
13997,magic,Relic of Sauron,159,ltc,Tales of Middle-earth Commander,en,Extended Art,rare,nonfoil,Extended Art,463,scryfall_oracle:b3a81bb1-cbd5-41a0-8dd4-faea06593f84,,,15c5d6cd-8af6-4852-8043-e6b1ef771ce6,717862,,717862,Relic of Sauron,5387,Tales of Middle-earth Commander,,,mixed/unknown,11.49,12.95,24.35,12.57,14.96,,17.06,19.49,13.13,13.13,Low,,EUR,EUR,,,,,"{""mapped_product_ids"": []}",AMBIGUOUS,Cardmarket bulk data does not prove finish/treatment,false,false,false,,,,,,,,NO_COMPARISON,,,,NO_COMPARISON,ambiguous_identity,,"{""ambiguity_reasons"": [""unproven_treatment""], ""external_provenance"": [], ""scryfall_cardmarket_id"": 717862, ""stored_ids"": [717862], ""validated_stored_ids"": [717862]}",,,,
13998,magic,The Black Gate,160,ltc,Tales of Middle-earth Commander,en,Extended Art,rare,nonfoil,Extended Art,165,scryfall_oracle:40eb9904-dea3-47cf-963a-04821f98ba64,,,d6f6dca3-c618-4916-b93c-17c83ac3af0b,717863,,717863,The Black Gate,5387,Tales of Middle-earth Commander,,,mixed/unknown,8.8,18.02,20,17.55,19.18,,0,,,,Low,,EUR,EUR,,,,,"{""mapped_product_ids"": []}",AMBIGUOUS,Cardmarket bulk data does not prove finish/treatment,false,false,false,,,,,,,,NO_COMPARISON,,,,NO_COMPARISON,ambiguous_identity,,"{""ambiguity_reasons"": [""unproven_treatment""], ""external_provenance"": [], ""scryfall_cardmarket_id"": 717863, ""stored_ids"": [717863], ""validated_stored_ids"": [717863]}",,,,
14186,magic,The Great Henge,348,ltc,Tales of Middle-earth Commander,en,Realms & Relics,mythic,nonfoil,Realms & Relics,297,scryfall_oracle:78427103-9543-41fb-b6d4-72963fe87275,,,064efadf-fdba-41fb-bf2f-ef42b274e934,717891,,717891,The Great Henge,5387,Tales of Middle-earth Commander,,,mixed/unknown,49.45,76,89.84,75.34,74.29,62,76.39,69.43,72.32,74.65,Low,,EUR,EUR,,,,,"{""mapped_product_ids"": []}",AMBIGUOUS,Cardmarket bulk data does not prove finish/treatment,false,false,false,,,,,,,,NO_COMPARISON,,,,NO_COMPARISON,ambiguous_identity,,"{""ambiguity_reasons"": [""unproven_treatment""], ""external_provenance"": [], ""scryfall_cardmarket_id"": 717891, ""stored_ids"": [717891], ""validated_stored_ids"": [717891]}",,,,
14187,magic,The Great Henge,348,ltc,Tales of Middle-earth Commander,en,Realms & Relics,mythic,foil,Realms & Relics,297,scryfall_oracle:78427103-9543-41fb-b6d4-72963fe87275,,,064efadf-fdba-41fb-bf2f-ef42b274e934,717891,,717891,The Great Henge,5387,Tales of Middle-earth Commander,,,mixed/unknown,49.45,76,89.84,75.34,74.29,62,76.39,69.43,72.32,74.65,Foil Low,,EUR,EUR,,,,,"{""mapped_product_ids"": []}",AMBIGUOUS,Cardmarket bulk data does not prove finish/treatment,false,false,false,,,,,,,,NO_COMPARISON,,,,NO_COMPARISON,ambiguous_identity,,"{""ambiguity_reasons"": [""unproven_treatment""], ""external_provenance"": [], ""scryfall_cardmarket_id"": 717891, ""stored_ids"": [717891], ""validated_stored_ids"": [717891]}",,,,
14188,magic,Cloudstone Curio,349,ltc,Tales of Middle-earth Commander,en,Realms & Relics,mythic,nonfoil,Realms & Relics,228,scryfall_oracle:5cd2fd32-4da2-40eb-b003-c0b9a9ec91c1,,,a1f3fc27-b3ea-476c-be23-f1c30ef27f96,717896,,717896,Cloudstone Curio,5387,Tales of Middle-earth Commander,,,mixed/unknown,5.29,7.8,7.99,8.39,8.13,5.49,10.37,8.6,9.23,8.65,Low,,EUR,EUR,,,,,"{""mapped_product_ids"": []}",AMBIGUOUS,Cardmarket bulk data does not prove finish/treatment,false,false,false,,,,,,,,NO_COMPARISON,,,,NO_COMPARISON,ambiguous_identity,,"{""ambiguity_reasons"": [""unproven_treatment""], ""external_provenance"": [], ""scryfall_cardmarket_id"": 717896, ""stored_ids"": [717896], ""validated_stored_ids"": [717896]}",,,,
14189,magic,Cloudstone Curio,349,ltc,Tales of Middle-earth Commander,en,Realms & Relics,mythic,foil,Realms & Relics,228,scryfall_oracle:5cd2fd32-4da2-40eb-b003-c0b9a9ec91c1,,,a1f3fc27-b3ea-476c-be23-f1c30ef27f96,717896,,717896,Cloudstone Curio,5387,Tales of Middle-earth Commander,,,mixed/unknown,5.29,7.8,7.99,8.39,8.13,5.49,10.37,8.6,9.23,8.65,Foil Low,,EUR,EUR,,,,,"{""mapped_product_ids"": []}",AMBIGUOUS,Cardmarket bulk data does not prove finish/treatment,false,false,false,,,,,,,,NO_COMPARISON,,,,NO_COMPARISON,ambiguous_identity,,"{""ambiguity_reasons"": [""unproven_treatment""], ""external_provenance"": [], ""scryfall_cardmarket_id"": 717896, ""stored_ids"": [717896], ""validated_stored_ids"": [717896]}",,,,
14190,magic,Ensnaring Bridge,350,ltc,Tales of Middle-earth Commander,en,Realms & Relics,mythic,nonfoil,Realms & Relics,558,scryfall_oracle:dade5835-ccaf-45e3-b9a3-46017e0384b3,,,1b251eca-06c2-4609-aaed-a88711ef6a45,717899,,717899,Ensnaring Bridge,5387,Tales of Middle-earth Commander,,,mixed/unknown,10,14.25,13.95,14.48,15.23,10,18.73,17.68,17.54,16.32,Low,,EUR,EUR,,,,,"{""mapped_product_ids"": []}",AMBIGUOUS,Cardmarket bulk data does not prove finish/treatment,false,false,false,,,,,,,,NO_COMPARISON,,,,NO_COMPARISON,ambiguous_identity,,"{""ambiguity_reasons"": [""unproven_treatment""], ""external_provenance"": [], ""scryfall_cardmarket_id"": 717899, ""stored_ids"": [717899], ""validated_stored_ids"": [717899]}",,,,
14191,magic,Ensnaring Bridge,350,ltc,Tales of Middle-earth Commander,en,Realms & Relics,mythic,foil,Realms & Relics,558,scryfall_oracle:dade5835-ccaf-45e3-b9a3-46017e0384b3,,,1b251eca-06c2-4609-aaed-a88711ef6a45,717899,,717899,Ensnaring Bridge,5387,Tales of Middle-earth Commander,,,mixed/unknown,10,14.25,13.95,14.48,15.23,10,18.73,17.68,17.54,16.32,Foil Low,,EUR,EUR,,,,,"{""mapped_product_ids"": []}",AMBIGUOUS,Cardmarket bulk data does not prove finish/treatment,false,false,false,,,,,,,,NO_COMPARISON,,,,NO_COMPARISON,ambiguous_identity,,"{""ambiguity_reasons"": [""unproven_treatment""], ""external_provenance"": [], ""scryfall_cardmarket_id"": 717899, ""stored_ids"": [717899], ""validated_stored_ids"": [717899]}",,,,
14192,magic,The Ozolith,351,ltc,Tales of Middle-earth Commander,en,Realms & Relics,mythic,nonfoil,Realms & Relics,63,scryfall_oracle:1946ded1-5f53-409f-b0a6-5433bb0357d2,,,83a46e68-7fb5-4c17-b5aa-ed039cea59d6,717902,,717902,The Ozolith,5387,Tales of Middle-earth Commander,,,mixed/unknown,34,86.76,82.95,71.93,68.25,54.99,82.57,86.5,77.01,77.15,Low,,EUR,EUR,,,,,"{""mapped_product_ids"": []}",AMBIGUOUS,Cardmarket bulk data does not prove finish/treatment,false,false,false,,,,,,,,NO_COMPARISON,,,,NO_COMPARISON,ambiguous_identity,,"{""ambiguity_reasons"": [""unproven_treatment""], ""external_provenance"": [], ""scryfall_cardmarket_id"": 717902, ""stored_ids"": [717902], ""validated_stored_ids"": [717902]}",,,,
14193,magic,The Ozolith,351,ltc,Tales of Middle-earth Commander,en,Realms & Relics,mythic,foil,Realms & Relics,63,scryfall_oracle:1946ded1-5f53-409f-b0a6-5433bb0357d2,,,83a46e68-7fb5-4c17-b5aa-ed039cea59d6,717902,,717902,The Ozolith,5387,Tales of Middle-earth Commander,,,mixed/unknown,34,86.76,82.95,71.93,68.25,54.99,82.57,86.5,77.01,77.15,Foil Low,,EUR,EUR,,,,,"{""mapped_product_ids"": []}",AMBIGUOUS,Cardmarket bulk data does not prove finish/treatment,false,false,false,,,,,,,,NO_COMPARISON,,,,NO_COMPARISON,ambiguous_identity,,"{""ambiguity_reasons"": [""unproven_treatment""], ""external_provenance"": [], ""scryfall_cardmarket_id"": 717902, ""stored_ids"": [717902], ""validated_stored_ids"": [717902]}",,,,
14194,magic,Rings of Brighthearth,352,ltc,Tales of Middle-earth Commander,en,Realms & Relics,mythic,nonfoil,Realms & Relics,480,scryfall_oracle:bbf9494c-c4bb-4d36-98fe-8387846b342e,,,730d64cf-e71b-46dd-8e26-d2dec2608fc0,717906,,717906,Rings of Brighthearth,5387,Tales of Middle-earth Commander,,,mixed/unknown,5.95,9.87,10.23,10.55,9.97,9,14.63,32.5,14.51,12.08,Low,,EUR,EUR,,,,,"{""mapped_product_ids"": []}",AMBIGUOUS,Cardmarket bulk data does not prove finish/treatment,false,false,false,,,,,,,,NO_COMPARISON,,,,NO_COMPARISON,ambiguous_identity,,"{""ambiguity_reasons"": [""unproven_treatment""], ""external_provenance"": [], ""scryfall_cardmarket_id"": 717906, ""stored_ids"": [717906], ""validated_stored_ids"": [717906]}",,,,
14195,magic,Rings of Brighthearth,352,ltc,Tales of Middle-earth Commander,en,Realms & Relics,mythic,foil,Realms & Relics,480,scryfall_oracle:bbf9494c-c4bb-4d36-98fe-8387846b342e,,,730d64cf-e71b-46dd-8e26-d2dec2608fc0,717906,,717906,Rings of Brighthearth,5387,Tales of Middle-earth Commander,,,mixed/unknown,5.95,9.87,10.23,10.55,9.97,9,14.63,32.5,14.51,12.08,Foil Low,,EUR,EUR,,,,,"{""mapped_product_ids"": []}",AMBIGUOUS,Cardmarket bulk data does not prove finish/treatment,false,false,false,,,,,,,,NO_COMPARISON,,,,NO_COMPARISON,ambiguous_identity,,"{""ambiguity_reasons"": [""unproven_treatment""], ""external_provenance"": [], ""scryfall_cardmarket_id"": 717906, ""stored_ids"": [717906], ""validated_stored_ids"": [717906]}",,,,
14196,magic,Shadowspear,353,ltc,Tales of Middle-earth Commander,en,Realms & Relics,mythic,nonfoil,Realms & Relics,348,scryfall_oracle:8b27326f-e7b8-4a4d-b589-df459246d19a,,,0e818a8b-d0b1-4524-91b7-89ee03d12e41,717908,,717908,Shadowspear,5387,Tales of Middle-earth Commander,,,mixed/unknown,36,61.41,64.98,57.9,57.7,42.25,68.86,72.59,65.34,64.69,Low,,EUR,EUR,,,,,"{""mapped_product_ids"": []}",AMBIGUOUS,Cardmarket bulk data does not prove finish/treatment,false,false,false,,,,,,,,NO_COMPARISON,,,,NO_COMPARISON,ambiguous_identity,,"{""ambiguity_reasons"": [""unproven_treatment""], ""external_provenance"": [], ""scryfall_cardmarket_id"": 717908, ""stored_ids"": [717908], ""validated_stored_ids"": [717908]}",,,,
14197,magic,Shadowspear,353,ltc,Tales of Middle-earth Commander,en,Realms & Relics,mythic,foil,Realms & Relics,348,scryfall_oracle:8b27326f-e7b8-4a4d-b589-df459246d19a,,,0e818a8b-d0b1-4524-91b7-89ee03d12e41,717908,,717908,Shadowspear,5387,Tales of Middle-earth Commander,,,mixed/unknown,36,61.41,64.98,57.9,57.7,42.25,68.86,72.59,65.34,64.69,Foil Low,,EUR,EUR,,,,,"{""mapped_product_ids"": []}",AMBIGUOUS,Cardmarket bulk data does not prove finish/treatment,false,false,false,,,,,,,,NO_COMPARISON,,,,NO_COMPARISON,ambiguous_identity,,"{""ambiguity_reasons"": [""unproven_treatment""], ""external_provenance"": [], ""scryfall_cardmarket_id"": 717908, ""stored_ids"": [717908], ""validated_stored_ids"": [717908]}",,,,
14198,magic,Sword of Hearth and Home,354,ltc,Tales of Middle-earth Commander,en,Realms & Relics,mythic,nonfoil,Realms & Relics,365,scryfall_oracle:913e6182-706a-4872-8c8a-e146b0ae0738,,,9e30230a-4b75-4fc6-9c98-b12791beea2d,717911,,717911,Sword of Hearth and Home,5387,Tales of Middle-earth Commander,,,mixed/unknown,8.43,20.72,23,20.12,19.76,8.57,21.91,21.75,21.06,20.12,Low,,EUR,EUR,,,,,"{""mapped_product_ids"": []}",AMBIGUOUS,Cardmarket bulk data does not prove finish/treatment,false,false,false,,,,,,,,NO_COMPARISON,,,,NO_COMPARISON,ambiguous_identity,,"{""ambiguity_reasons"": [""unproven_treatment""], ""external_provenance"": [], ""scryfall_cardmarket_id"": 717911, ""stored_ids"": [717911], ""validated_stored_ids"": [717911]}",,,,
14199,magic,Sword of Hearth and Home,354,ltc,Tales of Middle-earth Commander,en,Realms & Relics,mythic,foil,Realms & Relics,365,scryfall_oracle:913e6182-706a-4872-8c8a-e146b0ae0738,,,9e30230a-4b75-4fc6-9c98-b12791beea2d,717911,,717911,Sword of Hearth and Home,5387,Tales of Middle-earth Commander,,,mixed/unknown,8.43,20.72,23,20.12,19.76,8.57,21.91,21.75,21.06,20.12,Foil Low,,EUR,EUR,,,,,"{""mapped_product_ids"": []}",AMBIGUOUS,Cardmarket bulk data does not prove finish/treatment,false,false,false,,,,,,,,NO_COMPARISON,,,,NO_COMPARISON,ambiguous_identity,,"{""ambiguity_reasons"": [""unproven_treatment""], ""external_provenance"": [], ""scryfall_cardmarket_id"": 717911, ""stored_ids"": [717911], ""validated_stored_ids"": [717911]}",,,,
14200,magic,Sword of the Animist,355,ltc,Tales of Middle-earth Commander,en,Realms & Relics,mythic,nonfoil,Realms & Relics,549,scryfall_oracle:d79cbc61-6c15-48ea-bbba-3cffb819ccba,,,7ee0bfdb-1b81-4ce2-a63e-69b75eba6c57,717913,,717913,Sword of the Animist,5387,Tales of Middle-earth Commander,,,mixed/unknown,8.57,14.65,15.74,14.26,14.05,8.57,15.29,23.25,15.5,14.85,Low,,EUR,EUR,,,,,"{""mapped_product_ids"": []}",AMBIGUOUS,Cardmarket bulk data does not prove finish/treatment,false,false,false,,,,,,,,NO_COMPARISON,,,,NO_COMPARISON,ambiguous_identity,,"{""ambiguity_reasons"": [""unproven_treatment""], ""external_provenance"": [], ""scryfall_cardmarket_id"": 717913, ""stored_ids"": [717913], ""validated_stored_ids"": [717913]}",,,,
14201,magic,Sword of the Animist,355,ltc,Tales of Middle-earth Commander,en,Realms & Relics,mythic,foil,Realms & Relics,549,scryfall_oracle:d79cbc61-6c15-48ea-bbba-3cffb819ccba,,,7ee0bfdb-1b81-4ce2-a63e-69b75eba6c57,717913,,717913,Sword of the Animist,5387,Tales of Middle-earth Commander,,,mixed/unknown,8.57,14.65,15.74,14.26,14.05,8.57,15.29,23.25,15.5,14.85,Foil Low,,EUR,EUR,,,,,"{""mapped_product_ids"": []}",AMBIGUOUS,Cardmarket bulk data does not prove finish/treatment,false,false,false,,,,,,,,NO_COMPARISON,,,,NO_COMPARISON,ambiguous_identity,,"{""ambiguity_reasons"": [""unproven_treatment""], ""external_provenance"": [], ""scryfall_cardmarket_id"": 717913, ""stored_ids"": [717913], ""validated_stored_ids"": [717913]}",,,,
14202,magic,Thorn of Amethyst,356,ltc,Tales of Middle-earth Commander,en,Realms & Relics,mythic,nonfoil,Realms & Relics,31,scryfall_oracle:0c6c5336-9233-4ab1-9d55-79f20be7ea57,,,6d6c1b72-6b8d-4f2d-a9d5-3bcf9f63a0c6,717864,,717864,Thorn of Amethyst,5387,Tales of Middle-earth Commander,,,mixed/unknown,0.7,2.53,1.28,2.86,2.4,0.7,3.24,2.81,3.09,2.57,Low,,EUR,EUR,,,,,"{""mapped_product_ids"": []}",AMBIGUOUS,Cardmarket bulk data does not prove finish/treatment,false,false,false,,,,,,,,NO_COMPARISON,,,,NO_COMPARISON,ambiguous_identity,,"{""ambiguity_reasons"": [""unproven_treatment""], ""external_provenance"": [], ""scryfall_cardmarket_id"": 717864, ""stored_ids"": [717864], ""validated_stored_ids"": [717864]}",,,,
14203,magic,Thorn of Amethyst,356,ltc,Tales of Middle-earth Commander,en,Realms & Relics,mythic,foil,Realms & Relics,31,scryfall_oracle:0c6c5336-9233-4ab1-9d55-79f20be7ea57,,,6d6c1b72-6b8d-4f2d-a9d5-3bcf9f63a0c6,717864,,717864,Thorn of Amethyst,5387,Tales of Middle-earth Commander,,,mixed/unknown,0.7,2.53,1.28,2.86,2.4,0.7,3.24,2.81,3.09,2.57,Foil Low,,EUR,EUR,,,,,"{""mapped_product_ids"": []}",AMBIGUOUS,Cardmarket bulk data does not prove finish/treatment,false,false,false,,,,,,,,NO_COMPARISON,,,,NO_COMPARISON,ambiguous_identity,,"{""ambiguity_reasons"": [""unproven_treatment""], ""external_provenance"": [], ""scryfall_cardmarket_id"": 717864, ""stored_ids"": [717864], ""validated_stored_ids"": [717864]}",,,,
14204,magic,Ancient Tomb,357,ltc,Tales of Middle-earth Commander,en,Realms & Relics,mythic,nonfoil,Realms & Relics,87,scryfall_oracle:23467047-6dba-4498-b783-1ebc4f74b8c2,,,dfd176e9-55e7-454c-bd35-24a6e3fb0d81,717914,,717914,Ancient Tomb,5387,Tales of Middle-earth Commander,,,mixed/unknown,134.95,171.89,150,159.76,133.17,134.95,186.11,180,176.84,162.42,Low,,EUR,EUR,,,,,"{""mapped_product_ids"": []}",AMBIGUOUS,Cardmarket bulk data does not prove finish/treatment,false,false,false,,,,,,,,NO_COMPARISON,,,,NO_COMPARISON,ambiguous_identity,,"{""ambiguity_reasons"": [""unproven_treatment""], ""external_provenance"": [], ""scryfall_cardmarket_id"": 717914, ""stored_ids"": [717914], ""validated_stored_ids"": [717914]}",,,,
14205,magic,Ancient Tomb,357,ltc,Tales of Middle-earth Commander,en,Realms & Relics,mythic,foil,Realms & Relics,87,scryfall_oracle:23467047-6dba-4498-b783-1ebc4f74b8c2,,,dfd176e9-55e7-454c-bd35-24a6e3fb0d81,717914,,717914,Ancient Tomb,5387,Tales of Middle-earth Commander,,,mixed/unknown,134.95,171.89,150,159.76,133.17,134.95,186.11,180,176.84,162.42,Foil Low,,EUR,EUR,,,,,"{""mapped_product_ids"": []}",AMBIGUOUS,Cardmarket bulk data does not prove finish/treatment,false,false,false,,,,,,,,NO_COMPARISON,,,,NO_COMPARISON,ambiguous_identity,,"{""ambiguity_reasons"": [""unproven_treatment""], ""external_provenance"": [], ""scryfall_cardmarket_id"": 717914, ""stored_ids"": [717914], ""validated_stored_ids"": [717914]}",,,,
14206,magic,Bojuka Bog,358,ltc,Tales of Middle-earth Commander,en,Realms & Relics,mythic,nonfoil,Realms & Relics,13,scryfall_oracle:04b7362d-0490-4cb0-b5d7-2a7732f659ce,,,763fee38-68bf-4c2f-837f-bd5077138368,717920,,717920,Bojuka Bog,5387,Tales of Middle-earth Commander,,,mixed/unknown,19.88,30.11,33.02,27.68,29.21,28.5,32.18,29.9,33.08,32.96,Low,,EUR,EUR,,,,,"{""mapped_product_ids"": []}",AMBIGUOUS,Cardmarket bulk data does not prove finish/treatment,false,false,false,,,,,,,,NO_COMPARISON,,,,NO_COMPARISON,ambiguous_identity,,"{""ambiguity_reasons"": [""unproven_treatment""], ""external_provenance"": [], ""scryfall_cardmarket_id"": 717920, ""stored_ids"": [717920], ""validated_stored_ids"": [717920]}",,,,
14207,magic,Bojuka Bog,358,ltc,Tales of Middle-earth Commander,en,Realms & Relics,mythic,foil,Realms & Relics,13,scryfall_oracle:04b7362d-0490-4cb0-b5d7-2a7732f659ce,,,763fee38-68bf-4c2f-837f-bd5077138368,717920,,717920,Bojuka Bog,5387,Tales of Middle-earth Commander,,,mixed/unknown,19.88,30.11,33.02,27.68,29.21,28.5,32.18,29.9,33.08,32.96,Foil Low,,EUR,EUR,,,,,"{""mapped_product_ids"": []}",AMBIGUOUS,Cardmarket bulk data does not prove finish/treatment,false,false,false,,,,,,,,NO_COMPARISON,,,,NO_COMPARISON,ambiguous_identity,,"{""ambiguity_reasons"": [""unproven_treatment""], ""external_provenance"": [], ""scryfall_cardmarket_id"": 717920, ""stored_ids"": [717920], ""validated_stored_ids"": [717920]}",,,,
14208,magic,"Boseiju, Who Shelters All",359,ltc,Tales of Middle-earth Commander,en,Realms & Relics,mythic,nonfoil,Realms & Relics,133,scryfall_oracle:36937483-30cb-449a-8028-75017a124922,,,bafe3253-feed-4cb9-a13c-9a9105462a8b,717922,,717922,"Boseiju, Who Shelters All",5387,Tales of Middle-earth Commander,,,mixed/unknown,5.9,10.85,8.45,10.55,10.86,8.95,12.62,11.5,12.02,11.6,Low,,EUR,EUR,,,,,"{""mapped_product_ids"": []}",AMBIGUOUS,Cardmarket bulk data does not prove finish/treatment,false,false,false,,,,,,,,NO_COMPARISON,,,,NO_COMPARISON,ambiguous_identity,,"{""ambiguity_reasons"": [""unproven_treatment""], ""external_provenance"": [], ""scryfall_cardmarket_id"": 717922, ""stored_ids"": [717922], ""validated_stored_ids"": [717922]}",,,,
14209,magic,"Boseiju, Who Shelters All",359,ltc,Tales of Middle-earth Commander,en,Realms & Relics,mythic,foil,Realms & Relics,133,scryfall_oracle:36937483-30cb-449a-8028-75017a124922,,,bafe3253-feed-4cb9-a13c-9a9105462a8b,717922,,717922,"Boseiju, Who Shelters All",5387,Tales of Middle-earth Commander,,,mixed/unknown,5.9,10.85,8.45,10.55,10.86,8.95,12.62,11.5,12.02,11.6,Foil Low,,EUR,EUR,,,,,"{""mapped_product_ids"": []}",AMBIGUOUS,Cardmarket bulk data does not prove finish/treatment,false,false,false,,,,,,,,NO_COMPARISON,,,,NO_COMPARISON,ambiguous_identity,,"{""ambiguity_reasons"": [""unproven_treatment""], ""external_provenance"": [], ""scryfall_cardmarket_id"": 717922, ""stored_ids"": [717922], ""validated_stored_ids"": [717922]}",,,,
14210,magic,Cabal Coffers,360,ltc,Tales of Middle-earth Commander,en,Realms & Relics,mythic,nonfoil,Realms & Relics,285,scryfall_oracle:7358e164-5704-4e78-9b21-6a9bf2a968ce,,,a2e5e26d-f211-4c0f-8fe0-611e22e8cc8f,717924,,717924,Cabal Coffers,5387,Tales of Middle-earth Commander,,,mixed/unknown,23.94,47.25,44,45.82,44.06,39.9,51.2,55,49.83,49.89,Low,,EUR,EUR,,,,,"{""mapped_product_ids"": []}",AMBIGUOUS,Cardmarket bulk data does not prove finish/treatment,false,false,false,,,,,,,,NO_COMPARISON,,,,NO_COMPARISON,ambiguous_identity,,"{""ambiguity_reasons"": [""unproven_treatment""], ""external_provenance"": [], ""scryfall_cardmarket_id"": 717924, ""stored_ids"": [717924], ""validated_stored_ids"": [717924]}",,,,
14211,magic,Cabal Coffers,360,ltc,Tales of Middle-earth Commander,en,Realms & Relics,mythic,foil,Realms & Relics,285,scryfall_oracle:7358e164-5704-4e78-9b21-6a9bf2a968ce,,,a2e5e26d-f211-4c0f-8fe0-611e22e8cc8f,717924,,717924,Cabal Coffers,5387,Tales of Middle-earth Commander,,,mixed/unknown,23.94,47.25,44,45.82,44.06,39.9,51.2,55,49.83,49.89,Foil Low,,EUR,EUR,,,,,"{""mapped_product_ids"": []}",AMBIGUOUS,Cardmarket bulk data does not prove finish/treatment,false,false,false,,,,,,,,NO_COMPARISON,,,,NO_COMPARISON,ambiguous_identity,,"{""ambiguity_reasons"": [""unproven_treatment""], ""external_provenance"": [], ""scryfall_cardmarket_id"": 717924, ""stored_ids"": [717924], ""validated_stored_ids"": [717924]}",,,,
14212,magic,Castle Ardenvale,361,ltc,Tales of Middle-earth Commander,en,Realms & Relics,mythic,nonfoil,Realms & Relics,626,scryfall_oracle:f8f4fc60-725d-46d8-8e8f-e68e00d20589,,,b65d2bc3-7f36-4c81-95da-a22c3a47b2e4,717927,,717927,Castle Ardenvale,5387,Tales of Middle-earth Commander,,,mixed/unknown,3.43,8.35,9.02,7.72,6.82,3.43,7.95,8,7.78,7.66,Low,,EUR,EUR,,,,,"{""mapped_product_ids"": []}",AMBIGUOUS,Cardmarket bulk data does not prove finish/treatment,false,false,false,,,,,,,,NO_COMPARISON,,,,NO_COMPARISON,ambiguous_identity,,"{""ambiguity_reasons"": [""unproven_treatment""], ""external_provenance"": [], ""scryfall_cardmarket_id"": 717927, ""stored_ids"": [717927], ""validated_stored_ids"": [717927]}",,,,
14213,magic,Castle Ardenvale,361,ltc,Tales of Middle-earth Commander,en,Realms & Relics,mythic,foil,Realms & Relics,626,scryfall_oracle:f8f4fc60-725d-46d8-8e8f-e68e00d20589,,,b65d2bc3-7f36-4c81-95da-a22c3a47b2e4,717927,,717927,Castle Ardenvale,5387,Tales of Middle-earth Commander,,,mixed/unknown,3.43,8.35,9.02,7.72,6.82,3.43,7.95,8,7.78,7.66,Foil Low,,EUR,EUR,,,,,"{""mapped_product_ids"": []}",AMBIGUOUS,Cardmarket bulk data does not prove finish/treatment,false,false,false,,,,,,,,NO_COMPARISON,,,,NO_COMPARISON,ambiguous_identity,,"{""ambiguity_reasons"": [""unproven_treatment""], ""external_provenance"": [], ""scryfall_cardmarket_id"": 717927, ""stored_ids"": [717927], ""validated_stored_ids"": [717927]}",,,,
14214,magic,Cavern of Souls,362,ltc,Tales of Middle-earth Commander,en,Realms & Relics,mythic,nonfoil,Realms & Relics,343,scryfall_oracle:89ca686a-7c72-4d8f-9290-e89635624a83,,,69d55219-32b0-4281-a020-52107db6d16a,717929,,717929,Cavern of Souls,5387,Tales of Middle-earth Commander,,,mixed/unknown,54,67.13,73.05,67.15,64.72,59.99,78.89,85.17,78.72,72.23,Low,,EUR,EUR,,,,,"{""mapped_product_ids"": []}",AMBIGUOUS,Cardmarket bulk data does not prove finish/treatment,false,false,false,,,,,,,,NO_COMPARISON,,,,NO_COMPARISON,ambiguous_identity,,"{""ambiguity_reasons"": [""unproven_treatment""], ""external_provenance"": [], ""scryfall_cardmarket_id"": 717929, ""stored_ids"": [717929], ""validated_stored_ids"": [717929]}",,,,
14215,magic,Cavern of Souls,362,ltc,Tales of Middle-earth Commander,en,Realms & Relics,mythic,foil,Realms & Relics,343,scryfall_oracle:89ca686a-7c72-4d8f-9290-e89635624a83,,,69d55219-32b0-4281-a020-52107db6d16a,717929,,717929,Cavern of Souls,5387,Tales of Middle-earth Commander,,,mixed/unknown,54,67.13,73.05,67.15,64.72,59.99,78.89,85.17,78.72,72.23,Foil Low,,EUR,EUR,,,,,"{""mapped_product_ids"": []}",AMBIGUOUS,Cardmarket bulk data does not prove finish/treatment,false,false,false,,,,,,,,NO_COMPARISON,,,,NO_COMPARISON,ambiguous_identity,,"{""ambiguity_reasons"": [""unproven_treatment""], ""external_provenance"": [], ""scryfall_cardmarket_id"": 717929, ""stored_ids"": [717929], ""validated_stored_ids"": [717929]}",,,,
14216,magic,Deserted Temple,363,ltc,Tales of Middle-earth Commander,en,Realms & Relics,mythic,nonfoil,Realms & Relics,405,scryfall_oracle:9f12bf9a-6e1a-4377-b4af-e8cabd3ee58a,,,3b53d6c2-b078-4204-aae8-0891284ee877,717933,,717933,Deserted Temple,5387,Tales of Middle-earth Commander,,,mixed/unknown,4.64,8.53,8,8.84,8.5,7,10.4,8.99,9.93,9.01,Low,,EUR,EUR,,,,,"{""mapped_product_ids"": []}",AMBIGUOUS,Cardmarket bulk data does not prove finish/treatment,false,false,false,,,,,,,,NO_COMPARISON,,,,NO_COMPARISON,ambiguous_identity,,"{""ambiguity_reasons"": [""unproven_treatment""], ""external_provenance"": [], ""scryfall_cardmarket_id"": 717933, ""stored_ids"": [717933], ""validated_stored_ids"": [717933]}",,,,
14217,magic,Deserted Temple,363,ltc,Tales of Middle-earth Commander,en,Realms & Relics,mythic,foil,Realms & Relics,405,scryfall_oracle:9f12bf9a-6e1a-4377-b4af-e8cabd3ee58a,,,3b53d6c2-b078-4204-aae8-0891284ee877,717933,,717933,Deserted Temple,5387,Tales of Middle-earth Commander,,,mixed/unknown,4.64,8.53,8,8.84,8.5,7,10.4,8.99,9.93,9.01,Foil Low,,EUR,EUR,,,,,"{""mapped_product_ids"": []}",AMBIGUOUS,Cardmarket bulk data does not prove finish/treatment,false,false,false,,,,,,,,NO_COMPARISON,,,,NO_COMPARISON,ambiguous_identity,,"{""ambiguity_reasons"": [""unproven_treatment""], ""external_provenance"": [], ""scryfall_cardmarket_id"": 717933, ""stored_ids"": [717933], ""validated_stored_ids"": [717933]}",,,,
14218,magic,Gemstone Caverns,364,ltc,Tales of Middle-earth Commander,en,Realms & Relics,mythic,nonfoil,Realms & Relics,495,scryfall_oracle:c0adbddc-b070-4c5f-afe0-0474c72a9251,,,ad361175-1127-40e5-8990-24e651fc2a4d,717936,,717936,Gemstone Caverns,5387,Tales of Middle-earth Commander,,,mixed/unknown,46,54.45,65,54.72,55.11,50,70.77,68,65.63,64.48,Low,,EUR,EUR,,,,,"{""mapped_product_ids"": []}",AMBIGUOUS,Cardmarket bulk data does not prove finish/treatment,false,false,false,,,,,,,,NO_COMPARISON,,,,NO_COMPARISON,ambiguous_identity,,"{""ambiguity_reasons"": [""unproven_treatment""], ""external_provenance"": [], ""scryfall_cardmarket_id"": 717936, ""stored_ids"": [717936], ""validated_stored_ids"": [717936]}",,,,
14219,magic,Gemstone Caverns,364,ltc,Tales of Middle-earth Commander,en,Realms & Relics,mythic,foil,Realms & Relics,495,scryfall_oracle:c0adbddc-b070-4c5f-afe0-0474c72a9251,,,ad361175-1127-40e5-8990-24e651fc2a4d,717936,,717936,Gemstone Caverns,5387,Tales of Middle-earth Commander,,,mixed/unknown,46,54.45,65,54.72,55.11,50,70.77,68,65.63,64.48,Foil Low,,EUR,EUR,,,,,"{""mapped_product_ids"": []}",AMBIGUOUS,Cardmarket bulk data does not prove finish/treatment,false,false,false,,,,,,,,NO_COMPARISON,,,,NO_COMPARISON,ambiguous_identity,,"{""ambiguity_reasons"": [""unproven_treatment""], ""external_provenance"": [], ""scryfall_cardmarket_id"": 717936, ""stored_ids"": [717936], ""validated_stored_ids"": [717936]}",,,,
14220,magic,Homeward Path,365,ltc,Tales of Middle-earth Commander,en,Realms & Relics,mythic,nonfoil,Realms & Relics,520,scryfall_oracle:cb8ec2e4-8223-4172-8f2c-37c918a573fa,,,b926c3a5-c672-45ac-96b9-82183bfd9344,717940,,717940,Homeward Path,5387,Tales of Middle-earth Commander,,,mixed/unknown,7.8,12.95,12.99,12.68,12.04,10,11.38,13.49,12.63,12.46,Low,,EUR,EUR,,,,,"{""mapped_product_ids"": []}",AMBIGUOUS,Cardmarket bulk data does not prove finish/treatment,false,false,false,,,,,,,,NO_COMPARISON,,,,NO_COMPARISON,ambiguous_identity,,"{""ambiguity_reasons"": [""unproven_treatment""], ""external_provenance"": [], ""scryfall_cardmarket_id"": 717940, ""stored_ids"": [717940], ""validated_stored_ids"": [717940]}",,,,
14221,magic,Homeward Path,365,ltc,Tales of Middle-earth Commander,en,Realms & Relics,mythic,foil,Realms & Relics,520,scryfall_oracle:cb8ec2e4-8223-4172-8f2c-37c918a573fa,,,b926c3a5-c672-45ac-96b9-82183bfd9344,717940,,717940,Homeward Path,5387,Tales of Middle-earth Commander,,,mixed/unknown,7.8,12.95,12.99,12.68,12.04,10,11.38,13.49,12.63,12.46,Foil Low,,EUR,EUR,,,,,"{""mapped_product_ids"": []}",AMBIGUOUS,Cardmarket bulk data does not prove finish/treatment,false,false,false,,,,,,,,NO_COMPARISON,,,,NO_COMPARISON,ambiguous_identity,,"{""ambiguity_reasons"": [""unproven_treatment""], ""external_provenance"": [], ""scryfall_cardmarket_id"": 717940, ""stored_ids"": [717940], ""validated_stored_ids"": [717940]}",,,,
14222,magic,Horizon Canopy,366,ltc,Tales of Middle-earth Commander,en,Realms & Relics,mythic,nonfoil,Realms & Relics,94,scryfall_oracle:262a5d83-506c-4781-9bc9-1a2b5d83955c,,,a439ed1c-b599-4469-82d9-df812f6c5bbd,717942,,717942,Horizon Canopy,5387,Tales of Middle-earth Commander,,,mixed/unknown,4.99,8.42,7.98,8.39,8.28,7.44,9.48,9.5,9.71,8.92,Low,,EUR,EUR,,,,,"{""mapped_product_ids"": []}",AMBIGUOUS,Cardmarket bulk data does not prove finish/treatment,false,false,false,,,,,,,,NO_COMPARISON,,,,NO_COMPARISON,ambiguous_identity,,"{""ambiguity_reasons"": [""unproven_treatment""], ""external_provenance"": [], ""scryfall_cardmarket_id"": 717942, ""stored_ids"": [717942], ""validated_stored_ids"": [717942]}",,,,
14223,magic,Horizon Canopy,366,ltc,Tales of Middle-earth Commander,en,Realms & Relics,mythic,foil,Realms & Relics,94,scryfall_oracle:262a5d83-506c-4781-9bc9-1a2b5d83955c,,,a439ed1c-b599-4469-82d9-df812f6c5bbd,717942,,717942,Horizon Canopy,5387,Tales of Middle-earth Commander,,,mixed/unknown,4.99,8.42,7.98,8.39,8.28,7.44,9.48,9.5,9.71,8.92,Foil Low,,EUR,EUR,,,,,"{""mapped_product_ids"": []}",AMBIGUOUS,Cardmarket bulk data does not prove finish/treatment,false,false,false,,,,,,,,NO_COMPARISON,,,,NO_COMPARISON,ambiguous_identity,,"{""ambiguity_reasons"": [""unproven_treatment""], ""external_provenance"": [], ""scryfall_cardmarket_id"": 717942, ""stored_ids"": [717942], ""validated_stored_ids"": [717942]}",,,,
14224,magic,Karakas,367,ltc,Tales of Middle-earth Commander,en,Realms & Relics,mythic,nonfoil,Realms & Relics,220,scryfall_oracle:59119143-c0fa-49dd-adf0-e2fd3029c48b,,,d939ad90-b4b6-452d-a318-b8895d185a0c,717944,,717944,Karakas,5387,Tales of Middle-earth Commander,,,mixed/unknown,10,14.05,16.15,14.06,13.73,10,15.42,16.7,15.47,14.29,Low,,EUR,EUR,,,,,"{""mapped_product_ids"": []}",AMBIGUOUS,Cardmarket bulk data does not prove finish/treatment,false,false,false,,,,,,,,NO_COMPARISON,,,,NO_COMPARISON,ambiguous_identity,,"{""ambiguity_reasons"": [""unproven_treatment""], ""external_provenance"": [], ""scryfall_cardmarket_id"": 717944, ""stored_ids"": [717944], ""validated_stored_ids"": [717944]}",,,,
14225,magic,Karakas,367,ltc,Tales of Middle-earth Commander,en,Realms & Relics,mythic,foil,Realms & Relics,220,scryfall_oracle:59119143-c0fa-49dd-adf0-e2fd3029c48b,,,d939ad90-b4b6-452d-a318-b8895d185a0c,717944,,717944,Karakas,5387,Tales of Middle-earth Commander,,,mixed/unknown,10,14.05,16.15,14.06,13.73,10,15.42,16.7,15.47,14.29,Foil Low,,EUR,EUR,,,,,"{""mapped_product_ids"": []}",AMBIGUOUS,Cardmarket bulk data does not prove finish/treatment,false,false,false,,,,,,,,NO_COMPARISON,,,,NO_COMPARISON,ambiguous_identity,,"{""ambiguity_reasons"": [""unproven_treatment""], ""external_provenance"": [], ""scryfall_cardmarket_id"": 717944, ""stored_ids"": [717944], ""validated_stored_ids"": [717944]}",,,,
14226,magic,Kor Haven,368,ltc,Tales of Middle-earth Commander,en,Realms & Relics,mythic,nonfoil,Realms & Relics,95,scryfall_oracle:276cece9-f9f2-46e6-ae76-daddaa2fb9ab,,,f8aa8193-abed-4e78-9e1a-70e4c2c0c670,717946,,717946,Kor Haven,5387,Tales of Middle-earth Commander,,,mixed/unknown,9,15.44,11,15.8,15.78,9,16.32,15,16.86,17.33,Low,,EUR,EUR,,,,,"{""mapped_product_ids"": []}",AMBIGUOUS,Cardmarket bulk data does not prove finish/treatment,false,false,false,,,,,,,,NO_COMPARISON,,,,NO_COMPARISON,ambiguous_identity,,"{""ambiguity_reasons"": [""unproven_treatment""], ""external_provenance"": [], ""scryfall_cardmarket_id"": 717946, ""stored_ids"": [717946], ""validated_stored_ids"": [717946]}",,,,
14227,magic,Kor Haven,368,ltc,Tales of Middle-earth Commander,en,Realms & Relics,mythic,foil,Realms & Relics,95,scryfall_oracle:276cece9-f9f2-46e6-ae76-daddaa2fb9ab,,,f8aa8193-abed-4e78-9e1a-70e4c2c0c670,717946,,717946,Kor Haven,5387,Tales of Middle-earth Commander,,,mixed/unknown,9,15.44,11,15.8,15.78,9,16.32,15,16.86,17.33,Foil Low,,EUR,EUR,,,,,"{""mapped_product_ids"": []}",AMBIGUOUS,Cardmarket bulk data does not prove finish/treatment,false,false,false,,,,,,,,NO_COMPARISON,,,,NO_COMPARISON,ambiguous_identity,,"{""ambiguity_reasons"": [""unproven_treatment""], ""external_provenance"": [], ""scryfall_cardmarket_id"": 717946, ""stored_ids"": [717946], ""validated_stored_ids"": [717946]}",,,,
14228,magic,"Minamo, School at Water's Edge",369,ltc,Tales of Middle-earth Commander,en,Realms & Relics,mythic,nonfoil,Realms & Relics,57,scryfall_oracle:17784f90-89a1-47a5-83ef-ae60dfc30bd1,,,798c0faf-0de2-4397-8f03-2120d2a35351,717949,,717949,"Minamo, School at Water's Edge",5387,Tales of Middle-earth Commander,,,mixed/unknown,29.9,40.7,30,45.53,42.02,32,41.15,41.68,42.33,41.88,Low,,EUR,EUR,,,,,"{""mapped_product_ids"": []}",AMBIGUOUS,Cardmarket bulk data does not prove finish/treatment,false,false,false,,,,,,,,NO_COMPARISON,,,,NO_COMPARISON,ambiguous_identity,,"{""ambiguity_reasons"": [""unproven_treatment""], ""external_provenance"": [], ""scryfall_cardmarket_id"": 717949, ""stored_ids"": [717949], ""validated_stored_ids"": [717949]}",,,,
14229,magic,"Minamo, School at Water's Edge",369,ltc,Tales of Middle-earth Commander,en,Realms & Relics,mythic,foil,Realms & Relics,57,scryfall_oracle:17784f90-89a1-47a5-83ef-ae60dfc30bd1,,,798c0faf-0de2-4397-8f03-2120d2a35351,717949,,717949,"Minamo, School at Water's Edge",5387,Tales of Middle-earth Commander,,,mixed/unknown,29.9,40.7,30,45.53,42.02,32,41.15,41.68,42.33,41.88,Foil Low,,EUR,EUR,,,,,"{""mapped_product_ids"": []}",AMBIGUOUS,Cardmarket bulk data does not prove finish/treatment,false,false,false,,,,,,,,NO_COMPARISON,,,,NO_COMPARISON,ambiguous_identity,,"{""ambiguity_reasons"": [""unproven_treatment""], ""external_provenance"": [], ""scryfall_cardmarket_id"": 717949, ""stored_ids"": [717949], ""validated_stored_ids"": [717949]}",,,,
14230,magic,Mouth of Ronom,370,ltc,Tales of Middle-earth Commander,en,Realms & Relics,mythic,nonfoil,Realms & Relics,306,scryfall_oracle:7c05d239-39fc-4d34-a853-e3d591f4a235,,,98ae549f-8a92-4e70-b2d1-9dfe52e6b9bd,717952,,717952,Mouth of Ronom,5387,Tales of Middle-earth Commander,,,mixed/unknown,1,2.91,2.59,2.51,2.51,1.25,2.58,2.99,2.47,2.55,Low,,EUR,EUR,,,,,"{""mapped_product_ids"": []}",AMBIGUOUS,Cardmarket bulk data does not prove finish/treatment,false,false,false,,,,,,,,NO_COMPARISON,,,,NO_COMPARISON,ambiguous_identity,,"{""ambiguity_reasons"": [""unproven_treatment""], ""external_provenance"": [], ""scryfall_cardmarket_id"": 717952, ""stored_ids"": [717952], ""validated_stored_ids"": [717952]}",,,,
14231,magic,Mouth of Ronom,370,ltc,Tales of Middle-earth Commander,en,Realms & Relics,mythic,foil,Realms & Relics,306,scryfall_oracle:7c05d239-39fc-4d34-a853-e3d591f4a235,,,98ae549f-8a92-4e70-b2d1-9dfe52e6b9bd,717952,,717952,Mouth of Ronom,5387,Tales of Middle-earth Commander,,,mixed/unknown,1,2.91,2.59,2.51,2.51,1.25,2.58,2.99,2.47,2.55,Foil Low,,EUR,EUR,,,,,"{""mapped_product_ids"": []}",AMBIGUOUS,Cardmarket bulk data does not prove finish/treatment,false,false,false,,,,,,,,NO_COMPARISON,,,,NO_COMPARISON,ambiguous_identity,,"{""ambiguity_reasons"": [""unproven_treatment""], ""external_provenance"": [], ""scryfall_cardmarket_id"": 717952, ""stored_ids"": [717952], ""validated_stored_ids"": [717952]}",,,,
14232,magic,"Oboro, Palace in the Clouds",371,ltc,Tales of Middle-earth Commander,en,Realms & Relics,mythic,nonfoil,Realms & Relics,247,scryfall_oracle:645fb11b-d684-4bec-8532-8fa97e8f7b28,,,22b7f560-ef32-496e-ac22-e1b725d08a08,717953,,717953,"Oboro, Palace in the Clouds",5387,Tales of Middle-earth Commander,,,mixed/unknown,13.9,19.54,14.99,17.9,17.39,13.9,19.11,19,19.37,18.07,Low,,EUR,EUR,,,,,"{""mapped_product_ids"": []}",AMBIGUOUS,Cardmarket bulk data does not prove finish/treatment,false,false,false,,,,,,,,NO_COMPARISON,,,,NO_COMPARISON,ambiguous_identity,,"{""ambiguity_reasons"": [""unproven_treatment""], ""external_provenance"": [], ""scryfall_cardmarket_id"": 717953, ""stored_ids"": [717953], ""validated_stored_ids"": [717953]}",,,,
14233,magic,"Oboro, Palace in the Clouds",371,ltc,Tales of Middle-earth Commander,en,Realms & Relics,mythic,foil,Realms & Relics,247,scryfall_oracle:645fb11b-d684-4bec-8532-8fa97e8f7b28,,,22b7f560-ef32-496e-ac22-e1b725d08a08,717953,,717953,"Oboro, Palace in the Clouds",5387,Tales of Middle-earth Commander,,,mixed/unknown,13.9,19.54,14.99,17.9,17.39,13.9,19.11,19,19.37,18.07,Foil Low,,EUR,EUR,,,,,"{""mapped_product_ids"": []}",AMBIGUOUS,Cardmarket bulk data does not prove finish/treatment,false,false,false,,,,,,,,NO_COMPARISON,,,,NO_COMPARISON,ambiguous_identity,,"{""ambiguity_reasons"": [""unproven_treatment""], ""external_provenance"": [], ""scryfall_cardmarket_id"": 717953, ""stored_ids"": [717953], ""validated_stored_ids"": [717953]}",,,,
14234,magic,Pillar of the Paruns,372,ltc,Tales of Middle-earth Commander,en,Realms & Relics,mythic,nonfoil,Realms & Relics,261,scryfall_oracle:677b8ce7-f922-4ee3-b311-f199da9b352b,,,589b0dd5-7ba0-4448-9832-7754b3fccc03,717956,,717956,Pillar of the Paruns,5387,Tales of Middle-earth Commander,,,mixed/unknown,1.75,5.39,2.95,5.15,4.94,2.93,4.82,5.25,5.62,5.59,Low,,EUR,EUR,,,,,"{""mapped_product_ids"": []}",AMBIGUOUS,Cardmarket bulk data does not prove finish/treatment,false,false,false,,,,,,,,NO_COMPARISON,,,,NO_COMPARISON,ambiguous_identity,,"{""ambiguity_reasons"": [""unproven_treatment""], ""external_provenance"": [], ""scryfall_cardmarket_id"": 717956, ""stored_ids"": [717956], ""validated_stored_ids"": [717956]}",,,,
14235,magic,Pillar of the Paruns,372,ltc,Tales of Middle-earth Commander,en,Realms & Relics,mythic,foil,Realms & Relics,261,scryfall_oracle:677b8ce7-f922-4ee3-b311-f199da9b352b,,,589b0dd5-7ba0-4448-9832-7754b3fccc03,717956,,717956,Pillar of the Paruns,5387,Tales of Middle-earth Commander,,,mixed/unknown,1.75,5.39,2.95,5.15,4.94,2.93,4.82,5.25,5.62,5.59,Foil Low,,EUR,EUR,,,,,"{""mapped_product_ids"": []}",AMBIGUOUS,Cardmarket bulk data does not prove finish/treatment,false,false,false,,,,,,,,NO_COMPARISON,,,,NO_COMPARISON,ambiguous_identity,,"{""ambiguity_reasons"": [""unproven_treatment""], ""external_provenance"": [], ""scryfall_cardmarket_id"": 717956, ""stored_ids"": [717956], ""validated_stored_ids"": [717956]}",,,,
14236,magic,Reflecting Pool,373,ltc,Tales of Middle-earth Commander,en,Realms & Relics,mythic,nonfoil,Realms & Relics,263,scryfall_oracle:67f43ac6-2a58-4b53-b5d7-0330e2a252e2,,,90600867-9b2b-4174-8fb5-3f58469e8733,717959,,717959,Reflecting Pool,5387,Tales of Middle-earth Commander,,,mixed/unknown,13.24,27.23,24.98,25.44,23.69,13.24,28.7,24.95,26.95,24.88,Low,,EUR,EUR,,,,,"{""mapped_product_ids"": []}",AMBIGUOUS,Cardmarket bulk data does not prove finish/treatment,false,false,false,,,,,,,,NO_COMPARISON,,,,NO_COMPARISON,ambiguous_identity,,"{""ambiguity_reasons"": [""unproven_treatment""], ""external_provenance"": [], ""scryfall_cardmarket_id"": 717959, ""stored_ids"": [717959], ""validated_stored_ids"": [717959]}",,,,
14237,magic,Reflecting Pool,373,ltc,Tales of Middle-earth Commander,en,Realms & Relics,mythic,foil,Realms & Relics,263,scryfall_oracle:67f43ac6-2a58-4b53-b5d7-0330e2a252e2,,,90600867-9b2b-4174-8fb5-3f58469e8733,717959,,717959,Reflecting Pool,5387,Tales of Middle-earth Commander,,,mixed/unknown,13.24,27.23,24.98,25.44,23.69,13.24,28.7,24.95,26.95,24.88,Foil Low,,EUR,EUR,,,,,"{""mapped_product_ids"": []}",AMBIGUOUS,Cardmarket bulk data does not prove finish/treatment,false,false,false,,,,,,,,NO_COMPARISON,,,,NO_COMPARISON,ambiguous_identity,,"{""ambiguity_reasons"": [""unproven_treatment""], ""external_provenance"": [], ""scryfall_cardmarket_id"": 717959, ""stored_ids"": [717959], ""validated_stored_ids"": [717959]}",,,,
14238,magic,"Shinka, the Bloodsoaked Keep",374,ltc,Tales of Middle-earth Commander,en,Realms & Relics,mythic,nonfoil,Realms & Relics,92,scryfall_oracle:255b937f-c9c9-4ae9-815e-17418eba0602,,,f6cd3fbc-908d-4653-a133-e35843a5ac65,717962,,717962,"Shinka, the Bloodsoaked Keep",5387,Tales of Middle-earth Commander,,,mixed/unknown,9.99,20.68,10.9,21.04,20.94,10.29,21.05,25,21.71,22.45,Low,,EUR,EUR,,,,,"{""mapped_product_ids"": []}",AMBIGUOUS,Cardmarket bulk data does not prove finish/treatment,false,false,false,,,,,,,,NO_COMPARISON,,,,NO_COMPARISON,ambiguous_identity,,"{""ambiguity_reasons"": [""unproven_treatment""], ""external_provenance"": [], ""scryfall_cardmarket_id"": 717962, ""stored_ids"": [717962], ""validated_stored_ids"": [717962]}",,,,
14239,magic,"Shinka, the Bloodsoaked Keep",374,ltc,Tales of Middle-earth Commander,en,Realms & Relics,mythic,foil,Realms & Relics,92,scryfall_oracle:255b937f-c9c9-4ae9-815e-17418eba0602,,,f6cd3fbc-908d-4653-a133-e35843a5ac65,717962,,717962,"Shinka, the Bloodsoaked Keep",5387,Tales of Middle-earth Commander,,,mixed/unknown,9.99,20.68,10.9,21.04,20.94,10.29,21.05,25,21.71,22.45,Foil Low,,EUR,EUR,,,,,"{""mapped_product_ids"": []}",AMBIGUOUS,Cardmarket bulk data does not prove finish/treatment,false,false,false,,,,,,,,NO_COMPARISON,,,,NO_COMPARISON,ambiguous_identity,,"{""ambiguity_reasons"": [""unproven_treatment""], ""external_provenance"": [], ""scryfall_cardmarket_id"": 717962, ""stored_ids"": [717962], ""validated_stored_ids"": [717962]}",,,,
14240,magic,"Urborg, Tomb of Yawgmoth",375,ltc,Tales of Middle-earth Commander,en,Realms & Relics,mythic,nonfoil,Realms & Relics,559,scryfall_oracle:db6174d7-211d-4817-b8e4-8384594c83f9,,,4116f1c7-9191-4d92-81ca-54d9ae3c8166,717966,,717966,"Urborg, Tomb of Yawgmoth",5387,Tales of Middle-earth Commander,,,mixed/unknown,55,99.31,92,101.22,90.83,89.9,108.51,97.5,104.93,96.29,Low,,EUR,EUR,,,,,"{""mapped_product_ids"": []}",AMBIGUOUS,Cardmarket bulk data does not prove finish/treatment,false,false,false,,,,,,,,NO_COMPARISON,,,,NO_COMPARISON,ambiguous_identity,,"{""ambiguity_reasons"": [""unproven_treatment""], ""external_provenance"": [], ""scryfall_cardmarket_id"": 717966, ""stored_ids"": [717966], ""validated_stored_ids"": [717966]}",,,,
14241,magic,"Urborg, Tomb of Yawgmoth",375,ltc,Tales of Middle-earth Commander,en,Realms & Relics,mythic,foil,Realms & Relics,559,scryfall_oracle:db6174d7-211d-4817-b8e4-8384594c83f9,,,4116f1c7-9191-4d92-81ca-54d9ae3c8166,717966,,717966,"Urborg, Tomb of Yawgmoth",5387,Tales of Middle-earth Commander,,,mixed/unknown,55,99.31,92,101.22,90.83,89.9,108.51,97.5,104.93,96.29,Foil Low,,EUR,EUR,,,,,"{""mapped_product_ids"": []}",AMBIGUOUS,Cardmarket bulk data does not prove finish/treatment,false,false,false,,,,,,,,NO_COMPARISON,,,,NO_COMPARISON,ambiguous_identity,,"{""ambiguity_reasons"": [""unproven_treatment""], ""external_provenance"": [], ""scryfall_cardmarket_id"": 717966, ""stored_ids"": [717966], ""validated_stored_ids"": [717966]}",,,,
14242,magic,Wasteland,376,ltc,Tales of Middle-earth Commander,en,Realms & Relics,mythic,nonfoil,Realms & Relics,25,scryfall_oracle:09a70ae8-3859-4a09-901d-dce063fa3b5f,,,829bbc9b-9185-4d9b-8e4e-9f04ece48fff,717969,,717969,Wasteland,5387,Tales of Middle-earth Commander,,,mixed/unknown,25,33.2,32.49,33.8,30.82,27.55,35.41,37.68,35.93,33.59,Low,,EUR,EUR,,,,,"{""mapped_product_ids"": []}",AMBIGUOUS,Cardmarket bulk data does not prove finish/treatment,false,false,false,,,,,,,,NO_COMPARISON,,,,NO_COMPARISON,ambiguous_identity,,"{""ambiguity_reasons"": [""unproven_treatment""], ""external_provenance"": [], ""scryfall_cardmarket_id"": 717969, ""stored_ids"": [717969], ""validated_stored_ids"": [717969]}",,,,
14243,magic,Wasteland,376,ltc,Tales of Middle-earth Commander,en,Realms & Relics,mythic,foil,Realms & Relics,25,scryfall_oracle:09a70ae8-3859-4a09-901d-dce063fa3b5f,,,829bbc9b-9185-4d9b-8e4e-9f04ece48fff,717969,,717969,Wasteland,5387,Tales of Middle-earth Commander,,,mixed/unknown,25,33.2,32.49,33.8,30.82,27.55,35.41,37.68,35.93,33.59,Foil Low,,EUR,EUR,,,,,"{""mapped_product_ids"": []}",AMBIGUOUS,Cardmarket bulk data does not prove finish/treatment,false,false,false,,,,,,,,NO_COMPARISON,,,,NO_COMPARISON,ambiguous_identity,,"{""ambiguity_reasons"": [""unproven_treatment""], ""external_provenance"": [], ""scryfall_cardmarket_id"": 717969, ""stored_ids"": [717969], ""validated_stored_ids"": [717969]}",,,,
14244,magic,"Yavimaya, Cradle of Growth",377,ltc,Tales of Middle-earth Commander,en,Realms & Relics,mythic,nonfoil,Realms & Relics,358,scryfall_oracle:8dd5f5af-d2d8-4356-8617-8381081b930c,,,f442758d-4fee-43fa-a2cb-d09c326da149,717865,,717865,"Yavimaya, Cradle of Growth",5387,Tales of Middle-earth Commander,,,mixed/unknown,27,43.49,44.25,46.33,38.88,34.9,49.78,40,48.08,46.19,Low,,EUR,EUR,,,,,"{""mapped_product_ids"": []}",AMBIGUOUS,Cardmarket bulk data does not prove finish/treatment,false,false,false,,,,,,,,NO_COMPARISON,,,,NO_COMPARISON,ambiguous_identity,,"{""ambiguity_reasons"": [""unproven_treatment""], ""external_provenance"": [], ""scryfall_cardmarket_id"": 717865, ""stored_ids"": [717865], ""validated_stored_ids"": [717865]}",,,,
14245,magic,"Yavimaya, Cradle of Growth",377,ltc,Tales of Middle-earth Commander,en,Realms & Relics,mythic,foil,Realms & Relics,358,scryfall_oracle:8dd5f5af-d2d8-4356-8617-8381081b930c,,,f442758d-4fee-43fa-a2cb-d09c326da149,717865,,717865,"Yavimaya, Cradle of Growth",5387,Tales of Middle-earth Commander,,,mixed/unknown,27,43.49,44.25,46.33,38.88,34.9,49.78,40,48.08,46.19,Foil Low,,EUR,EUR,,,,,"{""mapped_product_ids"": []}",AMBIGUOUS,Cardmarket bulk data does not prove finish/treatment,false,false,false,,,,,,,,NO_COMPARISON,,,,NO_COMPARISON,ambiguous_identity,,"{""ambiguity_reasons"": [""unproven_treatment""], ""external_provenance"": [], ""scryfall_cardmarket_id"": 717865, ""stored_ids"": [717865], ""validated_stored_ids"": [717865]}",,,,
14246,magic,The Great Henge,378,ltc,Tales of Middle-earth Commander,en,Surge Foil,mythic,foil,Surge Foil,297,scryfall_oracle:78427103-9543-41fb-b6d4-72963fe87275,,,d8961142-cb5d-49a1-9032-d9b6e5a24f97,717982,,717982,The Great Henge,5387,Tales of Middle-earth Commander,,,mixed/unknown,350,0,,,,350,260.04,277.5,252.21,189.86,Foil Low,,EUR,EUR,,,,,"{""mapped_product_ids"": []}",AMBIGUOUS,Cardmarket bulk data does not prove finish/treatment,false,false,false,,,,,,,,NO_COMPARISON,,,,NO_COMPARISON,ambiguous_identity,,"{""ambiguity_reasons"": [""unproven_treatment""], ""external_provenance"": [], ""scryfall_cardmarket_id"": 717982, ""stored_ids"": [717982], ""validated_stored_ids"": [717982]}",,,,
14248,magic,Cloudstone Curio,379,ltc,Tales of Middle-earth Commander,en,Surge Foil,mythic,foil,Surge Foil,228,scryfall_oracle:5cd2fd32-4da2-40eb-b003-c0b9a9ec91c1,,,7e17b533-d45a-44a1-aa56-eaf18ff4bb71,717984,,717984,Cloudstone Curio,5387,Tales of Middle-earth Commander,,,mixed/unknown,18.8,0,,,,18.8,18.48,25.19,21.12,22.65,Foil Low,,EUR,EUR,,,,,"{""mapped_product_ids"": []}",AMBIGUOUS,Cardmarket bulk data does not prove finish/treatment,false,false,false,,,,,,,,NO_COMPARISON,,,,NO_COMPARISON,ambiguous_identity,,"{""ambiguity_reasons"": [""unproven_treatment""], ""external_provenance"": [], ""scryfall_cardmarket_id"": 717984, ""stored_ids"": [717984], ""validated_stored_ids"": [717984]}",,,,
14250,magic,Ensnaring Bridge,380,ltc,Tales of Middle-earth Commander,en,Surge Foil,mythic,foil,Surge Foil,558,scryfall_oracle:dade5835-ccaf-45e3-b9a3-46017e0384b3,,,dc50f081-bc81-4872-bfd9-d41e64b33bcb,717985,,717985,Ensnaring Bridge,5387,Tales of Middle-earth Commander,,,mixed/unknown,20.99,0,,,,20.99,76.02,25.08,85.65,40.95,Foil Low,,EUR,EUR,,,,,"{""mapped_product_ids"": []}",AMBIGUOUS,Cardmarket bulk data does not prove finish/treatment,false,false,false,,,,,,,,NO_COMPARISON,,,,NO_COMPARISON,ambiguous_identity,,"{""ambiguity_reasons"": [""unproven_treatment""], ""external_provenance"": [], ""scryfall_cardmarket_id"": 717985, ""stored_ids"": [717985], ""validated_stored_ids"": [717985]}",,,,
14252,magic,The Ozolith,381,ltc,Tales of Middle-earth Commander,en,Surge Foil,mythic,foil,Surge Foil,63,scryfall_oracle:1946ded1-5f53-409f-b0a6-5433bb0357d2,,,7d9df3ce-25f9-426c-a113-6aea53ddf619,717987,,717987,The Ozolith,5387,Tales of Middle-earth Commander,,,mixed/unknown,235,0,,,,235,229.76,275,182.14,132.83,Foil Low,,EUR,EUR,,,,,"{""mapped_product_ids"": []}",AMBIGUOUS,Cardmarket bulk data does not prove finish/treatment,false,false,false,,,,,,,,NO_COMPARISON,,,,NO_COMPARISON,ambiguous_identity,,"{""ambiguity_reasons"": [""unproven_treatment""], ""external_provenance"": [], ""scryfall_cardmarket_id"": 717987, ""stored_ids"": [717987], ""validated_stored_ids"": [717987]}",,,,
14254,magic,Rings of Brighthearth,382,ltc,Tales of Middle-earth Commander,en,Surge Foil,mythic,foil,Surge Foil,480,scryfall_oracle:bbf9494c-c4bb-4d36-98fe-8387846b342e,,,851f0e08-2c39-4ce9-a181-e106ca9e5fc1,717989,,717989,Rings of Brighthearth,5387,Tales of Middle-earth Commander,,,mixed/unknown,39.99,0,,,,39.99,53.47,47,49.42,44.38,Foil Low,,EUR,EUR,,,,,"{""mapped_product_ids"": []}",AMBIGUOUS,Cardmarket bulk data does not prove finish/treatment,false,false,false,,,,,,,,NO_COMPARISON,,,,NO_COMPARISON,ambiguous_identity,,"{""ambiguity_reasons"": [""unproven_treatment""], ""external_provenance"": [], ""scryfall_cardmarket_id"": 717989, ""stored_ids"": [717989], ""validated_stored_ids"": [717989]}",,,,
14256,magic,Shadowspear,383,ltc,Tales of Middle-earth Commander,en,Surge Foil,mythic,foil,Surge Foil,348,scryfall_oracle:8b27326f-e7b8-4a4d-b589-df459246d19a,,,b1a74aab-dcf2-426d-9cc5-9ef771d8227a,717992,,717992,Shadowspear,5387,Tales of Middle-earth Commander,,,mixed/unknown,250,0,,,,250,152.7,159.99,139.69,133.5,Foil Low,,EUR,EUR,,,,,"{""mapped_product_ids"": []}",AMBIGUOUS,Cardmarket bulk data does not prove finish/treatment,false,false,false,,,,,,,,NO_COMPARISON,,,,NO_COMPARISON,ambiguous_identity,,"{""ambiguity_reasons"": [""unproven_treatment""], ""external_provenance"": [], ""scryfall_cardmarket_id"": 717992, ""stored_ids"": [717992], ""validated_stored_ids"": [717992]}",,,,
14258,magic,Sword of Hearth and Home,384,ltc,Tales of Middle-earth Commander,en,Surge Foil,mythic,foil,Surge Foil,365,scryfall_oracle:913e6182-706a-4872-8c8a-e146b0ae0738,,,a6bd1a8c-fe2a-4a28-a709-6b57336fa2cd,717995,,717995,Sword of Hearth and Home,5387,Tales of Middle-earth Commander,,,mixed/unknown,47.95,0,,,,47.95,50.98,49.99,47.67,39.93,Foil Low,,EUR,EUR,,,,,"{""mapped_product_ids"": []}",AMBIGUOUS,Cardmarket bulk data does not prove finish/treatment,false,false,false,,,,,,,,NO_COMPARISON,,,,NO_COMPARISON,ambiguous_identity,,"{""ambiguity_reasons"": [""unproven_treatment""], ""external_provenance"": [], ""scryfall_cardmarket_id"": 717995, ""stored_ids"": [717995], ""validated_stored_ids"": [717995]}",,,,
14260,magic,Sword of the Animist,385,ltc,Tales of Middle-earth Commander,en,Surge Foil,mythic,foil,Surge Foil,549,scryfall_oracle:d79cbc61-6c15-48ea-bbba-3cffb819ccba,,,fa1ada9a-eacd-42e9-9f6b-fb8b968af859,717998,,717998,Sword of the Animist,5387,Tales of Middle-earth Commander,,,mixed/unknown,27.69,0,,,,27.69,29.59,27.95,30.77,28.12,Foil Low,,EUR,EUR,,,,,"{""mapped_product_ids"": []}",AMBIGUOUS,Cardmarket bulk data does not prove finish/treatment,false,false,false,,,,,,,,NO_COMPARISON,,,,NO_COMPARISON,ambiguous_identity,,"{""ambiguity_reasons"": [""unproven_treatment""], ""external_provenance"": [], ""scryfall_cardmarket_id"": 717998, ""stored_ids"": [717998], ""validated_stored_ids"": [717998]}",,,,
14262,magic,Thorn of Amethyst,386,ltc,Tales of Middle-earth Commander,en,Surge Foil,mythic,foil,Surge Foil,31,scryfall_oracle:0c6c5336-9233-4ab1-9d55-79f20be7ea57,,,2e697bd7-53a3-4703-b7f4-ac680436967f,718006,,718006,Thorn of Amethyst,5387,Tales of Middle-earth Commander,,,mixed/unknown,9.5,0,,,,9.5,12.89,10.96,11.97,11.48,Foil Low,,EUR,EUR,,,,,"{""mapped_product_ids"": []}",AMBIGUOUS,Cardmarket bulk data does not prove finish/treatment,false,false,false,,,,,,,,NO_COMPARISON,,,,NO_COMPARISON,ambiguous_identity,,"{""ambiguity_reasons"": [""unproven_treatment""], ""external_provenance"": [], ""scryfall_cardmarket_id"": 718006, ""stored_ids"": [718006], ""validated_stored_ids"": [718006]}",,,,
14264,magic,Ancient Tomb,387,ltc,Tales of Middle-earth Commander,en,Surge Foil,mythic,foil,Surge Foil,87,scryfall_oracle:23467047-6dba-4498-b783-1ebc4f74b8c2,,,339dde25-a080-4aae-993f-261847398767,718009,,718009,Ancient Tomb,5387,Tales of Middle-earth Commander,,,mixed/unknown,599,0,,,,599,464.57,492,419.35,309.54,Foil Low,,EUR,EUR,,,,,"{""mapped_product_ids"": []}",AMBIGUOUS,Cardmarket bulk data does not prove finish/treatment,false,false,false,,,,,,,,NO_COMPARISON,,,,NO_COMPARISON,ambiguous_identity,,"{""ambiguity_reasons"": [""unproven_treatment""], ""external_provenance"": [], ""scryfall_cardmarket_id"": 718009, ""stored_ids"": [718009], ""validated_stored_ids"": [718009]}",,,,
14266,magic,Bojuka Bog,388,ltc,Tales of Middle-earth Commander,en,Surge Foil,mythic,foil,Surge Foil,13,scryfall_oracle:04b7362d-0490-4cb0-b5d7-2a7732f659ce,,,bd77173d-1399-49e7-b0c8-696c7c2c01e0,718012,,718012,Bojuka Bog,5387,Tales of Middle-earth Commander,,,mixed/unknown,80,0,,,,80,88.82,99.99,89.27,77.53,Foil Low,,EUR,EUR,,,,,"{""mapped_product_ids"": []}",AMBIGUOUS,Cardmarket bulk data does not prove finish/treatment,false,false,false,,,,,,,,NO_COMPARISON,,,,NO_COMPARISON,ambiguous_identity,,"{""ambiguity_reasons"": [""unproven_treatment""], ""external_provenance"": [], ""scryfall_cardmarket_id"": 718012, ""stored_ids"": [718012], ""validated_stored_ids"": [718012]}",,,,
14268,magic,"Boseiju, Who Shelters All",389,ltc,Tales of Middle-earth Commander,en,Surge Foil,mythic,foil,Surge Foil,133,scryfall_oracle:36937483-30cb-449a-8028-75017a124922,,,841802b9-adc5-455e-8a8c-2d34c2766d54,718015,,718015,"Boseiju, Who Shelters All",5387,Tales of Middle-earth Commander,,,mixed/unknown,35,0,,,,35,75.48,40,93.04,49.57,Foil Low,,EUR,EUR,,,,,"{""mapped_product_ids"": []}",AMBIGUOUS,Cardmarket bulk data does not prove finish/treatment,false,false,false,,,,,,,,NO_COMPARISON,,,,NO_COMPARISON,ambiguous_identity,,"{""ambiguity_reasons"": [""unproven_treatment""], ""external_provenance"": [], ""scryfall_cardmarket_id"": 718015, ""stored_ids"": [718015], ""validated_stored_ids"": [718015]}",,,,
14270,magic,Cabal Coffers,390,ltc,Tales of Middle-earth Commander,en,Surge Foil,mythic,foil,Surge Foil,285,scryfall_oracle:7358e164-5704-4e78-9b21-6a9bf2a968ce,,,cce035f4-5ba4-4e9d-ab26-d5d0290de74d,718017,,718017,Cabal Coffers,5387,Tales of Middle-earth Commander,,,mixed/unknown,196.99,44.5,44.5,44.5,44.5,196.99,134.59,199,143.62,104.07,Foil Low,,EUR,EUR,,,,,"{""mapped_product_ids"": []}",AMBIGUOUS,Cardmarket bulk data does not prove finish/treatment,false,false,false,,,,,,,,NO_COMPARISON,,,,NO_COMPARISON,ambiguous_identity,,"{""ambiguity_reasons"": [""unproven_treatment""], ""external_provenance"": [], ""scryfall_cardmarket_id"": 718017, ""stored_ids"": [718017], ""validated_stored_ids"": [718017]}",,,,
14272,magic,Castle Ardenvale,391,ltc,Tales of Middle-earth Commander,en,Surge Foil,mythic,foil,Surge Foil,626,scryfall_oracle:f8f4fc60-725d-46d8-8e8f-e68e00d20589,,,d64a3ece-0da3-4228-af98-d8b06bdbe187,718018,,718018,Castle Ardenvale,5387,Tales of Middle-earth Commander,,,mixed/unknown,23.99,0,,,,23.99,74.49,28.55,65.62,29.9,Foil Low,,EUR,EUR,,,,,"{""mapped_product_ids"": []}",AMBIGUOUS,Cardmarket bulk data does not prove finish/treatment,false,false,false,,,,,,,,NO_COMPARISON,,,,NO_COMPARISON,ambiguous_identity,,"{""ambiguity_reasons"": [""unproven_treatment""], ""external_provenance"": [], ""scryfall_cardmarket_id"": 718018, ""stored_ids"": [718018], ""validated_stored_ids"": [718018]}",,,,
14274,magic,Cavern of Souls,392,ltc,Tales of Middle-earth Commander,en,Surge Foil,mythic,foil,Surge Foil,343,scryfall_oracle:89ca686a-7c72-4d8f-9290-e89635624a83,,,ce15f400-9428-46dc-bdde-ee80ee8fcab0,718019,,718019,Cavern of Souls,5387,Tales of Middle-earth Commander,,,mixed/unknown,269,0,,,,269,254.87,260,268.03,224.61,Foil Low,,EUR,EUR,,,,,"{""mapped_product_ids"": []}",AMBIGUOUS,Cardmarket bulk data does not prove finish/treatment,false,false,false,,,,,,,,NO_COMPARISON,,,,NO_COMPARISON,ambiguous_identity,,"{""ambiguity_reasons"": [""unproven_treatment""], ""external_provenance"": [], ""scryfall_cardmarket_id"": 718019, ""stored_ids"": [718019], ""validated_stored_ids"": [718019]}",,,,
14276,magic,Deserted Temple,393,ltc,Tales of Middle-earth Commander,en,Surge Foil,mythic,foil,Surge Foil,405,scryfall_oracle:9f12bf9a-6e1a-4377-b4af-e8cabd3ee58a,,,18876bcb-5c79-402b-879d-1f7c195f55e6,718020,,718020,Deserted Temple,5387,Tales of Middle-earth Commander,,,mixed/unknown,45.5,0,,,,45.5,61.48,49.99,53.7,41.33,Foil Low,,EUR,EUR,,,,,"{""mapped_product_ids"": []}",AMBIGUOUS,Cardmarket bulk data does not prove finish/treatment,false,false,false,,,,,,,,NO_COMPARISON,,,,NO_COMPARISON,ambiguous_identity,,"{""ambiguity_reasons"": [""unproven_treatment""], ""external_provenance"": [], ""scryfall_cardmarket_id"": 718020, ""stored_ids"": [718020], ""validated_stored_ids"": [718020]}",,,,
14278,magic,Gemstone Caverns,394,ltc,Tales of Middle-earth Commander,en,Surge Foil,mythic,foil,Surge Foil,495,scryfall_oracle:c0adbddc-b070-4c5f-afe0-0474c72a9251,,,302603c5-ced4-4ad9-801f-be5eb75096cd,718021,,718021,Gemstone Caverns,5387,Tales of Middle-earth Commander,,,mixed/unknown,299.9,0,,,,299.9,269.94,299.99,261.41,207.57,Foil Low,,EUR,EUR,,,,,"{""mapped_product_ids"": []}",AMBIGUOUS,Cardmarket bulk data does not prove finish/treatment,false,false,false,,,,,,,,NO_COMPARISON,,,,NO_COMPARISON,ambiguous_identity,,"{""ambiguity_reasons"": [""unproven_treatment""], ""external_provenance"": [], ""scryfall_cardmarket_id"": 718021, ""stored_ids"": [718021], ""validated_stored_ids"": [718021]}",,,,
14280,magic,Homeward Path,395,ltc,Tales of Middle-earth Commander,en,Surge Foil,mythic,foil,Surge Foil,520,scryfall_oracle:cb8ec2e4-8223-4172-8f2c-37c918a573fa,,,7cd5ad2b-9df3-4dad-b926-16c0634bb303,718022,,718022,Homeward Path,5387,Tales of Middle-earth Commander,,,mixed/unknown,24.99,0,,,,24.99,58.19,26.9,61.69,34.67,Foil Low,,EUR,EUR,,,,,"{""mapped_product_ids"": []}",AMBIGUOUS,Cardmarket bulk data does not prove finish/treatment,false,false,false,,,,,,,,NO_COMPARISON,,,,NO_COMPARISON,ambiguous_identity,,"{""ambiguity_reasons"": [""unproven_treatment""], ""external_provenance"": [], ""scryfall_cardmarket_id"": 718022, ""stored_ids"": [718022], ""validated_stored_ids"": [718022]}",,,,
14282,magic,Horizon Canopy,396,ltc,Tales of Middle-earth Commander,en,Surge Foil,mythic,foil,Surge Foil,94,scryfall_oracle:262a5d83-506c-4781-9bc9-1a2b5d83955c,,,08864c71-df77-4e9c-8088-f48e744352f6,718023,,718023,Horizon Canopy,5387,Tales of Middle-earth Commander,,,mixed/unknown,23.99,0,,,,23.99,23.69,42.24,25.13,22.26,Foil Low,,EUR,EUR,,,,,"{""mapped_product_ids"": []}",AMBIGUOUS,Cardmarket bulk data does not prove finish/treatment,false,false,false,,,,,,,,NO_COMPARISON,,,,NO_COMPARISON,ambiguous_identity,,"{""ambiguity_reasons"": [""unproven_treatment""], ""external_provenance"": [], ""scryfall_cardmarket_id"": 718023, ""stored_ids"": [718023], ""validated_stored_ids"": [718023]}",,,,
14284,magic,Karakas,397,ltc,Tales of Middle-earth Commander,en,Surge Foil,mythic,foil,Surge Foil,220,scryfall_oracle:59119143-c0fa-49dd-adf0-e2fd3029c48b,,,0e7511b8-9af9-4cc8-a01c-8e71af2cf5dc,718024,,718024,Karakas,5387,Tales of Middle-earth Commander,,,mixed/unknown,25,0,,,,25,37.37,30,47.34,34.66,Foil Low,,EUR,EUR,,,,,"{""mapped_product_ids"": []}",AMBIGUOUS,Cardmarket bulk data does not prove finish/treatment,false,false,false,,,,,,,,NO_COMPARISON,,,,NO_COMPARISON,ambiguous_identity,,"{""ambiguity_reasons"": [""unproven_treatment""], ""external_provenance"": [], ""scryfall_cardmarket_id"": 718024, ""stored_ids"": [718024], ""validated_stored_ids"": [718024]}",,,,
14286,magic,Kor Haven,398,ltc,Tales of Middle-earth Commander,en,Surge Foil,mythic,foil,Surge Foil,95,scryfall_oracle:276cece9-f9f2-46e6-ae76-daddaa2fb9ab,,,8afc20a5-635d-4cc4-bce9-b6c2cd970ae5,718025,,718025,Kor Haven,5387,Tales of Middle-earth Commander,,,mixed/unknown,19.95,0,,,,19.95,52.72,34.43,62.2,34.64,Foil Low,,EUR,EUR,,,,,"{""mapped_product_ids"": []}",AMBIGUOUS,Cardmarket bulk data does not prove finish/treatment,false,false,false,,,,,,,,NO_COMPARISON,,,,NO_COMPARISON,ambiguous_identity,,"{""ambiguity_reasons"": [""unproven_treatment""], ""external_provenance"": [], ""scryfall_cardmarket_id"": 718025, ""stored_ids"": [718025], ""validated_stored_ids"": [718025]}",,,,
14288,magic,"Minamo, School at Water's Edge",399,ltc,Tales of Middle-earth Commander,en,Scene,mythic,foil,Scene,57,scryfall_oracle:17784f90-89a1-47a5-83ef-ae60dfc30bd1,,,b1acad39-e3e3-4b44-b7f9-59ab1b293bd7,718026,,718026,"Minamo, School at Water's Edge",5387,Tales of Middle-earth Commander,,,mixed/unknown,109.98,0,,,,109.98,101.7,117.42,96.44,97.22,Foil Low,,EUR,EUR,,,,,"{""mapped_product_ids"": []}",AMBIGUOUS,Cardmarket bulk data does not prove finish/treatment,false,false,false,,,,,,,,NO_COMPARISON,,,,NO_COMPARISON,ambiguous_identity,,"{""ambiguity_reasons"": [""unproven_treatment""], ""external_provenance"": [], ""scryfall_cardmarket_id"": 718026, ""stored_ids"": [718026], ""validated_stored_ids"": [718026]}",,,,
14290,magic,Mouth of Ronom,400,ltc,Tales of Middle-earth Commander,en,Scene,mythic,foil,Scene,306,scryfall_oracle:7c05d239-39fc-4d34-a853-e3d591f4a235,,,bc9d792b-cc1b-48d0-935e-f418005ab59e,718027,,718027,Mouth of Ronom,5387,Tales of Middle-earth Commander,,,mixed/unknown,8.75,0,,,,8.75,21.68,26.68,16.47,17.01,Foil Low,,EUR,EUR,,,,,"{""mapped_product_ids"": []}",AMBIGUOUS,Cardmarket bulk data does not prove finish/treatment,false,false,false,,,,,,,,NO_COMPARISON,,,,NO_COMPARISON,ambiguous_identity,,"{""ambiguity_reasons"": [""unproven_treatment""], ""external_provenance"": [], ""scryfall_cardmarket_id"": 718027, ""stored_ids"": [718027], ""validated_stored_ids"": [718027]}",,,,
14292,magic,"Oboro, Palace in the Clouds",401,ltc,Tales of Middle-earth Commander,en,Scene,mythic,foil,Scene,247,scryfall_oracle:645fb11b-d684-4bec-8532-8fa97e8f7b28,,,84065219-b902-41fa-9a5a-7312e5103b78,718028,,718028,"Oboro, Palace in the Clouds",5387,Tales of Middle-earth Commander,,,mixed/unknown,37,0,,,,37,58.01,42.99,71.66,44.77,Foil Low,,EUR,EUR,,,,,"{""mapped_product_ids"": []}",AMBIGUOUS,Cardmarket bulk data does not prove finish/treatment,false,false,false,,,,,,,,NO_COMPARISON,,,,NO_COMPARISON,ambiguous_identity,,"{""ambiguity_reasons"": [""unproven_treatment""], ""external_provenance"": [], ""scryfall_cardmarket_id"": 718028, ""stored_ids"": [718028], ""validated_stored_ids"": [718028]}",,,,
14294,magic,Pillar of the Paruns,402,ltc,Tales of Middle-earth Commander,en,Scene,mythic,foil,Scene,261,scryfall_oracle:677b8ce7-f922-4ee3-b311-f199da9b352b,,,c739bac5-0fa1-4ae9-9eea-611aa3f0fbd5,718029,,718029,Pillar of the Paruns,5387,Tales of Middle-earth Commander,,,mixed/unknown,18,0,,,,18,23.54,29.99,23.56,18.27,Foil Low,,EUR,EUR,,,,,"{""mapped_product_ids"": []}",AMBIGUOUS,Cardmarket bulk data does not prove finish/treatment,false,false,false,,,,,,,,NO_COMPARISON,,,,NO_COMPARISON,ambiguous_identity,,"{""ambiguity_reasons"": [""unproven_treatment""], ""external_provenance"": [], ""scryfall_cardmarket_id"": 718029, ""stored_ids"": [718029], ""validated_stored_ids"": [718029]}",,,,
14296,magic,Reflecting Pool,403,ltc,Tales of Middle-earth Commander,en,Scene,mythic,foil,Scene,263,scryfall_oracle:67f43ac6-2a58-4b53-b5d7-0330e2a252e2,,,0bd6e6aa-c0b2-4ab1-9165-6cba8b93da13,718030,,718030,Reflecting Pool,5387,Tales of Middle-earth Commander,,,mixed/unknown,60,0,,,,60,82.43,75,98.62,63.09,Foil Low,,EUR,EUR,,,,,"{""mapped_product_ids"": []}",AMBIGUOUS,Cardmarket bulk data does not prove finish/treatment,false,false,false,,,,,,,,NO_COMPARISON,,,,NO_COMPARISON,ambiguous_identity,,"{""ambiguity_reasons"": [""unproven_treatment""], ""external_provenance"": [], ""scryfall_cardmarket_id"": 718030, ""stored_ids"": [718030], ""validated_stored_ids"": [718030]}",,,,
14298,magic,"Shinka, the Bloodsoaked Keep",404,ltc,Tales of Middle-earth Commander,en,Scene,mythic,foil,Scene,92,scryfall_oracle:255b937f-c9c9-4ae9-815e-17418eba0602,,,ebb868c6-56c9-4d15-be22-bb46cc96269a,718031,,718031,"Shinka, the Bloodsoaked Keep",5387,Tales of Middle-earth Commander,,,mixed/unknown,34,0,,,,34,45.54,50,41.54,46.79,Foil Low,,EUR,EUR,,,,,"{""mapped_product_ids"": []}",AMBIGUOUS,Cardmarket bulk data does not prove finish/treatment,false,false,false,,,,,,,,NO_COMPARISON,,,,NO_COMPARISON,ambiguous_identity,,"{""ambiguity_reasons"": [""unproven_treatment""], ""external_provenance"": [], ""scryfall_cardmarket_id"": 718031, ""stored_ids"": [718031], ""validated_stored_ids"": [718031]}",,,,
14300,magic,"Urborg, Tomb of Yawgmoth",405,ltc,Tales of Middle-earth Commander,en,Scene,mythic,foil,Scene,559,scryfall_oracle:db6174d7-211d-4817-b8e4-8384594c83f9,,,cc4be3ef-547e-41bb-855f-9c779f434919,718032,,718032,"Urborg, Tomb of Yawgmoth",5387,Tales of Middle-earth Commander,,,mixed/unknown,299.99,0,,,,299.99,251.95,260,232.5,175.58,Foil Low,,EUR,EUR,,,,,"{""mapped_product_ids"": []}",AMBIGUOUS,Cardmarket bulk data does not prove finish/treatment,false,false,false,,,,,,,,NO_COMPARISON,,,,NO_COMPARISON,ambiguous_identity,,"{""ambiguity_reasons"": [""unproven_treatment""], ""external_provenance"": [], ""scryfall_cardmarket_id"": 718032, ""stored_ids"": [718032], ""validated_stored_ids"": [718032]}",,,,
14302,magic,Wasteland,406,ltc,Tales of Middle-earth Commander,en,Scene,mythic,foil,Scene,25,scryfall_oracle:09a70ae8-3859-4a09-901d-dce063fa3b5f,,,438e7c5f-087a-4326-b263-09847420ce41,718033,,718033,Wasteland,5387,Tales of Middle-earth Commander,,,mixed/unknown,65,80.02,80.02,80.02,80.02,65,78.76,56,91.53,69.3,Foil Low,,EUR,EUR,,,,,"{""mapped_product_ids"": []}",AMBIGUOUS,Cardmarket bulk data does not prove finish/treatment,false,false,false,,,,,,,,NO_COMPARISON,,,,NO_COMPARISON,ambiguous_identity,,"{""ambiguity_reasons"": [""unproven_treatment""], ""external_provenance"": [], ""scryfall_cardmarket_id"": 718033, ""stored_ids"": [718033], ""validated_stored_ids"": [718033]}",,,,
14304,magic,"Yavimaya, Cradle of Growth",407,ltc,Tales of Middle-earth Commander,en,Scene,mythic,foil,Scene,358,scryfall_oracle:8dd5f5af-d2d8-4356-8617-8381081b930c,,,940f07ab-f30d-4a40-bf3d-d2c05b49c305,718034,,718034,"Yavimaya, Cradle of Growth",5387,Tales of Middle-earth Commander,,,mixed/unknown,198,0,,,,198,259.54,269.99,274.13,181.44,Foil Low,,EUR,EUR,,,,,"{""mapped_product_ids"": []}",AMBIGUOUS,Cardmarket bulk data does not prove finish/treatment,false,false,false,,,,,,,,NO_COMPARISON,,,,NO_COMPARISON,ambiguous_identity,,"{""ambiguity_reasons"": [""unproven_treatment""], ""external_provenance"": [], ""scryfall_cardmarket_id"": 718034, ""stored_ids"": [718034], ""validated_stored_ids"": [718034]}",,,,
14306,magic,Sol Ring,408,ltc,Tales of Middle-earth Commander,qya,Scene,mythic,nonfoil,Scene,267,scryfall_oracle:6ad8011d-3471-4369-9d68-b264cc027487,,,7a8db21f-722b-4a07-985b-8d25a0b0006a,718037,,718037,Sol Ring,5387,Tales of Middle-earth Commander,,,mixed/unknown,2150,2086.02,2100,1935.01,1509.29,,0,,,,Low,,EUR,EUR,,,,,"{""mapped_product_ids"": []}",AMBIGUOUS,Cardmarket bulk data does not prove finish/treatment,false,false,false,,,,,,,,NO_COMPARISON,,,,NO_COMPARISON,ambiguous_identity,,"{""ambiguity_reasons"": [""unproven_treatment""], ""external_provenance"": [], ""scryfall_cardmarket_id"": 718037, ""stored_ids"": [718037], ""validated_stored_ids"": [718037]}",,,,
14308,magic,Sol Ring,409,ltc,Tales of Middle-earth Commander,qya,Scene,mythic,nonfoil,Scene,267,scryfall_oracle:6ad8011d-3471-4369-9d68-b264cc027487,,,60bc8cfc-8f68-4ec7-92a7-98380d92f69e,718038,,718038,Sol Ring,5387,Tales of Middle-earth Commander,,,mixed/unknown,800,617.37,599,511.88,467.26,,0,,,,Low,,EUR,EUR,,,,,"{""mapped_product_ids"": []}",AMBIGUOUS,Cardmarket bulk data does not prove finish/treatment,false,false,false,,,,,,,,NO_COMPARISON,,,,NO_COMPARISON,ambiguous_identity,,"{""ambiguity_reasons"": [""unproven_treatment""], ""external_provenance"": [], ""scryfall_cardmarket_id"": 718038, ""stored_ids"": [718038], ""validated_stored_ids"": [718038]}",,,,
14310,magic,Sol Ring,410,ltc,Tales of Middle-earth Commander,qya,Scene,mythic,nonfoil,Scene,267,scryfall_oracle:6ad8011d-3471-4369-9d68-b264cc027487,,,13788423-db82-4e76-83ad-3f812a4d547a,718040,,718040,Sol Ring,5387,Tales of Middle-earth Commander,,,mixed/unknown,808,662.12,790,680.71,463.73,,0,,,,Low,,EUR,EUR,,,,,"{""mapped_product_ids"": []}",AMBIGUOUS,Cardmarket bulk data does not prove finish/treatment,false,false,false,,,,,,,,NO_COMPARISON,,,,NO_COMPARISON,ambiguous_identity,,"{""ambiguity_reasons"": [""unproven_treatment""], ""external_provenance"": [], ""scryfall_cardmarket_id"": 718040, ""stored_ids"": [718040], ""validated_stored_ids"": [718040]}",,,,
