local_printing_id,game,card_name,card_number,local_set_code,set_name,language,local_version,rarity,finish,treatment,canonical_id,canonical_identity,blueprint_id,cardtrader_ids,scryfall_id,stored_cardmarket_id,resolved_cardmarket_id,cardmarket_candidates,cardmarket_product_name,cardmarket_expansion_id,cardmarket_expansion,cardmarket_version,cardmarket_number,cardmarket_language_scope,low,trend,avg1,avg7,avg30,low_alt,trend_alt,avg1_alt,avg7_alt,avg30_alt,cardmarket_metric_used,current_price,current_currency,display_currency,current_source,current_source_product_id,current_confidence,current_timestamp,current_provenance,match_status,match_reason,identity_mismatch,currency_mismatch,metric_mismatch,price_difference,absolute_difference,percentage_difference,ratio,low_difference,low_percentage_difference,low_ratio,low_severity,low_vs_trend_difference,low_vs_trend_percentage,low_vs_trend_ratio,price_severity,primary_cause,secondary_tags,evidence,collection_quantity,collection_current_contribution,collection_cardmarket_contribution,collection_difference
1807,one_piece,Mr.2.Bon.Kurei,OP01-084,op-chp,Championships Promo,en,Store Championship Participation Pack Vol. 2,,,,4711,one_piece:OP01-084:mr2bonkurei,315922,315922,,729809,,,,,,,,,,,,,,,,,,,Low,19.79,EUR,EUR,cardtrader,315922,high,2026-08-29T12:19:30.162830+00:00,"""{\""cardmarket_exact_candidates\"": [], \""snapshot_fingerprint\"": \""9466e298a52c6c8350dba026f2985bc316a54debf62e22f2bef22bd1c854e58c\""}""",MISMATCH,stored Cardmarket product conflicts with local printing,true,false,false,,,,,,,,CRITICAL,,,,CRITICAL,wrong_cardmarket_id,,"{""external_provenance"": [{""exact_language"": false, ""id"": 729809, ""metadata"": {""allowed_languages"": [""en"", ""fr""]}, ""scope"": ""mixed""}], ""mismatch_reasons"": [""wrong_cardmarket_id""], ""scryfall_cardmarket_id"": null, ""stored_ids"": [729809], ""validated_stored_ids"": [729809]}",,,,
3223,one_piece,Uta,ST11-001,st11,ST-11: Starter Deck Uta,en,Base,,,,2891,one_piece:ST11-001,275347,275347,,754833,,,,,,,,,,,,,,,,,,,Low,2.96,EUR,EUR,cardtrader,275347,high,2026-08-29T12:19:30.162830+00:00,"""{\""cardmarket_exact_candidates\"": [], \""snapshot_fingerprint\"": \""2a1742012c90b385b6a04dbd536956fc500fc9e6005b836220cd24823ddc361e\""}""",MISMATCH,stored Cardmarket product conflicts with local printing,true,false,false,,,,,,,,CRITICAL,,,,CRITICAL,wrong_cardmarket_id,,"{""external_provenance"": [{""exact_language"": false, ""id"": 754833, ""metadata"": {""allowed_languages"": [""en"", ""jp"", ""zh-CN"", ""kr"", ""fr""]}, ""scope"": ""mixed""}], ""mismatch_reasons"": [""wrong_cardmarket_id""], ""scryfall_cardmarket_id"": null, ""stored_ids"": [754833], ""validated_stored_ids"": [754833]}",,,,
3224,one_piece,Uta,ST11-002,st11,ST-11: Starter Deck Uta,en,Base,,,,2890,one_piece:ST11-002,275346,275346,,754834,,,,,,,,,,,,,,,,,,,Low,1.09,EUR,EUR,cardtrader,275346,high,2026-08-29T12:19:30.162830+00:00,"""{\""cardmarket_exact_candidates\"": [], \""snapshot_fingerprint\"": \""18acacfbdbc6149239d8c9f91109f1374695eaa2c96503eae6dc15f0f4bcde0f\""}""",MISMATCH,stored Cardmarket product conflicts with local printing,true,false,false,,,,,,,,CRITICAL,,,,CRITICAL,wrong_cardmarket_id,,"{""external_provenance"": [{""exact_language"": false, ""id"": 754834, ""metadata"": {""allowed_languages"": [""en"", ""jp"", ""zh-CN"", ""kr"", ""fr""]}, ""scope"": ""mixed""}], ""mismatch_reasons"": [""wrong_cardmarket_id""], ""scryfall_cardmarket_id"": null, ""stored_ids"": [754834], ""validated_stored_ids"": [754834]}",,,,
4538,one_piece,DON!!,DP-04,op07,OP-07: 500 Years into the Future,en,Law & Kid & Luffy | Double Pack Set Vol. 4,,,,3204,one_piece:DP-04,291943,291943,,776345,,,,,,,,,,,,,,,,,,,Low,3.96,EUR,EUR,cardtrader,291943,high,2026-08-29T12:19:30.162830+00:00,"""{\""cardmarket_exact_candidates\"": [], \""snapshot_fingerprint\"": \""e454418165ccd1037b2ac26d179ccb594bb1bc1e953ec5eee8d4313e5257eff3\""}""",MISMATCH,stored Cardmarket product conflicts with local printing,true,false,false,,,,,,,,CRITICAL,,,,CRITICAL,wrong_cardmarket_id,,"{""external_provenance"": [{""exact_language"": false, ""id"": 776345, ""metadata"": {""allowed_languages"": [""en"", ""jp"", ""zh-CN"", ""kr"", ""fr""]}, ""scope"": ""mixed""}], ""mismatch_reasons"": [""wrong_cardmarket_id""], ""scryfall_cardmarket_id"": null, ""stored_ids"": [776345], ""validated_stored_ids"": [776345]}",,,,
5112,one_piece,Zoro,P-042,op-wp,Winner Pack,en,Gold Text | Championship 2024 | Event Pack,,,,3335,one_piece:P-042:zoro,339272,339272,,787446,,,,,,,,,,,,,,,,,,,Low,160.64,EUR,EUR,cardtrader,339272,high,2026-08-29T12:19:30.162830+00:00,"""{\""cardmarket_exact_candidates\"": [], \""snapshot_fingerprint\"": \""9b9c0a1ea6a6357c6fbabf060baf25c0de297bf8f1c89be8e3aaf45ed6fa5878\""}""",MISMATCH,stored Cardmarket product conflicts with local printing,true,false,false,,,,,,,,CRITICAL,,,,CRITICAL,wrong_cardmarket_id,,"{""external_provenance"": [{""exact_language"": false, ""id"": 787446, ""metadata"": {""allowed_languages"": [""en"", ""jp"", ""zh-CN"", ""kr"", ""fr""]}, ""scope"": ""mixed""}], ""mismatch_reasons"": [""wrong_cardmarket_id""], ""scryfall_cardmarket_id"": null, ""stored_ids"": [787446], ""validated_stored_ids"": [787446]}",,,,
5131,one_piece,Zoro,P-042,op-wp,Winner Pack,en,Championship 2024 | Event Pack Finalist,,,,3335,one_piece:P-042:zoro,295874,295874,,787507,,,,,,,,,,,,,,,,,,,Low,,EUR,EUR,cardmarket,787507,,2026-08-28T15:00:15.994637+00:00,"""{\""reason\"": \""Cardmarket product is not exact-language\"", \""snapshot_fingerprint\"": \""c66ede051b78ceab222cbf8a4ec59b7b1351876fa436b780951c2c31fe30a67d\""}""",MISMATCH,stored Cardmarket product conflicts with local printing,true,false,false,,,,,,,,CRITICAL,,,,CRITICAL,wrong_cardmarket_id,stale_price,"{""external_provenance"": [{""exact_language"": false, ""id"": 787507, ""metadata"": {""allowed_languages"": [""en"", ""jp"", ""zh-CN"", ""kr"", ""fr""]}, ""scope"": ""mixed""}], ""mismatch_reasons"": [""wrong_cardmarket_id""], ""scryfall_cardmarket_id"": null, ""stored_ids"": [787507], ""validated_stored_ids"": [787507]}",,,,
5148,one_piece,DON!!,DP-05,op08,OP-08: Two Legends,en,Rayleigh Silhouette | Double Pack Set Vol. 5,,,,4013,one_piece:DP-05,299852,299852,,787545,,,,,,,,,,,,,,,,,,,Low,4.09,EUR,EUR,cardtrader,299852,high,2026-08-29T12:19:30.162830+00:00,"""{\""cardmarket_exact_candidates\"": [], \""snapshot_fingerprint\"": \""64748f2ba2dd378c074a7f1df4d8cd4bba856e902c0c2f8454bfdc8e3bd8708b\""}""",MISMATCH,stored Cardmarket product conflicts with local printing,true,false,false,,,,,,,,CRITICAL,,,,CRITICAL,wrong_cardmarket_id,,"{""external_provenance"": [{""exact_language"": false, ""id"": 787545, ""metadata"": {""allowed_languages"": [""en"", ""jp"", ""zh-CN"", ""kr"", ""fr""]}, ""scope"": ""mixed""}], ""mismatch_reasons"": [""wrong_cardmarket_id""], ""scryfall_cardmarket_id"": null, ""stored_ids"": [787545], ""validated_stored_ids"": [787545]}",,,,
5149,one_piece,DON!!,DP-05,op08,OP-08: Two Legends,en,Whitebeard Shattered | Double Pack Set Vol. 5,,,,4013,one_piece:DP-05,299853,299853,,787546,,,,,,,,,,,,,,,,,,,Low,3.81,EUR,EUR,cardtrader,299853,high,2026-08-29T12:19:30.162830+00:00,"""{\""cardmarket_exact_candidates\"": [], \""snapshot_fingerprint\"": \""56e0295e348c480c4a675838547f6f23c623885437b572ae47525bbb6231da20\""}""",MISMATCH,stored Cardmarket product conflicts with local printing,true,false,false,,,,,,,,CRITICAL,,,,CRITICAL,wrong_cardmarket_id,,"{""external_provenance"": [{""exact_language"": false, ""id"": 787546, ""metadata"": {""allowed_languages"": [""en"", ""jp"", ""zh-CN"", ""kr"", ""fr""]}, ""scope"": ""mixed""}], ""mismatch_reasons"": [""wrong_cardmarket_id""], ""scryfall_cardmarket_id"": null, ""stored_ids"": [787546], ""validated_stored_ids"": [787546]}",,,,
5415,one_piece,Uta,ST11-001,st16,ST-16: Starter Deck Green Uta,en,Base,,,,2891,one_piece:ST11-001,305519,305519,,794639,,,,,,,,,,,,,,,,,,,Low,2.33,EUR,EUR,cardtrader,305519,high,2026-08-29T12:19:30.162830+00:00,"""{\""cardmarket_exact_candidates\"": [], \""snapshot_fingerprint\"": \""5d9a62a85664c03ae687a3f73e3b8843c2d5780b08d75eb8357448e7eae43b87\""}""",MISMATCH,stored Cardmarket product conflicts with local printing,true,false,false,,,,,,,,CRITICAL,,,,CRITICAL,wrong_cardmarket_id,,"{""external_provenance"": [{""exact_language"": false, ""id"": 794639, ""metadata"": {""allowed_languages"": [""en"", ""jp"", ""zh-CN"", ""kr"", ""fr""]}, ""scope"": ""mixed""}], ""mismatch_reasons"": [""wrong_cardmarket_id""], ""scryfall_cardmarket_id"": null, ""stored_ids"": [794639], ""validated_stored_ids"": [794639]}",,,,
5701,one_piece,DON!!,PRB-ACE-G,prb01,PRB-01: The Best - Premium Booster,en,Ace | Gold Foil,,,,4018,one_piece:PRB-ACE-G,306507,306507,,799452,,,,,,,,,,,,,,,,,,,Low,299.64,EUR,EUR,cardtrader,306507,low,2026-08-28T15:00:15.994637+00:00,"""{\""cardmarket_exact_candidates\"": [], \""snapshot_fingerprint\"": \""be253bce3e1becea6e9f8402b219e604e8e6d9d81c3ce01b57fb5347a3c260c6\""}""",MISMATCH,stored Cardmarket product conflicts with local printing,true,false,false,,,,,,,,CRITICAL,,,,CRITICAL,wrong_cardmarket_id,,"{""external_provenance"": [{""exact_language"": false, ""id"": 799452, ""metadata"": {""allowed_languages"": [""en"", ""jp"", ""zh-CN"", ""kr"", ""fr""]}, ""scope"": ""mixed""}], ""mismatch_reasons"": [""wrong_cardmarket_id""], ""scryfall_cardmarket_id"": null, ""stored_ids"": [799452], ""validated_stored_ids"": [799452]}",,,,
5704,one_piece,DON!!,PRB-SAKAZUKI-G,prb01,PRB-01: The Best - Premium Booster,en,Sakazuki | Gold Foil,,,,4042,one_piece:PRB-SAKAZUKI-G,306532,306532,,799455,,,,,,,,,,,,,,,,,,,Low,65.59,EUR,EUR,cardtrader,306532,high,2026-08-29T12:19:30.162830+00:00,"""{\""cardmarket_exact_candidates\"": [], \""snapshot_fingerprint\"": \""96765acef3ee4d140eed6acf6d3326f2a500dd4aa2eec4ec0e04de9d0c8c0589\""}""",MISMATCH,stored Cardmarket product conflicts with local printing,true,false,false,,,,,,,,CRITICAL,,,,CRITICAL,wrong_cardmarket_id,,"{""external_provenance"": [{""exact_language"": false, ""id"": 799455, ""metadata"": {""allowed_languages"": [""en"", ""jp"", ""zh-CN"", ""kr"", ""fr""]}, ""scope"": ""mixed""}], ""mismatch_reasons"": [""wrong_cardmarket_id""], ""scryfall_cardmarket_id"": null, ""stored_ids"": [799455], ""validated_stored_ids"": [799455]}",,,,
5713,one_piece,DON!!,PRB-DONFLAMINGO-G,prb01,PRB-01: The Best - Premium Booster,en,Donquixote Doflamingo | Gold Foil,,,,4039,one_piece:PRB-DONFLAMINGO-G,306529,306529,,799467,,,,,,,,,,,,,,,,,,,Low,290.64,EUR,EUR,cardtrader,306529,medium,2026-08-29T12:19:30.162830+00:00,"""{\""cardmarket_exact_candidates\"": [], \""snapshot_fingerprint\"": \""68d79622f225247e6ac31273756f87f0e4119f8e5f96929e5ac3c8e1ad89338f\""}""",MISMATCH,stored Cardmarket product conflicts with local printing,true,false,false,,,,,,,,CRITICAL,,,,CRITICAL,wrong_cardmarket_id,,"{""external_provenance"": [{""exact_language"": false, ""id"": 799467, ""metadata"": {""allowed_languages"": [""en"", ""jp"", ""zh-CN"", ""kr"", ""fr""]}, ""scope"": ""mixed""}], ""mismatch_reasons"": [""wrong_cardmarket_id""], ""scryfall_cardmarket_id"": null, ""stored_ids"": [799467], ""validated_stored_ids"": [799467]}",,,,
5716,one_piece,DON!!,PRB-ENEL-G,prb01,PRB-01: The Best - Premium Booster,en,Enel | Gold Foil,,,,4062,one_piece:PRB-ENEL-G,306552,306552,,799470,,,,,,,,,,,,,,,,,,,Low,274.64,EUR,EUR,cardtrader,306552,low,2026-08-29T12:19:30.162830+00:00,"""{\""cardmarket_exact_candidates\"": [], \""snapshot_fingerprint\"": \""f3d687b5bdf1662f65535bfc52c9666bc9c5d292528f511804e4a7425fc39ab9\""}""",MISMATCH,stored Cardmarket product conflicts with local printing,true,false,false,,,,,,,,CRITICAL,,,,CRITICAL,wrong_cardmarket_id,,"{""external_provenance"": [{""exact_language"": false, ""id"": 799470, ""metadata"": {""allowed_languages"": [""en"", ""jp"", ""zh-CN"", ""kr"", ""fr""]}, ""scope"": ""mixed""}], ""mismatch_reasons"": [""wrong_cardmarket_id""], ""scryfall_cardmarket_id"": null, ""stored_ids"": [799470], ""validated_stored_ids"": [799470]}",,,,
5719,one_piece,DON!!,PRB-HODY-G,prb01,PRB-01: The Best - Premium Booster,en,Hody Jones | Gold Foil,,,,4059,one_piece:PRB-HODY-G,306549,306549,,799473,,,,,,,,,,,,,,,,,,,Low,38.51,EUR,EUR,cardtrader,306549,high,2026-08-29T12:19:30.162830+00:00,"""{\""cardmarket_exact_candidates\"": [], \""snapshot_fingerprint\"": \""1e8a7136657301d0b05257012849121f26dc8ff0326fc118635bbbf77d9fbdc3\""}""",MISMATCH,stored Cardmarket product conflicts with local printing,true,false,false,,,,,,,,CRITICAL,,,,CRITICAL,wrong_cardmarket_id,,"{""external_provenance"": [{""exact_language"": false, ""id"": 799473, ""metadata"": {""allowed_languages"": [""en"", ""jp"", ""zh-CN"", ""kr"", ""fr""]}, ""scope"": ""mixed""}], ""mismatch_reasons"": [""wrong_cardmarket_id""], ""scryfall_cardmarket_id"": null, ""stored_ids"": [799473], ""validated_stored_ids"": [799473]}",,,,
5722,one_piece,DON!!,PRB-ICEBURG-G,prb01,PRB-01: The Best - Premium Booster,en,Iceburg | Gold Foil,,,,4058,one_piece:PRB-ICEBURG-G,306548,306548,,799476,,,,,,,,,,,,,,,,,,,Low,50.59,EUR,EUR,cardtrader,306548,high,2026-08-29T12:19:30.162830+00:00,"""{\""cardmarket_exact_candidates\"": [], \""snapshot_fingerprint\"": \""463c0a007c120cec05d4ae490c75d391f4a98bd3a5a4b8ec72adda0fc98196f7\""}""",MISMATCH,stored Cardmarket product conflicts with local printing,true,false,false,,,,,,,,CRITICAL,,,,CRITICAL,wrong_cardmarket_id,,"{""external_provenance"": [{""exact_language"": false, ""id"": 799476, ""metadata"": {""allowed_languages"": [""en"", ""jp"", ""zh-CN"", ""kr"", ""fr""]}, ""scope"": ""mixed""}], ""mismatch_reasons"": [""wrong_cardmarket_id""], ""scryfall_cardmarket_id"": null, ""stored_ids"": [799476], ""validated_stored_ids"": [799476]}",,,,
5725,one_piece,DON!!,PRB-IVANKOV-G,prb01,PRB-01: The Best - Premium Booster,en,Ivankov | Gold Foil,,,,4057,one_piece:PRB-IVANKOV-G,306547,306547,,799479,,,,,,,,,,,,,,,,,,,Low,80.64,EUR,EUR,cardtrader,306547,high,2026-08-29T12:19:30.162830+00:00,"""{\""cardmarket_exact_candidates\"": [], \""snapshot_fingerprint\"": \""75582a08de86831db50e0b6366a09c3fbf51ba7275e8f3147a45d303e843a97b\""}""",MISMATCH,stored Cardmarket product conflicts with local printing,true,false,false,,,,,,,,CRITICAL,,,,CRITICAL,wrong_cardmarket_id,,"{""external_provenance"": [{""exact_language"": false, ""id"": 799479, ""metadata"": {""allowed_languages"": [""en"", ""jp"", ""zh-CN"", ""kr"", ""fr""]}, ""scope"": ""mixed""}], ""mismatch_reasons"": [""wrong_cardmarket_id""], ""scryfall_cardmarket_id"": null, ""stored_ids"": [799479], ""validated_stored_ids"": [799479]}",,,,
5728,one_piece,DON!!,PRB-KAIDO-G,prb01,PRB-01: The Best - Premium Booster,en,Kaido | Gold Foil,,,,4056,one_piece:PRB-KAIDO-G,306546,306546,,799482,,,,,,,,,,,,,,,,,,,Low,132.07,EUR,EUR,cardtrader,306546,low,2026-08-29T12:19:30.162830+00:00,"""{\""cardmarket_exact_candidates\"": [], \""snapshot_fingerprint\"": \""7912354d0ddc3dd8fb0a2207ae538ece3bf8aa66e001fe991671a8f967ae39d7\""}""",MISMATCH,stored Cardmarket product conflicts with local printing,true,false,false,,,,,,,,CRITICAL,,,,CRITICAL,wrong_cardmarket_id,,"{""external_provenance"": [{""exact_language"": false, ""id"": 799482, ""metadata"": {""allowed_languages"": [""en"", ""jp"", ""zh-CN"", ""kr"", ""fr""]}, ""scope"": ""mixed""}], ""mismatch_reasons"": [""wrong_cardmarket_id""], ""scryfall_cardmarket_id"": null, ""stored_ids"": [799482], ""validated_stored_ids"": [799482]}",,,,
5731,one_piece,DON!!,PRB-KATAKURI-G,prb01,PRB-01: The Best - Premium Booster,en,Katakuri | Gold Foil,,,,4055,one_piece:PRB-KATAKURI-G,306545,306545,,799485,,,,,,,,,,,,,,,,,,,Low,100.0,EUR,EUR,cardtrader,306545,medium,2026-08-29T12:19:30.162830+00:00,"""{\""cardmarket_exact_candidates\"": [], \""snapshot_fingerprint\"": \""61ac0797f02cadc862fd3a6e218f1258cc09a0e9c6aec3b8df42f8af8bc1bed5\""}""",MISMATCH,stored Cardmarket product conflicts with local printing,true,false,false,,,,,,,,CRITICAL,,,,CRITICAL,wrong_cardmarket_id,,"{""external_provenance"": [{""exact_language"": false, ""id"": 799485, ""metadata"": {""allowed_languages"": [""en"", ""jp"", ""zh-CN"", ""kr"", ""fr""]}, ""scope"": ""mixed""}], ""mismatch_reasons"": [""wrong_cardmarket_id""], ""scryfall_cardmarket_id"": null, ""stored_ids"": [799485], ""validated_stored_ids"": [799485]}",,,,
5734,one_piece,DON!!,PRB-KID-G,prb01,PRB-01: The Best - Premium Booster,en,"Eustass ""Captain"" Kid | Gold Foil",,,,4061,one_piece:PRB-KID-G,306551,306551,,799488,,,,,,,,,,,,,,,,,,,Low,49.39,EUR,EUR,cardtrader,306551,low,2026-08-29T12:19:30.162830+00:00,"""{\""cardmarket_exact_candidates\"": [], \""snapshot_fingerprint\"": \""79f61739a35f9c0963e11177bafa16907454829d2ab049e15e8c35f2ffbd4cf4\""}""",MISMATCH,stored Cardmarket product conflicts with local printing,true,false,false,,,,,,,,CRITICAL,,,,CRITICAL,wrong_cardmarket_id,,"{""external_provenance"": [{""exact_language"": false, ""id"": 799488, ""metadata"": {""allowed_languages"": [""en"", ""jp"", ""zh-CN"", ""kr"", ""fr""]}, ""scope"": ""mixed""}], ""mismatch_reasons"": [""wrong_cardmarket_id""], ""scryfall_cardmarket_id"": null, ""stored_ids"": [799488], ""validated_stored_ids"": [799488]}",,,,
5737,one_piece,DON!!,PRB-KING-G,prb01,PRB-01: The Best - Premium Booster,en,King | Gold Foil,,,,4054,one_piece:PRB-KING-G,306544,306544,,799491,,,,,,,,,,,,,,,,,,,Low,41.06,EUR,EUR,cardtrader,306544,high,2026-08-29T12:19:30.162830+00:00,"""{\""cardmarket_exact_candidates\"": [], \""snapshot_fingerprint\"": \""86d7e7341b1dd368b7c1c0f1fdb4f0df94b95616677515903833d8a8879c6b4d\""}""",MISMATCH,stored Cardmarket product conflicts with local printing,true,false,false,,,,,,,,CRITICAL,,,,CRITICAL,wrong_cardmarket_id,,"{""external_provenance"": [{""exact_language"": false, ""id"": 799491, ""metadata"": {""allowed_languages"": [""en"", ""jp"", ""zh-CN"", ""kr"", ""fr""]}, ""scope"": ""mixed""}], ""mismatch_reasons"": [""wrong_cardmarket_id""], ""scryfall_cardmarket_id"": null, ""stored_ids"": [799491], ""validated_stored_ids"": [799491]}",,,,
5740,one_piece,DON!!,PRB-LAW-G,prb01,PRB-01: The Best - Premium Booster,en,Trafalgar Law | Gold Foil,,,,4043,one_piece:PRB-LAW-G,306533,306533,,799494,,,,,,,,,,,,,,,,,,,Low,473.87,EUR,EUR,cardtrader,306533,low,2026-08-29T12:19:30.162830+00:00,"""{\""cardmarket_exact_candidates\"": [], \""snapshot_fingerprint\"": \""c111fba58d98c36a6d874e4e719178740f345b478a22095a9bc6799d7bff45c3\""}""",MISMATCH,stored Cardmarket product conflicts with local printing,true,false,false,,,,,,,,CRITICAL,,,,CRITICAL,wrong_cardmarket_id,,"{""external_provenance"": [{""exact_language"": false, ""id"": 799494, ""metadata"": {""allowed_languages"": [""en"", ""jp"", ""zh-CN"", ""kr"", ""fr""]}, ""scope"": ""mixed""}], ""mismatch_reasons"": [""wrong_cardmarket_id""], ""scryfall_cardmarket_id"": null, ""stored_ids"": [799494], ""validated_stored_ids"": [799494]}",,,,
5743,one_piece,DON!!,PRB-LUCCI-G,prb01,PRB-01: The Best - Premium Booster,en,Rob Lucci | Gold Foil,,,,4045,one_piece:PRB-LUCCI-G,306535,306535,,799497,,,,,,,,,,,,,,,,,,,Low,50.59,EUR,EUR,cardtrader,306535,high,2026-08-29T12:19:30.162830+00:00,"""{\""cardmarket_exact_candidates\"": [], \""snapshot_fingerprint\"": \""db68d5751e4f53f71a8ade2cfb746b00f2f366fb5bcfc6f7e5f2c592911c1c4e\""}""",MISMATCH,stored Cardmarket product conflicts with local printing,true,false,false,,,,,,,,CRITICAL,,,,CRITICAL,wrong_cardmarket_id,,"{""external_provenance"": [{""exact_language"": false, ""id"": 799497, ""metadata"": {""allowed_languages"": [""en"", ""jp"", ""zh-CN"", ""kr"", ""fr""]}, ""scope"": ""mixed""}], ""mismatch_reasons"": [""wrong_cardmarket_id""], ""scryfall_cardmarket_id"": null, ""stored_ids"": [799497], ""validated_stored_ids"": [799497]}",,,,
5746,one_piece,DON!!,PRB-LUFFY-G,prb01,PRB-01: The Best - Premium Booster,en,Luffy | Gold Foil,,,,4053,one_piece:PRB-LUFFY-G,306543,306543,,799500,,,,,,,,,,,,,,,,,,,Low,700.64,EUR,EUR,cardtrader,306543,low,2026-08-29T12:19:30.162830+00:00,"""{\""cardmarket_exact_candidates\"": [], \""snapshot_fingerprint\"": \""d5b74080bbe353a885ebfd9eafd12df0860846f1bb4d38bf42b8e66863ea6c0f\""}""",MISMATCH,stored Cardmarket product conflicts with local printing,true,false,false,,,,,,,,CRITICAL,,,,CRITICAL,wrong_cardmarket_id,,"{""external_provenance"": [{""exact_language"": false, ""id"": 799500, ""metadata"": {""allowed_languages"": [""en"", ""jp"", ""zh-CN"", ""kr"", ""fr""]}, ""scope"": ""mixed""}], ""mismatch_reasons"": [""wrong_cardmarket_id""], ""scryfall_cardmarket_id"": null, ""stored_ids"": [799500], ""validated_stored_ids"": [799500]}",,,,
5749,one_piece,DON!!,PRB-MAGELLAN-G,prb01,PRB-01: The Best - Premium Booster,en,Magellan | Gold Foil,,,,4052,one_piece:PRB-MAGELLAN-G,306542,306542,,799503,,,,,,,,,,,,,,,,,,,Low,74.63,EUR,EUR,cardtrader,306542,high,2026-08-29T12:19:30.162830+00:00,"""{\""cardmarket_exact_candidates\"": [], \""snapshot_fingerprint\"": \""2d13aeedd3bd2f14f13c8b5ab14fccb8e31279626eb698959d2f047988922209\""}""",MISMATCH,stored Cardmarket product conflicts with local printing,true,false,false,,,,,,,,CRITICAL,,,,CRITICAL,wrong_cardmarket_id,,"{""external_provenance"": [{""exact_language"": false, ""id"": 799503, ""metadata"": {""allowed_languages"": [""en"", ""jp"", ""zh-CN"", ""kr"", ""fr""]}, ""scope"": ""mixed""}], ""mismatch_reasons"": [""wrong_cardmarket_id""], ""scryfall_cardmarket_id"": null, ""stored_ids"": [799503], ""validated_stored_ids"": [799503]}",,,,
5752,one_piece,DON!!,PRB-MORIA-G,prb01,PRB-01: The Best - Premium Booster,en,Gecko Moria | Gold Foil,,,,4060,one_piece:PRB-MORIA-G,306550,306550,,799506,,,,,,,,,,,,,,,,,,,Low,90.57,EUR,EUR,cardtrader,306550,high,2026-08-29T12:19:30.162830+00:00,"""{\""cardmarket_exact_candidates\"": [], \""snapshot_fingerprint\"": \""d0fb74517a9788ca3edd6f282585de4a129b7408215a4a7bdf632f0fa6654386\""}""",MISMATCH,stored Cardmarket product conflicts with local printing,true,false,false,,,,,,,,CRITICAL,,,,CRITICAL,wrong_cardmarket_id,,"{""external_provenance"": [{""exact_language"": false, ""id"": 799506, ""metadata"": {""allowed_languages"": [""en"", ""jp"", ""zh-CN"", ""kr"", ""fr""]}, ""scope"": ""mixed""}], ""mismatch_reasons"": [""wrong_cardmarket_id""], ""scryfall_cardmarket_id"": null, ""stored_ids"": [799506], ""validated_stored_ids"": [799506]}",,,,
5755,one_piece,DON!!,PRB-ODEN-G,prb01,PRB-01: The Best - Premium Booster,en,Oden | Gold Foil,,,,4051,one_piece:PRB-ODEN-G,306541,306541,,799509,,,,,,,,,,,,,,,,,,,Low,53.63,EUR,EUR,cardtrader,306541,high,2026-08-29T12:19:30.162830+00:00,"""{\""cardmarket_exact_candidates\"": [], \""snapshot_fingerprint\"": \""48840f8ceaa29b47eac8540f1a7cd39ff9c912fdc38cbfcfc341e38482fa05ab\""}""",MISMATCH,stored Cardmarket product conflicts with local printing,true,false,false,,,,,,,,CRITICAL,,,,CRITICAL,wrong_cardmarket_id,,"{""external_provenance"": [{""exact_language"": false, ""id"": 799509, ""metadata"": {""allowed_languages"": [""en"", ""jp"", ""zh-CN"", ""kr"", ""fr""]}, ""scope"": ""mixed""}], ""mismatch_reasons"": [""wrong_cardmarket_id""], ""scryfall_cardmarket_id"": null, ""stored_ids"": [799509], ""validated_stored_ids"": [799509]}",,,,
5758,one_piece,DON!!,PRB-PERONA-G,prb01,PRB-01: The Best - Premium Booster,en,Perona | Gold Foil,,,,4050,one_piece:PRB-PERONA-G,306540,306540,,799512,,,,,,,,,,,,,,,,,,,Low,135.63,EUR,EUR,cardtrader,306540,low,2026-08-28T15:00:15.994637+00:00,"""{\""cardmarket_exact_candidates\"": [], \""snapshot_fingerprint\"": \""b18f9647177a934acea99f0c8728f2ef1bf20e0a4a53a0c295916e35afc1c88a\""}""",MISMATCH,stored Cardmarket product conflicts with local printing,true,false,false,,,,,,,,CRITICAL,,,,CRITICAL,wrong_cardmarket_id,,"{""external_provenance"": [{""exact_language"": false, ""id"": 799512, ""metadata"": {""allowed_languages"": [""en"", ""jp"", ""zh-CN"", ""kr"", ""fr""]}, ""scope"": ""mixed""}], ""mismatch_reasons"": [""wrong_cardmarket_id""], ""scryfall_cardmarket_id"": null, ""stored_ids"": [799512], ""validated_stored_ids"": [799512]}",,,,
5761,one_piece,DON!!,PRB-QUEEN-G,prb01,PRB-01: The Best - Premium Booster,en,Queen | Gold Foil,,,,4049,one_piece:PRB-QUEEN-G,306539,306539,,799515,,,,,,,,,,,,,,,,,,,Low,40.52,EUR,EUR,cardtrader,306539,high,2026-08-29T12:19:30.162830+00:00,"""{\""cardmarket_exact_candidates\"": [], \""snapshot_fingerprint\"": \""0de273fe8b8cf4a6f75e3e73bfb61f0c28789000f3c7cf7543d521d8c2713e53\""}""",MISMATCH,stored Cardmarket product conflicts with local printing,true,false,false,,,,,,,,CRITICAL,,,,CRITICAL,wrong_cardmarket_id,,"{""external_provenance"": [{""exact_language"": false, ""id"": 799515, ""metadata"": {""allowed_languages"": [""en"", ""jp"", ""zh-CN"", ""kr"", ""fr""]}, ""scope"": ""mixed""}], ""mismatch_reasons"": [""wrong_cardmarket_id""], ""scryfall_cardmarket_id"": null, ""stored_ids"": [799515], ""validated_stored_ids"": [799515]}",,,,
5764,one_piece,DON!!,PRB-REBECCA-G,prb01,PRB-01: The Best - Premium Booster,en,Rebecca | Gold Foil,,,,4048,one_piece:PRB-REBECCA-G,306538,306538,,799518,,,,,,,,,,,,,,,,,,,Low,80.53,EUR,EUR,cardtrader,306538,high,2026-08-29T12:19:30.162830+00:00,"""{\""cardmarket_exact_candidates\"": [], \""snapshot_fingerprint\"": \""acff5670c4e72cc2e3df2e0156f26c068bd6a19dbc1e3c60b4477353b0655b5c\""}""",MISMATCH,stored Cardmarket product conflicts with local printing,true,false,false,,,,,,,,CRITICAL,,,,CRITICAL,wrong_cardmarket_id,,"{""external_provenance"": [{""exact_language"": false, ""id"": 799518, ""metadata"": {""allowed_languages"": [""en"", ""jp"", ""zh-CN"", ""kr"", ""fr""]}, ""scope"": ""mixed""}], ""mismatch_reasons"": [""wrong_cardmarket_id""], ""scryfall_cardmarket_id"": null, ""stored_ids"": [799518], ""validated_stored_ids"": [799518]}",,,,
5767,one_piece,DON!!,PRB-REIJU-G,prb01,PRB-01: The Best - Premium Booster,en,Reiju | Gold Foil,,,,4044,one_piece:PRB-REIJU-G,306534,306534,,799521,,,,,,,,,,,,,,,,,,,Low,70.62,EUR,EUR,cardtrader,306534,high,2026-08-29T12:19:30.162830+00:00,"""{\""cardmarket_exact_candidates\"": [], \""snapshot_fingerprint\"": \""73c0804c1d27d7d843e01630ca5b9f15aae7f9b20021c59b39377f658ce4fff8\""}""",MISMATCH,stored Cardmarket product conflicts with local printing,true,false,false,,,,,,,,CRITICAL,,,,CRITICAL,wrong_cardmarket_id,,"{""external_provenance"": [{""exact_language"": false, ""id"": 799521, ""metadata"": {""allowed_languages"": [""en"", ""jp"", ""zh-CN"", ""kr"", ""fr""]}, ""scope"": ""mixed""}], ""mismatch_reasons"": [""wrong_cardmarket_id""], ""scryfall_cardmarket_id"": null, ""stored_ids"": [799521], ""validated_stored_ids"": [799521]}",,,,
5770,one_piece,DON!!,PRB-ROSINANTE-G,prb01,PRB-01: The Best - Premium Booster,en,Rosinante | Gold Foil,,,,4047,one_piece:PRB-ROSINANTE-G,306537,306537,,799524,,,,,,,,,,,,,,,,,,,Low,150.61,EUR,EUR,cardtrader,306537,high,2026-08-29T12:19:30.162830+00:00,"""{\""cardmarket_exact_candidates\"": [], \""snapshot_fingerprint\"": \""bb36c3b58ca5a3ad320a0e164479e70503abce0dac2ad4c31f9930c978fe3dea\""}""",MISMATCH,stored Cardmarket product conflicts with local printing,true,false,false,,,,,,,,CRITICAL,,,,CRITICAL,wrong_cardmarket_id,,"{""external_provenance"": [{""exact_language"": false, ""id"": 799524, ""metadata"": {""allowed_languages"": [""en"", ""jp"", ""zh-CN"", ""kr"", ""fr""]}, ""scope"": ""mixed""}], ""mismatch_reasons"": [""wrong_cardmarket_id""], ""scryfall_cardmarket_id"": null, ""stored_ids"": [799524], ""validated_stored_ids"": [799524]}",,,,
5773,one_piece,DON!!,PRB-SABO-G,prb01,PRB-01: The Best - Premium Booster,en,Sabo | Gold Foil,,,,4046,one_piece:PRB-SABO-G,306536,306536,,799527,,,,,,,,,,,,,,,,,,,Low,70.63,EUR,EUR,cardtrader,306536,low,2026-08-29T12:19:30.162830+00:00,"""{\""cardmarket_exact_candidates\"": [], \""snapshot_fingerprint\"": \""108376b7e184135d01fed1b432ee7eee0f2fe97146d6aa054ac636ae16c6de9e\""}""",MISMATCH,stored Cardmarket product conflicts with local printing,true,false,false,,,,,,,,CRITICAL,,,,CRITICAL,wrong_cardmarket_id,,"{""external_provenance"": [{""exact_language"": false, ""id"": 799527, ""metadata"": {""allowed_languages"": [""en"", ""jp"", ""zh-CN"", ""kr"", ""fr""]}, ""scope"": ""mixed""}], ""mismatch_reasons"": [""wrong_cardmarket_id""], ""scryfall_cardmarket_id"": null, ""stored_ids"": [799527], ""validated_stored_ids"": [799527]}",,,,
5776,one_piece,DON!!,PRB-UTA-G,prb01,PRB-01: The Best - Premium Booster,en,Uta | Gold Foil,,,,4041,one_piece:PRB-UTA-G,306531,306531,,799530,,,,,,,,,,,,,,,,,,,Low,199.64,EUR,EUR,cardtrader,306531,high,2026-08-29T12:19:30.162830+00:00,"""{\""cardmarket_exact_candidates\"": [], \""snapshot_fingerprint\"": \""4efe27ad40c8d08dc5861045490063bce31e5ca8eb33673fa6668b5f1de2dfc1\""}""",MISMATCH,stored Cardmarket product conflicts with local printing,true,false,false,,,,,,,,CRITICAL,,,,CRITICAL,wrong_cardmarket_id,,"{""external_provenance"": [{""exact_language"": false, ""id"": 799530, ""metadata"": {""allowed_languages"": [""en"", ""jp"", ""zh-CN"", ""kr"", ""fr""]}, ""scope"": ""mixed""}], ""mismatch_reasons"": [""wrong_cardmarket_id""], ""scryfall_cardmarket_id"": null, ""stored_ids"": [799530], ""validated_stored_ids"": [799530]}",,,,
5778,one_piece,DON!!,PRB-VIVI-G,prb01,PRB-01: The Best - Premium Booster,en,Vivi | Gold Foil,,,,4040,one_piece:PRB-VIVI-G,306530,306530,,799533,,,,,,,,,,,,,,,,,,,Low,307.64,EUR,EUR,cardtrader,306530,low,2026-08-28T15:00:15.994637+00:00,"""{\""cardmarket_exact_candidates\"": [], \""snapshot_fingerprint\"": \""d287f72b67ddd64874f83c0d4ce5ff00e046fe31b336347da53c8bc284d68c89\""}""",MISMATCH,stored Cardmarket product conflicts with local printing,true,false,false,,,,,,,,CRITICAL,,,,CRITICAL,wrong_cardmarket_id,,"{""external_provenance"": [{""exact_language"": false, ""id"": 799533, ""metadata"": {""allowed_languages"": [""en"", ""jp"", ""zh-CN"", ""kr"", ""fr""]}, ""scope"": ""mixed""}], ""mismatch_reasons"": [""wrong_cardmarket_id""], ""scryfall_cardmarket_id"": null, ""stored_ids"": [799533], ""validated_stored_ids"": [799533]}",,,,
5782,one_piece,DON!!,PRB-NEWGATE-G,prb01,PRB-01: The Best - Premium Booster,en,Edward.Newgate| Gold Foil,,,,4073,one_piece:PRB-NEWGATE-G,306565,306565,,799537,,,,,,,,,,,,,,,,,,,Low,69.64,EUR,EUR,cardtrader,306565,high,2026-08-29T12:19:30.162830+00:00,"""{\""cardmarket_exact_candidates\"": [], \""snapshot_fingerprint\"": \""9064d17b5545f31bb66d441a2bb8ce93486970919dcc1fb5aada8401947c30b8\""}""",MISMATCH,stored Cardmarket product conflicts with local printing,true,false,false,,,,,,,,CRITICAL,,,,CRITICAL,wrong_cardmarket_id,,"{""external_provenance"": [{""exact_language"": false, ""id"": 799537, ""metadata"": {""allowed_languages"": [""en"", ""jp"", ""zh-CN"", ""kr"", ""fr""]}, ""scope"": ""mixed""}], ""mismatch_reasons"": [""wrong_cardmarket_id""], ""scryfall_cardmarket_id"": null, ""stored_ids"": [799537], ""validated_stored_ids"": [799537]}",,,,
5785,one_piece,DON!!,PRB-YAMATO-G,prb01,PRB-01: The Best - Premium Booster,en,Yamato | Gold Foil,,,,4074,one_piece:PRB-YAMATO-G,306566,306566,,799540,,,,,,,,,,,,,,,,,,,Low,130.0,EUR,EUR,cardtrader,306566,high,2026-08-28T15:00:15.994637+00:00,"""{\""cardmarket_exact_candidates\"": [], \""snapshot_fingerprint\"": \""465d5e6ff5d8b1fdeddd417899563face35b3b6c2de2027965d186b17769763e\""}""",MISMATCH,stored Cardmarket product conflicts with local printing,true,false,false,,,,,,,,CRITICAL,,,,CRITICAL,wrong_cardmarket_id,,"{""external_provenance"": [{""exact_language"": false, ""id"": 799540, ""metadata"": {""allowed_languages"": [""en"", ""jp"", ""zh-CN"", ""kr"", ""fr""]}, ""scope"": ""mixed""}], ""mismatch_reasons"": [""wrong_cardmarket_id""], ""scryfall_cardmarket_id"": null, ""stored_ids"": [799540], ""validated_stored_ids"": [799540]}",,,,
5788,one_piece,DON!!,PRB-ZORO-G,prb01,PRB-01: The Best - Premium Booster,en,Zoro | Gold Foil,,,,4075,one_piece:PRB-ZORO-G,306567,306567,,799543,,,,,,,,,,,,,,,,,,,Low,1300.64,EUR,EUR,cardtrader,306567,low,2026-08-28T15:00:15.994637+00:00,"""{\""cardmarket_exact_candidates\"": [], \""snapshot_fingerprint\"": \""8db75c2931cfba276b65c0d7e25c789afd37562970a1d57bcae5ee1ad8a742ce\""}""",MISMATCH,stored Cardmarket product conflicts with local printing,true,false,false,,,,,,,,CRITICAL,,,,CRITICAL,wrong_cardmarket_id,,"{""external_provenance"": [{""exact_language"": false, ""id"": 799543, ""metadata"": {""allowed_languages"": [""en"", ""jp"", ""zh-CN"", ""kr"", ""fr""]}, ""scope"": ""mixed""}], ""mismatch_reasons"": [""wrong_cardmarket_id""], ""scryfall_cardmarket_id"": null, ""stored_ids"": [799543], ""validated_stored_ids"": [799543]}",,,,
6249,one_piece,DON!!,2ND,promo,One Piece Promos,en,Garp and Luffy | 2nd Anniversary,,,,738,one_piece:2ND:don,315229,315229,,803086,,,,,,,,,,,,,,,,,,,Low,4.15,EUR,EUR,cardtrader,315229,high,2026-08-29T12:19:30.162830+00:00,"""{\""cardmarket_exact_candidates\"": [], \""snapshot_fingerprint\"": \""2e44d585c05c37864002edcacc446bd8bfb9c72b1284ef70ca34933323829b10\""}""",MISMATCH,stored Cardmarket product conflicts with local printing,true,false,false,,,,,,,,CRITICAL,,,,CRITICAL,wrong_cardmarket_id,,"{""external_provenance"": [{""exact_language"": false, ""id"": 803086, ""metadata"": {""allowed_languages"": [""en"", ""jp"", ""zh-CN"", ""kr"", ""fr""]}, ""scope"": ""mixed""}], ""mismatch_reasons"": [""wrong_cardmarket_id""], ""scryfall_cardmarket_id"": null, ""stored_ids"": [803086], ""validated_stored_ids"": [803086]}",,,,
6282,one_piece,DON!!,OP-09-BGY,op09,OP-09: Emperors in the New World,en,DP-06 | Buggy,,,,4502,one_piece:OP-09-BGY,315227,315227,,804530,,,,,,,,,,,,,,,,,,,Low,3.57,EUR,EUR,cardtrader,315227,high,2026-08-29T12:19:30.162830+00:00,"""{\""cardmarket_exact_candidates\"": [], \""snapshot_fingerprint\"": \""b67a49557a74ea2d311839aa48905328f9565d915155dfa2ba041a2f33a2e2b2\""}""",MISMATCH,stored Cardmarket product conflicts with local printing,true,false,false,,,,,,,,CRITICAL,,,,CRITICAL,wrong_cardmarket_id,,"{""external_provenance"": [{""exact_language"": false, ""id"": 804530, ""metadata"": {""allowed_languages"": [""en"", ""jp"", ""zh-CN"", ""kr"", ""fr""]}, ""scope"": ""mixed""}], ""mismatch_reasons"": [""wrong_cardmarket_id""], ""scryfall_cardmarket_id"": null, ""stored_ids"": [804530], ""validated_stored_ids"": [804530]}",,,,
6283,one_piece,DON!!,OP-09-B,op09,OP-09: Emperors in the New World,en,Blackbeard | Double Pack Set Vol.6,,,,4501,one_piece:OP-09-B,315226,315226,,804531,,,,,,,,,,,,,,,,,,,Low,4.65,EUR,EUR,cardtrader,315226,high,2026-08-29T12:19:30.162830+00:00,"""{\""cardmarket_exact_candidates\"": [], \""snapshot_fingerprint\"": \""c3d1a0687ea1f8bf35802cb7a9d49c67949794aa4208626bcda0bf399a74f44b\""}""",MISMATCH,stored Cardmarket product conflicts with local printing,true,false,false,,,,,,,,CRITICAL,,,,CRITICAL,wrong_cardmarket_id,,"{""external_provenance"": [{""exact_language"": false, ""id"": 804531, ""metadata"": {""allowed_languages"": [""en"", ""jp"", ""zh-CN"", ""kr"", ""fr""]}, ""scope"": ""mixed""}], ""mismatch_reasons"": [""wrong_cardmarket_id""], ""scryfall_cardmarket_id"": null, ""stored_ids"": [804531], ""validated_stored_ids"": [804531]}",,,,
7060,one_piece,DON!!,TS-01,oppr,One Piece Products,en,Monkey.D.Luffy | Tin Pack Set Vol.1,,,,1846,one_piece:TS-01,325392,325392,,821346,,,,,,,,,,,,,,,,,,,Low,3.88,EUR,EUR,cardtrader,325392,high,2026-08-29T12:19:30.162830+00:00,"""{\""cardmarket_exact_candidates\"": [], \""snapshot_fingerprint\"": \""b2248cb177fd593588f81bde97579af915d6c0dd273a49bd193ea6681d093640\""}""",MISMATCH,stored Cardmarket product conflicts with local printing,true,false,false,,,,,,,,CRITICAL,,,,CRITICAL,wrong_cardmarket_id,,"{""external_provenance"": [{""exact_language"": false, ""id"": 821346, ""metadata"": {""allowed_languages"": [""en"", ""jp"", ""zh-CN"", ""kr"", ""fr""]}, ""scope"": ""mixed""}], ""mismatch_reasons"": [""wrong_cardmarket_id""], ""scryfall_cardmarket_id"": null, ""stored_ids"": [821346], ""validated_stored_ids"": [821346]}",,,,
7061,one_piece,DON!!,TS-01,oppr,One Piece Products,en,Gol.D.Roger | Tin Pack Set Vol.1,,,,1846,one_piece:TS-01,325391,325391,,821347,,,,,,,,,,,,,,,,,,,Low,1.1,EUR,EUR,cardtrader,325391,high,2026-08-29T12:19:30.162830+00:00,"""{\""cardmarket_exact_candidates\"": [], \""snapshot_fingerprint\"": \""c0c16ec7db74f8b7f8b0952e9a363ac6a115a24d5877b35321c543d7ce7d8374\""}""",MISMATCH,stored Cardmarket product conflicts with local printing,true,false,false,,,,,,,,CRITICAL,,,,CRITICAL,wrong_cardmarket_id,,"{""external_provenance"": [{""exact_language"": false, ""id"": 821347, ""metadata"": {""allowed_languages"": [""en"", ""jp"", ""zh-CN"", ""kr"", ""fr""]}, ""scope"": ""mixed""}], ""mismatch_reasons"": [""wrong_cardmarket_id""], ""scryfall_cardmarket_id"": null, ""stored_ids"": [821347], ""validated_stored_ids"": [821347]}",,,,
7396,one_piece,Traflagar Law,OP09-069,promo,One Piece Promos,en,Beginners Deck Party,,,,766,one_piece:OP09-069:traflagarlaw,335957,335957,,828344,,,,,,,,,,,,,,,,,,,Low,1.05,EUR,EUR,cardtrader,335957,high,2026-08-29T12:19:30.162830+00:00,"""{\""cardmarket_exact_candidates\"": [], \""snapshot_fingerprint\"": \""87a004150c8f389dbedfc9bba0eb9cb9757f0784b0c524832f81b7778112036b\""}""",MISMATCH,stored Cardmarket product conflicts with local printing,true,false,false,,,,,,,,CRITICAL,,,,CRITICAL,wrong_cardmarket_id,,"{""external_provenance"": [{""exact_language"": false, ""id"": 828344, ""metadata"": {""allowed_languages"": [""en"", ""jp"", ""zh-CN"", ""kr"", ""fr""]}, ""scope"": ""mixed""}], ""mismatch_reasons"": [""wrong_cardmarket_id""], ""scryfall_cardmarket_id"": null, ""stored_ids"": [828344], ""validated_stored_ids"": [828344]}",,,,
7404,one_piece,Traflagar Law,OP09-069,op-wp,Winner Pack,en,Beginners Deck Party | Winner Pack,,,,766,one_piece:OP09-069:traflagarlaw,335958,335958,,828454,,,,,,,,,,,,,,,,,,,Low,170.78,EUR,EUR,cardtrader,335958,high,2026-08-28T15:00:15.994637+00:00,"""{\""cardmarket_exact_candidates\"": [], \""snapshot_fingerprint\"": \""6f9814a1e3a2d33eba620d0d5f6a892fa5d1df77877404339f44fcdee040abdb\""}""",MISMATCH,stored Cardmarket product conflicts with local printing,true,false,false,,,,,,,,CRITICAL,,,,CRITICAL,wrong_cardmarket_id,,"{""external_provenance"": [{""exact_language"": false, ""id"": 828454, ""metadata"": {""allowed_languages"": [""en"", ""jp"", ""zh-CN"", ""kr"", ""fr""]}, ""scope"": ""mixed""}], ""mismatch_reasons"": [""wrong_cardmarket_id""], ""scryfall_cardmarket_id"": null, ""stored_ids"": [828454], ""validated_stored_ids"": [828454]}",,,,
7573,one_piece,DON!!,DP-07,op11,OP-11: A Fist of Divine Speed,en,Katakuri | Double Pack Vol.7,,,,5385,one_piece:DP-07,338192,338192,,829480,,,,,,,,,,,,,,,,,,,Low,6.28,EUR,EUR,cardtrader,338192,high,2026-08-29T12:19:30.162830+00:00,"""{\""cardmarket_exact_candidates\"": [], \""snapshot_fingerprint\"": \""c6cc2478cfa3cf9060a5cbf12f9c2dde1bfdb1dea8c8d53492c90346a4111dc8\""}""",MISMATCH,stored Cardmarket product conflicts with local printing,true,false,false,,,,,,,,CRITICAL,,,,CRITICAL,wrong_cardmarket_id,,"{""external_provenance"": [{""exact_language"": false, ""id"": 829480, ""metadata"": {""allowed_languages"": [""en"", ""jp"", ""zh-CN"", ""kr"", ""fr""]}, ""scope"": ""mixed""}], ""mismatch_reasons"": [""wrong_cardmarket_id""], ""scryfall_cardmarket_id"": null, ""stored_ids"": [829480], ""validated_stored_ids"": [829480]}",,,,
7574,one_piece,DON!!,DP-07,op11,OP-11: A Fist of Divine Speed,en,Koby | Double Pack Set Vol.7,,,,5385,one_piece:DP-07,338194,338194,,829482,,,,,,,,,,,,,,,,,,,Low,1.66,EUR,EUR,cardtrader,338194,high,2026-08-29T12:19:30.162830+00:00,"""{\""cardmarket_exact_candidates\"": [], \""snapshot_fingerprint\"": \""b0a47a8b3ab96c6e16f24a440b486baeeb0b4e87adf030292cefd9666d266fcf\""}""",MISMATCH,stored Cardmarket product conflicts with local printing,true,false,false,,,,,,,,CRITICAL,,,,CRITICAL,wrong_cardmarket_id,,"{""external_provenance"": [{""exact_language"": false, ""id"": 829482, ""metadata"": {""allowed_languages"": [""en"", ""jp"", ""zh-CN"", ""kr"", ""fr""]}, ""scope"": ""mixed""}], ""mismatch_reasons"": [""wrong_cardmarket_id""], ""scryfall_cardmarket_id"": null, ""stored_ids"": [829482], ""validated_stored_ids"": [829482]}",,,,
8234,one_piece,Charlotte Brulee,ST20-003,prb02,PRB-02: The Best 2 - Premium Booster,en,Non-Foil | Reprint,,,,4593,one_piece:ST20-003,351519,351519,,"818074,839627",,839627,Charlotte Brulee (ST20-003),6233,,,ST20-003,mixed/unknown,0.02,0.02,0.02,0.02,0.03,,0,,,,Low,0.11,EUR,EUR,cardtrader,351519,high,2026-08-29T12:19:30.162830+00:00,"""{\""cardmarket_exact_candidates\"": [], \""snapshot_fingerprint\"": \""f9f3f72a83e902f1ae75078da110d3d089897dccfab280ae1564a286566dd446\""}""",MISMATCH,stored Cardmarket product conflicts with local printing,true,false,false,,,,,,,,CRITICAL,,,,CRITICAL,wrong_cardmarket_id,,"{""external_provenance"": [{""exact_language"": false, ""id"": 818074, ""metadata"": {""allowed_languages"": [""en"", ""jp"", ""zh-CN"", ""kr"", ""fr""]}, ""scope"": ""mixed""}, {""exact_language"": false, ""id"": 839627, ""metadata"": {""allowed_languages"": [""en"", ""jp"", ""zh-CN"", ""kr"", ""fr""]}, ""scope"": ""mixed""}], ""mismatch_reasons"": [""wrong_cardmarket_id""], ""scryfall_cardmarket_id"": null, ""stored_ids"": [818074, 839627], ""validated_stored_ids"": [818074, 839627]}",,,,
8581,one_piece,DON!!,DP-08,op-12p,OP-12: Legacy of the Master Promos,en,3D | Double Pack Set Vol.8,,,,6518,one_piece:DP-08,372402,372402,,845306,,,,,,,,,,,,,,,,,,,Low,2.55,EUR,EUR,cardtrader,372402,high,2026-08-29T12:19:30.162830+00:00,"""{\""cardmarket_exact_candidates\"": [], \""snapshot_fingerprint\"": \""08180295794f409de1ae641381c214d80ab0e9064259e4192f8608f9b00f7fba\""}""",MISMATCH,stored Cardmarket product conflicts with local printing,true,false,false,,,,,,,,CRITICAL,,,,CRITICAL,wrong_cardmarket_id,,"{""external_provenance"": [{""exact_language"": false, ""id"": 845306, ""metadata"": {""allowed_languages"": [""en"", ""jp"", ""zh-CN"", ""kr"", ""fr""]}, ""scope"": ""mixed""}], ""mismatch_reasons"": [""wrong_cardmarket_id""], ""scryfall_cardmarket_id"": null, ""stored_ids"": [845306], ""validated_stored_ids"": [845306]}",,,,
8582,one_piece,DON!!,DP-08,op-12p,OP-12: Legacy of the Master Promos,en,2Y | Double Pack Set Vol.8,,,,6518,one_piece:DP-08,372401,372401,,845307,,,,,,,,,,,,,,,,,,,Low,12.7,EUR,EUR,cardtrader,372401,high,2026-08-29T12:19:30.162830+00:00,"""{\""cardmarket_exact_candidates\"": [], \""snapshot_fingerprint\"": \""4db6cc228d1ba359d882eaab2b1b30a2164a3e9c14c2d78644e4b0178e2c1c8d\""}""",MISMATCH,stored Cardmarket product conflicts with local printing,true,false,false,,,,,,,,CRITICAL,,,,CRITICAL,wrong_cardmarket_id,,"{""external_provenance"": [{""exact_language"": false, ""id"": 845307, ""metadata"": {""allowed_languages"": [""en"", ""jp"", ""zh-CN"", ""kr"", ""fr""]}, ""scope"": ""mixed""}], ""mismatch_reasons"": [""wrong_cardmarket_id""], ""scryfall_cardmarket_id"": null, ""stored_ids"": [845307], ""validated_stored_ids"": [845307]}",,,,
8694,one_piece,DON!!,OP13,op13,OP-13: Carrying on his Will,en,Gol.D.Roger,,,,6064,one_piece:OP13,356699,356699,,845695,,,,,,,,,,,,,,,,,,,Low,0.11,EUR,EUR,cardtrader,356699,high,2026-08-29T12:19:30.162830+00:00,"""{\""cardmarket_exact_candidates\"": [], \""snapshot_fingerprint\"": \""95a5889c8b7d186d7b73704402665b17608757378d8e36fddbe6c9a89868cf3c\""}""",MISMATCH,stored Cardmarket product conflicts with local printing,true,false,false,,,,,,,,CRITICAL,,,,CRITICAL,wrong_cardmarket_id,,"{""external_provenance"": [{""exact_language"": false, ""id"": 845695, ""metadata"": {""allowed_languages"": [""en"", ""jp"", ""zh-CN"", ""kr"", ""fr""]}, ""scope"": ""mixed""}], ""mismatch_reasons"": [""wrong_cardmarket_id""], ""scryfall_cardmarket_id"": null, ""stored_ids"": [845695], ""validated_stored_ids"": [845695]}",,,,
8695,one_piece,DON!!,OP13G,op13,OP-13: Carrying on his Will,en,Gol.D.Roger | Gold Foil,,,,6065,one_piece:OP13G,356700,356700,,845696,,,,,,,,,,,,,,,,,,,Low,5.98,EUR,EUR,cardtrader,356700,high,2026-08-29T12:19:30.162830+00:00,"""{\""cardmarket_exact_candidates\"": [], \""snapshot_fingerprint\"": \""69c0606c11d489a8709d71cdcdbf83bac359f46bb7ab6285c7d1f3b82e40793a\""}""",MISMATCH,stored Cardmarket product conflicts with local printing,true,false,false,,,,,,,,CRITICAL,,,,CRITICAL,wrong_cardmarket_id,,"{""external_provenance"": [{""exact_language"": false, ""id"": 845696, ""metadata"": {""allowed_languages"": [""en"", ""jp"", ""zh-CN"", ""kr"", ""fr""]}, ""scope"": ""mixed""}], ""mismatch_reasons"": [""wrong_cardmarket_id""], ""scryfall_cardmarket_id"": null, ""stored_ids"": [845696], ""validated_stored_ids"": [845696]}",,,,
8870,one_piece,DON!!,PRB-BEL-G,prb02,PRB-02: The Best 2 - Premium Booster,en,Bello Betty | Gold Foil,,,,6385,one_piece:PRB-BEL-G,352569,352569,,852214,,,,,,,,,,,,,,,,,,,Low,35.52,EUR,EUR,cardtrader,352569,high,2026-08-29T12:19:30.162830+00:00,"""{\""cardmarket_exact_candidates\"": [], \""snapshot_fingerprint\"": \""a31f9cd85b9ed4572b4613c47da475fe485da723f9bea81fb3c94a87119a3eea\""}""",MISMATCH,stored Cardmarket product conflicts with local printing,true,false,false,,,,,,,,CRITICAL,,,,CRITICAL,wrong_cardmarket_id,,"{""external_provenance"": [{""exact_language"": false, ""id"": 852214, ""metadata"": {""allowed_languages"": [""en"", ""jp"", ""zh-CN"", ""kr"", ""fr""]}, ""scope"": ""mixed""}], ""mismatch_reasons"": [""wrong_cardmarket_id""], ""scryfall_cardmarket_id"": null, ""stored_ids"": [852214], ""validated_stored_ids"": [852214]}",,,,
8873,one_piece,DON!!,PRB-BB-G,prb02,PRB-02: The Best 2 - Premium Booster,en,Blackbeard | Gold Foil,,,,6387,one_piece:PRB-BB-G,352571,352571,,852217,,,,,,,,,,,,,,,,,,,Low,80.64,EUR,EUR,cardtrader,352571,high,2026-08-29T12:19:30.162830+00:00,"""{\""cardmarket_exact_candidates\"": [], \""snapshot_fingerprint\"": \""03abfae6a5795a11fe952bacff7c4d6ad952e063f5c77ffa4bd23107482a68e5\""}""",MISMATCH,stored Cardmarket product conflicts with local printing,true,false,false,,,,,,,,CRITICAL,,,,CRITICAL,wrong_cardmarket_id,,"{""external_provenance"": [{""exact_language"": false, ""id"": 852217, ""metadata"": {""allowed_languages"": [""en"", ""jp"", ""zh-CN"", ""kr"", ""fr""]}, ""scope"": ""mixed""}], ""mismatch_reasons"": [""wrong_cardmarket_id""], ""scryfall_cardmarket_id"": null, ""stored_ids"": [852217], ""validated_stored_ids"": [852217]}",,,,
8876,one_piece,DON!!,PRB-BOA-G,prb02,PRB-02: The Best 2 - Premium Booster,en,Boa Hancock | Gold Foil,,,,6381,one_piece:PRB-BOA-G,352565,352565,,852220,,,,,,,,,,,,,,,,,,,Low,110.63,EUR,EUR,cardtrader,352565,high,2026-08-29T12:19:30.162830+00:00,"""{\""cardmarket_exact_candidates\"": [], \""snapshot_fingerprint\"": \""8cd60f9347c4a7536b63e63a5afd95e71b82ba793f3b3d7e92b09a9a10928079\""}""",MISMATCH,stored Cardmarket product conflicts with local printing,true,false,false,,,,,,,,CRITICAL,,,,CRITICAL,wrong_cardmarket_id,,"{""external_provenance"": [{""exact_language"": false, ""id"": 852220, ""metadata"": {""allowed_languages"": [""en"", ""jp"", ""zh-CN"", ""kr"", ""fr""]}, ""scope"": ""mixed""}], ""mismatch_reasons"": [""wrong_cardmarket_id""], ""scryfall_cardmarket_id"": null, ""stored_ids"": [852220], ""validated_stored_ids"": [852220]}",,,,
8879,one_piece,DON!!,PRB-JB-G,prb02,PRB-02: The Best 2 - Premium Booster,en,Jewelry Bonney | Gold Foil,,,,6399,one_piece:PRB-JB-G,352583,352583,,852223,,,,,,,,,,,,,,,,,,,Low,54.57,EUR,EUR,cardtrader,352583,high,2026-08-29T12:19:30.162830+00:00,"""{\""cardmarket_exact_candidates\"": [], \""snapshot_fingerprint\"": \""ba56eb0d19ce849b378e5dfe475ee1fabf8bb8470c55ca51ecf8740bceb88e30\""}""",MISMATCH,stored Cardmarket product conflicts with local printing,true,false,false,,,,,,,,CRITICAL,,,,CRITICAL,wrong_cardmarket_id,,"{""external_provenance"": [{""exact_language"": false, ""id"": 852223, ""metadata"": {""allowed_languages"": [""en"", ""jp"", ""zh-CN"", ""kr"", ""fr""]}, ""scope"": ""mixed""}], ""mismatch_reasons"": [""wrong_cardmarket_id""], ""scryfall_cardmarket_id"": null, ""stored_ids"": [852223], ""validated_stored_ids"": [852223]}",,,,
8882,one_piece,DON!!,PRB-BUG-G,prb02,PRB-02: The Best 2 - Premium Booster,en,Buggy | Gold Foil,,,,6383,one_piece:PRB-BUG-G,352567,352567,,852226,,,,,,,,,,,,,,,,,,,Low,65.62,EUR,EUR,cardtrader,352567,high,2026-08-29T12:19:30.162830+00:00,"""{\""cardmarket_exact_candidates\"": [], \""snapshot_fingerprint\"": \""aa914c3cc7c5c0fd67bf8864a2c1e1c511e9b1555750af49686fd3272c17c9eb\""}""",MISMATCH,stored Cardmarket product conflicts with local printing,true,false,false,,,,,,,,CRITICAL,,,,CRITICAL,wrong_cardmarket_id,,"{""external_provenance"": [{""exact_language"": false, ""id"": 852226, ""metadata"": {""allowed_languages"": [""en"", ""jp"", ""zh-CN"", ""kr"", ""fr""]}, ""scope"": ""mixed""}], ""mismatch_reasons"": [""wrong_cardmarket_id""], ""scryfall_cardmarket_id"": null, ""stored_ids"": [852226], ""validated_stored_ids"": [852226]}",,,,
8885,one_piece,DON!!,PRB-CC-G,prb02,PRB-02: The Best 2 - Premium Booster,en,Caesar Clown | Gold Foil,,,,6389,one_piece:PRB-CC-G,352573,352573,,852229,,,,,,,,,,,,,,,,,,,Low,50.64,EUR,EUR,cardtrader,352573,high,2026-08-28T15:00:15.994637+00:00,"""{\""cardmarket_exact_candidates\"": [], \""snapshot_fingerprint\"": \""79ebe4b2fa94a696080a77b7eb400ebe16985c2b5bd2b114b78e4dc562db9fe6\""}""",MISMATCH,stored Cardmarket product conflicts with local printing,true,false,false,,,,,,,,CRITICAL,,,,CRITICAL,wrong_cardmarket_id,,"{""external_provenance"": [{""exact_language"": false, ""id"": 852229, ""metadata"": {""allowed_languages"": [""en"", ""jp"", ""zh-CN"", ""kr"", ""fr""]}, ""scope"": ""mixed""}], ""mismatch_reasons"": [""wrong_cardmarket_id""], ""scryfall_cardmarket_id"": null, ""stored_ids"": [852229], ""validated_stored_ids"": [852229]}",,,,
8888,one_piece,DON!!,PRB-CAR-G,prb02,PRB-02: The Best 2 - Premium Booster,en,Carrot | Gold Foil,,,,6391,one_piece:PRB-CAR-G,352575,352575,,852232,,,,,,,,,,,,,,,,,,,Low,57.76,EUR,EUR,cardtrader,352575,high,2026-08-29T12:19:30.162830+00:00,"""{\""cardmarket_exact_candidates\"": [], \""snapshot_fingerprint\"": \""6a5b40bbf2f0a095569f7cb9a73cc839c3b325b093045943bc5eb8eb34adbe0e\""}""",MISMATCH,stored Cardmarket product conflicts with local printing,true,false,false,,,,,,,,CRITICAL,,,,CRITICAL,wrong_cardmarket_id,,"{""external_provenance"": [{""exact_language"": false, ""id"": 852232, ""metadata"": {""allowed_languages"": [""en"", ""jp"", ""zh-CN"", ""kr"", ""fr""]}, ""scope"": ""mixed""}], ""mismatch_reasons"": [""wrong_cardmarket_id""], ""scryfall_cardmarket_id"": null, ""stored_ids"": [852232], ""validated_stored_ids"": [852232]}",,,,
8891,one_piece,DON!!,PRB-CHO-G,prb02,PRB-02: The Best 2 - Premium Booster,en,Chopper | Gold Foil,,,,6393,one_piece:PRB-CHO-G,352577,352577,,852235,,,,,,,,,,,,,,,,,,,Low,295.59,EUR,EUR,cardtrader,352577,medium,2026-08-29T12:19:30.162830+00:00,"""{\""cardmarket_exact_candidates\"": [], \""snapshot_fingerprint\"": \""cf9c9bd09276a613cf60b62e3cc293b442d853bd4281dc8aefdfe92e140208a6\""}""",MISMATCH,stored Cardmarket product conflicts with local printing,true,false,false,,,,,,,,CRITICAL,,,,CRITICAL,wrong_cardmarket_id,,"{""external_provenance"": [{""exact_language"": false, ""id"": 852235, ""metadata"": {""allowed_languages"": [""en"", ""jp"", ""zh-CN"", ""kr"", ""fr""]}, ""scope"": ""mixed""}], ""mismatch_reasons"": [""wrong_cardmarket_id""], ""scryfall_cardmarket_id"": null, ""stored_ids"": [852235], ""validated_stored_ids"": [852235]}",,,,
8894,one_piece,DON!!,PRB-FOX-G,prb02,PRB-02: The Best 2 - Premium Booster,en,Foxy | Gold Foil,,,,6395,one_piece:PRB-FOX-G,352579,352579,,852238,,,,,,,,,,,,,,,,,,,Low,30.28,EUR,EUR,cardtrader,352579,high,2026-08-29T12:19:30.162830+00:00,"""{\""cardmarket_exact_candidates\"": [], \""snapshot_fingerprint\"": \""a9a3f03cb514d5010d1146470564731c9dc8269547f1d17605621c626e84a275\""}""",MISMATCH,stored Cardmarket product conflicts with local printing,true,false,false,,,,,,,,CRITICAL,,,,CRITICAL,wrong_cardmarket_id,,"{""external_provenance"": [{""exact_language"": false, ""id"": 852238, ""metadata"": {""allowed_languages"": [""en"", ""jp"", ""zh-CN"", ""kr"", ""fr""]}, ""scope"": ""mixed""}], ""mismatch_reasons"": [""wrong_cardmarket_id""], ""scryfall_cardmarket_id"": null, ""stored_ids"": [852238], ""validated_stored_ids"": [852238]}",,,,
8897,one_piece,DON!!,PRB-HAN-G,prb02,PRB-02: The Best 2 - Premium Booster,en,Hannyabal | Gold Foil,,,,6397,one_piece:PRB-HAN-G,352581,352581,,852241,,,,,,,,,,,,,,,,,,,Low,24.39,EUR,EUR,cardtrader,352581,high,2026-08-29T12:19:30.162830+00:00,"""{\""cardmarket_exact_candidates\"": [], \""snapshot_fingerprint\"": \""ef6596fda0fdc09e6d15ae43082629bcff587c75947c0a18c895644b72f0460c\""}""",MISMATCH,stored Cardmarket product conflicts with local printing,true,false,false,,,,,,,,CRITICAL,,,,CRITICAL,wrong_cardmarket_id,,"{""external_provenance"": [{""exact_language"": false, ""id"": 852241, ""metadata"": {""allowed_languages"": [""en"", ""jp"", ""zh-CN"", ""kr"", ""fr""]}, ""scope"": ""mixed""}], ""mismatch_reasons"": [""wrong_cardmarket_id""], ""scryfall_cardmarket_id"": null, ""stored_ids"": [852241], ""validated_stored_ids"": [852241]}",,,,
8900,one_piece,DON!!,PRB-JIN-G,prb02,PRB-02: The Best 2 - Premium Booster,en,Jinbe | Gold Foil,,,,6401,one_piece:PRB-JIN-G,352585,352585,,852244,,,,,,,,,,,,,,,,,,,Low,33.41,EUR,EUR,cardtrader,352585,high,2026-08-29T12:19:30.162830+00:00,"""{\""cardmarket_exact_candidates\"": [], \""snapshot_fingerprint\"": \""8bd50bb9041615478843cede9437625a70fb7cffe88ab49704dcae22411ce12c\""}""",MISMATCH,stored Cardmarket product conflicts with local printing,true,false,false,,,,,,,,CRITICAL,,,,CRITICAL,wrong_cardmarket_id,,"{""external_provenance"": [{""exact_language"": false, ""id"": 852244, ""metadata"": {""allowed_languages"": [""en"", ""jp"", ""zh-CN"", ""kr"", ""fr""]}, ""scope"": ""mixed""}], ""mismatch_reasons"": [""wrong_cardmarket_id""], ""scryfall_cardmarket_id"": null, ""stored_ids"": [852244], ""validated_stored_ids"": [852244]}",,,,
8903,one_piece,DON!!,PRB-KAL-G,prb02,PRB-02: The Best 2 - Premium Booster,en,Kalgara | Gold Foil,,,,6403,one_piece:PRB-KAL-G,352587,352587,,852247,,,,,,,,,,,,,,,,,,,Low,48.63,EUR,EUR,cardtrader,352587,high,2026-08-29T12:19:30.162830+00:00,"""{\""cardmarket_exact_candidates\"": [], \""snapshot_fingerprint\"": \""9dfc4018a5b28fd9079c03827c088c9a3a792628f7b55aac9946e36d27f2d6e0\""}""",MISMATCH,stored Cardmarket product conflicts with local printing,true,false,false,,,,,,,,CRITICAL,,,,CRITICAL,wrong_cardmarket_id,,"{""external_provenance"": [{""exact_language"": false, ""id"": 852247, ""metadata"": {""allowed_languages"": [""en"", ""jp"", ""zh-CN"", ""kr"", ""fr""]}, ""scope"": ""mixed""}], ""mismatch_reasons"": [""wrong_cardmarket_id""], ""scryfall_cardmarket_id"": null, ""stored_ids"": [852247], ""validated_stored_ids"": [852247]}",,,,
8906,one_piece,DON!!,PRB-KOB-G,prb02,PRB-02: The Best 2 - Premium Booster,en,Koby | Gold Foil,,,,6405,one_piece:PRB-KOB-G,352589,352589,,852250,,,,,,,,,,,,,,,,,,,Low,35.52,EUR,EUR,cardtrader,352589,high,2026-08-29T12:19:30.162830+00:00,"""{\""cardmarket_exact_candidates\"": [], \""snapshot_fingerprint\"": \""54eff6b10eaad3d9534ec99957c253d89c4350184ac3d90703d029154c0523ed\""}""",MISMATCH,stored Cardmarket product conflicts with local printing,true,false,false,,,,,,,,CRITICAL,,,,CRITICAL,wrong_cardmarket_id,,"{""external_provenance"": [{""exact_language"": false, ""id"": 852250, ""metadata"": {""allowed_languages"": [""en"", ""jp"", ""zh-CN"", ""kr"", ""fr""]}, ""scope"": ""mixed""}], ""mismatch_reasons"": [""wrong_cardmarket_id""], ""scryfall_cardmarket_id"": null, ""stored_ids"": [852250], ""validated_stored_ids"": [852250]}",,,,
8909,one_piece,DON!!,PRB-KYR-G,prb02,PRB-02: The Best 2 - Premium Booster,en,Kyros | Gold Foil,,,,6407,one_piece:PRB-KYR-G,352591,352591,,852253,,,,,,,,,,,,,,,,,,,Low,20.25,EUR,EUR,cardtrader,352591,high,2026-08-29T12:19:30.162830+00:00,"""{\""cardmarket_exact_candidates\"": [], \""snapshot_fingerprint\"": \""cab52bf9b47bdf6b3c1f78aa7e918762543067dacac1416b89d66c10b1b6ab83\""}""",MISMATCH,stored Cardmarket product conflicts with local printing,true,false,false,,,,,,,,CRITICAL,,,,CRITICAL,wrong_cardmarket_id,,"{""external_provenance"": [{""exact_language"": false, ""id"": 852253, ""metadata"": {""allowed_languages"": [""en"", ""jp"", ""zh-CN"", ""kr"", ""fr""]}, ""scope"": ""mixed""}], ""mismatch_reasons"": [""wrong_cardmarket_id""], ""scryfall_cardmarket_id"": null, ""stored_ids"": [852253], ""validated_stored_ids"": [852253]}",,,,
8912,one_piece,DON!!,PRB-LIM-G,prb02,PRB-02: The Best 2 - Premium Booster,en,Lim | Gold Foil,,,,6409,one_piece:PRB-LIM-G,352593,352593,,852256,,,,,,,,,,,,,,,,,,,Low,25.39,EUR,EUR,cardtrader,352593,high,2026-08-29T12:19:30.162830+00:00,"""{\""cardmarket_exact_candidates\"": [], \""snapshot_fingerprint\"": \""f67c74ce85e01868c40a5b313aad632eb92ed4bfdc73ed5fa4ac09a96d45e878\""}""",MISMATCH,stored Cardmarket product conflicts with local printing,true,false,false,,,,,,,,CRITICAL,,,,CRITICAL,wrong_cardmarket_id,,"{""external_provenance"": [{""exact_language"": false, ""id"": 852256, ""metadata"": {""allowed_languages"": [""en"", ""jp"", ""zh-CN"", ""kr"", ""fr""]}, ""scope"": ""mixed""}], ""mismatch_reasons"": [""wrong_cardmarket_id""], ""scryfall_cardmarket_id"": null, ""stored_ids"": [852256], ""validated_stored_ids"": [852256]}",,,,
8915,one_piece,DON!!,PRB-RL_G,prb02,PRB-02: The Best 2 - Premium Booster,en,Rob Lucci | Gold Foil,,,,6411,one_piece:PRB-RL_G,352595,352595,,852259,,,,,,,,,,,,,,,,,,,Low,40.0,EUR,EUR,cardtrader,352595,high,2026-08-29T12:19:30.162830+00:00,"""{\""cardmarket_exact_candidates\"": [], \""snapshot_fingerprint\"": \""0c69529e6fb7c7eec6601fe2357c74632519858fbcbdf42ebf1346eeff9ab6e0\""}""",MISMATCH,stored Cardmarket product conflicts with local printing,true,false,false,,,,,,,,CRITICAL,,,,CRITICAL,wrong_cardmarket_id,,"{""external_provenance"": [{""exact_language"": false, ""id"": 852259, ""metadata"": {""allowed_languages"": [""en"", ""jp"", ""zh-CN"", ""kr"", ""fr""]}, ""scope"": ""mixed""}], ""mismatch_reasons"": [""wrong_cardmarket_id""], ""scryfall_cardmarket_id"": null, ""stored_ids"": [852259], ""validated_stored_ids"": [852259]}",,,,
8918,one_piece,DON!!,PRB-MAR-G,prb02,PRB-02: The Best 2 - Premium Booster,en,Marco | Gold Foil,,,,6413,one_piece:PRB-MAR-G,352597,352597,,852262,,,,,,,,,,,,,,,,,,,Low,70.91,EUR,EUR,cardtrader,352597,high,2026-08-29T12:19:30.162830+00:00,"""{\""cardmarket_exact_candidates\"": [], \""snapshot_fingerprint\"": \""fcbacc910d6082fbee53efae941c89d7e39e15b6a9318b1e502f04e13fdf8c4b\""}""",MISMATCH,stored Cardmarket product conflicts with local printing,true,false,false,,,,,,,,CRITICAL,,,,CRITICAL,wrong_cardmarket_id,,"{""external_provenance"": [{""exact_language"": false, ""id"": 852262, ""metadata"": {""allowed_languages"": [""en"", ""jp"", ""zh-CN"", ""kr"", ""fr""]}, ""scope"": ""mixed""}], ""mismatch_reasons"": [""wrong_cardmarket_id""], ""scryfall_cardmarket_id"": null, ""stored_ids"": [852262], ""validated_stored_ids"": [852262]}",,,,
8921,one_piece,DON!!,PRB-NAM-G,prb02,PRB-02: The Best 2 - Premium Booster,en,Nami | Gold Foil,,,,6415,one_piece:PRB-NAM-G,352599,352599,,852265,,,,,,,,,,,,,,,,,,,Low,179.64,EUR,EUR,cardtrader,352599,high,2026-08-29T12:19:30.162830+00:00,"""{\""cardmarket_exact_candidates\"": [], \""snapshot_fingerprint\"": \""3aeb72217cd622c8b7414a42f31f3a764219decc17cb535b2d42c770a20bb4ed\""}""",MISMATCH,stored Cardmarket product conflicts with local printing,true,false,false,,,,,,,,CRITICAL,,,,CRITICAL,wrong_cardmarket_id,,"{""external_provenance"": [{""exact_language"": false, ""id"": 852265, ""metadata"": {""allowed_languages"": [""en"", ""jp"", ""zh-CN"", ""kr"", ""fr""]}, ""scope"": ""mixed""}], ""mismatch_reasons"": [""wrong_cardmarket_id""], ""scryfall_cardmarket_id"": null, ""stored_ids"": [852265], ""validated_stored_ids"": [852265]}",,,,
8924,one_piece,DON!!,PRB-NR-G,prb02,PRB-02: The Best 2 - Premium Booster,en,Nico Robin | Gold Foil,,,,6417,one_piece:PRB-NR-G,352601,352601,,852268,,,,,,,,,,,,,,,,,,,Low,115.64,EUR,EUR,cardtrader,352601,low,2026-08-29T12:19:30.162830+00:00,"""{\""cardmarket_exact_candidates\"": [], \""snapshot_fingerprint\"": \""2f1e07e71674b893fde4edf46ab13fe52a4441996d625acd32657562b2f8e398\""}""",MISMATCH,stored Cardmarket product conflicts with local printing,true,false,false,,,,,,,,CRITICAL,,,,CRITICAL,wrong_cardmarket_id,,"{""external_provenance"": [{""exact_language"": false, ""id"": 852268, ""metadata"": {""allowed_languages"": [""en"", ""jp"", ""zh-CN"", ""kr"", ""fr""]}, ""scope"": ""mixed""}], ""mismatch_reasons"": [""wrong_cardmarket_id""], ""scryfall_cardmarket_id"": null, ""stored_ids"": [852268], ""validated_stored_ids"": [852268]}",,,,
8927,one_piece,DON!!,PRB-NIKA-G,prb02,PRB-02: The Best 2 - Premium Booster,en,Gear 4 Luffy Nika | Gold Foil,,,,6419,one_piece:PRB-NIKA-G,352603,352603,,852271,,,,,,,,,,,,,,,,,,,Low,140.64,EUR,EUR,cardtrader,352603,high,2026-08-29T12:19:30.162830+00:00,"""{\""cardmarket_exact_candidates\"": [], \""snapshot_fingerprint\"": \""d5dc35724f2cd974579c66586ca4982738a3c70ec9b1e1908cc42ea3053baec1\""}""",MISMATCH,stored Cardmarket product conflicts with local printing,true,false,false,,,,,,,,CRITICAL,,,,CRITICAL,wrong_cardmarket_id,,"{""external_provenance"": [{""exact_language"": false, ""id"": 852271, ""metadata"": {""allowed_languages"": [""en"", ""jp"", ""zh-CN"", ""kr"", ""fr""]}, ""scope"": ""mixed""}], ""mismatch_reasons"": [""wrong_cardmarket_id""], ""scryfall_cardmarket_id"": null, ""stored_ids"": [852271], ""validated_stored_ids"": [852271]}",,,,
8930,one_piece,DON!!,PRB-PUD-G,prb02,PRB-02: The Best 2 - Premium Booster,en,Pudding | Gold Foil,,,,6421,one_piece:PRB-PUD-G,352605,352605,,852274,,,,,,,,,,,,,,,,,,,Low,91.12,EUR,EUR,cardtrader,352605,high,2026-08-29T12:19:30.162830+00:00,"""{\""cardmarket_exact_candidates\"": [], \""snapshot_fingerprint\"": \""d933ad49f4187da9bde2b9cbb4735bb897d5be335ffc91b4b2defe40807b9a99\""}""",MISMATCH,stored Cardmarket product conflicts with local printing,true,false,false,,,,,,,,CRITICAL,,,,CRITICAL,wrong_cardmarket_id,,"{""external_provenance"": [{""exact_language"": false, ""id"": 852274, ""metadata"": {""allowed_languages"": [""en"", ""jp"", ""zh-CN"", ""kr"", ""fr""]}, ""scope"": ""mixed""}], ""mismatch_reasons"": [""wrong_cardmarket_id""], ""scryfall_cardmarket_id"": null, ""stored_ids"": [852274], ""validated_stored_ids"": [852274]}",,,,
8933,one_piece,DON!!,PRB-SAN-G,prb02,PRB-02: The Best 2 - Premium Booster,en,Sanji | Gold Foil,,,,6423,one_piece:PRB-SAN-G,352607,352607,,852277,,,,,,,,,,,,,,,,,,,Low,35.52,EUR,EUR,cardtrader,352607,high,2026-08-29T12:19:30.162830+00:00,"""{\""cardmarket_exact_candidates\"": [], \""snapshot_fingerprint\"": \""f0708be38520691e929adfab6ddcbbe930ff035feb08e61aedb6ad80c3ff5bf5\""}""",MISMATCH,stored Cardmarket product conflicts with local printing,true,false,false,,,,,,,,CRITICAL,,,,CRITICAL,wrong_cardmarket_id,,"{""external_provenance"": [{""exact_language"": false, ""id"": 852277, ""metadata"": {""allowed_languages"": [""en"", ""jp"", ""zh-CN"", ""kr"", ""fr""]}, ""scope"": ""mixed""}], ""mismatch_reasons"": [""wrong_cardmarket_id""], ""scryfall_cardmarket_id"": null, ""stored_ids"": [852277], ""validated_stored_ids"": [852277]}",,,,
8936,one_piece,DON!!,PRB-SHA_G,prb02,PRB-02: The Best 2 - Premium Booster,en,Shanks | Gold Foil,,,,6425,one_piece:PRB-SHA_G,352609,352609,,852280,,,,,,,,,,,,,,,,,,,Low,134.08,EUR,EUR,cardtrader,352609,high,2026-08-29T12:19:30.162830+00:00,"""{\""cardmarket_exact_candidates\"": [], \""snapshot_fingerprint\"": \""40797f2e1f244a06a506c7e91099cc4f2d80cbe33b2d73fd3961d8ccf4399650\""}""",MISMATCH,stored Cardmarket product conflicts with local printing,true,false,false,,,,,,,,CRITICAL,,,,CRITICAL,wrong_cardmarket_id,,"{""external_provenance"": [{""exact_language"": false, ""id"": 852280, ""metadata"": {""allowed_languages"": [""en"", ""jp"", ""zh-CN"", ""kr"", ""fr""]}, ""scope"": ""mixed""}], ""mismatch_reasons"": [""wrong_cardmarket_id""], ""scryfall_cardmarket_id"": null, ""stored_ids"": [852280], ""validated_stored_ids"": [852280]}",,,,
8939,one_piece,DON!!,PRB-SHI-G,prb02,PRB-02: The Best 2 - Premium Booster,en,Shirahoshi | Gold Foil,,,,6427,one_piece:PRB-SHI-G,352611,352611,,852283,,,,,,,,,,,,,,,,,,,Low,28.91,EUR,EUR,cardtrader,352611,high,2026-08-29T12:19:30.162830+00:00,"""{\""cardmarket_exact_candidates\"": [], \""snapshot_fingerprint\"": \""0227f41e997149fb4c93d5d10a7df74f9d3c1ff270f7f92cb1f59c07dc91c60f\""}""",MISMATCH,stored Cardmarket product conflicts with local printing,true,false,false,,,,,,,,CRITICAL,,,,CRITICAL,wrong_cardmarket_id,,"{""external_provenance"": [{""exact_language"": false, ""id"": 852283, ""metadata"": {""allowed_languages"": [""en"", ""jp"", ""zh-CN"", ""kr"", ""fr""]}, ""scope"": ""mixed""}], ""mismatch_reasons"": [""wrong_cardmarket_id""], ""scryfall_cardmarket_id"": null, ""stored_ids"": [852283], ""validated_stored_ids"": [852283]}",,,,
8942,one_piece,DON!!,PRB-SMO-G,prb02,PRB-02: The Best 2 - Premium Booster,en,Smoker | Gold Foil,,,,6429,one_piece:PRB-SMO-G,352613,352613,,852286,,,,,,,,,,,,,,,,,,,Low,35.31,EUR,EUR,cardtrader,352613,high,2026-08-29T12:19:30.162830+00:00,"""{\""cardmarket_exact_candidates\"": [], \""snapshot_fingerprint\"": \""c535dc2ba39442ab3d93fba6366bd573859bf1b86c3d26df93100e79509c7149\""}""",MISMATCH,stored Cardmarket product conflicts with local printing,true,false,false,,,,,,,,CRITICAL,,,,CRITICAL,wrong_cardmarket_id,,"{""external_provenance"": [{""exact_language"": false, ""id"": 852286, ""metadata"": {""allowed_languages"": [""en"", ""jp"", ""zh-CN"", ""kr"", ""fr""]}, ""scope"": ""mixed""}], ""mismatch_reasons"": [""wrong_cardmarket_id""], ""scryfall_cardmarket_id"": null, ""stored_ids"": [852286], ""validated_stored_ids"": [852286]}",,,,
8945,one_piece,DON!!,PRB-SNAKE-G,prb02,PRB-02: The Best 2 - Premium Booster,en,Gear 4 Luffy Snakeman | Gold Foil,,,,6431,one_piece:PRB-SNAKE-G,352615,352615,,852289,,,,,,,,,,,,,,,,,,,Low,70.64,EUR,EUR,cardtrader,352615,high,2026-08-29T12:19:30.162830+00:00,"""{\""cardmarket_exact_candidates\"": [], \""snapshot_fingerprint\"": \""e75400cfc7405d430dc95a945b80ea805ad4faef00c0c0a46680715e8e432f8f\""}""",MISMATCH,stored Cardmarket product conflicts with local printing,true,false,false,,,,,,,,CRITICAL,,,,CRITICAL,wrong_cardmarket_id,,"{""external_provenance"": [{""exact_language"": false, ""id"": 852289, ""metadata"": {""allowed_languages"": [""en"", ""jp"", ""zh-CN"", ""kr"", ""fr""]}, ""scope"": ""mixed""}], ""mismatch_reasons"": [""wrong_cardmarket_id""], ""scryfall_cardmarket_id"": null, ""stored_ids"": [852289], ""validated_stored_ids"": [852289]}",,,,
8948,one_piece,DON!!,PRB-SUG-G,prb02,PRB-02: The Best 2 - Premium Booster,en,Sugar | Gold Foil,,,,6433,one_piece:PRB-SUG-G,352617,352617,,852292,,,,,,,,,,,,,,,,,,,Low,46.59,EUR,EUR,cardtrader,352617,high,2026-08-29T12:19:30.162830+00:00,"""{\""cardmarket_exact_candidates\"": [], \""snapshot_fingerprint\"": \""b54ca4bec3339840f17f6ae624bd8122e93389cc832f825868fcf341db0b83d5\""}""",MISMATCH,stored Cardmarket product conflicts with local printing,true,false,false,,,,,,,,CRITICAL,,,,CRITICAL,wrong_cardmarket_id,,"{""external_provenance"": [{""exact_language"": false, ""id"": 852292, ""metadata"": {""allowed_languages"": [""en"", ""jp"", ""zh-CN"", ""kr"", ""fr""]}, ""scope"": ""mixed""}], ""mismatch_reasons"": [""wrong_cardmarket_id""], ""scryfall_cardmarket_id"": null, ""stored_ids"": [852292], ""validated_stored_ids"": [852292]}",,,,
8951,one_piece,DON!!,PRB-USO-G,prb02,PRB-02: The Best 2 - Premium Booster,en,Usopp | Gold Foil,,,,6435,one_piece:PRB-USO-G,352619,352619,,852295,,,,,,,,,,,,,,,,,,,Low,85.31,EUR,EUR,cardtrader,352619,high,2026-08-29T12:19:30.162830+00:00,"""{\""cardmarket_exact_candidates\"": [], \""snapshot_fingerprint\"": \""fab0bfb2c00a179cba63a3b69c462d7162e0b9610f7d8f930e919bb0075bba0a\""}""",MISMATCH,stored Cardmarket product conflicts with local printing,true,false,false,,,,,,,,CRITICAL,,,,CRITICAL,wrong_cardmarket_id,,"{""external_provenance"": [{""exact_language"": false, ""id"": 852295, ""metadata"": {""allowed_languages"": [""en"", ""jp"", ""zh-CN"", ""kr"", ""fr""]}, ""scope"": ""mixed""}], ""mismatch_reasons"": [""wrong_cardmarket_id""], ""scryfall_cardmarket_id"": null, ""stored_ids"": [852295], ""validated_stored_ids"": [852295]}",,,,
8954,one_piece,DON!!,PRB-VEG-G,prb02,PRB-02: The Best 2 - Premium Booster,en,Vegapunk | Gold Foil,,,,6437,one_piece:PRB-VEG-G,352621,352621,,852298,,,,,,,,,,,,,,,,,,,Low,31.5,EUR,EUR,cardtrader,352621,high,2026-08-29T12:19:30.162830+00:00,"""{\""cardmarket_exact_candidates\"": [], \""snapshot_fingerprint\"": \""c694096663d399ffb45b9a479f274775d92cd592daef3690b73c0bca7575c7a8\""}""",MISMATCH,stored Cardmarket product conflicts with local printing,true,false,false,,,,,,,,CRITICAL,,,,CRITICAL,wrong_cardmarket_id,,"{""external_provenance"": [{""exact_language"": false, ""id"": 852298, ""metadata"": {""allowed_languages"": [""en"", ""jp"", ""zh-CN"", ""kr"", ""fr""]}, ""scope"": ""mixed""}], ""mismatch_reasons"": [""wrong_cardmarket_id""], ""scryfall_cardmarket_id"": null, ""stored_ids"": [852298], ""validated_stored_ids"": [852298]}",,,,
9518,one_piece,Carrot,EB03-013,eb-03,EB-03: Heroines Edition,en,Base,,,,6585,one_piece:EB03-013,358345,358345,,"858289,871977",,858289,Carrot (EB03-013),6379,,,EB03-013,mixed/unknown,0.02,0.1,0.04,0.13,0.12,,0,,,,Low,0.11,EUR,EUR,cardtrader,358345,high,2026-08-29T12:19:30.162830+00:00,"""{\""cardmarket_exact_candidates\"": [], \""snapshot_fingerprint\"": \""ab04c58d66e546aa5d0820b7820a80c0b9a0e1556160f76211821f7d0addf0ad\""}""",MISMATCH,stored Cardmarket product conflicts with local printing,true,false,false,,,,,,,,CRITICAL,,,,CRITICAL,wrong_cardmarket_id,,"{""external_provenance"": [{""exact_language"": false, ""id"": 858289, ""metadata"": {""allowed_languages"": [""en"", ""jp"", ""zh-CN"", ""kr"", ""fr""]}, ""scope"": ""mixed""}, {""exact_language"": false, ""id"": 871977, ""metadata"": {""allowed_languages"": [""en"", ""jp"", ""zh-CN"", ""kr"", ""fr""]}, ""scope"": ""mixed""}], ""mismatch_reasons"": [""wrong_cardmarket_id""], ""scryfall_cardmarket_id"": null, ""stored_ids"": [858289, 871977], ""validated_stored_ids"": [858289, 871977]}",,,,
9871,one_piece,DON!!,EB-03-ROBIN,eb-03,EB-03: Heroines Edition,en,Robin,,,,6664,one_piece:EB-03-ROBIN,358985,358985,,864639,,,,,,,,,,,,,,,,,,,Low,2.1,EUR,EUR,cardtrader,358985,high,2026-08-29T12:19:30.162830+00:00,"""{\""cardmarket_exact_candidates\"": [], \""snapshot_fingerprint\"": \""c1bc7c1ada74efeb4c87fd3cbbbb0ccfac4f7f183021ceeeb7f37218efb23109\""}""",MISMATCH,stored Cardmarket product conflicts with local printing,true,false,false,,,,,,,,CRITICAL,,,,CRITICAL,wrong_cardmarket_id,,"{""external_provenance"": [{""exact_language"": false, ""id"": 864639, ""metadata"": {""allowed_languages"": [""en"", ""jp"", ""zh-CN"", ""kr"", ""fr""]}, ""scope"": ""mixed""}], ""mismatch_reasons"": [""wrong_cardmarket_id""], ""scryfall_cardmarket_id"": null, ""stored_ids"": [864639], ""validated_stored_ids"": [864639]}",,,,
9872,one_piece,DON!!,EB-03-ROBIN-G,eb-03,EB-03: Heroines Edition,en,Robin | Gold Foil,,,,6663,one_piece:EB-03-ROBIN-G,358984,358984,,864640,,,,,,,,,,,,,,,,,,,Low,60.61,EUR,EUR,cardtrader,358984,high,2026-08-29T12:19:30.162830+00:00,"""{\""cardmarket_exact_candidates\"": [], \""snapshot_fingerprint\"": \""6c43e385c192f55ec93845e412737569a2e05422dd0311e666bb30e7fa870984\""}""",MISMATCH,stored Cardmarket product conflicts with local printing,true,false,false,,,,,,,,CRITICAL,,,,CRITICAL,wrong_cardmarket_id,,"{""external_provenance"": [{""exact_language"": false, ""id"": 864640, ""metadata"": {""allowed_languages"": [""en"", ""jp"", ""zh-CN"", ""kr"", ""fr""]}, ""scope"": ""mixed""}], ""mismatch_reasons"": [""wrong_cardmarket_id""], ""scryfall_cardmarket_id"": null, ""stored_ids"": [864640], ""validated_stored_ids"": [864640]}",,,,
9873,one_piece,DON!!,EB-03-BOA,eb-03,EB-03: Heroines Edition,en,Boa Hancock,,,,6666,one_piece:EB-03-BOA,358987,358987,,864641,,,,,,,,,,,,,,,,,,,Low,3.1,EUR,EUR,cardtrader,358987,high,2026-08-29T12:19:30.162830+00:00,"""{\""cardmarket_exact_candidates\"": [], \""snapshot_fingerprint\"": \""dccc6c1871d7916a6b52949b6c7ea5571da8b56cf5796c5f7110d6c31d4a2028\""}""",MISMATCH,stored Cardmarket product conflicts with local printing,true,false,false,,,,,,,,CRITICAL,,,,CRITICAL,wrong_cardmarket_id,,"{""external_provenance"": [{""exact_language"": false, ""id"": 864641, ""metadata"": {""allowed_languages"": [""en"", ""jp"", ""zh-CN"", ""kr"", ""fr""]}, ""scope"": ""mixed""}], ""mismatch_reasons"": [""wrong_cardmarket_id""], ""scryfall_cardmarket_id"": null, ""stored_ids"": [864641], ""validated_stored_ids"": [864641]}",,,,
9874,one_piece,DON!!,EB-03-BOA-G,eb-03,EB-03: Heroines Edition,en,Boa Hancock | Gold Foil,,,,6665,one_piece:EB-03-BOA-G,358986,358986,,864642,,,,,,,,,,,,,,,,,,,Low,101.64,EUR,EUR,cardtrader,358986,high,2026-08-29T12:19:30.162830+00:00,"""{\""cardmarket_exact_candidates\"": [], \""snapshot_fingerprint\"": \""8d60ec1d41f3b193b292b69c0ed6d7ffe8d40da4966f8e100cb15c5d6b9186b9\""}""",MISMATCH,stored Cardmarket product conflicts with local printing,true,false,false,,,,,,,,CRITICAL,,,,CRITICAL,wrong_cardmarket_id,,"{""external_provenance"": [{""exact_language"": false, ""id"": 864642, ""metadata"": {""allowed_languages"": [""en"", ""jp"", ""zh-CN"", ""kr"", ""fr""]}, ""scope"": ""mixed""}], ""mismatch_reasons"": [""wrong_cardmarket_id""], ""scryfall_cardmarket_id"": null, ""stored_ids"": [864642], ""validated_stored_ids"": [864642]}",,,,
9875,one_piece,DON!!,EB-03-UTA,eb-03,EB-03: Heroines Edition,en,Uta,,,,6668,one_piece:EB-03-UTA,358989,358989,,864643,,,,,,,,,,,,,,,,,,,Low,1.59,EUR,EUR,cardtrader,358989,high,2026-08-29T12:19:30.162830+00:00,"""{\""cardmarket_exact_candidates\"": [], \""snapshot_fingerprint\"": \""0797a87e1ef20490ecc9a8c2493584beb82f176ce3057c402f435e5b74336a4b\""}""",MISMATCH,stored Cardmarket product conflicts with local printing,true,false,false,,,,,,,,CRITICAL,,,,CRITICAL,wrong_cardmarket_id,,"{""external_provenance"": [{""exact_language"": false, ""id"": 864643, ""metadata"": {""allowed_languages"": [""en"", ""jp"", ""zh-CN"", ""kr"", ""fr""]}, ""scope"": ""mixed""}], ""mismatch_reasons"": [""wrong_cardmarket_id""], ""scryfall_cardmarket_id"": null, ""stored_ids"": [864643], ""validated_stored_ids"": [864643]}",,,,
9876,one_piece,DON!!,EB-03-UTA-G,eb-03,EB-03: Heroines Edition,en,Uta | Gold Foil,,,,6667,one_piece:EB-03-UTA-G,358988,358988,,864644,,,,,,,,,,,,,,,,,,,Low,30.35,EUR,EUR,cardtrader,358988,high,2026-08-29T12:19:30.162830+00:00,"""{\""cardmarket_exact_candidates\"": [], \""snapshot_fingerprint\"": \""05fc5bb5369c4cab36870d060920cc7a8ede31eb87d347aa177db47eb81431d9\""}""",MISMATCH,stored Cardmarket product conflicts with local printing,true,false,false,,,,,,,,CRITICAL,,,,CRITICAL,wrong_cardmarket_id,,"{""external_provenance"": [{""exact_language"": false, ""id"": 864644, ""metadata"": {""allowed_languages"": [""en"", ""jp"", ""zh-CN"", ""kr"", ""fr""]}, ""scope"": ""mixed""}], ""mismatch_reasons"": [""wrong_cardmarket_id""], ""scryfall_cardmarket_id"": null, ""stored_ids"": [864644], ""validated_stored_ids"": [864644]}",,,,
9877,one_piece,DON!!,EB-03-NAMI,eb-03,EB-03: Heroines Edition,en,Nami,,,,6662,one_piece:EB-03-NAMI,358983,358983,,864645,,,,,,,,,,,,,,,,,,,Low,2.55,EUR,EUR,cardtrader,358983,high,2026-08-29T12:19:30.162830+00:00,"""{\""cardmarket_exact_candidates\"": [], \""snapshot_fingerprint\"": \""6e440a57d5111b435adea741b00354f92eb93156855d78a92730812e057e8ead\""}""",MISMATCH,stored Cardmarket product conflicts with local printing,true,false,false,,,,,,,,CRITICAL,,,,CRITICAL,wrong_cardmarket_id,,"{""external_provenance"": [{""exact_language"": false, ""id"": 864645, ""metadata"": {""allowed_languages"": [""en"", ""jp"", ""zh-CN"", ""kr"", ""fr""]}, ""scope"": ""mixed""}], ""mismatch_reasons"": [""wrong_cardmarket_id""], ""scryfall_cardmarket_id"": null, ""stored_ids"": [864645], ""validated_stored_ids"": [864645]}",,,,
9878,one_piece,DON!!,EB-03-NAMI-G,eb-03,EB-03: Heroines Edition,en,Nami | Gold Foil,,,,6661,one_piece:EB-03-NAMI-G,358982,358982,,864646,,,,,,,,,,,,,,,,,,,Low,80.64,EUR,EUR,cardtrader,358982,high,2026-08-29T12:19:30.162830+00:00,"""{\""cardmarket_exact_candidates\"": [], \""snapshot_fingerprint\"": \""bb3327aae6bb71734998aa582dcda31f821dc76b4e0fe99448926f4f89124c08\""}""",MISMATCH,stored Cardmarket product conflicts with local printing,true,false,false,,,,,,,,CRITICAL,,,,CRITICAL,wrong_cardmarket_id,,"{""external_provenance"": [{""exact_language"": false, ""id"": 864646, ""metadata"": {""allowed_languages"": [""en"", ""jp"", ""zh-CN"", ""kr"", ""fr""]}, ""scope"": ""mixed""}], ""mismatch_reasons"": [""wrong_cardmarket_id""], ""scryfall_cardmarket_id"": null, ""stored_ids"": [864646], ""validated_stored_ids"": [864646]}",,,,
9879,one_piece,DON!!,EB-03,eb-03,EB-03: Heroines Edition,en,Base,,,,6660,one_piece:EB-03,358981,358981,,864647,,,,,,,,,,,,,,,,,,,Low,,EUR,EUR,cardmarket,864647,,2026-08-28T15:00:15.994637+00:00,"""{\""reason\"": \""Cardmarket product is not exact-language\"", \""snapshot_fingerprint\"": \""dce88aa53c89a324da431440598aa280276c59a21625b869ced569d131338e3f\""}""",MISMATCH,stored Cardmarket product conflicts with local printing,true,false,false,,,,,,,,CRITICAL,,,,CRITICAL,wrong_cardmarket_id,stale_price,"{""external_provenance"": [{""exact_language"": false, ""id"": 864647, ""metadata"": {""allowed_languages"": [""en"", ""jp"", ""zh-CN"", ""kr"", ""fr""]}, ""scope"": ""mixed""}], ""mismatch_reasons"": [""wrong_cardmarket_id""], ""scryfall_cardmarket_id"": null, ""stored_ids"": [864647], ""validated_stored_ids"": [864647]}",,,,
9880,one_piece,DON!!,EB-03-G,eb-03,EB-03: Heroines Edition,en,Gold Foil,,,,6659,one_piece:EB-03-G,358980,358980,,864648,,,,,,,,,,,,,,,,,,,Low,,EUR,EUR,cardmarket,864648,,2026-08-28T15:00:15.994637+00:00,"""{\""reason\"": \""Cardmarket product is not exact-language\"", \""snapshot_fingerprint\"": \""79a1722ff385d35615de90cc45f567504a7586009e0d0eca51ec9a0ee768a39e\""}""",MISMATCH,stored Cardmarket product conflicts with local printing,true,false,false,,,,,,,,CRITICAL,,,,CRITICAL,wrong_cardmarket_id,stale_price,"{""external_provenance"": [{""exact_language"": false, ""id"": 864648, ""metadata"": {""allowed_languages"": [""en"", ""jp"", ""zh-CN"", ""kr"", ""fr""]}, ""scope"": ""mixed""}], ""mismatch_reasons"": [""wrong_cardmarket_id""], ""scryfall_cardmarket_id"": null, ""stored_ids"": [864648], ""validated_stored_ids"": [864648]}",,,,
10110,one_piece,DON!!,DF-03,oppr,One Piece Products,en,Op-Op Fruit,,,,1849,one_piece:DF-03,366510,366510,,865592,,,,,,,,,,,,,,,,,,,Low,8.65,EUR,EUR,cardtrader,366510,medium,2026-08-28T15:00:15.994637+00:00,"""{\""cardmarket_exact_candidates\"": [], \""snapshot_fingerprint\"": \""34a07843fc3b2d660a5cdd743e2badc879cbee2d3086701540fa9cd62d524201\""}""",MISMATCH,stored Cardmarket product conflicts with local printing,true,false,false,,,,,,,,CRITICAL,,,,CRITICAL,wrong_cardmarket_id,,"{""external_provenance"": [{""exact_language"": false, ""id"": 865592, ""metadata"": {""allowed_languages"": [""en"", ""jp"", ""zh-CN"", ""kr"", ""fr""]}, ""scope"": ""mixed""}], ""mismatch_reasons"": [""wrong_cardmarket_id""], ""scryfall_cardmarket_id"": null, ""stored_ids"": [865592], ""validated_stored_ids"": [865592]}",,,,
10111,one_piece,DON!!,DF-03,oppr,One Piece Products,en,Corazon and Law | Devil Fruits Collection Vol.3,,,,1849,one_piece:DF-03,366511,366511,,865593,,,,,,,,,,,,,,,,,,,Low,11.93,EUR,EUR,cardtrader,366511,high,2026-08-29T12:19:30.162830+00:00,"""{\""cardmarket_exact_candidates\"": [], \""snapshot_fingerprint\"": \""362dcbace44966ab87e996de284d8c553d430169fd26b48ba2f7009f5a6338b5\""}""",MISMATCH,stored Cardmarket product conflicts with local printing,true,false,false,,,,,,,,CRITICAL,,,,CRITICAL,wrong_cardmarket_id,,"{""external_provenance"": [{""exact_language"": false, ""id"": 865593, ""metadata"": {""allowed_languages"": [""en"", ""jp"", ""zh-CN"", ""kr"", ""fr""]}, ""scope"": ""mixed""}], ""mismatch_reasons"": [""wrong_cardmarket_id""], ""scryfall_cardmarket_id"": null, ""stored_ids"": [865593], ""validated_stored_ids"": [865593]}",,,,
10112,one_piece,DON!!,DP-09,op-14,OP-14: The Azure Sea's Seven,en,Crocodile | Double Pack Set Vol.9,,,,6906,one_piece:DP-09,364843,364843,,865594,,,,,,,,,,,,,,,,,,,Low,2.1,EUR,EUR,cardtrader,364843,high,2026-08-29T12:19:30.162830+00:00,"""{\""cardmarket_exact_candidates\"": [], \""snapshot_fingerprint\"": \""98508f24058ede154812e866f56fb3e11ada7e3927a0a99f7396814a33c39edf\""}""",MISMATCH,stored Cardmarket product conflicts with local printing,true,false,false,,,,,,,,CRITICAL,,,,CRITICAL,wrong_cardmarket_id,,"{""external_provenance"": [{""exact_language"": false, ""id"": 865594, ""metadata"": {""allowed_languages"": [""en"", ""jp"", ""zh-CN"", ""kr"", ""fr""]}, ""scope"": ""mixed""}], ""mismatch_reasons"": [""wrong_cardmarket_id""], ""scryfall_cardmarket_id"": null, ""stored_ids"": [865594], ""validated_stored_ids"": [865594]}",,,,
10113,one_piece,DON!!,DP-09,op-14,OP-14: The Azure Sea's Seven,en,Donquixote Doflamingo | Double Pack Set Vol.9,,,,6906,one_piece:DP-09,364844,364844,,865595,,,,,,,,,,,,,,,,,,,Low,2.1,EUR,EUR,cardtrader,364844,high,2026-08-29T12:19:30.162830+00:00,"""{\""cardmarket_exact_candidates\"": [], \""snapshot_fingerprint\"": \""28bcb15d586c985346f56bdd12f47bee3969f9889e3a2bef4a96642f8d5c8cbc\""}""",MISMATCH,stored Cardmarket product conflicts with local printing,true,false,false,,,,,,,,CRITICAL,,,,CRITICAL,wrong_cardmarket_id,,"{""external_provenance"": [{""exact_language"": false, ""id"": 865595, ""metadata"": {""allowed_languages"": [""en"", ""jp"", ""zh-CN"", ""kr"", ""fr""]}, ""scope"": ""mixed""}], ""mismatch_reasons"": [""wrong_cardmarket_id""], ""scryfall_cardmarket_id"": null, ""stored_ids"": [865595], ""validated_stored_ids"": [865595]}",,,,
10183,one_piece,Miss Doublefinger,OP14-086,op-14p,OP-14: The Azure Sea's Seven Promos,en,Base,,,,7013,one_piece:OP14-086:missdoublefinger,366602,366602,,865973,,,,,,,,,,,,,,,,,,,Low,0.74,EUR,EUR,cardtrader,366602,high,2026-08-29T12:19:30.162830+00:00,"""{\""cardmarket_exact_candidates\"": [], \""snapshot_fingerprint\"": \""49c0066daab99f323c60138ae4433fe5a4376f868617e35bceb48722ade2d813\""}""",MISMATCH,stored Cardmarket product conflicts with local printing,true,false,false,,,,,,,,CRITICAL,,,,CRITICAL,wrong_cardmarket_id,,"{""external_provenance"": [{""exact_language"": false, ""id"": 865973, ""metadata"": {""allowed_languages"": [""en"", ""jp"", ""zh-CN"", ""kr"", ""fr""]}, ""scope"": ""mixed""}], ""mismatch_reasons"": [""wrong_cardmarket_id""], ""scryfall_cardmarket_id"": null, ""stored_ids"": [865973], ""validated_stored_ids"": [865973]}",,,,
10184,one_piece,Miss.MerryChristmas,OP14-088,op-14p,OP-14: The Azure Sea's Seven Promos,en,Base,,,,7014,one_piece:OP14-088:missmerrychristmas,366603,366603,,865974,,,,,,,,,,,,,,,,,,,Low,3.6,EUR,EUR,cardtrader,366603,high,2026-08-29T12:19:30.162830+00:00,"""{\""cardmarket_exact_candidates\"": [], \""snapshot_fingerprint\"": \""d25926d6572fceb5e12f4061e76b9d179f5a300af69b2597519a5443d3961337\""}""",MISMATCH,stored Cardmarket product conflicts with local printing,true,false,false,,,,,,,,CRITICAL,,,,CRITICAL,wrong_cardmarket_id,,"{""external_provenance"": [{""exact_language"": false, ""id"": 865974, ""metadata"": {""allowed_languages"": [""en"", ""jp"", ""zh-CN"", ""kr"", ""fr""]}, ""scope"": ""mixed""}], ""mismatch_reasons"": [""wrong_cardmarket_id""], ""scryfall_cardmarket_id"": null, ""stored_ids"": [865974], ""validated_stored_ids"": [865974]}",,,,
10186,one_piece,Mr.4,OP14-093,op-14p,OP-14: The Azure Sea's Seven Promos,en,Base,,,,7016,one_piece:OP14-093:mr4,366605,366605,,865976,,,,,,,,,,,,,,,,,,,Low,0.8,EUR,EUR,cardtrader,366605,high,2026-08-29T12:19:30.162830+00:00,"""{\""cardmarket_exact_candidates\"": [], \""snapshot_fingerprint\"": \""d4ce5ebf5d0a8b64de0edbf6788e43aaebfb33a9edb767c5d542549245211a8e\""}""",MISMATCH,stored Cardmarket product conflicts with local printing,true,false,false,,,,,,,,CRITICAL,,,,CRITICAL,wrong_cardmarket_id,,"{""external_provenance"": [{""exact_language"": false, ""id"": 865976, ""metadata"": {""allowed_languages"": [""en"", ""jp"", ""zh-CN"", ""kr"", ""fr""]}, ""scope"": ""mixed""}], ""mismatch_reasons"": [""wrong_cardmarket_id""], ""scryfall_cardmarket_id"": null, ""stored_ids"": [865976], ""validated_stored_ids"": [865976]}",,,,
10191,one_piece,Gloriosa,OP14-103,op-14p,OP-14: The Azure Sea's Seven Promos,en,Base,,,,7024,one_piece:OP14-103:gloriosa,366613,366613,,865981,,,,,,,,,,,,,,,,,,,Low,3.51,EUR,EUR,cardtrader,366613,high,2026-08-29T12:19:30.162830+00:00,"""{\""cardmarket_exact_candidates\"": [], \""snapshot_fingerprint\"": \""e3dc78c369f4a4d0b6d6466adf59eb6a41ed0be16e7133f8e1af8f9318e43781\""}""",MISMATCH,stored Cardmarket product conflicts with local printing,true,false,false,,,,,,,,CRITICAL,,,,CRITICAL,wrong_cardmarket_id,,"{""external_provenance"": [{""exact_language"": false, ""id"": 865981, ""metadata"": {""allowed_languages"": [""en"", ""jp"", ""zh-CN"", ""kr"", ""fr""]}, ""scope"": ""mixed""}], ""mismatch_reasons"": [""wrong_cardmarket_id""], ""scryfall_cardmarket_id"": null, ""stored_ids"": [865981], ""validated_stored_ids"": [865981]}",,,,
10230,one_piece,Miss.Goldenweek,OP14-085,op-14p,OP-14: The Azure Sea's Seven Promos,en,Base,,,,7012,one_piece:OP14-085:missgoldenweek,366601,366601,,866020,,,,,,,,,,,,,,,,,,,Low,4.61,EUR,EUR,cardtrader,366601,high,2026-08-29T12:19:30.162830+00:00,"""{\""cardmarket_exact_candidates\"": [], \""snapshot_fingerprint\"": \""618b485fa1d4c3d42e8f16d363b95dd67648ddeff4712fb39d91f198e4cd5671\""}""",MISMATCH,stored Cardmarket product conflicts with local printing,true,false,false,,,,,,,,CRITICAL,,,,CRITICAL,wrong_cardmarket_id,,"{""external_provenance"": [{""exact_language"": false, ""id"": 866020, ""metadata"": {""allowed_languages"": [""en"", ""jp"", ""zh-CN"", ""kr"", ""fr""]}, ""scope"": ""mixed""}], ""mismatch_reasons"": [""wrong_cardmarket_id""], ""scryfall_cardmarket_id"": null, ""stored_ids"": [866020], ""validated_stored_ids"": [866020]}",,,,
10231,one_piece,Mr.5,OP14-094,op-14p,OP-14: The Azure Sea's Seven Promos,en,Base,,,,7017,one_piece:OP14-094:mr5,366606,366606,,866021,,,,,,,,,,,,,,,,,,,Low,4.34,EUR,EUR,cardtrader,366606,high,2026-08-29T12:19:30.162830+00:00,"""{\""cardmarket_exact_candidates\"": [], \""snapshot_fingerprint\"": \""869618dbe8d6afb46187dd6a3b7a07fb6cd7762b18f75d158745678957265d2c\""}""",MISMATCH,stored Cardmarket product conflicts with local printing,true,false,false,,,,,,,,CRITICAL,,,,CRITICAL,wrong_cardmarket_id,,"{""external_provenance"": [{""exact_language"": false, ""id"": 866021, ""metadata"": {""allowed_languages"": [""en"", ""jp"", ""zh-CN"", ""kr"", ""fr""]}, ""scope"": ""mixed""}], ""mismatch_reasons"": [""wrong_cardmarket_id""], ""scryfall_cardmarket_id"": null, ""stored_ids"": [866021], ""validated_stored_ids"": [866021]}",,,,
11000,one_piece,DON!!,DP-10,op15,OP-15: Adventure on Kami's Island,en,Sky Island Map | Double Pack Set Vol.10,,,,7277,one_piece:DP-10,380605,380605,,882446,,,,,,,,,,,,,,,,,,,Low,1.82,EUR,EUR,cardtrader,380605,high,2026-08-29T12:19:30.162830+00:00,"""{\""cardmarket_exact_candidates\"": [], \""snapshot_fingerprint\"": \""1e5613211bb1c8acd7a4e82fbaf74070dcce006a0c4cb2e500a700da57e40767\""}""",MISMATCH,stored Cardmarket product conflicts with local printing,true,false,false,,,,,,,,CRITICAL,,,,CRITICAL,wrong_cardmarket_id,,"{""external_provenance"": [{""exact_language"": false, ""id"": 882446, ""metadata"": {""allowed_languages"": [""en"", ""jp"", ""zh-CN"", ""kr"", ""fr""]}, ""scope"": ""mixed""}], ""mismatch_reasons"": [""wrong_cardmarket_id""], ""scryfall_cardmarket_id"": null, ""stored_ids"": [882446], ""validated_stored_ids"": [882446]}",,,,
11001,one_piece,DON!!,DP-10,op15,OP-15: Adventure on Kami's Island,en,Enel El Thor| Double Pack Set Vol.10,,,,7277,one_piece:DP-10,380604,380604,,882447,,,,,,,,,,,,,,,,,,,Low,4.72,EUR,EUR,cardtrader,380604,high,2026-08-29T12:19:30.162830+00:00,"""{\""cardmarket_exact_candidates\"": [], \""snapshot_fingerprint\"": \""0a60840148da9fdbe7750abe095d44f997f98f70326bb5242124392da0a4991e\""}""",MISMATCH,stored Cardmarket product conflicts with local printing,true,false,false,,,,,,,,CRITICAL,,,,CRITICAL,wrong_cardmarket_id,,"{""external_provenance"": [{""exact_language"": false, ""id"": 882447, ""metadata"": {""allowed_languages"": [""en"", ""jp"", ""zh-CN"", ""kr"", ""fr""]}, ""scope"": ""mixed""}], ""mismatch_reasons"": [""wrong_cardmarket_id""], ""scryfall_cardmarket_id"": null, ""stored_ids"": [882447], ""validated_stored_ids"": [882447]}",,,,
11568,one_piece,Roronoa Zoro (035),OP16-035,op-16p,OP-16: The Time of Battle Promos,en,Pre-Release Stamp,,,,7672,one_piece:OP16-035:roronoazoro035,395186,395186,,891373,,,,,,,,,,,,,,,,,,,Low,4.61,EUR,EUR,cardtrader,395186,high,2026-08-29T12:19:30.162830+00:00,"""{\""cardmarket_exact_candidates\"": [], \""snapshot_fingerprint\"": \""c5924035f01d7bc5ec6d79d0d3e7ec0db8af9933886ed02f6c170cdc0e5bc7cd\""}""",MISMATCH,stored Cardmarket product conflicts with local printing,true,false,false,,,,,,,,CRITICAL,,,,CRITICAL,wrong_cardmarket_id,,"{""external_provenance"": [{""exact_language"": false, ""id"": 891373, ""metadata"": {""allowed_languages"": [""en"", ""jp"", ""zh-CN"", ""kr"", ""fr""]}, ""scope"": ""mixed""}], ""mismatch_reasons"": [""wrong_cardmarket_id""], ""scryfall_cardmarket_id"": null, ""stored_ids"": [891373], ""validated_stored_ids"": [891373]}",,,,
11633,one_piece,DON!!,DP-11,op16,OP-16: The Time of Battle,en,Ace & Luffy | Double Pack Set Vol.11,,,,7436,one_piece:DP-11,395790,395790,,893531,,,,,,,,,,,,,,,,,,,Low,5.24,EUR,EUR,cardtrader,395790,high,2026-08-29T12:19:30.162830+00:00,"""{\""cardmarket_exact_candidates\"": [], \""snapshot_fingerprint\"": \""e9f942f7f49ac32ccb6e3f6305a2dd83554e3fa5e5704b5e978c17466d5afab0\""}""",MISMATCH,stored Cardmarket product conflicts with local printing,true,false,false,,,,,,,,CRITICAL,,,,CRITICAL,wrong_cardmarket_id,,"{""external_provenance"": [{""exact_language"": false, ""id"": 893531, ""metadata"": {""allowed_languages"": [""en"", ""jp"", ""zh-CN"", ""kr"", ""fr""]}, ""scope"": ""mixed""}], ""mismatch_reasons"": [""wrong_cardmarket_id""], ""scryfall_cardmarket_id"": null, ""stored_ids"": [893531], ""validated_stored_ids"": [893531]}",,,,
11634,one_piece,DON!!,DP-11,op16,OP-16: The Time of Battle,en,Magellan Impel Down | Double Pack Set Vol.11,,,,7436,one_piece:DP-11,394849,394849,,893532,,,,,,,,,,,,,,,,,,,Low,1.49,EUR,EUR,cardtrader,394849,high,2026-08-29T12:19:30.162830+00:00,"""{\""cardmarket_exact_candidates\"": [], \""snapshot_fingerprint\"": \""2a231dda396d348c9840a46312aa971383b455a54095459c5ea3e4afda438f7c\""}""",MISMATCH,stored Cardmarket product conflicts with local printing,true,false,false,,,,,,,,CRITICAL,,,,CRITICAL,wrong_cardmarket_id,,"{""external_provenance"": [{""exact_language"": false, ""id"": 893532, ""metadata"": {""allowed_languages"": [""en"", ""jp"", ""zh-CN"", ""kr"", ""fr""]}, ""scope"": ""mixed""}], ""mismatch_reasons"": [""wrong_cardmarket_id""], ""scryfall_cardmarket_id"": null, ""stored_ids"": [893532], ""validated_stored_ids"": [893532]}",,,,
14585,one_piece,Monkey.D.Luffy,P-001P1,promo,One Piece Promos,en,"Pre-Errata Card | Missing ""."" after ""[Rush]"" | Promotion Pack 2022 ",Promo,,,639,one_piece:P-001P1,250646,250646,,873483,,,,,,,,,,,,,,,,,,,Low,33.01,EUR,EUR,cardtrader,250646,high,2026-08-29T12:19:30.162830+00:00,"""{\""cardmarket_exact_candidates\"": [], \""snapshot_fingerprint\"": \""963e435b796c2d86c4d76c276b298d3a946e351d5c620794818849a5b0957e60\""}""",MISMATCH,stored Cardmarket product conflicts with local printing,true,false,false,,,,,,,,CRITICAL,,,,CRITICAL,wrong_cardmarket_id,,"{""external_provenance"": [{""exact_language"": false, ""id"": 873483, ""metadata"": {""allowed_languages"": [""en"", ""jp"", ""zh-CN"", ""kr"", ""fr""]}, ""scope"": ""mixed""}], ""mismatch_reasons"": [""wrong_cardmarket_id""], ""scryfall_cardmarket_id"": null, ""stored_ids"": [873483], ""validated_stored_ids"": [873483]}",,,,
14586,one_piece,Monkey.D.Luffy,P-001P1,promo,One Piece Promos,jp,"Pre-Errata Card | Missing ""."" after ""[Rush]"" | Promotion Pack 2022 ",Promo,,,639,one_piece:P-001P1,250646,250646,,873483,,,,,,,,,,,,,,,,,,,Low,24.3,EUR,EUR,cardtrader,250646,low,2026-08-28T15:00:15.994637+00:00,"""{\""cardmarket_exact_candidates\"": [], \""snapshot_fingerprint\"": \""63c0458513083e6690f64eb65bdac6acd9792df8dfc58c1cedae3bde718bbe71\""}""",MISMATCH,stored Cardmarket product conflicts with local printing,true,false,false,,,,,,,,CRITICAL,,,,CRITICAL,wrong_cardmarket_id,,"{""external_provenance"": [{""exact_language"": false, ""id"": 873483, ""metadata"": {""allowed_languages"": [""en"", ""jp"", ""zh-CN"", ""kr"", ""fr""]}, ""scope"": ""mixed""}], ""mismatch_reasons"": [""wrong_cardmarket_id""], ""scryfall_cardmarket_id"": null, ""stored_ids"": [873483], ""validated_stored_ids"": [873483]}",,,,
14587,one_piece,Monkey.D.Luffy,P-001P2,promo,One Piece Promos,en,Super Pre-Release,Promo,,,640,one_piece:P-001P2,250647,250647,,691231,,,,,,,,,,,,,,,,,,,Low,180.63,EUR,EUR,cardtrader,250647,high,2026-08-29T12:19:30.162830+00:00,"""{\""cardmarket_exact_candidates\"": [], \""snapshot_fingerprint\"": \""6afbeadb7d1641c10726a74e6ddbe51fb313ed7f5e41a1c274c68939f3cf7683\""}""",MISMATCH,stored Cardmarket product conflicts with local printing,true,false,false,,,,,,,,CRITICAL,,,,CRITICAL,wrong_cardmarket_id,,"{""external_provenance"": [{""exact_language"": false, ""id"": 691231, ""metadata"": {""allowed_languages"": [""en"", ""jp"", ""zh-CN"", ""kr"", ""fr""]}, ""scope"": ""mixed""}], ""mismatch_reasons"": [""wrong_cardmarket_id""], ""scryfall_cardmarket_id"": null, ""stored_ids"": [691231], ""validated_stored_ids"": [691231]}",,,,
14588,one_piece,Monkey.D.Luffy,P-001P2,promo,One Piece Promos,jp,Super Pre-Release,Promo,,,640,one_piece:P-001P2,250647,250647,,691231,,,,,,,,,,,,,,,,,,,Low,,EUR,EUR,cardmarket,691231,,2026-08-28T15:00:15.994637+00:00,"""{\""reason\"": \""Cardmarket product is not exact-language\"", \""snapshot_fingerprint\"": \""2b026f5ecb597c731de3b1abf0fbdac92beedd6720688b1328ab2a5b20cfa134\""}""",MISMATCH,stored Cardmarket product conflicts with local printing,true,false,false,,,,,,,,CRITICAL,,,,CRITICAL,wrong_cardmarket_id,stale_price,"{""external_provenance"": [{""exact_language"": false, ""id"": 691231, ""metadata"": {""allowed_languages"": [""en"", ""jp"", ""zh-CN"", ""kr"", ""fr""]}, ""scope"": ""mixed""}], ""mismatch_reasons"": [""wrong_cardmarket_id""], ""scryfall_cardmarket_id"": null, ""stored_ids"": [691231], ""validated_stored_ids"": [691231]}",,,,
14631,one_piece,Monkey.D.Luffy,P-006P2,promo,One Piece Promos,en,Red Map Background,Promo,,,680,one_piece:P-006P2,260825,260825,,732278,,,,,,,,,,,,,,,,,,,Low,26.6,EUR,EUR,cardtrader,260825,high,2026-08-29T12:19:30.162830+00:00,"""{\""cardmarket_exact_candidates\"": [], \""snapshot_fingerprint\"": \""c58ff2fb176c6b4ba770d25706533f0c2d45bcaa750d3ca26d2da94aeb7c7079\""}""",MISMATCH,stored Cardmarket product conflicts with local printing,true,false,false,,,,,,,,CRITICAL,,,,CRITICAL,wrong_cardmarket_id,,"{""external_provenance"": [{""exact_language"": false, ""id"": 732278, ""metadata"": {""allowed_languages"": [""en"", ""jp"", ""zh-CN"", ""kr"", ""fr""]}, ""scope"": ""mixed""}], ""mismatch_reasons"": [""wrong_cardmarket_id""], ""scryfall_cardmarket_id"": null, ""stored_ids"": [732278], ""validated_stored_ids"": [732278]}",,,,
14632,one_piece,Monkey.D.Luffy,P-006P2,promo,One Piece Promos,jp,Red Map Background,Promo,,,680,one_piece:P-006P2,260825,260825,,732278,,,,,,,,,,,,,,,,,,,Low,,EUR,EUR,cardmarket,732278,,2026-08-28T15:00:15.994637+00:00,"""{\""reason\"": \""Cardmarket product is not exact-language\"", \""snapshot_fingerprint\"": \""71597b8c283c304400f7c25e81ccf3b197931f2ebf294c27b2bcc97594fc2a3c\""}""",MISMATCH,stored Cardmarket product conflicts with local printing,true,false,false,,,,,,,,CRITICAL,,,,CRITICAL,wrong_cardmarket_id,stale_price,"{""external_provenance"": [{""exact_language"": false, ""id"": 732278, ""metadata"": {""allowed_languages"": [""en"", ""jp"", ""zh-CN"", ""kr"", ""fr""]}, ""scope"": ""mixed""}], ""mismatch_reasons"": [""wrong_cardmarket_id""], ""scryfall_cardmarket_id"": null, ""stored_ids"": [732278], ""validated_stored_ids"": [732278]}",,,,
14695,one_piece,DON!!,2ND,promo,One Piece Promos,jp,Garp and Luffy | 2nd Anniversary,DON!!,,,738,one_piece:2ND:don,315229,315229,,803086,,,,,,,,,,,,,,,,,,,Low,,EUR,EUR,cardmarket,803086,,2026-08-28T15:00:15.994637+00:00,"""{\""reason\"": \""Cardmarket product is not exact-language\"", \""snapshot_fingerprint\"": \""a446100a5d9e0f7d9d604b394c547696390ec600154663ba85cc4b42f8bd70f0\""}""",MISMATCH,stored Cardmarket product conflicts with local printing,true,false,false,,,,,,,,CRITICAL,,,,CRITICAL,wrong_cardmarket_id,stale_price,"{""external_provenance"": [{""exact_language"": false, ""id"": 803086, ""metadata"": {""allowed_languages"": [""en"", ""jp"", ""zh-CN"", ""kr"", ""fr""]}, ""scope"": ""mixed""}], ""mismatch_reasons"": [""wrong_cardmarket_id""], ""scryfall_cardmarket_id"": null, ""stored_ids"": [803086], ""validated_stored_ids"": [803086]}",,,,
14725,one_piece,Traflagar Law,OP09-069,promo,One Piece Promos,jp,Beginners Deck Party,Promo,,,766,one_piece:OP09-069:traflagarlaw,335957,335957,,828344,,,,,,,,,,,,,,,,,,,Low,,EUR,EUR,cardmarket,828344,,2026-08-28T15:00:15.994637+00:00,"""{\""reason\"": \""Cardmarket product is not exact-language\"", \""snapshot_fingerprint\"": \""acd58b0f3aeb3e6c05315bd17aca62c8105809f7dc8f362394f1cd5b3cf43cda\""}""",MISMATCH,stored Cardmarket product conflicts with local printing,true,false,false,,,,,,,,CRITICAL,,,,CRITICAL,wrong_cardmarket_id,stale_price,"{""external_provenance"": [{""exact_language"": false, ""id"": 828344, ""metadata"": {""allowed_languages"": [""en"", ""jp"", ""zh-CN"", ""kr"", ""fr""]}, ""scope"": ""mixed""}], ""mismatch_reasons"": [""wrong_cardmarket_id""], ""scryfall_cardmarket_id"": null, ""stored_ids"": [828344], ""validated_stored_ids"": [828344]}",,,,
14783,one_piece,Crocodile,OP07-040A,promo,One Piece Promos,en,Seven Warlords of the Sea Binder Set | Alternate Art,Promo,,,810,one_piece:OP07-040A,351210,351210,,848333,,,,,,,,,,,,,,,,,,,Low,4.1,EUR,EUR,cardtrader,351210,high,2026-08-29T12:19:30.162830+00:00,"""{\""cardmarket_exact_candidates\"": [], \""snapshot_fingerprint\"": \""7f5bfd0a2fc471400770ea9441ab98525d47135fad7c2c06c5021ecc013e4181\""}""",MISMATCH,stored Cardmarket product conflicts with local printing,true,false,false,,,,,,,,CRITICAL,,,,CRITICAL,wrong_cardmarket_id,,"{""external_provenance"": [{""exact_language"": false, ""id"": 848333, ""metadata"": {""allowed_languages"": [""en"", ""jp"", ""zh-CN"", ""kr"", ""fr""]}, ""scope"": ""mixed""}], ""mismatch_reasons"": [""wrong_cardmarket_id""], ""scryfall_cardmarket_id"": null, ""stored_ids"": [848333], ""validated_stored_ids"": [848333]}",,,,
14784,one_piece,Crocodile,OP07-040A,promo,One Piece Promos,jp,Seven Warlords of the Sea Binder Set | Alternate Art,Promo,,,810,one_piece:OP07-040A,351210,351210,,848333,,,,,,,,,,,,,,,,,,,Low,2.15,EUR,EUR,cardtrader,351210,low,2026-08-28T15:00:15.994637+00:00,"""{\""cardmarket_exact_candidates\"": [], \""snapshot_fingerprint\"": \""915db359101a3886ac0db79f9dfb42862beb3b567a6fe72b03d8fcc2985cad2a\""}""",MISMATCH,stored Cardmarket product conflicts with local printing,true,false,false,,,,,,,,CRITICAL,,,,CRITICAL,wrong_cardmarket_id,,"{""external_provenance"": [{""exact_language"": false, ""id"": 848333, ""metadata"": {""allowed_languages"": [""en"", ""jp"", ""zh-CN"", ""kr"", ""fr""]}, ""scope"": ""mixed""}], ""mismatch_reasons"": [""wrong_cardmarket_id""], ""scryfall_cardmarket_id"": null, ""stored_ids"": [848333], ""validated_stored_ids"": [848333]}",,,,
14829,one_piece,Tashigi,ST06-006W,promo,One Piece Promos,en,Release Event Winner Pack | Foil,Promo,,,841,one_piece:ST06-006W,355268,355268,,794693,,,,,,,,,,,,,,,,,,,Low,20.27,EUR,EUR,cardtrader,355268,low,2026-08-28T15:00:15.994637+00:00,"""{\""cardmarket_exact_candidates\"": [], \""snapshot_fingerprint\"": \""0e58b7af42a3d9e25773c5343e10fb52cb173ba171fd8254ae62edbdf5599dd1\""}""",MISMATCH,stored Cardmarket product conflicts with local printing,true,false,false,,,,,,,,CRITICAL,,,,CRITICAL,wrong_cardmarket_id,,"{""external_provenance"": [{""exact_language"": false, ""id"": 794693, ""metadata"": {""allowed_languages"": [""en"", ""jp"", ""zh-CN"", ""kr"", ""fr""]}, ""scope"": ""mixed""}], ""mismatch_reasons"": [""wrong_cardmarket_id""], ""scryfall_cardmarket_id"": null, ""stored_ids"": [794693], ""validated_stored_ids"": [794693]}",,,,
14830,one_piece,Tashigi,ST06-006W,promo,One Piece Promos,jp,Release Event Winner Pack | Foil,Promo,,,841,one_piece:ST06-006W,355268,355268,,794693,,,,,,,,,,,,,,,,,,,Low,,EUR,EUR,cardmarket,794693,,2026-08-28T15:00:15.994637+00:00,"""{\""reason\"": \""Cardmarket product is not exact-language\"", \""snapshot_fingerprint\"": \""6b9ceb733fae317c7259d19ac4247f7d0687019565379a95876ac350da88b1bc\""}""",MISMATCH,stored Cardmarket product conflicts with local printing,true,false,false,,,,,,,,CRITICAL,,,,CRITICAL,wrong_cardmarket_id,stale_price,"{""external_provenance"": [{""exact_language"": false, ""id"": 794693, ""metadata"": {""allowed_languages"": [""en"", ""jp"", ""zh-CN"", ""kr"", ""fr""]}, ""scope"": ""mixed""}], ""mismatch_reasons"": [""wrong_cardmarket_id""], ""scryfall_cardmarket_id"": null, ""stored_ids"": [794693], ""validated_stored_ids"": [794693]}",,,,
14905,one_piece,Tony Tony.Chopper,OP09-068,promo,One Piece Promos,en,ROUND1 Promo,Promo,,,904,one_piece:OP09-068,399332,399332,,"896334,901269",,901269,Tony Tony.Chopper (OP09-068),5303,,,OP09-068,mixed/unknown,80,146.78,147.99,147,147,,0,,,,Low,,EUR,EUR,cardmarket,"896334,901269",,2026-08-28T15:00:15.994637+00:00,"""{\""reason\"": \""Cardmarket product is not exact-language\"", \""snapshot_fingerprint\"": \""690aa2329c7b266a598a03e91d3dd5800463517fec5e7a4e70b3070276a98876\""}""",MISMATCH,stored Cardmarket product conflicts with local printing,true,false,false,,,,,,,,CRITICAL,,,,CRITICAL,wrong_cardmarket_id,stale_price,"{""external_provenance"": [{""exact_language"": false, ""id"": 896334, ""metadata"": {""allowed_languages"": [""en"", ""jp"", ""zh-CN"", ""kr"", ""fr""]}, ""scope"": ""mixed""}, {""exact_language"": false, ""id"": 901269, ""metadata"": {""allowed_languages"": [""en"", ""jp"", ""zh-CN"", ""kr"", ""fr""]}, ""scope"": ""mixed""}], ""mismatch_reasons"": [""wrong_cardmarket_id""], ""scryfall_cardmarket_id"": null, ""stored_ids"": [896334, 901269], ""validated_stored_ids"": [896334, 901269]}",,,,
14906,one_piece,Tony Tony.Chopper,OP09-068,promo,One Piece Promos,jp,ROUND1 Promo,Promo,,,904,one_piece:OP09-068,399332,399332,,"896334,901269",,901269,Tony Tony.Chopper (OP09-068),5303,,,OP09-068,mixed/unknown,80,146.78,147.99,147,147,,0,,,,Low,82.64,EUR,EUR,cardtrader,399332,medium,2026-08-28T15:00:15.994637+00:00,"""{\""cardmarket_exact_candidates\"": [], \""snapshot_fingerprint\"": \""5226a60d9bbedf2405cccffe1237a35097fca9f2ac096a4e9f6a1d27782cd04f\""}""",MISMATCH,stored Cardmarket product conflicts with local printing,true,false,false,,,,,,,,CRITICAL,,,,CRITICAL,wrong_cardmarket_id,,"{""external_provenance"": [{""exact_language"": false, ""id"": 896334, ""metadata"": {""allowed_languages"": [""en"", ""jp"", ""zh-CN"", ""kr"", ""fr""]}, ""scope"": ""mixed""}, {""exact_language"": false, ""id"": 901269, ""metadata"": {""allowed_languages"": [""en"", ""jp"", ""zh-CN"", ""kr"", ""fr""]}, ""scope"": ""mixed""}], ""mismatch_reasons"": [""wrong_cardmarket_id""], ""scryfall_cardmarket_id"": null, ""stored_ids"": [896334, 901269], ""validated_stored_ids"": [896334, 901269]}",,,,
15228,one_piece,Jinbe,ST01-005P,st01,ST-01: Starter Deck: Straw Hat Crew,en,Super Pre-Release Stamp,Common,,,1203,one_piece:ST01-005P,244880,244880,,690974,,,,,,,,,,,,,,,,,,,Low,5.38,EUR,EUR,cardtrader,244880,medium,2026-08-28T15:00:15.994637+00:00,"""{\""cardmarket_exact_candidates\"": [], \""snapshot_fingerprint\"": \""deafb61e302b54b34fe51c7468e7934ae0c402e2607bef2f898147b307e67b0e\""}""",MISMATCH,stored Cardmarket product conflicts with local printing,true,false,false,,,,,,,,CRITICAL,,,,CRITICAL,wrong_cardmarket_id,,"{""external_provenance"": [{""exact_language"": false, ""id"": 690974, ""metadata"": {""allowed_languages"": [""en"", ""jp"", ""zh-CN"", ""kr"", ""fr""]}, ""scope"": ""mixed""}], ""mismatch_reasons"": [""wrong_cardmarket_id""], ""scryfall_cardmarket_id"": null, ""stored_ids"": [690974], ""validated_stored_ids"": [690974]}",,,,
15229,one_piece,Jinbe,ST01-005P,st01,ST-01: Starter Deck: Straw Hat Crew,jp,Super Pre-Release Stamp,Common,,,1203,one_piece:ST01-005P,244880,244880,,690974,,,,,,,,,,,,,,,,,,,Low,,EUR,EUR,cardmarket,690974,,2026-08-28T15:00:15.994637+00:00,"""{\""reason\"": \""Cardmarket product is not exact-language\"", \""snapshot_fingerprint\"": \""d10a99940c18684759a01995108a57f0d9501c06464281f37f4afbedb91088b6\""}""",MISMATCH,stored Cardmarket product conflicts with local printing,true,false,false,,,,,,,,CRITICAL,,,,CRITICAL,wrong_cardmarket_id,stale_price,"{""external_provenance"": [{""exact_language"": false, ""id"": 690974, ""metadata"": {""allowed_languages"": [""en"", ""jp"", ""zh-CN"", ""kr"", ""fr""]}, ""scope"": ""mixed""}], ""mismatch_reasons"": [""wrong_cardmarket_id""], ""scryfall_cardmarket_id"": null, ""stored_ids"": [690974], ""validated_stored_ids"": [690974]}",,,,
15251,one_piece,Gum-Gum Jet Pistol,ST01-015P,st01,ST-01: Starter Deck: Straw Hat Crew,en,Super Pre-Release Stamp,Common,,,1223,one_piece:ST01-015P,245236,245236,,691007,,,,,,,,,,,,,,,,,,,Low,3.57,EUR,EUR,cardtrader,245236,high,2026-08-29T12:19:30.162830+00:00,"""{\""cardmarket_exact_candidates\"": [], \""snapshot_fingerprint\"": \""db93b45399bb1cb25f33cb8634eb4f9dbcd2548884381955f079631696fed434\""}""",MISMATCH,stored Cardmarket product conflicts with local printing,true,false,false,,,,,,,,CRITICAL,,,,CRITICAL,wrong_cardmarket_id,,"{""external_provenance"": [{""exact_language"": false, ""id"": 691007, ""metadata"": {""allowed_languages"": [""en"", ""jp"", ""zh-CN"", ""kr"", ""fr""]}, ""scope"": ""mixed""}], ""mismatch_reasons"": [""wrong_cardmarket_id""], ""scryfall_cardmarket_id"": null, ""stored_ids"": [691007], ""validated_stored_ids"": [691007]}",,,,
15252,one_piece,Gum-Gum Jet Pistol,ST01-015P,st01,ST-01: Starter Deck: Straw Hat Crew,jp,Super Pre-Release Stamp,Common,,,1223,one_piece:ST01-015P,245236,245236,,691007,,,,,,,,,,,,,,,,,,,Low,,EUR,EUR,cardmarket,691007,,2026-08-28T15:00:15.994637+00:00,"""{\""reason\"": \""Cardmarket product is not exact-language\"", \""snapshot_fingerprint\"": \""8bbcf270d851514177214cbdad70b3a6a5133a04751b687a2748784b87b81092\""}""",MISMATCH,stored Cardmarket product conflicts with local printing,true,false,false,,,,,,,,CRITICAL,,,,CRITICAL,wrong_cardmarket_id,stale_price,"{""external_provenance"": [{""exact_language"": false, ""id"": 691007, ""metadata"": {""allowed_languages"": [""en"", ""jp"", ""zh-CN"", ""kr"", ""fr""]}, ""scope"": ""mixed""}], ""mismatch_reasons"": [""wrong_cardmarket_id""], ""scryfall_cardmarket_id"": null, ""stored_ids"": [691007], ""validated_stored_ids"": [691007]}",,,,
15558,one_piece,Shanks,OP01-120A,op01,OP-01: Romance Dawn,en,Alternate Art,Alternate Art,,,1380,one_piece:OP01-120A,244667,244667,,"690958,768387",,,,,,,,,,,,,,,,,,,Low,141.21,EUR,EUR,cardtrader,244667,high,2026-08-29T12:19:30.162830+00:00,"""{\""cardmarket_exact_candidates\"": [], \""snapshot_fingerprint\"": \""b36cc40db0ba555753624c184dabec4768030a701abc47593543ba97962b6eed\""}""",MISMATCH,stored Cardmarket product conflicts with local printing,true,false,false,,,,,,,,CRITICAL,,,,CRITICAL,wrong_cardmarket_id,,"{""external_provenance"": [{""exact_language"": false, ""id"": 690958, ""metadata"": {""allowed_languages"": [""en"", ""jp"", ""zh-CN"", ""kr"", ""fr""]}, ""scope"": ""mixed""}, {""exact_language"": false, ""id"": 768387, ""metadata"": {""allowed_languages"": [""en"", ""jp"", ""zh-CN"", ""kr"", ""fr""]}, ""scope"": ""mixed""}], ""mismatch_reasons"": [""wrong_cardmarket_id""], ""scryfall_cardmarket_id"": null, ""stored_ids"": [690958, 768387], ""validated_stored_ids"": [690958, 768387]}",,,,
15559,one_piece,Shanks,OP01-120A,op01,OP-01: Romance Dawn,jp,Alternate Art,Alternate Art,,,1380,one_piece:OP01-120A,244667,244667,,"690958,768387",,,,,,,,,,,,,,,,,,,Low,45.64,EUR,EUR,cardtrader,244667,high,2026-08-28T15:00:15.994637+00:00,"""{\""cardmarket_exact_candidates\"": [], \""snapshot_fingerprint\"": \""dd35c4b1f1dddcb737cbb7a505f29df1efb0126135d705e0f6a4601f2371ee3b\""}""",MISMATCH,stored Cardmarket product conflicts with local printing,true,false,false,,,,,,,,CRITICAL,,,,CRITICAL,wrong_cardmarket_id,,"{""external_provenance"": [{""exact_language"": false, ""id"": 690958, ""metadata"": {""allowed_languages"": [""en"", ""jp"", ""zh-CN"", ""kr"", ""fr""]}, ""scope"": ""mixed""}, {""exact_language"": false, ""id"": 768387, ""metadata"": {""allowed_languages"": [""en"", ""jp"", ""zh-CN"", ""kr"", ""fr""]}, ""scope"": ""mixed""}], ""mismatch_reasons"": [""wrong_cardmarket_id""], ""scryfall_cardmarket_id"": null, ""stored_ids"": [690958, 768387], ""validated_stored_ids"": [690958, 768387]}",,,,
15570,one_piece,Sanji,ST01-004P5,stp,Store Tournaments Promos,en,Offline Regional 2023 | Finalist,Promo,,,1387,one_piece:ST01-004P5,245394,245394,,698855,,,,,,,,,,,,,,,,,,,Low,348.14,EUR,EUR,cardtrader,245394,low,2026-08-28T15:00:15.994637+00:00,"""{\""cardmarket_exact_candidates\"": [], \""snapshot_fingerprint\"": \""598e28513428e1b1eb171764a7e847edf185ceb9c194646816f50d3c7e0825fb\""}""",MISMATCH,stored Cardmarket product conflicts with local printing,true,false,false,,,,,,,,CRITICAL,,,,CRITICAL,wrong_cardmarket_id,,"{""external_provenance"": [{""exact_language"": false, ""id"": 698855, ""metadata"": {""allowed_languages"": [""en"", ""jp"", ""zh-CN"", ""kr"", ""fr""]}, ""scope"": ""mixed""}], ""mismatch_reasons"": [""wrong_cardmarket_id""], ""scryfall_cardmarket_id"": null, ""stored_ids"": [698855], ""validated_stored_ids"": [698855]}",,,,
15571,one_piece,Sanji,ST01-004P5,stp,Store Tournaments Promos,jp,Offline Regional 2023 | Finalist,Promo,,,1387,one_piece:ST01-004P5,245394,245394,,698855,,,,,,,,,,,,,,,,,,,Low,,EUR,EUR,cardmarket,698855,,2026-08-28T15:00:15.994637+00:00,"""{\""reason\"": \""Cardmarket product is not exact-language\"", \""snapshot_fingerprint\"": \""2e557676dcb4fc9ee5c650d012d22d1b6c5e6f263bf1d95b7e426a9f7ac3c06a\""}""",MISMATCH,stored Cardmarket product conflicts with local printing,true,false,false,,,,,,,,CRITICAL,,,,CRITICAL,wrong_cardmarket_id,stale_price,"{""external_provenance"": [{""exact_language"": false, ""id"": 698855, ""metadata"": {""allowed_languages"": [""en"", ""jp"", ""zh-CN"", ""kr"", ""fr""]}, ""scope"": ""mixed""}], ""mismatch_reasons"": [""wrong_cardmarket_id""], ""scryfall_cardmarket_id"": null, ""stored_ids"": [698855], ""validated_stored_ids"": [698855]}",,,,
15572,one_piece,Sanji,ST01-004P4,stp,Store Tournaments Promos,en,Offline Regional 2023 | Participant,Promo,,,1388,one_piece:ST01-004P4,245395,245395,,698851,,,,,,,,,,,,,,,,,,,Low,200.64,EUR,EUR,cardtrader,245395,low,2026-08-28T15:00:15.994637+00:00,"""{\""cardmarket_exact_candidates\"": [], \""snapshot_fingerprint\"": \""482ccde39904786d08b568e548794dcee6a841102b943c00bad91b14c5c26ab7\""}""",MISMATCH,stored Cardmarket product conflicts with local printing,true,false,false,,,,,,,,CRITICAL,,,,CRITICAL,wrong_cardmarket_id,,"{""external_provenance"": [{""exact_language"": false, ""id"": 698851, ""metadata"": {""allowed_languages"": [""en"", ""jp"", ""zh-CN"", ""kr"", ""fr""]}, ""scope"": ""mixed""}], ""mismatch_reasons"": [""wrong_cardmarket_id""], ""scryfall_cardmarket_id"": null, ""stored_ids"": [698851], ""validated_stored_ids"": [698851]}",,,,
15573,one_piece,Sanji,ST01-004P4,stp,Store Tournaments Promos,jp,Offline Regional 2023 | Participant,Promo,,,1388,one_piece:ST01-004P4,245395,245395,,698851,,,,,,,,,,,,,,,,,,,Low,,EUR,EUR,cardmarket,698851,,2026-08-28T15:00:15.994637+00:00,"""{\""reason\"": \""Cardmarket product is not exact-language\"", \""snapshot_fingerprint\"": \""d54364252ea63467c948c9ddc6ab75890ea6884745ce7756137be8189107768a\""}""",MISMATCH,stored Cardmarket product conflicts with local printing,true,false,false,,,,,,,,CRITICAL,,,,CRITICAL,wrong_cardmarket_id,stale_price,"{""external_provenance"": [{""exact_language"": false, ""id"": 698851, ""metadata"": {""allowed_languages"": [""en"", ""jp"", ""zh-CN"", ""kr"", ""fr""]}, ""scope"": ""mixed""}], ""mismatch_reasons"": [""wrong_cardmarket_id""], ""scryfall_cardmarket_id"": null, ""stored_ids"": [698851], ""validated_stored_ids"": [698851]}",,,,
15574,one_piece,Sanji,ST01-004P3,stp,Store Tournaments Promos,en,Online Regional 2023 | Winner,Promo,,,1389,one_piece:ST01-004P3,245396,245396,,696685,,,,,,,,,,,,,,,,,,,Low,,EUR,EUR,cardmarket,696685,,2026-08-28T15:00:15.994637+00:00,"""{\""reason\"": \""Cardmarket product is not exact-language\"", \""snapshot_fingerprint\"": \""7b1f6833d4e15d216723ce43ebf7d12e423459b724b117a9fb0441d22e5de626\""}""",MISMATCH,stored Cardmarket product conflicts with local printing,true,false,false,,,,,,,,CRITICAL,,,,CRITICAL,wrong_cardmarket_id,stale_price,"{""external_provenance"": [{""exact_language"": false, ""id"": 696685, ""metadata"": {""allowed_languages"": [""en"", ""jp"", ""zh-CN"", ""kr"", ""fr""]}, ""scope"": ""mixed""}], ""mismatch_reasons"": [""wrong_cardmarket_id""], ""scryfall_cardmarket_id"": null, ""stored_ids"": [696685], ""validated_stored_ids"": [696685]}",,,,
15575,one_piece,Sanji,ST01-004P3,stp,Store Tournaments Promos,jp,Online Regional 2023 | Winner,Promo,,,1389,one_piece:ST01-004P3,245396,245396,,696685,,,,,,,,,,,,,,,,,,,Low,,EUR,EUR,cardmarket,696685,,2026-08-28T15:00:15.994637+00:00,"""{\""reason\"": \""Cardmarket product is not exact-language\"", \""snapshot_fingerprint\"": \""29f792452b5b7e093ca1ea13a0f182a0e22fbf2eaa13328e74225eb552e725c8\""}""",MISMATCH,stored Cardmarket product conflicts with local printing,true,false,false,,,,,,,,CRITICAL,,,,CRITICAL,wrong_cardmarket_id,stale_price,"{""external_provenance"": [{""exact_language"": false, ""id"": 696685, ""metadata"": {""allowed_languages"": [""en"", ""jp"", ""zh-CN"", ""kr"", ""fr""]}, ""scope"": ""mixed""}], ""mismatch_reasons"": [""wrong_cardmarket_id""], ""scryfall_cardmarket_id"": null, ""stored_ids"": [696685], ""validated_stored_ids"": [696685]}",,,,
15576,one_piece,Sanji,ST01-004P2,stp,Store Tournaments Promos,en,Online Regional 2023 | Finalist,Promo,,,1390,one_piece:ST01-004P2,245397,245397,,696684,,,,,,,,,,,,,,,,,,,Low,,EUR,EUR,cardmarket,696684,,2026-08-29T12:19:30.162830+00:00,"""{\""reason\"": \""Cardmarket product is not exact-language\"", \""snapshot_fingerprint\"": \""8fcfaad0749e24d72ea6d6546c39df99ae27f0b074c121fb38fdd6dc60ea3e33\""}""",MISMATCH,stored Cardmarket product conflicts with local printing,true,false,false,,,,,,,,CRITICAL,,,,CRITICAL,wrong_cardmarket_id,,"{""external_provenance"": [{""exact_language"": false, ""id"": 696684, ""metadata"": {""allowed_languages"": [""en"", ""jp"", ""zh-CN"", ""kr"", ""fr""]}, ""scope"": ""mixed""}], ""mismatch_reasons"": [""wrong_cardmarket_id""], ""scryfall_cardmarket_id"": null, ""stored_ids"": [696684], ""validated_stored_ids"": [696684]}",,,,
15577,one_piece,Sanji,ST01-004P2,stp,Store Tournaments Promos,jp,Online Regional 2023 | Finalist,Promo,,,1390,one_piece:ST01-004P2,245397,245397,,696684,,,,,,,,,,,,,,,,,,,Low,,EUR,EUR,cardmarket,696684,,2026-08-28T15:00:15.994637+00:00,"""{\""reason\"": \""Cardmarket product is not exact-language\"", \""snapshot_fingerprint\"": \""f9dd78cb7f2d4d734bd290dbe4930718575b92a0c54b339a44aa746557fe45f5\""}""",MISMATCH,stored Cardmarket product conflicts with local printing,true,false,false,,,,,,,,CRITICAL,,,,CRITICAL,wrong_cardmarket_id,stale_price,"{""external_provenance"": [{""exact_language"": false, ""id"": 696684, ""metadata"": {""allowed_languages"": [""en"", ""jp"", ""zh-CN"", ""kr"", ""fr""]}, ""scope"": ""mixed""}], ""mismatch_reasons"": [""wrong_cardmarket_id""], ""scryfall_cardmarket_id"": null, ""stored_ids"": [696684], ""validated_stored_ids"": [696684]}",,,,
15581,one_piece,Roronoa Zoro,ST01-013P2,stp,Store Tournaments Promos,en,3 on 3 Cup Promo,Promo,,,1394,one_piece:ST01-013P2,250510,250510,,717519,,,,,,,,,,,,,,,,,,,Low,,EUR,EUR,cardmarket,717519,,2026-08-28T15:00:15.994637+00:00,"""{\""reason\"": \""Cardmarket product is not exact-language\"", \""snapshot_fingerprint\"": \""240c20d142e83bc576140c4088810ef2f85fa9aaeb5379a718594e51ef0ccf0e\""}""",MISMATCH,stored Cardmarket product conflicts with local printing,true,false,false,,,,,,,,CRITICAL,,,,CRITICAL,wrong_cardmarket_id,stale_price,"{""external_provenance"": [{""exact_language"": false, ""id"": 717519, ""metadata"": {""allowed_languages"": [""en"", ""jp"", ""zh-CN"", ""kr"", ""fr""]}, ""scope"": ""mixed""}], ""mismatch_reasons"": [""wrong_cardmarket_id""], ""scryfall_cardmarket_id"": null, ""stored_ids"": [717519], ""validated_stored_ids"": [717519]}",,,,
15582,one_piece,Roronoa Zoro,ST01-013P2,stp,Store Tournaments Promos,jp,3 on 3 Cup Promo,Promo,,,1394,one_piece:ST01-013P2,250510,250510,,717519,,,,,,,,,,,,,,,,,,,Low,,EUR,EUR,cardmarket,717519,,2026-08-28T15:00:15.994637+00:00,"""{\""reason\"": \""Cardmarket product is not exact-language\"", \""snapshot_fingerprint\"": \""00041f47e23d9203182ca61b33408ba1bb2561e9f322e1e1c5febfecd78daab5\""}""",MISMATCH,stored Cardmarket product conflicts with local printing,true,false,false,,,,,,,,CRITICAL,,,,CRITICAL,wrong_cardmarket_id,stale_price,"{""external_provenance"": [{""exact_language"": false, ""id"": 717519, ""metadata"": {""allowed_languages"": [""en"", ""jp"", ""zh-CN"", ""kr"", ""fr""]}, ""scope"": ""mixed""}], ""mismatch_reasons"": [""wrong_cardmarket_id""], ""scryfall_cardmarket_id"": null, ""stored_ids"": [717519], ""validated_stored_ids"": [717519]}",,,,
15584,one_piece,Charlotte Pudding,ST07-008P4,stp,Store Tournaments Promos,en,Offline Regional 2023 | Participant,Promo,,,1396,one_piece:ST07-008P4,250546,250546,,698866,,,,,,,,,,,,,,,,,,,Low,110.63,EUR,EUR,cardtrader,250546,low,2026-08-28T15:00:15.994637+00:00,"""{\""cardmarket_exact_candidates\"": [], \""snapshot_fingerprint\"": \""36341f35eb92d9db41ef68f02b59182c1521d079f3907eb009658bb8489256fa\""}""",MISMATCH,stored Cardmarket product conflicts with local printing,true,false,false,,,,,,,,CRITICAL,,,,CRITICAL,wrong_cardmarket_id,,"{""external_provenance"": [{""exact_language"": false, ""id"": 698866, ""metadata"": {""allowed_languages"": [""en"", ""jp"", ""zh-CN"", ""kr"", ""fr""]}, ""scope"": ""mixed""}], ""mismatch_reasons"": [""wrong_cardmarket_id""], ""scryfall_cardmarket_id"": null, ""stored_ids"": [698866], ""validated_stored_ids"": [698866]}",,,,
15585,one_piece,Charlotte Pudding,ST07-008P4,stp,Store Tournaments Promos,jp,Offline Regional 2023 | Participant,Promo,,,1396,one_piece:ST07-008P4,250546,250546,,698866,,,,,,,,,,,,,,,,,,,Low,,EUR,EUR,cardmarket,698866,,2026-08-28T15:00:15.994637+00:00,"""{\""reason\"": \""Cardmarket product is not exact-language\"", \""snapshot_fingerprint\"": \""5d3399efa13cb83d64e6f150e023b70ab2a1d72c27b70c820fc0064d4704dd08\""}""",MISMATCH,stored Cardmarket product conflicts with local printing,true,false,false,,,,,,,,CRITICAL,,,,CRITICAL,wrong_cardmarket_id,stale_price,"{""external_provenance"": [{""exact_language"": false, ""id"": 698866, ""metadata"": {""allowed_languages"": [""en"", ""jp"", ""zh-CN"", ""kr"", ""fr""]}, ""scope"": ""mixed""}], ""mismatch_reasons"": [""wrong_cardmarket_id""], ""scryfall_cardmarket_id"": null, ""stored_ids"": [698866], ""validated_stored_ids"": [698866]}",,,,
15586,one_piece,Charlotte Pudding,ST07-008P5,stp,Store Tournaments Promos,en,Offline Regional 2023 | Finalist,Promo,,,1397,one_piece:ST07-008P5,250548,250548,,698867,,,,,,,,,,,,,,,,,,,Low,280.64,EUR,EUR,cardtrader,250548,low,2026-08-28T15:00:15.994637+00:00,"""{\""cardmarket_exact_candidates\"": [], \""snapshot_fingerprint\"": \""f44a9f50fb71ffc926c979df95f77dd3fff76a3621c9c85ff892725007940842\""}""",MISMATCH,stored Cardmarket product conflicts with local printing,true,false,false,,,,,,,,CRITICAL,,,,CRITICAL,wrong_cardmarket_id,,"{""external_provenance"": [{""exact_language"": false, ""id"": 698867, ""metadata"": {""allowed_languages"": [""en"", ""jp"", ""zh-CN"", ""kr"", ""fr""]}, ""scope"": ""mixed""}], ""mismatch_reasons"": [""wrong_cardmarket_id""], ""scryfall_cardmarket_id"": null, ""stored_ids"": [698867], ""validated_stored_ids"": [698867]}",,,,
15587,one_piece,Charlotte Pudding,ST07-008P5,stp,Store Tournaments Promos,jp,Offline Regional 2023 | Finalist,Promo,,,1397,one_piece:ST07-008P5,250548,250548,,698867,,,,,,,,,,,,,,,,,,,Low,,EUR,EUR,cardmarket,698867,,2026-08-28T15:00:15.994637+00:00,"""{\""reason\"": \""Cardmarket product is not exact-language\"", \""snapshot_fingerprint\"": \""627771c2c8b484a5d4475ca5c63104424480a727979b92a1e252b5925d361984\""}""",MISMATCH,stored Cardmarket product conflicts with local printing,true,false,false,,,,,,,,CRITICAL,,,,CRITICAL,wrong_cardmarket_id,stale_price,"{""external_provenance"": [{""exact_language"": false, ""id"": 698867, ""metadata"": {""allowed_languages"": [""en"", ""jp"", ""zh-CN"", ""kr"", ""fr""]}, ""scope"": ""mixed""}], ""mismatch_reasons"": [""wrong_cardmarket_id""], ""scryfall_cardmarket_id"": null, ""stored_ids"": [698867], ""validated_stored_ids"": [698867]}",,,,
15588,one_piece,Charlotte Pudding,ST07-008P6,stp,Store Tournaments Promos,en,Offline Regional 2023 | Winner,Promo,,,1398,one_piece:ST07-008P6,250550,250550,,698868,,,,,,,,,,,,,,,,,,,Low,,EUR,EUR,cardmarket,698868,,2026-08-28T15:00:15.994637+00:00,"""{\""reason\"": \""Cardmarket product is not exact-language\"", \""snapshot_fingerprint\"": \""47907d79eb05b686e6bf936da0d00c8c97fdcc6e1cb554dda500f912a46edc7d\""}""",MISMATCH,stored Cardmarket product conflicts with local printing,true,false,false,,,,,,,,CRITICAL,,,,CRITICAL,wrong_cardmarket_id,stale_price,"{""external_provenance"": [{""exact_language"": false, ""id"": 698868, ""metadata"": {""allowed_languages"": [""en"", ""jp"", ""zh-CN"", ""kr"", ""fr""]}, ""scope"": ""mixed""}], ""mismatch_reasons"": [""wrong_cardmarket_id""], ""scryfall_cardmarket_id"": null, ""stored_ids"": [698868], ""validated_stored_ids"": [698868]}",,,,
15589,one_piece,Charlotte Pudding,ST07-008P6,stp,Store Tournaments Promos,jp,Offline Regional 2023 | Winner,Promo,,,1398,one_piece:ST07-008P6,250550,250550,,698868,,,,,,,,,,,,,,,,,,,Low,,EUR,EUR,cardmarket,698868,,2026-08-28T15:00:15.994637+00:00,"""{\""reason\"": \""Cardmarket product is not exact-language\"", \""snapshot_fingerprint\"": \""e9bc55746c7da73bc4a383683da45151329611fa2c64d51fd239cc6e2c333ab0\""}""",MISMATCH,stored Cardmarket product conflicts with local printing,true,false,false,,,,,,,,CRITICAL,,,,CRITICAL,wrong_cardmarket_id,stale_price,"{""external_provenance"": [{""exact_language"": false, ""id"": 698868, ""metadata"": {""allowed_languages"": [""en"", ""jp"", ""zh-CN"", ""kr"", ""fr""]}, ""scope"": ""mixed""}], ""mismatch_reasons"": [""wrong_cardmarket_id""], ""scryfall_cardmarket_id"": null, ""stored_ids"": [698868], ""validated_stored_ids"": [698868]}",,,,
15591,one_piece,Charlotte Pudding,ST07-008P2,stp,Store Tournaments Promos,en,Online Regional 2023 | Finalist,Promo,,,1400,one_piece:ST07-008P2,250555,250555,,696694,,,,,,,,,,,,,,,,,,,Low,,EUR,EUR,cardmarket,696694,,2026-08-29T12:19:30.162830+00:00,"""{\""reason\"": \""Cardmarket product is not exact-language\"", \""snapshot_fingerprint\"": \""0a4f06c66fa3b486a4a71f24530d9a859cd24c28cd7610b2359c218e64aad950\""}""",MISMATCH,stored Cardmarket product conflicts with local printing,true,false,false,,,,,,,,CRITICAL,,,,CRITICAL,wrong_cardmarket_id,,"{""external_provenance"": [{""exact_language"": false, ""id"": 696694, ""metadata"": {""allowed_languages"": [""en"", ""jp"", ""zh-CN"", ""kr"", ""fr""]}, ""scope"": ""mixed""}], ""mismatch_reasons"": [""wrong_cardmarket_id""], ""scryfall_cardmarket_id"": null, ""stored_ids"": [696694], ""validated_stored_ids"": [696694]}",,,,
15592,one_piece,Charlotte Pudding,ST07-008P2,stp,Store Tournaments Promos,jp,Online Regional 2023 | Finalist,Promo,,,1400,one_piece:ST07-008P2,250555,250555,,696694,,,,,,,,,,,,,,,,,,,Low,,EUR,EUR,cardmarket,696694,,2026-08-28T15:00:15.994637+00:00,"""{\""reason\"": \""Cardmarket product is not exact-language\"", \""snapshot_fingerprint\"": \""4abd1ac7f261453d1e292f9ddf761088f842bf8c8856b5edab5fff25d730b1cb\""}""",MISMATCH,stored Cardmarket product conflicts with local printing,true,false,false,,,,,,,,CRITICAL,,,,CRITICAL,wrong_cardmarket_id,stale_price,"{""external_provenance"": [{""exact_language"": false, ""id"": 696694, ""metadata"": {""allowed_languages"": [""en"", ""jp"", ""zh-CN"", ""kr"", ""fr""]}, ""scope"": ""mixed""}], ""mismatch_reasons"": [""wrong_cardmarket_id""], ""scryfall_cardmarket_id"": null, ""stored_ids"": [696694], ""validated_stored_ids"": [696694]}",,,,
15593,one_piece,Charlotte Pudding,ST07-008P3,stp,Store Tournaments Promos,en,Online Regional 2023 | Winner,Promo,,,1401,one_piece:ST07-008P3,250557,250557,,696695,,,,,,,,,,,,,,,,,,,Low,,EUR,EUR,cardmarket,696695,,2026-08-28T15:00:15.994637+00:00,"""{\""reason\"": \""Cardmarket product is not exact-language\"", \""snapshot_fingerprint\"": \""76bad604c945adfc3790ea27c1e36723d80a2ac56d6db5d359f96bde3f1c75b6\""}""",MISMATCH,stored Cardmarket product conflicts with local printing,true,false,false,,,,,,,,CRITICAL,,,,CRITICAL,wrong_cardmarket_id,stale_price,"{""external_provenance"": [{""exact_language"": false, ""id"": 696695, ""metadata"": {""allowed_languages"": [""en"", ""jp"", ""zh-CN"", ""kr"", ""fr""]}, ""scope"": ""mixed""}], ""mismatch_reasons"": [""wrong_cardmarket_id""], ""scryfall_cardmarket_id"": null, ""stored_ids"": [696695], ""validated_stored_ids"": [696695]}",,,,
15594,one_piece,Charlotte Pudding,ST07-008P3,stp,Store Tournaments Promos,jp,Online Regional 2023 | Winner,Promo,,,1401,one_piece:ST07-008P3,250557,250557,,696695,,,,,,,,,,,,,,,,,,,Low,,EUR,EUR,cardmarket,696695,,2026-08-28T15:00:15.994637+00:00,"""{\""reason\"": \""Cardmarket product is not exact-language\"", \""snapshot_fingerprint\"": \""e685e37064908057b0d0396324b30c8a44b862eec712418ee4264d5f05f0477a\""}""",MISMATCH,stored Cardmarket product conflicts with local printing,true,false,false,,,,,,,,CRITICAL,,,,CRITICAL,wrong_cardmarket_id,stale_price,"{""external_provenance"": [{""exact_language"": false, ""id"": 696695, ""metadata"": {""allowed_languages"": [""en"", ""jp"", ""zh-CN"", ""kr"", ""fr""]}, ""scope"": ""mixed""}], ""mismatch_reasons"": [""wrong_cardmarket_id""], ""scryfall_cardmarket_id"": null, ""stored_ids"": [696695], ""validated_stored_ids"": [696695]}",,,,
15596,one_piece,Koby,OP02-098P2,stp,Store Tournaments Promos,en,Online Regional 2023 | Finalist,Promo,,,1403,one_piece:OP02-098P2,250564,250564,,696681,,,,,,,,,,,,,,,,,,,Low,,EUR,EUR,cardmarket,696681,,2026-08-28T15:00:15.994637+00:00,"""{\""reason\"": \""Cardmarket product is not exact-language\"", \""snapshot_fingerprint\"": \""72218720b910dca0b8744b47a6bf862fd6886e7d4927df035b1ea5d6b5f75363\""}""",MISMATCH,stored Cardmarket product conflicts with local printing,true,false,false,,,,,,,,CRITICAL,,,,CRITICAL,wrong_cardmarket_id,stale_price,"{""external_provenance"": [{""exact_language"": false, ""id"": 696681, ""metadata"": {""allowed_languages"": [""en"", ""jp"", ""zh-CN"", ""kr"", ""fr""]}, ""scope"": ""mixed""}], ""mismatch_reasons"": [""wrong_cardmarket_id""], ""scryfall_cardmarket_id"": null, ""stored_ids"": [696681], ""validated_stored_ids"": [696681]}",,,,
15597,one_piece,Koby,OP02-098P2,stp,Store Tournaments Promos,jp,Online Regional 2023 | Finalist,Promo,,,1403,one_piece:OP02-098P2,250564,250564,,696681,,,,,,,,,,,,,,,,,,,Low,,EUR,EUR,cardmarket,696681,,2026-08-28T15:00:15.994637+00:00,"""{\""reason\"": \""Cardmarket product is not exact-language\"", \""snapshot_fingerprint\"": \""b89270e2efc2fdb380b81d441b5869be546688a585babcb66cf3030d8ab87485\""}""",MISMATCH,stored Cardmarket product conflicts with local printing,true,false,false,,,,,,,,CRITICAL,,,,CRITICAL,wrong_cardmarket_id,stale_price,"{""external_provenance"": [{""exact_language"": false, ""id"": 696681, ""metadata"": {""allowed_languages"": [""en"", ""jp"", ""zh-CN"", ""kr"", ""fr""]}, ""scope"": ""mixed""}], ""mismatch_reasons"": [""wrong_cardmarket_id""], ""scryfall_cardmarket_id"": null, ""stored_ids"": [696681], ""validated_stored_ids"": [696681]}",,,,
15598,one_piece,Koby,OP02-098P3,stp,Store Tournaments Promos,en,Online Regional 2023 | Winner,Promo,,,1404,one_piece:OP02-098P3,250566,250566,,696682,,,,,,,,,,,,,,,,,,,Low,,EUR,EUR,cardmarket,696682,,2026-08-28T15:00:15.994637+00:00,"""{\""reason\"": \""Cardmarket product is not exact-language\"", \""snapshot_fingerprint\"": \""a2829811c46b94afcee141a4082beef7f3851890f28c4388b36de8afbe308bf7\""}""",MISMATCH,stored Cardmarket product conflicts with local printing,true,false,false,,,,,,,,CRITICAL,,,,CRITICAL,wrong_cardmarket_id,stale_price,"{""external_provenance"": [{""exact_language"": false, ""id"": 696682, ""metadata"": {""allowed_languages"": [""en"", ""jp"", ""zh-CN"", ""kr"", ""fr""]}, ""scope"": ""mixed""}], ""mismatch_reasons"": [""wrong_cardmarket_id""], ""scryfall_cardmarket_id"": null, ""stored_ids"": [696682], ""validated_stored_ids"": [696682]}",,,,
15599,one_piece,Koby,OP02-098P3,stp,Store Tournaments Promos,jp,Online Regional 2023 | Winner,Promo,,,1404,one_piece:OP02-098P3,250566,250566,,696682,,,,,,,,,,,,,,,,,,,Low,,EUR,EUR,cardmarket,696682,,2026-08-28T15:00:15.994637+00:00,"""{\""reason\"": \""Cardmarket product is not exact-language\"", \""snapshot_fingerprint\"": \""c3c3379863d4e307e3ca47b2aa74c6834970d3d59c583def2b1137a680eda63b\""}""",MISMATCH,stored Cardmarket product conflicts with local printing,true,false,false,,,,,,,,CRITICAL,,,,CRITICAL,wrong_cardmarket_id,stale_price,"{""external_provenance"": [{""exact_language"": false, ""id"": 696682, ""metadata"": {""allowed_languages"": [""en"", ""jp"", ""zh-CN"", ""kr"", ""fr""]}, ""scope"": ""mixed""}], ""mismatch_reasons"": [""wrong_cardmarket_id""], ""scryfall_cardmarket_id"": null, ""stored_ids"": [696682], ""validated_stored_ids"": [696682]}",,,,
15600,one_piece,Koby,OP02-098P4,stp,Store Tournaments Promos,en,Offline Regional 2023 | Participant,Promo,,,1405,one_piece:OP02-098P4,250567,250567,,698822,,,,,,,,,,,,,,,,,,,Low,,EUR,EUR,cardmarket,698822,,2026-08-28T15:00:15.994637+00:00,"""{\""reason\"": \""Cardmarket product is not exact-language\"", \""snapshot_fingerprint\"": \""2b14c5e916bc4d4369e456e829297540e2853de0e877a3a209dd1c16908168be\""}""",MISMATCH,stored Cardmarket product conflicts with local printing,true,false,false,,,,,,,,CRITICAL,,,,CRITICAL,wrong_cardmarket_id,stale_price,"{""external_provenance"": [{""exact_language"": false, ""id"": 698822, ""metadata"": {""allowed_languages"": [""en"", ""jp"", ""zh-CN"", ""kr"", ""fr""]}, ""scope"": ""mixed""}], ""mismatch_reasons"": [""wrong_cardmarket_id""], ""scryfall_cardmarket_id"": null, ""stored_ids"": [698822], ""validated_stored_ids"": [698822]}",,,,
15601,one_piece,Koby,OP02-098P4,stp,Store Tournaments Promos,jp,Offline Regional 2023 | Participant,Promo,,,1405,one_piece:OP02-098P4,250567,250567,,698822,,,,,,,,,,,,,,,,,,,Low,,EUR,EUR,cardmarket,698822,,2026-08-28T15:00:15.994637+00:00,"""{\""reason\"": \""Cardmarket product is not exact-language\"", \""snapshot_fingerprint\"": \""bb864ba6c7db2513d85ece431a66e524db7573e1b52b6417042bce79c9c236b8\""}""",MISMATCH,stored Cardmarket product conflicts with local printing,true,false,false,,,,,,,,CRITICAL,,,,CRITICAL,wrong_cardmarket_id,stale_price,"{""external_provenance"": [{""exact_language"": false, ""id"": 698822, ""metadata"": {""allowed_languages"": [""en"", ""jp"", ""zh-CN"", ""kr"", ""fr""]}, ""scope"": ""mixed""}], ""mismatch_reasons"": [""wrong_cardmarket_id""], ""scryfall_cardmarket_id"": null, ""stored_ids"": [698822], ""validated_stored_ids"": [698822]}",,,,
15602,one_piece,Koby,OP02-098P5,stp,Store Tournaments Promos,en,Offline Regional 2023 | Finalist,Promo,,,1406,one_piece:OP02-098P5,250569,250569,,698836,,,,,,,,,,,,,,,,,,,Low,386.12,EUR,EUR,cardtrader,250569,low,2026-08-29T12:19:30.162830+00:00,"""{\""cardmarket_exact_candidates\"": [], \""snapshot_fingerprint\"": \""f754785c2fd60a19b04ad4aab2b4186d7d4a0619a9e13adec68e17cbbc604f8c\""}""",MISMATCH,stored Cardmarket product conflicts with local printing,true,false,false,,,,,,,,CRITICAL,,,,CRITICAL,wrong_cardmarket_id,,"{""external_provenance"": [{""exact_language"": false, ""id"": 698836, ""metadata"": {""allowed_languages"": [""en"", ""jp"", ""zh-CN"", ""kr"", ""fr""]}, ""scope"": ""mixed""}], ""mismatch_reasons"": [""wrong_cardmarket_id""], ""scryfall_cardmarket_id"": null, ""stored_ids"": [698836], ""validated_stored_ids"": [698836]}",,,,
15603,one_piece,Koby,OP02-098P5,stp,Store Tournaments Promos,jp,Offline Regional 2023 | Finalist,Promo,,,1406,one_piece:OP02-098P5,250569,250569,,698836,,,,,,,,,,,,,,,,,,,Low,,EUR,EUR,cardmarket,698836,,2026-08-28T15:00:15.994637+00:00,"""{\""reason\"": \""Cardmarket product is not exact-language\"", \""snapshot_fingerprint\"": \""73ac49418fc8d9d675c9b9ef801143951c52a099e79df40581e0a2ffacce0070\""}""",MISMATCH,stored Cardmarket product conflicts with local printing,true,false,false,,,,,,,,CRITICAL,,,,CRITICAL,wrong_cardmarket_id,stale_price,"{""external_provenance"": [{""exact_language"": false, ""id"": 698836, ""metadata"": {""allowed_languages"": [""en"", ""jp"", ""zh-CN"", ""kr"", ""fr""]}, ""scope"": ""mixed""}], ""mismatch_reasons"": [""wrong_cardmarket_id""], ""scryfall_cardmarket_id"": null, ""stored_ids"": [698836], ""validated_stored_ids"": [698836]}",,,,
15604,one_piece,Koby,OP02-098P6,stp,Store Tournaments Promos,en,Offline Regional 2023 | Winner,Promo,,,1407,one_piece:OP02-098P6,250571,250571,,698838,,,,,,,,,,,,,,,,,,,Low,,EUR,EUR,cardmarket,698838,,2026-08-28T15:00:15.994637+00:00,"""{\""reason\"": \""Cardmarket product is not exact-language\"", \""snapshot_fingerprint\"": \""2b91cbbd9fa4541e92d6776313c3a9a6db586242e676a14d0b24c7bd7d803b42\""}""",MISMATCH,stored Cardmarket product conflicts with local printing,true,false,false,,,,,,,,CRITICAL,,,,CRITICAL,wrong_cardmarket_id,stale_price,"{""external_provenance"": [{""exact_language"": false, ""id"": 698838, ""metadata"": {""allowed_languages"": [""en"", ""jp"", ""zh-CN"", ""kr"", ""fr""]}, ""scope"": ""mixed""}], ""mismatch_reasons"": [""wrong_cardmarket_id""], ""scryfall_cardmarket_id"": null, ""stored_ids"": [698838], ""validated_stored_ids"": [698838]}",,,,
15605,one_piece,Koby,OP02-098P6,stp,Store Tournaments Promos,jp,Offline Regional 2023 | Winner,Promo,,,1407,one_piece:OP02-098P6,250571,250571,,698838,,,,,,,,,,,,,,,,,,,Low,,EUR,EUR,cardmarket,698838,,2026-08-28T15:00:15.994637+00:00,"""{\""reason\"": \""Cardmarket product is not exact-language\"", \""snapshot_fingerprint\"": \""8cf1c3cc4aa70c0fe4831c6fbb57937c9aa077afd08d2d267bf7d2c3ad4a7fdd\""}""",MISMATCH,stored Cardmarket product conflicts with local printing,true,false,false,,,,,,,,CRITICAL,,,,CRITICAL,wrong_cardmarket_id,stale_price,"{""external_provenance"": [{""exact_language"": false, ""id"": 698838, ""metadata"": {""allowed_languages"": [""en"", ""jp"", ""zh-CN"", ""kr"", ""fr""]}, ""scope"": ""mixed""}], ""mismatch_reasons"": [""wrong_cardmarket_id""], ""scryfall_cardmarket_id"": null, ""stored_ids"": [698838], ""validated_stored_ids"": [698838]}",,,,
15607,one_piece,Jack,ST04-008P2,stp,Store Tournaments Promos,en,Online Regional 2023 | Finalist,Promo,,,1409,one_piece:ST04-008P2,250576,250576,,696691,,,,,,,,,,,,,,,,,,,Low,,EUR,EUR,cardmarket,696691,,2026-08-28T15:00:15.994637+00:00,"""{\""reason\"": \""Cardmarket product is not exact-language\"", \""snapshot_fingerprint\"": \""633441242d9e99201ccbf26ed0b5c35bdec0d97ed23c636b8fa95b316e094b84\""}""",MISMATCH,stored Cardmarket product conflicts with local printing,true,false,false,,,,,,,,CRITICAL,,,,CRITICAL,wrong_cardmarket_id,stale_price,"{""external_provenance"": [{""exact_language"": false, ""id"": 696691, ""metadata"": {""allowed_languages"": [""en"", ""jp"", ""zh-CN"", ""kr"", ""fr""]}, ""scope"": ""mixed""}], ""mismatch_reasons"": [""wrong_cardmarket_id""], ""scryfall_cardmarket_id"": null, ""stored_ids"": [696691], ""validated_stored_ids"": [696691]}",,,,
15608,one_piece,Jack,ST04-008P2,stp,Store Tournaments Promos,jp,Online Regional 2023 | Finalist,Promo,,,1409,one_piece:ST04-008P2,250576,250576,,696691,,,,,,,,,,,,,,,,,,,Low,,EUR,EUR,cardmarket,696691,,2026-08-28T15:00:15.994637+00:00,"""{\""reason\"": \""Cardmarket product is not exact-language\"", \""snapshot_fingerprint\"": \""66d61a935caae691fcc9708dd79fc791934e798c009eba9dc895f75745320d05\""}""",MISMATCH,stored Cardmarket product conflicts with local printing,true,false,false,,,,,,,,CRITICAL,,,,CRITICAL,wrong_cardmarket_id,stale_price,"{""external_provenance"": [{""exact_language"": false, ""id"": 696691, ""metadata"": {""allowed_languages"": [""en"", ""jp"", ""zh-CN"", ""kr"", ""fr""]}, ""scope"": ""mixed""}], ""mismatch_reasons"": [""wrong_cardmarket_id""], ""scryfall_cardmarket_id"": null, ""stored_ids"": [696691], ""validated_stored_ids"": [696691]}",,,,
15610,one_piece,Jack,ST04-008P4,stp,Store Tournaments Promos,en,Offline Regional 2023 | Participant,Promo,,,1411,one_piece:ST04-008P4,250580,250580,,698863,,,,,,,,,,,,,,,,,,,Low,65.52,EUR,EUR,cardtrader,250580,low,2026-08-29T12:19:30.162830+00:00,"""{\""cardmarket_exact_candidates\"": [], \""snapshot_fingerprint\"": \""9639628de2e04b652346b9ae4f175ada19bb289bcf17b500a0ce8c73cad8bc5f\""}""",MISMATCH,stored Cardmarket product conflicts with local printing,true,false,false,,,,,,,,CRITICAL,,,,CRITICAL,wrong_cardmarket_id,,"{""external_provenance"": [{""exact_language"": false, ""id"": 698863, ""metadata"": {""allowed_languages"": [""en"", ""jp"", ""zh-CN"", ""kr"", ""fr""]}, ""scope"": ""mixed""}], ""mismatch_reasons"": [""wrong_cardmarket_id""], ""scryfall_cardmarket_id"": null, ""stored_ids"": [698863], ""validated_stored_ids"": [698863]}",,,,
15611,one_piece,Jack,ST04-008P4,stp,Store Tournaments Promos,jp,Offline Regional 2023 | Participant,Promo,,,1411,one_piece:ST04-008P4,250580,250580,,698863,,,,,,,,,,,,,,,,,,,Low,,EUR,EUR,cardmarket,698863,,2026-08-28T15:00:15.994637+00:00,"""{\""reason\"": \""Cardmarket product is not exact-language\"", \""snapshot_fingerprint\"": \""2c66d12161cfbcc2a307f8952be0d9a760cc5d9631dc1c1ed197caf29dc6c388\""}""",MISMATCH,stored Cardmarket product conflicts with local printing,true,false,false,,,,,,,,CRITICAL,,,,CRITICAL,wrong_cardmarket_id,stale_price,"{""external_provenance"": [{""exact_language"": false, ""id"": 698863, ""metadata"": {""allowed_languages"": [""en"", ""jp"", ""zh-CN"", ""kr"", ""fr""]}, ""scope"": ""mixed""}], ""mismatch_reasons"": [""wrong_cardmarket_id""], ""scryfall_cardmarket_id"": null, ""stored_ids"": [698863], ""validated_stored_ids"": [698863]}",,,,
15612,one_piece,Jack,ST04-008P5,stp,Store Tournaments Promos,en,Offline Regional 2023 | Finalist,Promo,,,1412,one_piece:ST04-008P5,250581,250581,,698864,,,,,,,,,,,,,,,,,,,Low,270.14,EUR,EUR,cardtrader,250581,low,2026-08-28T15:00:15.994637+00:00,"""{\""cardmarket_exact_candidates\"": [], \""snapshot_fingerprint\"": \""a54ba8fcc92eb55519b35c04dc19f539c6064958cc4b9c4461b460c6b7c4c74a\""}""",MISMATCH,stored Cardmarket product conflicts with local printing,true,false,false,,,,,,,,CRITICAL,,,,CRITICAL,wrong_cardmarket_id,,"{""external_provenance"": [{""exact_language"": false, ""id"": 698864, ""metadata"": {""allowed_languages"": [""en"", ""jp"", ""zh-CN"", ""kr"", ""fr""]}, ""scope"": ""mixed""}], ""mismatch_reasons"": [""wrong_cardmarket_id""], ""scryfall_cardmarket_id"": null, ""stored_ids"": [698864], ""validated_stored_ids"": [698864]}",,,,
15613,one_piece,Jack,ST04-008P5,stp,Store Tournaments Promos,jp,Offline Regional 2023 | Finalist,Promo,,,1412,one_piece:ST04-008P5,250581,250581,,698864,,,,,,,,,,,,,,,,,,,Low,,EUR,EUR,cardmarket,698864,,2026-08-28T15:00:15.994637+00:00,"""{\""reason\"": \""Cardmarket product is not exact-language\"", \""snapshot_fingerprint\"": \""28cc14e083c2c2a894a1359a6a86d571981f09e10fd0c486b6d0ad081606222d\""}""",MISMATCH,stored Cardmarket product conflicts with local printing,true,false,false,,,,,,,,CRITICAL,,,,CRITICAL,wrong_cardmarket_id,stale_price,"{""external_provenance"": [{""exact_language"": false, ""id"": 698864, ""metadata"": {""allowed_languages"": [""en"", ""jp"", ""zh-CN"", ""kr"", ""fr""]}, ""scope"": ""mixed""}], ""mismatch_reasons"": [""wrong_cardmarket_id""], ""scryfall_cardmarket_id"": null, ""stored_ids"": [698864], ""validated_stored_ids"": [698864]}",,,,
15614,one_piece,Jack,ST04-008P6,stp,Store Tournaments Promos,en,Offline Regional 2023 | Winner,Promo,,,1413,one_piece:ST04-008P6,250582,250582,,698865,,,,,,,,,,,,,,,,,,,Low,,EUR,EUR,cardmarket,698865,,2026-08-28T15:00:15.994637+00:00,"""{\""reason\"": \""Cardmarket product is not exact-language\"", \""snapshot_fingerprint\"": \""1b5e4c13caf188dc7551c28afc4d69d691603c5c441f29acd17bd34d14e190a1\""}""",MISMATCH,stored Cardmarket product conflicts with local printing,true,false,false,,,,,,,,CRITICAL,,,,CRITICAL,wrong_cardmarket_id,stale_price,"{""external_provenance"": [{""exact_language"": false, ""id"": 698865, ""metadata"": {""allowed_languages"": [""en"", ""jp"", ""zh-CN"", ""kr"", ""fr""]}, ""scope"": ""mixed""}], ""mismatch_reasons"": [""wrong_cardmarket_id""], ""scryfall_cardmarket_id"": null, ""stored_ids"": [698865], ""validated_stored_ids"": [698865]}",,,,
15615,one_piece,Jack,ST04-008P6,stp,Store Tournaments Promos,jp,Offline Regional 2023 | Winner,Promo,,,1413,one_piece:ST04-008P6,250582,250582,,698865,,,,,,,,,,,,,,,,,,,Low,,EUR,EUR,cardmarket,698865,,2026-08-28T15:00:15.994637+00:00,"""{\""reason\"": \""Cardmarket product is not exact-language\"", \""snapshot_fingerprint\"": \""19d679072d5989a49be03c7bbde8eb96085226521576f6024b93ac515039e957\""}""",MISMATCH,stored Cardmarket product conflicts with local printing,true,false,false,,,,,,,,CRITICAL,,,,CRITICAL,wrong_cardmarket_id,stale_price,"{""external_provenance"": [{""exact_language"": false, ""id"": 698865, ""metadata"": {""allowed_languages"": [""en"", ""jp"", ""zh-CN"", ""kr"", ""fr""]}, ""scope"": ""mixed""}], ""mismatch_reasons"": [""wrong_cardmarket_id""], ""scryfall_cardmarket_id"": null, ""stored_ids"": [698865], ""validated_stored_ids"": [698865]}",,,,
15617,one_piece,Marshall.D.Teach,ST03-014P2,stp,Store Tournaments Promos,en,Online Regional 2023 | Finalist,Promo,,,1415,one_piece:ST03-014P2,250587,250587,,696688,,,,,,,,,,,,,,,,,,,Low,,EUR,EUR,cardmarket,696688,,2026-08-28T15:00:15.994637+00:00,"""{\""reason\"": \""Cardmarket product is not exact-language\"", \""snapshot_fingerprint\"": \""39d0a9ccdba73b2675715d77e493cb27689a3d2e5a37a69fa3f1efa27743d8de\""}""",MISMATCH,stored Cardmarket product conflicts with local printing,true,false,false,,,,,,,,CRITICAL,,,,CRITICAL,wrong_cardmarket_id,stale_price,"{""external_provenance"": [{""exact_language"": false, ""id"": 696688, ""metadata"": {""allowed_languages"": [""en"", ""jp"", ""zh-CN"", ""kr"", ""fr""]}, ""scope"": ""mixed""}], ""mismatch_reasons"": [""wrong_cardmarket_id""], ""scryfall_cardmarket_id"": null, ""stored_ids"": [696688], ""validated_stored_ids"": [696688]}",,,,
15618,one_piece,Marshall.D.Teach,ST03-014P2,stp,Store Tournaments Promos,jp,Online Regional 2023 | Finalist,Promo,,,1415,one_piece:ST03-014P2,250587,250587,,696688,,,,,,,,,,,,,,,,,,,Low,,EUR,EUR,cardmarket,696688,,2026-08-28T15:00:15.994637+00:00,"""{\""reason\"": \""Cardmarket product is not exact-language\"", \""snapshot_fingerprint\"": \""5ef16957b4b931b44bd23760509bdea6decb3b5698dd6ff7cc6fbfc0a71b744f\""}""",MISMATCH,stored Cardmarket product conflicts with local printing,true,false,false,,,,,,,,CRITICAL,,,,CRITICAL,wrong_cardmarket_id,stale_price,"{""external_provenance"": [{""exact_language"": false, ""id"": 696688, ""metadata"": {""allowed_languages"": [""en"", ""jp"", ""zh-CN"", ""kr"", ""fr""]}, ""scope"": ""mixed""}], ""mismatch_reasons"": [""wrong_cardmarket_id""], ""scryfall_cardmarket_id"": null, ""stored_ids"": [696688], ""validated_stored_ids"": [696688]}",,,,
15620,one_piece,Marshall.D.Teach,ST03-014P4,stp,Store Tournaments Promos,en,Offline Regional 2023 | Participant,Promo,,,1417,one_piece:ST03-014P4,250591,250591,,698860,,,,,,,,,,,,,,,,,,,Low,50.96,EUR,EUR,cardtrader,250591,low,2026-08-29T12:19:30.162830+00:00,"""{\""cardmarket_exact_candidates\"": [], \""snapshot_fingerprint\"": \""9d08542c46afd3fdf64d7ece9859e96d6bf45ff74b87b040f98a1839a2f13070\""}""",MISMATCH,stored Cardmarket product conflicts with local printing,true,false,false,,,,,,,,CRITICAL,,,,CRITICAL,wrong_cardmarket_id,,"{""external_provenance"": [{""exact_language"": false, ""id"": 698860, ""metadata"": {""allowed_languages"": [""en"", ""jp"", ""zh-CN"", ""kr"", ""fr""]}, ""scope"": ""mixed""}], ""mismatch_reasons"": [""wrong_cardmarket_id""], ""scryfall_cardmarket_id"": null, ""stored_ids"": [698860], ""validated_stored_ids"": [698860]}",,,,
15621,one_piece,Marshall.D.Teach,ST03-014P4,stp,Store Tournaments Promos,jp,Offline Regional 2023 | Participant,Promo,,,1417,one_piece:ST03-014P4,250591,250591,,698860,,,,,,,,,,,,,,,,,,,Low,,EUR,EUR,cardmarket,698860,,2026-08-28T15:00:15.994637+00:00,"""{\""reason\"": \""Cardmarket product is not exact-language\"", \""snapshot_fingerprint\"": \""03728cbff9b513cc8f09264286ce31417cd366528d09424c2a647059c3794c54\""}""",MISMATCH,stored Cardmarket product conflicts with local printing,true,false,false,,,,,,,,CRITICAL,,,,CRITICAL,wrong_cardmarket_id,stale_price,"{""external_provenance"": [{""exact_language"": false, ""id"": 698860, ""metadata"": {""allowed_languages"": [""en"", ""jp"", ""zh-CN"", ""kr"", ""fr""]}, ""scope"": ""mixed""}], ""mismatch_reasons"": [""wrong_cardmarket_id""], ""scryfall_cardmarket_id"": null, ""stored_ids"": [698860], ""validated_stored_ids"": [698860]}",,,,
15622,one_piece,Marshall.D.Teach,ST03-014P5,stp,Store Tournaments Promos,en,Offline Regional 2023 | Finalist,Promo,,,1418,one_piece:ST03-014P5,250592,250592,,698861,,,,,,,,,,,,,,,,,,,Low,400.64,EUR,EUR,cardtrader,250592,medium,2026-08-29T12:19:30.162830+00:00,"""{\""cardmarket_exact_candidates\"": [], \""snapshot_fingerprint\"": \""1e9a0c7450cc64bc6efdeff1de884a8d355abc24e98469906c400c90eccb433b\""}""",MISMATCH,stored Cardmarket product conflicts with local printing,true,false,false,,,,,,,,CRITICAL,,,,CRITICAL,wrong_cardmarket_id,,"{""external_provenance"": [{""exact_language"": false, ""id"": 698861, ""metadata"": {""allowed_languages"": [""en"", ""jp"", ""zh-CN"", ""kr"", ""fr""]}, ""scope"": ""mixed""}], ""mismatch_reasons"": [""wrong_cardmarket_id""], ""scryfall_cardmarket_id"": null, ""stored_ids"": [698861], ""validated_stored_ids"": [698861]}",,,,
15623,one_piece,Marshall.D.Teach,ST03-014P5,stp,Store Tournaments Promos,jp,Offline Regional 2023 | Finalist,Promo,,,1418,one_piece:ST03-014P5,250592,250592,,698861,,,,,,,,,,,,,,,,,,,Low,,EUR,EUR,cardmarket,698861,,2026-08-28T15:00:15.994637+00:00,"""{\""reason\"": \""Cardmarket product is not exact-language\"", \""snapshot_fingerprint\"": \""842ababb43c229a9e4c8dc1e485683f9a4903c49645ac9772f4487579fe960e8\""}""",MISMATCH,stored Cardmarket product conflicts with local printing,true,false,false,,,,,,,,CRITICAL,,,,CRITICAL,wrong_cardmarket_id,stale_price,"{""external_provenance"": [{""exact_language"": false, ""id"": 698861, ""metadata"": {""allowed_languages"": [""en"", ""jp"", ""zh-CN"", ""kr"", ""fr""]}, ""scope"": ""mixed""}], ""mismatch_reasons"": [""wrong_cardmarket_id""], ""scryfall_cardmarket_id"": null, ""stored_ids"": [698861], ""validated_stored_ids"": [698861]}",,,,
15624,one_piece,Marshall.D.Teach,ST03-014P6,stp,Store Tournaments Promos,en,Offline Regional 2023 | Winner,Promo,,,1419,one_piece:ST03-014P6,250594,250594,,698862,,,,,,,,,,,,,,,,,,,Low,,EUR,EUR,cardmarket,698862,,2026-08-28T15:00:15.994637+00:00,"""{\""reason\"": \""Cardmarket product is not exact-language\"", \""snapshot_fingerprint\"": \""fa2ea417f59b05fe45b18adaadef36c099e5c83f2656aff46ba95540e47deba5\""}""",MISMATCH,stored Cardmarket product conflicts with local printing,true,false,false,,,,,,,,CRITICAL,,,,CRITICAL,wrong_cardmarket_id,stale_price,"{""external_provenance"": [{""exact_language"": false, ""id"": 698862, ""metadata"": {""allowed_languages"": [""en"", ""jp"", ""zh-CN"", ""kr"", ""fr""]}, ""scope"": ""mixed""}], ""mismatch_reasons"": [""wrong_cardmarket_id""], ""scryfall_cardmarket_id"": null, ""stored_ids"": [698862], ""validated_stored_ids"": [698862]}",,,,
15625,one_piece,Marshall.D.Teach,ST03-014P6,stp,Store Tournaments Promos,jp,Offline Regional 2023 | Winner,Promo,,,1419,one_piece:ST03-014P6,250594,250594,,698862,,,,,,,,,,,,,,,,,,,Low,,EUR,EUR,cardmarket,698862,,2026-08-28T15:00:15.994637+00:00,"""{\""reason\"": \""Cardmarket product is not exact-language\"", \""snapshot_fingerprint\"": \""fc9286eaaaf08e29a90b4e8101172bada5981dbcb9616d348860fbccaaedd911\""}""",MISMATCH,stored Cardmarket product conflicts with local printing,true,false,false,,,,,,,,CRITICAL,,,,CRITICAL,wrong_cardmarket_id,stale_price,"{""external_provenance"": [{""exact_language"": false, ""id"": 698862, ""metadata"": {""allowed_languages"": [""en"", ""jp"", ""zh-CN"", ""kr"", ""fr""]}, ""scope"": ""mixed""}], ""mismatch_reasons"": [""wrong_cardmarket_id""], ""scryfall_cardmarket_id"": null, ""stored_ids"": [698862], ""validated_stored_ids"": [698862]}",,,,
15627,one_piece,Trafalgar Law,OP02-035P2,stp,Store Tournaments Promos,en,Online Regional 2023 | Finalist,Promo,,,1421,one_piece:OP02-035P2,250600,250600,,696678,,,,,,,,,,,,,,,,,,,Low,,EUR,EUR,cardmarket,696678,,2026-08-29T12:19:30.162830+00:00,"""{\""reason\"": \""Cardmarket product is not exact-language\"", \""snapshot_fingerprint\"": \""9b428102cdc1b69d1cb95677fc6744d6a3d1090463b431524f05252c2c78dd30\""}""",MISMATCH,stored Cardmarket product conflicts with local printing,true,false,false,,,,,,,,CRITICAL,,,,CRITICAL,wrong_cardmarket_id,,"{""external_provenance"": [{""exact_language"": false, ""id"": 696678, ""metadata"": {""allowed_languages"": [""en"", ""jp"", ""zh-CN"", ""kr"", ""fr""]}, ""scope"": ""mixed""}], ""mismatch_reasons"": [""wrong_cardmarket_id""], ""scryfall_cardmarket_id"": null, ""stored_ids"": [696678], ""validated_stored_ids"": [696678]}",,,,
15628,one_piece,Trafalgar Law,OP02-035P2,stp,Store Tournaments Promos,jp,Online Regional 2023 | Finalist,Promo,,,1421,one_piece:OP02-035P2,250600,250600,,696678,,,,,,,,,,,,,,,,,,,Low,,EUR,EUR,cardmarket,696678,,2026-08-28T15:00:15.994637+00:00,"""{\""reason\"": \""Cardmarket product is not exact-language\"", \""snapshot_fingerprint\"": \""9d23ab9b51ec881fa8967b2404cad39048aedbaf12cba88a2b2af7c5a11879db\""}""",MISMATCH,stored Cardmarket product conflicts with local printing,true,false,false,,,,,,,,CRITICAL,,,,CRITICAL,wrong_cardmarket_id,stale_price,"{""external_provenance"": [{""exact_language"": false, ""id"": 696678, ""metadata"": {""allowed_languages"": [""en"", ""jp"", ""zh-CN"", ""kr"", ""fr""]}, ""scope"": ""mixed""}], ""mismatch_reasons"": [""wrong_cardmarket_id""], ""scryfall_cardmarket_id"": null, ""stored_ids"": [696678], ""validated_stored_ids"": [696678]}",,,,
15629,one_piece,Trafalgar Law,OP02-035P3,stp,Store Tournaments Promos,en,Online Regional 2023 | Winner,Promo,,,1422,one_piece:OP02-035P3,250601,250601,,696679,,,,,,,,,,,,,,,,,,,Low,,EUR,EUR,cardmarket,696679,,2026-08-28T15:00:15.994637+00:00,"""{\""reason\"": \""Cardmarket product is not exact-language\"", \""snapshot_fingerprint\"": \""f11fb28fe94156229fd9750f7d9e0324b5854501d5142c898b7cde23d50cb649\""}""",MISMATCH,stored Cardmarket product conflicts with local printing,true,false,false,,,,,,,,CRITICAL,,,,CRITICAL,wrong_cardmarket_id,stale_price,"{""external_provenance"": [{""exact_language"": false, ""id"": 696679, ""metadata"": {""allowed_languages"": [""en"", ""jp"", ""zh-CN"", ""kr"", ""fr""]}, ""scope"": ""mixed""}], ""mismatch_reasons"": [""wrong_cardmarket_id""], ""scryfall_cardmarket_id"": null, ""stored_ids"": [696679], ""validated_stored_ids"": [696679]}",,,,
15630,one_piece,Trafalgar Law,OP02-035P3,stp,Store Tournaments Promos,jp,Online Regional 2023 | Winner,Promo,,,1422,one_piece:OP02-035P3,250601,250601,,696679,,,,,,,,,,,,,,,,,,,Low,,EUR,EUR,cardmarket,696679,,2026-08-28T15:00:15.994637+00:00,"""{\""reason\"": \""Cardmarket product is not exact-language\"", \""snapshot_fingerprint\"": \""74385b1ba97739df7e0f8e4598384408d312dabd933a9f438aa33d5aa21a71b8\""}""",MISMATCH,stored Cardmarket product conflicts with local printing,true,false,false,,,,,,,,CRITICAL,,,,CRITICAL,wrong_cardmarket_id,stale_price,"{""external_provenance"": [{""exact_language"": false, ""id"": 696679, ""metadata"": {""allowed_languages"": [""en"", ""jp"", ""zh-CN"", ""kr"", ""fr""]}, ""scope"": ""mixed""}], ""mismatch_reasons"": [""wrong_cardmarket_id""], ""scryfall_cardmarket_id"": null, ""stored_ids"": [696679], ""validated_stored_ids"": [696679]}",,,,
15631,one_piece,Trafalgar Law,OP02-035P4,stp,Store Tournaments Promos,en,Offline Regional 2023 | Participant,Promo,,,1423,one_piece:OP02-035P4,250602,250602,,696727,,,,,,,,,,,,,,,,,,,Low,53.36,EUR,EUR,cardtrader,250602,low,2026-08-29T12:19:30.162830+00:00,"""{\""cardmarket_exact_candidates\"": [], \""snapshot_fingerprint\"": \""38782e1a04fc853967bbacffca0196703ca4232396615a08a46a668675be7fa5\""}""",MISMATCH,stored Cardmarket product conflicts with local printing,true,false,false,,,,,,,,CRITICAL,,,,CRITICAL,wrong_cardmarket_id,,"{""external_provenance"": [{""exact_language"": false, ""id"": 696727, ""metadata"": {""allowed_languages"": [""en"", ""jp"", ""zh-CN"", ""kr"", ""fr""]}, ""scope"": ""mixed""}], ""mismatch_reasons"": [""wrong_cardmarket_id""], ""scryfall_cardmarket_id"": null, ""stored_ids"": [696727], ""validated_stored_ids"": [696727]}",,,,
15632,one_piece,Trafalgar Law,OP02-035P4,stp,Store Tournaments Promos,jp,Offline Regional 2023 | Participant,Promo,,,1423,one_piece:OP02-035P4,250602,250602,,696727,,,,,,,,,,,,,,,,,,,Low,,EUR,EUR,cardmarket,696727,,2026-08-28T15:00:15.994637+00:00,"""{\""reason\"": \""Cardmarket product is not exact-language\"", \""snapshot_fingerprint\"": \""d10aaad8ba8f1bc37336146ccb466de0c6b946f7cd92d7e8a093a0a2abc12b01\""}""",MISMATCH,stored Cardmarket product conflicts with local printing,true,false,false,,,,,,,,CRITICAL,,,,CRITICAL,wrong_cardmarket_id,stale_price,"{""external_provenance"": [{""exact_language"": false, ""id"": 696727, ""metadata"": {""allowed_languages"": [""en"", ""jp"", ""zh-CN"", ""kr"", ""fr""]}, ""scope"": ""mixed""}], ""mismatch_reasons"": [""wrong_cardmarket_id""], ""scryfall_cardmarket_id"": null, ""stored_ids"": [696727], ""validated_stored_ids"": [696727]}",,,,
15633,one_piece,Trafalgar Law,OP02-035P5,stp,Store Tournaments Promos,en,Offline Regional 2023 | Finalist,Promo,,,1424,one_piece:OP02-035P5,250603,250603,,696729,,,,,,,,,,,,,,,,,,,Low,250.64,EUR,EUR,cardtrader,250603,medium,2026-08-28T15:00:15.994637+00:00,"""{\""cardmarket_exact_candidates\"": [], \""snapshot_fingerprint\"": \""b2c10d52c962693ecd711bff21dfd9dd10075ff6d58f789b7588b7ad562a928c\""}""",MISMATCH,stored Cardmarket product conflicts with local printing,true,false,false,,,,,,,,CRITICAL,,,,CRITICAL,wrong_cardmarket_id,,"{""external_provenance"": [{""exact_language"": false, ""id"": 696729, ""metadata"": {""allowed_languages"": [""en"", ""jp"", ""zh-CN"", ""kr"", ""fr""]}, ""scope"": ""mixed""}], ""mismatch_reasons"": [""wrong_cardmarket_id""], ""scryfall_cardmarket_id"": null, ""stored_ids"": [696729], ""validated_stored_ids"": [696729]}",,,,
15634,one_piece,Trafalgar Law,OP02-035P5,stp,Store Tournaments Promos,jp,Offline Regional 2023 | Finalist,Promo,,,1424,one_piece:OP02-035P5,250603,250603,,696729,,,,,,,,,,,,,,,,,,,Low,,EUR,EUR,cardmarket,696729,,2026-08-28T15:00:15.994637+00:00,"""{\""reason\"": \""Cardmarket product is not exact-language\"", \""snapshot_fingerprint\"": \""27a550a230c7317c38bb1c1dc3ac88a994465e4e1752b025c9fda0720cb59d13\""}""",MISMATCH,stored Cardmarket product conflicts with local printing,true,false,false,,,,,,,,CRITICAL,,,,CRITICAL,wrong_cardmarket_id,stale_price,"{""external_provenance"": [{""exact_language"": false, ""id"": 696729, ""metadata"": {""allowed_languages"": [""en"", ""jp"", ""zh-CN"", ""kr"", ""fr""]}, ""scope"": ""mixed""}], ""mismatch_reasons"": [""wrong_cardmarket_id""], ""scryfall_cardmarket_id"": null, ""stored_ids"": [696729], ""validated_stored_ids"": [696729]}",,,,
15635,one_piece,Trafalgar Law,OP02-035P6,stp,Store Tournaments Promos,en,Offline Regional 2023 | Winner,Promo,,,1425,one_piece:OP02-035P6,250605,250605,,696731,,,,,,,,,,,,,,,,,,,Low,,EUR,EUR,cardmarket,696731,,2026-08-28T15:00:15.994637+00:00,"""{\""reason\"": \""Cardmarket product is not exact-language\"", \""snapshot_fingerprint\"": \""9f2d2c33fe4ddc7f075f3fef4613186ccaee8cead6c9c2e421abaacecabc1812\""}""",MISMATCH,stored Cardmarket product conflicts with local printing,true,false,false,,,,,,,,CRITICAL,,,,CRITICAL,wrong_cardmarket_id,stale_price,"{""external_provenance"": [{""exact_language"": false, ""id"": 696731, ""metadata"": {""allowed_languages"": [""en"", ""jp"", ""zh-CN"", ""kr"", ""fr""]}, ""scope"": ""mixed""}], ""mismatch_reasons"": [""wrong_cardmarket_id""], ""scryfall_cardmarket_id"": null, ""stored_ids"": [696731], ""validated_stored_ids"": [696731]}",,,,
15636,one_piece,Trafalgar Law,OP02-035P6,stp,Store Tournaments Promos,jp,Offline Regional 2023 | Winner,Promo,,,1425,one_piece:OP02-035P6,250605,250605,,696731,,,,,,,,,,,,,,,,,,,Low,,EUR,EUR,cardmarket,696731,,2026-08-28T15:00:15.994637+00:00,"""{\""reason\"": \""Cardmarket product is not exact-language\"", \""snapshot_fingerprint\"": \""dd19f2e2671aed17da777511119e8332baede370660b5b58fa4ee99b9937ff78\""}""",MISMATCH,stored Cardmarket product conflicts with local printing,true,false,false,,,,,,,,CRITICAL,,,,CRITICAL,wrong_cardmarket_id,stale_price,"{""external_provenance"": [{""exact_language"": false, ""id"": 696731, ""metadata"": {""allowed_languages"": [""en"", ""jp"", ""zh-CN"", ""kr"", ""fr""]}, ""scope"": ""mixed""}], ""mismatch_reasons"": [""wrong_cardmarket_id""], ""scryfall_cardmarket_id"": null, ""stored_ids"": [696731], ""validated_stored_ids"": [696731]}",,,,
15637,one_piece,Usopp,OP01-004P2,stp,Store Tournaments Promos,en,3 on 3 Cup Promo,Promo,,,1426,one_piece:OP01-004P2,250608,250608,,717509,,,,,,,,,,,,,,,,,,,Low,,EUR,EUR,cardmarket,717509,,2026-08-28T15:00:15.994637+00:00,"""{\""reason\"": \""Cardmarket product is not exact-language\"", \""snapshot_fingerprint\"": \""7389773314051202295f3b3e3a83582b64952a1d2c23e7d0042c12a494702eb5\""}""",MISMATCH,stored Cardmarket product conflicts with local printing,true,false,false,,,,,,,,CRITICAL,,,,CRITICAL,wrong_cardmarket_id,stale_price,"{""external_provenance"": [{""exact_language"": false, ""id"": 717509, ""metadata"": {""allowed_languages"": [""en"", ""jp"", ""zh-CN"", ""kr"", ""fr""]}, ""scope"": ""mixed""}], ""mismatch_reasons"": [""wrong_cardmarket_id""], ""scryfall_cardmarket_id"": null, ""stored_ids"": [717509], ""validated_stored_ids"": [717509]}",,,,
15638,one_piece,Usopp,OP01-004P2,stp,Store Tournaments Promos,jp,3 on 3 Cup Promo,Promo,,,1426,one_piece:OP01-004P2,250608,250608,,717509,,,,,,,,,,,,,,,,,,,Low,,EUR,EUR,cardmarket,717509,,2026-08-28T15:00:15.994637+00:00,"""{\""reason\"": \""Cardmarket product is not exact-language\"", \""snapshot_fingerprint\"": \""be658027ec92ecdb88b1e97ec0684e68ea412c05d211999fd6fb5ecb2d069a80\""}""",MISMATCH,stored Cardmarket product conflicts with local printing,true,false,false,,,,,,,,CRITICAL,,,,CRITICAL,wrong_cardmarket_id,stale_price,"{""external_provenance"": [{""exact_language"": false, ""id"": 717509, ""metadata"": {""allowed_languages"": [""en"", ""jp"", ""zh-CN"", ""kr"", ""fr""]}, ""scope"": ""mixed""}], ""mismatch_reasons"": [""wrong_cardmarket_id""], ""scryfall_cardmarket_id"": null, ""stored_ids"": [717509], ""validated_stored_ids"": [717509]}",,,,
15640,one_piece,Tony Tony.Chopper,ST01-006P2,stp,Store Tournaments Promos,en,3 on 3 Cup Promo,Promo,,,1428,one_piece:ST01-006P2,250619,250619,,717513,,,,,,,,,,,,,,,,,,,Low,380.64,EUR,EUR,cardtrader,250619,low,2026-08-28T15:00:15.994637+00:00,"""{\""cardmarket_exact_candidates\"": [], \""snapshot_fingerprint\"": \""8666e7049c6aa36d9e70f92fd5ba36f69d7a68adc44da476972dbdaa695b153b\""}""",MISMATCH,stored Cardmarket product conflicts with local printing,true,false,false,,,,,,,,CRITICAL,,,,CRITICAL,wrong_cardmarket_id,,"{""external_provenance"": [{""exact_language"": false, ""id"": 717513, ""metadata"": {""allowed_languages"": [""en"", ""jp"", ""zh-CN"", ""kr"", ""fr""]}, ""scope"": ""mixed""}], ""mismatch_reasons"": [""wrong_cardmarket_id""], ""scryfall_cardmarket_id"": null, ""stored_ids"": [717513], ""validated_stored_ids"": [717513]}",,,,
15641,one_piece,Tony Tony.Chopper,ST01-006P2,stp,Store Tournaments Promos,jp,3 on 3 Cup Promo,Promo,,,1428,one_piece:ST01-006P2,250619,250619,,717513,,,,,,,,,,,,,,,,,,,Low,,EUR,EUR,cardmarket,717513,,2026-08-28T15:00:15.994637+00:00,"""{\""reason\"": \""Cardmarket product is not exact-language\"", \""snapshot_fingerprint\"": \""1c35760d58857c70dddfde251cb7a8ccd0c9055ee5bcb4342405eba8ee36fad2\""}""",MISMATCH,stored Cardmarket product conflicts with local printing,true,false,false,,,,,,,,CRITICAL,,,,CRITICAL,wrong_cardmarket_id,stale_price,"{""external_provenance"": [{""exact_language"": false, ""id"": 717513, ""metadata"": {""allowed_languages"": [""en"", ""jp"", ""zh-CN"", ""kr"", ""fr""]}, ""scope"": ""mixed""}], ""mismatch_reasons"": [""wrong_cardmarket_id""], ""scryfall_cardmarket_id"": null, ""stored_ids"": [717513], ""validated_stored_ids"": [717513]}",,,,
15650,one_piece,Otama,OP01-006P2,stp,Store Tournaments Promos,en,Online Regional 2023 | Finalist,Promo,,,1437,one_piece:OP01-006P2,273093,273093,,729828,,,,,,,,,,,,,,,,,,,Low,375.64,EUR,EUR,cardtrader,273093,low,2026-08-28T15:00:15.994637+00:00,"""{\""cardmarket_exact_candidates\"": [], \""snapshot_fingerprint\"": \""3f4ee8200559cfa3cc131f086b053ebd6ead2c5a87d1a48d61bc07b62c0e0eb6\""}""",MISMATCH,stored Cardmarket product conflicts with local printing,true,false,false,,,,,,,,CRITICAL,,,,CRITICAL,wrong_cardmarket_id,,"{""external_provenance"": [{""exact_language"": false, ""id"": 729828, ""metadata"": {""allowed_languages"": [""en"", ""jp"", ""zh-CN"", ""kr"", ""fr""]}, ""scope"": ""mixed""}], ""mismatch_reasons"": [""wrong_cardmarket_id""], ""scryfall_cardmarket_id"": null, ""stored_ids"": [729828], ""validated_stored_ids"": [729828]}",,,,
15651,one_piece,Otama,OP01-006P2,stp,Store Tournaments Promos,jp,Online Regional 2023 | Finalist,Promo,,,1437,one_piece:OP01-006P2,273093,273093,,729828,,,,,,,,,,,,,,,,,,,Low,,EUR,EUR,cardmarket,729828,,2026-08-28T15:00:15.994637+00:00,"""{\""reason\"": \""Cardmarket product is not exact-language\"", \""snapshot_fingerprint\"": \""17d59651010b737ab8f8b56ee479f1ad4571e6a33a586e15fcbc01c83a4082f0\""}""",MISMATCH,stored Cardmarket product conflicts with local printing,true,false,false,,,,,,,,CRITICAL,,,,CRITICAL,wrong_cardmarket_id,stale_price,"{""external_provenance"": [{""exact_language"": false, ""id"": 729828, ""metadata"": {""allowed_languages"": [""en"", ""jp"", ""zh-CN"", ""kr"", ""fr""]}, ""scope"": ""mixed""}], ""mismatch_reasons"": [""wrong_cardmarket_id""], ""scryfall_cardmarket_id"": null, ""stored_ids"": [729828], ""validated_stored_ids"": [729828]}",,,,
15672,one_piece,Brannew,OP03-089W,stp,Store Tournaments Promos,en,Online Regional 2024 | Winner,Promo,,,1449,one_piece:OP03-089W,282202,282202,,762642,,,,,,,,,,,,,,,,,,,Low,2000.64,EUR,EUR,cardtrader,282202,low,2026-08-28T15:00:15.994637+00:00,"""{\""cardmarket_exact_candidates\"": [], \""snapshot_fingerprint\"": \""5c9bf8a0cb605144d22acca0fa74f63f351c3df8a48fafac73512aaaf9374e3c\""}""",MISMATCH,stored Cardmarket product conflicts with local printing,true,false,false,,,,,,,,CRITICAL,,,,CRITICAL,wrong_cardmarket_id,,"{""external_provenance"": [{""exact_language"": false, ""id"": 762642, ""metadata"": {""allowed_languages"": [""en"", ""jp"", ""zh-CN"", ""kr"", ""fr""]}, ""scope"": ""mixed""}], ""mismatch_reasons"": [""wrong_cardmarket_id""], ""scryfall_cardmarket_id"": null, ""stored_ids"": [762642], ""validated_stored_ids"": [762642]}",,,,
15673,one_piece,Brannew,OP03-089W,stp,Store Tournaments Promos,jp,Online Regional 2024 | Winner,Promo,,,1449,one_piece:OP03-089W,282202,282202,,762642,,,,,,,,,,,,,,,,,,,Low,,EUR,EUR,cardmarket,762642,,2026-08-28T15:00:15.994637+00:00,"""{\""reason\"": \""Cardmarket product is not exact-language\"", \""snapshot_fingerprint\"": \""6fbcffc0bd0f4074aff31414ffd553854e2be3cee806bfd503f55d7a2440f760\""}""",MISMATCH,stored Cardmarket product conflicts with local printing,true,false,false,,,,,,,,CRITICAL,,,,CRITICAL,wrong_cardmarket_id,stale_price,"{""external_provenance"": [{""exact_language"": false, ""id"": 762642, ""metadata"": {""allowed_languages"": [""en"", ""jp"", ""zh-CN"", ""kr"", ""fr""]}, ""scope"": ""mixed""}], ""mismatch_reasons"": [""wrong_cardmarket_id""], ""scryfall_cardmarket_id"": null, ""stored_ids"": [762642], ""validated_stored_ids"": [762642]}",,,,
15674,one_piece,Brannew,OP03-089F,stp,Store Tournaments Promos,en,Online Regional 2024 | Finalist,Promo,,,1450,one_piece:OP03-089F,282203,282203,,762641,,,,,,,,,,,,,,,,,,,Low,191.92,EUR,EUR,cardtrader,282203,low,2026-08-29T12:19:30.162830+00:00,"""{\""cardmarket_exact_candidates\"": [], \""snapshot_fingerprint\"": \""a8c2d2755ea10eb49120f58c39ba525487b1750be839a204a4c8c4dbc0da20e8\""}""",MISMATCH,stored Cardmarket product conflicts with local printing,true,false,false,,,,,,,,CRITICAL,,,,CRITICAL,wrong_cardmarket_id,,"{""external_provenance"": [{""exact_language"": false, ""id"": 762641, ""metadata"": {""allowed_languages"": [""en"", ""jp"", ""zh-CN"", ""kr"", ""fr""]}, ""scope"": ""mixed""}], ""mismatch_reasons"": [""wrong_cardmarket_id""], ""scryfall_cardmarket_id"": null, ""stored_ids"": [762641], ""validated_stored_ids"": [762641]}",,,,
15675,one_piece,Brannew,OP03-089F,stp,Store Tournaments Promos,jp,Online Regional 2024 | Finalist,Promo,,,1450,one_piece:OP03-089F,282203,282203,,762641,,,,,,,,,,,,,,,,,,,Low,,EUR,EUR,cardmarket,762641,,2026-08-28T15:00:15.994637+00:00,"""{\""reason\"": \""Cardmarket product is not exact-language\"", \""snapshot_fingerprint\"": \""20caa16574f10720a7a4dac0d919efe4958ddd79a1f85ed2a46f0687b76e9ed9\""}""",MISMATCH,stored Cardmarket product conflicts with local printing,true,false,false,,,,,,,,CRITICAL,,,,CRITICAL,wrong_cardmarket_id,stale_price,"{""external_provenance"": [{""exact_language"": false, ""id"": 762641, ""metadata"": {""allowed_languages"": [""en"", ""jp"", ""zh-CN"", ""kr"", ""fr""]}, ""scope"": ""mixed""}], ""mismatch_reasons"": [""wrong_cardmarket_id""], ""scryfall_cardmarket_id"": null, ""stored_ids"": [762641], ""validated_stored_ids"": [762641]}",,,,
15678,one_piece,Sanji,OP03-102F,stp,Store Tournaments Promos,en,Online Regional 2024 | Finalist,Promo,,,1453,one_piece:OP03-102F,282206,282206,,762644,,,,,,,,,,,,,,,,,,,Low,1450.64,EUR,EUR,cardtrader,282206,low,2026-08-29T12:19:30.162830+00:00,"""{\""cardmarket_exact_candidates\"": [], \""snapshot_fingerprint\"": \""6dc386a1172f0a4da102a559764f927a2b4507f42649e4b6c82c60e148397301\""}""",MISMATCH,stored Cardmarket product conflicts with local printing,true,false,false,,,,,,,,CRITICAL,,,,CRITICAL,wrong_cardmarket_id,,"{""external_provenance"": [{""exact_language"": false, ""id"": 762644, ""metadata"": {""allowed_languages"": [""en"", ""jp"", ""zh-CN"", ""kr"", ""fr""]}, ""scope"": ""mixed""}], ""mismatch_reasons"": [""wrong_cardmarket_id""], ""scryfall_cardmarket_id"": null, ""stored_ids"": [762644], ""validated_stored_ids"": [762644]}",,,,
15679,one_piece,Sanji,OP03-102F,stp,Store Tournaments Promos,jp,Online Regional 2024 | Finalist,Promo,,,1453,one_piece:OP03-102F,282206,282206,,762644,,,,,,,,,,,,,,,,,,,Low,,EUR,EUR,cardmarket,762644,,2026-08-28T15:00:15.994637+00:00,"""{\""reason\"": \""Cardmarket product is not exact-language\"", \""snapshot_fingerprint\"": \""c85008b4d9ec258a685aadb6a254d91fc3a830a23f3de03f8a47de04e8bc605c\""}""",MISMATCH,stored Cardmarket product conflicts with local printing,true,false,false,,,,,,,,CRITICAL,,,,CRITICAL,wrong_cardmarket_id,stale_price,"{""external_provenance"": [{""exact_language"": false, ""id"": 762644, ""metadata"": {""allowed_languages"": [""en"", ""jp"", ""zh-CN"", ""kr"", ""fr""]}, ""scope"": ""mixed""}], ""mismatch_reasons"": [""wrong_cardmarket_id""], ""scryfall_cardmarket_id"": null, ""stored_ids"": [762644], ""validated_stored_ids"": [762644]}",,,,
15680,one_piece,Sanji,OP03-102P,stp,Store Tournaments Promos,en,Online Regional 2024 | Participant,Promo,,,1454,one_piece:OP03-102P,282207,282207,,762643,,,,,,,,,,,,,,,,,,,Low,33.51,EUR,EUR,cardtrader,282207,medium,2026-08-29T12:19:30.162830+00:00,"""{\""cardmarket_exact_candidates\"": [], \""snapshot_fingerprint\"": \""08936938adaa26a1bcb3fa7126cfa4333f134a5eb10ea6582cece2adaf4f2bb4\""}""",MISMATCH,stored Cardmarket product conflicts with local printing,true,false,false,,,,,,,,CRITICAL,,,,CRITICAL,wrong_cardmarket_id,,"{""external_provenance"": [{""exact_language"": false, ""id"": 762643, ""metadata"": {""allowed_languages"": [""en"", ""jp"", ""zh-CN"", ""kr"", ""fr""]}, ""scope"": ""mixed""}], ""mismatch_reasons"": [""wrong_cardmarket_id""], ""scryfall_cardmarket_id"": null, ""stored_ids"": [762643], ""validated_stored_ids"": [762643]}",,,,
15681,one_piece,Sanji,OP03-102P,stp,Store Tournaments Promos,jp,Online Regional 2024 | Participant,Promo,,,1454,one_piece:OP03-102P,282207,282207,,762643,,,,,,,,,,,,,,,,,,,Low,,EUR,EUR,cardmarket,762643,,2026-08-28T15:00:15.994637+00:00,"""{\""reason\"": \""Cardmarket product is not exact-language\"", \""snapshot_fingerprint\"": \""294e0d33a1330af3cb332dbf5a92337b9b3b614acadb349e9d9b4cfc984b281e\""}""",MISMATCH,stored Cardmarket product conflicts with local printing,true,false,false,,,,,,,,CRITICAL,,,,CRITICAL,wrong_cardmarket_id,stale_price,"{""external_provenance"": [{""exact_language"": false, ""id"": 762643, ""metadata"": {""allowed_languages"": [""en"", ""jp"", ""zh-CN"", ""kr"", ""fr""]}, ""scope"": ""mixed""}], ""mismatch_reasons"": [""wrong_cardmarket_id""], ""scryfall_cardmarket_id"": null, ""stored_ids"": [762643], ""validated_stored_ids"": [762643]}",,,,
15682,one_piece,Scratchmen Apoo,ST02-008W,stp,Store Tournaments Promos,en,Regional 2024 | Winner,Promo,,,1455,one_piece:ST02-008W,282208,282208,,762648,,,,,,,,,,,,,,,,,,,Low,1800.64,EUR,EUR,cardtrader,282208,low,2026-08-28T15:00:15.994637+00:00,"""{\""cardmarket_exact_candidates\"": [], \""snapshot_fingerprint\"": \""3ddc3ccbf2c2bc7f0f329fd45aaa7f01308e46110a0abde0476ec1c90849af0d\""}""",MISMATCH,stored Cardmarket product conflicts with local printing,true,false,false,,,,,,,,CRITICAL,,,,CRITICAL,wrong_cardmarket_id,,"{""external_provenance"": [{""exact_language"": false, ""id"": 762648, ""metadata"": {""allowed_languages"": [""en"", ""jp"", ""zh-CN"", ""kr"", ""fr""]}, ""scope"": ""mixed""}], ""mismatch_reasons"": [""wrong_cardmarket_id""], ""scryfall_cardmarket_id"": null, ""stored_ids"": [762648], ""validated_stored_ids"": [762648]}",,,,
15683,one_piece,Scratchmen Apoo,ST02-008W,stp,Store Tournaments Promos,jp,Regional 2024 | Winner,Promo,,,1455,one_piece:ST02-008W,282208,282208,,762648,,,,,,,,,,,,,,,,,,,Low,,EUR,EUR,cardmarket,762648,,2026-08-28T15:00:15.994637+00:00,"""{\""reason\"": \""Cardmarket product is not exact-language\"", \""snapshot_fingerprint\"": \""b60f69254ca5444ff66aacd41e14e2425410ac8338d899e164b45754af19cfe2\""}""",MISMATCH,stored Cardmarket product conflicts with local printing,true,false,false,,,,,,,,CRITICAL,,,,CRITICAL,wrong_cardmarket_id,stale_price,"{""external_provenance"": [{""exact_language"": false, ""id"": 762648, ""metadata"": {""allowed_languages"": [""en"", ""jp"", ""zh-CN"", ""kr"", ""fr""]}, ""scope"": ""mixed""}], ""mismatch_reasons"": [""wrong_cardmarket_id""], ""scryfall_cardmarket_id"": null, ""stored_ids"": [762648], ""validated_stored_ids"": [762648]}",,,,
15687,one_piece,Gum-Gum Jet Pistol,ST01-015F,stp,Store Tournaments Promos,en,Regional 2024 | Finalist,Promo,,,1459,one_piece:ST01-015F,282212,282212,,762650,,,,,,,,,,,,,,,,,,,Low,490.64,EUR,EUR,cardtrader,282212,medium,2026-08-29T12:19:30.162830+00:00,"""{\""cardmarket_exact_candidates\"": [], \""snapshot_fingerprint\"": \""56fa0e81fbfd48c6c9c2993a39893503d0a0df0104f0c07f377ab56ec9fb29a7\""}""",MISMATCH,stored Cardmarket product conflicts with local printing,true,false,false,,,,,,,,CRITICAL,,,,CRITICAL,wrong_cardmarket_id,,"{""external_provenance"": [{""exact_language"": false, ""id"": 762650, ""metadata"": {""allowed_languages"": [""en"", ""jp"", ""zh-CN"", ""kr"", ""fr""]}, ""scope"": ""mixed""}], ""mismatch_reasons"": [""wrong_cardmarket_id""], ""scryfall_cardmarket_id"": null, ""stored_ids"": [762650], ""validated_stored_ids"": [762650]}",,,,
15688,one_piece,Gum-Gum Jet Pistol,ST01-015F,stp,Store Tournaments Promos,jp,Regional 2024 | Finalist,Promo,,,1459,one_piece:ST01-015F,282212,282212,,762650,,,,,,,,,,,,,,,,,,,Low,,EUR,EUR,cardmarket,762650,,2026-08-28T15:00:15.994637+00:00,"""{\""reason\"": \""Cardmarket product is not exact-language\"", \""snapshot_fingerprint\"": \""800a5b260e73f1ee19a820c4ef001c93e2e1252a5ff5a28ff9c4c59ee1fc1a83\""}""",MISMATCH,stored Cardmarket product conflicts with local printing,true,false,false,,,,,,,,CRITICAL,,,,CRITICAL,wrong_cardmarket_id,stale_price,"{""external_provenance"": [{""exact_language"": false, ""id"": 762650, ""metadata"": {""allowed_languages"": [""en"", ""jp"", ""zh-CN"", ""kr"", ""fr""]}, ""scope"": ""mixed""}], ""mismatch_reasons"": [""wrong_cardmarket_id""], ""scryfall_cardmarket_id"": null, ""stored_ids"": [762650], ""validated_stored_ids"": [762650]}",,,,
15690,one_piece,Kuroobi,OP03-026W,stp,Store Tournaments Promos,en,Offline Regional 2023 | Winner,Promo,,,1461,one_piece:OP03-026W,282214,282214,,729835,,,,,,,,,,,,,,,,,,,Low,,EUR,EUR,cardmarket,729835,,2026-08-28T15:00:15.994637+00:00,"""{\""reason\"": \""Cardmarket product is not exact-language\"", \""snapshot_fingerprint\"": \""8a5bb5de8a72300fbec910a35a9198136927072eb5807bec6234aba88b88f2bc\""}""",MISMATCH,stored Cardmarket product conflicts with local printing,true,false,false,,,,,,,,CRITICAL,,,,CRITICAL,wrong_cardmarket_id,stale_price,"{""external_provenance"": [{""exact_language"": false, ""id"": 729835, ""metadata"": {""allowed_languages"": [""en"", ""jp"", ""zh-CN"", ""kr"", ""fr""]}, ""scope"": ""mixed""}], ""mismatch_reasons"": [""wrong_cardmarket_id""], ""scryfall_cardmarket_id"": null, ""stored_ids"": [729835], ""validated_stored_ids"": [729835]}",,,,
15691,one_piece,Kuroobi,OP03-026W,stp,Store Tournaments Promos,jp,Offline Regional 2023 | Winner,Promo,,,1461,one_piece:OP03-026W,282214,282214,,729835,,,,,,,,,,,,,,,,,,,Low,,EUR,EUR,cardmarket,729835,,2026-08-28T15:00:15.994637+00:00,"""{\""reason\"": \""Cardmarket product is not exact-language\"", \""snapshot_fingerprint\"": \""6c9a57a77236263beca4ec06d71cb338161526b9789b3e9b7d7a12ac1461208f\""}""",MISMATCH,stored Cardmarket product conflicts with local printing,true,false,false,,,,,,,,CRITICAL,,,,CRITICAL,wrong_cardmarket_id,stale_price,"{""external_provenance"": [{""exact_language"": false, ""id"": 729835, ""metadata"": {""allowed_languages"": [""en"", ""jp"", ""zh-CN"", ""kr"", ""fr""]}, ""scope"": ""mixed""}], ""mismatch_reasons"": [""wrong_cardmarket_id""], ""scryfall_cardmarket_id"": null, ""stored_ids"": [729835], ""validated_stored_ids"": [729835]}",,,,
15692,one_piece,Kuroobi,OP03-026F,stp,Store Tournaments Promos,en,Offline Regional 2023 | Finalist,Promo,,,1462,one_piece:OP03-026F,282215,282215,,729834,,,,,,,,,,,,,,,,,,,Low,55.64,EUR,EUR,cardtrader,282215,low,2026-08-29T12:19:30.162830+00:00,"""{\""cardmarket_exact_candidates\"": [], \""snapshot_fingerprint\"": \""fe63c65555707526c87c79ca9afd6279cc1f9472d51f10210abb05a6e01d991c\""}""",MISMATCH,stored Cardmarket product conflicts with local printing,true,false,false,,,,,,,,CRITICAL,,,,CRITICAL,wrong_cardmarket_id,,"{""external_provenance"": [{""exact_language"": false, ""id"": 729834, ""metadata"": {""allowed_languages"": [""en"", ""jp"", ""zh-CN"", ""kr"", ""fr""]}, ""scope"": ""mixed""}], ""mismatch_reasons"": [""wrong_cardmarket_id""], ""scryfall_cardmarket_id"": null, ""stored_ids"": [729834], ""validated_stored_ids"": [729834]}",,,,
15693,one_piece,Kuroobi,OP03-026F,stp,Store Tournaments Promos,jp,Offline Regional 2023 | Finalist,Promo,,,1462,one_piece:OP03-026F,282215,282215,,729834,,,,,,,,,,,,,,,,,,,Low,,EUR,EUR,cardmarket,729834,,2026-08-28T15:00:15.994637+00:00,"""{\""reason\"": \""Cardmarket product is not exact-language\"", \""snapshot_fingerprint\"": \""87563ecdf24fcd3b455ac8b6fbeef95dfad1ccc417619b57c486d9c60fd63339\""}""",MISMATCH,stored Cardmarket product conflicts with local printing,true,false,false,,,,,,,,CRITICAL,,,,CRITICAL,wrong_cardmarket_id,stale_price,"{""external_provenance"": [{""exact_language"": false, ""id"": 729834, ""metadata"": {""allowed_languages"": [""en"", ""jp"", ""zh-CN"", ""kr"", ""fr""]}, ""scope"": ""mixed""}], ""mismatch_reasons"": [""wrong_cardmarket_id""], ""scryfall_cardmarket_id"": null, ""stored_ids"": [729834], ""validated_stored_ids"": [729834]}",,,,
15695,one_piece,Minorhinoceros,OP03-069W,stp,Store Tournaments Promos,en,Offline Regional 2023 | Winner,Promo,,,1464,one_piece:OP03-069W,282217,282217,,729838,,,,,,,,,,,,,,,,,,,Low,,EUR,EUR,cardmarket,729838,,2026-08-28T15:00:15.994637+00:00,"""{\""reason\"": \""Cardmarket product is not exact-language\"", \""snapshot_fingerprint\"": \""e6ee0853fa06bc8680bbd67562b91fbc88dc1dac7def2f22fa6e02c25daf5f76\""}""",MISMATCH,stored Cardmarket product conflicts with local printing,true,false,false,,,,,,,,CRITICAL,,,,CRITICAL,wrong_cardmarket_id,stale_price,"{""external_provenance"": [{""exact_language"": false, ""id"": 729838, ""metadata"": {""allowed_languages"": [""en"", ""jp"", ""zh-CN"", ""kr"", ""fr""]}, ""scope"": ""mixed""}], ""mismatch_reasons"": [""wrong_cardmarket_id""], ""scryfall_cardmarket_id"": null, ""stored_ids"": [729838], ""validated_stored_ids"": [729838]}",,,,
15696,one_piece,Minorhinoceros,OP03-069W,stp,Store Tournaments Promos,jp,Offline Regional 2023 | Winner,Promo,,,1464,one_piece:OP03-069W,282217,282217,,729838,,,,,,,,,,,,,,,,,,,Low,,EUR,EUR,cardmarket,729838,,2026-08-28T15:00:15.994637+00:00,"""{\""reason\"": \""Cardmarket product is not exact-language\"", \""snapshot_fingerprint\"": \""25053965a930760164ee1c1a2b20ad0d8ac8676622f69402695507bb98259470\""}""",MISMATCH,stored Cardmarket product conflicts with local printing,true,false,false,,,,,,,,CRITICAL,,,,CRITICAL,wrong_cardmarket_id,stale_price,"{""external_provenance"": [{""exact_language"": false, ""id"": 729838, ""metadata"": {""allowed_languages"": [""en"", ""jp"", ""zh-CN"", ""kr"", ""fr""]}, ""scope"": ""mixed""}], ""mismatch_reasons"": [""wrong_cardmarket_id""], ""scryfall_cardmarket_id"": null, ""stored_ids"": [729838], ""validated_stored_ids"": [729838]}",,,,
15697,one_piece,Minorhinoceros,OP03-069F,stp,Store Tournaments Promos,en,Offline Regional 2023 | Finalist,Promo,,,1465,one_piece:OP03-069F,282218,282218,,729837,,,,,,,,,,,,,,,,,,,Low,,EUR,EUR,cardmarket,729837,,2026-08-28T15:00:15.994637+00:00,"""{\""reason\"": \""Cardmarket product is not exact-language\"", \""snapshot_fingerprint\"": \""940e765405e0f3522877e72f6d2ecd5c82290a41444780062a0ea24839bc0f42\""}""",MISMATCH,stored Cardmarket product conflicts with local printing,true,false,false,,,,,,,,CRITICAL,,,,CRITICAL,wrong_cardmarket_id,stale_price,"{""external_provenance"": [{""exact_language"": false, ""id"": 729837, ""metadata"": {""allowed_languages"": [""en"", ""jp"", ""zh-CN"", ""kr"", ""fr""]}, ""scope"": ""mixed""}], ""mismatch_reasons"": [""wrong_cardmarket_id""], ""scryfall_cardmarket_id"": null, ""stored_ids"": [729837], ""validated_stored_ids"": [729837]}",,,,
15698,one_piece,Minorhinoceros,OP03-069F,stp,Store Tournaments Promos,jp,Offline Regional 2023 | Finalist,Promo,,,1465,one_piece:OP03-069F,282218,282218,,729837,,,,,,,,,,,,,,,,,,,Low,,EUR,EUR,cardmarket,729837,,2026-08-28T15:00:15.994637+00:00,"""{\""reason\"": \""Cardmarket product is not exact-language\"", \""snapshot_fingerprint\"": \""57af4178ba41db3bd81cceb9d48c6231a1b7d9f179ce6c2e130f880bc61d06d9\""}""",MISMATCH,stored Cardmarket product conflicts with local printing,true,false,false,,,,,,,,CRITICAL,,,,CRITICAL,wrong_cardmarket_id,stale_price,"{""external_provenance"": [{""exact_language"": false, ""id"": 729837, ""metadata"": {""allowed_languages"": [""en"", ""jp"", ""zh-CN"", ""kr"", ""fr""]}, ""scope"": ""mixed""}], ""mismatch_reasons"": [""wrong_cardmarket_id""], ""scryfall_cardmarket_id"": null, ""stored_ids"": [729837], ""validated_stored_ids"": [729837]}",,,,
15701,one_piece,Crocodile,OP02-053F,stp,Store Tournaments Promos,en,Offline Regional 2023 | Finalist,Promo,,,1468,one_piece:OP02-053F,282221,282221,,729831,,,,,,,,,,,,,,,,,,,Low,400.64,EUR,EUR,cardtrader,282221,low,2026-08-28T15:00:15.994637+00:00,"""{\""cardmarket_exact_candidates\"": [], \""snapshot_fingerprint\"": \""6048bf7d5f99cf2c25289bc34d799873faa6dbaedadc8dd1090d39d14a07b183\""}""",MISMATCH,stored Cardmarket product conflicts with local printing,true,false,false,,,,,,,,CRITICAL,,,,CRITICAL,wrong_cardmarket_id,,"{""external_provenance"": [{""exact_language"": false, ""id"": 729831, ""metadata"": {""allowed_languages"": [""en"", ""jp"", ""zh-CN"", ""kr"", ""fr""]}, ""scope"": ""mixed""}], ""mismatch_reasons"": [""wrong_cardmarket_id""], ""scryfall_cardmarket_id"": null, ""stored_ids"": [729831], ""validated_stored_ids"": [729831]}",,,,
15702,one_piece,Crocodile,OP02-053F,stp,Store Tournaments Promos,jp,Offline Regional 2023 | Finalist,Promo,,,1468,one_piece:OP02-053F,282221,282221,,729831,,,,,,,,,,,,,,,,,,,Low,,EUR,EUR,cardmarket,729831,,2026-08-28T15:00:15.994637+00:00,"""{\""reason\"": \""Cardmarket product is not exact-language\"", \""snapshot_fingerprint\"": \""82be6871d6447a5d6f28139f54a3b31e022147a2ec251a386381be4a679e6c77\""}""",MISMATCH,stored Cardmarket product conflicts with local printing,true,false,false,,,,,,,,CRITICAL,,,,CRITICAL,wrong_cardmarket_id,stale_price,"{""external_provenance"": [{""exact_language"": false, ""id"": 729831, ""metadata"": {""allowed_languages"": [""en"", ""jp"", ""zh-CN"", ""kr"", ""fr""]}, ""scope"": ""mixed""}], ""mismatch_reasons"": [""wrong_cardmarket_id""], ""scryfall_cardmarket_id"": null, ""stored_ids"": [729831], ""validated_stored_ids"": [729831]}",,,,
15705,one_piece,Charlotte Chiffon,OP03-109F,stp,Store Tournaments Promos,en,Offline Regional 2023 | Finalist,Promo,,,1471,one_piece:OP03-109F,282224,282224,,729843,,,,,,,,,,,,,,,,,,,Low,245.59,EUR,EUR,cardtrader,282224,low,2026-08-28T15:00:15.994637+00:00,"""{\""cardmarket_exact_candidates\"": [], \""snapshot_fingerprint\"": \""2f1252067e846e39ec0660a5cabdcb4c6c3e745c4c840eb083e62675db4a874c\""}""",MISMATCH,stored Cardmarket product conflicts with local printing,true,false,false,,,,,,,,CRITICAL,,,,CRITICAL,wrong_cardmarket_id,,"{""external_provenance"": [{""exact_language"": false, ""id"": 729843, ""metadata"": {""allowed_languages"": [""en"", ""jp"", ""zh-CN"", ""kr"", ""fr""]}, ""scope"": ""mixed""}], ""mismatch_reasons"": [""wrong_cardmarket_id""], ""scryfall_cardmarket_id"": null, ""stored_ids"": [729843], ""validated_stored_ids"": [729843]}",,,,
15706,one_piece,Charlotte Chiffon,OP03-109F,stp,Store Tournaments Promos,jp,Offline Regional 2023 | Finalist,Promo,,,1471,one_piece:OP03-109F,282224,282224,,729843,,,,,,,,,,,,,,,,,,,Low,,EUR,EUR,cardmarket,729843,,2026-08-28T15:00:15.994637+00:00,"""{\""reason\"": \""Cardmarket product is not exact-language\"", \""snapshot_fingerprint\"": \""288d27accf058016f7231c4205b4fc67d5bec1ed2ed4aa7b64d8131176d645a4\""}""",MISMATCH,stored Cardmarket product conflicts with local printing,true,false,false,,,,,,,,CRITICAL,,,,CRITICAL,wrong_cardmarket_id,stale_price,"{""external_provenance"": [{""exact_language"": false, ""id"": 729843, ""metadata"": {""allowed_languages"": [""en"", ""jp"", ""zh-CN"", ""kr"", ""fr""]}, ""scope"": ""mixed""}], ""mismatch_reasons"": [""wrong_cardmarket_id""], ""scryfall_cardmarket_id"": null, ""stored_ids"": [729843], ""validated_stored_ids"": [729843]}",,,,
15733,one_piece,Monkey.D.Luffy,P-041F,stp,Store Tournaments Promos,en,Online Regional 2024 | Finalist,Promo,,,1487,one_piece:P-041F,290973,290973,,766647,,,,,,,,,,,,,,,,,,,Low,1750.64,EUR,EUR,cardtrader,290973,medium,2026-08-28T15:00:15.994637+00:00,"""{\""cardmarket_exact_candidates\"": [], \""snapshot_fingerprint\"": \""fc6b7339e6eb4f17328a99e813ef09454982426aee6888d2c34c877b08c3c2aa\""}""",MISMATCH,stored Cardmarket product conflicts with local printing,true,false,false,,,,,,,,CRITICAL,,,,CRITICAL,wrong_cardmarket_id,,"{""external_provenance"": [{""exact_language"": false, ""id"": 766647, ""metadata"": {""allowed_languages"": [""en"", ""jp"", ""zh-CN"", ""kr"", ""fr""]}, ""scope"": ""mixed""}], ""mismatch_reasons"": [""wrong_cardmarket_id""], ""scryfall_cardmarket_id"": null, ""stored_ids"": [766647], ""validated_stored_ids"": [766647]}",,,,
15734,one_piece,Monkey.D.Luffy,P-041F,stp,Store Tournaments Promos,jp,Online Regional 2024 | Finalist,Promo,,,1487,one_piece:P-041F,290973,290973,,766647,,,,,,,,,,,,,,,,,,,Low,,EUR,EUR,cardmarket,766647,,2026-08-28T15:00:15.994637+00:00,"""{\""reason\"": \""Cardmarket product is not exact-language\"", \""snapshot_fingerprint\"": \""bb931ad709031a7d4c6fc548ed69babc06e5154cd2a5c4def7aaf5f2931fbd16\""}""",MISMATCH,stored Cardmarket product conflicts with local printing,true,false,false,,,,,,,,CRITICAL,,,,CRITICAL,wrong_cardmarket_id,stale_price,"{""external_provenance"": [{""exact_language"": false, ""id"": 766647, ""metadata"": {""allowed_languages"": [""en"", ""jp"", ""zh-CN"", ""kr"", ""fr""]}, ""scope"": ""mixed""}], ""mismatch_reasons"": [""wrong_cardmarket_id""], ""scryfall_cardmarket_id"": null, ""stored_ids"": [766647], ""validated_stored_ids"": [766647]}",,,,
15735,one_piece,Monkey.D.Luffy,P-041W,stp,Store Tournaments Promos,en,Online Regional 2024 | Winner,Promo,,,1488,one_piece:P-041W,290974,290974,,766648,,,,,,,,,,,,,,,,,,,Low,,EUR,EUR,cardmarket,766648,,2026-08-28T15:00:15.994637+00:00,"""{\""reason\"": \""Cardmarket product is not exact-language\"", \""snapshot_fingerprint\"": \""fd5a9ea27ffa9fb62a586c0b87f5ecbcdf8956791d4bf9eb6affb90c391a2e0d\""}""",MISMATCH,stored Cardmarket product conflicts with local printing,true,false,false,,,,,,,,CRITICAL,,,,CRITICAL,wrong_cardmarket_id,stale_price,"{""external_provenance"": [{""exact_language"": false, ""id"": 766648, ""metadata"": {""allowed_languages"": [""en"", ""jp"", ""zh-CN"", ""kr"", ""fr""]}, ""scope"": ""mixed""}], ""mismatch_reasons"": [""wrong_cardmarket_id""], ""scryfall_cardmarket_id"": null, ""stored_ids"": [766648], ""validated_stored_ids"": [766648]}",,,,
15736,one_piece,Monkey.D.Luffy,P-041W,stp,Store Tournaments Promos,jp,Online Regional 2024 | Winner,Promo,,,1488,one_piece:P-041W,290974,290974,,766648,,,,,,,,,,,,,,,,,,,Low,,EUR,EUR,cardmarket,766648,,2026-08-28T15:00:15.994637+00:00,"""{\""reason\"": \""Cardmarket product is not exact-language\"", \""snapshot_fingerprint\"": \""51262a89875b68c0b9e44a843e0d3ba52c6164197e7d9e036de772ec16dd52df\""}""",MISMATCH,stored Cardmarket product conflicts with local printing,true,false,false,,,,,,,,CRITICAL,,,,CRITICAL,wrong_cardmarket_id,stale_price,"{""external_provenance"": [{""exact_language"": false, ""id"": 766648, ""metadata"": {""allowed_languages"": [""en"", ""jp"", ""zh-CN"", ""kr"", ""fr""]}, ""scope"": ""mixed""}], ""mismatch_reasons"": [""wrong_cardmarket_id""], ""scryfall_cardmarket_id"": null, ""stored_ids"": [766648], ""validated_stored_ids"": [766648]}",,,,
15751,one_piece,"Eustass""Captain""Kid",P-003F,stp,Store Tournaments Promos,en,Online Regional 2024 | Finalist,Promo,,,1496,one_piece:P-003F,290982,290982,,766642,,,,,,,,,,,,,,,,,,,Low,400.64,EUR,EUR,cardtrader,290982,medium,2026-08-28T15:00:15.994637+00:00,"""{\""cardmarket_exact_candidates\"": [], \""snapshot_fingerprint\"": \""cd64b3d2658b382a8e11f2389d5b4f86ff885bd0706e8be5b7572c96f0be262d\""}""",MISMATCH,stored Cardmarket product conflicts with local printing,true,false,false,,,,,,,,CRITICAL,,,,CRITICAL,wrong_cardmarket_id,,"{""external_provenance"": [{""exact_language"": false, ""id"": 766642, ""metadata"": {""allowed_languages"": [""en"", ""jp"", ""zh-CN"", ""kr"", ""fr""]}, ""scope"": ""mixed""}], ""mismatch_reasons"": [""wrong_cardmarket_id""], ""scryfall_cardmarket_id"": null, ""stored_ids"": [766642], ""validated_stored_ids"": [766642]}",,,,
15752,one_piece,"Eustass""Captain""Kid",P-003F,stp,Store Tournaments Promos,jp,Online Regional 2024 | Finalist,Promo,,,1496,one_piece:P-003F,290982,290982,,766642,,,,,,,,,,,,,,,,,,,Low,,EUR,EUR,cardmarket,766642,,2026-08-28T15:00:15.994637+00:00,"""{\""reason\"": \""Cardmarket product is not exact-language\"", \""snapshot_fingerprint\"": \""5b0afe17120f02e0cf0bb64a848caf4f6edd464ca72192af41197ae30509445c\""}""",MISMATCH,stored Cardmarket product conflicts with local printing,true,false,false,,,,,,,,CRITICAL,,,,CRITICAL,wrong_cardmarket_id,stale_price,"{""external_provenance"": [{""exact_language"": false, ""id"": 766642, ""metadata"": {""allowed_languages"": [""en"", ""jp"", ""zh-CN"", ""kr"", ""fr""]}, ""scope"": ""mixed""}], ""mismatch_reasons"": [""wrong_cardmarket_id""], ""scryfall_cardmarket_id"": null, ""stored_ids"": [766642], ""validated_stored_ids"": [766642]}",,,,
15753,one_piece,"Eustass""Captain""Kid",P-003W,stp,Store Tournaments Promos,en,Online Regional 2024 | Winner,Promo,,,1497,one_piece:P-003W,290983,290983,,766643,,,,,,,,,,,,,,,,,,,Low,,EUR,EUR,cardmarket,766643,,2026-08-28T15:00:15.994637+00:00,"""{\""reason\"": \""Cardmarket product is not exact-language\"", \""snapshot_fingerprint\"": \""19a1b660d2d203377a71e3bfc53e1f617a288b87fa20405ae9e5ef0cb1e6eaa1\""}""",MISMATCH,stored Cardmarket product conflicts with local printing,true,false,false,,,,,,,,CRITICAL,,,,CRITICAL,wrong_cardmarket_id,stale_price,"{""external_provenance"": [{""exact_language"": false, ""id"": 766643, ""metadata"": {""allowed_languages"": [""en"", ""jp"", ""zh-CN"", ""kr"", ""fr""]}, ""scope"": ""mixed""}], ""mismatch_reasons"": [""wrong_cardmarket_id""], ""scryfall_cardmarket_id"": null, ""stored_ids"": [766643], ""validated_stored_ids"": [766643]}",,,,
15754,one_piece,"Eustass""Captain""Kid",P-003W,stp,Store Tournaments Promos,jp,Online Regional 2024 | Winner,Promo,,,1497,one_piece:P-003W,290983,290983,,766643,,,,,,,,,,,,,,,,,,,Low,,EUR,EUR,cardmarket,766643,,2026-08-28T15:00:15.994637+00:00,"""{\""reason\"": \""Cardmarket product is not exact-language\"", \""snapshot_fingerprint\"": \""74b27979e3a3c7192d8ec887a0a6f9ed8b193a11dd79fff2b5e51fc3b5623913\""}""",MISMATCH,stored Cardmarket product conflicts with local printing,true,false,false,,,,,,,,CRITICAL,,,,CRITICAL,wrong_cardmarket_id,stale_price,"{""external_provenance"": [{""exact_language"": false, ""id"": 766643, ""metadata"": {""allowed_languages"": [""en"", ""jp"", ""zh-CN"", ""kr"", ""fr""]}, ""scope"": ""mixed""}], ""mismatch_reasons"": [""wrong_cardmarket_id""], ""scryfall_cardmarket_id"": null, ""stored_ids"": [766643], ""validated_stored_ids"": [766643]}",,,,
15819,one_piece,Spandine,EB01-043P2,stp,Store Tournaments Promos,en,Offline Regional 2025 | Finalist,Promo,,,1532,one_piece:EB01-043P2,335965,335965,,821350,,,,,,,,,,,,,,,,,,,Low,91.52,EUR,EUR,cardtrader,335965,low,2026-08-29T12:19:30.162830+00:00,"""{\""cardmarket_exact_candidates\"": [], \""snapshot_fingerprint\"": \""f7276f9460bc818396d3a350eb8e1cdf65f1cb5daddf7e129fe5204f0ee8731b\""}""",MISMATCH,stored Cardmarket product conflicts with local printing,true,false,false,,,,,,,,CRITICAL,,,,CRITICAL,wrong_cardmarket_id,,"{""external_provenance"": [{""exact_language"": false, ""id"": 821350, ""metadata"": {""allowed_languages"": [""en"", ""jp"", ""zh-CN"", ""kr"", ""fr""]}, ""scope"": ""mixed""}], ""mismatch_reasons"": [""wrong_cardmarket_id""], ""scryfall_cardmarket_id"": null, ""stored_ids"": [821350], ""validated_stored_ids"": [821350]}",,,,
15820,one_piece,Spandine,EB01-043P2,stp,Store Tournaments Promos,jp,Offline Regional 2025 | Finalist,Promo,,,1532,one_piece:EB01-043P2,335965,335965,,821350,,,,,,,,,,,,,,,,,,,Low,,EUR,EUR,cardmarket,821350,,2026-08-28T15:00:15.994637+00:00,"""{\""reason\"": \""Cardmarket product is not exact-language\"", \""snapshot_fingerprint\"": \""80206755ff661ee305e0fad407baf8b1fb5db687f6a723af5ea482a3961b65a3\""}""",MISMATCH,stored Cardmarket product conflicts with local printing,true,false,false,,,,,,,,CRITICAL,,,,CRITICAL,wrong_cardmarket_id,stale_price,"{""external_provenance"": [{""exact_language"": false, ""id"": 821350, ""metadata"": {""allowed_languages"": [""en"", ""jp"", ""zh-CN"", ""kr"", ""fr""]}, ""scope"": ""mixed""}], ""mismatch_reasons"": [""wrong_cardmarket_id""], ""scryfall_cardmarket_id"": null, ""stored_ids"": [821350], ""validated_stored_ids"": [821350]}",,,,
15824,one_piece,Urouge,OP07-021P2,stp,Store Tournaments Promos,en,Regional 2025 | Finalist,Promo,,,1535,one_piece:OP07-021P2,335968,335968,,821351,,,,,,,,,,,,,,,,,,,Low,100.58,EUR,EUR,cardtrader,335968,medium,2026-08-29T12:19:30.162830+00:00,"""{\""cardmarket_exact_candidates\"": [], \""snapshot_fingerprint\"": \""5bee25a263df8c51951813fc417e29debefcfdf3b2514d47b36f553a53e6ba1b\""}""",MISMATCH,stored Cardmarket product conflicts with local printing,true,false,false,,,,,,,,CRITICAL,,,,CRITICAL,wrong_cardmarket_id,,"{""external_provenance"": [{""exact_language"": false, ""id"": 821351, ""metadata"": {""allowed_languages"": [""en"", ""jp"", ""zh-CN"", ""kr"", ""fr""]}, ""scope"": ""mixed""}], ""mismatch_reasons"": [""wrong_cardmarket_id""], ""scryfall_cardmarket_id"": null, ""stored_ids"": [821351], ""validated_stored_ids"": [821351]}",,,,
15825,one_piece,Urouge,OP07-021P2,stp,Store Tournaments Promos,jp,Regional 2025 | Finalist,Promo,,,1535,one_piece:OP07-021P2,335968,335968,,821351,,,,,,,,,,,,,,,,,,,Low,,EUR,EUR,cardmarket,821351,,2026-08-28T15:00:15.994637+00:00,"""{\""reason\"": \""Cardmarket product is not exact-language\"", \""snapshot_fingerprint\"": \""896e3238e7aa4000dd2efcd137158a7679f22fa0667736339c30de253b149d3f\""}""",MISMATCH,stored Cardmarket product conflicts with local printing,true,false,false,,,,,,,,CRITICAL,,,,CRITICAL,wrong_cardmarket_id,stale_price,"{""external_provenance"": [{""exact_language"": false, ""id"": 821351, ""metadata"": {""allowed_languages"": [""en"", ""jp"", ""zh-CN"", ""kr"", ""fr""]}, ""scope"": ""mixed""}], ""mismatch_reasons"": [""wrong_cardmarket_id""], ""scryfall_cardmarket_id"": null, ""stored_ids"": [821351], ""validated_stored_ids"": [821351]}",,,,
15829,one_piece,Nico Olvia,OP09-106P2,stp,Store Tournaments Promos,en,Regional 2025 | Finalist,Promo,,,1538,one_piece:OP09-106P2,335971,335971,,821352,,,,,,,,,,,,,,,,,,,Low,178.01,EUR,EUR,cardtrader,335971,low,2026-08-29T12:19:30.162830+00:00,"""{\""cardmarket_exact_candidates\"": [], \""snapshot_fingerprint\"": \""814c9ef7bec5dcf51d4529383adcd0a1ec4686cf60f87ece0c7d2bbd508b263a\""}""",MISMATCH,stored Cardmarket product conflicts with local printing,true,false,false,,,,,,,,CRITICAL,,,,CRITICAL,wrong_cardmarket_id,,"{""external_provenance"": [{""exact_language"": false, ""id"": 821352, ""metadata"": {""allowed_languages"": [""en"", ""jp"", ""zh-CN"", ""kr"", ""fr""]}, ""scope"": ""mixed""}], ""mismatch_reasons"": [""wrong_cardmarket_id""], ""scryfall_cardmarket_id"": null, ""stored_ids"": [821352], ""validated_stored_ids"": [821352]}",,,,
15830,one_piece,Nico Olvia,OP09-106P2,stp,Store Tournaments Promos,jp,Regional 2025 | Finalist,Promo,,,1538,one_piece:OP09-106P2,335971,335971,,821352,,,,,,,,,,,,,,,,,,,Low,,EUR,EUR,cardmarket,821352,,2026-08-28T15:00:15.994637+00:00,"""{\""reason\"": \""Cardmarket product is not exact-language\"", \""snapshot_fingerprint\"": \""43f3af5da0dae6d5fb86f3703f739637abae5ce3f54f65fe35029051e4492340\""}""",MISMATCH,stored Cardmarket product conflicts with local printing,true,false,false,,,,,,,,CRITICAL,,,,CRITICAL,wrong_cardmarket_id,stale_price,"{""external_provenance"": [{""exact_language"": false, ""id"": 821352, ""metadata"": {""allowed_languages"": [""en"", ""jp"", ""zh-CN"", ""kr"", ""fr""]}, ""scope"": ""mixed""}], ""mismatch_reasons"": [""wrong_cardmarket_id""], ""scryfall_cardmarket_id"": null, ""stored_ids"": [821352], ""validated_stored_ids"": [821352]}",,,,
15838,one_piece,When You're at Sea You Fight against Pirates!!,OP05-076S,stp,Store Tournaments Promos,en,Store Championship | Silver Foil,Promo,,,1544,one_piece:OP05-076S,335992,335992,,828350,,,,,,,,,,,,,,,,,,,Low,,EUR,EUR,cardmarket,828350,,2026-08-28T15:00:15.994637+00:00,"""{\""reason\"": \""Cardmarket product is not exact-language\"", \""snapshot_fingerprint\"": \""2a60ee3117994fe7179c5af57e680c21f8afcd66f8a6077a42dcca97c0515b09\""}""",MISMATCH,stored Cardmarket product conflicts with local printing,true,false,false,,,,,,,,CRITICAL,,,,CRITICAL,wrong_cardmarket_id,stale_price,"{""external_provenance"": [{""exact_language"": false, ""id"": 828350, ""metadata"": {""allowed_languages"": [""en"", ""jp"", ""zh-CN"", ""kr"", ""fr""]}, ""scope"": ""mixed""}], ""mismatch_reasons"": [""wrong_cardmarket_id""], ""scryfall_cardmarket_id"": null, ""stored_ids"": [828350], ""validated_stored_ids"": [828350]}",,,,
15839,one_piece,When You're at Sea You Fight against Pirates!!,OP05-076S,stp,Store Tournaments Promos,jp,Store Championship | Silver Foil,Promo,,,1544,one_piece:OP05-076S,335992,335992,,828350,,,,,,,,,,,,,,,,,,,Low,,EUR,EUR,cardmarket,828350,,2026-08-28T15:00:15.994637+00:00,"""{\""reason\"": \""Cardmarket product is not exact-language\"", \""snapshot_fingerprint\"": \""dfef7c902f007ea94854fcd8280160f342a8f033917d13ae47328c83deabd7d4\""}""",MISMATCH,stored Cardmarket product conflicts with local printing,true,false,false,,,,,,,,CRITICAL,,,,CRITICAL,wrong_cardmarket_id,stale_price,"{""external_provenance"": [{""exact_language"": false, ""id"": 828350, ""metadata"": {""allowed_languages"": [""en"", ""jp"", ""zh-CN"", ""kr"", ""fr""]}, ""scope"": ""mixed""}], ""mismatch_reasons"": [""wrong_cardmarket_id""], ""scryfall_cardmarket_id"": null, ""stored_ids"": [828350], ""validated_stored_ids"": [828350]}",,,,
16308,one_piece,DON!!,DP-01,oppr,One Piece Products,en,Donquixote Rosinante | Special DON!! Card Pack,DON!!,,,1842,one_piece:DP-01,263075,263075,,"734684,883576",,734684,DON!!,5244,,,,mixed/unknown,3.99,3.74,4.5,4.22,5,,0,,,,Low,5.38,EUR,EUR,cardtrader,263075,high,2026-08-29T12:19:30.162830+00:00,"""{\""cardmarket_exact_candidates\"": [], \""snapshot_fingerprint\"": \""982d588f34059660697ceca3d729e81c6623ec4c9f88c1c8270b28e26e106da4\""}""",MISMATCH,stored Cardmarket product conflicts with local printing,true,false,false,,,,,,,,CRITICAL,,,,CRITICAL,wrong_cardmarket_id,,"{""external_provenance"": [{""exact_language"": false, ""id"": 734684, ""metadata"": {""allowed_languages"": [""en"", ""jp"", ""zh-CN"", ""kr"", ""fr""]}, ""scope"": ""mixed""}, {""exact_language"": false, ""id"": 883576, ""metadata"": {""allowed_languages"": [""en"", ""jp"", ""zh-CN"", ""kr"", ""fr""]}, ""scope"": ""mixed""}], ""mismatch_reasons"": [""wrong_cardmarket_id""], ""scryfall_cardmarket_id"": null, ""stored_ids"": [734684, 883576], ""validated_stored_ids"": [734684, 883576]}",,,,
16309,one_piece,DON!!,DP-01,oppr,One Piece Products,jp,Donquixote Rosinante | Special DON!! Card Pack,DON!!,,,1842,one_piece:DP-01,263075,263075,,"734684,883576",,734684,DON!!,5244,,,,mixed/unknown,3.99,3.74,4.5,4.22,5,,0,,,,Low,6.14,EUR,EUR,cardtrader,263075,low,2026-08-28T15:00:15.994637+00:00,"""{\""cardmarket_exact_candidates\"": [], \""snapshot_fingerprint\"": \""e0c3a72d0f57f2783274948cf88039407c902373cbc7590c2348e5c3a8cf4fca\""}""",MISMATCH,stored Cardmarket product conflicts with local printing,true,false,false,,,,,,,,CRITICAL,,,,CRITICAL,wrong_cardmarket_id,,"{""external_provenance"": [{""exact_language"": false, ""id"": 734684, ""metadata"": {""allowed_languages"": [""en"", ""jp"", ""zh-CN"", ""kr"", ""fr""]}, ""scope"": ""mixed""}, {""exact_language"": false, ""id"": 883576, ""metadata"": {""allowed_languages"": [""en"", ""jp"", ""zh-CN"", ""kr"", ""fr""]}, ""scope"": ""mixed""}], ""mismatch_reasons"": [""wrong_cardmarket_id""], ""scryfall_cardmarket_id"": null, ""stored_ids"": [734684, 883576], ""validated_stored_ids"": [734684, 883576]}",,,,
16312,one_piece,DON!!,DP-02,oppr,One Piece Products,en,Double Pack Set Vol.2,DON!!,,,1844,one_piece:DP-02,270747,270747,,"748123,883577",,748123,DON!!,5244,,,,mixed/unknown,2.2,2.56,2.18,3.29,2.95,,0,,,,Low,3.06,EUR,EUR,cardtrader,270747,high,2026-08-29T12:19:30.162830+00:00,"""{\""cardmarket_exact_candidates\"": [], \""snapshot_fingerprint\"": \""7ac2622ed324d2f60a9189d5e8ec4dd63625275adfc0053d9e05b636a4acb110\""}""",MISMATCH,stored Cardmarket product conflicts with local printing,true,false,false,,,,,,,,CRITICAL,,,,CRITICAL,wrong_cardmarket_id,,"{""external_provenance"": [{""exact_language"": false, ""id"": 748123, ""metadata"": {""allowed_languages"": [""en"", ""jp"", ""zh-CN"", ""kr"", ""fr""]}, ""scope"": ""mixed""}, {""exact_language"": false, ""id"": 883577, ""metadata"": {""allowed_languages"": [""en"", ""jp"", ""zh-CN"", ""kr"", ""fr""]}, ""scope"": ""mixed""}], ""mismatch_reasons"": [""wrong_cardmarket_id""], ""scryfall_cardmarket_id"": null, ""stored_ids"": [748123, 883577], ""validated_stored_ids"": [748123, 883577]}",,,,
16313,one_piece,DON!!,DP-02,oppr,One Piece Products,jp,Double Pack Set Vol.2,DON!!,,,1844,one_piece:DP-02,270747,270747,,"748123,883577",,748123,DON!!,5244,,,,mixed/unknown,2.2,2.56,2.18,3.29,2.95,,0,,,,Low,,EUR,EUR,cardmarket,"748123,883577",,2026-08-28T15:00:15.994637+00:00,"""{\""reason\"": \""Cardmarket product is not exact-language\"", \""snapshot_fingerprint\"": \""27783106d7f25103aa29bc21e27686a38df9395009ca740f01228f5e4bc7dac5\""}""",MISMATCH,stored Cardmarket product conflicts with local printing,true,false,false,,,,,,,,CRITICAL,,,,CRITICAL,wrong_cardmarket_id,stale_price,"{""external_provenance"": [{""exact_language"": false, ""id"": 748123, ""metadata"": {""allowed_languages"": [""en"", ""jp"", ""zh-CN"", ""kr"", ""fr""]}, ""scope"": ""mixed""}, {""exact_language"": false, ""id"": 883577, ""metadata"": {""allowed_languages"": [""en"", ""jp"", ""zh-CN"", ""kr"", ""fr""]}, ""scope"": ""mixed""}], ""mismatch_reasons"": [""wrong_cardmarket_id""], ""scryfall_cardmarket_id"": null, ""stored_ids"": [748123, 883577], ""validated_stored_ids"": [748123, 883577]}",,,,
16314,one_piece,DON!!,DP-02,oppr,One Piece Products,en,Silhouette Luffy | Double Pack Set Vol.2,DON!!,,,1844,one_piece:DP-02,270748,270748,,"748122,883578",,748122,DON!!,5244,,,,mixed/unknown,1.97,3.47,3.36,3.1,3.22,,0,,,,Low,4.17,EUR,EUR,cardtrader,270748,high,2026-08-29T12:19:30.162830+00:00,"""{\""cardmarket_exact_candidates\"": [], \""snapshot_fingerprint\"": \""c639d85c4b6465679a3c59ddec79fb92ef88bc1ddf2c271d57a2bc2f5f5eb26f\""}""",MISMATCH,stored Cardmarket product conflicts with local printing,true,false,false,,,,,,,,CRITICAL,,,,CRITICAL,wrong_cardmarket_id,,"{""external_provenance"": [{""exact_language"": false, ""id"": 748122, ""metadata"": {""allowed_languages"": [""en"", ""jp"", ""zh-CN"", ""kr"", ""fr""]}, ""scope"": ""mixed""}, {""exact_language"": false, ""id"": 883578, ""metadata"": {""allowed_languages"": [""en"", ""jp"", ""zh-CN"", ""kr"", ""fr""]}, ""scope"": ""mixed""}], ""mismatch_reasons"": [""wrong_cardmarket_id""], ""scryfall_cardmarket_id"": null, ""stored_ids"": [748122, 883578], ""validated_stored_ids"": [748122, 883578]}",,,,
16315,one_piece,DON!!,DP-02,oppr,One Piece Products,jp,Silhouette Luffy | Double Pack Set Vol.2,DON!!,,,1844,one_piece:DP-02,270748,270748,,"748122,883578",,748122,DON!!,5244,,,,mixed/unknown,1.97,3.47,3.36,3.1,3.22,,0,,,,Low,5.64,EUR,EUR,cardtrader,270748,low,2026-08-28T15:00:15.994637+00:00,"""{\""cardmarket_exact_candidates\"": [], \""snapshot_fingerprint\"": \""f54e7e103c0446cef7eba9bb4de9e45bfccdd221a304ef3a13c009870c2ecc3b\""}""",MISMATCH,stored Cardmarket product conflicts with local printing,true,false,false,,,,,,,,CRITICAL,,,,CRITICAL,wrong_cardmarket_id,,"{""external_provenance"": [{""exact_language"": false, ""id"": 748122, ""metadata"": {""allowed_languages"": [""en"", ""jp"", ""zh-CN"", ""kr"", ""fr""]}, ""scope"": ""mixed""}, {""exact_language"": false, ""id"": 883578, ""metadata"": {""allowed_languages"": [""en"", ""jp"", ""zh-CN"", ""kr"", ""fr""]}, ""scope"": ""mixed""}], ""mismatch_reasons"": [""wrong_cardmarket_id""], ""scryfall_cardmarket_id"": null, ""stored_ids"": [748122, 883578], ""validated_stored_ids"": [748122, 883578]}",,,,
16316,one_piece,DON!!,TS-01,oppr,One Piece Products,jp,Gol.D.Roger | Tin Pack Set Vol.1,DON!!,,,1846,one_piece:TS-01,325391,325391,,821347,,,,,,,,,,,,,,,,,,,Low,,EUR,EUR,cardmarket,821347,,2026-08-28T15:00:15.994637+00:00,"""{\""reason\"": \""Cardmarket product is not exact-language\"", \""snapshot_fingerprint\"": \""c46ee662121e1e02652d20e823cf27ad890e56311a50845e1f35bafdba1ad69a\""}""",MISMATCH,stored Cardmarket product conflicts with local printing,true,false,false,,,,,,,,CRITICAL,,,,CRITICAL,wrong_cardmarket_id,stale_price,"{""external_provenance"": [{""exact_language"": false, ""id"": 821347, ""metadata"": {""allowed_languages"": [""en"", ""jp"", ""zh-CN"", ""kr"", ""fr""]}, ""scope"": ""mixed""}], ""mismatch_reasons"": [""wrong_cardmarket_id""], ""scryfall_cardmarket_id"": null, ""stored_ids"": [821347], ""validated_stored_ids"": [821347]}",,,,
16317,one_piece,DON!!,TS-01,oppr,One Piece Products,jp,Monkey.D.Luffy | Tin Pack Set Vol.1,DON!!,,,1846,one_piece:TS-01,325392,325392,,821346,,,,,,,,,,,,,,,,,,,Low,3.31,EUR,EUR,cardtrader,325392,low,2026-08-28T15:00:15.994637+00:00,"""{\""cardmarket_exact_candidates\"": [], \""snapshot_fingerprint\"": \""cfeee496d3ca34b499b5e1019699df4a260271b387daa08afea3436e1f23fa1e\""}""",MISMATCH,stored Cardmarket product conflicts with local printing,true,false,false,,,,,,,,CRITICAL,,,,CRITICAL,wrong_cardmarket_id,,"{""external_provenance"": [{""exact_language"": false, ""id"": 821346, ""metadata"": {""allowed_languages"": [""en"", ""jp"", ""zh-CN"", ""kr"", ""fr""]}, ""scope"": ""mixed""}], ""mismatch_reasons"": [""wrong_cardmarket_id""], ""scryfall_cardmarket_id"": null, ""stored_ids"": [821346], ""validated_stored_ids"": [821346]}",,,,
16320,one_piece,DON!!,DF-03,oppr,One Piece Products,jp,Op-Op Fruit,DON!!,,,1849,one_piece:DF-03,366510,366510,,865592,,,,,,,,,,,,,,,,,,,Low,,EUR,EUR,cardmarket,865592,,2026-08-28T15:00:15.994637+00:00,"""{\""reason\"": \""Cardmarket product is not exact-language\"", \""snapshot_fingerprint\"": \""eeaddf7a504ba1b729ee11b51e54a614f78d965819929f8c35a2c5c1692b390a\""}""",MISMATCH,stored Cardmarket product conflicts with local printing,true,false,false,,,,,,,,CRITICAL,,,,CRITICAL,wrong_cardmarket_id,stale_price,"{""external_provenance"": [{""exact_language"": false, ""id"": 865592, ""metadata"": {""allowed_languages"": [""en"", ""jp"", ""zh-CN"", ""kr"", ""fr""]}, ""scope"": ""mixed""}], ""mismatch_reasons"": [""wrong_cardmarket_id""], ""scryfall_cardmarket_id"": null, ""stored_ids"": [865592], ""validated_stored_ids"": [865592]}",,,,
16321,one_piece,DON!!,DF-03,oppr,One Piece Products,jp,Corazon and Law | Devil Fruits Collection Vol.3,DON!!,,,1849,one_piece:DF-03,366511,366511,,865593,,,,,,,,,,,,,,,,,,,Low,,EUR,EUR,cardmarket,865593,,2026-08-28T15:00:15.994637+00:00,"""{\""reason\"": \""Cardmarket product is not exact-language\"", \""snapshot_fingerprint\"": \""dfa639fd81042d8db84956db0ad3a5422e45791503f18ffe6e88fe3158b1d1ae\""}""",MISMATCH,stored Cardmarket product conflicts with local printing,true,false,false,,,,,,,,CRITICAL,,,,CRITICAL,wrong_cardmarket_id,stale_price,"{""external_provenance"": [{""exact_language"": false, ""id"": 865593, ""metadata"": {""allowed_languages"": [""en"", ""jp"", ""zh-CN"", ""kr"", ""fr""]}, ""scope"": ""mixed""}], ""mismatch_reasons"": [""wrong_cardmarket_id""], ""scryfall_cardmarket_id"": null, ""stored_ids"": [865593], ""validated_stored_ids"": [865593]}",,,,
16322,one_piece,DON!!,OP01-016,oppr,One Piece Products,jp,Dodgers 2026,Promo,,,1851,one_piece:OP01-016:don,396533,396533,,895093,,,,,,,,,,,,,,,,,,,Low,,EUR,EUR,cardmarket,895093,,2026-08-28T15:00:15.994637+00:00,"""{\""reason\"": \""Cardmarket product is not exact-language\"", \""snapshot_fingerprint\"": \""59ac7d56e2a03a4e778f76f5b9ab4c8ffc74305d2d7c65a7df480e7a4fb98f04\""}""",MISMATCH,stored Cardmarket product conflicts with local printing,true,false,false,,,,,,,,CRITICAL,,,,CRITICAL,wrong_cardmarket_id,stale_price,"{""external_provenance"": [{""exact_language"": false, ""id"": 895093, ""metadata"": {""allowed_languages"": [""jp"", ""zh-CN"", ""kr""]}, ""scope"": ""mixed""}], ""mismatch_reasons"": [""wrong_cardmarket_id""], ""scryfall_cardmarket_id"": null, ""stored_ids"": [895093], ""validated_stored_ids"": [895093]}",,,,
16344,one_piece,Zeff,OP03-047E,p-errata,Pre-Errata Cards,en,"Pre-Errata Card | ""You may return up to 1 Character """,Common,,,1864,one_piece:OP03-047E,272148,272148,,898777,,,,,,,,,,,,,,,,,,,Low,0.55,EUR,EUR,cardtrader,272148,high,2026-08-29T12:19:30.162830+00:00,"""{\""cardmarket_exact_candidates\"": [], \""snapshot_fingerprint\"": \""0002162be01f33a41c54c65d9558f9f09443454d28789a2cf2d1f3fd07590aef\""}""",MISMATCH,stored Cardmarket product conflicts with local printing,true,false,false,,,,,,,,CRITICAL,,,,CRITICAL,wrong_cardmarket_id,,"{""external_provenance"": [{""exact_language"": false, ""id"": 898777, ""metadata"": {""allowed_languages"": [""en"", ""jp"", ""zh-CN"", ""kr"", ""fr""]}, ""scope"": ""mixed""}], ""mismatch_reasons"": [""wrong_cardmarket_id""], ""scryfall_cardmarket_id"": null, ""stored_ids"": [898777], ""validated_stored_ids"": [898777]}",,,,
16345,one_piece,Zeff,OP03-047E,p-errata,Pre-Errata Cards,jp,"Pre-Errata Card | ""You may return up to 1 Character """,Common,,,1864,one_piece:OP03-047E,272148,272148,,898777,,,,,,,,,,,,,,,,,,,Low,,EUR,EUR,cardmarket,898777,,2026-08-28T15:00:15.994637+00:00,"""{\""reason\"": \""Cardmarket product is not exact-language\"", \""snapshot_fingerprint\"": \""5ea3a450938baa38ad9290f6ca224df52ea991d76d5adc327e96581bc3388638\""}""",MISMATCH,stored Cardmarket product conflicts with local printing,true,false,false,,,,,,,,CRITICAL,,,,CRITICAL,wrong_cardmarket_id,stale_price,"{""external_provenance"": [{""exact_language"": false, ""id"": 898777, ""metadata"": {""allowed_languages"": [""en"", ""jp"", ""zh-CN"", ""kr"", ""fr""]}, ""scope"": ""mixed""}], ""mismatch_reasons"": [""wrong_cardmarket_id""], ""scryfall_cardmarket_id"": null, ""stored_ids"": [898777], ""validated_stored_ids"": [898777]}",,,,
16392,one_piece,Portgas.D.Ace,OP13-119W,p-errata,Pre-Errata Cards,en,"Pre-Errata Card | ""[On Play] If you Leader is multicolored..."" wrong text",Alternate Art,,,1896,one_piece:OP13-119W,354999,354999,,857345,,,,,,,,,,,,,,,,,,,Low,491.22,EUR,EUR,cardtrader,354999,high,2026-08-29T12:19:30.162830+00:00,"""{\""cardmarket_exact_candidates\"": [], \""snapshot_fingerprint\"": \""594583f6044a0943e3fd8dffe9c3bae093e7dff8997b4200f567d1c88877baf9\""}""",MISMATCH,stored Cardmarket product conflicts with local printing,true,false,false,,,,,,,,CRITICAL,,,,CRITICAL,wrong_cardmarket_id,,"{""external_provenance"": [{""exact_language"": false, ""id"": 857345, ""metadata"": {""allowed_languages"": [""en"", ""jp"", ""zh-CN"", ""kr"", ""fr""]}, ""scope"": ""mixed""}], ""mismatch_reasons"": [""wrong_cardmarket_id""], ""scryfall_cardmarket_id"": null, ""stored_ids"": [857345], ""validated_stored_ids"": [857345]}",,,,
16393,one_piece,Portgas.D.Ace,OP13-119W,p-errata,Pre-Errata Cards,jp,"Pre-Errata Card | ""[On Play] If you Leader is multicolored..."" wrong text",Alternate Art,,,1896,one_piece:OP13-119W,354999,354999,,857345,,,,,,,,,,,,,,,,,,,Low,,EUR,EUR,cardmarket,857345,,2026-08-28T15:00:15.994637+00:00,"""{\""reason\"": \""Cardmarket product is not exact-language\"", \""snapshot_fingerprint\"": \""9011cb2ea44f31df823961bdde9bb22c49f2bfa6e55c266972ffea07d140df28\""}""",MISMATCH,stored Cardmarket product conflicts with local printing,true,false,false,,,,,,,,CRITICAL,,,,CRITICAL,wrong_cardmarket_id,stale_price,"{""external_provenance"": [{""exact_language"": false, ""id"": 857345, ""metadata"": {""allowed_languages"": [""en"", ""jp"", ""zh-CN"", ""kr"", ""fr""]}, ""scope"": ""mixed""}], ""mismatch_reasons"": [""wrong_cardmarket_id""], ""scryfall_cardmarket_id"": null, ""stored_ids"": [857345], ""validated_stored_ids"": [857345]}",,,,
16678,one_piece,Sogeking,OP03-122A,op03,OP-03: Pillars of Strength,en,Secret Rare | Alternate Art,Secret Rare,,,2055,one_piece:OP03-122A,250307,250307,,"719400,744885",,,,,,,,,,,,,,,,,,,Low,30.4,EUR,EUR,cardtrader,250307,high,2026-08-29T12:19:30.162830+00:00,"""{\""cardmarket_exact_candidates\"": [], \""snapshot_fingerprint\"": \""50150b7a1f7e6355388987b12d17b4df26e15d4e0200a81a14699f0ea8487f81\""}""",MISMATCH,stored Cardmarket product conflicts with local printing,true,false,false,,,,,,,,CRITICAL,,,,CRITICAL,wrong_cardmarket_id,,"{""external_provenance"": [{""exact_language"": false, ""id"": 719400, ""metadata"": {""allowed_languages"": [""en"", ""jp"", ""zh-CN"", ""kr"", ""fr""]}, ""scope"": ""mixed""}, {""exact_language"": false, ""id"": 744885, ""metadata"": {""allowed_languages"": [""en"", ""jp"", ""zh-CN"", ""kr"", ""fr""]}, ""scope"": ""mixed""}], ""mismatch_reasons"": [""wrong_cardmarket_id""], ""scryfall_cardmarket_id"": null, ""stored_ids"": [719400, 744885], ""validated_stored_ids"": [719400, 744885]}",,,,
16679,one_piece,Sogeking,OP03-122A,op03,OP-03: Pillars of Strength,jp,Secret Rare | Alternate Art,Secret Rare,,,2055,one_piece:OP03-122A,250307,250307,,"719400,744885",,,,,,,,,,,,,,,,,,,Low,26.13,EUR,EUR,cardtrader,250307,high,2026-08-29T12:19:30.162830+00:00,"""{\""cardmarket_exact_candidates\"": [], \""snapshot_fingerprint\"": \""7ecd9b59e3cb9436f8ef7a8703218f1c146cc79f00564ea81b3fcfc40779f5c9\""}""",MISMATCH,stored Cardmarket product conflicts with local printing,true,false,false,,,,,,,,CRITICAL,,,,CRITICAL,wrong_cardmarket_id,,"{""external_provenance"": [{""exact_language"": false, ""id"": 719400, ""metadata"": {""allowed_languages"": [""en"", ""jp"", ""zh-CN"", ""kr"", ""fr""]}, ""scope"": ""mixed""}, {""exact_language"": false, ""id"": 744885, ""metadata"": {""allowed_languages"": [""en"", ""jp"", ""zh-CN"", ""kr"", ""fr""]}, ""scope"": ""mixed""}], ""mismatch_reasons"": [""wrong_cardmarket_id""], ""scryfall_cardmarket_id"": null, ""stored_ids"": [719400, 744885], ""validated_stored_ids"": [719400, 744885]}",,,,
16816,one_piece,Sabo,OP04-083A,op04,OP-04: Kingdoms of Intrigue,en,Alternate Art,Alternate Art,,,2132,one_piece:OP04-083A,258867,258867,,"732801,733181",,,,,,,,,,,,,,,,,,,Low,19.21,EUR,EUR,cardtrader,258867,high,2026-08-29T12:19:30.162830+00:00,"""{\""cardmarket_exact_candidates\"": [], \""snapshot_fingerprint\"": \""cc0448b372e8b3133b4b41021847f2071cc18712fe7c7d692e6903055c6d2bb3\""}""",MISMATCH,stored Cardmarket product conflicts with local printing,true,false,false,,,,,,,,CRITICAL,,,,CRITICAL,wrong_cardmarket_id,,"{""external_provenance"": [{""exact_language"": false, ""id"": 732801, ""metadata"": {""allowed_languages"": [""en"", ""jp"", ""zh-CN"", ""kr"", ""fr""]}, ""scope"": ""mixed""}, {""exact_language"": false, ""id"": 733181, ""metadata"": {""allowed_languages"": [""en"", ""jp"", ""zh-CN"", ""kr"", ""fr""]}, ""scope"": ""mixed""}], ""mismatch_reasons"": [""wrong_cardmarket_id""], ""scryfall_cardmarket_id"": null, ""stored_ids"": [732801, 733181], ""validated_stored_ids"": [732801, 733181]}",,,,
16817,one_piece,Sabo,OP04-083A,op04,OP-04: Kingdoms of Intrigue,jp,Alternate Art,Alternate Art,,,2132,one_piece:OP04-083A,258867,258867,,"732801,733181",,,,,,,,,,,,,,,,,,,Low,40.52,EUR,EUR,cardtrader,258867,low,2026-08-29T12:19:30.162830+00:00,"""{\""cardmarket_exact_candidates\"": [], \""snapshot_fingerprint\"": \""d3f4b18fe8d204ddd443966ef2828c9910740a9f91948afd7cac2c1d86d164cf\""}""",MISMATCH,stored Cardmarket product conflicts with local printing,true,false,false,,,,,,,,CRITICAL,,,,CRITICAL,wrong_cardmarket_id,,"{""external_provenance"": [{""exact_language"": false, ""id"": 732801, ""metadata"": {""allowed_languages"": [""en"", ""jp"", ""zh-CN"", ""kr"", ""fr""]}, ""scope"": ""mixed""}, {""exact_language"": false, ""id"": 733181, ""metadata"": {""allowed_languages"": [""en"", ""jp"", ""zh-CN"", ""kr"", ""fr""]}, ""scope"": ""mixed""}], ""mismatch_reasons"": [""wrong_cardmarket_id""], ""scryfall_cardmarket_id"": null, ""stored_ids"": [732801, 733181], ""validated_stored_ids"": [732801, 733181]}",,,,
17126,one_piece,Enel,OP05-100A,op05,OP-05: Awakening of the New Era,en,100 | Alternate Art,Alternate Art,,,2309,one_piece:OP05-100A,268456,268456,,"733439,747815",,,,,,,,,,,,,,,,,,,Low,7.01,EUR,EUR,cardtrader,268456,high,2026-08-29T12:19:30.162830+00:00,"""{\""cardmarket_exact_candidates\"": [], \""snapshot_fingerprint\"": \""aa920c303d9f56b31cf726a75345ae7ce8b5845d1831c66b2da9f05ddccc5362\""}""",MISMATCH,stored Cardmarket product conflicts with local printing,true,false,false,,,,,,,,CRITICAL,,,,CRITICAL,wrong_cardmarket_id,,"{""external_provenance"": [{""exact_language"": false, ""id"": 733439, ""metadata"": {""allowed_languages"": [""en"", ""jp"", ""zh-CN"", ""kr"", ""fr""]}, ""scope"": ""mixed""}, {""exact_language"": false, ""id"": 747815, ""metadata"": {""allowed_languages"": [""en"", ""jp"", ""zh-CN"", ""kr"", ""fr""]}, ""scope"": ""mixed""}], ""mismatch_reasons"": [""wrong_cardmarket_id""], ""scryfall_cardmarket_id"": null, ""stored_ids"": [733439, 747815], ""validated_stored_ids"": [733439, 747815]}",,,,
17127,one_piece,Enel,OP05-100A,op05,OP-05: Awakening of the New Era,jp,100 | Alternate Art,Alternate Art,,,2309,one_piece:OP05-100A,268456,268456,,"733439,747815",,,,,,,,,,,,,,,,,,,Low,6.97,EUR,EUR,cardtrader,268456,high,2026-08-29T12:19:30.162830+00:00,"""{\""cardmarket_exact_candidates\"": [], \""snapshot_fingerprint\"": \""c7310fdd19913c4c9e1e4b40205179dc5c7db5a532c6ec5f2d73a95aa7701b01\""}""",MISMATCH,stored Cardmarket product conflicts with local printing,true,false,false,,,,,,,,CRITICAL,,,,CRITICAL,wrong_cardmarket_id,,"{""external_provenance"": [{""exact_language"": false, ""id"": 733439, ""metadata"": {""allowed_languages"": [""en"", ""jp"", ""zh-CN"", ""kr"", ""fr""]}, ""scope"": ""mixed""}, {""exact_language"": false, ""id"": 747815, ""metadata"": {""allowed_languages"": [""en"", ""jp"", ""zh-CN"", ""kr"", ""fr""]}, ""scope"": ""mixed""}], ""mismatch_reasons"": [""wrong_cardmarket_id""], ""scryfall_cardmarket_id"": null, ""stored_ids"": [733439, 747815], ""validated_stored_ids"": [733439, 747815]}",,,,
17158,one_piece,"Eustass""Captain""Kid",OP05-074A,op05,OP-05: Awakening of the New Era,en,Alternate Art,Alternate Art,,,2325,one_piece:OP05-074A,268472,268472,,"733383,747536",,,,,,,,,,,,,,,,,,,Low,6.69,EUR,EUR,cardtrader,268472,high,2026-08-29T12:19:30.162830+00:00,"""{\""cardmarket_exact_candidates\"": [], \""snapshot_fingerprint\"": \""956818511fa55d957083a492d096a3a6604c8176d329b6cf2165a4399d357532\""}""",MISMATCH,stored Cardmarket product conflicts with local printing,true,false,false,,,,,,,,CRITICAL,,,,CRITICAL,wrong_cardmarket_id,,"{""external_provenance"": [{""exact_language"": false, ""id"": 733383, ""metadata"": {""allowed_languages"": [""en"", ""jp"", ""zh-CN"", ""kr"", ""fr""]}, ""scope"": ""mixed""}, {""exact_language"": false, ""id"": 747536, ""metadata"": {""allowed_languages"": [""en"", ""jp"", ""zh-CN"", ""kr"", ""fr""]}, ""scope"": ""mixed""}], ""mismatch_reasons"": [""wrong_cardmarket_id""], ""scryfall_cardmarket_id"": null, ""stored_ids"": [733383, 747536], ""validated_stored_ids"": [733383, 747536]}",,,,
17159,one_piece,"Eustass""Captain""Kid",OP05-074A,op05,OP-05: Awakening of the New Era,jp,Alternate Art,Alternate Art,,,2325,one_piece:OP05-074A,268472,268472,,"733383,747536",,,,,,,,,,,,,,,,,,,Low,4.11,EUR,EUR,cardtrader,268472,high,2026-08-29T12:19:30.162830+00:00,"""{\""cardmarket_exact_candidates\"": [], \""snapshot_fingerprint\"": \""b0c740395a0821db9f05d03b883a8cdc282dc914d207e1c734272f5775cf1731\""}""",MISMATCH,stored Cardmarket product conflicts with local printing,true,false,false,,,,,,,,CRITICAL,,,,CRITICAL,wrong_cardmarket_id,,"{""external_provenance"": [{""exact_language"": false, ""id"": 733383, ""metadata"": {""allowed_languages"": [""en"", ""jp"", ""zh-CN"", ""kr"", ""fr""]}, ""scope"": ""mixed""}, {""exact_language"": false, ""id"": 747536, ""metadata"": {""allowed_languages"": [""en"", ""jp"", ""zh-CN"", ""kr"", ""fr""]}, ""scope"": ""mixed""}], ""mismatch_reasons"": [""wrong_cardmarket_id""], ""scryfall_cardmarket_id"": null, ""stored_ids"": [733383, 747536], ""validated_stored_ids"": [733383, 747536]}",,,,
17402,one_piece,Monkey.D.Luffy,OP05-119A,op05,OP-05: Awakening of the New Era,en,Alternate Art,Alternate Art,,,2448,one_piece:OP05-119A,270452,270452,,"733462,747877",,,,,,,,,,,,,,,,,,,Low,290.64,EUR,EUR,cardtrader,270452,high,2026-08-29T12:19:30.162830+00:00,"""{\""cardmarket_exact_candidates\"": [], \""snapshot_fingerprint\"": \""5f3091499a01df5c91553a6ad4458ca1f56a73537e06f50ff1dbb2eacd4e3c30\""}""",MISMATCH,stored Cardmarket product conflicts with local printing,true,false,false,,,,,,,,CRITICAL,,,,CRITICAL,wrong_cardmarket_id,,"{""external_provenance"": [{""exact_language"": false, ""id"": 733462, ""metadata"": {""allowed_languages"": [""en"", ""jp"", ""zh-CN"", ""kr"", ""fr""]}, ""scope"": ""mixed""}, {""exact_language"": false, ""id"": 747877, ""metadata"": {""allowed_languages"": [""en"", ""jp"", ""zh-CN"", ""kr"", ""fr""]}, ""scope"": ""mixed""}], ""mismatch_reasons"": [""wrong_cardmarket_id""], ""scryfall_cardmarket_id"": null, ""stored_ids"": [733462, 747877], ""validated_stored_ids"": [733462, 747877]}",,,,
17403,one_piece,Monkey.D.Luffy,OP05-119A,op05,OP-05: Awakening of the New Era,jp,Alternate Art,Alternate Art,,,2448,one_piece:OP05-119A,270452,270452,,"733462,747877",,,,,,,,,,,,,,,,,,,Low,260.64,EUR,EUR,cardtrader,270452,high,2026-08-29T12:19:30.162830+00:00,"""{\""cardmarket_exact_candidates\"": [], \""snapshot_fingerprint\"": \""d9175e8e7ec77e079a5b3cc641752720c5ef78c0144d8bb2be3384c7e37f9eda\""}""",MISMATCH,stored Cardmarket product conflicts with local printing,true,false,false,,,,,,,,CRITICAL,,,,CRITICAL,wrong_cardmarket_id,,"{""external_provenance"": [{""exact_language"": false, ""id"": 733462, ""metadata"": {""allowed_languages"": [""en"", ""jp"", ""zh-CN"", ""kr"", ""fr""]}, ""scope"": ""mixed""}, {""exact_language"": false, ""id"": 747877, ""metadata"": {""allowed_languages"": [""en"", ""jp"", ""zh-CN"", ""kr"", ""fr""]}, ""scope"": ""mixed""}], ""mismatch_reasons"": [""wrong_cardmarket_id""], ""scryfall_cardmarket_id"": null, ""stored_ids"": [733462, 747877], ""validated_stored_ids"": [733462, 747877]}",,,,
17719,one_piece,Roronoa Zoro,OP06-118A,op06,OP-06: Wings of the Captain,en,Alternate Art,Alternate Art,,,2685,one_piece:OP06-118A,280837,280837,,"746391,760625",,,,,,,,,,,,,,,,,,,Low,126.62,EUR,EUR,cardtrader,280837,high,2026-08-29T12:19:30.162830+00:00,"""{\""cardmarket_exact_candidates\"": [], \""snapshot_fingerprint\"": \""c18acecb225aa71b95c150c806c03aa93fcf654e73d44d5a9cb93adb7a9a84ce\""}""",MISMATCH,stored Cardmarket product conflicts with local printing,true,false,false,,,,,,,,CRITICAL,,,,CRITICAL,wrong_cardmarket_id,,"{""external_provenance"": [{""exact_language"": false, ""id"": 746391, ""metadata"": {""allowed_languages"": [""en"", ""jp"", ""zh-CN"", ""kr"", ""fr""]}, ""scope"": ""mixed""}, {""exact_language"": false, ""id"": 760625, ""metadata"": {""allowed_languages"": [""en"", ""jp"", ""zh-CN"", ""kr"", ""fr""]}, ""scope"": ""mixed""}], ""mismatch_reasons"": [""wrong_cardmarket_id""], ""scryfall_cardmarket_id"": null, ""stored_ids"": [746391, 760625], ""validated_stored_ids"": [746391, 760625]}",,,,
17720,one_piece,Roronoa Zoro,OP06-118A,op06,OP-06: Wings of the Captain,jp,Alternate Art,Alternate Art,,,2685,one_piece:OP06-118A,280837,280837,,"746391,760625",,,,,,,,,,,,,,,,,,,Low,188.3,EUR,EUR,cardtrader,280837,low,2026-08-28T15:00:15.994637+00:00,"""{\""cardmarket_exact_candidates\"": [], \""snapshot_fingerprint\"": \""729134f27dc8035183e6a8bfedaff32f78675bd84e1fd1427de6029259b1f082\""}""",MISMATCH,stored Cardmarket product conflicts with local printing,true,false,false,,,,,,,,CRITICAL,,,,CRITICAL,wrong_cardmarket_id,,"{""external_provenance"": [{""exact_language"": false, ""id"": 746391, ""metadata"": {""allowed_languages"": [""en"", ""jp"", ""zh-CN"", ""kr"", ""fr""]}, ""scope"": ""mixed""}, {""exact_language"": false, ""id"": 760625, ""metadata"": {""allowed_languages"": [""en"", ""jp"", ""zh-CN"", ""kr"", ""fr""]}, ""scope"": ""mixed""}], ""mismatch_reasons"": [""wrong_cardmarket_id""], ""scryfall_cardmarket_id"": null, ""stored_ids"": [746391, 760625], ""validated_stored_ids"": [746391, 760625]}",,,,
17870,one_piece,DON!!,DP-03,op06,OP-06: Wings of the Captain,en,Mihawk & Zoro | Double Pack Set Vol. 3,DON!!,,,2761,one_piece:DP-03,281330,281330,,"764414,867221",,,,,,,,,,,,,,,,,,,Low,6.63,EUR,EUR,cardtrader,281330,high,2026-08-29T12:19:30.162830+00:00,"""{\""cardmarket_exact_candidates\"": [], \""snapshot_fingerprint\"": \""e5f5007d68599c7ed520c1582d4f96a6aacf2661b59bdb4b6cd2b68be88affbb\""}""",MISMATCH,stored Cardmarket product conflicts with local printing,true,false,false,,,,,,,,CRITICAL,,,,CRITICAL,wrong_cardmarket_id,,"{""external_provenance"": [{""exact_language"": false, ""id"": 764414, ""metadata"": {""allowed_languages"": [""en"", ""jp"", ""zh-CN"", ""kr"", ""fr""]}, ""scope"": ""mixed""}, {""exact_language"": false, ""id"": 867221, ""metadata"": {""allowed_languages"": [""en"", ""jp"", ""zh-CN"", ""kr"", ""fr""]}, ""scope"": ""mixed""}], ""mismatch_reasons"": [""wrong_cardmarket_id""], ""scryfall_cardmarket_id"": null, ""stored_ids"": [764414, 867221], ""validated_stored_ids"": [764414, 867221]}",,,,
17871,one_piece,DON!!,DP-03,op06,OP-06: Wings of the Captain,jp,Mihawk & Zoro | Double Pack Set Vol. 3,DON!!,,,2761,one_piece:DP-03,281330,281330,,"764414,867221",,,,,,,,,,,,,,,,,,,Low,4.92,EUR,EUR,cardtrader,281330,low,2026-08-28T15:00:15.994637+00:00,"""{\""cardmarket_exact_candidates\"": [], \""snapshot_fingerprint\"": \""6bf07d4709c72673ca4958288a925164dbbc6b738feb7e8e2337013338190ba9\""}""",MISMATCH,stored Cardmarket product conflicts with local printing,true,false,false,,,,,,,,CRITICAL,,,,CRITICAL,wrong_cardmarket_id,,"{""external_provenance"": [{""exact_language"": false, ""id"": 764414, ""metadata"": {""allowed_languages"": [""en"", ""jp"", ""zh-CN"", ""kr"", ""fr""]}, ""scope"": ""mixed""}, {""exact_language"": false, ""id"": 867221, ""metadata"": {""allowed_languages"": [""en"", ""jp"", ""zh-CN"", ""kr"", ""fr""]}, ""scope"": ""mixed""}], ""mismatch_reasons"": [""wrong_cardmarket_id""], ""scryfall_cardmarket_id"": null, ""stored_ids"": [764414, 867221], ""validated_stored_ids"": [764414, 867221]}",,,,
17872,one_piece,DON!!,DP-03,op06,OP-06: Wings of the Captain,en,Ivankov & Sanji | Double Pack Set Vol. 3,DON!!,,,2761,one_piece:DP-03,281331,281331,,"764413,867222",,,,,,,,,,,,,,,,,,,Low,3.01,EUR,EUR,cardtrader,281331,high,2026-08-29T12:19:30.162830+00:00,"""{\""cardmarket_exact_candidates\"": [], \""snapshot_fingerprint\"": \""45bcd40d810117c0408d86e06557e8e3ea60ae2345e6e63eb3b79342b2d7c103\""}""",MISMATCH,stored Cardmarket product conflicts with local printing,true,false,false,,,,,,,,CRITICAL,,,,CRITICAL,wrong_cardmarket_id,,"{""external_provenance"": [{""exact_language"": false, ""id"": 764413, ""metadata"": {""allowed_languages"": [""en"", ""jp"", ""zh-CN"", ""kr"", ""fr""]}, ""scope"": ""mixed""}, {""exact_language"": false, ""id"": 867222, ""metadata"": {""allowed_languages"": [""en"", ""jp"", ""zh-CN"", ""kr"", ""fr""]}, ""scope"": ""mixed""}], ""mismatch_reasons"": [""wrong_cardmarket_id""], ""scryfall_cardmarket_id"": null, ""stored_ids"": [764413, 867222], ""validated_stored_ids"": [764413, 867222]}",,,,
17873,one_piece,DON!!,DP-03,op06,OP-06: Wings of the Captain,jp,Ivankov & Sanji | Double Pack Set Vol. 3,DON!!,,,2761,one_piece:DP-03,281331,281331,,"764413,867222",,,,,,,,,,,,,,,,,,,Low,,EUR,EUR,cardmarket,"764413,867222",,2026-08-28T15:00:15.994637+00:00,"""{\""reason\"": \""Cardmarket product is not exact-language\"", \""snapshot_fingerprint\"": \""19b4a54a83ccd59872f05adef3688835ba8f31734804a778f6542840a831739c\""}""",MISMATCH,stored Cardmarket product conflicts with local printing,true,false,false,,,,,,,,CRITICAL,,,,CRITICAL,wrong_cardmarket_id,stale_price,"{""external_provenance"": [{""exact_language"": false, ""id"": 764413, ""metadata"": {""allowed_languages"": [""en"", ""jp"", ""zh-CN"", ""kr"", ""fr""]}, ""scope"": ""mixed""}, {""exact_language"": false, ""id"": 867222, ""metadata"": {""allowed_languages"": [""en"", ""jp"", ""zh-CN"", ""kr"", ""fr""]}, ""scope"": ""mixed""}], ""mismatch_reasons"": [""wrong_cardmarket_id""], ""scryfall_cardmarket_id"": null, ""stored_ids"": [764413, 867222], ""validated_stored_ids"": [764413, 867222]}",,,,
18001,one_piece,Uta,ST11-002,st11,ST-11: Starter Deck Uta,jp,Base,Super Rare,,,2890,one_piece:ST11-002,275346,275346,,754834,,,,,,,,,,,,,,,,,,,Low,1.59,EUR,EUR,cardtrader,275346,high,2026-08-28T15:00:15.994637+00:00,"""{\""cardmarket_exact_candidates\"": [], \""snapshot_fingerprint\"": \""7087da7064b66e7d3f7b6c1f6a05661a9abe5f9d40b4850683eee2b849c22dba\""}""",MISMATCH,stored Cardmarket product conflicts with local printing,true,false,false,,,,,,,,CRITICAL,,,,CRITICAL,wrong_cardmarket_id,,"{""external_provenance"": [{""exact_language"": false, ""id"": 754834, ""metadata"": {""allowed_languages"": [""en"", ""jp"", ""zh-CN"", ""kr"", ""fr""]}, ""scope"": ""mixed""}], ""mismatch_reasons"": [""wrong_cardmarket_id""], ""scryfall_cardmarket_id"": null, ""stored_ids"": [754834], ""validated_stored_ids"": [754834]}",,,,
18002,one_piece,Uta,ST11-001,st11,ST-11: Starter Deck Uta,jp,Base,Leader,,,2891,one_piece:ST11-001,275347,275347,,754833,,,,,,,,,,,,,,,,,,,Low,,EUR,EUR,cardmarket,754833,,2026-08-28T15:00:15.994637+00:00,"""{\""reason\"": \""Cardmarket product is not exact-language\"", \""snapshot_fingerprint\"": \""8921a7d3ffc6048e19498ed417f0569050c2ae7cd962ab7a73a392759656f614\""}""",MISMATCH,stored Cardmarket product conflicts with local printing,true,false,false,,,,,,,,CRITICAL,,,,CRITICAL,wrong_cardmarket_id,stale_price,"{""external_provenance"": [{""exact_language"": false, ""id"": 754833, ""metadata"": {""allowed_languages"": [""en"", ""jp"", ""zh-CN"", ""kr"", ""fr""]}, ""scope"": ""mixed""}], ""mismatch_reasons"": [""wrong_cardmarket_id""], ""scryfall_cardmarket_id"": null, ""stored_ids"": [754833], ""validated_stored_ids"": [754833]}",,,,
18133,one_piece,Tony Tony.Chopper,EB01-006A,eb-01,EB-01: Memorial Collection,en,Alternate Art,Alternate Art,,,3021,one_piece:EB01-006A,283776,283776,,767961,,,,,,,,,,,,,,,,,,,Low,82.64,EUR,EUR,cardtrader,283776,high,2026-08-29T12:19:30.162830+00:00,"""{\""cardmarket_exact_candidates\"": [], \""snapshot_fingerprint\"": \""b3515f468ef7d06dc4812cc0c8b510b5baefb2278b8e3acc9958daf8b54a8ba8\""}""",MISMATCH,stored Cardmarket product conflicts with local printing,true,false,false,,,,,,,,CRITICAL,,,,CRITICAL,wrong_cardmarket_id,,"{""external_provenance"": [{""exact_language"": false, ""id"": 767961, ""metadata"": {""allowed_languages"": [""en"", ""jp"", ""zh-CN"", ""kr"", ""fr""]}, ""scope"": ""mixed""}], ""mismatch_reasons"": [""wrong_cardmarket_id""], ""scryfall_cardmarket_id"": null, ""stored_ids"": [767961], ""validated_stored_ids"": [767961]}",,,,
18134,one_piece,Tony Tony.Chopper,EB01-006A,eb-01,EB-01: Memorial Collection,jp,Alternate Art,Alternate Art,,,3021,one_piece:EB01-006A,283776,283776,,767961,,,,,,,,,,,,,,,,,,,Low,93.02,EUR,EUR,cardtrader,283776,medium,2026-08-28T15:00:15.994637+00:00,"""{\""cardmarket_exact_candidates\"": [], \""snapshot_fingerprint\"": \""4325f98f2cb7210cd743ad3a29bae2bd60ad1e8b108e29b00ccb7ac0bd1656fc\""}""",MISMATCH,stored Cardmarket product conflicts with local printing,true,false,false,,,,,,,,CRITICAL,,,,CRITICAL,wrong_cardmarket_id,,"{""external_provenance"": [{""exact_language"": false, ""id"": 767961, ""metadata"": {""allowed_languages"": [""en"", ""jp"", ""zh-CN"", ""kr"", ""fr""]}, ""scope"": ""mixed""}], ""mismatch_reasons"": [""wrong_cardmarket_id""], ""scryfall_cardmarket_id"": null, ""stored_ids"": [767961], ""validated_stored_ids"": [767961]}",,,,
18467,one_piece,DON!!,DP-04,op07,OP-07: 500 Years into the Future,en,Boa Hancock | Double Pack Set Vol. 4,DON!!,,,3204,one_piece:DP-04,291940,291940,,"776346,883575",,,,,,,,,,,,,,,,,,,Low,8.15,EUR,EUR,cardtrader,291940,high,2026-08-29T12:19:30.162830+00:00,"""{\""cardmarket_exact_candidates\"": [], \""snapshot_fingerprint\"": \""06db5f4f583a42112fb0f738c5b4429d233cd38e160ef62aad4fe45172d80f64\""}""",MISMATCH,stored Cardmarket product conflicts with local printing,true,false,false,,,,,,,,CRITICAL,,,,CRITICAL,wrong_cardmarket_id,,"{""external_provenance"": [{""exact_language"": false, ""id"": 776346, ""metadata"": {""allowed_languages"": [""en"", ""jp"", ""zh-CN"", ""kr"", ""fr""]}, ""scope"": ""mixed""}, {""exact_language"": false, ""id"": 883575, ""metadata"": {""allowed_languages"": [""en"", ""jp"", ""zh-CN"", ""kr"", ""fr""]}, ""scope"": ""mixed""}], ""mismatch_reasons"": [""wrong_cardmarket_id""], ""scryfall_cardmarket_id"": null, ""stored_ids"": [776346, 883575], ""validated_stored_ids"": [776346, 883575]}",,,,
18468,one_piece,DON!!,DP-04,op07,OP-07: 500 Years into the Future,jp,Boa Hancock | Double Pack Set Vol. 4,DON!!,,,3204,one_piece:DP-04,291940,291940,,"776346,883575",,,,,,,,,,,,,,,,,,,Low,,EUR,EUR,cardmarket,"776346,883575",,2026-08-28T15:00:15.994637+00:00,"""{\""reason\"": \""Cardmarket product is not exact-language\"", \""snapshot_fingerprint\"": \""9f537ade2ca575289479657f266e18a2f98e3750e69490ad19c53dc9e91e332f\""}""",MISMATCH,stored Cardmarket product conflicts with local printing,true,false,false,,,,,,,,CRITICAL,,,,CRITICAL,wrong_cardmarket_id,stale_price,"{""external_provenance"": [{""exact_language"": false, ""id"": 776346, ""metadata"": {""allowed_languages"": [""en"", ""jp"", ""zh-CN"", ""kr"", ""fr""]}, ""scope"": ""mixed""}, {""exact_language"": false, ""id"": 883575, ""metadata"": {""allowed_languages"": [""en"", ""jp"", ""zh-CN"", ""kr"", ""fr""]}, ""scope"": ""mixed""}], ""mismatch_reasons"": [""wrong_cardmarket_id""], ""scryfall_cardmarket_id"": null, ""stored_ids"": [776346, 883575], ""validated_stored_ids"": [776346, 883575]}",,,,
18469,one_piece,DON!!,DP-04,op07,OP-07: 500 Years into the Future,jp,Law & Kid & Luffy | Double Pack Set Vol. 4,DON!!,,,3204,one_piece:DP-04,291943,291943,,776345,,,,,,,,,,,,,,,,,,,Low,,EUR,EUR,cardmarket,776345,,2026-08-28T15:00:15.994637+00:00,"""{\""reason\"": \""Cardmarket product is not exact-language\"", \""snapshot_fingerprint\"": \""037753d744ebe68a5cc9cdf4c844ecee685b3c5fa87a925a3a87dc228df66675\""}""",MISMATCH,stored Cardmarket product conflicts with local printing,true,false,false,,,,,,,,CRITICAL,,,,CRITICAL,wrong_cardmarket_id,stale_price,"{""external_provenance"": [{""exact_language"": false, ""id"": 776345, ""metadata"": {""allowed_languages"": [""en"", ""jp"", ""zh-CN"", ""kr"", ""fr""]}, ""scope"": ""mixed""}], ""mismatch_reasons"": [""wrong_cardmarket_id""], ""scryfall_cardmarket_id"": null, ""stored_ids"": [776345], ""validated_stored_ids"": [776345]}",,,,
18588,one_piece,Kaido,P-010W,op-wp,Winner Pack,en,WINNER | Winner Pack Vol. 1,Promo,,,3307,one_piece:P-010W,256625,256625,,692250,,,,,,,,,,,,,,,,,,,Low,120.64,EUR,EUR,cardtrader,256625,high,2026-08-28T15:00:15.994637+00:00,"""{\""cardmarket_exact_candidates\"": [], \""snapshot_fingerprint\"": \""83ded52c22616615c42f5e3ef38ae21975c876da8d22f5618202ade9a8c6f088\""}""",MISMATCH,stored Cardmarket product conflicts with local printing,true,false,false,,,,,,,,CRITICAL,,,,CRITICAL,wrong_cardmarket_id,,"{""external_provenance"": [{""exact_language"": false, ""id"": 692250, ""metadata"": {""allowed_languages"": [""en"", ""jp"", ""zh-CN"", ""kr"", ""fr""]}, ""scope"": ""mixed""}], ""mismatch_reasons"": [""wrong_cardmarket_id""], ""scryfall_cardmarket_id"": null, ""stored_ids"": [692250], ""validated_stored_ids"": [692250]}",,,,
18589,one_piece,Kaido,P-010W,op-wp,Winner Pack,jp,WINNER | Winner Pack Vol. 1,Promo,,,3307,one_piece:P-010W,256625,256625,,692250,,,,,,,,,,,,,,,,,,,Low,,EUR,EUR,cardmarket,692250,,2026-08-28T15:00:15.994637+00:00,"""{\""reason\"": \""Cardmarket product is not exact-language\"", \""snapshot_fingerprint\"": \""d085d6e1a45ae38e6f0c2d2f53be5e2bc12ed0514902190988d7693aa3940046\""}""",MISMATCH,stored Cardmarket product conflicts with local printing,true,false,false,,,,,,,,CRITICAL,,,,CRITICAL,wrong_cardmarket_id,stale_price,"{""external_provenance"": [{""exact_language"": false, ""id"": 692250, ""metadata"": {""allowed_languages"": [""en"", ""jp"", ""zh-CN"", ""kr"", ""fr""]}, ""scope"": ""mixed""}], ""mismatch_reasons"": [""wrong_cardmarket_id""], ""scryfall_cardmarket_id"": null, ""stored_ids"": [692250], ""validated_stored_ids"": [692250]}",,,,
18596,one_piece,Tashigi,ST06-006W,op-wp,Winner Pack,en,Winner Pack Vol. 4,Promo,,,841,one_piece:ST06-006W,264951,264951,,729804,,,,,,,,,,,,,,,,,,,Low,15.17,EUR,EUR,cardtrader,264951,high,2026-08-29T12:19:30.162830+00:00,"""{\""cardmarket_exact_candidates\"": [], \""snapshot_fingerprint\"": \""7bc263eaa2b54b991278c3e323de05adce29ed4a5a1f032e8b0e538a262f34b8\""}""",MISMATCH,stored Cardmarket product conflicts with local printing,true,false,false,,,,,,,,CRITICAL,,,,CRITICAL,wrong_cardmarket_id,,"{""external_provenance"": [{""exact_language"": false, ""id"": 729804, ""metadata"": {""allowed_languages"": [""en"", ""jp"", ""zh-CN"", ""kr"", ""fr""]}, ""scope"": ""mixed""}], ""mismatch_reasons"": [""wrong_cardmarket_id""], ""scryfall_cardmarket_id"": null, ""stored_ids"": [729804], ""validated_stored_ids"": [729804]}",,,,
18597,one_piece,Tashigi,ST06-006W,op-wp,Winner Pack,jp,Winner Pack Vol. 4,Promo,,,841,one_piece:ST06-006W,264951,264951,,729804,,,,,,,,,,,,,,,,,,,Low,,EUR,EUR,cardmarket,729804,,2026-08-28T15:00:15.994637+00:00,"""{\""reason\"": \""Cardmarket product is not exact-language\"", \""snapshot_fingerprint\"": \""48426104716c47f544e90c6f3b3117b1a06e919b7096c876600589dcd2cf6bc1\""}""",MISMATCH,stored Cardmarket product conflicts with local printing,true,false,false,,,,,,,,CRITICAL,,,,CRITICAL,wrong_cardmarket_id,stale_price,"{""external_provenance"": [{""exact_language"": false, ""id"": 729804, ""metadata"": {""allowed_languages"": [""en"", ""jp"", ""zh-CN"", ""kr"", ""fr""]}, ""scope"": ""mixed""}], ""mismatch_reasons"": [""wrong_cardmarket_id""], ""scryfall_cardmarket_id"": null, ""stored_ids"": [729804], ""validated_stored_ids"": [729804]}",,,,
18607,one_piece,Shirahoshi,OP03-116W,op-wp,Winner Pack,en,Winner Pack Vol. 6,Promo,,,3324,one_piece:OP03-116W,284018,284018,,754939,,,,,,,,,,,,,,,,,,,Low,20.25,EUR,EUR,cardtrader,284018,high,2026-08-29T12:19:30.162830+00:00,"""{\""cardmarket_exact_candidates\"": [], \""snapshot_fingerprint\"": \""d5ff2b02c1c36547ecee17b8db51228ae6022849f8e0c8616d84958638e165a6\""}""",MISMATCH,stored Cardmarket product conflicts with local printing,true,false,false,,,,,,,,CRITICAL,,,,CRITICAL,wrong_cardmarket_id,,"{""external_provenance"": [{""exact_language"": false, ""id"": 754939, ""metadata"": {""allowed_languages"": [""en"", ""jp"", ""zh-CN"", ""kr"", ""fr""]}, ""scope"": ""mixed""}], ""mismatch_reasons"": [""wrong_cardmarket_id""], ""scryfall_cardmarket_id"": null, ""stored_ids"": [754939], ""validated_stored_ids"": [754939]}",,,,
18608,one_piece,Shirahoshi,OP03-116W,op-wp,Winner Pack,jp,Winner Pack Vol. 6,Promo,,,3324,one_piece:OP03-116W,284018,284018,,754939,,,,,,,,,,,,,,,,,,,Low,,EUR,EUR,cardmarket,754939,,2026-08-28T15:00:15.994637+00:00,"""{\""reason\"": \""Cardmarket product is not exact-language\"", \""snapshot_fingerprint\"": \""d471c6028d5a1fabe124dd20032eadd44e4f893513325995863e406e5a31ed42\""}""",MISMATCH,stored Cardmarket product conflicts with local printing,true,false,false,,,,,,,,CRITICAL,,,,CRITICAL,wrong_cardmarket_id,stale_price,"{""external_provenance"": [{""exact_language"": false, ""id"": 754939, ""metadata"": {""allowed_languages"": [""en"", ""jp"", ""zh-CN"", ""kr"", ""fr""]}, ""scope"": ""mixed""}], ""mismatch_reasons"": [""wrong_cardmarket_id""], ""scryfall_cardmarket_id"": null, ""stored_ids"": [754939], ""validated_stored_ids"": [754939]}",,,,
18613,one_piece,Camie,OP03-101P2,op-wp,Winner Pack,en,Championship 2024 | Finalist,Promo,,,3330,one_piece:OP03-101P2,295865,295865,,787536,,,,,,,,,,,,,,,,,,,Low,479.42,EUR,EUR,cardtrader,295865,low,2026-08-29T12:19:30.162830+00:00,"""{\""cardmarket_exact_candidates\"": [], \""snapshot_fingerprint\"": \""4e9e87e3fc6fa46038939363b87a2e6d9fbfeb0ce8052c1adc3ad0cf7a89389a\""}""",MISMATCH,stored Cardmarket product conflicts with local printing,true,false,false,,,,,,,,CRITICAL,,,,CRITICAL,wrong_cardmarket_id,,"{""external_provenance"": [{""exact_language"": false, ""id"": 787536, ""metadata"": {""allowed_languages"": [""en"", ""jp"", ""zh-CN"", ""kr"", ""fr""]}, ""scope"": ""mixed""}], ""mismatch_reasons"": [""wrong_cardmarket_id""], ""scryfall_cardmarket_id"": null, ""stored_ids"": [787536], ""validated_stored_ids"": [787536]}",,,,
18614,one_piece,Camie,OP03-101P2,op-wp,Winner Pack,jp,Championship 2024 | Finalist,Promo,,,3330,one_piece:OP03-101P2,295865,295865,,787536,,,,,,,,,,,,,,,,,,,Low,,EUR,EUR,cardmarket,787536,,2026-08-28T15:00:15.994637+00:00,"""{\""reason\"": \""Cardmarket product is not exact-language\"", \""snapshot_fingerprint\"": \""f60fa734271f368ac447818a9244229320cbc2cf89be66a3d1b0d0b7700d60dc\""}""",MISMATCH,stored Cardmarket product conflicts with local printing,true,false,false,,,,,,,,CRITICAL,,,,CRITICAL,wrong_cardmarket_id,stale_price,"{""external_provenance"": [{""exact_language"": false, ""id"": 787536, ""metadata"": {""allowed_languages"": [""en"", ""jp"", ""zh-CN"", ""kr"", ""fr""]}, ""scope"": ""mixed""}], ""mismatch_reasons"": [""wrong_cardmarket_id""], ""scryfall_cardmarket_id"": null, ""stored_ids"": [787536], ""validated_stored_ids"": [787536]}",,,,
18619,one_piece,Zoro,P-042,op-wp,Winner Pack,jp,Championship 2024 | Event Pack Finalist,Promo,,,3335,one_piece:P-042:zoro,295874,295874,,787507,,,,,,,,,,,,,,,,,,,Low,,EUR,EUR,cardmarket,787507,,2026-08-28T15:00:15.994637+00:00,"""{\""reason\"": \""Cardmarket product is not exact-language\"", \""snapshot_fingerprint\"": \""088af5629a995e36a4c575fc5daafc81d1572f74ebfffe43c89dff1cec8586a5\""}""",MISMATCH,stored Cardmarket product conflicts with local printing,true,false,false,,,,,,,,CRITICAL,,,,CRITICAL,wrong_cardmarket_id,stale_price,"{""external_provenance"": [{""exact_language"": false, ""id"": 787507, ""metadata"": {""allowed_languages"": [""en"", ""jp"", ""zh-CN"", ""kr"", ""fr""]}, ""scope"": ""mixed""}], ""mismatch_reasons"": [""wrong_cardmarket_id""], ""scryfall_cardmarket_id"": null, ""stored_ids"": [787507], ""validated_stored_ids"": [787507]}",,,,
18653,one_piece,Traflagar Law,OP09-069,op-wp,Winner Pack,jp,Beginners Deck Party | Winner Pack,Promo,,,766,one_piece:OP09-069:traflagarlaw,335958,335958,,828454,,,,,,,,,,,,,,,,,,,Low,,EUR,EUR,cardmarket,828454,,2026-08-28T15:00:15.994637+00:00,"""{\""reason\"": \""Cardmarket product is not exact-language\"", \""snapshot_fingerprint\"": \""d479cb3aaba51cb3609387a621baf66787e4f92cd528676fd7b450b932f33353\""}""",MISMATCH,stored Cardmarket product conflicts with local printing,true,false,false,,,,,,,,CRITICAL,,,,CRITICAL,wrong_cardmarket_id,stale_price,"{""external_provenance"": [{""exact_language"": false, ""id"": 828454, ""metadata"": {""allowed_languages"": [""en"", ""jp"", ""zh-CN"", ""kr"", ""fr""]}, ""scope"": ""mixed""}], ""mismatch_reasons"": [""wrong_cardmarket_id""], ""scryfall_cardmarket_id"": null, ""stored_ids"": [828454], ""validated_stored_ids"": [828454]}",,,,
18661,one_piece,Zoro,P-042,op-wp,Winner Pack,jp,Gold Text | Championship 2024 | Event Pack,Promo,,,3335,one_piece:P-042:zoro,339272,339272,,787446,,,,,,,,,,,,,,,,,,,Low,,EUR,EUR,cardmarket,787446,,2026-08-28T15:00:15.994637+00:00,"""{\""reason\"": \""Cardmarket product is not exact-language\"", \""snapshot_fingerprint\"": \""15d23a89af97310f6152679825298d7152d291897e7c929c3e29458bda580ef3\""}""",MISMATCH,stored Cardmarket product conflicts with local printing,true,false,false,,,,,,,,CRITICAL,,,,CRITICAL,wrong_cardmarket_id,stale_price,"{""external_provenance"": [{""exact_language"": false, ""id"": 787446, ""metadata"": {""allowed_languages"": [""en"", ""jp"", ""zh-CN"", ""kr"", ""fr""]}, ""scope"": ""mixed""}], ""mismatch_reasons"": [""wrong_cardmarket_id""], ""scryfall_cardmarket_id"": null, ""stored_ids"": [787446], ""validated_stored_ids"": [787446]}",,,,
18830,one_piece,Monkey.D.Luffy,P-055LA,op-pcc,Premium Card Collection,en,Premium Card Collection -Live Action Edition,Promo,,,3508,one_piece:P-055LA,288051,288051,,768126,,,,,,,,,,,,,,,,,,,Low,7.09,EUR,EUR,cardtrader,288051,high,2026-08-29T12:19:30.162830+00:00,"""{\""cardmarket_exact_candidates\"": [], \""snapshot_fingerprint\"": \""699614bd321c5afd414cd1943b324269b1cd8087bf6d1629d30c49a59ac7f48e\""}""",MISMATCH,stored Cardmarket product conflicts with local printing,true,false,false,,,,,,,,CRITICAL,,,,CRITICAL,wrong_cardmarket_id,,"{""external_provenance"": [{""exact_language"": false, ""id"": 768126, ""metadata"": {""allowed_languages"": [""en"", ""jp"", ""zh-CN"", ""kr"", ""fr""]}, ""scope"": ""mixed""}], ""mismatch_reasons"": [""wrong_cardmarket_id""], ""scryfall_cardmarket_id"": null, ""stored_ids"": [768126], ""validated_stored_ids"": [768126]}",,,,
18831,one_piece,Monkey.D.Luffy,P-055LA,op-pcc,Premium Card Collection,jp,Premium Card Collection -Live Action Edition,Promo,,,3508,one_piece:P-055LA,288051,288051,,768126,,,,,,,,,,,,,,,,,,,Low,10.14,EUR,EUR,cardtrader,288051,medium,2026-08-28T15:00:15.994637+00:00,"""{\""cardmarket_exact_candidates\"": [], \""snapshot_fingerprint\"": \""aa424ba1177344a18fa5490535cdc984df2d44ebe02fbd9751da82a0a0f3eeab\""}""",MISMATCH,stored Cardmarket product conflicts with local printing,true,false,false,,,,,,,,CRITICAL,,,,CRITICAL,wrong_cardmarket_id,,"{""external_provenance"": [{""exact_language"": false, ""id"": 768126, ""metadata"": {""allowed_languages"": [""en"", ""jp"", ""zh-CN"", ""kr"", ""fr""]}, ""scope"": ""mixed""}], ""mismatch_reasons"": [""wrong_cardmarket_id""], ""scryfall_cardmarket_id"": null, ""stored_ids"": [768126], ""validated_stored_ids"": [768126]}",,,,
19041,one_piece,Franky,OP01-021P,jp-promo,Asian Promos,jp,Standard Battle Champion,Promo,,,3649,one_piece:OP01-021P,264903,264903,,703710,,,,,,,,,,,,,,,,,,,Low,15.9,EUR,EUR,cardtrader,264903,medium,2026-08-28T15:00:15.994637+00:00,"""{\""cardmarket_exact_candidates\"": [], \""snapshot_fingerprint\"": \""8143633694d77444e41cb36837f962e2964a18d460984fbff1ea02d89d622c7e\""}""",MISMATCH,stored Cardmarket product conflicts with local printing,true,false,false,,,,,,,,CRITICAL,,,,CRITICAL,wrong_cardmarket_id,,"{""external_provenance"": [{""exact_language"": false, ""id"": 703710, ""metadata"": {""allowed_languages"": [""jp"", ""zh-CN""]}, ""scope"": ""mixed""}], ""mismatch_reasons"": [""wrong_cardmarket_id""], ""scryfall_cardmarket_id"": null, ""stored_ids"": [703710], ""validated_stored_ids"": [703710]}",,,,
19049,one_piece,Monkey.D.Luffy,P-041P,jp-promo,Asian Promos,en,One Year Anniversary Promo,Promo,,,3657,one_piece:P-041P,294208,294208,,738956,,,,,,,,,,,,,,,,,,,Low,,EUR,EUR,cardmarket,738956,,2026-08-28T15:00:15.994637+00:00,"""{\""reason\"": \""Cardmarket product is not exact-language\"", \""snapshot_fingerprint\"": \""99b7d3b7e81eb24fd522093d76b7a1a7a9a66101576b7e135ee0982c1e1be826\""}""",MISMATCH,stored Cardmarket product conflicts with local printing,true,false,false,,,,,,,,CRITICAL,,,,CRITICAL,wrong_cardmarket_id,stale_price,"{""external_provenance"": [{""exact_language"": false, ""id"": 738956, ""metadata"": {""allowed_languages"": [""en"", ""jp"", ""zh-CN"", ""kr""]}, ""scope"": ""mixed""}], ""mismatch_reasons"": [""wrong_cardmarket_id""], ""scryfall_cardmarket_id"": null, ""stored_ids"": [738956], ""validated_stored_ids"": [738956]}",,,,
19050,one_piece,Monkey.D.Luffy,P-041P,jp-promo,Asian Promos,jp,One Year Anniversary Promo,Promo,,,3657,one_piece:P-041P,294208,294208,,738956,,,,,,,,,,,,,,,,,,,Low,24.3,EUR,EUR,cardtrader,294208,high,2026-08-28T15:00:15.994637+00:00,"""{\""cardmarket_exact_candidates\"": [], \""snapshot_fingerprint\"": \""c56be96187af1ad6257c6caf262704f982bca91847aeced8a6c86486a480e44c\""}""",MISMATCH,stored Cardmarket product conflicts with local printing,true,false,false,,,,,,,,CRITICAL,,,,CRITICAL,wrong_cardmarket_id,,"{""external_provenance"": [{""exact_language"": false, ""id"": 738956, ""metadata"": {""allowed_languages"": [""en"", ""jp"", ""zh-CN"", ""kr""]}, ""scope"": ""mixed""}], ""mismatch_reasons"": [""wrong_cardmarket_id""], ""scryfall_cardmarket_id"": null, ""stored_ids"": [738956], ""validated_stored_ids"": [738956]}",,,,
19140,one_piece,Perona,OP06-093A,jp-promo,Asian Promos,jp,For Asia Stamp | Flagship Battle Asia,Promo,,,3741,one_piece:OP06-093A,380910,380910,,901281,,,,,,,,,,,,,,,,,,,Low,250.64,EUR,EUR,cardtrader,380910,low,2026-08-28T15:00:15.994637+00:00,"""{\""cardmarket_exact_candidates\"": [], \""snapshot_fingerprint\"": \""b0b32088ceffa2e5b3b0a63ac05e83276e5656b8dafe8e632b6fa0061dba1049\""}""",MISMATCH,stored Cardmarket product conflicts with local printing,true,false,false,,,,,,,,CRITICAL,,,,CRITICAL,wrong_cardmarket_id,,"{""external_provenance"": [{""exact_language"": false, ""id"": 901281, ""metadata"": {""allowed_languages"": [""jp"", ""zh-CN"", ""kr""]}, ""scope"": ""mixed""}], ""mismatch_reasons"": [""wrong_cardmarket_id""], ""scryfall_cardmarket_id"": null, ""stored_ids"": [901281], ""validated_stored_ids"": [901281]}",,,,
19145,one_piece,Vinsmoke Sora,OP06-063,jp-promo,Asian Promos,jp,Promo Vol.7,Uncommon,,,2737,one_piece:OP06-063,386901,386901,,898778,,,,,,,,,,,,,,,,,,,Low,5.18,EUR,EUR,cardtrader,386901,low,2026-08-28T15:00:15.994637+00:00,"""{\""cardmarket_exact_candidates\"": [], \""snapshot_fingerprint\"": \""b4494048e4da698bba2c8f48ad483755dc9d1ef4104419243a8fe037b731c8d6\""}""",MISMATCH,stored Cardmarket product conflicts with local printing,true,false,false,,,,,,,,CRITICAL,,,,CRITICAL,wrong_cardmarket_id,,"{""external_provenance"": [{""exact_language"": false, ""id"": 898778, ""metadata"": {""allowed_languages"": [""jp"", ""zh-CN"", ""kr""]}, ""scope"": ""mixed""}], ""mismatch_reasons"": [""wrong_cardmarket_id""], ""scryfall_cardmarket_id"": null, ""stored_ids"": [898778], ""validated_stored_ids"": [898778]}",,,,
19188,one_piece,I Know You're Strong... So I'll Go All Out from the Very Start!!!,OP13-040W,jp-promo,Asian Promos,jp,Standard Battle Pack Vol.16 | Winner,Promo,,,3789,one_piece:OP13-040W,399649,399649,,896395,,,,,,,,,,,,,,,,,,,Low,67.64,EUR,EUR,cardtrader,399649,high,2026-08-28T15:00:15.994637+00:00,"""{\""cardmarket_exact_candidates\"": [], \""snapshot_fingerprint\"": \""5d1eb2ae94c573ea1d76bf25bca6aca8df45742ebd1f769aa34ec9ae2f302803\""}""",MISMATCH,stored Cardmarket product conflicts with local printing,true,false,false,,,,,,,,CRITICAL,,,,CRITICAL,wrong_cardmarket_id,,"{""external_provenance"": [{""exact_language"": false, ""id"": 896395, ""metadata"": {""allowed_languages"": [""jp"", ""zh-CN""]}, ""scope"": ""mixed""}], ""mismatch_reasons"": [""wrong_cardmarket_id""], ""scryfall_cardmarket_id"": null, ""stored_ids"": [896395], ""validated_stored_ids"": [896395]}",,,,
19199,one_piece,Urouge,OP07-021E,jp-promo,Asian Promos,jp,Let’s Get Started Campaign Promo | Extended Art,Promo,,,3800,one_piece:OP07-021E,399672,399672,,829833,,,,,,,,,,,,,,,,,,,Low,,EUR,EUR,cardmarket,829833,,2026-08-28T15:00:15.994637+00:00,"""{\""reason\"": \""Cardmarket product is not exact-language\"", \""snapshot_fingerprint\"": \""c8657ac505a684a9eef0e6b60ee7e42aa3fd03c43433f26a607bf3cbc148c779\""}""",MISMATCH,stored Cardmarket product conflicts with local printing,true,false,false,,,,,,,,CRITICAL,,,,CRITICAL,wrong_cardmarket_id,stale_price,"{""external_provenance"": [{""exact_language"": false, ""id"": 829833, ""metadata"": {""allowed_languages"": [""jp"", ""zh-CN""]}, ""scope"": ""mixed""}], ""mismatch_reasons"": [""wrong_cardmarket_id""], ""scryfall_cardmarket_id"": null, ""stored_ids"": [829833], ""validated_stored_ids"": [829833]}",,,,
19210,one_piece,Boa Hancock,OP13-051S,jp-promo,Asian Promos,jp,Mini Tin Set Vol.3 | Limited Serial Numbered,Promo,,,3811,one_piece:OP13-051S,401920,401920,,894175,,,,,,,,,,,,,,,,,,,Low,,EUR,EUR,cardmarket,894175,,2026-08-28T15:00:15.994637+00:00,"""{\""reason\"": \""Cardmarket product is not exact-language\"", \""snapshot_fingerprint\"": \""0422b3ff0ed02b0a0cbcca104857fa20da9178caa78df7f4f42e921f99bb9f2c\""}""",MISMATCH,stored Cardmarket product conflicts with local printing,true,false,false,,,,,,,,CRITICAL,,,,CRITICAL,wrong_cardmarket_id,stale_price,"{""external_provenance"": [{""exact_language"": false, ""id"": 894175, ""metadata"": {""allowed_languages"": [""jp"", ""zh-CN"", ""kr""]}, ""scope"": ""mixed""}], ""mismatch_reasons"": [""wrong_cardmarket_id""], ""scryfall_cardmarket_id"": null, ""stored_ids"": [894175], ""validated_stored_ids"": [894175]}",,,,
19546,one_piece,Silvers Rayleigh,OP08-118A,op08,OP-08: Two Legends,en,Secret Rare | Alternate Art,Alternate Art,,,4005,one_piece:OP08-118A,299419,299419,,"771764,788029",,,,,,,,,,,,,,,,,,,Low,15.21,EUR,EUR,cardtrader,299419,high,2026-08-29T12:19:30.162830+00:00,"""{\""cardmarket_exact_candidates\"": [], \""snapshot_fingerprint\"": \""c2b22c5be74021215a5d5ff208aa97d480c9a0dd3f2a784ee6795b8ee8acd91b\""}""",MISMATCH,stored Cardmarket product conflicts with local printing,true,false,false,,,,,,,,CRITICAL,,,,CRITICAL,wrong_cardmarket_id,,"{""external_provenance"": [{""exact_language"": false, ""id"": 771764, ""metadata"": {""allowed_languages"": [""en"", ""jp"", ""zh-CN"", ""kr"", ""fr""]}, ""scope"": ""mixed""}, {""exact_language"": false, ""id"": 788029, ""metadata"": {""allowed_languages"": [""en"", ""jp"", ""zh-CN"", ""kr"", ""fr""]}, ""scope"": ""mixed""}], ""mismatch_reasons"": [""wrong_cardmarket_id""], ""scryfall_cardmarket_id"": null, ""stored_ids"": [771764, 788029], ""validated_stored_ids"": [771764, 788029]}",,,,
19547,one_piece,Silvers Rayleigh,OP08-118A,op08,OP-08: Two Legends,jp,Secret Rare | Alternate Art,Alternate Art,,,4005,one_piece:OP08-118A,299419,299419,,"771764,788029",,,,,,,,,,,,,,,,,,,Low,20.27,EUR,EUR,cardtrader,299419,high,2026-08-29T12:19:30.162830+00:00,"""{\""cardmarket_exact_candidates\"": [], \""snapshot_fingerprint\"": \""d7942759869d30f62a64477d7484b2de3ec3fbe32d4362d362bcf2ff6f6e118d\""}""",MISMATCH,stored Cardmarket product conflicts with local printing,true,false,false,,,,,,,,CRITICAL,,,,CRITICAL,wrong_cardmarket_id,,"{""external_provenance"": [{""exact_language"": false, ""id"": 771764, ""metadata"": {""allowed_languages"": [""en"", ""jp"", ""zh-CN"", ""kr"", ""fr""]}, ""scope"": ""mixed""}, {""exact_language"": false, ""id"": 788029, ""metadata"": {""allowed_languages"": [""en"", ""jp"", ""zh-CN"", ""kr"", ""fr""]}, ""scope"": ""mixed""}], ""mismatch_reasons"": [""wrong_cardmarket_id""], ""scryfall_cardmarket_id"": null, ""stored_ids"": [771764, 788029], ""validated_stored_ids"": [771764, 788029]}",,,,
19562,one_piece,DON!!,DP-05,op08,OP-08: Two Legends,jp,Rayleigh Silhouette | Double Pack Set Vol. 5,DON!!,,,4013,one_piece:DP-05,299852,299852,,787545,,,,,,,,,,,,,,,,,,,Low,,EUR,EUR,cardmarket,787545,,2026-08-28T15:00:15.994637+00:00,"""{\""reason\"": \""Cardmarket product is not exact-language\"", \""snapshot_fingerprint\"": \""eb72fb0386802d12554c394e830f4042f090e89a191221fd4eea3f1070853521\""}""",MISMATCH,stored Cardmarket product conflicts with local printing,true,false,false,,,,,,,,CRITICAL,,,,CRITICAL,wrong_cardmarket_id,stale_price,"{""external_provenance"": [{""exact_language"": false, ""id"": 787545, ""metadata"": {""allowed_languages"": [""en"", ""jp"", ""zh-CN"", ""kr"", ""fr""]}, ""scope"": ""mixed""}], ""mismatch_reasons"": [""wrong_cardmarket_id""], ""scryfall_cardmarket_id"": null, ""stored_ids"": [787545], ""validated_stored_ids"": [787545]}",,,,
19563,one_piece,DON!!,DP-05,op08,OP-08: Two Legends,jp,Whitebeard Shattered | Double Pack Set Vol. 5,DON!!,,,4013,one_piece:DP-05,299853,299853,,787546,,,,,,,,,,,,,,,,,,,Low,,EUR,EUR,cardmarket,787546,,2026-08-28T15:00:15.994637+00:00,"""{\""reason\"": \""Cardmarket product is not exact-language\"", \""snapshot_fingerprint\"": \""8db1261dbc01e50bd95458d724bd9af0fcf47c4a438130f8026c853de8f84d67\""}""",MISMATCH,stored Cardmarket product conflicts with local printing,true,false,false,,,,,,,,CRITICAL,,,,CRITICAL,wrong_cardmarket_id,stale_price,"{""external_provenance"": [{""exact_language"": false, ""id"": 787546, ""metadata"": {""allowed_languages"": [""en"", ""jp"", ""zh-CN"", ""kr"", ""fr""]}, ""scope"": ""mixed""}], ""mismatch_reasons"": [""wrong_cardmarket_id""], ""scryfall_cardmarket_id"": null, ""stored_ids"": [787546], ""validated_stored_ids"": [787546]}",,,,
19569,one_piece,DON!!,PRB-ACE-G,prb01,PRB-01: The Best - Premium Booster,jp,Ace | Gold Foil,DON!!,,,4018,one_piece:PRB-ACE-G,306507,306507,,799452,,,,,,,,,,,,,,,,,,,Low,64.64,EUR,EUR,cardtrader,306507,high,2026-08-29T12:19:30.162830+00:00,"""{\""cardmarket_exact_candidates\"": [], \""snapshot_fingerprint\"": \""a0b563b13178696c7f76a3aadef3c9c2ccbf30f35045670eb09cecba4ca62af3\""}""",MISMATCH,stored Cardmarket product conflicts with local printing,true,false,false,,,,,,,,CRITICAL,,,,CRITICAL,wrong_cardmarket_id,,"{""external_provenance"": [{""exact_language"": false, ""id"": 799452, ""metadata"": {""allowed_languages"": [""en"", ""jp"", ""zh-CN"", ""kr"", ""fr""]}, ""scope"": ""mixed""}], ""mismatch_reasons"": [""wrong_cardmarket_id""], ""scryfall_cardmarket_id"": null, ""stored_ids"": [799452], ""validated_stored_ids"": [799452]}",,,,
19570,one_piece,DON!!,PRB-BIGMOM-G,prb01,PRB-01: The Best - Premium Booster,en,Big Mom | Gold Foil,DON!!,,,4019,one_piece:PRB-BIGMOM-G,306508,306508,,"781242,799458",,,,,,,,,,,,,,,,,,,Low,100.62,EUR,EUR,cardtrader,306508,low,2026-08-28T15:00:15.994637+00:00,"""{\""cardmarket_exact_candidates\"": [], \""snapshot_fingerprint\"": \""88d04b025ed25ebcf25984a208d86d3bd1f2e6cc3937a940419c37b81cef1dbe\""}""",MISMATCH,stored Cardmarket product conflicts with local printing,true,false,false,,,,,,,,CRITICAL,,,,CRITICAL,wrong_cardmarket_id,,"{""external_provenance"": [{""exact_language"": false, ""id"": 781242, ""metadata"": {""allowed_languages"": [""en"", ""jp"", ""zh-CN"", ""kr"", ""fr""]}, ""scope"": ""mixed""}, {""exact_language"": false, ""id"": 799458, ""metadata"": {""allowed_languages"": [""en"", ""jp"", ""zh-CN"", ""kr"", ""fr""]}, ""scope"": ""mixed""}], ""mismatch_reasons"": [""wrong_cardmarket_id""], ""scryfall_cardmarket_id"": null, ""stored_ids"": [781242, 799458], ""validated_stored_ids"": [781242, 799458]}",,,,
19571,one_piece,DON!!,PRB-BIGMOM-G,prb01,PRB-01: The Best - Premium Booster,jp,Big Mom | Gold Foil,DON!!,,,4019,one_piece:PRB-BIGMOM-G,306508,306508,,"781242,799458",,,,,,,,,,,,,,,,,,,Low,36.52,EUR,EUR,cardtrader,306508,high,2026-08-28T15:00:15.994637+00:00,"""{\""cardmarket_exact_candidates\"": [], \""snapshot_fingerprint\"": \""a6189cdafbc1656fc06cb016f8d6c6eb3a4b1eb19cf4d85e8f8229fd7d6be28f\""}""",MISMATCH,stored Cardmarket product conflicts with local printing,true,false,false,,,,,,,,CRITICAL,,,,CRITICAL,wrong_cardmarket_id,,"{""external_provenance"": [{""exact_language"": false, ""id"": 781242, ""metadata"": {""allowed_languages"": [""en"", ""jp"", ""zh-CN"", ""kr"", ""fr""]}, ""scope"": ""mixed""}, {""exact_language"": false, ""id"": 799458, ""metadata"": {""allowed_languages"": [""en"", ""jp"", ""zh-CN"", ""kr"", ""fr""]}, ""scope"": ""mixed""}], ""mismatch_reasons"": [""wrong_cardmarket_id""], ""scryfall_cardmarket_id"": null, ""stored_ids"": [781242, 799458], ""validated_stored_ids"": [781242, 799458]}",,,,
19572,one_piece,DON!!,PRB-CROCODILE-G,prb01,PRB-01: The Best - Premium Booster,en,Crocodile | Gold Foil,DON!!,,,4020,one_piece:PRB-CROCODILE-G,306509,306509,,"781216,799464",,,,,,,,,,,,,,,,,,,Low,100.54,EUR,EUR,cardtrader,306509,high,2026-08-29T12:19:30.162830+00:00,"""{\""cardmarket_exact_candidates\"": [], \""snapshot_fingerprint\"": \""8986ad5336268dfd670d862abbb4700e5c70c9c3e0c0f5378045706d1790ee07\""}""",MISMATCH,stored Cardmarket product conflicts with local printing,true,false,false,,,,,,,,CRITICAL,,,,CRITICAL,wrong_cardmarket_id,,"{""external_provenance"": [{""exact_language"": false, ""id"": 781216, ""metadata"": {""allowed_languages"": [""en"", ""jp"", ""zh-CN"", ""kr"", ""fr""]}, ""scope"": ""mixed""}, {""exact_language"": false, ""id"": 799464, ""metadata"": {""allowed_languages"": [""en"", ""jp"", ""zh-CN"", ""kr"", ""fr""]}, ""scope"": ""mixed""}], ""mismatch_reasons"": [""wrong_cardmarket_id""], ""scryfall_cardmarket_id"": null, ""stored_ids"": [781216, 799464], ""validated_stored_ids"": [781216, 799464]}",,,,
19573,one_piece,DON!!,PRB-CROCODILE-G,prb01,PRB-01: The Best - Premium Booster,jp,Crocodile | Gold Foil,DON!!,,,4020,one_piece:PRB-CROCODILE-G,306509,306509,,"781216,799464",,,,,,,,,,,,,,,,,,,Low,43.84,EUR,EUR,cardtrader,306509,high,2026-08-29T12:19:30.162830+00:00,"""{\""cardmarket_exact_candidates\"": [], \""snapshot_fingerprint\"": \""aa65cc82ed1ba212f85d76a45148c1af3ee691c91f0f03bc5f93f72beea38b94\""}""",MISMATCH,stored Cardmarket product conflicts with local printing,true,false,false,,,,,,,,CRITICAL,,,,CRITICAL,wrong_cardmarket_id,,"{""external_provenance"": [{""exact_language"": false, ""id"": 781216, ""metadata"": {""allowed_languages"": [""en"", ""jp"", ""zh-CN"", ""kr"", ""fr""]}, ""scope"": ""mixed""}, {""exact_language"": false, ""id"": 799464, ""metadata"": {""allowed_languages"": [""en"", ""jp"", ""zh-CN"", ""kr"", ""fr""]}, ""scope"": ""mixed""}], ""mismatch_reasons"": [""wrong_cardmarket_id""], ""scryfall_cardmarket_id"": null, ""stored_ids"": [781216, 799464], ""validated_stored_ids"": [781216, 799464]}",,,,
19578,one_piece,Brannew,OP03-089F,prb01,PRB-01: The Best - Premium Booster,en,Full Art,Rare,,,1450,one_piece:OP03-089F,306514,306514,,799252,,,,,,,,,,,,,,,,,,,Low,1.55,EUR,EUR,cardtrader,306514,high,2026-08-29T12:19:30.162830+00:00,"""{\""cardmarket_exact_candidates\"": [], \""snapshot_fingerprint\"": \""9e16d112238150fd8909a68116a02793d0f662021a3ca8d3dc589da3dd96c58f\""}""",MISMATCH,stored Cardmarket product conflicts with local printing,true,false,false,,,,,,,,CRITICAL,,,,CRITICAL,wrong_cardmarket_id,,"{""external_provenance"": [{""exact_language"": false, ""id"": 799252, ""metadata"": {""allowed_languages"": [""en"", ""jp"", ""zh-CN"", ""kr"", ""fr""]}, ""scope"": ""mixed""}], ""mismatch_reasons"": [""wrong_cardmarket_id""], ""scryfall_cardmarket_id"": null, ""stored_ids"": [799252], ""validated_stored_ids"": [799252]}",,,,
19579,one_piece,Brannew,OP03-089F,prb01,PRB-01: The Best - Premium Booster,jp,Full Art,Rare,,,1450,one_piece:OP03-089F,306514,306514,,799252,,,,,,,,,,,,,,,,,,,Low,2.1,EUR,EUR,cardtrader,306514,high,2026-08-29T12:19:30.162830+00:00,"""{\""cardmarket_exact_candidates\"": [], \""snapshot_fingerprint\"": \""d1b0dc54d6d28864ac84849470c0fe31a3ac8a937380dba457f54bc8c42f6676\""}""",MISMATCH,stored Cardmarket product conflicts with local printing,true,false,false,,,,,,,,CRITICAL,,,,CRITICAL,wrong_cardmarket_id,,"{""external_provenance"": [{""exact_language"": false, ""id"": 799252, ""metadata"": {""allowed_languages"": [""en"", ""jp"", ""zh-CN"", ""kr"", ""fr""]}, ""scope"": ""mixed""}], ""mismatch_reasons"": [""wrong_cardmarket_id""], ""scryfall_cardmarket_id"": null, ""stored_ids"": [799252], ""validated_stored_ids"": [799252]}",,,,
19588,one_piece,Bartolomeo,P-029J,prb01,PRB-01: The Best - Premium Booster,en,Jolly Roger Foil,Promo,,,4034,one_piece:P-029J,306523,306523,,799397,,,,,,,,,,,,,,,,,,,Low,0.11,EUR,EUR,cardtrader,306523,high,2026-08-29T12:19:30.162830+00:00,"""{\""cardmarket_exact_candidates\"": [], \""snapshot_fingerprint\"": \""c4b86e488a0d0d2c9b818b62d2d9ec53aff91aafda9036b4cab670fb5b36f41e\""}""",MISMATCH,stored Cardmarket product conflicts with local printing,true,false,false,,,,,,,,CRITICAL,,,,CRITICAL,wrong_cardmarket_id,,"{""external_provenance"": [{""exact_language"": false, ""id"": 799397, ""metadata"": {""allowed_languages"": [""en"", ""jp"", ""zh-CN"", ""kr"", ""fr""]}, ""scope"": ""mixed""}], ""mismatch_reasons"": [""wrong_cardmarket_id""], ""scryfall_cardmarket_id"": null, ""stored_ids"": [799397], ""validated_stored_ids"": [799397]}",,,,
19589,one_piece,Bartolomeo,P-029J,prb01,PRB-01: The Best - Premium Booster,jp,Jolly Roger Foil,Promo,,,4034,one_piece:P-029J,306523,306523,,799397,,,,,,,,,,,,,,,,,,,Low,0.14,EUR,EUR,cardtrader,306523,high,2026-08-29T12:19:30.162830+00:00,"""{\""cardmarket_exact_candidates\"": [], \""snapshot_fingerprint\"": \""5ca3fe53b54ac99a86e3562e968d2e3e0b52b7804f222c92bc97a8b4af65f7fd\""}""",MISMATCH,stored Cardmarket product conflicts with local printing,true,false,false,,,,,,,,CRITICAL,,,,CRITICAL,wrong_cardmarket_id,,"{""external_provenance"": [{""exact_language"": false, ""id"": 799397, ""metadata"": {""allowed_languages"": [""en"", ""jp"", ""zh-CN"", ""kr"", ""fr""]}, ""scope"": ""mixed""}], ""mismatch_reasons"": [""wrong_cardmarket_id""], ""scryfall_cardmarket_id"": null, ""stored_ids"": [799397], ""validated_stored_ids"": [799397]}",,,,
19592,one_piece,Baby 5,OP05-034F,prb01,PRB-01: The Best - Premium Booster,en,Full Art,Rare,,,4037,one_piece:OP05-034F,306526,306526,,799313,,,,,,,,,,,,,,,,,,,Low,4.6,EUR,EUR,cardtrader,306526,high,2026-08-29T12:19:30.162830+00:00,"""{\""cardmarket_exact_candidates\"": [], \""snapshot_fingerprint\"": \""8383bafda32e51adab24992cecbac4f9b1cbfd284852a9c497c855431a1bddcd\""}""",MISMATCH,stored Cardmarket product conflicts with local printing,true,false,false,,,,,,,,CRITICAL,,,,CRITICAL,wrong_cardmarket_id,,"{""external_provenance"": [{""exact_language"": false, ""id"": 799313, ""metadata"": {""allowed_languages"": [""en"", ""jp"", ""zh-CN"", ""kr"", ""fr""]}, ""scope"": ""mixed""}], ""mismatch_reasons"": [""wrong_cardmarket_id""], ""scryfall_cardmarket_id"": null, ""stored_ids"": [799313], ""validated_stored_ids"": [799313]}",,,,
19593,one_piece,Baby 5,OP05-034F,prb01,PRB-01: The Best - Premium Booster,jp,Full Art,Rare,,,4037,one_piece:OP05-034F,306526,306526,,799313,,,,,,,,,,,,,,,,,,,Low,2.58,EUR,EUR,cardtrader,306526,high,2026-08-28T15:00:15.994637+00:00,"""{\""cardmarket_exact_candidates\"": [], \""snapshot_fingerprint\"": \""02a2baa2e46553b0310910081201d7cd0a57f0051abaf2c895f61fb7419c216b\""}""",MISMATCH,stored Cardmarket product conflicts with local printing,true,false,false,,,,,,,,CRITICAL,,,,CRITICAL,wrong_cardmarket_id,,"{""external_provenance"": [{""exact_language"": false, ""id"": 799313, ""metadata"": {""allowed_languages"": [""en"", ""jp"", ""zh-CN"", ""kr"", ""fr""]}, ""scope"": ""mixed""}], ""mismatch_reasons"": [""wrong_cardmarket_id""], ""scryfall_cardmarket_id"": null, ""stored_ids"": [799313], ""validated_stored_ids"": [799313]}",,,,
19594,one_piece,Baby 5,OP05-034J,prb01,PRB-01: The Best - Premium Booster,en,Jolly Roger Foil,Rare,,,4038,one_piece:OP05-034J,306527,306527,,799312,,,,,,,,,,,,,,,,,,,Low,0.11,EUR,EUR,cardtrader,306527,high,2026-08-29T12:19:30.162830+00:00,"""{\""cardmarket_exact_candidates\"": [], \""snapshot_fingerprint\"": \""599bf5d99ad473b6197de0fea5f92f92bbd447571f9f93c5b230c969c0b2ce6b\""}""",MISMATCH,stored Cardmarket product conflicts with local printing,true,false,false,,,,,,,,CRITICAL,,,,CRITICAL,wrong_cardmarket_id,,"{""external_provenance"": [{""exact_language"": false, ""id"": 799312, ""metadata"": {""allowed_languages"": [""en"", ""jp"", ""zh-CN"", ""kr"", ""fr""]}, ""scope"": ""mixed""}], ""mismatch_reasons"": [""wrong_cardmarket_id""], ""scryfall_cardmarket_id"": null, ""stored_ids"": [799312], ""validated_stored_ids"": [799312]}",,,,
19595,one_piece,Baby 5,OP05-034J,prb01,PRB-01: The Best - Premium Booster,jp,Jolly Roger Foil,Rare,,,4038,one_piece:OP05-034J,306527,306527,,799312,,,,,,,,,,,,,,,,,,,Low,0.11,EUR,EUR,cardtrader,306527,high,2026-08-29T12:19:30.162830+00:00,"""{\""cardmarket_exact_candidates\"": [], \""snapshot_fingerprint\"": \""50405a5b449f5b377021cd0ad8e589fe7f158da0708b3e59b54f1efb3c90781f\""}""",MISMATCH,stored Cardmarket product conflicts with local printing,true,false,false,,,,,,,,CRITICAL,,,,CRITICAL,wrong_cardmarket_id,,"{""external_provenance"": [{""exact_language"": false, ""id"": 799312, ""metadata"": {""allowed_languages"": [""en"", ""jp"", ""zh-CN"", ""kr"", ""fr""]}, ""scope"": ""mixed""}], ""mismatch_reasons"": [""wrong_cardmarket_id""], ""scryfall_cardmarket_id"": null, ""stored_ids"": [799312], ""validated_stored_ids"": [799312]}",,,,
19596,one_piece,DON!!,PRB-DONFLAMINGO-G,prb01,PRB-01: The Best - Premium Booster,jp,Donquixote Doflamingo | Gold Foil,DON!!,,,4039,one_piece:PRB-DONFLAMINGO-G,306529,306529,,799467,,,,,,,,,,,,,,,,,,,Low,58.44,EUR,EUR,cardtrader,306529,high,2026-08-28T15:00:15.994637+00:00,"""{\""cardmarket_exact_candidates\"": [], \""snapshot_fingerprint\"": \""1f179a8f5ae866265a02d025250a84c8719d6557641cd1a48e9e4b85a51ac8d3\""}""",MISMATCH,stored Cardmarket product conflicts with local printing,true,false,false,,,,,,,,CRITICAL,,,,CRITICAL,wrong_cardmarket_id,,"{""external_provenance"": [{""exact_language"": false, ""id"": 799467, ""metadata"": {""allowed_languages"": [""en"", ""jp"", ""zh-CN"", ""kr"", ""fr""]}, ""scope"": ""mixed""}], ""mismatch_reasons"": [""wrong_cardmarket_id""], ""scryfall_cardmarket_id"": null, ""stored_ids"": [799467], ""validated_stored_ids"": [799467]}",,,,
19597,one_piece,DON!!,PRB-VIVI-G,prb01,PRB-01: The Best - Premium Booster,jp,Vivi | Gold Foil,DON!!,,,4040,one_piece:PRB-VIVI-G,306530,306530,,799533,,,,,,,,,,,,,,,,,,,Low,59.26,EUR,EUR,cardtrader,306530,high,2026-08-28T15:00:15.994637+00:00,"""{\""cardmarket_exact_candidates\"": [], \""snapshot_fingerprint\"": \""d2024e85950281673ec0ef918a3710e3bd7aba72ed6f6c83892acfca6f621f72\""}""",MISMATCH,stored Cardmarket product conflicts with local printing,true,false,false,,,,,,,,CRITICAL,,,,CRITICAL,wrong_cardmarket_id,,"{""external_provenance"": [{""exact_language"": false, ""id"": 799533, ""metadata"": {""allowed_languages"": [""en"", ""jp"", ""zh-CN"", ""kr"", ""fr""]}, ""scope"": ""mixed""}], ""mismatch_reasons"": [""wrong_cardmarket_id""], ""scryfall_cardmarket_id"": null, ""stored_ids"": [799533], ""validated_stored_ids"": [799533]}",,,,
19598,one_piece,DON!!,PRB-UTA-G,prb01,PRB-01: The Best - Premium Booster,jp,Uta | Gold Foil,DON!!,,,4041,one_piece:PRB-UTA-G,306531,306531,,799530,,,,,,,,,,,,,,,,,,,Low,57.96,EUR,EUR,cardtrader,306531,high,2026-08-28T15:00:15.994637+00:00,"""{\""cardmarket_exact_candidates\"": [], \""snapshot_fingerprint\"": \""8b8eb398f06106666afa2e9c1a7195cc6848758bdd475f3b36ee7e80673884e8\""}""",MISMATCH,stored Cardmarket product conflicts with local printing,true,false,false,,,,,,,,CRITICAL,,,,CRITICAL,wrong_cardmarket_id,,"{""external_provenance"": [{""exact_language"": false, ""id"": 799530, ""metadata"": {""allowed_languages"": [""en"", ""jp"", ""zh-CN"", ""kr"", ""fr""]}, ""scope"": ""mixed""}], ""mismatch_reasons"": [""wrong_cardmarket_id""], ""scryfall_cardmarket_id"": null, ""stored_ids"": [799530], ""validated_stored_ids"": [799530]}",,,,
19599,one_piece,DON!!,PRB-SAKAZUKI-G,prb01,PRB-01: The Best - Premium Booster,jp,Sakazuki | Gold Foil,DON!!,,,4042,one_piece:PRB-SAKAZUKI-G,306532,306532,,799455,,,,,,,,,,,,,,,,,,,Low,32.49,EUR,EUR,cardtrader,306532,high,2026-08-28T15:00:15.994637+00:00,"""{\""cardmarket_exact_candidates\"": [], \""snapshot_fingerprint\"": \""61447469d862b9557ad4c7b28aea32234385b7ecfef014477c4e374765d24406\""}""",MISMATCH,stored Cardmarket product conflicts with local printing,true,false,false,,,,,,,,CRITICAL,,,,CRITICAL,wrong_cardmarket_id,,"{""external_provenance"": [{""exact_language"": false, ""id"": 799455, ""metadata"": {""allowed_languages"": [""en"", ""jp"", ""zh-CN"", ""kr"", ""fr""]}, ""scope"": ""mixed""}], ""mismatch_reasons"": [""wrong_cardmarket_id""], ""scryfall_cardmarket_id"": null, ""stored_ids"": [799455], ""validated_stored_ids"": [799455]}",,,,
19600,one_piece,DON!!,PRB-LAW-G,prb01,PRB-01: The Best - Premium Booster,jp,Trafalgar Law | Gold Foil,DON!!,,,4043,one_piece:PRB-LAW-G,306533,306533,,799494,,,,,,,,,,,,,,,,,,,Low,100.64,EUR,EUR,cardtrader,306533,low,2026-08-28T15:00:15.994637+00:00,"""{\""cardmarket_exact_candidates\"": [], \""snapshot_fingerprint\"": \""e405ceae7b4149af6169e865254d9f05af4eca3b158346263eb7916eabcaa314\""}""",MISMATCH,stored Cardmarket product conflicts with local printing,true,false,false,,,,,,,,CRITICAL,,,,CRITICAL,wrong_cardmarket_id,,"{""external_provenance"": [{""exact_language"": false, ""id"": 799494, ""metadata"": {""allowed_languages"": [""en"", ""jp"", ""zh-CN"", ""kr"", ""fr""]}, ""scope"": ""mixed""}], ""mismatch_reasons"": [""wrong_cardmarket_id""], ""scryfall_cardmarket_id"": null, ""stored_ids"": [799494], ""validated_stored_ids"": [799494]}",,,,
19601,one_piece,DON!!,PRB-REIJU-G,prb01,PRB-01: The Best - Premium Booster,jp,Reiju | Gold Foil,DON!!,,,4044,one_piece:PRB-REIJU-G,306534,306534,,799521,,,,,,,,,,,,,,,,,,,Low,69.63,EUR,EUR,cardtrader,306534,high,2026-08-29T12:19:30.162830+00:00,"""{\""cardmarket_exact_candidates\"": [], \""snapshot_fingerprint\"": \""aeb9a8aae0d8fb47c4274cd27cac4eca161e4baaf474cd81d5f44f5ec4fb284a\""}""",MISMATCH,stored Cardmarket product conflicts with local printing,true,false,false,,,,,,,,CRITICAL,,,,CRITICAL,wrong_cardmarket_id,,"{""external_provenance"": [{""exact_language"": false, ""id"": 799521, ""metadata"": {""allowed_languages"": [""en"", ""jp"", ""zh-CN"", ""kr"", ""fr""]}, ""scope"": ""mixed""}], ""mismatch_reasons"": [""wrong_cardmarket_id""], ""scryfall_cardmarket_id"": null, ""stored_ids"": [799521], ""validated_stored_ids"": [799521]}",,,,
19602,one_piece,DON!!,PRB-LUCCI-G,prb01,PRB-01: The Best - Premium Booster,jp,Rob Lucci | Gold Foil,DON!!,,,4045,one_piece:PRB-LUCCI-G,306535,306535,,799497,,,,,,,,,,,,,,,,,,,Low,38.93,EUR,EUR,cardtrader,306535,medium,2026-08-28T15:00:15.994637+00:00,"""{\""cardmarket_exact_candidates\"": [], \""snapshot_fingerprint\"": \""dd303f2d67bfdd98794b3dac7ffb437d60f765f008766306e8113ac4e9dd4baa\""}""",MISMATCH,stored Cardmarket product conflicts with local printing,true,false,false,,,,,,,,CRITICAL,,,,CRITICAL,wrong_cardmarket_id,,"{""external_provenance"": [{""exact_language"": false, ""id"": 799497, ""metadata"": {""allowed_languages"": [""en"", ""jp"", ""zh-CN"", ""kr"", ""fr""]}, ""scope"": ""mixed""}], ""mismatch_reasons"": [""wrong_cardmarket_id""], ""scryfall_cardmarket_id"": null, ""stored_ids"": [799497], ""validated_stored_ids"": [799497]}",,,,
19603,one_piece,DON!!,PRB-SABO-G,prb01,PRB-01: The Best - Premium Booster,jp,Sabo | Gold Foil,DON!!,,,4046,one_piece:PRB-SABO-G,306536,306536,,799527,,,,,,,,,,,,,,,,,,,Low,36.02,EUR,EUR,cardtrader,306536,medium,2026-08-29T12:19:30.162830+00:00,"""{\""cardmarket_exact_candidates\"": [], \""snapshot_fingerprint\"": \""86f344adfd67a4b32061a91b3ff53c5e2c9f08276a9361cfcdf39dd50b4f2094\""}""",MISMATCH,stored Cardmarket product conflicts with local printing,true,false,false,,,,,,,,CRITICAL,,,,CRITICAL,wrong_cardmarket_id,,"{""external_provenance"": [{""exact_language"": false, ""id"": 799527, ""metadata"": {""allowed_languages"": [""en"", ""jp"", ""zh-CN"", ""kr"", ""fr""]}, ""scope"": ""mixed""}], ""mismatch_reasons"": [""wrong_cardmarket_id""], ""scryfall_cardmarket_id"": null, ""stored_ids"": [799527], ""validated_stored_ids"": [799527]}",,,,
19604,one_piece,DON!!,PRB-ROSINANTE-G,prb01,PRB-01: The Best - Premium Booster,jp,Rosinante | Gold Foil,DON!!,,,4047,one_piece:PRB-ROSINANTE-G,306537,306537,,799524,,,,,,,,,,,,,,,,,,,Low,82.15,EUR,EUR,cardtrader,306537,high,2026-08-28T15:00:15.994637+00:00,"""{\""cardmarket_exact_candidates\"": [], \""snapshot_fingerprint\"": \""42d9632cd300677ee8b3d5d612bfec57018f2097273047951be6de5008778937\""}""",MISMATCH,stored Cardmarket product conflicts with local printing,true,false,false,,,,,,,,CRITICAL,,,,CRITICAL,wrong_cardmarket_id,,"{""external_provenance"": [{""exact_language"": false, ""id"": 799524, ""metadata"": {""allowed_languages"": [""en"", ""jp"", ""zh-CN"", ""kr"", ""fr""]}, ""scope"": ""mixed""}], ""mismatch_reasons"": [""wrong_cardmarket_id""], ""scryfall_cardmarket_id"": null, ""stored_ids"": [799524], ""validated_stored_ids"": [799524]}",,,,
19605,one_piece,DON!!,PRB-REBECCA-G,prb01,PRB-01: The Best - Premium Booster,jp,Rebecca | Gold Foil,DON!!,,,4048,one_piece:PRB-REBECCA-G,306538,306538,,799518,,,,,,,,,,,,,,,,,,,Low,40.9,EUR,EUR,cardtrader,306538,medium,2026-08-28T15:00:15.994637+00:00,"""{\""cardmarket_exact_candidates\"": [], \""snapshot_fingerprint\"": \""be60446b8bc7fabb6296d091a652037d63c7fc86cc89831efacca5b69402970a\""}""",MISMATCH,stored Cardmarket product conflicts with local printing,true,false,false,,,,,,,,CRITICAL,,,,CRITICAL,wrong_cardmarket_id,,"{""external_provenance"": [{""exact_language"": false, ""id"": 799518, ""metadata"": {""allowed_languages"": [""en"", ""jp"", ""zh-CN"", ""kr"", ""fr""]}, ""scope"": ""mixed""}], ""mismatch_reasons"": [""wrong_cardmarket_id""], ""scryfall_cardmarket_id"": null, ""stored_ids"": [799518], ""validated_stored_ids"": [799518]}",,,,
19606,one_piece,DON!!,PRB-QUEEN-G,prb01,PRB-01: The Best - Premium Booster,jp,Queen | Gold Foil,DON!!,,,4049,one_piece:PRB-QUEEN-G,306539,306539,,799515,,,,,,,,,,,,,,,,,,,Low,27.19,EUR,EUR,cardtrader,306539,high,2026-08-29T12:19:30.162830+00:00,"""{\""cardmarket_exact_candidates\"": [], \""snapshot_fingerprint\"": \""0f13efbb850c6954da8a4328e0fdf7e90b14eb9e16d2916677a7768c4e00e433\""}""",MISMATCH,stored Cardmarket product conflicts with local printing,true,false,false,,,,,,,,CRITICAL,,,,CRITICAL,wrong_cardmarket_id,,"{""external_provenance"": [{""exact_language"": false, ""id"": 799515, ""metadata"": {""allowed_languages"": [""en"", ""jp"", ""zh-CN"", ""kr"", ""fr""]}, ""scope"": ""mixed""}], ""mismatch_reasons"": [""wrong_cardmarket_id""], ""scryfall_cardmarket_id"": null, ""stored_ids"": [799515], ""validated_stored_ids"": [799515]}",,,,
19607,one_piece,DON!!,PRB-PERONA-G,prb01,PRB-01: The Best - Premium Booster,jp,Perona | Gold Foil,DON!!,,,4050,one_piece:PRB-PERONA-G,306540,306540,,799512,,,,,,,,,,,,,,,,,,,Low,48.64,EUR,EUR,cardtrader,306540,medium,2026-08-28T15:00:15.994637+00:00,"""{\""cardmarket_exact_candidates\"": [], \""snapshot_fingerprint\"": \""0dcb986b7433635fa9c9108451bdeae4d2cd7e167fa9b68b32187355f0de9fa2\""}""",MISMATCH,stored Cardmarket product conflicts with local printing,true,false,false,,,,,,,,CRITICAL,,,,CRITICAL,wrong_cardmarket_id,,"{""external_provenance"": [{""exact_language"": false, ""id"": 799512, ""metadata"": {""allowed_languages"": [""en"", ""jp"", ""zh-CN"", ""kr"", ""fr""]}, ""scope"": ""mixed""}], ""mismatch_reasons"": [""wrong_cardmarket_id""], ""scryfall_cardmarket_id"": null, ""stored_ids"": [799512], ""validated_stored_ids"": [799512]}",,,,
19608,one_piece,DON!!,PRB-ODEN-G,prb01,PRB-01: The Best - Premium Booster,jp,Oden | Gold Foil,DON!!,,,4051,one_piece:PRB-ODEN-G,306541,306541,,799509,,,,,,,,,,,,,,,,,,,Low,43.08,EUR,EUR,cardtrader,306541,medium,2026-08-29T12:19:30.162830+00:00,"""{\""cardmarket_exact_candidates\"": [], \""snapshot_fingerprint\"": \""4eb74fbb121ca4974f513a007df0ab92e6f2d1b825429dd0a94599a79e46d7fe\""}""",MISMATCH,stored Cardmarket product conflicts with local printing,true,false,false,,,,,,,,CRITICAL,,,,CRITICAL,wrong_cardmarket_id,,"{""external_provenance"": [{""exact_language"": false, ""id"": 799509, ""metadata"": {""allowed_languages"": [""en"", ""jp"", ""zh-CN"", ""kr"", ""fr""]}, ""scope"": ""mixed""}], ""mismatch_reasons"": [""wrong_cardmarket_id""], ""scryfall_cardmarket_id"": null, ""stored_ids"": [799509], ""validated_stored_ids"": [799509]}",,,,
19609,one_piece,DON!!,PRB-MAGELLAN-G,prb01,PRB-01: The Best - Premium Booster,jp,Magellan | Gold Foil,DON!!,,,4052,one_piece:PRB-MAGELLAN-G,306542,306542,,799503,,,,,,,,,,,,,,,,,,,Low,41.64,EUR,EUR,cardtrader,306542,medium,2026-08-28T15:00:15.994637+00:00,"""{\""cardmarket_exact_candidates\"": [], \""snapshot_fingerprint\"": \""83c42641ef174cce49c4f7ce0aa8358c7165e9d2daf6e5c0d6a67144779cb9f7\""}""",MISMATCH,stored Cardmarket product conflicts with local printing,true,false,false,,,,,,,,CRITICAL,,,,CRITICAL,wrong_cardmarket_id,,"{""external_provenance"": [{""exact_language"": false, ""id"": 799503, ""metadata"": {""allowed_languages"": [""en"", ""jp"", ""zh-CN"", ""kr"", ""fr""]}, ""scope"": ""mixed""}], ""mismatch_reasons"": [""wrong_cardmarket_id""], ""scryfall_cardmarket_id"": null, ""stored_ids"": [799503], ""validated_stored_ids"": [799503]}",,,,
19610,one_piece,DON!!,PRB-LUFFY-G,prb01,PRB-01: The Best - Premium Booster,jp,Luffy | Gold Foil,DON!!,,,4053,one_piece:PRB-LUFFY-G,306543,306543,,799500,,,,,,,,,,,,,,,,,,,Low,69.24,EUR,EUR,cardtrader,306543,medium,2026-08-28T15:00:15.994637+00:00,"""{\""cardmarket_exact_candidates\"": [], \""snapshot_fingerprint\"": \""a2906ace6cdb67f563dbc7dba61cdbc17b75e127131dafdf4ad6ccb2e46c4cf4\""}""",MISMATCH,stored Cardmarket product conflicts with local printing,true,false,false,,,,,,,,CRITICAL,,,,CRITICAL,wrong_cardmarket_id,,"{""external_provenance"": [{""exact_language"": false, ""id"": 799500, ""metadata"": {""allowed_languages"": [""en"", ""jp"", ""zh-CN"", ""kr"", ""fr""]}, ""scope"": ""mixed""}], ""mismatch_reasons"": [""wrong_cardmarket_id""], ""scryfall_cardmarket_id"": null, ""stored_ids"": [799500], ""validated_stored_ids"": [799500]}",,,,
19611,one_piece,DON!!,PRB-KING-G,prb01,PRB-01: The Best - Premium Booster,jp,King | Gold Foil,DON!!,,,4054,one_piece:PRB-KING-G,306544,306544,,799491,,,,,,,,,,,,,,,,,,,Low,29.4,EUR,EUR,cardtrader,306544,high,2026-08-28T15:00:15.994637+00:00,"""{\""cardmarket_exact_candidates\"": [], \""snapshot_fingerprint\"": \""db833eb66869fccc22bb71b38763d22df940d66c0758dc56f031c66812ea66f6\""}""",MISMATCH,stored Cardmarket product conflicts with local printing,true,false,false,,,,,,,,CRITICAL,,,,CRITICAL,wrong_cardmarket_id,,"{""external_provenance"": [{""exact_language"": false, ""id"": 799491, ""metadata"": {""allowed_languages"": [""en"", ""jp"", ""zh-CN"", ""kr"", ""fr""]}, ""scope"": ""mixed""}], ""mismatch_reasons"": [""wrong_cardmarket_id""], ""scryfall_cardmarket_id"": null, ""stored_ids"": [799491], ""validated_stored_ids"": [799491]}",,,,
19612,one_piece,DON!!,PRB-KATAKURI-G,prb01,PRB-01: The Best - Premium Booster,jp,Katakuri | Gold Foil,DON!!,,,4055,one_piece:PRB-KATAKURI-G,306545,306545,,799485,,,,,,,,,,,,,,,,,,,Low,56.64,EUR,EUR,cardtrader,306545,high,2026-08-28T15:00:15.994637+00:00,"""{\""cardmarket_exact_candidates\"": [], \""snapshot_fingerprint\"": \""5a9931ca056571a4385a10d0ea89377a945ca089539b4b7cae9b259187cfa969\""}""",MISMATCH,stored Cardmarket product conflicts with local printing,true,false,false,,,,,,,,CRITICAL,,,,CRITICAL,wrong_cardmarket_id,,"{""external_provenance"": [{""exact_language"": false, ""id"": 799485, ""metadata"": {""allowed_languages"": [""en"", ""jp"", ""zh-CN"", ""kr"", ""fr""]}, ""scope"": ""mixed""}], ""mismatch_reasons"": [""wrong_cardmarket_id""], ""scryfall_cardmarket_id"": null, ""stored_ids"": [799485], ""validated_stored_ids"": [799485]}",,,,
19613,one_piece,DON!!,PRB-KAIDO-G,prb01,PRB-01: The Best - Premium Booster,jp,Kaido | Gold Foil,DON!!,,,4056,one_piece:PRB-KAIDO-G,306546,306546,,799482,,,,,,,,,,,,,,,,,,,Low,50.61,EUR,EUR,cardtrader,306546,medium,2026-08-28T15:00:15.994637+00:00,"""{\""cardmarket_exact_candidates\"": [], \""snapshot_fingerprint\"": \""5bd2961f9f0024ec057bba8475b1bd1dc595b58e46f9de9f70f0ed75b723f79f\""}""",MISMATCH,stored Cardmarket product conflicts with local printing,true,false,false,,,,,,,,CRITICAL,,,,CRITICAL,wrong_cardmarket_id,,"{""external_provenance"": [{""exact_language"": false, ""id"": 799482, ""metadata"": {""allowed_languages"": [""en"", ""jp"", ""zh-CN"", ""kr"", ""fr""]}, ""scope"": ""mixed""}], ""mismatch_reasons"": [""wrong_cardmarket_id""], ""scryfall_cardmarket_id"": null, ""stored_ids"": [799482], ""validated_stored_ids"": [799482]}",,,,
19614,one_piece,DON!!,PRB-IVANKOV-G,prb01,PRB-01: The Best - Premium Booster,jp,Ivankov | Gold Foil,DON!!,,,4057,one_piece:PRB-IVANKOV-G,306547,306547,,799479,,,,,,,,,,,,,,,,,,,Low,44.59,EUR,EUR,cardtrader,306547,low,2026-08-28T15:00:15.994637+00:00,"""{\""cardmarket_exact_candidates\"": [], \""snapshot_fingerprint\"": \""2e6159483c01779f61249ef84e13c8f3f1a4c5c8119548357e9b24543c80d800\""}""",MISMATCH,stored Cardmarket product conflicts with local printing,true,false,false,,,,,,,,CRITICAL,,,,CRITICAL,wrong_cardmarket_id,,"{""external_provenance"": [{""exact_language"": false, ""id"": 799479, ""metadata"": {""allowed_languages"": [""en"", ""jp"", ""zh-CN"", ""kr"", ""fr""]}, ""scope"": ""mixed""}], ""mismatch_reasons"": [""wrong_cardmarket_id""], ""scryfall_cardmarket_id"": null, ""stored_ids"": [799479], ""validated_stored_ids"": [799479]}",,,,
19615,one_piece,DON!!,PRB-ICEBURG-G,prb01,PRB-01: The Best - Premium Booster,jp,Iceburg | Gold Foil,DON!!,,,4058,one_piece:PRB-ICEBURG-G,306548,306548,,799476,,,,,,,,,,,,,,,,,,,Low,50.63,EUR,EUR,cardtrader,306548,high,2026-08-29T12:19:30.162830+00:00,"""{\""cardmarket_exact_candidates\"": [], \""snapshot_fingerprint\"": \""344b9584446732dbcb323c63b560e2b2e721c65d331ec0d40423592b4f504151\""}""",MISMATCH,stored Cardmarket product conflicts with local printing,true,false,false,,,,,,,,CRITICAL,,,,CRITICAL,wrong_cardmarket_id,,"{""external_provenance"": [{""exact_language"": false, ""id"": 799476, ""metadata"": {""allowed_languages"": [""en"", ""jp"", ""zh-CN"", ""kr"", ""fr""]}, ""scope"": ""mixed""}], ""mismatch_reasons"": [""wrong_cardmarket_id""], ""scryfall_cardmarket_id"": null, ""stored_ids"": [799476], ""validated_stored_ids"": [799476]}",,,,
19616,one_piece,DON!!,PRB-HODY-G,prb01,PRB-01: The Best - Premium Booster,jp,Hody Jones | Gold Foil,DON!!,,,4059,one_piece:PRB-HODY-G,306549,306549,,799473,,,,,,,,,,,,,,,,,,,Low,18.12,EUR,EUR,cardtrader,306549,high,2026-08-29T12:19:30.162830+00:00,"""{\""cardmarket_exact_candidates\"": [], \""snapshot_fingerprint\"": \""2675b41cc89d0a156140c0fb092fcefd301cd9f56d5a28b1fa5f20ab3f1b0317\""}""",MISMATCH,stored Cardmarket product conflicts with local printing,true,false,false,,,,,,,,CRITICAL,,,,CRITICAL,wrong_cardmarket_id,,"{""external_provenance"": [{""exact_language"": false, ""id"": 799473, ""metadata"": {""allowed_languages"": [""en"", ""jp"", ""zh-CN"", ""kr"", ""fr""]}, ""scope"": ""mixed""}], ""mismatch_reasons"": [""wrong_cardmarket_id""], ""scryfall_cardmarket_id"": null, ""stored_ids"": [799473], ""validated_stored_ids"": [799473]}",,,,
19617,one_piece,DON!!,PRB-MORIA-G,prb01,PRB-01: The Best - Premium Booster,jp,Gecko Moria | Gold Foil,DON!!,,,4060,one_piece:PRB-MORIA-G,306550,306550,,799506,,,,,,,,,,,,,,,,,,,Low,45.96,EUR,EUR,cardtrader,306550,low,2026-08-28T15:00:15.994637+00:00,"""{\""cardmarket_exact_candidates\"": [], \""snapshot_fingerprint\"": \""305380eb08e8631078a207944e8e741c46d75e4dfd6f724bee9953f3096d97af\""}""",MISMATCH,stored Cardmarket product conflicts with local printing,true,false,false,,,,,,,,CRITICAL,,,,CRITICAL,wrong_cardmarket_id,,"{""external_provenance"": [{""exact_language"": false, ""id"": 799506, ""metadata"": {""allowed_languages"": [""en"", ""jp"", ""zh-CN"", ""kr"", ""fr""]}, ""scope"": ""mixed""}], ""mismatch_reasons"": [""wrong_cardmarket_id""], ""scryfall_cardmarket_id"": null, ""stored_ids"": [799506], ""validated_stored_ids"": [799506]}",,,,
19618,one_piece,DON!!,PRB-KID-G,prb01,PRB-01: The Best - Premium Booster,jp,"Eustass ""Captain"" Kid | Gold Foil",DON!!,,,4061,one_piece:PRB-KID-G,306551,306551,,799488,,,,,,,,,,,,,,,,,,,Low,45.59,EUR,EUR,cardtrader,306551,high,2026-08-29T12:19:30.162830+00:00,"""{\""cardmarket_exact_candidates\"": [], \""snapshot_fingerprint\"": \""c766b99f4a83427dd08eb89490a89bef7480ec2f2d01551bf24b50893f8a40d8\""}""",MISMATCH,stored Cardmarket product conflicts with local printing,true,false,false,,,,,,,,CRITICAL,,,,CRITICAL,wrong_cardmarket_id,,"{""external_provenance"": [{""exact_language"": false, ""id"": 799488, ""metadata"": {""allowed_languages"": [""en"", ""jp"", ""zh-CN"", ""kr"", ""fr""]}, ""scope"": ""mixed""}], ""mismatch_reasons"": [""wrong_cardmarket_id""], ""scryfall_cardmarket_id"": null, ""stored_ids"": [799488], ""validated_stored_ids"": [799488]}",,,,
19619,one_piece,DON!!,PRB-ENEL-G,prb01,PRB-01: The Best - Premium Booster,jp,Enel | Gold Foil,DON!!,,,4062,one_piece:PRB-ENEL-G,306552,306552,,799470,,,,,,,,,,,,,,,,,,,Low,80.64,EUR,EUR,cardtrader,306552,high,2026-08-28T15:00:15.994637+00:00,"""{\""cardmarket_exact_candidates\"": [], \""snapshot_fingerprint\"": \""d8a7dc1147c4fa00c29e1490277afbbeebcc5e892533a51d93bcc42d1be7d5c9\""}""",MISMATCH,stored Cardmarket product conflicts with local printing,true,false,false,,,,,,,,CRITICAL,,,,CRITICAL,wrong_cardmarket_id,,"{""external_provenance"": [{""exact_language"": false, ""id"": 799470, ""metadata"": {""allowed_languages"": [""en"", ""jp"", ""zh-CN"", ""kr"", ""fr""]}, ""scope"": ""mixed""}], ""mismatch_reasons"": [""wrong_cardmarket_id""], ""scryfall_cardmarket_id"": null, ""stored_ids"": [799470], ""validated_stored_ids"": [799470]}",,,,
19630,one_piece,DON!!,PRB-NEWGATE-G,prb01,PRB-01: The Best - Premium Booster,jp,Edward.Newgate| Gold Foil,DON!!,,,4073,one_piece:PRB-NEWGATE-G,306565,306565,,799537,,,,,,,,,,,,,,,,,,,Low,,EUR,EUR,cardmarket,799537,,2026-08-28T15:00:15.994637+00:00,"""{\""reason\"": \""Cardmarket product is not exact-language\"", \""snapshot_fingerprint\"": \""501fc189e0b0a2ca383b05044182c6dafa745400fcf9f707740380e7fdc3f594\""}""",MISMATCH,stored Cardmarket product conflicts with local printing,true,false,false,,,,,,,,CRITICAL,,,,CRITICAL,wrong_cardmarket_id,stale_price,"{""external_provenance"": [{""exact_language"": false, ""id"": 799537, ""metadata"": {""allowed_languages"": [""en"", ""jp"", ""zh-CN"", ""kr"", ""fr""]}, ""scope"": ""mixed""}], ""mismatch_reasons"": [""wrong_cardmarket_id""], ""scryfall_cardmarket_id"": null, ""stored_ids"": [799537], ""validated_stored_ids"": [799537]}",,,,
19631,one_piece,DON!!,PRB-YAMATO-G,prb01,PRB-01: The Best - Premium Booster,jp,Yamato | Gold Foil,DON!!,,,4074,one_piece:PRB-YAMATO-G,306566,306566,,799540,,,,,,,,,,,,,,,,,,,Low,62.53,EUR,EUR,cardtrader,306566,low,2026-08-28T15:00:15.994637+00:00,"""{\""cardmarket_exact_candidates\"": [], \""snapshot_fingerprint\"": \""bf3eae2300fecfa37712e2b6863434f98c4cf28be274ecc1468801ff8ff491f0\""}""",MISMATCH,stored Cardmarket product conflicts with local printing,true,false,false,,,,,,,,CRITICAL,,,,CRITICAL,wrong_cardmarket_id,,"{""external_provenance"": [{""exact_language"": false, ""id"": 799540, ""metadata"": {""allowed_languages"": [""en"", ""jp"", ""zh-CN"", ""kr"", ""fr""]}, ""scope"": ""mixed""}], ""mismatch_reasons"": [""wrong_cardmarket_id""], ""scryfall_cardmarket_id"": null, ""stored_ids"": [799540], ""validated_stored_ids"": [799540]}",,,,
19632,one_piece,DON!!,PRB-ZORO-G,prb01,PRB-01: The Best - Premium Booster,jp,Zoro | Gold Foil,DON!!,,,4075,one_piece:PRB-ZORO-G,306567,306567,,799543,,,,,,,,,,,,,,,,,,,Low,500.63,EUR,EUR,cardtrader,306567,low,2026-08-28T15:00:15.994637+00:00,"""{\""cardmarket_exact_candidates\"": [], \""snapshot_fingerprint\"": \""d620ba96553d0711118e130bdd1eaa88338989425e71fd6f546860217a89565a\""}""",MISMATCH,stored Cardmarket product conflicts with local printing,true,false,false,,,,,,,,CRITICAL,,,,CRITICAL,wrong_cardmarket_id,,"{""external_provenance"": [{""exact_language"": false, ""id"": 799543, ""metadata"": {""allowed_languages"": [""en"", ""jp"", ""zh-CN"", ""kr"", ""fr""]}, ""scope"": ""mixed""}], ""mismatch_reasons"": [""wrong_cardmarket_id""], ""scryfall_cardmarket_id"": null, ""stored_ids"": [799543], ""validated_stored_ids"": [799543]}",,,,
19633,one_piece,"Eustass""Captain""Kid",OP05-074A,prb01,PRB-01: The Best - Premium Booster,en,Alternate Art,Alternate Art,,,2325,one_piece:OP05-074A,306568,306568,,799324,,,,,,,,,,,,,,,,,,,Low,18.66,EUR,EUR,cardtrader,306568,high,2026-08-29T12:19:30.162830+00:00,"""{\""cardmarket_exact_candidates\"": [], \""snapshot_fingerprint\"": \""977623938298941c19d0c7f9f8fe21f4497dfaa4b7453b3cf4aecd5ba3d1e55e\""}""",MISMATCH,stored Cardmarket product conflicts with local printing,true,false,false,,,,,,,,CRITICAL,,,,CRITICAL,wrong_cardmarket_id,,"{""external_provenance"": [{""exact_language"": false, ""id"": 799324, ""metadata"": {""allowed_languages"": [""en"", ""jp"", ""zh-CN"", ""kr"", ""fr""]}, ""scope"": ""mixed""}], ""mismatch_reasons"": [""wrong_cardmarket_id""], ""scryfall_cardmarket_id"": null, ""stored_ids"": [799324], ""validated_stored_ids"": [799324]}",,,,
19634,one_piece,"Eustass""Captain""Kid",OP05-074A,prb01,PRB-01: The Best - Premium Booster,jp,Alternate Art,Alternate Art,,,2325,one_piece:OP05-074A,306568,306568,,799324,,,,,,,,,,,,,,,,,,,Low,5.86,EUR,EUR,cardtrader,306568,high,2026-08-29T12:19:30.162830+00:00,"""{\""cardmarket_exact_candidates\"": [], \""snapshot_fingerprint\"": \""2096c1bbb154c32ccd3e77aadd81c9b426a029ca601b8849b65b800c7bc23f0d\""}""",MISMATCH,stored Cardmarket product conflicts with local printing,true,false,false,,,,,,,,CRITICAL,,,,CRITICAL,wrong_cardmarket_id,,"{""external_provenance"": [{""exact_language"": false, ""id"": 799324, ""metadata"": {""allowed_languages"": [""en"", ""jp"", ""zh-CN"", ""kr"", ""fr""]}, ""scope"": ""mixed""}], ""mismatch_reasons"": [""wrong_cardmarket_id""], ""scryfall_cardmarket_id"": null, ""stored_ids"": [799324], ""validated_stored_ids"": [799324]}",,,,
19655,one_piece,Satori,OP05-105J,prb01,PRB-01: The Best - Premium Booster,en,Jolly Roger Foil,Rare,,,4097,one_piece:OP05-105J,306590,306590,,799335,,,,,,,,,,,,,,,,,,,Low,0.2,EUR,EUR,cardtrader,306590,high,2026-08-29T12:19:30.162830+00:00,"""{\""cardmarket_exact_candidates\"": [], \""snapshot_fingerprint\"": \""40efbe3b90e4166afbf18d2cadf325afca57873b32a2127c4ffe058c53b152d1\""}""",MISMATCH,stored Cardmarket product conflicts with local printing,true,false,false,,,,,,,,CRITICAL,,,,CRITICAL,wrong_cardmarket_id,,"{""external_provenance"": [{""exact_language"": false, ""id"": 799335, ""metadata"": {""allowed_languages"": [""en"", ""jp"", ""zh-CN"", ""kr"", ""fr""]}, ""scope"": ""mixed""}], ""mismatch_reasons"": [""wrong_cardmarket_id""], ""scryfall_cardmarket_id"": null, ""stored_ids"": [799335], ""validated_stored_ids"": [799335]}",,,,
19656,one_piece,Satori,OP05-105J,prb01,PRB-01: The Best - Premium Booster,jp,Jolly Roger Foil,Rare,,,4097,one_piece:OP05-105J,306590,306590,,799335,,,,,,,,,,,,,,,,,,,Low,0.11,EUR,EUR,cardtrader,306590,high,2026-08-29T12:19:30.162830+00:00,"""{\""cardmarket_exact_candidates\"": [], \""snapshot_fingerprint\"": \""22655f677bc6bee5e3ef7aa2b0610ee05f479fed13dd61c32a3c33241c84127e\""}""",MISMATCH,stored Cardmarket product conflicts with local printing,true,false,false,,,,,,,,CRITICAL,,,,CRITICAL,wrong_cardmarket_id,,"{""external_provenance"": [{""exact_language"": false, ""id"": 799335, ""metadata"": {""allowed_languages"": [""en"", ""jp"", ""zh-CN"", ""kr"", ""fr""]}, ""scope"": ""mixed""}], ""mismatch_reasons"": [""wrong_cardmarket_id""], ""scryfall_cardmarket_id"": null, ""stored_ids"": [799335], ""validated_stored_ids"": [799335]}",,,,
19663,one_piece,Shirahoshi,OP05-082F,prb01,PRB-01: The Best - Premium Booster,en,Full Art,Rare,,,4104,one_piece:OP05-082F,306597,306597,,799332,,,,,,,,,,,,,,,,,,,Low,19.02,EUR,EUR,cardtrader,306597,high,2026-08-29T12:19:30.162830+00:00,"""{\""cardmarket_exact_candidates\"": [], \""snapshot_fingerprint\"": \""3cc2f4cbc9a7d9e04dda358b5d68484d2872254780d89bf0622830e554866463\""}""",MISMATCH,stored Cardmarket product conflicts with local printing,true,false,false,,,,,,,,CRITICAL,,,,CRITICAL,wrong_cardmarket_id,,"{""external_provenance"": [{""exact_language"": false, ""id"": 799332, ""metadata"": {""allowed_languages"": [""en"", ""jp"", ""zh-CN"", ""kr"", ""fr""]}, ""scope"": ""mixed""}], ""mismatch_reasons"": [""wrong_cardmarket_id""], ""scryfall_cardmarket_id"": null, ""stored_ids"": [799332], ""validated_stored_ids"": [799332]}",,,,
19664,one_piece,Shirahoshi,OP05-082F,prb01,PRB-01: The Best - Premium Booster,jp,Full Art,Rare,,,4104,one_piece:OP05-082F,306597,306597,,799332,,,,,,,,,,,,,,,,,,,Low,7.11,EUR,EUR,cardtrader,306597,high,2026-08-28T15:00:15.994637+00:00,"""{\""cardmarket_exact_candidates\"": [], \""snapshot_fingerprint\"": \""10dbd1d8d81ad46ec4d7d9f443250e7acadca67e98aa0094633d6a013a81dd8d\""}""",MISMATCH,stored Cardmarket product conflicts with local printing,true,false,false,,,,,,,,CRITICAL,,,,CRITICAL,wrong_cardmarket_id,,"{""external_provenance"": [{""exact_language"": false, ""id"": 799332, ""metadata"": {""allowed_languages"": [""en"", ""jp"", ""zh-CN"", ""kr"", ""fr""]}, ""scope"": ""mixed""}], ""mismatch_reasons"": [""wrong_cardmarket_id""], ""scryfall_cardmarket_id"": null, ""stored_ids"": [799332], ""validated_stored_ids"": [799332]}",,,,
19665,one_piece,Shirahoshi,OP05-082J,prb01,PRB-01: The Best - Premium Booster,en,Jolly Roger Foil,Rare,,,4105,one_piece:OP05-082J,306598,306598,,799331,,,,,,,,,,,,,,,,,,,Low,1.1,EUR,EUR,cardtrader,306598,high,2026-08-29T12:19:30.162830+00:00,"""{\""cardmarket_exact_candidates\"": [], \""snapshot_fingerprint\"": \""6521647158b510ce01d4772d634cb91b7eaf29fd5c8da0a6190c9ebf898765e3\""}""",MISMATCH,stored Cardmarket product conflicts with local printing,true,false,false,,,,,,,,CRITICAL,,,,CRITICAL,wrong_cardmarket_id,,"{""external_provenance"": [{""exact_language"": false, ""id"": 799331, ""metadata"": {""allowed_languages"": [""en"", ""jp"", ""zh-CN"", ""kr"", ""fr""]}, ""scope"": ""mixed""}], ""mismatch_reasons"": [""wrong_cardmarket_id""], ""scryfall_cardmarket_id"": null, ""stored_ids"": [799331], ""validated_stored_ids"": [799331]}",,,,
19666,one_piece,Shirahoshi,OP05-082J,prb01,PRB-01: The Best - Premium Booster,jp,Jolly Roger Foil,Rare,,,4105,one_piece:OP05-082J,306598,306598,,799331,,,,,,,,,,,,,,,,,,,Low,0.11,EUR,EUR,cardtrader,306598,high,2026-08-29T12:19:30.162830+00:00,"""{\""cardmarket_exact_candidates\"": [], \""snapshot_fingerprint\"": \""a317a9906963496e3b1000a8a6fb0c9ae637fd2eac863a2c29c3ca8c81acd690\""}""",MISMATCH,stored Cardmarket product conflicts with local printing,true,false,false,,,,,,,,CRITICAL,,,,CRITICAL,wrong_cardmarket_id,,"{""external_provenance"": [{""exact_language"": false, ""id"": 799331, ""metadata"": {""allowed_languages"": [""en"", ""jp"", ""zh-CN"", ""kr"", ""fr""]}, ""scope"": ""mixed""}], ""mismatch_reasons"": [""wrong_cardmarket_id""], ""scryfall_cardmarket_id"": null, ""stored_ids"": [799331], ""validated_stored_ids"": [799331]}",,,,
19670,one_piece,Shanks,OP01-120A,prb01,PRB-01: The Best - Premium Booster,en,Alternate Art,Alternate Art,,,1380,one_piece:OP01-120A,306604,306604,,799211,,,,,,,,,,,,,,,,,,,Low,18.17,EUR,EUR,cardtrader,306604,high,2026-08-29T12:19:30.162830+00:00,"""{\""cardmarket_exact_candidates\"": [], \""snapshot_fingerprint\"": \""bd89c0572911679591c85fa79b4baa186ff5c73bee7f9884da109e337b1224a4\""}""",MISMATCH,stored Cardmarket product conflicts with local printing,true,false,false,,,,,,,,CRITICAL,,,,CRITICAL,wrong_cardmarket_id,,"{""external_provenance"": [{""exact_language"": false, ""id"": 799211, ""metadata"": {""allowed_languages"": [""en"", ""jp"", ""zh-CN"", ""kr"", ""fr""]}, ""scope"": ""mixed""}], ""mismatch_reasons"": [""wrong_cardmarket_id""], ""scryfall_cardmarket_id"": null, ""stored_ids"": [799211], ""validated_stored_ids"": [799211]}",,,,
19671,one_piece,Shanks,OP01-120A,prb01,PRB-01: The Best - Premium Booster,jp,Alternate Art,Alternate Art,,,1380,one_piece:OP01-120A,306604,306604,,799211,,,,,,,,,,,,,,,,,,,Low,15.0,EUR,EUR,cardtrader,306604,medium,2026-08-28T15:00:15.994637+00:00,"""{\""cardmarket_exact_candidates\"": [], \""snapshot_fingerprint\"": \""4fa02fe826c250481f9edfabaf56b09f05d7bb7205514b367efd81339807bd3c\""}""",MISMATCH,stored Cardmarket product conflicts with local printing,true,false,false,,,,,,,,CRITICAL,,,,CRITICAL,wrong_cardmarket_id,,"{""external_provenance"": [{""exact_language"": false, ""id"": 799211, ""metadata"": {""allowed_languages"": [""en"", ""jp"", ""zh-CN"", ""kr"", ""fr""]}, ""scope"": ""mixed""}], ""mismatch_reasons"": [""wrong_cardmarket_id""], ""scryfall_cardmarket_id"": null, ""stored_ids"": [799211], ""validated_stored_ids"": [799211]}",,,,
19676,one_piece,Marco,OP02-018A,prb01,PRB-01: The Best - Premium Booster,en,Alternate Art,Alternate Art,,,4114,one_piece:OP02-018A,306610,306610,,799223,,,,,,,,,,,,,,,,,,,Low,5.09,EUR,EUR,cardtrader,306610,high,2026-08-29T12:19:30.162830+00:00,"""{\""cardmarket_exact_candidates\"": [], \""snapshot_fingerprint\"": \""6ec708b5e4f944f5c032e4cbd056b64d4f2dd15eeca809ca32146a8821a9f306\""}""",MISMATCH,stored Cardmarket product conflicts with local printing,true,false,false,,,,,,,,CRITICAL,,,,CRITICAL,wrong_cardmarket_id,,"{""external_provenance"": [{""exact_language"": false, ""id"": 799223, ""metadata"": {""allowed_languages"": [""en"", ""jp"", ""zh-CN"", ""kr"", ""fr""]}, ""scope"": ""mixed""}], ""mismatch_reasons"": [""wrong_cardmarket_id""], ""scryfall_cardmarket_id"": null, ""stored_ids"": [799223], ""validated_stored_ids"": [799223]}",,,,
19677,one_piece,Marco,OP02-018A,prb01,PRB-01: The Best - Premium Booster,jp,Alternate Art,Alternate Art,,,4114,one_piece:OP02-018A,306610,306610,,799223,,,,,,,,,,,,,,,,,,,Low,4.53,EUR,EUR,cardtrader,306610,high,2026-08-29T12:19:30.162830+00:00,"""{\""cardmarket_exact_candidates\"": [], \""snapshot_fingerprint\"": \""b5ffe876702d9857879b2a32f8ee6a07d3038088def6ed71caf04f295229c29c\""}""",MISMATCH,stored Cardmarket product conflicts with local printing,true,false,false,,,,,,,,CRITICAL,,,,CRITICAL,wrong_cardmarket_id,,"{""external_provenance"": [{""exact_language"": false, ""id"": 799223, ""metadata"": {""allowed_languages"": [""en"", ""jp"", ""zh-CN"", ""kr"", ""fr""]}, ""scope"": ""mixed""}], ""mismatch_reasons"": [""wrong_cardmarket_id""], ""scryfall_cardmarket_id"": null, ""stored_ids"": [799223], ""validated_stored_ids"": [799223]}",,,,
19685,one_piece,One-Legged Toy Soldier,OP05-081J,prb01,PRB-01: The Best - Premium Booster,en,Jolly Roger Foil,Uncommon,,,4122,one_piece:OP05-081J,306618,306618,,799327,,,,,,,,,,,,,,,,,,,Low,0.19,EUR,EUR,cardtrader,306618,high,2026-08-29T12:19:30.162830+00:00,"""{\""cardmarket_exact_candidates\"": [], \""snapshot_fingerprint\"": \""4df4394e5b823477544a37879fc1e75b588b31fc80b8a7ed3047825bd4f5c797\""}""",MISMATCH,stored Cardmarket product conflicts with local printing,true,false,false,,,,,,,,CRITICAL,,,,CRITICAL,wrong_cardmarket_id,,"{""external_provenance"": [{""exact_language"": false, ""id"": 799327, ""metadata"": {""allowed_languages"": [""en"", ""jp"", ""zh-CN"", ""kr"", ""fr""]}, ""scope"": ""mixed""}], ""mismatch_reasons"": [""wrong_cardmarket_id""], ""scryfall_cardmarket_id"": null, ""stored_ids"": [799327], ""validated_stored_ids"": [799327]}",,,,
19686,one_piece,One-Legged Toy Soldier,OP05-081J,prb01,PRB-01: The Best - Premium Booster,jp,Jolly Roger Foil,Uncommon,,,4122,one_piece:OP05-081J,306618,306618,,799327,,,,,,,,,,,,,,,,,,,Low,0.3,EUR,EUR,cardtrader,306618,high,2026-08-28T15:00:15.994637+00:00,"""{\""cardmarket_exact_candidates\"": [], \""snapshot_fingerprint\"": \""6d2f8794ff37b1f8134dcab98c83e86626670f212826bd28a4fac1b4d1e88146\""}""",MISMATCH,stored Cardmarket product conflicts with local printing,true,false,false,,,,,,,,CRITICAL,,,,CRITICAL,wrong_cardmarket_id,,"{""external_provenance"": [{""exact_language"": false, ""id"": 799327, ""metadata"": {""allowed_languages"": [""en"", ""jp"", ""zh-CN"", ""kr"", ""fr""]}, ""scope"": ""mixed""}], ""mismatch_reasons"": [""wrong_cardmarket_id""], ""scryfall_cardmarket_id"": null, ""stored_ids"": [799327], ""validated_stored_ids"": [799327]}",,,,
19690,one_piece,Monkey.D.Luffy,OP05-119A,prb01,PRB-01: The Best - Premium Booster,en,Alternate Art,Alternate Art,,,2448,one_piece:OP05-119A,306622,306622,,799349,,,,,,,,,,,,,,,,,,,Low,394.63,EUR,EUR,cardtrader,306622,high,2026-08-29T12:19:30.162830+00:00,"""{\""cardmarket_exact_candidates\"": [], \""snapshot_fingerprint\"": \""29f3d19996930ab93c51be58d04528cf65e6319400d5a0d9fbe207db692e22de\""}""",MISMATCH,stored Cardmarket product conflicts with local printing,true,false,false,,,,,,,,CRITICAL,,,,CRITICAL,wrong_cardmarket_id,,"{""external_provenance"": [{""exact_language"": false, ""id"": 799349, ""metadata"": {""allowed_languages"": [""en"", ""jp"", ""zh-CN"", ""kr"", ""fr""]}, ""scope"": ""mixed""}], ""mismatch_reasons"": [""wrong_cardmarket_id""], ""scryfall_cardmarket_id"": null, ""stored_ids"": [799349], ""validated_stored_ids"": [799349]}",,,,
19691,one_piece,Monkey.D.Luffy,OP05-119A,prb01,PRB-01: The Best - Premium Booster,jp,Alternate Art,Alternate Art,,,2448,one_piece:OP05-119A,306622,306622,,799349,,,,,,,,,,,,,,,,,,,Low,90.64,EUR,EUR,cardtrader,306622,low,2026-08-28T15:00:15.994637+00:00,"""{\""cardmarket_exact_candidates\"": [], \""snapshot_fingerprint\"": \""95c3a36b3a710de3b51ebae39a3133c8a236ab16a5be9c5dd62814dd46d381a9\""}""",MISMATCH,stored Cardmarket product conflicts with local printing,true,false,false,,,,,,,,CRITICAL,,,,CRITICAL,wrong_cardmarket_id,,"{""external_provenance"": [{""exact_language"": false, ""id"": 799349, ""metadata"": {""allowed_languages"": [""en"", ""jp"", ""zh-CN"", ""kr"", ""fr""]}, ""scope"": ""mixed""}], ""mismatch_reasons"": [""wrong_cardmarket_id""], ""scryfall_cardmarket_id"": null, ""stored_ids"": [799349], ""validated_stored_ids"": [799349]}",,,,
19695,one_piece,Kouzuki Momonosuke,OP01-041J,prb01,PRB-01: The Best - Premium Booster,en,Jolly Roger Foil,Rare,,,4130,one_piece:OP01-041J,306627,306627,,799199,,,,,,,,,,,,,,,,,,,Low,0.17,EUR,EUR,cardtrader,306627,high,2026-08-29T12:19:30.162830+00:00,"""{\""cardmarket_exact_candidates\"": [], \""snapshot_fingerprint\"": \""2ca2f3ec2a1caa325f460bca559229123bbc959978acc2fa131c15cb2f1975f2\""}""",MISMATCH,stored Cardmarket product conflicts with local printing,true,false,false,,,,,,,,CRITICAL,,,,CRITICAL,wrong_cardmarket_id,,"{""external_provenance"": [{""exact_language"": false, ""id"": 799199, ""metadata"": {""allowed_languages"": [""en"", ""jp"", ""zh-CN"", ""kr"", ""fr""]}, ""scope"": ""mixed""}], ""mismatch_reasons"": [""wrong_cardmarket_id""], ""scryfall_cardmarket_id"": null, ""stored_ids"": [799199], ""validated_stored_ids"": [799199]}",,,,
19696,one_piece,Kouzuki Momonosuke,OP01-041J,prb01,PRB-01: The Best - Premium Booster,jp,Jolly Roger Foil,Rare,,,4130,one_piece:OP01-041J,306627,306627,,799199,,,,,,,,,,,,,,,,,,,Low,0.11,EUR,EUR,cardtrader,306627,high,2026-08-29T12:19:30.162830+00:00,"""{\""cardmarket_exact_candidates\"": [], \""snapshot_fingerprint\"": \""3bd898bc85f9cd707b4d743ae20903ada1620a97408c718fb16b770bf68ba96c\""}""",MISMATCH,stored Cardmarket product conflicts with local printing,true,false,false,,,,,,,,CRITICAL,,,,CRITICAL,wrong_cardmarket_id,,"{""external_provenance"": [{""exact_language"": false, ""id"": 799199, ""metadata"": {""allowed_languages"": [""en"", ""jp"", ""zh-CN"", ""kr"", ""fr""]}, ""scope"": ""mixed""}], ""mismatch_reasons"": [""wrong_cardmarket_id""], ""scryfall_cardmarket_id"": null, ""stored_ids"": [799199], ""validated_stored_ids"": [799199]}",,,,
19698,one_piece,Koby,P-014J,prb01,PRB-01: The Best - Premium Booster,en,Jolly Roger Foil,Promo,,,4132,one_piece:P-014J,306629,306629,,799394,,,,,,,,,,,,,,,,,,,Low,0.19,EUR,EUR,cardtrader,306629,high,2026-08-29T12:19:30.162830+00:00,"""{\""cardmarket_exact_candidates\"": [], \""snapshot_fingerprint\"": \""95d10075ed28718bed9ba1500d59f38b056848a192937826d4fa50c2e36a3a1d\""}""",MISMATCH,stored Cardmarket product conflicts with local printing,true,false,false,,,,,,,,CRITICAL,,,,CRITICAL,wrong_cardmarket_id,,"{""external_provenance"": [{""exact_language"": false, ""id"": 799394, ""metadata"": {""allowed_languages"": [""en"", ""jp"", ""zh-CN"", ""kr"", ""fr""]}, ""scope"": ""mixed""}], ""mismatch_reasons"": [""wrong_cardmarket_id""], ""scryfall_cardmarket_id"": null, ""stored_ids"": [799394], ""validated_stored_ids"": [799394]}",,,,
19699,one_piece,Koby,P-014J,prb01,PRB-01: The Best - Premium Booster,jp,Jolly Roger Foil,Promo,,,4132,one_piece:P-014J,306629,306629,,799394,,,,,,,,,,,,,,,,,,,Low,0.11,EUR,EUR,cardtrader,306629,high,2026-08-29T12:19:30.162830+00:00,"""{\""cardmarket_exact_candidates\"": [], \""snapshot_fingerprint\"": \""ce32ac2e39efd7c1505c0b5e46ea4d2a9d588e1a025f51075996bf431f67a862\""}""",MISMATCH,stored Cardmarket product conflicts with local printing,true,false,false,,,,,,,,CRITICAL,,,,CRITICAL,wrong_cardmarket_id,,"{""external_provenance"": [{""exact_language"": false, ""id"": 799394, ""metadata"": {""allowed_languages"": [""en"", ""jp"", ""zh-CN"", ""kr"", ""fr""]}, ""scope"": ""mixed""}], ""mismatch_reasons"": [""wrong_cardmarket_id""], ""scryfall_cardmarket_id"": null, ""stored_ids"": [799394], ""validated_stored_ids"": [799394]}",,,,
19701,one_piece,Izo,OP03-003F,prb01,PRB-01: The Best - Premium Booster,en,Full Art,Rare,,,4134,one_piece:OP03-003F,308939,308939,,799237,,,,,,,,,,,,,,,,,,,Low,3.49,EUR,EUR,cardtrader,308939,high,2026-08-29T12:19:30.162830+00:00,"""{\""cardmarket_exact_candidates\"": [], \""snapshot_fingerprint\"": \""9f99c8d02cd1a53ed2d40c0547e941a8fb8c19a5b31472cec251f677b42d6f9b\""}""",MISMATCH,stored Cardmarket product conflicts with local printing,true,false,false,,,,,,,,CRITICAL,,,,CRITICAL,wrong_cardmarket_id,,"{""external_provenance"": [{""exact_language"": false, ""id"": 799237, ""metadata"": {""allowed_languages"": [""en"", ""jp"", ""zh-CN"", ""kr"", ""fr""]}, ""scope"": ""mixed""}], ""mismatch_reasons"": [""wrong_cardmarket_id""], ""scryfall_cardmarket_id"": null, ""stored_ids"": [799237], ""validated_stored_ids"": [799237]}",,,,
19702,one_piece,Izo,OP03-003F,prb01,PRB-01: The Best - Premium Booster,jp,Full Art,Rare,,,4134,one_piece:OP03-003F,308939,308939,,799237,,,,,,,,,,,,,,,,,,,Low,1.36,EUR,EUR,cardtrader,308939,high,2026-08-29T12:19:30.162830+00:00,"""{\""cardmarket_exact_candidates\"": [], \""snapshot_fingerprint\"": \""13e8f18e12f7a17cd940fcf772fa70b7e9b2b0ce28ff3202536ac02d64ded874\""}""",MISMATCH,stored Cardmarket product conflicts with local printing,true,false,false,,,,,,,,CRITICAL,,,,CRITICAL,wrong_cardmarket_id,,"{""external_provenance"": [{""exact_language"": false, ""id"": 799237, ""metadata"": {""allowed_languages"": [""en"", ""jp"", ""zh-CN"", ""kr"", ""fr""]}, ""scope"": ""mixed""}], ""mismatch_reasons"": [""wrong_cardmarket_id""], ""scryfall_cardmarket_id"": null, ""stored_ids"": [799237], ""validated_stored_ids"": [799237]}",,,,
19706,one_piece,Kouzuki Momonosuke,OP01-041F,prb01,PRB-01: The Best - Premium Booster,en,Full Art,Rare,,,4138,one_piece:OP01-041F,308943,308943,,799200,,,,,,,,,,,,,,,,,,,Low,2.1,EUR,EUR,cardtrader,308943,high,2026-08-29T12:19:30.162830+00:00,"""{\""cardmarket_exact_candidates\"": [], \""snapshot_fingerprint\"": \""97d6b5027983a82048d9cca255e33b20842c184d7017b7f68cac72a58341f2c9\""}""",MISMATCH,stored Cardmarket product conflicts with local printing,true,false,false,,,,,,,,CRITICAL,,,,CRITICAL,wrong_cardmarket_id,,"{""external_provenance"": [{""exact_language"": false, ""id"": 799200, ""metadata"": {""allowed_languages"": [""en"", ""jp"", ""zh-CN"", ""kr"", ""fr""]}, ""scope"": ""mixed""}], ""mismatch_reasons"": [""wrong_cardmarket_id""], ""scryfall_cardmarket_id"": null, ""stored_ids"": [799200], ""validated_stored_ids"": [799200]}",,,,
19707,one_piece,Kouzuki Momonosuke,OP01-041F,prb01,PRB-01: The Best - Premium Booster,jp,Full Art,Rare,,,4138,one_piece:OP01-041F,308943,308943,,799200,,,,,,,,,,,,,,,,,,,Low,1.85,EUR,EUR,cardtrader,308943,medium,2026-08-28T15:00:15.994637+00:00,"""{\""cardmarket_exact_candidates\"": [], \""snapshot_fingerprint\"": \""723089ea141224cbabc779e913e9c968ea0705828303bb468b9642a9b053b2e0\""}""",MISMATCH,stored Cardmarket product conflicts with local printing,true,false,false,,,,,,,,CRITICAL,,,,CRITICAL,wrong_cardmarket_id,,"{""external_provenance"": [{""exact_language"": false, ""id"": 799200, ""metadata"": {""allowed_languages"": [""en"", ""jp"", ""zh-CN"", ""kr"", ""fr""]}, ""scope"": ""mixed""}], ""mismatch_reasons"": [""wrong_cardmarket_id""], ""scryfall_cardmarket_id"": null, ""stored_ids"": [799200], ""validated_stored_ids"": [799200]}",,,,
19710,one_piece,Otama,OP01-006F,prb01,PRB-01: The Best - Premium Booster,en,Full Art,Uncommon,,,4141,one_piece:OP01-006F,308947,308947,,799189,,,,,,,,,,,,,,,,,,,Low,8.12,EUR,EUR,cardtrader,308947,high,2026-08-29T12:19:30.162830+00:00,"""{\""cardmarket_exact_candidates\"": [], \""snapshot_fingerprint\"": \""abd9d3655d083ff34fd743f7f2c22b46567d84b04d9f269ae53e3412ca660165\""}""",MISMATCH,stored Cardmarket product conflicts with local printing,true,false,false,,,,,,,,CRITICAL,,,,CRITICAL,wrong_cardmarket_id,,"{""external_provenance"": [{""exact_language"": false, ""id"": 799189, ""metadata"": {""allowed_languages"": [""en"", ""jp"", ""zh-CN"", ""kr"", ""fr""]}, ""scope"": ""mixed""}], ""mismatch_reasons"": [""wrong_cardmarket_id""], ""scryfall_cardmarket_id"": null, ""stored_ids"": [799189], ""validated_stored_ids"": [799189]}",,,,
19711,one_piece,Otama,OP01-006F,prb01,PRB-01: The Best - Premium Booster,jp,Full Art,Uncommon,,,4141,one_piece:OP01-006F,308947,308947,,799189,,,,,,,,,,,,,,,,,,,Low,3.53,EUR,EUR,cardtrader,308947,high,2026-08-28T15:00:15.994637+00:00,"""{\""cardmarket_exact_candidates\"": [], \""snapshot_fingerprint\"": \""eafa08948383cbb5c11c365ab7cc9353c8e0c01d31abeade1e86f34d282e1d00\""}""",MISMATCH,stored Cardmarket product conflicts with local printing,true,false,false,,,,,,,,CRITICAL,,,,CRITICAL,wrong_cardmarket_id,,"{""external_provenance"": [{""exact_language"": false, ""id"": 799189, ""metadata"": {""allowed_languages"": [""en"", ""jp"", ""zh-CN"", ""kr"", ""fr""]}, ""scope"": ""mixed""}], ""mismatch_reasons"": [""wrong_cardmarket_id""], ""scryfall_cardmarket_id"": null, ""stored_ids"": [799189], ""validated_stored_ids"": [799189]}",,,,
19715,one_piece,"Capone""Gang""Bege",OP04-100F,prb01,PRB-01: The Best - Premium Booster,en,Full Art,Rare,,,4145,one_piece:OP04-100F,308960,308960,,799290,,,,,,,,,,,,,,,,,,,Low,1.1,EUR,EUR,cardtrader,308960,high,2026-08-29T12:19:30.162830+00:00,"""{\""cardmarket_exact_candidates\"": [], \""snapshot_fingerprint\"": \""fab9952b2a25588cdd4990d785421cdf169fe13d40cd7469bee938cd38617145\""}""",MISMATCH,stored Cardmarket product conflicts with local printing,true,false,false,,,,,,,,CRITICAL,,,,CRITICAL,wrong_cardmarket_id,,"{""external_provenance"": [{""exact_language"": false, ""id"": 799290, ""metadata"": {""allowed_languages"": [""en"", ""jp"", ""zh-CN"", ""kr"", ""fr""]}, ""scope"": ""mixed""}], ""mismatch_reasons"": [""wrong_cardmarket_id""], ""scryfall_cardmarket_id"": null, ""stored_ids"": [799290], ""validated_stored_ids"": [799290]}",,,,
19716,one_piece,"Capone""Gang""Bege",OP04-100F,prb01,PRB-01: The Best - Premium Booster,jp,Full Art,Rare,,,4145,one_piece:OP04-100F,308960,308960,,799290,,,,,,,,,,,,,,,,,,,Low,1.77,EUR,EUR,cardtrader,308960,high,2026-08-29T12:19:30.162830+00:00,"""{\""cardmarket_exact_candidates\"": [], \""snapshot_fingerprint\"": \""846f0f7c098b503e7fcf124207c882b2f5e3af683e96e9bc5e2d617603efbf09\""}""",MISMATCH,stored Cardmarket product conflicts with local printing,true,false,false,,,,,,,,CRITICAL,,,,CRITICAL,wrong_cardmarket_id,,"{""external_provenance"": [{""exact_language"": false, ""id"": 799290, ""metadata"": {""allowed_languages"": [""en"", ""jp"", ""zh-CN"", ""kr"", ""fr""]}, ""scope"": ""mixed""}], ""mismatch_reasons"": [""wrong_cardmarket_id""], ""scryfall_cardmarket_id"": null, ""stored_ids"": [799290], ""validated_stored_ids"": [799290]}",,,,
19721,one_piece,Raizo,OP01-052J,prb01,PRB-01: The Best - Premium Booster,en,Jolly Roger Foil,Uncommon,,,4150,one_piece:OP01-052J,308988,308988,,799206,,,,,,,,,,,,,,,,,,,Low,0.11,EUR,EUR,cardtrader,308988,high,2026-08-29T12:19:30.162830+00:00,"""{\""cardmarket_exact_candidates\"": [], \""snapshot_fingerprint\"": \""eb52b0a2fb55fa0d7bbe2e0a5a27b6a5f9412b489028b04cf6d3293a99e90a60\""}""",MISMATCH,stored Cardmarket product conflicts with local printing,true,false,false,,,,,,,,CRITICAL,,,,CRITICAL,wrong_cardmarket_id,,"{""external_provenance"": [{""exact_language"": false, ""id"": 799206, ""metadata"": {""allowed_languages"": [""en"", ""jp"", ""zh-CN"", ""kr"", ""fr""]}, ""scope"": ""mixed""}], ""mismatch_reasons"": [""wrong_cardmarket_id""], ""scryfall_cardmarket_id"": null, ""stored_ids"": [799206], ""validated_stored_ids"": [799206]}",,,,
19722,one_piece,Raizo,OP01-052J,prb01,PRB-01: The Best - Premium Booster,jp,Jolly Roger Foil,Uncommon,,,4150,one_piece:OP01-052J,308988,308988,,799206,,,,,,,,,,,,,,,,,,,Low,0.11,EUR,EUR,cardtrader,308988,high,2026-08-29T12:19:30.162830+00:00,"""{\""cardmarket_exact_candidates\"": [], \""snapshot_fingerprint\"": \""c3a3ffd257f12c64a813725f2710260d385ea26f3cc18ad6b8441ed3776f6ee0\""}""",MISMATCH,stored Cardmarket product conflicts with local printing,true,false,false,,,,,,,,CRITICAL,,,,CRITICAL,wrong_cardmarket_id,,"{""external_provenance"": [{""exact_language"": false, ""id"": 799206, ""metadata"": {""allowed_languages"": [""en"", ""jp"", ""zh-CN"", ""kr"", ""fr""]}, ""scope"": ""mixed""}], ""mismatch_reasons"": [""wrong_cardmarket_id""], ""scryfall_cardmarket_id"": null, ""stored_ids"": [799206], ""validated_stored_ids"": [799206]}",,,,
19724,one_piece,Charlotte Smoothie,OP03-110F,prb01,PRB-01: The Best - Premium Booster,en,Full Art,Rare,,,4152,one_piece:OP03-110F,308996,308996,,799258,,,,,,,,,,,,,,,,,,,Low,3.1,EUR,EUR,cardtrader,308996,high,2026-08-29T12:19:30.162830+00:00,"""{\""cardmarket_exact_candidates\"": [], \""snapshot_fingerprint\"": \""d96db4589f0f862a878ec817651da660e9eb97fb2dea92e67001d9c63543e556\""}""",MISMATCH,stored Cardmarket product conflicts with local printing,true,false,false,,,,,,,,CRITICAL,,,,CRITICAL,wrong_cardmarket_id,,"{""external_provenance"": [{""exact_language"": false, ""id"": 799258, ""metadata"": {""allowed_languages"": [""en"", ""jp"", ""zh-CN"", ""kr"", ""fr""]}, ""scope"": ""mixed""}], ""mismatch_reasons"": [""wrong_cardmarket_id""], ""scryfall_cardmarket_id"": null, ""stored_ids"": [799258], ""validated_stored_ids"": [799258]}",,,,
19725,one_piece,Charlotte Smoothie,OP03-110F,prb01,PRB-01: The Best - Premium Booster,jp,Full Art,Rare,,,4152,one_piece:OP03-110F,308996,308996,,799258,,,,,,,,,,,,,,,,,,,Low,2.27,EUR,EUR,cardtrader,308996,high,2026-08-29T12:19:30.162830+00:00,"""{\""cardmarket_exact_candidates\"": [], \""snapshot_fingerprint\"": \""b412977f61a5a577e94fbe395c812bd22ea68e829ca940b90fd04fa3fbdd2285\""}""",MISMATCH,stored Cardmarket product conflicts with local printing,true,false,false,,,,,,,,CRITICAL,,,,CRITICAL,wrong_cardmarket_id,,"{""external_provenance"": [{""exact_language"": false, ""id"": 799258, ""metadata"": {""allowed_languages"": [""en"", ""jp"", ""zh-CN"", ""kr"", ""fr""]}, ""scope"": ""mixed""}], ""mismatch_reasons"": [""wrong_cardmarket_id""], ""scryfall_cardmarket_id"": null, ""stored_ids"": [799258], ""validated_stored_ids"": [799258]}",,,,
19727,one_piece,Belo Betty,OP05-015J,prb01,PRB-01: The Best - Premium Booster,en,Jolly Roger Foil,Rare,,,4154,one_piece:OP05-015J,309170,309170,,799308,,,,,,,,,,,,,,,,,,,Low,0.2,EUR,EUR,cardtrader,309170,high,2026-08-29T12:19:30.162830+00:00,"""{\""cardmarket_exact_candidates\"": [], \""snapshot_fingerprint\"": \""e205f4443022750d91eace73a3e7c1891942339c47634260131b3437fe4ed4ca\""}""",MISMATCH,stored Cardmarket product conflicts with local printing,true,false,false,,,,,,,,CRITICAL,,,,CRITICAL,wrong_cardmarket_id,,"{""external_provenance"": [{""exact_language"": false, ""id"": 799308, ""metadata"": {""allowed_languages"": [""en"", ""jp"", ""zh-CN"", ""kr"", ""fr""]}, ""scope"": ""mixed""}], ""mismatch_reasons"": [""wrong_cardmarket_id""], ""scryfall_cardmarket_id"": null, ""stored_ids"": [799308], ""validated_stored_ids"": [799308]}",,,,
19728,one_piece,Belo Betty,OP05-015J,prb01,PRB-01: The Best - Premium Booster,jp,Jolly Roger Foil,Rare,,,4154,one_piece:OP05-015J,309170,309170,,799308,,,,,,,,,,,,,,,,,,,Low,0.11,EUR,EUR,cardtrader,309170,high,2026-08-29T12:19:30.162830+00:00,"""{\""cardmarket_exact_candidates\"": [], \""snapshot_fingerprint\"": \""692424701321d84be11d9be0bfee0411eb64b627361e59912374aa9c01c6e89c\""}""",MISMATCH,stored Cardmarket product conflicts with local printing,true,false,false,,,,,,,,CRITICAL,,,,CRITICAL,wrong_cardmarket_id,,"{""external_provenance"": [{""exact_language"": false, ""id"": 799308, ""metadata"": {""allowed_languages"": [""en"", ""jp"", ""zh-CN"", ""kr"", ""fr""]}, ""scope"": ""mixed""}], ""mismatch_reasons"": [""wrong_cardmarket_id""], ""scryfall_cardmarket_id"": null, ""stored_ids"": [799308], ""validated_stored_ids"": [799308]}",,,,
19735,one_piece,Izo,OP01-033F,prb01,PRB-01: The Best - Premium Booster,en,Full Art,Uncommon,,,4161,one_piece:OP01-033F,309959,309959,,799196,,,,,,,,,,,,,,,,,,,Low,2.09,EUR,EUR,cardtrader,309959,high,2026-08-29T12:19:30.162830+00:00,"""{\""cardmarket_exact_candidates\"": [], \""snapshot_fingerprint\"": \""ce8d33e78fdda2887f597a9d76239498917ba9b0a61bbb8e8f2b5089c96689e4\""}""",MISMATCH,stored Cardmarket product conflicts with local printing,true,false,false,,,,,,,,CRITICAL,,,,CRITICAL,wrong_cardmarket_id,,"{""external_provenance"": [{""exact_language"": false, ""id"": 799196, ""metadata"": {""allowed_languages"": [""en"", ""jp"", ""zh-CN"", ""kr"", ""fr""]}, ""scope"": ""mixed""}], ""mismatch_reasons"": [""wrong_cardmarket_id""], ""scryfall_cardmarket_id"": null, ""stored_ids"": [799196], ""validated_stored_ids"": [799196]}",,,,
19736,one_piece,Izo,OP01-033F,prb01,PRB-01: The Best - Premium Booster,jp,Full Art,Uncommon,,,4161,one_piece:OP01-033F,309959,309959,,799196,,,,,,,,,,,,,,,,,,,Low,3.79,EUR,EUR,cardtrader,309959,high,2026-08-28T15:00:15.994637+00:00,"""{\""cardmarket_exact_candidates\"": [], \""snapshot_fingerprint\"": \""b1430a3cbef55be507382090ee2e539fac745b347a2d807354c1bd69e61d8a8c\""}""",MISMATCH,stored Cardmarket product conflicts with local printing,true,false,false,,,,,,,,CRITICAL,,,,CRITICAL,wrong_cardmarket_id,,"{""external_provenance"": [{""exact_language"": false, ""id"": 799196, ""metadata"": {""allowed_languages"": [""en"", ""jp"", ""zh-CN"", ""kr"", ""fr""]}, ""scope"": ""mixed""}], ""mismatch_reasons"": [""wrong_cardmarket_id""], ""scryfall_cardmarket_id"": null, ""stored_ids"": [799196], ""validated_stored_ids"": [799196]}",,,,
19738,one_piece,Bartolomeo,OP04-089F,prb01,PRB-01: The Best - Premium Booster,en,Full Art,Rare,,,4163,one_piece:OP04-089F,309961,309961,,799285,,,,,,,,,,,,,,,,,,,Low,3.0,EUR,EUR,cardtrader,309961,high,2026-08-29T12:19:30.162830+00:00,"""{\""cardmarket_exact_candidates\"": [], \""snapshot_fingerprint\"": \""872d999a93e627e529db117894e6a03aa431365defc22ba9b90b71c954a416de\""}""",MISMATCH,stored Cardmarket product conflicts with local printing,true,false,false,,,,,,,,CRITICAL,,,,CRITICAL,wrong_cardmarket_id,,"{""external_provenance"": [{""exact_language"": false, ""id"": 799285, ""metadata"": {""allowed_languages"": [""en"", ""jp"", ""zh-CN"", ""kr"", ""fr""]}, ""scope"": ""mixed""}], ""mismatch_reasons"": [""wrong_cardmarket_id""], ""scryfall_cardmarket_id"": null, ""stored_ids"": [799285], ""validated_stored_ids"": [799285]}",,,,
19739,one_piece,Bartolomeo,OP04-089F,prb01,PRB-01: The Best - Premium Booster,jp,Full Art,Rare,,,4163,one_piece:OP04-089F,309961,309961,,799285,,,,,,,,,,,,,,,,,,,Low,2.6,EUR,EUR,cardtrader,309961,high,2026-08-28T15:00:15.994637+00:00,"""{\""cardmarket_exact_candidates\"": [], \""snapshot_fingerprint\"": \""a1c72ff9de73ad3891b6727eb32f5e0ff3bafe1a027b9f5ce10e59c6a4b2b61e\""}""",MISMATCH,stored Cardmarket product conflicts with local printing,true,false,false,,,,,,,,CRITICAL,,,,CRITICAL,wrong_cardmarket_id,,"{""external_provenance"": [{""exact_language"": false, ""id"": 799285, ""metadata"": {""allowed_languages"": [""en"", ""jp"", ""zh-CN"", ""kr"", ""fr""]}, ""scope"": ""mixed""}], ""mismatch_reasons"": [""wrong_cardmarket_id""], ""scryfall_cardmarket_id"": null, ""stored_ids"": [799285], ""validated_stored_ids"": [799285]}",,,,
19742,one_piece,Belo Betty,OP05-015F,prb01,PRB-01: The Best - Premium Booster,en,Full Art,Rare,,,4166,one_piece:OP05-015F,309964,309964,,799309,,,,,,,,,,,,,,,,,,,Low,10.04,EUR,EUR,cardtrader,309964,high,2026-08-29T12:19:30.162830+00:00,"""{\""cardmarket_exact_candidates\"": [], \""snapshot_fingerprint\"": \""96d977138a025c2cfbc208027cfdb808e2f83d72d6d96c9457217a1e2f28b8ef\""}""",MISMATCH,stored Cardmarket product conflicts with local printing,true,false,false,,,,,,,,CRITICAL,,,,CRITICAL,wrong_cardmarket_id,,"{""external_provenance"": [{""exact_language"": false, ""id"": 799309, ""metadata"": {""allowed_languages"": [""en"", ""jp"", ""zh-CN"", ""kr"", ""fr""]}, ""scope"": ""mixed""}], ""mismatch_reasons"": [""wrong_cardmarket_id""], ""scryfall_cardmarket_id"": null, ""stored_ids"": [799309], ""validated_stored_ids"": [799309]}",,,,
19743,one_piece,Belo Betty,OP05-015F,prb01,PRB-01: The Best - Premium Booster,jp,Full Art,Rare,,,4166,one_piece:OP05-015F,309964,309964,,799309,,,,,,,,,,,,,,,,,,,Low,2.05,EUR,EUR,cardtrader,309964,high,2026-08-29T12:19:30.162830+00:00,"""{\""cardmarket_exact_candidates\"": [], \""snapshot_fingerprint\"": \""ce4f9616d13ae20aa0acdcf20f8960eb656ef3871c2b7b07cdef757a12c4811e\""}""",MISMATCH,stored Cardmarket product conflicts with local printing,true,false,false,,,,,,,,CRITICAL,,,,CRITICAL,wrong_cardmarket_id,,"{""external_provenance"": [{""exact_language"": false, ""id"": 799309, ""metadata"": {""allowed_languages"": [""en"", ""jp"", ""zh-CN"", ""kr"", ""fr""]}, ""scope"": ""mixed""}], ""mismatch_reasons"": [""wrong_cardmarket_id""], ""scryfall_cardmarket_id"": null, ""stored_ids"": [799309], ""validated_stored_ids"": [799309]}",,,,
19746,one_piece,Nico Robin,OP05-010J,prb01,PRB-01: The Best - Premium Booster,en,Jolly Roger Foil,Uncommon,,,4169,one_piece:OP05-010J,309967,309967,,799300,,,,,,,,,,,,,,,,,,,Low,0.2,EUR,EUR,cardtrader,309967,high,2026-08-29T12:19:30.162830+00:00,"""{\""cardmarket_exact_candidates\"": [], \""snapshot_fingerprint\"": \""3c3f1b22c4d2031d1ebe2f86729af05695e376ec2410b24fb332b834759498da\""}""",MISMATCH,stored Cardmarket product conflicts with local printing,true,false,false,,,,,,,,CRITICAL,,,,CRITICAL,wrong_cardmarket_id,,"{""external_provenance"": [{""exact_language"": false, ""id"": 799300, ""metadata"": {""allowed_languages"": [""en"", ""jp"", ""zh-CN"", ""kr"", ""fr""]}, ""scope"": ""mixed""}], ""mismatch_reasons"": [""wrong_cardmarket_id""], ""scryfall_cardmarket_id"": null, ""stored_ids"": [799300], ""validated_stored_ids"": [799300]}",,,,
19747,one_piece,Nico Robin,OP05-010J,prb01,PRB-01: The Best - Premium Booster,jp,Jolly Roger Foil,Uncommon,,,4169,one_piece:OP05-010J,309967,309967,,799300,,,,,,,,,,,,,,,,,,,Low,5.1,EUR,EUR,cardtrader,309967,high,2026-08-28T15:00:15.994637+00:00,"""{\""cardmarket_exact_candidates\"": [], \""snapshot_fingerprint\"": \""2144a2530086519a1f9269405d8ed64ada25c917f4ccacc08a3801879599c2cd\""}""",MISMATCH,stored Cardmarket product conflicts with local printing,true,false,false,,,,,,,,CRITICAL,,,,CRITICAL,wrong_cardmarket_id,,"{""external_provenance"": [{""exact_language"": false, ""id"": 799300, ""metadata"": {""allowed_languages"": [""en"", ""jp"", ""zh-CN"", ""kr"", ""fr""]}, ""scope"": ""mixed""}], ""mismatch_reasons"": [""wrong_cardmarket_id""], ""scryfall_cardmarket_id"": null, ""stored_ids"": [799300], ""validated_stored_ids"": [799300]}",,,,
19753,one_piece,Arlong,OP06-023FA,prb01,PRB-01: The Best - Premium Booster,en,Full Art,Rare,,,4175,one_piece:OP06-023FA,310302,310302,,799355,,,,,,,,,,,,,,,,,,,Low,2.98,EUR,EUR,cardtrader,310302,high,2026-08-29T12:19:30.162830+00:00,"""{\""cardmarket_exact_candidates\"": [], \""snapshot_fingerprint\"": \""34f39a0a7cf89190eba6d1309dac07e772758c15bff1a2ee2ac300b1165b5e28\""}""",MISMATCH,stored Cardmarket product conflicts with local printing,true,false,false,,,,,,,,CRITICAL,,,,CRITICAL,wrong_cardmarket_id,,"{""external_provenance"": [{""exact_language"": false, ""id"": 799355, ""metadata"": {""allowed_languages"": [""en"", ""jp"", ""zh-CN"", ""kr"", ""fr""]}, ""scope"": ""mixed""}], ""mismatch_reasons"": [""wrong_cardmarket_id""], ""scryfall_cardmarket_id"": null, ""stored_ids"": [799355], ""validated_stored_ids"": [799355]}",,,,
19754,one_piece,Arlong,OP06-023FA,prb01,PRB-01: The Best - Premium Booster,jp,Full Art,Rare,,,4175,one_piece:OP06-023FA,310302,310302,,799355,,,,,,,,,,,,,,,,,,,Low,2.25,EUR,EUR,cardtrader,310302,high,2026-08-29T12:19:30.162830+00:00,"""{\""cardmarket_exact_candidates\"": [], \""snapshot_fingerprint\"": \""f60d20aa24999903d40e2399079f970dc520cbd2cf8261e9e3b20077ffb4e061\""}""",MISMATCH,stored Cardmarket product conflicts with local printing,true,false,false,,,,,,,,CRITICAL,,,,CRITICAL,wrong_cardmarket_id,,"{""external_provenance"": [{""exact_language"": false, ""id"": 799355, ""metadata"": {""allowed_languages"": [""en"", ""jp"", ""zh-CN"", ""kr"", ""fr""]}, ""scope"": ""mixed""}], ""mismatch_reasons"": [""wrong_cardmarket_id""], ""scryfall_cardmarket_id"": null, ""stored_ids"": [799355], ""validated_stored_ids"": [799355]}",,,,
19767,one_piece,Boa Hancock,ST03-013F,prb01,PRB-01: The Best - Premium Booster,en,Full Art,Common,,,4186,one_piece:ST03-013F,310347,310347,,799429,,,,,,,,,,,,,,,,,,,Low,53.64,EUR,EUR,cardtrader,310347,high,2026-08-29T12:19:30.162830+00:00,"""{\""cardmarket_exact_candidates\"": [], \""snapshot_fingerprint\"": \""d2d624702127df33403a726afbbd006da81c0ff9d409a4e9712c6e597dd0a676\""}""",MISMATCH,stored Cardmarket product conflicts with local printing,true,false,false,,,,,,,,CRITICAL,,,,CRITICAL,wrong_cardmarket_id,,"{""external_provenance"": [{""exact_language"": false, ""id"": 799429, ""metadata"": {""allowed_languages"": [""en"", ""jp"", ""zh-CN"", ""kr"", ""fr""]}, ""scope"": ""mixed""}], ""mismatch_reasons"": [""wrong_cardmarket_id""], ""scryfall_cardmarket_id"": null, ""stored_ids"": [799429], ""validated_stored_ids"": [799429]}",,,,
19768,one_piece,Boa Hancock,ST03-013F,prb01,PRB-01: The Best - Premium Booster,jp,Full Art,Common,,,4186,one_piece:ST03-013F,310347,310347,,799429,,,,,,,,,,,,,,,,,,,Low,21.3,EUR,EUR,cardtrader,310347,medium,2026-08-28T15:00:15.994637+00:00,"""{\""cardmarket_exact_candidates\"": [], \""snapshot_fingerprint\"": \""4208c0833c96a3c9e86a988886bcc79e793c7be537b7453262e7141fa36bb780\""}""",MISMATCH,stored Cardmarket product conflicts with local printing,true,false,false,,,,,,,,CRITICAL,,,,CRITICAL,wrong_cardmarket_id,,"{""external_provenance"": [{""exact_language"": false, ""id"": 799429, ""metadata"": {""allowed_languages"": [""en"", ""jp"", ""zh-CN"", ""kr"", ""fr""]}, ""scope"": ""mixed""}], ""mismatch_reasons"": [""wrong_cardmarket_id""], ""scryfall_cardmarket_id"": null, ""stored_ids"": [799429], ""validated_stored_ids"": [799429]}",,,,
19776,one_piece,"Capone""Gang""Bege",ST02-004F,prb01,PRB-01: The Best - Premium Booster,en,Full Art,Common,,,4191,one_piece:ST02-004F,310356,310356,,799422,,,,,,,,,,,,,,,,,,,Low,0.98,EUR,EUR,cardtrader,310356,high,2026-08-29T12:19:30.162830+00:00,"""{\""cardmarket_exact_candidates\"": [], \""snapshot_fingerprint\"": \""d2aefb6c089956bf2f6e11648fd788da5a276a1b7b04c1ecb3ebb93c68a7fed8\""}""",MISMATCH,stored Cardmarket product conflicts with local printing,true,false,false,,,,,,,,CRITICAL,,,,CRITICAL,wrong_cardmarket_id,,"{""external_provenance"": [{""exact_language"": false, ""id"": 799422, ""metadata"": {""allowed_languages"": [""en"", ""jp"", ""zh-CN"", ""kr"", ""fr""]}, ""scope"": ""mixed""}], ""mismatch_reasons"": [""wrong_cardmarket_id""], ""scryfall_cardmarket_id"": null, ""stored_ids"": [799422], ""validated_stored_ids"": [799422]}",,,,
19777,one_piece,"Capone""Gang""Bege",ST02-004F,prb01,PRB-01: The Best - Premium Booster,jp,Full Art,Common,,,4191,one_piece:ST02-004F,310356,310356,,799422,,,,,,,,,,,,,,,,,,,Low,1.5,EUR,EUR,cardtrader,310356,high,2026-08-28T15:00:15.994637+00:00,"""{\""cardmarket_exact_candidates\"": [], \""snapshot_fingerprint\"": \""6c44ecfdf4f4a0be0f1035902a3a832fb6a600bdcfbdb24ce963050349ba52a5\""}""",MISMATCH,stored Cardmarket product conflicts with local printing,true,false,false,,,,,,,,CRITICAL,,,,CRITICAL,wrong_cardmarket_id,,"{""external_provenance"": [{""exact_language"": false, ""id"": 799422, ""metadata"": {""allowed_languages"": [""en"", ""jp"", ""zh-CN"", ""kr"", ""fr""]}, ""scope"": ""mixed""}], ""mismatch_reasons"": [""wrong_cardmarket_id""], ""scryfall_cardmarket_id"": null, ""stored_ids"": [799422], ""validated_stored_ids"": [799422]}",,,,
19808,one_piece,Gum-Gum Red Roc,OP04-056T,prb01,PRB-01: The Best - Premium Booster,en,Textured Foil,Rare,,,4216,one_piece:OP04-056T,310563,310563,,799279,,,,,,,,,,,,,,,,,,,Low,3.46,EUR,EUR,cardtrader,310563,high,2026-08-29T12:19:30.162830+00:00,"""{\""cardmarket_exact_candidates\"": [], \""snapshot_fingerprint\"": \""3be309688274504fcda372f2d409a843d1aba6232070eca994d6f61f1d83a42e\""}""",MISMATCH,stored Cardmarket product conflicts with local printing,true,false,false,,,,,,,,CRITICAL,,,,CRITICAL,wrong_cardmarket_id,,"{""external_provenance"": [{""exact_language"": false, ""id"": 799279, ""metadata"": {""allowed_languages"": [""en"", ""jp"", ""zh-CN"", ""kr"", ""fr""]}, ""scope"": ""mixed""}], ""mismatch_reasons"": [""wrong_cardmarket_id""], ""scryfall_cardmarket_id"": null, ""stored_ids"": [799279], ""validated_stored_ids"": [799279]}",,,,
19809,one_piece,Gum-Gum Red Roc,OP04-056T,prb01,PRB-01: The Best - Premium Booster,jp,Textured Foil,Rare,,,4216,one_piece:OP04-056T,310563,310563,,799279,,,,,,,,,,,,,,,,,,,Low,0.19,EUR,EUR,cardtrader,310563,medium,2026-08-28T15:00:15.994637+00:00,"""{\""cardmarket_exact_candidates\"": [], \""snapshot_fingerprint\"": \""564b63cb60dd2da536cf6a005b3168598901916a75b22839d13248fa3a76f198\""}""",MISMATCH,stored Cardmarket product conflicts with local printing,true,false,false,,,,,,,,CRITICAL,,,,CRITICAL,wrong_cardmarket_id,,"{""external_provenance"": [{""exact_language"": false, ""id"": 799279, ""metadata"": {""allowed_languages"": [""en"", ""jp"", ""zh-CN"", ""kr"", ""fr""]}, ""scope"": ""mixed""}], ""mismatch_reasons"": [""wrong_cardmarket_id""], ""scryfall_cardmarket_id"": null, ""stored_ids"": [799279], ""validated_stored_ids"": [799279]}",,,,
19811,one_piece,Helmeppo,ST06-010J,prb01,PRB-01: The Best - Premium Booster,en,Jolly Roger Foil,Common,,,4218,one_piece:ST06-010J,310567,310567,,799437,,,,,,,,,,,,,,,,,,,Low,0.11,EUR,EUR,cardtrader,310567,high,2026-08-29T12:19:30.162830+00:00,"""{\""cardmarket_exact_candidates\"": [], \""snapshot_fingerprint\"": \""42473495a47a281b100a851a5c7f981a53636a170c930c6f2456b184328aab3e\""}""",MISMATCH,stored Cardmarket product conflicts with local printing,true,false,false,,,,,,,,CRITICAL,,,,CRITICAL,wrong_cardmarket_id,,"{""external_provenance"": [{""exact_language"": false, ""id"": 799437, ""metadata"": {""allowed_languages"": [""en"", ""jp"", ""zh-CN"", ""kr"", ""fr""]}, ""scope"": ""mixed""}], ""mismatch_reasons"": [""wrong_cardmarket_id""], ""scryfall_cardmarket_id"": null, ""stored_ids"": [799437], ""validated_stored_ids"": [799437]}",,,,
19812,one_piece,Helmeppo,ST06-010J,prb01,PRB-01: The Best - Premium Booster,jp,Jolly Roger Foil,Common,,,4218,one_piece:ST06-010J,310567,310567,,799437,,,,,,,,,,,,,,,,,,,Low,0.12,EUR,EUR,cardtrader,310567,high,2026-08-29T12:19:30.162830+00:00,"""{\""cardmarket_exact_candidates\"": [], \""snapshot_fingerprint\"": \""a82b51413e9239132221db743d801dff1f9cf26e38f15b1e88ba0ebd5bad425a\""}""",MISMATCH,stored Cardmarket product conflicts with local printing,true,false,false,,,,,,,,CRITICAL,,,,CRITICAL,wrong_cardmarket_id,,"{""external_provenance"": [{""exact_language"": false, ""id"": 799437, ""metadata"": {""allowed_languages"": [""en"", ""jp"", ""zh-CN"", ""kr"", ""fr""]}, ""scope"": ""mixed""}], ""mismatch_reasons"": [""wrong_cardmarket_id""], ""scryfall_cardmarket_id"": null, ""stored_ids"": [799437], ""validated_stored_ids"": [799437]}",,,,
19815,one_piece,Hound Blaze,OP05-057T,prb01,PRB-01: The Best - Premium Booster,en,Textured Foil,Rare,,,4221,one_piece:OP05-057T,310571,310571,,799318,,,,,,,,,,,,,,,,,,,Low,7.96,EUR,EUR,cardtrader,310571,high,2026-08-29T12:19:30.162830+00:00,"""{\""cardmarket_exact_candidates\"": [], \""snapshot_fingerprint\"": \""1ee5bce201f3209bda89d0f96a62f6492fe943fc1908f8404de0c55ed2ac5e6a\""}""",MISMATCH,stored Cardmarket product conflicts with local printing,true,false,false,,,,,,,,CRITICAL,,,,CRITICAL,wrong_cardmarket_id,,"{""external_provenance"": [{""exact_language"": false, ""id"": 799318, ""metadata"": {""allowed_languages"": [""en"", ""jp"", ""zh-CN"", ""kr"", ""fr""]}, ""scope"": ""mixed""}], ""mismatch_reasons"": [""wrong_cardmarket_id""], ""scryfall_cardmarket_id"": null, ""stored_ids"": [799318], ""validated_stored_ids"": [799318]}",,,,
19816,one_piece,Hound Blaze,OP05-057T,prb01,PRB-01: The Best - Premium Booster,jp,Textured Foil,Rare,,,4221,one_piece:OP05-057T,310571,310571,,799318,,,,,,,,,,,,,,,,,,,Low,1.8,EUR,EUR,cardtrader,310571,high,2026-08-28T15:00:15.994637+00:00,"""{\""cardmarket_exact_candidates\"": [], \""snapshot_fingerprint\"": \""5de94e62db2039151b13b17363e7fa77f61c3a25ff2d0d481baf745ecef83888\""}""",MISMATCH,stored Cardmarket product conflicts with local printing,true,false,false,,,,,,,,CRITICAL,,,,CRITICAL,wrong_cardmarket_id,,"{""external_provenance"": [{""exact_language"": false, ""id"": 799318, ""metadata"": {""allowed_languages"": [""en"", ""jp"", ""zh-CN"", ""kr"", ""fr""]}, ""scope"": ""mixed""}], ""mismatch_reasons"": [""wrong_cardmarket_id""], ""scryfall_cardmarket_id"": null, ""stored_ids"": [799318], ""validated_stored_ids"": [799318]}",,,,
19822,one_piece,Judgment of Hell,OP02-089T,prb01,PRB-01: The Best - Premium Booster,en,Textured Foil,Rare,,,4226,one_piece:OP02-089T,310591,310591,,799225,,,,,,,,,,,,,,,,,,,Low,2.71,EUR,EUR,cardtrader,310591,high,2026-08-29T12:19:30.162830+00:00,"""{\""cardmarket_exact_candidates\"": [], \""snapshot_fingerprint\"": \""dc4d56c10977c8c6fc221ad2a5738bdaa23f58340f6cd496b938dc8517b428e2\""}""",MISMATCH,stored Cardmarket product conflicts with local printing,true,false,false,,,,,,,,CRITICAL,,,,CRITICAL,wrong_cardmarket_id,,"{""external_provenance"": [{""exact_language"": false, ""id"": 799225, ""metadata"": {""allowed_languages"": [""en"", ""jp"", ""zh-CN"", ""kr"", ""fr""]}, ""scope"": ""mixed""}], ""mismatch_reasons"": [""wrong_cardmarket_id""], ""scryfall_cardmarket_id"": null, ""stored_ids"": [799225], ""validated_stored_ids"": [799225]}",,,,
19823,one_piece,Judgment of Hell,OP02-089T,prb01,PRB-01: The Best - Premium Booster,jp,Textured Foil,Rare,,,4226,one_piece:OP02-089T,310591,310591,,799225,,,,,,,,,,,,,,,,,,,Low,1.09,EUR,EUR,cardtrader,310591,high,2026-08-29T12:19:30.162830+00:00,"""{\""cardmarket_exact_candidates\"": [], \""snapshot_fingerprint\"": \""724da8f8fd029851393117a90b4572f9df8068e6765250c3ee0cdb715fa17d2b\""}""",MISMATCH,stored Cardmarket product conflicts with local printing,true,false,false,,,,,,,,CRITICAL,,,,CRITICAL,wrong_cardmarket_id,,"{""external_provenance"": [{""exact_language"": false, ""id"": 799225, ""metadata"": {""allowed_languages"": [""en"", ""jp"", ""zh-CN"", ""kr"", ""fr""]}, ""scope"": ""mixed""}], ""mismatch_reasons"": [""wrong_cardmarket_id""], ""scryfall_cardmarket_id"": null, ""stored_ids"": [799225], ""validated_stored_ids"": [799225]}",,,,
19829,one_piece,Kingdom of GERMA,OP06-079T,prb01,PRB-01: The Best - Premium Booster,en,Textured Foil,Common,,,4231,one_piece:OP06-079T,310603,310603,,799381,,,,,,,,,,,,,,,,,,,Low,1.27,EUR,EUR,cardtrader,310603,high,2026-08-29T12:19:30.162830+00:00,"""{\""cardmarket_exact_candidates\"": [], \""snapshot_fingerprint\"": \""6258ea5b729896eeac5dddb65bb5742a39fa28647382986dacc310e1f182fe92\""}""",MISMATCH,stored Cardmarket product conflicts with local printing,true,false,false,,,,,,,,CRITICAL,,,,CRITICAL,wrong_cardmarket_id,,"{""external_provenance"": [{""exact_language"": false, ""id"": 799381, ""metadata"": {""allowed_languages"": [""en"", ""jp"", ""zh-CN"", ""kr"", ""fr""]}, ""scope"": ""mixed""}], ""mismatch_reasons"": [""wrong_cardmarket_id""], ""scryfall_cardmarket_id"": null, ""stored_ids"": [799381], ""validated_stored_ids"": [799381]}",,,,
19830,one_piece,Kingdom of GERMA,OP06-079T,prb01,PRB-01: The Best - Premium Booster,jp,Textured Foil,Common,,,4231,one_piece:OP06-079T,310603,310603,,799381,,,,,,,,,,,,,,,,,,,Low,3.03,EUR,EUR,cardtrader,310603,low,2026-08-28T15:00:15.994637+00:00,"""{\""cardmarket_exact_candidates\"": [], \""snapshot_fingerprint\"": \""83e41ca8735354e7ef4097dbac47f59cd3cc62d8a688398b18ecc6a9e7d2bd3c\""}""",MISMATCH,stored Cardmarket product conflicts with local printing,true,false,false,,,,,,,,CRITICAL,,,,CRITICAL,wrong_cardmarket_id,,"{""external_provenance"": [{""exact_language"": false, ""id"": 799381, ""metadata"": {""allowed_languages"": [""en"", ""jp"", ""zh-CN"", ""kr"", ""fr""]}, ""scope"": ""mixed""}], ""mismatch_reasons"": [""wrong_cardmarket_id""], ""scryfall_cardmarket_id"": null, ""stored_ids"": [799381], ""validated_stored_ids"": [799381]}",,,,
19840,one_piece,Miss Doublefinger(Zala),OP05-073J,prb01,PRB-01: The Best - Premium Booster,en,Jolly Roger Foil,Uncommon,,,4240,one_piece:OP05-073J,310623,310623,,799321,,,,,,,,,,,,,,,,,,,Low,0.33,EUR,EUR,cardtrader,310623,high,2026-08-29T12:19:30.162830+00:00,"""{\""cardmarket_exact_candidates\"": [], \""snapshot_fingerprint\"": \""bb23c8d328563ae6516b294c907b2561b76949bc25f9bf8bb75f079e23de8eed\""}""",MISMATCH,stored Cardmarket product conflicts with local printing,true,false,false,,,,,,,,CRITICAL,,,,CRITICAL,wrong_cardmarket_id,,"{""external_provenance"": [{""exact_language"": false, ""id"": 799321, ""metadata"": {""allowed_languages"": [""en"", ""jp"", ""zh-CN"", ""kr"", ""fr""]}, ""scope"": ""mixed""}], ""mismatch_reasons"": [""wrong_cardmarket_id""], ""scryfall_cardmarket_id"": null, ""stored_ids"": [799321], ""validated_stored_ids"": [799321]}",,,,
19841,one_piece,Miss Doublefinger(Zala),OP05-073J,prb01,PRB-01: The Best - Premium Booster,jp,Jolly Roger Foil,Uncommon,,,4240,one_piece:OP05-073J,310623,310623,,799321,,,,,,,,,,,,,,,,,,,Low,0.11,EUR,EUR,cardtrader,310623,high,2026-08-29T12:19:30.162830+00:00,"""{\""cardmarket_exact_candidates\"": [], \""snapshot_fingerprint\"": \""e6637cbc91d8de07fe39b9fd4a8692ad512d5a51f748892b6c26333680a0fe80\""}""",MISMATCH,stored Cardmarket product conflicts with local printing,true,false,false,,,,,,,,CRITICAL,,,,CRITICAL,wrong_cardmarket_id,,"{""external_provenance"": [{""exact_language"": false, ""id"": 799321, ""metadata"": {""allowed_languages"": [""en"", ""jp"", ""zh-CN"", ""kr"", ""fr""]}, ""scope"": ""mixed""}], ""mismatch_reasons"": [""wrong_cardmarket_id""], ""scryfall_cardmarket_id"": null, ""stored_ids"": [799321], ""validated_stored_ids"": [799321]}",,,,
19852,one_piece,One-Legged Toy Soldier,OP05-081F,prb01,PRB-01: The Best - Premium Booster,en,Full Art,Uncommon,,,4251,one_piece:OP05-081F,310634,310634,,799328,,,,,,,,,,,,,,,,,,,Low,9.4,EUR,EUR,cardtrader,310634,high,2026-08-29T12:19:30.162830+00:00,"""{\""cardmarket_exact_candidates\"": [], \""snapshot_fingerprint\"": \""947331df7054dbe6419d5aa7afa8f20d072b5fc1ed4798deafbae9fb241dc8c5\""}""",MISMATCH,stored Cardmarket product conflicts with local printing,true,false,false,,,,,,,,CRITICAL,,,,CRITICAL,wrong_cardmarket_id,,"{""external_provenance"": [{""exact_language"": false, ""id"": 799328, ""metadata"": {""allowed_languages"": [""en"", ""jp"", ""zh-CN"", ""kr"", ""fr""]}, ""scope"": ""mixed""}], ""mismatch_reasons"": [""wrong_cardmarket_id""], ""scryfall_cardmarket_id"": null, ""stored_ids"": [799328], ""validated_stored_ids"": [799328]}",,,,
19853,one_piece,One-Legged Toy Soldier,OP05-081F,prb01,PRB-01: The Best - Premium Booster,jp,Full Art,Uncommon,,,4251,one_piece:OP05-081F,310634,310634,,799328,,,,,,,,,,,,,,,,,,,Low,4.09,EUR,EUR,cardtrader,310634,high,2026-08-29T12:19:30.162830+00:00,"""{\""cardmarket_exact_candidates\"": [], \""snapshot_fingerprint\"": \""c3cf9af5854b602133f7a9bd6f4afacf2aac10898a37bea833cecd6e7f5525a8\""}""",MISMATCH,stored Cardmarket product conflicts with local printing,true,false,false,,,,,,,,CRITICAL,,,,CRITICAL,wrong_cardmarket_id,,"{""external_provenance"": [{""exact_language"": false, ""id"": 799328, ""metadata"": {""allowed_languages"": [""en"", ""jp"", ""zh-CN"", ""kr"", ""fr""]}, ""scope"": ""mixed""}], ""mismatch_reasons"": [""wrong_cardmarket_id""], ""scryfall_cardmarket_id"": null, ""stored_ids"": [799328], ""validated_stored_ids"": [799328]}",,,,
19856,one_piece,Otama,OP01-006J,prb01,PRB-01: The Best - Premium Booster,en,Jolly Roger Foil,Uncommon,,,4254,one_piece:OP01-006J,310637,310637,,799188,,,,,,,,,,,,,,,,,,,Low,0.24,EUR,EUR,cardtrader,310637,high,2026-08-29T12:19:30.162830+00:00,"""{\""cardmarket_exact_candidates\"": [], \""snapshot_fingerprint\"": \""0984b1c9002ef99fd66b4cc105cd755d178fb563cec011bd7904e6ed8034ff9d\""}""",MISMATCH,stored Cardmarket product conflicts with local printing,true,false,false,,,,,,,,CRITICAL,,,,CRITICAL,wrong_cardmarket_id,,"{""external_provenance"": [{""exact_language"": false, ""id"": 799188, ""metadata"": {""allowed_languages"": [""en"", ""jp"", ""zh-CN"", ""kr"", ""fr""]}, ""scope"": ""mixed""}], ""mismatch_reasons"": [""wrong_cardmarket_id""], ""scryfall_cardmarket_id"": null, ""stored_ids"": [799188], ""validated_stored_ids"": [799188]}",,,,
19857,one_piece,Otama,OP01-006J,prb01,PRB-01: The Best - Premium Booster,jp,Jolly Roger Foil,Uncommon,,,4254,one_piece:OP01-006J,310637,310637,,799188,,,,,,,,,,,,,,,,,,,Low,0.32,EUR,EUR,cardtrader,310637,high,2026-08-29T12:19:30.162830+00:00,"""{\""cardmarket_exact_candidates\"": [], \""snapshot_fingerprint\"": \""856fadb3e4b0a66fa79cfb92cc8857e91874c1722e933b43e95c93360ebba268\""}""",MISMATCH,stored Cardmarket product conflicts with local printing,true,false,false,,,,,,,,CRITICAL,,,,CRITICAL,wrong_cardmarket_id,,"{""external_provenance"": [{""exact_language"": false, ""id"": 799188, ""metadata"": {""allowed_languages"": [""en"", ""jp"", ""zh-CN"", ""kr"", ""fr""]}, ""scope"": ""mixed""}], ""mismatch_reasons"": [""wrong_cardmarket_id""], ""scryfall_cardmarket_id"": null, ""stored_ids"": [799188], ""validated_stored_ids"": [799188]}",,,,
19862,one_piece,Ryuma,OP06-036F,prb01,PRB-01: The Best - Premium Booster,en,Full Art,Rare,,,4259,one_piece:OP06-036F,310643,310643,,799359,,,,,,,,,,,,,,,,,,,Low,9.14,EUR,EUR,cardtrader,310643,high,2026-08-29T12:19:30.162830+00:00,"""{\""cardmarket_exact_candidates\"": [], \""snapshot_fingerprint\"": \""13d7035614929057c99541850decd243ac7003e7bc4f4a747c7fc4e815a36d5d\""}""",MISMATCH,stored Cardmarket product conflicts with local printing,true,false,false,,,,,,,,CRITICAL,,,,CRITICAL,wrong_cardmarket_id,,"{""external_provenance"": [{""exact_language"": false, ""id"": 799359, ""metadata"": {""allowed_languages"": [""en"", ""jp"", ""zh-CN"", ""kr"", ""fr""]}, ""scope"": ""mixed""}], ""mismatch_reasons"": [""wrong_cardmarket_id""], ""scryfall_cardmarket_id"": null, ""stored_ids"": [799359], ""validated_stored_ids"": [799359]}",,,,
19863,one_piece,Ryuma,OP06-036F,prb01,PRB-01: The Best - Premium Booster,jp,Full Art,Rare,,,4259,one_piece:OP06-036F,310643,310643,,799359,,,,,,,,,,,,,,,,,,,Low,8.15,EUR,EUR,cardtrader,310643,high,2026-08-29T12:19:30.162830+00:00,"""{\""cardmarket_exact_candidates\"": [], \""snapshot_fingerprint\"": \""d5774a385ed03c8e95868755443d1f6c059a1d4afbb42624ee476721287c22cd\""}""",MISMATCH,stored Cardmarket product conflicts with local printing,true,false,false,,,,,,,,CRITICAL,,,,CRITICAL,wrong_cardmarket_id,,"{""external_provenance"": [{""exact_language"": false, ""id"": 799359, ""metadata"": {""allowed_languages"": [""en"", ""jp"", ""zh-CN"", ""kr"", ""fr""]}, ""scope"": ""mixed""}], ""mismatch_reasons"": [""wrong_cardmarket_id""], ""scryfall_cardmarket_id"": null, ""stored_ids"": [799359], ""validated_stored_ids"": [799359]}",,,,
19870,one_piece,Satori (copy),OP05-105F,prb01,PRB-01: The Best - Premium Booster,en,Full Art,Rare,,,4265,one_piece:OP05-105F,310649,310649,,799336,,,,,,,,,,,,,,,,,,,Low,5.02,EUR,EUR,cardtrader,310649,high,2026-08-29T12:19:30.162830+00:00,"""{\""cardmarket_exact_candidates\"": [], \""snapshot_fingerprint\"": \""4871001cee008b88b45e791d375c9e3fcefdccc265d49680226f8aeef1b239f8\""}""",MISMATCH,stored Cardmarket product conflicts with local printing,true,false,false,,,,,,,,CRITICAL,,,,CRITICAL,wrong_cardmarket_id,,"{""external_provenance"": [{""exact_language"": false, ""id"": 799336, ""metadata"": {""allowed_languages"": [""en"", ""jp"", ""zh-CN"", ""kr"", ""fr""]}, ""scope"": ""mixed""}], ""mismatch_reasons"": [""wrong_cardmarket_id""], ""scryfall_cardmarket_id"": null, ""stored_ids"": [799336], ""validated_stored_ids"": [799336]}",,,,
19871,one_piece,Satori (copy),OP05-105F,prb01,PRB-01: The Best - Premium Booster,jp,Full Art,Rare,,,4265,one_piece:OP05-105F,310649,310649,,799336,,,,,,,,,,,,,,,,,,,Low,4.53,EUR,EUR,cardtrader,310649,high,2026-08-29T12:19:30.162830+00:00,"""{\""cardmarket_exact_candidates\"": [], \""snapshot_fingerprint\"": \""8c61976cdd0e2d686069983adc14c8ea23a3b413ec6f9d9988a2709d66ecad5f\""}""",MISMATCH,stored Cardmarket product conflicts with local printing,true,false,false,,,,,,,,CRITICAL,,,,CRITICAL,wrong_cardmarket_id,,"{""external_provenance"": [{""exact_language"": false, ""id"": 799336, ""metadata"": {""allowed_languages"": [""en"", ""jp"", ""zh-CN"", ""kr"", ""fr""]}, ""scope"": ""mixed""}], ""mismatch_reasons"": [""wrong_cardmarket_id""], ""scryfall_cardmarket_id"": null, ""stored_ids"": [799336], ""validated_stored_ids"": [799336]}",,,,
19883,one_piece,Three Thousand Worlds,OP03-057T,prb01,PRB-01: The Best - Premium Booster,en,Textured Foil,Super Rare,,,4276,one_piece:OP03-057T,310661,310661,,799245,,,,,,,,,,,,,,,,,,,Low,4.7,EUR,EUR,cardtrader,310661,low,2026-08-29T12:19:30.162830+00:00,"""{\""cardmarket_exact_candidates\"": [], \""snapshot_fingerprint\"": \""238cfd004efcce98408dfa0ace6091ee413e2f9f6878f2fa96843c9285ef9efe\""}""",MISMATCH,stored Cardmarket product conflicts with local printing,true,false,false,,,,,,,,CRITICAL,,,,CRITICAL,wrong_cardmarket_id,,"{""external_provenance"": [{""exact_language"": false, ""id"": 799245, ""metadata"": {""allowed_languages"": [""en"", ""jp"", ""zh-CN"", ""kr"", ""fr""]}, ""scope"": ""mixed""}], ""mismatch_reasons"": [""wrong_cardmarket_id""], ""scryfall_cardmarket_id"": null, ""stored_ids"": [799245], ""validated_stored_ids"": [799245]}",,,,
19884,one_piece,Three Thousand Worlds,OP03-057T,prb01,PRB-01: The Best - Premium Booster,jp,Textured Foil,Super Rare,,,4276,one_piece:OP03-057T,310661,310661,,799245,,,,,,,,,,,,,,,,,,,Low,1.39,EUR,EUR,cardtrader,310661,high,2026-08-28T15:00:15.994637+00:00,"""{\""cardmarket_exact_candidates\"": [], \""snapshot_fingerprint\"": \""7c5d94fceec9f7cb4765cee3cb86ac7d7c7ba1b6e1da6ee39498840e6d81bda6\""}""",MISMATCH,stored Cardmarket product conflicts with local printing,true,false,false,,,,,,,,CRITICAL,,,,CRITICAL,wrong_cardmarket_id,,"{""external_provenance"": [{""exact_language"": false, ""id"": 799245, ""metadata"": {""allowed_languages"": [""en"", ""jp"", ""zh-CN"", ""kr"", ""fr""]}, ""scope"": ""mixed""}], ""mismatch_reasons"": [""wrong_cardmarket_id""], ""scryfall_cardmarket_id"": null, ""stored_ids"": [799245], ""validated_stored_ids"": [799245]}",,,,
19886,one_piece,Tony Tony.Chopper,ST01-006F,prb01,PRB-01: The Best - Premium Booster,en,Full Art,Common,,,4278,one_piece:ST01-006F,310663,310663,,799417,,,,,,,,,,,,,,,,,,,Low,99.63,EUR,EUR,cardtrader,310663,medium,2026-08-29T12:19:30.162830+00:00,"""{\""cardmarket_exact_candidates\"": [], \""snapshot_fingerprint\"": \""5eb32eed621d4e5a5e9b28aef2dac48bf995824e7cb999c15102cd5b7241dc5c\""}""",MISMATCH,stored Cardmarket product conflicts with local printing,true,false,false,,,,,,,,CRITICAL,,,,CRITICAL,wrong_cardmarket_id,,"{""external_provenance"": [{""exact_language"": false, ""id"": 799417, ""metadata"": {""allowed_languages"": [""en"", ""jp"", ""zh-CN"", ""kr"", ""fr""]}, ""scope"": ""mixed""}], ""mismatch_reasons"": [""wrong_cardmarket_id""], ""scryfall_cardmarket_id"": null, ""stored_ids"": [799417], ""validated_stored_ids"": [799417]}",,,,
19887,one_piece,Tony Tony.Chopper,ST01-006F,prb01,PRB-01: The Best - Premium Booster,jp,Full Art,Common,,,4278,one_piece:ST01-006F,310663,310663,,799417,,,,,,,,,,,,,,,,,,,Low,24.84,EUR,EUR,cardtrader,310663,low,2026-08-29T12:19:30.162830+00:00,"""{\""cardmarket_exact_candidates\"": [], \""snapshot_fingerprint\"": \""024971b03ab92574d05c8bfb8bcad8b308e5594481c0385511f59cf5d9fbb146\""}""",MISMATCH,stored Cardmarket product conflicts with local printing,true,false,false,,,,,,,,CRITICAL,,,,CRITICAL,wrong_cardmarket_id,,"{""external_provenance"": [{""exact_language"": false, ""id"": 799417, ""metadata"": {""allowed_languages"": [""en"", ""jp"", ""zh-CN"", ""kr"", ""fr""]}, ""scope"": ""mixed""}], ""mismatch_reasons"": [""wrong_cardmarket_id""], ""scryfall_cardmarket_id"": null, ""stored_ids"": [799417], ""validated_stored_ids"": [799417]}",,,,
19894,one_piece,Two-Hundred Million Volts Amaru,OP05-115T,prb01,PRB-01: The Best - Premium Booster,en,Textured Foil,Rare,,,4284,one_piece:OP05-115T,310669,310669,,799341,,,,,,,,,,,,,,,,,,,Low,2.05,EUR,EUR,cardtrader,310669,high,2026-08-29T12:19:30.162830+00:00,"""{\""cardmarket_exact_candidates\"": [], \""snapshot_fingerprint\"": \""2bff9aea37e9c5bd60b540add7505eeee31490214c87bf26a4bc661e42858169\""}""",MISMATCH,stored Cardmarket product conflicts with local printing,true,false,false,,,,,,,,CRITICAL,,,,CRITICAL,wrong_cardmarket_id,,"{""external_provenance"": [{""exact_language"": false, ""id"": 799341, ""metadata"": {""allowed_languages"": [""en"", ""jp"", ""zh-CN"", ""kr"", ""fr""]}, ""scope"": ""mixed""}], ""mismatch_reasons"": [""wrong_cardmarket_id""], ""scryfall_cardmarket_id"": null, ""stored_ids"": [799341], ""validated_stored_ids"": [799341]}",,,,
19895,one_piece,Two-Hundred Million Volts Amaru,OP05-115T,prb01,PRB-01: The Best - Premium Booster,jp,Textured Foil,Rare,,,4284,one_piece:OP05-115T,310669,310669,,799341,,,,,,,,,,,,,,,,,,,Low,1.09,EUR,EUR,cardtrader,310669,high,2026-08-28T15:00:15.994637+00:00,"""{\""cardmarket_exact_candidates\"": [], \""snapshot_fingerprint\"": \""1238f6fbd0b20e8552c63ce27c09052f4440aa6f157e75b22b7d3cf3722031ca\""}""",MISMATCH,stored Cardmarket product conflicts with local printing,true,false,false,,,,,,,,CRITICAL,,,,CRITICAL,wrong_cardmarket_id,,"{""external_provenance"": [{""exact_language"": false, ""id"": 799341, ""metadata"": {""allowed_languages"": [""en"", ""jp"", ""zh-CN"", ""kr"", ""fr""]}, ""scope"": ""mixed""}], ""mismatch_reasons"": [""wrong_cardmarket_id""], ""scryfall_cardmarket_id"": null, ""stored_ids"": [799341], ""validated_stored_ids"": [799341]}",,,,
19897,one_piece,Upper Yard,OP05-117T,prb01,PRB-01: The Best - Premium Booster,en,Textured Foil,Uncommon,,,4286,one_piece:OP05-117T,310671,310671,,799344,,,,,,,,,,,,,,,,,,,Low,4.08,EUR,EUR,cardtrader,310671,low,2026-08-28T15:00:15.994637+00:00,"""{\""cardmarket_exact_candidates\"": [], \""snapshot_fingerprint\"": \""790882e61a5f70b7a556b35498015f4fb9ca14452234fc843a15d1f4b1953b2c\""}""",MISMATCH,stored Cardmarket product conflicts with local printing,true,false,false,,,,,,,,CRITICAL,,,,CRITICAL,wrong_cardmarket_id,,"{""external_provenance"": [{""exact_language"": false, ""id"": 799344, ""metadata"": {""allowed_languages"": [""en"", ""jp"", ""zh-CN"", ""kr"", ""fr""]}, ""scope"": ""mixed""}], ""mismatch_reasons"": [""wrong_cardmarket_id""], ""scryfall_cardmarket_id"": null, ""stored_ids"": [799344], ""validated_stored_ids"": [799344]}",,,,
19898,one_piece,Upper Yard,OP05-117T,prb01,PRB-01: The Best - Premium Booster,jp,Textured Foil,Uncommon,,,4286,one_piece:OP05-117T,310671,310671,,799344,,,,,,,,,,,,,,,,,,,Low,3.29,EUR,EUR,cardtrader,310671,medium,2026-08-29T12:19:30.162830+00:00,"""{\""cardmarket_exact_candidates\"": [], \""snapshot_fingerprint\"": \""4e48221403e2d05273f9be3efd4000dbc9bcb8b02227b7b62754fae48c4707da\""}""",MISMATCH,stored Cardmarket product conflicts with local printing,true,false,false,,,,,,,,CRITICAL,,,,CRITICAL,wrong_cardmarket_id,,"{""external_provenance"": [{""exact_language"": false, ""id"": 799344, ""metadata"": {""allowed_languages"": [""en"", ""jp"", ""zh-CN"", ""kr"", ""fr""]}, ""scope"": ""mixed""}], ""mismatch_reasons"": [""wrong_cardmarket_id""], ""scryfall_cardmarket_id"": null, ""stored_ids"": [799344], ""validated_stored_ids"": [799344]}",,,,
19913,one_piece,Vinsmoke Yonji,OP06-067F,prb01,PRB-01: The Best - Premium Booster,en,Full Art,Rare,,,4300,one_piece:OP06-067F,310685,310685,,799375,,,,,,,,,,,,,,,,,,,Low,2.99,EUR,EUR,cardtrader,310685,high,2026-08-29T12:19:30.162830+00:00,"""{\""cardmarket_exact_candidates\"": [], \""snapshot_fingerprint\"": \""87034a7647aa35c925c088abd734c0403c09d5949daf8ac525106446cefe35f9\""}""",MISMATCH,stored Cardmarket product conflicts with local printing,true,false,false,,,,,,,,CRITICAL,,,,CRITICAL,wrong_cardmarket_id,,"{""external_provenance"": [{""exact_language"": false, ""id"": 799375, ""metadata"": {""allowed_languages"": [""en"", ""jp"", ""zh-CN"", ""kr"", ""fr""]}, ""scope"": ""mixed""}], ""mismatch_reasons"": [""wrong_cardmarket_id""], ""scryfall_cardmarket_id"": null, ""stored_ids"": [799375], ""validated_stored_ids"": [799375]}",,,,
19914,one_piece,Vinsmoke Yonji,OP06-067F,prb01,PRB-01: The Best - Premium Booster,jp,Full Art,Rare,,,4300,one_piece:OP06-067F,310685,310685,,799375,,,,,,,,,,,,,,,,,,,Low,2.68,EUR,EUR,cardtrader,310685,high,2026-08-29T12:19:30.162830+00:00,"""{\""cardmarket_exact_candidates\"": [], \""snapshot_fingerprint\"": \""f1f0904a70f2b47a3fcf750d8a411fc3fae07152f63afae74832e61fa49b9914\""}""",MISMATCH,stored Cardmarket product conflicts with local printing,true,false,false,,,,,,,,CRITICAL,,,,CRITICAL,wrong_cardmarket_id,,"{""external_provenance"": [{""exact_language"": false, ""id"": 799375, ""metadata"": {""allowed_languages"": [""en"", ""jp"", ""zh-CN"", ""kr"", ""fr""]}, ""scope"": ""mixed""}], ""mismatch_reasons"": [""wrong_cardmarket_id""], ""scryfall_cardmarket_id"": null, ""stored_ids"": [799375], ""validated_stored_ids"": [799375]}",,,,
19918,one_piece,DON!!,PRB-ACE,prb01,PRB-01: The Best - Premium Booster,en,Ace,DON!!,,,4304,one_piece:PRB-ACE,310776,310776,,"799450,799451",,,,,,,,,,,,,,,,,,,Low,2.6,EUR,EUR,cardtrader,310776,high,2026-08-29T12:19:30.162830+00:00,"""{\""cardmarket_exact_candidates\"": [], \""snapshot_fingerprint\"": \""862b698410345a7702d4a0c3983b7280837b45596c8c774f5b7f21f1445f51f8\""}""",MISMATCH,stored Cardmarket product conflicts with local printing,true,false,false,,,,,,,,CRITICAL,,,,CRITICAL,wrong_cardmarket_id,,"{""external_provenance"": [{""exact_language"": false, ""id"": 799450, ""metadata"": {""allowed_languages"": [""en"", ""jp"", ""zh-CN"", ""kr"", ""fr""]}, ""scope"": ""mixed""}, {""exact_language"": false, ""id"": 799451, ""metadata"": {""allowed_languages"": [""en"", ""jp"", ""zh-CN"", ""kr"", ""fr""]}, ""scope"": ""mixed""}], ""mismatch_reasons"": [""wrong_cardmarket_id""], ""scryfall_cardmarket_id"": null, ""stored_ids"": [799450, 799451], ""validated_stored_ids"": [799450, 799451]}",,,,
19919,one_piece,DON!!,PRB-ACE,prb01,PRB-01: The Best - Premium Booster,jp,Ace,DON!!,,,4304,one_piece:PRB-ACE,310776,310776,,"799450,799451",,,,,,,,,,,,,,,,,,,Low,1.1,EUR,EUR,cardtrader,310776,high,2026-08-29T12:19:30.162830+00:00,"""{\""cardmarket_exact_candidates\"": [], \""snapshot_fingerprint\"": \""d52972b19a9407edce3284b9305945d03f67a40eb0df2e1a56c8477310269bcf\""}""",MISMATCH,stored Cardmarket product conflicts with local printing,true,false,false,,,,,,,,CRITICAL,,,,CRITICAL,wrong_cardmarket_id,,"{""external_provenance"": [{""exact_language"": false, ""id"": 799450, ""metadata"": {""allowed_languages"": [""en"", ""jp"", ""zh-CN"", ""kr"", ""fr""]}, ""scope"": ""mixed""}, {""exact_language"": false, ""id"": 799451, ""metadata"": {""allowed_languages"": [""en"", ""jp"", ""zh-CN"", ""kr"", ""fr""]}, ""scope"": ""mixed""}], ""mismatch_reasons"": [""wrong_cardmarket_id""], ""scryfall_cardmarket_id"": null, ""stored_ids"": [799450, 799451], ""validated_stored_ids"": [799450, 799451]}",,,,
19920,one_piece,DON!!,PRB-BIGMOM,prb01,PRB-01: The Best - Premium Booster,en,Big Mom,DON!!,,,4305,one_piece:PRB-BIGMOM,310777,310777,,"799456,799457",,,,,,,,,,,,,,,,,,,Low,0.54,EUR,EUR,cardtrader,310777,high,2026-08-29T12:19:30.162830+00:00,"""{\""cardmarket_exact_candidates\"": [], \""snapshot_fingerprint\"": \""acf6e0ce5903174b613620bbc49d02396c131841ec3193c26c54084855264ea9\""}""",MISMATCH,stored Cardmarket product conflicts with local printing,true,false,false,,,,,,,,CRITICAL,,,,CRITICAL,wrong_cardmarket_id,,"{""external_provenance"": [{""exact_language"": false, ""id"": 799456, ""metadata"": {""allowed_languages"": [""en"", ""jp"", ""zh-CN"", ""kr"", ""fr""]}, ""scope"": ""mixed""}, {""exact_language"": false, ""id"": 799457, ""metadata"": {""allowed_languages"": [""en"", ""jp"", ""zh-CN"", ""kr"", ""fr""]}, ""scope"": ""mixed""}], ""mismatch_reasons"": [""wrong_cardmarket_id""], ""scryfall_cardmarket_id"": null, ""stored_ids"": [799456, 799457], ""validated_stored_ids"": [799456, 799457]}",,,,
19921,one_piece,DON!!,PRB-BIGMOM,prb01,PRB-01: The Best - Premium Booster,jp,Big Mom,DON!!,,,4305,one_piece:PRB-BIGMOM,310777,310777,,"799456,799457",,,,,,,,,,,,,,,,,,,Low,0.17,EUR,EUR,cardtrader,310777,high,2026-08-29T12:19:30.162830+00:00,"""{\""cardmarket_exact_candidates\"": [], \""snapshot_fingerprint\"": \""5c79e6a5ae4598b414b6ac31f8f8d201b90df9ccf6428a40e060522cbc0cefeb\""}""",MISMATCH,stored Cardmarket product conflicts with local printing,true,false,false,,,,,,,,CRITICAL,,,,CRITICAL,wrong_cardmarket_id,,"{""external_provenance"": [{""exact_language"": false, ""id"": 799456, ""metadata"": {""allowed_languages"": [""en"", ""jp"", ""zh-CN"", ""kr"", ""fr""]}, ""scope"": ""mixed""}, {""exact_language"": false, ""id"": 799457, ""metadata"": {""allowed_languages"": [""en"", ""jp"", ""zh-CN"", ""kr"", ""fr""]}, ""scope"": ""mixed""}], ""mismatch_reasons"": [""wrong_cardmarket_id""], ""scryfall_cardmarket_id"": null, ""stored_ids"": [799456, 799457], ""validated_stored_ids"": [799456, 799457]}",,,,
19922,one_piece,DON!!,PRB-CROCODILE,prb01,PRB-01: The Best - Premium Booster,en,Crocodile,DON!!,,,4306,one_piece:PRB-CROCODILE,310778,310778,,"799462,799463",,,,,,,,,,,,,,,,,,,Low,0.52,EUR,EUR,cardtrader,310778,high,2026-08-29T12:19:30.162830+00:00,"""{\""cardmarket_exact_candidates\"": [], \""snapshot_fingerprint\"": \""280df1bd2e27787f421a72538f3cfca7394d2cbfa57f45a75210ecf05301919c\""}""",MISMATCH,stored Cardmarket product conflicts with local printing,true,false,false,,,,,,,,CRITICAL,,,,CRITICAL,wrong_cardmarket_id,,"{""external_provenance"": [{""exact_language"": false, ""id"": 799462, ""metadata"": {""allowed_languages"": [""en"", ""jp"", ""zh-CN"", ""kr"", ""fr""]}, ""scope"": ""mixed""}, {""exact_language"": false, ""id"": 799463, ""metadata"": {""allowed_languages"": [""en"", ""jp"", ""zh-CN"", ""kr"", ""fr""]}, ""scope"": ""mixed""}], ""mismatch_reasons"": [""wrong_cardmarket_id""], ""scryfall_cardmarket_id"": null, ""stored_ids"": [799462, 799463], ""validated_stored_ids"": [799462, 799463]}",,,,
19923,one_piece,DON!!,PRB-CROCODILE,prb01,PRB-01: The Best - Premium Booster,jp,Crocodile,DON!!,,,4306,one_piece:PRB-CROCODILE,310778,310778,,"799462,799463",,,,,,,,,,,,,,,,,,,Low,1.11,EUR,EUR,cardtrader,310778,high,2026-08-28T15:00:15.994637+00:00,"""{\""cardmarket_exact_candidates\"": [], \""snapshot_fingerprint\"": \""8737844528d16fc3e0081f3af1a834110a0d62e7407f114dabab29e64744e758\""}""",MISMATCH,stored Cardmarket product conflicts with local printing,true,false,false,,,,,,,,CRITICAL,,,,CRITICAL,wrong_cardmarket_id,,"{""external_provenance"": [{""exact_language"": false, ""id"": 799462, ""metadata"": {""allowed_languages"": [""en"", ""jp"", ""zh-CN"", ""kr"", ""fr""]}, ""scope"": ""mixed""}, {""exact_language"": false, ""id"": 799463, ""metadata"": {""allowed_languages"": [""en"", ""jp"", ""zh-CN"", ""kr"", ""fr""]}, ""scope"": ""mixed""}], ""mismatch_reasons"": [""wrong_cardmarket_id""], ""scryfall_cardmarket_id"": null, ""stored_ids"": [799462, 799463], ""validated_stored_ids"": [799462, 799463]}",,,,
19924,one_piece,DON!!,PRB-DONFLAMINGO,prb01,PRB-01: The Best - Premium Booster,en,Donquixote Doflamingo,DON!!,,,4307,one_piece:PRB-DONFLAMINGO,310779,310779,,"799465,799466",,,,,,,,,,,,,,,,,,,Low,0.91,EUR,EUR,cardtrader,310779,high,2026-08-29T12:19:30.162830+00:00,"""{\""cardmarket_exact_candidates\"": [], \""snapshot_fingerprint\"": \""15b82659dcff3fdea5e5f3f91f4cec0c29e36c06e6302a861696fb02c07ae29d\""}""",MISMATCH,stored Cardmarket product conflicts with local printing,true,false,false,,,,,,,,CRITICAL,,,,CRITICAL,wrong_cardmarket_id,,"{""external_provenance"": [{""exact_language"": false, ""id"": 799465, ""metadata"": {""allowed_languages"": [""en"", ""jp"", ""zh-CN"", ""kr"", ""fr""]}, ""scope"": ""mixed""}, {""exact_language"": false, ""id"": 799466, ""metadata"": {""allowed_languages"": [""en"", ""jp"", ""zh-CN"", ""kr"", ""fr""]}, ""scope"": ""mixed""}], ""mismatch_reasons"": [""wrong_cardmarket_id""], ""scryfall_cardmarket_id"": null, ""stored_ids"": [799465, 799466], ""validated_stored_ids"": [799465, 799466]}",,,,
19925,one_piece,DON!!,PRB-DONFLAMINGO,prb01,PRB-01: The Best - Premium Booster,jp,Donquixote Doflamingo,DON!!,,,4307,one_piece:PRB-DONFLAMINGO,310779,310779,,"799465,799466",,,,,,,,,,,,,,,,,,,Low,0.15,EUR,EUR,cardtrader,310779,high,2026-08-29T12:19:30.162830+00:00,"""{\""cardmarket_exact_candidates\"": [], \""snapshot_fingerprint\"": \""a41a27cc02f52c03dbd4cef9b7b20598452da40fd4505e38e3dde56e02e695df\""}""",MISMATCH,stored Cardmarket product conflicts with local printing,true,false,false,,,,,,,,CRITICAL,,,,CRITICAL,wrong_cardmarket_id,,"{""external_provenance"": [{""exact_language"": false, ""id"": 799465, ""metadata"": {""allowed_languages"": [""en"", ""jp"", ""zh-CN"", ""kr"", ""fr""]}, ""scope"": ""mixed""}, {""exact_language"": false, ""id"": 799466, ""metadata"": {""allowed_languages"": [""en"", ""jp"", ""zh-CN"", ""kr"", ""fr""]}, ""scope"": ""mixed""}], ""mismatch_reasons"": [""wrong_cardmarket_id""], ""scryfall_cardmarket_id"": null, ""stored_ids"": [799465, 799466], ""validated_stored_ids"": [799465, 799466]}",,,,
19926,one_piece,DON!!,PRB-VIVI,prb01,PRB-01: The Best - Premium Booster,en,Vivi,DON!!,,,4308,one_piece:PRB-VIVI,310780,310780,,"799531,799534",,,,,,,,,,,,,,,,,,,Low,1.41,EUR,EUR,cardtrader,310780,high,2026-08-29T12:19:30.162830+00:00,"""{\""cardmarket_exact_candidates\"": [], \""snapshot_fingerprint\"": \""e6a877d9dccea307563d118666d63e305e49f8f217d5af9478143a07a5d58627\""}""",MISMATCH,stored Cardmarket product conflicts with local printing,true,false,false,,,,,,,,CRITICAL,,,,CRITICAL,wrong_cardmarket_id,,"{""external_provenance"": [{""exact_language"": false, ""id"": 799531, ""metadata"": {""allowed_languages"": [""en"", ""jp"", ""zh-CN"", ""kr"", ""fr""]}, ""scope"": ""mixed""}, {""exact_language"": false, ""id"": 799534, ""metadata"": {""allowed_languages"": [""en"", ""jp"", ""zh-CN"", ""kr"", ""fr""]}, ""scope"": ""mixed""}], ""mismatch_reasons"": [""wrong_cardmarket_id""], ""scryfall_cardmarket_id"": null, ""stored_ids"": [799531, 799534], ""validated_stored_ids"": [799531, 799534]}",,,,
19927,one_piece,DON!!,PRB-VIVI,prb01,PRB-01: The Best - Premium Booster,jp,Vivi,DON!!,,,4308,one_piece:PRB-VIVI,310780,310780,,"799531,799534",,,,,,,,,,,,,,,,,,,Low,0.42,EUR,EUR,cardtrader,310780,high,2026-08-29T12:19:30.162830+00:00,"""{\""cardmarket_exact_candidates\"": [], \""snapshot_fingerprint\"": \""3f6bb407edf61a19df5081fd41d55484a43f22c3633f48e3d26c7fef0c24e1b3\""}""",MISMATCH,stored Cardmarket product conflicts with local printing,true,false,false,,,,,,,,CRITICAL,,,,CRITICAL,wrong_cardmarket_id,,"{""external_provenance"": [{""exact_language"": false, ""id"": 799531, ""metadata"": {""allowed_languages"": [""en"", ""jp"", ""zh-CN"", ""kr"", ""fr""]}, ""scope"": ""mixed""}, {""exact_language"": false, ""id"": 799534, ""metadata"": {""allowed_languages"": [""en"", ""jp"", ""zh-CN"", ""kr"", ""fr""]}, ""scope"": ""mixed""}], ""mismatch_reasons"": [""wrong_cardmarket_id""], ""scryfall_cardmarket_id"": null, ""stored_ids"": [799531, 799534], ""validated_stored_ids"": [799531, 799534]}",,,,
19928,one_piece,DON!!,PRB-UTA,prb01,PRB-01: The Best - Premium Booster,en,Uta,DON!!,,,4309,one_piece:PRB-UTA,310781,310781,,"799528,799529",,,,,,,,,,,,,,,,,,,Low,0.82,EUR,EUR,cardtrader,310781,high,2026-08-29T12:19:30.162830+00:00,"""{\""cardmarket_exact_candidates\"": [], \""snapshot_fingerprint\"": \""f70076ac91388882fb6220b1bae51671d61516af6164be86687d0766833cab5d\""}""",MISMATCH,stored Cardmarket product conflicts with local printing,true,false,false,,,,,,,,CRITICAL,,,,CRITICAL,wrong_cardmarket_id,,"{""external_provenance"": [{""exact_language"": false, ""id"": 799528, ""metadata"": {""allowed_languages"": [""en"", ""jp"", ""zh-CN"", ""kr"", ""fr""]}, ""scope"": ""mixed""}, {""exact_language"": false, ""id"": 799529, ""metadata"": {""allowed_languages"": [""en"", ""jp"", ""zh-CN"", ""kr"", ""fr""]}, ""scope"": ""mixed""}], ""mismatch_reasons"": [""wrong_cardmarket_id""], ""scryfall_cardmarket_id"": null, ""stored_ids"": [799528, 799529], ""validated_stored_ids"": [799528, 799529]}",,,,
19929,one_piece,DON!!,PRB-UTA,prb01,PRB-01: The Best - Premium Booster,jp,Uta,DON!!,,,4309,one_piece:PRB-UTA,310781,310781,,"799528,799529",,,,,,,,,,,,,,,,,,,Low,0.47,EUR,EUR,cardtrader,310781,high,2026-08-28T15:00:15.994637+00:00,"""{\""cardmarket_exact_candidates\"": [], \""snapshot_fingerprint\"": \""387f569759bd5212e6d04103772473e86334e1862f50b7773ace809cd76e9281\""}""",MISMATCH,stored Cardmarket product conflicts with local printing,true,false,false,,,,,,,,CRITICAL,,,,CRITICAL,wrong_cardmarket_id,,"{""external_provenance"": [{""exact_language"": false, ""id"": 799528, ""metadata"": {""allowed_languages"": [""en"", ""jp"", ""zh-CN"", ""kr"", ""fr""]}, ""scope"": ""mixed""}, {""exact_language"": false, ""id"": 799529, ""metadata"": {""allowed_languages"": [""en"", ""jp"", ""zh-CN"", ""kr"", ""fr""]}, ""scope"": ""mixed""}], ""mismatch_reasons"": [""wrong_cardmarket_id""], ""scryfall_cardmarket_id"": null, ""stored_ids"": [799528, 799529], ""validated_stored_ids"": [799528, 799529]}",,,,
19930,one_piece,DON!!,PRB-SAKAZUKI,prb01,PRB-01: The Best - Premium Booster,en,Sakazuki,DON!!,,,4310,one_piece:PRB-SAKAZUKI,310782,310782,,"799453,799454",,,,,,,,,,,,,,,,,,,Low,0.6,EUR,EUR,cardtrader,310782,high,2026-08-29T12:19:30.162830+00:00,"""{\""cardmarket_exact_candidates\"": [], \""snapshot_fingerprint\"": \""e07ed0be215b54bb11f26f264435a01c0ca300eddbb62ec1672889686f8d362d\""}""",MISMATCH,stored Cardmarket product conflicts with local printing,true,false,false,,,,,,,,CRITICAL,,,,CRITICAL,wrong_cardmarket_id,,"{""external_provenance"": [{""exact_language"": false, ""id"": 799453, ""metadata"": {""allowed_languages"": [""en"", ""jp"", ""zh-CN"", ""kr"", ""fr""]}, ""scope"": ""mixed""}, {""exact_language"": false, ""id"": 799454, ""metadata"": {""allowed_languages"": [""en"", ""jp"", ""zh-CN"", ""kr"", ""fr""]}, ""scope"": ""mixed""}], ""mismatch_reasons"": [""wrong_cardmarket_id""], ""scryfall_cardmarket_id"": null, ""stored_ids"": [799453, 799454], ""validated_stored_ids"": [799453, 799454]}",,,,
19931,one_piece,DON!!,PRB-SAKAZUKI,prb01,PRB-01: The Best - Premium Booster,jp,Sakazuki,DON!!,,,4310,one_piece:PRB-SAKAZUKI,310782,310782,,"799453,799454",,,,,,,,,,,,,,,,,,,Low,0.6,EUR,EUR,cardtrader,310782,high,2026-08-29T12:19:30.162830+00:00,"""{\""cardmarket_exact_candidates\"": [], \""snapshot_fingerprint\"": \""38bf91e9af5e15d781be940940ca8c674da11f362e9325fbf6db5b9cbed87c87\""}""",MISMATCH,stored Cardmarket product conflicts with local printing,true,false,false,,,,,,,,CRITICAL,,,,CRITICAL,wrong_cardmarket_id,,"{""external_provenance"": [{""exact_language"": false, ""id"": 799453, ""metadata"": {""allowed_languages"": [""en"", ""jp"", ""zh-CN"", ""kr"", ""fr""]}, ""scope"": ""mixed""}, {""exact_language"": false, ""id"": 799454, ""metadata"": {""allowed_languages"": [""en"", ""jp"", ""zh-CN"", ""kr"", ""fr""]}, ""scope"": ""mixed""}], ""mismatch_reasons"": [""wrong_cardmarket_id""], ""scryfall_cardmarket_id"": null, ""stored_ids"": [799453, 799454], ""validated_stored_ids"": [799453, 799454]}",,,,
19932,one_piece,DON!!,PRB-LAW,prb01,PRB-01: The Best - Premium Booster,en,Trafalgar Law,DON!!,,,4311,one_piece:PRB-LAW,310783,310783,,"799492,799493",,,,,,,,,,,,,,,,,,,Low,2.08,EUR,EUR,cardtrader,310783,high,2026-08-29T12:19:30.162830+00:00,"""{\""cardmarket_exact_candidates\"": [], \""snapshot_fingerprint\"": \""88bf4bb6a056460a90d49116c8135690f7043be7e225f24acc107a10473c98a1\""}""",MISMATCH,stored Cardmarket product conflicts with local printing,true,false,false,,,,,,,,CRITICAL,,,,CRITICAL,wrong_cardmarket_id,,"{""external_provenance"": [{""exact_language"": false, ""id"": 799492, ""metadata"": {""allowed_languages"": [""en"", ""jp"", ""zh-CN"", ""kr"", ""fr""]}, ""scope"": ""mixed""}, {""exact_language"": false, ""id"": 799493, ""metadata"": {""allowed_languages"": [""en"", ""jp"", ""zh-CN"", ""kr"", ""fr""]}, ""scope"": ""mixed""}], ""mismatch_reasons"": [""wrong_cardmarket_id""], ""scryfall_cardmarket_id"": null, ""stored_ids"": [799492, 799493], ""validated_stored_ids"": [799492, 799493]}",,,,
19933,one_piece,DON!!,PRB-LAW,prb01,PRB-01: The Best - Premium Booster,jp,Trafalgar Law,DON!!,,,4311,one_piece:PRB-LAW,310783,310783,,"799492,799493",,,,,,,,,,,,,,,,,,,Low,1.67,EUR,EUR,cardtrader,310783,high,2026-08-29T12:19:30.162830+00:00,"""{\""cardmarket_exact_candidates\"": [], \""snapshot_fingerprint\"": \""04ba529bcca78ca5d36cc8d5ef5bd9ec3b7b64f07051ac0e9d3039b03272f751\""}""",MISMATCH,stored Cardmarket product conflicts with local printing,true,false,false,,,,,,,,CRITICAL,,,,CRITICAL,wrong_cardmarket_id,,"{""external_provenance"": [{""exact_language"": false, ""id"": 799492, ""metadata"": {""allowed_languages"": [""en"", ""jp"", ""zh-CN"", ""kr"", ""fr""]}, ""scope"": ""mixed""}, {""exact_language"": false, ""id"": 799493, ""metadata"": {""allowed_languages"": [""en"", ""jp"", ""zh-CN"", ""kr"", ""fr""]}, ""scope"": ""mixed""}], ""mismatch_reasons"": [""wrong_cardmarket_id""], ""scryfall_cardmarket_id"": null, ""stored_ids"": [799492, 799493], ""validated_stored_ids"": [799492, 799493]}",,,,
19934,one_piece,DON!!,PRB-REIJU,prb01,PRB-01: The Best - Premium Booster,en,Reiju,DON!!,,,4312,one_piece:PRB-REIJU,310784,310784,,"799519,799520",,,,,,,,,,,,,,,,,,,Low,0.6,EUR,EUR,cardtrader,310784,high,2026-08-29T12:19:30.162830+00:00,"""{\""cardmarket_exact_candidates\"": [], \""snapshot_fingerprint\"": \""bdf9906921eb0b8a732a6baabf6bf9d9eb59bc4d5bd5c95c3a2ba1f0b5aef8b2\""}""",MISMATCH,stored Cardmarket product conflicts with local printing,true,false,false,,,,,,,,CRITICAL,,,,CRITICAL,wrong_cardmarket_id,,"{""external_provenance"": [{""exact_language"": false, ""id"": 799519, ""metadata"": {""allowed_languages"": [""en"", ""jp"", ""zh-CN"", ""kr"", ""fr""]}, ""scope"": ""mixed""}, {""exact_language"": false, ""id"": 799520, ""metadata"": {""allowed_languages"": [""en"", ""jp"", ""zh-CN"", ""kr"", ""fr""]}, ""scope"": ""mixed""}], ""mismatch_reasons"": [""wrong_cardmarket_id""], ""scryfall_cardmarket_id"": null, ""stored_ids"": [799519, 799520], ""validated_stored_ids"": [799519, 799520]}",,,,
19935,one_piece,DON!!,PRB-REIJU,prb01,PRB-01: The Best - Premium Booster,jp,Reiju,DON!!,,,4312,one_piece:PRB-REIJU,310784,310784,,"799519,799520",,,,,,,,,,,,,,,,,,,Low,0.38,EUR,EUR,cardtrader,310784,high,2026-08-29T12:19:30.162830+00:00,"""{\""cardmarket_exact_candidates\"": [], \""snapshot_fingerprint\"": \""7cd8d50f3c4ca8c361a78e4b33d0a985100137981309930db6265c264b64d79e\""}""",MISMATCH,stored Cardmarket product conflicts with local printing,true,false,false,,,,,,,,CRITICAL,,,,CRITICAL,wrong_cardmarket_id,,"{""external_provenance"": [{""exact_language"": false, ""id"": 799519, ""metadata"": {""allowed_languages"": [""en"", ""jp"", ""zh-CN"", ""kr"", ""fr""]}, ""scope"": ""mixed""}, {""exact_language"": false, ""id"": 799520, ""metadata"": {""allowed_languages"": [""en"", ""jp"", ""zh-CN"", ""kr"", ""fr""]}, ""scope"": ""mixed""}], ""mismatch_reasons"": [""wrong_cardmarket_id""], ""scryfall_cardmarket_id"": null, ""stored_ids"": [799519, 799520], ""validated_stored_ids"": [799519, 799520]}",,,,
19936,one_piece,DON!!,PRB-LUCCI,prb01,PRB-01: The Best - Premium Booster,en,Rob Lucci,DON!!,,,4313,one_piece:PRB-LUCCI,310785,310785,,"799495,799496",,,,,,,,,,,,,,,,,,,Low,0.49,EUR,EUR,cardtrader,310785,high,2026-08-29T12:19:30.162830+00:00,"""{\""cardmarket_exact_candidates\"": [], \""snapshot_fingerprint\"": \""431cf7b0fbd7d393e7fc1a8d14464d08ef6ab6af2bf4852f025e90275bac1c69\""}""",MISMATCH,stored Cardmarket product conflicts with local printing,true,false,false,,,,,,,,CRITICAL,,,,CRITICAL,wrong_cardmarket_id,,"{""external_provenance"": [{""exact_language"": false, ""id"": 799495, ""metadata"": {""allowed_languages"": [""en"", ""jp"", ""zh-CN"", ""kr"", ""fr""]}, ""scope"": ""mixed""}, {""exact_language"": false, ""id"": 799496, ""metadata"": {""allowed_languages"": [""en"", ""jp"", ""zh-CN"", ""kr"", ""fr""]}, ""scope"": ""mixed""}], ""mismatch_reasons"": [""wrong_cardmarket_id""], ""scryfall_cardmarket_id"": null, ""stored_ids"": [799495, 799496], ""validated_stored_ids"": [799495, 799496]}",,,,
19937,one_piece,DON!!,PRB-LUCCI,prb01,PRB-01: The Best - Premium Booster,jp,Rob Lucci,DON!!,,,4313,one_piece:PRB-LUCCI,310785,310785,,"799495,799496",,,,,,,,,,,,,,,,,,,Low,0.11,EUR,EUR,cardtrader,310785,high,2026-08-28T15:00:15.994637+00:00,"""{\""cardmarket_exact_candidates\"": [], \""snapshot_fingerprint\"": \""3cfd34cb7194710bfe3011a45328bb9439d151a5cc54742f40d1f0b6ee64f2f8\""}""",MISMATCH,stored Cardmarket product conflicts with local printing,true,false,false,,,,,,,,CRITICAL,,,,CRITICAL,wrong_cardmarket_id,,"{""external_provenance"": [{""exact_language"": false, ""id"": 799495, ""metadata"": {""allowed_languages"": [""en"", ""jp"", ""zh-CN"", ""kr"", ""fr""]}, ""scope"": ""mixed""}, {""exact_language"": false, ""id"": 799496, ""metadata"": {""allowed_languages"": [""en"", ""jp"", ""zh-CN"", ""kr"", ""fr""]}, ""scope"": ""mixed""}], ""mismatch_reasons"": [""wrong_cardmarket_id""], ""scryfall_cardmarket_id"": null, ""stored_ids"": [799495, 799496], ""validated_stored_ids"": [799495, 799496]}",,,,
19938,one_piece,DON!!,PRB-SABO,prb01,PRB-01: The Best - Premium Booster,en,Sabo,DON!!,,,4314,one_piece:PRB-SABO,310786,310786,,"799525,799526",,,,,,,,,,,,,,,,,,,Low,1.8,EUR,EUR,cardtrader,310786,high,2026-08-29T12:19:30.162830+00:00,"""{\""cardmarket_exact_candidates\"": [], \""snapshot_fingerprint\"": \""6ad2415396e96df71e221b407c5dbdd6504af2ac8ee34b9512d4bd20c0dd27b2\""}""",MISMATCH,stored Cardmarket product conflicts with local printing,true,false,false,,,,,,,,CRITICAL,,,,CRITICAL,wrong_cardmarket_id,,"{""external_provenance"": [{""exact_language"": false, ""id"": 799525, ""metadata"": {""allowed_languages"": [""en"", ""jp"", ""zh-CN"", ""kr"", ""fr""]}, ""scope"": ""mixed""}, {""exact_language"": false, ""id"": 799526, ""metadata"": {""allowed_languages"": [""en"", ""jp"", ""zh-CN"", ""kr"", ""fr""]}, ""scope"": ""mixed""}], ""mismatch_reasons"": [""wrong_cardmarket_id""], ""scryfall_cardmarket_id"": null, ""stored_ids"": [799525, 799526], ""validated_stored_ids"": [799525, 799526]}",,,,
19939,one_piece,DON!!,PRB-SABO,prb01,PRB-01: The Best - Premium Booster,jp,Sabo,DON!!,,,4314,one_piece:PRB-SABO,310786,310786,,"799525,799526",,,,,,,,,,,,,,,,,,,Low,0.2,EUR,EUR,cardtrader,310786,high,2026-08-29T12:19:30.162830+00:00,"""{\""cardmarket_exact_candidates\"": [], \""snapshot_fingerprint\"": \""2de282f7dc5bf34dc7855d91922a6c1fb136f2363d87ac412250d2160ba09c6b\""}""",MISMATCH,stored Cardmarket product conflicts with local printing,true,false,false,,,,,,,,CRITICAL,,,,CRITICAL,wrong_cardmarket_id,,"{""external_provenance"": [{""exact_language"": false, ""id"": 799525, ""metadata"": {""allowed_languages"": [""en"", ""jp"", ""zh-CN"", ""kr"", ""fr""]}, ""scope"": ""mixed""}, {""exact_language"": false, ""id"": 799526, ""metadata"": {""allowed_languages"": [""en"", ""jp"", ""zh-CN"", ""kr"", ""fr""]}, ""scope"": ""mixed""}], ""mismatch_reasons"": [""wrong_cardmarket_id""], ""scryfall_cardmarket_id"": null, ""stored_ids"": [799525, 799526], ""validated_stored_ids"": [799525, 799526]}",,,,
19940,one_piece,DON!!,PRB-ROSINANTE,prb01,PRB-01: The Best - Premium Booster,en,Rosinante,DON!!,,,4315,one_piece:PRB-ROSINANTE,310787,310787,,"799522,799523",,,,,,,,,,,,,,,,,,,Low,0.38,EUR,EUR,cardtrader,310787,high,2026-08-29T12:19:30.162830+00:00,"""{\""cardmarket_exact_candidates\"": [], \""snapshot_fingerprint\"": \""040c85c35046a7d24a0e53f44a50b0f460a2cfc7168fd64ff3449768c840386d\""}""",MISMATCH,stored Cardmarket product conflicts with local printing,true,false,false,,,,,,,,CRITICAL,,,,CRITICAL,wrong_cardmarket_id,,"{""external_provenance"": [{""exact_language"": false, ""id"": 799522, ""metadata"": {""allowed_languages"": [""en"", ""jp"", ""zh-CN"", ""kr"", ""fr""]}, ""scope"": ""mixed""}, {""exact_language"": false, ""id"": 799523, ""metadata"": {""allowed_languages"": [""en"", ""jp"", ""zh-CN"", ""kr"", ""fr""]}, ""scope"": ""mixed""}], ""mismatch_reasons"": [""wrong_cardmarket_id""], ""scryfall_cardmarket_id"": null, ""stored_ids"": [799522, 799523], ""validated_stored_ids"": [799522, 799523]}",,,,
19941,one_piece,DON!!,PRB-ROSINANTE,prb01,PRB-01: The Best - Premium Booster,jp,Rosinante,DON!!,,,4315,one_piece:PRB-ROSINANTE,310787,310787,,"799522,799523",,,,,,,,,,,,,,,,,,,Low,0.7,EUR,EUR,cardtrader,310787,high,2026-08-29T12:19:30.162830+00:00,"""{\""cardmarket_exact_candidates\"": [], \""snapshot_fingerprint\"": \""ecb8e4a4a0ed432c15a503e3fb9af0b0cc59684e57a850e23768152a9275a392\""}""",MISMATCH,stored Cardmarket product conflicts with local printing,true,false,false,,,,,,,,CRITICAL,,,,CRITICAL,wrong_cardmarket_id,,"{""external_provenance"": [{""exact_language"": false, ""id"": 799522, ""metadata"": {""allowed_languages"": [""en"", ""jp"", ""zh-CN"", ""kr"", ""fr""]}, ""scope"": ""mixed""}, {""exact_language"": false, ""id"": 799523, ""metadata"": {""allowed_languages"": [""en"", ""jp"", ""zh-CN"", ""kr"", ""fr""]}, ""scope"": ""mixed""}], ""mismatch_reasons"": [""wrong_cardmarket_id""], ""scryfall_cardmarket_id"": null, ""stored_ids"": [799522, 799523], ""validated_stored_ids"": [799522, 799523]}",,,,
19942,one_piece,DON!!,PRB-REBECCA,prb01,PRB-01: The Best - Premium Booster,en,Rebecca,DON!!,,,4316,one_piece:PRB-REBECCA,310788,310788,,"799516,799517",,,,,,,,,,,,,,,,,,,Low,0.6,EUR,EUR,cardtrader,310788,high,2026-08-29T12:19:30.162830+00:00,"""{\""cardmarket_exact_candidates\"": [], \""snapshot_fingerprint\"": \""4dda7491b9a9dbbda2e5f81ab3e6c05ca3c86483053d956e0fd82eae2e7cc536\""}""",MISMATCH,stored Cardmarket product conflicts with local printing,true,false,false,,,,,,,,CRITICAL,,,,CRITICAL,wrong_cardmarket_id,,"{""external_provenance"": [{""exact_language"": false, ""id"": 799516, ""metadata"": {""allowed_languages"": [""en"", ""jp"", ""zh-CN"", ""kr"", ""fr""]}, ""scope"": ""mixed""}, {""exact_language"": false, ""id"": 799517, ""metadata"": {""allowed_languages"": [""en"", ""jp"", ""zh-CN"", ""kr"", ""fr""]}, ""scope"": ""mixed""}], ""mismatch_reasons"": [""wrong_cardmarket_id""], ""scryfall_cardmarket_id"": null, ""stored_ids"": [799516, 799517], ""validated_stored_ids"": [799516, 799517]}",,,,
19943,one_piece,DON!!,PRB-REBECCA,prb01,PRB-01: The Best - Premium Booster,jp,Rebecca,DON!!,,,4316,one_piece:PRB-REBECCA,310788,310788,,"799516,799517",,,,,,,,,,,,,,,,,,,Low,0.33,EUR,EUR,cardtrader,310788,high,2026-08-29T12:19:30.162830+00:00,"""{\""cardmarket_exact_candidates\"": [], \""snapshot_fingerprint\"": \""4835118924834923c741e11ed72bbd2d5cf317dadd78515371aa207bc8e6a604\""}""",MISMATCH,stored Cardmarket product conflicts with local printing,true,false,false,,,,,,,,CRITICAL,,,,CRITICAL,wrong_cardmarket_id,,"{""external_provenance"": [{""exact_language"": false, ""id"": 799516, ""metadata"": {""allowed_languages"": [""en"", ""jp"", ""zh-CN"", ""kr"", ""fr""]}, ""scope"": ""mixed""}, {""exact_language"": false, ""id"": 799517, ""metadata"": {""allowed_languages"": [""en"", ""jp"", ""zh-CN"", ""kr"", ""fr""]}, ""scope"": ""mixed""}], ""mismatch_reasons"": [""wrong_cardmarket_id""], ""scryfall_cardmarket_id"": null, ""stored_ids"": [799516, 799517], ""validated_stored_ids"": [799516, 799517]}",,,,
19944,one_piece,DON!!,PRB-QUEEN,prb01,PRB-01: The Best - Premium Booster,en,Queen,DON!!,,,4317,one_piece:PRB-QUEEN,310789,310789,,"799513,799514",,,,,,,,,,,,,,,,,,,Low,0.24,EUR,EUR,cardtrader,310789,high,2026-08-29T12:19:30.162830+00:00,"""{\""cardmarket_exact_candidates\"": [], \""snapshot_fingerprint\"": \""e2591b3877da8974937958f40e212c69a6fd8182b7c29a50e1ae666424a39164\""}""",MISMATCH,stored Cardmarket product conflicts with local printing,true,false,false,,,,,,,,CRITICAL,,,,CRITICAL,wrong_cardmarket_id,,"{""external_provenance"": [{""exact_language"": false, ""id"": 799513, ""metadata"": {""allowed_languages"": [""en"", ""jp"", ""zh-CN"", ""kr"", ""fr""]}, ""scope"": ""mixed""}, {""exact_language"": false, ""id"": 799514, ""metadata"": {""allowed_languages"": [""en"", ""jp"", ""zh-CN"", ""kr"", ""fr""]}, ""scope"": ""mixed""}], ""mismatch_reasons"": [""wrong_cardmarket_id""], ""scryfall_cardmarket_id"": null, ""stored_ids"": [799513, 799514], ""validated_stored_ids"": [799513, 799514]}",,,,
19945,one_piece,DON!!,PRB-QUEEN,prb01,PRB-01: The Best - Premium Booster,jp,Queen,DON!!,,,4317,one_piece:PRB-QUEEN,310789,310789,,"799513,799514",,,,,,,,,,,,,,,,,,,Low,0.23,EUR,EUR,cardtrader,310789,high,2026-08-28T15:00:15.994637+00:00,"""{\""cardmarket_exact_candidates\"": [], \""snapshot_fingerprint\"": \""4b0a5bb797c94d35859ec93a9e1d4b63a5493624eaf2510d1b7bf82c89a6d51b\""}""",MISMATCH,stored Cardmarket product conflicts with local printing,true,false,false,,,,,,,,CRITICAL,,,,CRITICAL,wrong_cardmarket_id,,"{""external_provenance"": [{""exact_language"": false, ""id"": 799513, ""metadata"": {""allowed_languages"": [""en"", ""jp"", ""zh-CN"", ""kr"", ""fr""]}, ""scope"": ""mixed""}, {""exact_language"": false, ""id"": 799514, ""metadata"": {""allowed_languages"": [""en"", ""jp"", ""zh-CN"", ""kr"", ""fr""]}, ""scope"": ""mixed""}], ""mismatch_reasons"": [""wrong_cardmarket_id""], ""scryfall_cardmarket_id"": null, ""stored_ids"": [799513, 799514], ""validated_stored_ids"": [799513, 799514]}",,,,
19946,one_piece,DON!!,PRB-PERONA,prb01,PRB-01: The Best - Premium Booster,en,Perona,DON!!,,,4318,one_piece:PRB-PERONA,310790,310790,,"799510,799511",,,,,,,,,,,,,,,,,,,Low,1.28,EUR,EUR,cardtrader,310790,high,2026-08-29T12:19:30.162830+00:00,"""{\""cardmarket_exact_candidates\"": [], \""snapshot_fingerprint\"": \""01b68fb1d27e482c0b0c84a91fd7d8ced8f6ddc708a5818fc6eebc703cde06a7\""}""",MISMATCH,stored Cardmarket product conflicts with local printing,true,false,false,,,,,,,,CRITICAL,,,,CRITICAL,wrong_cardmarket_id,,"{""external_provenance"": [{""exact_language"": false, ""id"": 799510, ""metadata"": {""allowed_languages"": [""en"", ""jp"", ""zh-CN"", ""kr"", ""fr""]}, ""scope"": ""mixed""}, {""exact_language"": false, ""id"": 799511, ""metadata"": {""allowed_languages"": [""en"", ""jp"", ""zh-CN"", ""kr"", ""fr""]}, ""scope"": ""mixed""}], ""mismatch_reasons"": [""wrong_cardmarket_id""], ""scryfall_cardmarket_id"": null, ""stored_ids"": [799510, 799511], ""validated_stored_ids"": [799510, 799511]}",,,,
19947,one_piece,DON!!,PRB-PERONA,prb01,PRB-01: The Best - Premium Booster,jp,Perona,DON!!,,,4318,one_piece:PRB-PERONA,310790,310790,,"799510,799511",,,,,,,,,,,,,,,,,,,Low,0.8,EUR,EUR,cardtrader,310790,high,2026-08-29T12:19:30.162830+00:00,"""{\""cardmarket_exact_candidates\"": [], \""snapshot_fingerprint\"": \""e92923d4f1ff6bed6c2a942a7f0a5a631db598213ebb45f1379ba176d1f762c7\""}""",MISMATCH,stored Cardmarket product conflicts with local printing,true,false,false,,,,,,,,CRITICAL,,,,CRITICAL,wrong_cardmarket_id,,"{""external_provenance"": [{""exact_language"": false, ""id"": 799510, ""metadata"": {""allowed_languages"": [""en"", ""jp"", ""zh-CN"", ""kr"", ""fr""]}, ""scope"": ""mixed""}, {""exact_language"": false, ""id"": 799511, ""metadata"": {""allowed_languages"": [""en"", ""jp"", ""zh-CN"", ""kr"", ""fr""]}, ""scope"": ""mixed""}], ""mismatch_reasons"": [""wrong_cardmarket_id""], ""scryfall_cardmarket_id"": null, ""stored_ids"": [799510, 799511], ""validated_stored_ids"": [799510, 799511]}",,,,
19948,one_piece,DON!!,PRB-ODEN,prb01,PRB-01: The Best - Premium Booster,en,Oden,DON!!,,,4319,one_piece:PRB-ODEN,310791,310791,,"799507,799508",,,,,,,,,,,,,,,,,,,Low,0.2,EUR,EUR,cardtrader,310791,high,2026-08-29T12:19:30.162830+00:00,"""{\""cardmarket_exact_candidates\"": [], \""snapshot_fingerprint\"": \""8e5a16f410037e4323a358b3011a366e429f414b4e570afee1da008847afb866\""}""",MISMATCH,stored Cardmarket product conflicts with local printing,true,false,false,,,,,,,,CRITICAL,,,,CRITICAL,wrong_cardmarket_id,,"{""external_provenance"": [{""exact_language"": false, ""id"": 799507, ""metadata"": {""allowed_languages"": [""en"", ""jp"", ""zh-CN"", ""kr"", ""fr""]}, ""scope"": ""mixed""}, {""exact_language"": false, ""id"": 799508, ""metadata"": {""allowed_languages"": [""en"", ""jp"", ""zh-CN"", ""kr"", ""fr""]}, ""scope"": ""mixed""}], ""mismatch_reasons"": [""wrong_cardmarket_id""], ""scryfall_cardmarket_id"": null, ""stored_ids"": [799507, 799508], ""validated_stored_ids"": [799507, 799508]}",,,,
19949,one_piece,DON!!,PRB-ODEN,prb01,PRB-01: The Best - Premium Booster,jp,Oden,DON!!,,,4319,one_piece:PRB-ODEN,310791,310791,,"799507,799508",,,,,,,,,,,,,,,,,,,Low,0.26,EUR,EUR,cardtrader,310791,high,2026-08-29T12:19:30.162830+00:00,"""{\""cardmarket_exact_candidates\"": [], \""snapshot_fingerprint\"": \""6f46ac53aa9cb04e4b21bbe014889c8d1197191751f7b20ddbc43bc2874a952a\""}""",MISMATCH,stored Cardmarket product conflicts with local printing,true,false,false,,,,,,,,CRITICAL,,,,CRITICAL,wrong_cardmarket_id,,"{""external_provenance"": [{""exact_language"": false, ""id"": 799507, ""metadata"": {""allowed_languages"": [""en"", ""jp"", ""zh-CN"", ""kr"", ""fr""]}, ""scope"": ""mixed""}, {""exact_language"": false, ""id"": 799508, ""metadata"": {""allowed_languages"": [""en"", ""jp"", ""zh-CN"", ""kr"", ""fr""]}, ""scope"": ""mixed""}], ""mismatch_reasons"": [""wrong_cardmarket_id""], ""scryfall_cardmarket_id"": null, ""stored_ids"": [799507, 799508], ""validated_stored_ids"": [799507, 799508]}",,,,
19950,one_piece,DON!!,PRB-MAGELLAN,prb01,PRB-01: The Best - Premium Booster,en,Magellan,DON!!,,,4320,one_piece:PRB-MAGELLAN,310792,310792,,"799501,799502",,,,,,,,,,,,,,,,,,,Low,0.39,EUR,EUR,cardtrader,310792,high,2026-08-29T12:19:30.162830+00:00,"""{\""cardmarket_exact_candidates\"": [], \""snapshot_fingerprint\"": \""54e1699deea24c622d419d8a26085281712a9d180cd7a6ca96d52b11405795aa\""}""",MISMATCH,stored Cardmarket product conflicts with local printing,true,false,false,,,,,,,,CRITICAL,,,,CRITICAL,wrong_cardmarket_id,,"{""external_provenance"": [{""exact_language"": false, ""id"": 799501, ""metadata"": {""allowed_languages"": [""en"", ""jp"", ""zh-CN"", ""kr"", ""fr""]}, ""scope"": ""mixed""}, {""exact_language"": false, ""id"": 799502, ""metadata"": {""allowed_languages"": [""en"", ""jp"", ""zh-CN"", ""kr"", ""fr""]}, ""scope"": ""mixed""}], ""mismatch_reasons"": [""wrong_cardmarket_id""], ""scryfall_cardmarket_id"": null, ""stored_ids"": [799501, 799502], ""validated_stored_ids"": [799501, 799502]}",,,,
19951,one_piece,DON!!,PRB-MAGELLAN,prb01,PRB-01: The Best - Premium Booster,jp,Magellan,DON!!,,,4320,one_piece:PRB-MAGELLAN,310792,310792,,"799501,799502",,,,,,,,,,,,,,,,,,,Low,0.15,EUR,EUR,cardtrader,310792,high,2026-08-29T12:19:30.162830+00:00,"""{\""cardmarket_exact_candidates\"": [], \""snapshot_fingerprint\"": \""cd63f284eb31f214e02884f68cd634759cb2a85246c2d5fbb8147404b5a9aea1\""}""",MISMATCH,stored Cardmarket product conflicts with local printing,true,false,false,,,,,,,,CRITICAL,,,,CRITICAL,wrong_cardmarket_id,,"{""external_provenance"": [{""exact_language"": false, ""id"": 799501, ""metadata"": {""allowed_languages"": [""en"", ""jp"", ""zh-CN"", ""kr"", ""fr""]}, ""scope"": ""mixed""}, {""exact_language"": false, ""id"": 799502, ""metadata"": {""allowed_languages"": [""en"", ""jp"", ""zh-CN"", ""kr"", ""fr""]}, ""scope"": ""mixed""}], ""mismatch_reasons"": [""wrong_cardmarket_id""], ""scryfall_cardmarket_id"": null, ""stored_ids"": [799501, 799502], ""validated_stored_ids"": [799501, 799502]}",,,,
19952,one_piece,DON!!,PRB-LUFFY,prb01,PRB-01: The Best - Premium Booster,en,Luffy,DON!!,,,4321,one_piece:PRB-LUFFY,310793,310793,,"799498,799499",,,,,,,,,,,,,,,,,,,Low,2.0,EUR,EUR,cardtrader,310793,high,2026-08-29T12:19:30.162830+00:00,"""{\""cardmarket_exact_candidates\"": [], \""snapshot_fingerprint\"": \""71ea8256b9dde080adbe808e9138fe29d8ef171b0897307039e3372133ffe982\""}""",MISMATCH,stored Cardmarket product conflicts with local printing,true,false,false,,,,,,,,CRITICAL,,,,CRITICAL,wrong_cardmarket_id,,"{""external_provenance"": [{""exact_language"": false, ""id"": 799498, ""metadata"": {""allowed_languages"": [""en"", ""jp"", ""zh-CN"", ""kr"", ""fr""]}, ""scope"": ""mixed""}, {""exact_language"": false, ""id"": 799499, ""metadata"": {""allowed_languages"": [""en"", ""jp"", ""zh-CN"", ""kr"", ""fr""]}, ""scope"": ""mixed""}], ""mismatch_reasons"": [""wrong_cardmarket_id""], ""scryfall_cardmarket_id"": null, ""stored_ids"": [799498, 799499], ""validated_stored_ids"": [799498, 799499]}",,,,
19953,one_piece,DON!!,PRB-LUFFY,prb01,PRB-01: The Best - Premium Booster,jp,Luffy,DON!!,,,4321,one_piece:PRB-LUFFY,310793,310793,,"799498,799499",,,,,,,,,,,,,,,,,,,Low,0.21,EUR,EUR,cardtrader,310793,high,2026-08-28T15:00:15.994637+00:00,"""{\""cardmarket_exact_candidates\"": [], \""snapshot_fingerprint\"": \""ada811f6f4ffa65317dbfab8a7e5a5f0a4e4b76fb1d0826594ecdab5c93ed2f2\""}""",MISMATCH,stored Cardmarket product conflicts with local printing,true,false,false,,,,,,,,CRITICAL,,,,CRITICAL,wrong_cardmarket_id,,"{""external_provenance"": [{""exact_language"": false, ""id"": 799498, ""metadata"": {""allowed_languages"": [""en"", ""jp"", ""zh-CN"", ""kr"", ""fr""]}, ""scope"": ""mixed""}, {""exact_language"": false, ""id"": 799499, ""metadata"": {""allowed_languages"": [""en"", ""jp"", ""zh-CN"", ""kr"", ""fr""]}, ""scope"": ""mixed""}], ""mismatch_reasons"": [""wrong_cardmarket_id""], ""scryfall_cardmarket_id"": null, ""stored_ids"": [799498, 799499], ""validated_stored_ids"": [799498, 799499]}",,,,
19954,one_piece,DON!!,PRB-KING,prb01,PRB-01: The Best - Premium Booster,en,King,DON!!,,,4322,one_piece:PRB-KING,310794,310794,,"799489,799490",,,,,,,,,,,,,,,,,,,Low,0.26,EUR,EUR,cardtrader,310794,high,2026-08-29T12:19:30.162830+00:00,"""{\""cardmarket_exact_candidates\"": [], \""snapshot_fingerprint\"": \""4b8522a5d87f17662d0852ffac25473b89816f56ca3d14a07ebde3056f15a9c3\""}""",MISMATCH,stored Cardmarket product conflicts with local printing,true,false,false,,,,,,,,CRITICAL,,,,CRITICAL,wrong_cardmarket_id,,"{""external_provenance"": [{""exact_language"": false, ""id"": 799489, ""metadata"": {""allowed_languages"": [""en"", ""jp"", ""zh-CN"", ""kr"", ""fr""]}, ""scope"": ""mixed""}, {""exact_language"": false, ""id"": 799490, ""metadata"": {""allowed_languages"": [""en"", ""jp"", ""zh-CN"", ""kr"", ""fr""]}, ""scope"": ""mixed""}], ""mismatch_reasons"": [""wrong_cardmarket_id""], ""scryfall_cardmarket_id"": null, ""stored_ids"": [799489, 799490], ""validated_stored_ids"": [799489, 799490]}",,,,
19955,one_piece,DON!!,PRB-KING,prb01,PRB-01: The Best - Premium Booster,jp,King,DON!!,,,4322,one_piece:PRB-KING,310794,310794,,"799489,799490",,,,,,,,,,,,,,,,,,,Low,0.29,EUR,EUR,cardtrader,310794,high,2026-08-29T12:19:30.162830+00:00,"""{\""cardmarket_exact_candidates\"": [], \""snapshot_fingerprint\"": \""1e2579d78bbc5bbb2a92872646a13d26c36e509daca82c23e004b9a5607f523b\""}""",MISMATCH,stored Cardmarket product conflicts with local printing,true,false,false,,,,,,,,CRITICAL,,,,CRITICAL,wrong_cardmarket_id,,"{""external_provenance"": [{""exact_language"": false, ""id"": 799489, ""metadata"": {""allowed_languages"": [""en"", ""jp"", ""zh-CN"", ""kr"", ""fr""]}, ""scope"": ""mixed""}, {""exact_language"": false, ""id"": 799490, ""metadata"": {""allowed_languages"": [""en"", ""jp"", ""zh-CN"", ""kr"", ""fr""]}, ""scope"": ""mixed""}], ""mismatch_reasons"": [""wrong_cardmarket_id""], ""scryfall_cardmarket_id"": null, ""stored_ids"": [799489, 799490], ""validated_stored_ids"": [799489, 799490]}",,,,
19956,one_piece,DON!!,PRB-KATAKURI,prb01,PRB-01: The Best - Premium Booster,en,Katakuri,DON!!,,,4323,one_piece:PRB-KATAKURI,310795,310795,,"799483,799484",,,,,,,,,,,,,,,,,,,Low,0.6,EUR,EUR,cardtrader,310795,high,2026-08-29T12:19:30.162830+00:00,"""{\""cardmarket_exact_candidates\"": [], \""snapshot_fingerprint\"": \""77e2cb60ed6995bb90402b00c135517344077a74ad9f2f4f03d95c6c0829fb0c\""}""",MISMATCH,stored Cardmarket product conflicts with local printing,true,false,false,,,,,,,,CRITICAL,,,,CRITICAL,wrong_cardmarket_id,,"{""external_provenance"": [{""exact_language"": false, ""id"": 799483, ""metadata"": {""allowed_languages"": [""en"", ""jp"", ""zh-CN"", ""kr"", ""fr""]}, ""scope"": ""mixed""}, {""exact_language"": false, ""id"": 799484, ""metadata"": {""allowed_languages"": [""en"", ""jp"", ""zh-CN"", ""kr"", ""fr""]}, ""scope"": ""mixed""}], ""mismatch_reasons"": [""wrong_cardmarket_id""], ""scryfall_cardmarket_id"": null, ""stored_ids"": [799483, 799484], ""validated_stored_ids"": [799483, 799484]}",,,,
19957,one_piece,DON!!,PRB-KATAKURI,prb01,PRB-01: The Best - Premium Booster,jp,Katakuri,DON!!,,,4323,one_piece:PRB-KATAKURI,310795,310795,,"799483,799484",,,,,,,,,,,,,,,,,,,Low,0.47,EUR,EUR,cardtrader,310795,high,2026-08-29T12:19:30.162830+00:00,"""{\""cardmarket_exact_candidates\"": [], \""snapshot_fingerprint\"": \""9dad58925ee73aaf7b6f83af026cc4ba5ecfcc5acd57e97bfb989486e36948d2\""}""",MISMATCH,stored Cardmarket product conflicts with local printing,true,false,false,,,,,,,,CRITICAL,,,,CRITICAL,wrong_cardmarket_id,,"{""external_provenance"": [{""exact_language"": false, ""id"": 799483, ""metadata"": {""allowed_languages"": [""en"", ""jp"", ""zh-CN"", ""kr"", ""fr""]}, ""scope"": ""mixed""}, {""exact_language"": false, ""id"": 799484, ""metadata"": {""allowed_languages"": [""en"", ""jp"", ""zh-CN"", ""kr"", ""fr""]}, ""scope"": ""mixed""}], ""mismatch_reasons"": [""wrong_cardmarket_id""], ""scryfall_cardmarket_id"": null, ""stored_ids"": [799483, 799484], ""validated_stored_ids"": [799483, 799484]}",,,,
19958,one_piece,DON!!,PRB-KAIDO,prb01,PRB-01: The Best - Premium Booster,en,Kaido,DON!!,,,4324,one_piece:PRB-KAIDO,310796,310796,,"799480,799481",,,,,,,,,,,,,,,,,,,Low,0.7,EUR,EUR,cardtrader,310796,high,2026-08-29T12:19:30.162830+00:00,"""{\""cardmarket_exact_candidates\"": [], \""snapshot_fingerprint\"": \""e98345d4f4a11165fdbc40ffe3eaf6de584f4853d6160278d820a540563e4dce\""}""",MISMATCH,stored Cardmarket product conflicts with local printing,true,false,false,,,,,,,,CRITICAL,,,,CRITICAL,wrong_cardmarket_id,,"{""external_provenance"": [{""exact_language"": false, ""id"": 799480, ""metadata"": {""allowed_languages"": [""en"", ""jp"", ""zh-CN"", ""kr"", ""fr""]}, ""scope"": ""mixed""}, {""exact_language"": false, ""id"": 799481, ""metadata"": {""allowed_languages"": [""en"", ""jp"", ""zh-CN"", ""kr"", ""fr""]}, ""scope"": ""mixed""}], ""mismatch_reasons"": [""wrong_cardmarket_id""], ""scryfall_cardmarket_id"": null, ""stored_ids"": [799480, 799481], ""validated_stored_ids"": [799480, 799481]}",,,,
19959,one_piece,DON!!,PRB-KAIDO,prb01,PRB-01: The Best - Premium Booster,jp,Kaido,DON!!,,,4324,one_piece:PRB-KAIDO,310796,310796,,"799480,799481",,,,,,,,,,,,,,,,,,,Low,1.08,EUR,EUR,cardtrader,310796,high,2026-08-29T12:19:30.162830+00:00,"""{\""cardmarket_exact_candidates\"": [], \""snapshot_fingerprint\"": \""e7b2b7d30dad408076a74347808211942d4ec64ff8dbd7f451028bd665b4585b\""}""",MISMATCH,stored Cardmarket product conflicts with local printing,true,false,false,,,,,,,,CRITICAL,,,,CRITICAL,wrong_cardmarket_id,,"{""external_provenance"": [{""exact_language"": false, ""id"": 799480, ""metadata"": {""allowed_languages"": [""en"", ""jp"", ""zh-CN"", ""kr"", ""fr""]}, ""scope"": ""mixed""}, {""exact_language"": false, ""id"": 799481, ""metadata"": {""allowed_languages"": [""en"", ""jp"", ""zh-CN"", ""kr"", ""fr""]}, ""scope"": ""mixed""}], ""mismatch_reasons"": [""wrong_cardmarket_id""], ""scryfall_cardmarket_id"": null, ""stored_ids"": [799480, 799481], ""validated_stored_ids"": [799480, 799481]}",,,,
19960,one_piece,DON!!,PRB-IVANKOV,prb01,PRB-01: The Best - Premium Booster,en,Ivankov,DON!!,,,4325,one_piece:PRB-IVANKOV,310797,310797,,"799477,799478",,,,,,,,,,,,,,,,,,,Low,0.38,EUR,EUR,cardtrader,310797,high,2026-08-29T12:19:30.162830+00:00,"""{\""cardmarket_exact_candidates\"": [], \""snapshot_fingerprint\"": \""e190bae068308c4b5b5637d274e594795c3e034a4edc7f13c4630afc10385f2d\""}""",MISMATCH,stored Cardmarket product conflicts with local printing,true,false,false,,,,,,,,CRITICAL,,,,CRITICAL,wrong_cardmarket_id,,"{""external_provenance"": [{""exact_language"": false, ""id"": 799477, ""metadata"": {""allowed_languages"": [""en"", ""jp"", ""zh-CN"", ""kr"", ""fr""]}, ""scope"": ""mixed""}, {""exact_language"": false, ""id"": 799478, ""metadata"": {""allowed_languages"": [""en"", ""jp"", ""zh-CN"", ""kr"", ""fr""]}, ""scope"": ""mixed""}], ""mismatch_reasons"": [""wrong_cardmarket_id""], ""scryfall_cardmarket_id"": null, ""stored_ids"": [799477, 799478], ""validated_stored_ids"": [799477, 799478]}",,,,
19961,one_piece,DON!!,PRB-IVANKOV,prb01,PRB-01: The Best - Premium Booster,jp,Ivankov,DON!!,,,4325,one_piece:PRB-IVANKOV,310797,310797,,"799477,799478",,,,,,,,,,,,,,,,,,,Low,0.13,EUR,EUR,cardtrader,310797,high,2026-08-29T12:19:30.162830+00:00,"""{\""cardmarket_exact_candidates\"": [], \""snapshot_fingerprint\"": \""fc75085200cbcda9c7ff51410f333ac297e06525e6b4effc3c9942aba88ebf5c\""}""",MISMATCH,stored Cardmarket product conflicts with local printing,true,false,false,,,,,,,,CRITICAL,,,,CRITICAL,wrong_cardmarket_id,,"{""external_provenance"": [{""exact_language"": false, ""id"": 799477, ""metadata"": {""allowed_languages"": [""en"", ""jp"", ""zh-CN"", ""kr"", ""fr""]}, ""scope"": ""mixed""}, {""exact_language"": false, ""id"": 799478, ""metadata"": {""allowed_languages"": [""en"", ""jp"", ""zh-CN"", ""kr"", ""fr""]}, ""scope"": ""mixed""}], ""mismatch_reasons"": [""wrong_cardmarket_id""], ""scryfall_cardmarket_id"": null, ""stored_ids"": [799477, 799478], ""validated_stored_ids"": [799477, 799478]}",,,,
19962,one_piece,DON!!,PRB-ICEBURG,prb01,PRB-01: The Best - Premium Booster,en,Iceburg,DON!!,,,4326,one_piece:PRB-ICEBURG,310798,310798,,"799474,799475",,,,,,,,,,,,,,,,,,,Low,0.34,EUR,EUR,cardtrader,310798,high,2026-08-29T12:19:30.162830+00:00,"""{\""cardmarket_exact_candidates\"": [], \""snapshot_fingerprint\"": \""a8c3188808bd3e0633cef6e4833fa55d9ae554eee0cdbe177c1944d9bf8359c0\""}""",MISMATCH,stored Cardmarket product conflicts with local printing,true,false,false,,,,,,,,CRITICAL,,,,CRITICAL,wrong_cardmarket_id,,"{""external_provenance"": [{""exact_language"": false, ""id"": 799474, ""metadata"": {""allowed_languages"": [""en"", ""jp"", ""zh-CN"", ""kr"", ""fr""]}, ""scope"": ""mixed""}, {""exact_language"": false, ""id"": 799475, ""metadata"": {""allowed_languages"": [""en"", ""jp"", ""zh-CN"", ""kr"", ""fr""]}, ""scope"": ""mixed""}], ""mismatch_reasons"": [""wrong_cardmarket_id""], ""scryfall_cardmarket_id"": null, ""stored_ids"": [799474, 799475], ""validated_stored_ids"": [799474, 799475]}",,,,
19963,one_piece,DON!!,PRB-ICEBURG,prb01,PRB-01: The Best - Premium Booster,jp,Iceburg,DON!!,,,4326,one_piece:PRB-ICEBURG,310798,310798,,"799474,799475",,,,,,,,,,,,,,,,,,,Low,0.11,EUR,EUR,cardtrader,310798,high,2026-08-29T12:19:30.162830+00:00,"""{\""cardmarket_exact_candidates\"": [], \""snapshot_fingerprint\"": \""acf36df93c0099f3483c043ed2a7dbc83653ddc66e87ed3537e688a9ffd11779\""}""",MISMATCH,stored Cardmarket product conflicts with local printing,true,false,false,,,,,,,,CRITICAL,,,,CRITICAL,wrong_cardmarket_id,,"{""external_provenance"": [{""exact_language"": false, ""id"": 799474, ""metadata"": {""allowed_languages"": [""en"", ""jp"", ""zh-CN"", ""kr"", ""fr""]}, ""scope"": ""mixed""}, {""exact_language"": false, ""id"": 799475, ""metadata"": {""allowed_languages"": [""en"", ""jp"", ""zh-CN"", ""kr"", ""fr""]}, ""scope"": ""mixed""}], ""mismatch_reasons"": [""wrong_cardmarket_id""], ""scryfall_cardmarket_id"": null, ""stored_ids"": [799474, 799475], ""validated_stored_ids"": [799474, 799475]}",,,,
19964,one_piece,DON!!,PRB-HODY,prb01,PRB-01: The Best - Premium Booster,en,Hody Jones,DON!!,,,4327,one_piece:PRB-HODY,310799,310799,,"799471,799472",,,,,,,,,,,,,,,,,,,Low,0.38,EUR,EUR,cardtrader,310799,high,2026-08-29T12:19:30.162830+00:00,"""{\""cardmarket_exact_candidates\"": [], \""snapshot_fingerprint\"": \""7a27ee0edc7ad126545eec1991c32a972b34c1610e2729d38d8291b2c37430c1\""}""",MISMATCH,stored Cardmarket product conflicts with local printing,true,false,false,,,,,,,,CRITICAL,,,,CRITICAL,wrong_cardmarket_id,,"{""external_provenance"": [{""exact_language"": false, ""id"": 799471, ""metadata"": {""allowed_languages"": [""en"", ""jp"", ""zh-CN"", ""kr"", ""fr""]}, ""scope"": ""mixed""}, {""exact_language"": false, ""id"": 799472, ""metadata"": {""allowed_languages"": [""en"", ""jp"", ""zh-CN"", ""kr"", ""fr""]}, ""scope"": ""mixed""}], ""mismatch_reasons"": [""wrong_cardmarket_id""], ""scryfall_cardmarket_id"": null, ""stored_ids"": [799471, 799472], ""validated_stored_ids"": [799471, 799472]}",,,,
19965,one_piece,DON!!,PRB-HODY,prb01,PRB-01: The Best - Premium Booster,jp,Hody Jones,DON!!,,,4327,one_piece:PRB-HODY,310799,310799,,"799471,799472",,,,,,,,,,,,,,,,,,,Low,0.16,EUR,EUR,cardtrader,310799,high,2026-08-29T12:19:30.162830+00:00,"""{\""cardmarket_exact_candidates\"": [], \""snapshot_fingerprint\"": \""2b02bbac3da9bb4eee42e91494b3375d5b5c5952e85c4ff13023ac43b7b2d0d4\""}""",MISMATCH,stored Cardmarket product conflicts with local printing,true,false,false,,,,,,,,CRITICAL,,,,CRITICAL,wrong_cardmarket_id,,"{""external_provenance"": [{""exact_language"": false, ""id"": 799471, ""metadata"": {""allowed_languages"": [""en"", ""jp"", ""zh-CN"", ""kr"", ""fr""]}, ""scope"": ""mixed""}, {""exact_language"": false, ""id"": 799472, ""metadata"": {""allowed_languages"": [""en"", ""jp"", ""zh-CN"", ""kr"", ""fr""]}, ""scope"": ""mixed""}], ""mismatch_reasons"": [""wrong_cardmarket_id""], ""scryfall_cardmarket_id"": null, ""stored_ids"": [799471, 799472], ""validated_stored_ids"": [799471, 799472]}",,,,
19966,one_piece,DON!!,PRB-MORIA,prb01,PRB-01: The Best - Premium Booster,en,Gecko Moria,DON!!,,,4328,one_piece:PRB-MORIA,310800,310800,,"799504,799505",,,,,,,,,,,,,,,,,,,Low,0.98,EUR,EUR,cardtrader,310800,high,2026-08-29T12:19:30.162830+00:00,"""{\""cardmarket_exact_candidates\"": [], \""snapshot_fingerprint\"": \""78cc0160234b41e7228a035295d024e038a291ede0297a0f0b933e1ba69af984\""}""",MISMATCH,stored Cardmarket product conflicts with local printing,true,false,false,,,,,,,,CRITICAL,,,,CRITICAL,wrong_cardmarket_id,,"{""external_provenance"": [{""exact_language"": false, ""id"": 799504, ""metadata"": {""allowed_languages"": [""en"", ""jp"", ""zh-CN"", ""kr"", ""fr""]}, ""scope"": ""mixed""}, {""exact_language"": false, ""id"": 799505, ""metadata"": {""allowed_languages"": [""en"", ""jp"", ""zh-CN"", ""kr"", ""fr""]}, ""scope"": ""mixed""}], ""mismatch_reasons"": [""wrong_cardmarket_id""], ""scryfall_cardmarket_id"": null, ""stored_ids"": [799504, 799505], ""validated_stored_ids"": [799504, 799505]}",,,,
19967,one_piece,DON!!,PRB-MORIA,prb01,PRB-01: The Best - Premium Booster,jp,Gecko Moria,DON!!,,,4328,one_piece:PRB-MORIA,310800,310800,,"799504,799505",,,,,,,,,,,,,,,,,,,Low,0.28,EUR,EUR,cardtrader,310800,high,2026-08-29T12:19:30.162830+00:00,"""{\""cardmarket_exact_candidates\"": [], \""snapshot_fingerprint\"": \""c9970f4cc9fc6abb9c14035f0ce4173b4ce0253a80946087c217365d4dc45103\""}""",MISMATCH,stored Cardmarket product conflicts with local printing,true,false,false,,,,,,,,CRITICAL,,,,CRITICAL,wrong_cardmarket_id,,"{""external_provenance"": [{""exact_language"": false, ""id"": 799504, ""metadata"": {""allowed_languages"": [""en"", ""jp"", ""zh-CN"", ""kr"", ""fr""]}, ""scope"": ""mixed""}, {""exact_language"": false, ""id"": 799505, ""metadata"": {""allowed_languages"": [""en"", ""jp"", ""zh-CN"", ""kr"", ""fr""]}, ""scope"": ""mixed""}], ""mismatch_reasons"": [""wrong_cardmarket_id""], ""scryfall_cardmarket_id"": null, ""stored_ids"": [799504, 799505], ""validated_stored_ids"": [799504, 799505]}",,,,
19968,one_piece,DON!!,PRB-KID,prb01,PRB-01: The Best - Premium Booster,en,"Eustass ""Captain"" Kid",DON!!,,,4329,one_piece:PRB-KID,310801,310801,,"799486,799487",,,,,,,,,,,,,,,,,,,Low,0.2,EUR,EUR,cardtrader,310801,high,2026-08-29T12:19:30.162830+00:00,"""{\""cardmarket_exact_candidates\"": [], \""snapshot_fingerprint\"": \""6306d0ed2e3ae109f297a19659b2a6f5d4358a3f8bd00e29cb23cd1c0929620c\""}""",MISMATCH,stored Cardmarket product conflicts with local printing,true,false,false,,,,,,,,CRITICAL,,,,CRITICAL,wrong_cardmarket_id,,"{""external_provenance"": [{""exact_language"": false, ""id"": 799486, ""metadata"": {""allowed_languages"": [""en"", ""jp"", ""zh-CN"", ""kr"", ""fr""]}, ""scope"": ""mixed""}, {""exact_language"": false, ""id"": 799487, ""metadata"": {""allowed_languages"": [""en"", ""jp"", ""zh-CN"", ""kr"", ""fr""]}, ""scope"": ""mixed""}], ""mismatch_reasons"": [""wrong_cardmarket_id""], ""scryfall_cardmarket_id"": null, ""stored_ids"": [799486, 799487], ""validated_stored_ids"": [799486, 799487]}",,,,
19969,one_piece,DON!!,PRB-KID,prb01,PRB-01: The Best - Premium Booster,jp,"Eustass ""Captain"" Kid",DON!!,,,4329,one_piece:PRB-KID,310801,310801,,"799486,799487",,,,,,,,,,,,,,,,,,,Low,0.29,EUR,EUR,cardtrader,310801,high,2026-08-29T12:19:30.162830+00:00,"""{\""cardmarket_exact_candidates\"": [], \""snapshot_fingerprint\"": \""6a755b00d8a895a3832121f409a2a3f5f8b395542400797a1ad67fb615e5e35c\""}""",MISMATCH,stored Cardmarket product conflicts with local printing,true,false,false,,,,,,,,CRITICAL,,,,CRITICAL,wrong_cardmarket_id,,"{""external_provenance"": [{""exact_language"": false, ""id"": 799486, ""metadata"": {""allowed_languages"": [""en"", ""jp"", ""zh-CN"", ""kr"", ""fr""]}, ""scope"": ""mixed""}, {""exact_language"": false, ""id"": 799487, ""metadata"": {""allowed_languages"": [""en"", ""jp"", ""zh-CN"", ""kr"", ""fr""]}, ""scope"": ""mixed""}], ""mismatch_reasons"": [""wrong_cardmarket_id""], ""scryfall_cardmarket_id"": null, ""stored_ids"": [799486, 799487], ""validated_stored_ids"": [799486, 799487]}",,,,
19970,one_piece,DON!!,PRB-ENEL,prb01,PRB-01: The Best - Premium Booster,en,Enel,DON!!,,,4330,one_piece:PRB-ENEL,310802,310802,,"799468,799469",,,,,,,,,,,,,,,,,,,Low,2.86,EUR,EUR,cardtrader,310802,high,2026-08-29T12:19:30.162830+00:00,"""{\""cardmarket_exact_candidates\"": [], \""snapshot_fingerprint\"": \""7617a3acc0b5b6bfb8e2e4a67f43f247f97951cbcccba096f70fa158aea94d91\""}""",MISMATCH,stored Cardmarket product conflicts with local printing,true,false,false,,,,,,,,CRITICAL,,,,CRITICAL,wrong_cardmarket_id,,"{""external_provenance"": [{""exact_language"": false, ""id"": 799468, ""metadata"": {""allowed_languages"": [""en"", ""jp"", ""zh-CN"", ""kr"", ""fr""]}, ""scope"": ""mixed""}, {""exact_language"": false, ""id"": 799469, ""metadata"": {""allowed_languages"": [""en"", ""jp"", ""zh-CN"", ""kr"", ""fr""]}, ""scope"": ""mixed""}], ""mismatch_reasons"": [""wrong_cardmarket_id""], ""scryfall_cardmarket_id"": null, ""stored_ids"": [799468, 799469], ""validated_stored_ids"": [799468, 799469]}",,,,
19971,one_piece,DON!!,PRB-ENEL,prb01,PRB-01: The Best - Premium Booster,jp,Enel,DON!!,,,4330,one_piece:PRB-ENEL,310802,310802,,"799468,799469",,,,,,,,,,,,,,,,,,,Low,0.96,EUR,EUR,cardtrader,310802,high,2026-08-28T15:00:15.994637+00:00,"""{\""cardmarket_exact_candidates\"": [], \""snapshot_fingerprint\"": \""c7fc377a0eca4a71829b39799f1bb225961e466165a3ed0f81740f50fd0689b8\""}""",MISMATCH,stored Cardmarket product conflicts with local printing,true,false,false,,,,,,,,CRITICAL,,,,CRITICAL,wrong_cardmarket_id,,"{""external_provenance"": [{""exact_language"": false, ""id"": 799468, ""metadata"": {""allowed_languages"": [""en"", ""jp"", ""zh-CN"", ""kr"", ""fr""]}, ""scope"": ""mixed""}, {""exact_language"": false, ""id"": 799469, ""metadata"": {""allowed_languages"": [""en"", ""jp"", ""zh-CN"", ""kr"", ""fr""]}, ""scope"": ""mixed""}], ""mismatch_reasons"": [""wrong_cardmarket_id""], ""scryfall_cardmarket_id"": null, ""stored_ids"": [799468, 799469], ""validated_stored_ids"": [799468, 799469]}",,,,
19972,one_piece,DON!!,PRB-NEWGATE,prb01,PRB-01: The Best - Premium Booster,en,Edward.Newgate,DON!!,,,4331,one_piece:PRB-NEWGATE,310803,310803,,"799535,799536",,,,,,,,,,,,,,,,,,,Low,0.44,EUR,EUR,cardtrader,310803,high,2026-08-29T12:19:30.162830+00:00,"""{\""cardmarket_exact_candidates\"": [], \""snapshot_fingerprint\"": \""ec6fb7bc41e815e7ffc565a2f73bd3ff19104f58bb68720e79fce1b7d25097f1\""}""",MISMATCH,stored Cardmarket product conflicts with local printing,true,false,false,,,,,,,,CRITICAL,,,,CRITICAL,wrong_cardmarket_id,,"{""external_provenance"": [{""exact_language"": false, ""id"": 799535, ""metadata"": {""allowed_languages"": [""en"", ""jp"", ""zh-CN"", ""kr"", ""fr""]}, ""scope"": ""mixed""}, {""exact_language"": false, ""id"": 799536, ""metadata"": {""allowed_languages"": [""en"", ""jp"", ""zh-CN"", ""kr"", ""fr""]}, ""scope"": ""mixed""}], ""mismatch_reasons"": [""wrong_cardmarket_id""], ""scryfall_cardmarket_id"": null, ""stored_ids"": [799535, 799536], ""validated_stored_ids"": [799535, 799536]}",,,,
19973,one_piece,DON!!,PRB-NEWGATE,prb01,PRB-01: The Best - Premium Booster,jp,Edward.Newgate,DON!!,,,4331,one_piece:PRB-NEWGATE,310803,310803,,"799535,799536",,,,,,,,,,,,,,,,,,,Low,0.11,EUR,EUR,cardtrader,310803,high,2026-08-29T12:19:30.162830+00:00,"""{\""cardmarket_exact_candidates\"": [], \""snapshot_fingerprint\"": \""7997d632a58a07b0d59f29574c937cae4aeb4dc0c3f5c7a4fb2144bff8a797cb\""}""",MISMATCH,stored Cardmarket product conflicts with local printing,true,false,false,,,,,,,,CRITICAL,,,,CRITICAL,wrong_cardmarket_id,,"{""external_provenance"": [{""exact_language"": false, ""id"": 799535, ""metadata"": {""allowed_languages"": [""en"", ""jp"", ""zh-CN"", ""kr"", ""fr""]}, ""scope"": ""mixed""}, {""exact_language"": false, ""id"": 799536, ""metadata"": {""allowed_languages"": [""en"", ""jp"", ""zh-CN"", ""kr"", ""fr""]}, ""scope"": ""mixed""}], ""mismatch_reasons"": [""wrong_cardmarket_id""], ""scryfall_cardmarket_id"": null, ""stored_ids"": [799535, 799536], ""validated_stored_ids"": [799535, 799536]}",,,,
19974,one_piece,DON!!,PRB-YAMATO,prb01,PRB-01: The Best - Premium Booster,en,Yamato,DON!!,,,4332,one_piece:PRB-YAMATO,310804,310804,,"799538,799539",,,,,,,,,,,,,,,,,,,Low,4.11,EUR,EUR,cardtrader,310804,high,2026-08-29T12:19:30.162830+00:00,"""{\""cardmarket_exact_candidates\"": [], \""snapshot_fingerprint\"": \""266f6af2e4f3ae93ae0c150c651b7148f12fcfd0bd72dd0cc203e4bba5c22a67\""}""",MISMATCH,stored Cardmarket product conflicts with local printing,true,false,false,,,,,,,,CRITICAL,,,,CRITICAL,wrong_cardmarket_id,,"{""external_provenance"": [{""exact_language"": false, ""id"": 799538, ""metadata"": {""allowed_languages"": [""en"", ""jp"", ""zh-CN"", ""kr"", ""fr""]}, ""scope"": ""mixed""}, {""exact_language"": false, ""id"": 799539, ""metadata"": {""allowed_languages"": [""en"", ""jp"", ""zh-CN"", ""kr"", ""fr""]}, ""scope"": ""mixed""}], ""mismatch_reasons"": [""wrong_cardmarket_id""], ""scryfall_cardmarket_id"": null, ""stored_ids"": [799538, 799539], ""validated_stored_ids"": [799538, 799539]}",,,,
19975,one_piece,DON!!,PRB-YAMATO,prb01,PRB-01: The Best - Premium Booster,jp,Yamato,DON!!,,,4332,one_piece:PRB-YAMATO,310804,310804,,"799538,799539",,,,,,,,,,,,,,,,,,,Low,0.29,EUR,EUR,cardtrader,310804,high,2026-08-29T12:19:30.162830+00:00,"""{\""cardmarket_exact_candidates\"": [], \""snapshot_fingerprint\"": \""982fc7cfc2bdac574c7eb83bd0506855b180e4fa9c5b2d05149ff8dd590c4901\""}""",MISMATCH,stored Cardmarket product conflicts with local printing,true,false,false,,,,,,,,CRITICAL,,,,CRITICAL,wrong_cardmarket_id,,"{""external_provenance"": [{""exact_language"": false, ""id"": 799538, ""metadata"": {""allowed_languages"": [""en"", ""jp"", ""zh-CN"", ""kr"", ""fr""]}, ""scope"": ""mixed""}, {""exact_language"": false, ""id"": 799539, ""metadata"": {""allowed_languages"": [""en"", ""jp"", ""zh-CN"", ""kr"", ""fr""]}, ""scope"": ""mixed""}], ""mismatch_reasons"": [""wrong_cardmarket_id""], ""scryfall_cardmarket_id"": null, ""stored_ids"": [799538, 799539], ""validated_stored_ids"": [799538, 799539]}",,,,
19976,one_piece,DON!!,PRB-ZORO,prb01,PRB-01: The Best - Premium Booster,en,Zoro,DON!!,,,4333,one_piece:PRB-ZORO,310805,310805,,"799541,799542",,,,,,,,,,,,,,,,,,,Low,3.1,EUR,EUR,cardtrader,310805,high,2026-08-29T12:19:30.162830+00:00,"""{\""cardmarket_exact_candidates\"": [], \""snapshot_fingerprint\"": \""7d800cf86c94339f557ba2eddaaac70f12c6a1bb8abca034159a42a43bf4f93f\""}""",MISMATCH,stored Cardmarket product conflicts with local printing,true,false,false,,,,,,,,CRITICAL,,,,CRITICAL,wrong_cardmarket_id,,"{""external_provenance"": [{""exact_language"": false, ""id"": 799541, ""metadata"": {""allowed_languages"": [""en"", ""jp"", ""zh-CN"", ""kr"", ""fr""]}, ""scope"": ""mixed""}, {""exact_language"": false, ""id"": 799542, ""metadata"": {""allowed_languages"": [""en"", ""jp"", ""zh-CN"", ""kr"", ""fr""]}, ""scope"": ""mixed""}], ""mismatch_reasons"": [""wrong_cardmarket_id""], ""scryfall_cardmarket_id"": null, ""stored_ids"": [799541, 799542], ""validated_stored_ids"": [799541, 799542]}",,,,
19977,one_piece,DON!!,PRB-ZORO,prb01,PRB-01: The Best - Premium Booster,jp,Zoro,DON!!,,,4333,one_piece:PRB-ZORO,310805,310805,,"799541,799542",,,,,,,,,,,,,,,,,,,Low,2.88,EUR,EUR,cardtrader,310805,high,2026-08-29T12:19:30.162830+00:00,"""{\""cardmarket_exact_candidates\"": [], \""snapshot_fingerprint\"": \""f22f7eaf7870c5374ab36867df298014809f81cba6ed5df312556b93d2797ad3\""}""",MISMATCH,stored Cardmarket product conflicts with local printing,true,false,false,,,,,,,,CRITICAL,,,,CRITICAL,wrong_cardmarket_id,,"{""external_provenance"": [{""exact_language"": false, ""id"": 799541, ""metadata"": {""allowed_languages"": [""en"", ""jp"", ""zh-CN"", ""kr"", ""fr""]}, ""scope"": ""mixed""}, {""exact_language"": false, ""id"": 799542, ""metadata"": {""allowed_languages"": [""en"", ""jp"", ""zh-CN"", ""kr"", ""fr""]}, ""scope"": ""mixed""}], ""mismatch_reasons"": [""wrong_cardmarket_id""], ""scryfall_cardmarket_id"": null, ""stored_ids"": [799541, 799542], ""validated_stored_ids"": [799541, 799542]}",,,,
19989,one_piece,Gol.D.Roger,OP09-118A,op09,OP-09: Emperors in the New World,en,Alternate Art,Alternate Art,,,4342,one_piece:OP09-118A,311726,311726,,"786548,803004",,,,,,,,,,,,,,,,,,,Low,80.54,EUR,EUR,cardtrader,311726,high,2026-08-29T12:19:30.162830+00:00,"""{\""cardmarket_exact_candidates\"": [], \""snapshot_fingerprint\"": \""df026f6f4fd9a4adb881cb80f0bd1a7530a83abd80e0841dadfc9fb2a459d43f\""}""",MISMATCH,stored Cardmarket product conflicts with local printing,true,false,false,,,,,,,,CRITICAL,,,,CRITICAL,wrong_cardmarket_id,,"{""external_provenance"": [{""exact_language"": false, ""id"": 786548, ""metadata"": {""allowed_languages"": [""en"", ""jp"", ""zh-CN"", ""kr"", ""fr""]}, ""scope"": ""mixed""}, {""exact_language"": false, ""id"": 803004, ""metadata"": {""allowed_languages"": [""en"", ""jp"", ""zh-CN"", ""kr"", ""fr""]}, ""scope"": ""mixed""}], ""mismatch_reasons"": [""wrong_cardmarket_id""], ""scryfall_cardmarket_id"": null, ""stored_ids"": [786548, 803004], ""validated_stored_ids"": [786548, 803004]}",,,,
19990,one_piece,Gol.D.Roger,OP09-118A,op09,OP-09: Emperors in the New World,jp,Alternate Art,Alternate Art,,,4342,one_piece:OP09-118A,311726,311726,,"786548,803004",,,,,,,,,,,,,,,,,,,Low,47.64,EUR,EUR,cardtrader,311726,high,2026-08-29T12:19:30.162830+00:00,"""{\""cardmarket_exact_candidates\"": [], \""snapshot_fingerprint\"": \""bd30c13ee0dbd002a2e5366302bc8b06e565a2d06e9d4abca0677263b6ad3523\""}""",MISMATCH,stored Cardmarket product conflicts with local printing,true,false,false,,,,,,,,CRITICAL,,,,CRITICAL,wrong_cardmarket_id,,"{""external_provenance"": [{""exact_language"": false, ""id"": 786548, ""metadata"": {""allowed_languages"": [""en"", ""jp"", ""zh-CN"", ""kr"", ""fr""]}, ""scope"": ""mixed""}, {""exact_language"": false, ""id"": 803004, ""metadata"": {""allowed_languages"": [""en"", ""jp"", ""zh-CN"", ""kr"", ""fr""]}, ""scope"": ""mixed""}], ""mismatch_reasons"": [""wrong_cardmarket_id""], ""scryfall_cardmarket_id"": null, ""stored_ids"": [786548, 803004], ""validated_stored_ids"": [786548, 803004]}",,,,
19997,one_piece,Marshall.D.Teach,OP09-093W,op09,OP-09: Emperors in the New World,en,WANTED | Alternate Art,Alternate Art,,,4346,one_piece:OP09-093W,311730,311730,,"786507,802975",,,,,,,,,,,,,,,,,,,Low,200.64,EUR,EUR,cardtrader,311730,high,2026-08-29T12:19:30.162830+00:00,"""{\""cardmarket_exact_candidates\"": [], \""snapshot_fingerprint\"": \""f4d31388715572c9dba99e7b993ab37b36789607947c115574a49b7dae5e8b59\""}""",MISMATCH,stored Cardmarket product conflicts with local printing,true,false,false,,,,,,,,CRITICAL,,,,CRITICAL,wrong_cardmarket_id,,"{""external_provenance"": [{""exact_language"": false, ""id"": 786507, ""metadata"": {""allowed_languages"": [""en"", ""jp"", ""zh-CN"", ""kr"", ""fr""]}, ""scope"": ""mixed""}, {""exact_language"": false, ""id"": 802975, ""metadata"": {""allowed_languages"": [""en"", ""jp"", ""zh-CN"", ""kr"", ""fr""]}, ""scope"": ""mixed""}], ""mismatch_reasons"": [""wrong_cardmarket_id""], ""scryfall_cardmarket_id"": null, ""stored_ids"": [786507, 802975], ""validated_stored_ids"": [786507, 802975]}",,,,
19998,one_piece,Marshall.D.Teach,OP09-093W,op09,OP-09: Emperors in the New World,jp,WANTED | Alternate Art,Alternate Art,,,4346,one_piece:OP09-093W,311730,311730,,"786507,802975",,,,,,,,,,,,,,,,,,,Low,110.59,EUR,EUR,cardtrader,311730,medium,2026-08-28T15:00:15.994637+00:00,"""{\""cardmarket_exact_candidates\"": [], \""snapshot_fingerprint\"": \""7fb9fcfd95ce5227d2b297714643e8818575868d7a732d0e3f53f097de1ec106\""}""",MISMATCH,stored Cardmarket product conflicts with local printing,true,false,false,,,,,,,,CRITICAL,,,,CRITICAL,wrong_cardmarket_id,,"{""external_provenance"": [{""exact_language"": false, ""id"": 786507, ""metadata"": {""allowed_languages"": [""en"", ""jp"", ""zh-CN"", ""kr"", ""fr""]}, ""scope"": ""mixed""}, {""exact_language"": false, ""id"": 802975, ""metadata"": {""allowed_languages"": [""en"", ""jp"", ""zh-CN"", ""kr"", ""fr""]}, ""scope"": ""mixed""}], ""mismatch_reasons"": [""wrong_cardmarket_id""], ""scryfall_cardmarket_id"": null, ""stored_ids"": [786507, 802975], ""validated_stored_ids"": [786507, 802975]}",,,,
20001,one_piece,Shanks,OP09-004W,op09,OP-09: Emperors in the New World,en,WANTED | Alternate Art,Alternate Art,,,4348,one_piece:OP09-004W,311732,311732,,"786308,802865",,,,,,,,,,,,,,,,,,,Low,210.61,EUR,EUR,cardtrader,311732,medium,2026-08-28T15:00:15.994637+00:00,"""{\""cardmarket_exact_candidates\"": [], \""snapshot_fingerprint\"": \""b70249af27f384c74833c8793ada0724f094228b4142f419348b84b747e097ba\""}""",MISMATCH,stored Cardmarket product conflicts with local printing,true,false,false,,,,,,,,CRITICAL,,,,CRITICAL,wrong_cardmarket_id,,"{""external_provenance"": [{""exact_language"": false, ""id"": 786308, ""metadata"": {""allowed_languages"": [""en"", ""jp"", ""zh-CN"", ""kr"", ""fr""]}, ""scope"": ""mixed""}, {""exact_language"": false, ""id"": 802865, ""metadata"": {""allowed_languages"": [""en"", ""jp"", ""zh-CN"", ""kr"", ""fr""]}, ""scope"": ""mixed""}], ""mismatch_reasons"": [""wrong_cardmarket_id""], ""scryfall_cardmarket_id"": null, ""stored_ids"": [786308, 802865], ""validated_stored_ids"": [786308, 802865]}",,,,
20002,one_piece,Shanks,OP09-004W,op09,OP-09: Emperors in the New World,jp,WANTED | Alternate Art,Alternate Art,,,4348,one_piece:OP09-004W,311732,311732,,"786308,802865",,,,,,,,,,,,,,,,,,,Low,200.62,EUR,EUR,cardtrader,311732,medium,2026-08-29T12:19:30.162830+00:00,"""{\""cardmarket_exact_candidates\"": [], \""snapshot_fingerprint\"": \""529ee4e7f747d58694341c935dc89678f58fae27e2030c9a77fc0ab540aacd83\""}""",MISMATCH,stored Cardmarket product conflicts with local printing,true,false,false,,,,,,,,CRITICAL,,,,CRITICAL,wrong_cardmarket_id,,"{""external_provenance"": [{""exact_language"": false, ""id"": 786308, ""metadata"": {""allowed_languages"": [""en"", ""jp"", ""zh-CN"", ""kr"", ""fr""]}, ""scope"": ""mixed""}, {""exact_language"": false, ""id"": 802865, ""metadata"": {""allowed_languages"": [""en"", ""jp"", ""zh-CN"", ""kr"", ""fr""]}, ""scope"": ""mixed""}], ""mismatch_reasons"": [""wrong_cardmarket_id""], ""scryfall_cardmarket_id"": null, ""stored_ids"": [786308, 802865], ""validated_stored_ids"": [786308, 802865]}",,,,
20003,one_piece,Buggy,OP09-051W,op09,OP-09: Emperors in the New World,en,WANTED | Alternate Art,Alternate Art,,,4349,one_piece:OP09-051W,311733,311733,,"786420,802924",,,,,,,,,,,,,,,,,,,Low,165.62,EUR,EUR,cardtrader,311733,high,2026-08-29T12:19:30.162830+00:00,"""{\""cardmarket_exact_candidates\"": [], \""snapshot_fingerprint\"": \""78da3b8747a5f28ad658bb5db96359b6edc3927d7d6e371d6679b561615269f0\""}""",MISMATCH,stored Cardmarket product conflicts with local printing,true,false,false,,,,,,,,CRITICAL,,,,CRITICAL,wrong_cardmarket_id,,"{""external_provenance"": [{""exact_language"": false, ""id"": 786420, ""metadata"": {""allowed_languages"": [""en"", ""jp"", ""zh-CN"", ""kr"", ""fr""]}, ""scope"": ""mixed""}, {""exact_language"": false, ""id"": 802924, ""metadata"": {""allowed_languages"": [""en"", ""jp"", ""zh-CN"", ""kr"", ""fr""]}, ""scope"": ""mixed""}], ""mismatch_reasons"": [""wrong_cardmarket_id""], ""scryfall_cardmarket_id"": null, ""stored_ids"": [786420, 802924], ""validated_stored_ids"": [786420, 802924]}",,,,
20004,one_piece,Buggy,OP09-051W,op09,OP-09: Emperors in the New World,jp,WANTED | Alternate Art,Alternate Art,,,4349,one_piece:OP09-051W,311733,311733,,"786420,802924",,,,,,,,,,,,,,,,,,,Low,85.58,EUR,EUR,cardtrader,311733,low,2026-08-28T15:00:15.994637+00:00,"""{\""cardmarket_exact_candidates\"": [], \""snapshot_fingerprint\"": \""3746ff5a6ab0a44e4e5751fd0be1ac4ddcbebc025793a2d707775099fc03301e\""}""",MISMATCH,stored Cardmarket product conflicts with local printing,true,false,false,,,,,,,,CRITICAL,,,,CRITICAL,wrong_cardmarket_id,,"{""external_provenance"": [{""exact_language"": false, ""id"": 786420, ""metadata"": {""allowed_languages"": [""en"", ""jp"", ""zh-CN"", ""kr"", ""fr""]}, ""scope"": ""mixed""}, {""exact_language"": false, ""id"": 802924, ""metadata"": {""allowed_languages"": [""en"", ""jp"", ""zh-CN"", ""kr"", ""fr""]}, ""scope"": ""mixed""}], ""mismatch_reasons"": [""wrong_cardmarket_id""], ""scryfall_cardmarket_id"": null, ""stored_ids"": [786420, 802924], ""validated_stored_ids"": [786420, 802924]}",,,,
20061,one_piece,Buggy,OP09-010A,op09,OP-09: Emperors in the New World,en,Alternate Art,Alternate Art,,,4378,one_piece:OP09-010A,313020,313020,,"786419,802923",,,,,,,,,,,,,,,,,,,Low,12.18,EUR,EUR,cardtrader,313020,high,2026-08-29T12:19:30.162830+00:00,"""{\""cardmarket_exact_candidates\"": [], \""snapshot_fingerprint\"": \""7292ece6151a46334a7819765422086695b829f1e531a651621c31241b1d5b03\""}""",MISMATCH,stored Cardmarket product conflicts with local printing,true,false,false,,,,,,,,CRITICAL,,,,CRITICAL,wrong_cardmarket_id,,"{""external_provenance"": [{""exact_language"": false, ""id"": 786419, ""metadata"": {""allowed_languages"": [""en"", ""jp"", ""zh-CN"", ""kr"", ""fr""]}, ""scope"": ""mixed""}, {""exact_language"": false, ""id"": 802923, ""metadata"": {""allowed_languages"": [""en"", ""jp"", ""zh-CN"", ""kr"", ""fr""]}, ""scope"": ""mixed""}], ""mismatch_reasons"": [""wrong_cardmarket_id""], ""scryfall_cardmarket_id"": null, ""stored_ids"": [786419, 802923], ""validated_stored_ids"": [786419, 802923]}",,,,
20062,one_piece,Buggy,OP09-010A,op09,OP-09: Emperors in the New World,jp,Alternate Art,Alternate Art,,,4378,one_piece:OP09-010A,313020,313020,,"786419,802923",,,,,,,,,,,,,,,,,,,Low,10.15,EUR,EUR,cardtrader,313020,high,2026-08-28T15:00:15.994637+00:00,"""{\""cardmarket_exact_candidates\"": [], \""snapshot_fingerprint\"": \""1845d687f997a56ef9feab1909a30e495c4b62d7267c0650671c8fa802b21c65\""}""",MISMATCH,stored Cardmarket product conflicts with local printing,true,false,false,,,,,,,,CRITICAL,,,,CRITICAL,wrong_cardmarket_id,,"{""external_provenance"": [{""exact_language"": false, ""id"": 786419, ""metadata"": {""allowed_languages"": [""en"", ""jp"", ""zh-CN"", ""kr"", ""fr""]}, ""scope"": ""mixed""}, {""exact_language"": false, ""id"": 802923, ""metadata"": {""allowed_languages"": [""en"", ""jp"", ""zh-CN"", ""kr"", ""fr""]}, ""scope"": ""mixed""}], ""mismatch_reasons"": [""wrong_cardmarket_id""], ""scryfall_cardmarket_id"": null, ""stored_ids"": [786419, 802923], ""validated_stored_ids"": [786419, 802923]}",,,,
20171,one_piece,Marshall.D.Teach,OP09-053A,op09,OP-09: Emperors in the New World,en,Alternate Art,Alternate Art,,,4433,one_piece:OP09-053A,313075,313075,,"786506,802974",,,,,,,,,,,,,,,,,,,Low,19.26,EUR,EUR,cardtrader,313075,high,2026-08-29T12:19:30.162830+00:00,"""{\""cardmarket_exact_candidates\"": [], \""snapshot_fingerprint\"": \""21fe9175e2d59b6a6ce6e1f4f8011a76a0bffd02f9b23651f6095e038d870647\""}""",MISMATCH,stored Cardmarket product conflicts with local printing,true,false,false,,,,,,,,CRITICAL,,,,CRITICAL,wrong_cardmarket_id,,"{""external_provenance"": [{""exact_language"": false, ""id"": 786506, ""metadata"": {""allowed_languages"": [""en"", ""jp"", ""zh-CN"", ""kr"", ""fr""]}, ""scope"": ""mixed""}, {""exact_language"": false, ""id"": 802974, ""metadata"": {""allowed_languages"": [""en"", ""jp"", ""zh-CN"", ""kr"", ""fr""]}, ""scope"": ""mixed""}], ""mismatch_reasons"": [""wrong_cardmarket_id""], ""scryfall_cardmarket_id"": null, ""stored_ids"": [786506, 802974], ""validated_stored_ids"": [786506, 802974]}",,,,
20172,one_piece,Marshall.D.Teach,OP09-053A,op09,OP-09: Emperors in the New World,jp,Alternate Art,Alternate Art,,,4433,one_piece:OP09-053A,313075,313075,,"786506,802974",,,,,,,,,,,,,,,,,,,Low,8.14,EUR,EUR,cardtrader,313075,high,2026-08-28T15:00:15.994637+00:00,"""{\""cardmarket_exact_candidates\"": [], \""snapshot_fingerprint\"": \""64e4ecabbe3bf36643bac8decc4ffcb8d6d515e4b0b5a9fbfd6cea220ccf2663\""}""",MISMATCH,stored Cardmarket product conflicts with local printing,true,false,false,,,,,,,,CRITICAL,,,,CRITICAL,wrong_cardmarket_id,,"{""external_provenance"": [{""exact_language"": false, ""id"": 786506, ""metadata"": {""allowed_languages"": [""en"", ""jp"", ""zh-CN"", ""kr"", ""fr""]}, ""scope"": ""mixed""}, {""exact_language"": false, ""id"": 802974, ""metadata"": {""allowed_languages"": [""en"", ""jp"", ""zh-CN"", ""kr"", ""fr""]}, ""scope"": ""mixed""}], ""mismatch_reasons"": [""wrong_cardmarket_id""], ""scryfall_cardmarket_id"": null, ""stored_ids"": [786506, 802974], ""validated_stored_ids"": [786506, 802974]}",,,,
20185,one_piece,Monkey.D.Luffy,OP09-119A,op09,OP-09: Emperors in the New World,en,Alternate Art,Alternate Art,,,4440,one_piece:OP09-119A,313082,313082,,"786553,803007",,,,,,,,,,,,,,,,,,,Low,47.64,EUR,EUR,cardtrader,313082,high,2026-08-29T12:19:30.162830+00:00,"""{\""cardmarket_exact_candidates\"": [], \""snapshot_fingerprint\"": \""a1d4c45a99f4a8f774571e74cc3b9ebe80c659a8c51228fa0687373272ab2804\""}""",MISMATCH,stored Cardmarket product conflicts with local printing,true,false,false,,,,,,,,CRITICAL,,,,CRITICAL,wrong_cardmarket_id,,"{""external_provenance"": [{""exact_language"": false, ""id"": 786553, ""metadata"": {""allowed_languages"": [""en"", ""jp"", ""zh-CN"", ""kr"", ""fr""]}, ""scope"": ""mixed""}, {""exact_language"": false, ""id"": 803007, ""metadata"": {""allowed_languages"": [""en"", ""jp"", ""zh-CN"", ""kr"", ""fr""]}, ""scope"": ""mixed""}], ""mismatch_reasons"": [""wrong_cardmarket_id""], ""scryfall_cardmarket_id"": null, ""stored_ids"": [786553, 803007], ""validated_stored_ids"": [786553, 803007]}",,,,
20186,one_piece,Monkey.D.Luffy,OP09-119A,op09,OP-09: Emperors in the New World,jp,Alternate Art,Alternate Art,,,4440,one_piece:OP09-119A,313082,313082,,"786553,803007",,,,,,,,,,,,,,,,,,,Low,20.22,EUR,EUR,cardtrader,313082,high,2026-08-29T12:19:30.162830+00:00,"""{\""cardmarket_exact_candidates\"": [], \""snapshot_fingerprint\"": \""5d4f120e402a1ff48129391379db775221fb35e0ca2827390c3169be9701845c\""}""",MISMATCH,stored Cardmarket product conflicts with local printing,true,false,false,,,,,,,,CRITICAL,,,,CRITICAL,wrong_cardmarket_id,,"{""external_provenance"": [{""exact_language"": false, ""id"": 786553, ""metadata"": {""allowed_languages"": [""en"", ""jp"", ""zh-CN"", ""kr"", ""fr""]}, ""scope"": ""mixed""}, {""exact_language"": false, ""id"": 803007, ""metadata"": {""allowed_languages"": [""en"", ""jp"", ""zh-CN"", ""kr"", ""fr""]}, ""scope"": ""mixed""}], ""mismatch_reasons"": [""wrong_cardmarket_id""], ""scryfall_cardmarket_id"": null, ""stored_ids"": [786553, 803007], ""validated_stored_ids"": [786553, 803007]}",,,,
20302,one_piece,Shanks,OP09-088A,op09,OP-09: Emperors in the New World,en,Alternate Art,Alternate Art,,,4499,one_piece:OP09-088A,313145,313145,,"786307,802864",,,,,,,,,,,,,,,,,,,Low,20.27,EUR,EUR,cardtrader,313145,high,2026-08-29T12:19:30.162830+00:00,"""{\""cardmarket_exact_candidates\"": [], \""snapshot_fingerprint\"": \""b8abfaaf8cc8a0c46037dcfb301ec5e67468cd9eef9d299567f04b22ecf54a85\""}""",MISMATCH,stored Cardmarket product conflicts with local printing,true,false,false,,,,,,,,CRITICAL,,,,CRITICAL,wrong_cardmarket_id,,"{""external_provenance"": [{""exact_language"": false, ""id"": 786307, ""metadata"": {""allowed_languages"": [""en"", ""jp"", ""zh-CN"", ""kr"", ""fr""]}, ""scope"": ""mixed""}, {""exact_language"": false, ""id"": 802864, ""metadata"": {""allowed_languages"": [""en"", ""jp"", ""zh-CN"", ""kr"", ""fr""]}, ""scope"": ""mixed""}], ""mismatch_reasons"": [""wrong_cardmarket_id""], ""scryfall_cardmarket_id"": null, ""stored_ids"": [786307, 802864], ""validated_stored_ids"": [786307, 802864]}",,,,
20303,one_piece,Shanks,OP09-088A,op09,OP-09: Emperors in the New World,jp,Alternate Art,Alternate Art,,,4499,one_piece:OP09-088A,313145,313145,,"786307,802864",,,,,,,,,,,,,,,,,,,Low,13.7,EUR,EUR,cardtrader,313145,high,2026-08-28T15:00:15.994637+00:00,"""{\""cardmarket_exact_candidates\"": [], \""snapshot_fingerprint\"": \""ef6df421e32f72f7bc446ea90a2f0105ac3399bc7e1305dd91e66b511d7f747f\""}""",MISMATCH,stored Cardmarket product conflicts with local printing,true,false,false,,,,,,,,CRITICAL,,,,CRITICAL,wrong_cardmarket_id,,"{""external_provenance"": [{""exact_language"": false, ""id"": 786307, ""metadata"": {""allowed_languages"": [""en"", ""jp"", ""zh-CN"", ""kr"", ""fr""]}, ""scope"": ""mixed""}, {""exact_language"": false, ""id"": 802864, ""metadata"": {""allowed_languages"": [""en"", ""jp"", ""zh-CN"", ""kr"", ""fr""]}, ""scope"": ""mixed""}], ""mismatch_reasons"": [""wrong_cardmarket_id""], ""scryfall_cardmarket_id"": null, ""stored_ids"": [786307, 802864], ""validated_stored_ids"": [786307, 802864]}",,,,
20306,one_piece,DON!!,OP-09-B,op09,OP-09: Emperors in the New World,jp,Blackbeard | Double Pack Set Vol.6,DON!!,,,4501,one_piece:OP-09-B,315226,315226,,804531,,,,,,,,,,,,,,,,,,,Low,,EUR,EUR,cardmarket,804531,,2026-08-28T15:00:15.994637+00:00,"""{\""reason\"": \""Cardmarket product is not exact-language\"", \""snapshot_fingerprint\"": \""8b09f0276072c98cfe5e8b41f9e37fbaa7e75a800eebaaea2529bba4e17b110f\""}""",MISMATCH,stored Cardmarket product conflicts with local printing,true,false,false,,,,,,,,CRITICAL,,,,CRITICAL,wrong_cardmarket_id,stale_price,"{""external_provenance"": [{""exact_language"": false, ""id"": 804531, ""metadata"": {""allowed_languages"": [""en"", ""jp"", ""zh-CN"", ""kr"", ""fr""]}, ""scope"": ""mixed""}], ""mismatch_reasons"": [""wrong_cardmarket_id""], ""scryfall_cardmarket_id"": null, ""stored_ids"": [804531], ""validated_stored_ids"": [804531]}",,,,
20307,one_piece,DON!!,OP-09-BGY,op09,OP-09: Emperors in the New World,jp,DP-06 | Buggy,DON!!,,,4502,one_piece:OP-09-BGY,315227,315227,,804530,,,,,,,,,,,,,,,,,,,Low,,EUR,EUR,cardmarket,804530,,2026-08-28T15:00:15.994637+00:00,"""{\""reason\"": \""Cardmarket product is not exact-language\"", \""snapshot_fingerprint\"": \""d773f8977d6e4118e28465d43dc376487c4d8988a26433301ea2a68b240ff45a\""}""",MISMATCH,stored Cardmarket product conflicts with local printing,true,false,false,,,,,,,,CRITICAL,,,,CRITICAL,wrong_cardmarket_id,stale_price,"{""external_provenance"": [{""exact_language"": false, ""id"": 804530, ""metadata"": {""allowed_languages"": [""en"", ""jp"", ""zh-CN"", ""kr"", ""fr""]}, ""scope"": ""mixed""}], ""mismatch_reasons"": [""wrong_cardmarket_id""], ""scryfall_cardmarket_id"": null, ""stored_ids"": [804530], ""validated_stored_ids"": [804530]}",,,,
20346,one_piece,Uta,ST11-001,st16,ST-16: Starter Deck Green Uta,jp,Base,Leader,,,2891,one_piece:ST11-001,305519,305519,,794639,,,,,,,,,,,,,,,,,,,Low,,EUR,EUR,cardmarket,794639,,2026-08-28T15:00:15.994637+00:00,"""{\""reason\"": \""Cardmarket product is not exact-language\"", \""snapshot_fingerprint\"": \""281e66e2457a5520e2b04acfe05f6325245dc6cf21c6e9497a1dfdc230435501\""}""",MISMATCH,stored Cardmarket product conflicts with local printing,true,false,false,,,,,,,,CRITICAL,,,,CRITICAL,wrong_cardmarket_id,stale_price,"{""external_provenance"": [{""exact_language"": false, ""id"": 794639, ""metadata"": {""allowed_languages"": [""en"", ""jp"", ""zh-CN"", ""kr"", ""fr""]}, ""scope"": ""mixed""}], ""mismatch_reasons"": [""wrong_cardmarket_id""], ""scryfall_cardmarket_id"": null, ""stored_ids"": [794639], ""validated_stored_ids"": [794639]}",,,,
20517,one_piece,Gedatsu,OP05-102-F,op-chp,Championships Promo,en,Championship 2024 | Finalist,Promo,,,4686,one_piece:OP05-102-F,295864,295864,,787535,,,,,,,,,,,,,,,,,,,Low,950.64,EUR,EUR,cardtrader,295864,low,2026-08-28T15:00:15.994637+00:00,"""{\""cardmarket_exact_candidates\"": [], \""snapshot_fingerprint\"": \""d21753704728b3cb84fec3ec373744e8e08be88bea6e3a33abb3e72c9b419901\""}""",MISMATCH,stored Cardmarket product conflicts with local printing,true,false,false,,,,,,,,CRITICAL,,,,CRITICAL,wrong_cardmarket_id,,"{""external_provenance"": [{""exact_language"": false, ""id"": 787535, ""metadata"": {""allowed_languages"": [""en"", ""fr""]}, ""scope"": ""mixed""}], ""mismatch_reasons"": [""wrong_cardmarket_id""], ""scryfall_cardmarket_id"": null, ""stored_ids"": [787535], ""validated_stored_ids"": [787535]}",,,,
20518,one_piece,Brook,OP06-092-F,op-chp,Championships Promo,en,Championship 2024 | Finalist,Promo,,,4687,one_piece:OP06-092-F,295866,295866,,787537,,,,,,,,,,,,,,,,,,,Low,2000.64,EUR,EUR,cardtrader,295866,low,2026-08-28T15:00:15.994637+00:00,"""{\""cardmarket_exact_candidates\"": [], \""snapshot_fingerprint\"": \""50d94368b0e2d176845f3022d1c36adf99abaf5349b8a4809d27d3e06ace7156\""}""",MISMATCH,stored Cardmarket product conflicts with local printing,true,false,false,,,,,,,,CRITICAL,,,,CRITICAL,wrong_cardmarket_id,,"{""external_provenance"": [{""exact_language"": false, ""id"": 787537, ""metadata"": {""allowed_languages"": [""en"", ""fr""]}, ""scope"": ""mixed""}], ""mismatch_reasons"": [""wrong_cardmarket_id""], ""scryfall_cardmarket_id"": null, ""stored_ids"": [787537], ""validated_stored_ids"": [787537]}",,,,
20519,one_piece,Sanji,OP07-064-F,op-chp,Championships Promo,en,Championship 2024 | Finalist,Promo,,,4688,one_piece:OP07-064-F,295867,295867,,787538,,,,,,,,,,,,,,,,,,,Low,1600.64,EUR,EUR,cardtrader,295867,low,2026-08-28T15:00:15.994637+00:00,"""{\""cardmarket_exact_candidates\"": [], \""snapshot_fingerprint\"": \""dbb5636fa634f9946c2f987274a7c6c1417e785a40643b7b267a9ab5058d177c\""}""",MISMATCH,stored Cardmarket product conflicts with local printing,true,false,false,,,,,,,,CRITICAL,,,,CRITICAL,wrong_cardmarket_id,,"{""external_provenance"": [{""exact_language"": false, ""id"": 787538, ""metadata"": {""allowed_languages"": [""en"", ""fr""]}, ""scope"": ""mixed""}], ""mismatch_reasons"": [""wrong_cardmarket_id""], ""scryfall_cardmarket_id"": null, ""stored_ids"": [787538], ""validated_stored_ids"": [787538]}",,,,
20520,one_piece,Drum Kingdom,OP08-020-F,op-chp,Championships Promo,en,Championship 2024 | Finalist,Promo,,,4689,one_piece:OP08-020-F,295868,295868,,787533,,,,,,,,,,,,,,,,,,,Low,2000.64,EUR,EUR,cardtrader,295868,low,2026-08-28T15:00:15.994637+00:00,"""{\""cardmarket_exact_candidates\"": [], \""snapshot_fingerprint\"": \""c0b136d77a26a274bb6c6d63d3d74a6f63253bcee872fb2006baf942b75ec90f\""}""",MISMATCH,stored Cardmarket product conflicts with local printing,true,false,false,,,,,,,,CRITICAL,,,,CRITICAL,wrong_cardmarket_id,,"{""external_provenance"": [{""exact_language"": false, ""id"": 787533, ""metadata"": {""allowed_languages"": [""en"", ""fr""]}, ""scope"": ""mixed""}], ""mismatch_reasons"": [""wrong_cardmarket_id""], ""scryfall_cardmarket_id"": null, ""stored_ids"": [787533], ""validated_stored_ids"": [787533]}",,,,
20521,one_piece,Trafalgar Law,ST03-008-F,op-chp,Championships Promo,en,Championship 2024 | Event Pack Finalist,Promo,,,4690,one_piece:ST03-008-F,295869,295869,,787518,,,,,,,,,,,,,,,,,,,Low,,EUR,EUR,cardmarket,787518,,2026-08-28T15:00:15.994637+00:00,"""{\""reason\"": \""Cardmarket product is not exact-language\"", \""snapshot_fingerprint\"": \""3f4e0fd5d378b8514e1392de8611c1ba4e594de0e3aece540bb2beb55afe0220\""}""",MISMATCH,stored Cardmarket product conflicts with local printing,true,false,false,,,,,,,,CRITICAL,,,,CRITICAL,wrong_cardmarket_id,stale_price,"{""external_provenance"": [{""exact_language"": false, ""id"": 787518, ""metadata"": {""allowed_languages"": [""en"", ""fr""]}, ""scope"": ""mixed""}], ""mismatch_reasons"": [""wrong_cardmarket_id""], ""scryfall_cardmarket_id"": null, ""stored_ids"": [787518], ""validated_stored_ids"": [787518]}",,,,
20522,one_piece,Monkey.D.Luffy,P-041C,op-chp,Championships Promo,en,Championship 2024,Promo,,,4692,one_piece:P-041C,295878,295878,,787461,,,,,,,,,,,,,,,,,,,Low,87.64,EUR,EUR,cardtrader,295878,high,2026-08-29T12:19:30.162830+00:00,"""{\""cardmarket_exact_candidates\"": [], \""snapshot_fingerprint\"": \""f9e2aa0ba2d19addb932ccaf79896c2077597a48b63ff59937ad95da2746e739\""}""",MISMATCH,stored Cardmarket product conflicts with local printing,true,false,false,,,,,,,,CRITICAL,,,,CRITICAL,wrong_cardmarket_id,,"{""external_provenance"": [{""exact_language"": false, ""id"": 787461, ""metadata"": {""allowed_languages"": [""en"", ""fr""]}, ""scope"": ""mixed""}], ""mismatch_reasons"": [""wrong_cardmarket_id""], ""scryfall_cardmarket_id"": null, ""stored_ids"": [787461], ""validated_stored_ids"": [787461]}",,,,
20528,one_piece,Monkey.D.Luffy,OP07-109-2ND,op-chp,Championships Promo,en,Championship 2024 | World Final 2nd Place Silver,Promo,,,4731,one_piece:OP07-109-2ND,337300,337300,,"829851,829854",,,,,,,,,,,,,,,,,,,Low,,EUR,EUR,cardmarket,"829851,829854",,2026-08-28T15:00:15.994637+00:00,"""{\""reason\"": \""Cardmarket product is not exact-language\"", \""snapshot_fingerprint\"": \""09e1b4a61f6108d1bf3d25ff4c8132075b1935e3624cf44134987774a18fec3b\""}""",MISMATCH,stored Cardmarket product conflicts with local printing,true,false,false,,,,,,,,CRITICAL,,,,CRITICAL,wrong_cardmarket_id,stale_price,"{""external_provenance"": [{""exact_language"": false, ""id"": 829851, ""metadata"": {""allowed_languages"": [""en"", ""jp"", ""zh-CN"", ""kr"", ""fr""]}, ""scope"": ""mixed""}, {""exact_language"": false, ""id"": 829854, ""metadata"": {""allowed_languages"": [""en"", ""jp"", ""zh-CN"", ""kr"", ""fr""]}, ""scope"": ""mixed""}], ""mismatch_reasons"": [""wrong_cardmarket_id""], ""scryfall_cardmarket_id"": null, ""stored_ids"": [829851, 829854], ""validated_stored_ids"": [829851, 829854]}",,,,
20529,one_piece,Monkey.D.Luffy,OP07-109-2ND,op-chp,Championships Promo,jp,Championship 2024 | World Final 2nd Place Silver,Promo,,,4731,one_piece:OP07-109-2ND,337300,337300,,"829851,829854",,,,,,,,,,,,,,,,,,,Low,,EUR,EUR,cardmarket,"829851,829854",,2026-08-28T15:00:15.994637+00:00,"""{\""reason\"": \""Cardmarket product is not exact-language\"", \""snapshot_fingerprint\"": \""12a4ef7e25738ff80620811700fd6fe8f45cf7c7fb439e6736f425de975b94fd\""}""",MISMATCH,stored Cardmarket product conflicts with local printing,true,false,false,,,,,,,,CRITICAL,,,,CRITICAL,wrong_cardmarket_id,stale_price,"{""external_provenance"": [{""exact_language"": false, ""id"": 829851, ""metadata"": {""allowed_languages"": [""en"", ""jp"", ""zh-CN"", ""kr"", ""fr""]}, ""scope"": ""mixed""}, {""exact_language"": false, ""id"": 829854, ""metadata"": {""allowed_languages"": [""en"", ""jp"", ""zh-CN"", ""kr"", ""fr""]}, ""scope"": ""mixed""}], ""mismatch_reasons"": [""wrong_cardmarket_id""], ""scryfall_cardmarket_id"": null, ""stored_ids"": [829851, 829854], ""validated_stored_ids"": [829851, 829854]}",,,,
20530,one_piece,Monkey.D.Luffy,OP07-109-1ST,op-chp,Championships Promo,en,Championship 2024 | World Final 1st Place Gold,Promo,,,4732,one_piece:OP07-109-1ST,337301,337301,,"829852,829855",,,,,,,,,,,,,,,,,,,Low,,EUR,EUR,cardmarket,"829852,829855",,2026-08-28T15:00:15.994637+00:00,"""{\""reason\"": \""Cardmarket product is not exact-language\"", \""snapshot_fingerprint\"": \""f9e362bf2d1bd31e8eb01a77f5ce0c25f49448eac621694fcc39ebf7fa152d6b\""}""",MISMATCH,stored Cardmarket product conflicts with local printing,true,false,false,,,,,,,,CRITICAL,,,,CRITICAL,wrong_cardmarket_id,stale_price,"{""external_provenance"": [{""exact_language"": false, ""id"": 829852, ""metadata"": {""allowed_languages"": [""en"", ""jp"", ""zh-CN"", ""kr"", ""fr""]}, ""scope"": ""mixed""}, {""exact_language"": false, ""id"": 829855, ""metadata"": {""allowed_languages"": [""en"", ""jp"", ""zh-CN"", ""kr"", ""fr""]}, ""scope"": ""mixed""}], ""mismatch_reasons"": [""wrong_cardmarket_id""], ""scryfall_cardmarket_id"": null, ""stored_ids"": [829852, 829855], ""validated_stored_ids"": [829852, 829855]}",,,,
20531,one_piece,Monkey.D.Luffy,OP07-109-1ST,op-chp,Championships Promo,jp,Championship 2024 | World Final 1st Place Gold,Promo,,,4732,one_piece:OP07-109-1ST,337301,337301,,"829852,829855",,,,,,,,,,,,,,,,,,,Low,,EUR,EUR,cardmarket,"829852,829855",,2026-08-28T15:00:15.994637+00:00,"""{\""reason\"": \""Cardmarket product is not exact-language\"", \""snapshot_fingerprint\"": \""f9a1f83d8d1dc7961f4698c9c4a212db80fcc1aa276cfc09c0183b0eb48aa7ab\""}""",MISMATCH,stored Cardmarket product conflicts with local printing,true,false,false,,,,,,,,CRITICAL,,,,CRITICAL,wrong_cardmarket_id,stale_price,"{""external_provenance"": [{""exact_language"": false, ""id"": 829852, ""metadata"": {""allowed_languages"": [""en"", ""jp"", ""zh-CN"", ""kr"", ""fr""]}, ""scope"": ""mixed""}, {""exact_language"": false, ""id"": 829855, ""metadata"": {""allowed_languages"": [""en"", ""jp"", ""zh-CN"", ""kr"", ""fr""]}, ""scope"": ""mixed""}], ""mismatch_reasons"": [""wrong_cardmarket_id""], ""scryfall_cardmarket_id"": null, ""stored_ids"": [829852, 829855], ""validated_stored_ids"": [829852, 829855]}",,,,
20534,one_piece,Kaido,ST04-003-2ND,op-chp,Championships Promo,en,Championship 2023 | World Final 2nd Place Silver,Promo,,,4740,one_piece:ST04-003-2ND,339161,339161,,752084,,,,,,,,,,,,,,,,,,,Low,,EUR,EUR,cardmarket,752084,,2026-08-28T15:00:15.994637+00:00,"""{\""reason\"": \""Cardmarket product is not exact-language\"", \""snapshot_fingerprint\"": \""bf1366436a4c33b53dfd93fd22347c9e071991936e1a465579564df42a98ce98\""}""",MISMATCH,stored Cardmarket product conflicts with local printing,true,false,false,,,,,,,,CRITICAL,,,,CRITICAL,wrong_cardmarket_id,stale_price,"{""external_provenance"": [{""exact_language"": false, ""id"": 752084, ""metadata"": {""allowed_languages"": [""en"", ""fr""]}, ""scope"": ""mixed""}], ""mismatch_reasons"": [""wrong_cardmarket_id""], ""scryfall_cardmarket_id"": null, ""stored_ids"": [752084], ""validated_stored_ids"": [752084]}",,,,
20535,one_piece,Kaido,ST04-003-1ST,op-chp,Championships Promo,en,Championship 2024 | World Final 1st Place Gold,Promo,,,4741,one_piece:ST04-003-1ST,339162,339162,,752085,,,,,,,,,,,,,,,,,,,Low,,EUR,EUR,cardmarket,752085,,2026-08-28T15:00:15.994637+00:00,"""{\""reason\"": \""Cardmarket product is not exact-language\"", \""snapshot_fingerprint\"": \""dab98c27075d56f08e7eff5a696a0eba03594c3b36928455343f2b61af652157\""}""",MISMATCH,stored Cardmarket product conflicts with local printing,true,false,false,,,,,,,,CRITICAL,,,,CRITICAL,wrong_cardmarket_id,stale_price,"{""external_provenance"": [{""exact_language"": false, ""id"": 752085, ""metadata"": {""allowed_languages"": [""en"", ""fr""]}, ""scope"": ""mixed""}], ""mismatch_reasons"": [""wrong_cardmarket_id""], ""scryfall_cardmarket_id"": null, ""stored_ids"": [752085], ""validated_stored_ids"": [752085]}",,,,
20536,one_piece,Perona,OP01-077P2,op-chp,Championships Promo,en,Championship 2024 | Finalist Card Set Vol. 2,Promo,,,4742,one_piece:OP01-077P2,339169,339169,,805329,,,,,,,,,,,,,,,,,,,Low,,EUR,EUR,cardmarket,805329,,2026-08-28T15:00:15.994637+00:00,"""{\""reason\"": \""Cardmarket product is not exact-language\"", \""snapshot_fingerprint\"": \""a247efd68aa37f44012c07e114cf3802364d93dab82e411ecda29fa00972594f\""}""",MISMATCH,stored Cardmarket product conflicts with local printing,true,false,false,,,,,,,,CRITICAL,,,,CRITICAL,wrong_cardmarket_id,stale_price,"{""external_provenance"": [{""exact_language"": false, ""id"": 805329, ""metadata"": {""allowed_languages"": [""en"", ""fr""]}, ""scope"": ""mixed""}], ""mismatch_reasons"": [""wrong_cardmarket_id""], ""scryfall_cardmarket_id"": null, ""stored_ids"": [805329], ""validated_stored_ids"": [805329]}",,,,
20537,one_piece,Perona,OP01-077P1,op-chp,Championships Promo,en,Championship 2024 | Top Player Pack Vol.2,Promo,,,4743,one_piece:OP01-077P1,339171,339171,,805328,,,,,,,,,,,,,,,,,,,Low,,EUR,EUR,cardmarket,805328,,2026-08-28T15:00:15.994637+00:00,"""{\""reason\"": \""Cardmarket product is not exact-language\"", \""snapshot_fingerprint\"": \""2362c1e5add25b4d6eccd7ba24223654a3382bb4e79ce583bb5ad1bd9d991ae4\""}""",MISMATCH,stored Cardmarket product conflicts with local printing,true,false,false,,,,,,,,CRITICAL,,,,CRITICAL,wrong_cardmarket_id,stale_price,"{""external_provenance"": [{""exact_language"": false, ""id"": 805328, ""metadata"": {""allowed_languages"": [""en"", ""fr""]}, ""scope"": ""mixed""}], ""mismatch_reasons"": [""wrong_cardmarket_id""], ""scryfall_cardmarket_id"": null, ""stored_ids"": [805328], ""validated_stored_ids"": [805328]}",,,,
20538,one_piece,Brook,OP06-092P2,op-chp,Championships Promo,en,Championship 2024 | Finalist Card Set Vol. 2,Promo,,,4744,one_piece:OP06-092P2,339175,339175,,805341,,,,,,,,,,,,,,,,,,,Low,,EUR,EUR,cardmarket,805341,,2026-08-28T15:00:15.994637+00:00,"""{\""reason\"": \""Cardmarket product is not exact-language\"", \""snapshot_fingerprint\"": \""c5f51830574897aa8eaa55c5ee4fc69f095e86915ababb2d48e48c98a724f5f5\""}""",MISMATCH,stored Cardmarket product conflicts with local printing,true,false,false,,,,,,,,CRITICAL,,,,CRITICAL,wrong_cardmarket_id,stale_price,"{""external_provenance"": [{""exact_language"": false, ""id"": 805341, ""metadata"": {""allowed_languages"": [""en"", ""fr""]}, ""scope"": ""mixed""}], ""mismatch_reasons"": [""wrong_cardmarket_id""], ""scryfall_cardmarket_id"": null, ""stored_ids"": [805341], ""validated_stored_ids"": [805341]}",,,,
20539,one_piece,Brook,OP06-092P1,op-chp,Championships Promo,en,Championship 2024 | Top Player Pack Vol.2,Promo,,,4745,one_piece:OP06-092P1,339177,339177,,805340,,,,,,,,,,,,,,,,,,,Low,,EUR,EUR,cardmarket,805340,,2026-08-28T15:00:15.994637+00:00,"""{\""reason\"": \""Cardmarket product is not exact-language\"", \""snapshot_fingerprint\"": \""5783f6b5a279b50a4070ba5fb65e56d3294b964e9dcab0010f17ff41b78f4ad8\""}""",MISMATCH,stored Cardmarket product conflicts with local printing,true,false,false,,,,,,,,CRITICAL,,,,CRITICAL,wrong_cardmarket_id,stale_price,"{""external_provenance"": [{""exact_language"": false, ""id"": 805340, ""metadata"": {""allowed_languages"": [""en"", ""fr""]}, ""scope"": ""mixed""}], ""mismatch_reasons"": [""wrong_cardmarket_id""], ""scryfall_cardmarket_id"": null, ""stored_ids"": [805340], ""validated_stored_ids"": [805340]}",,,,
20540,one_piece,Brook,OP06-092P3,op-chp,Championships Promo,en,Championship 2024 | Winner Pack Dec-Jan,Promo,,,4746,one_piece:OP06-092P3,339179,339179,,805343,,,,,,,,,,,,,,,,,,,Low,,EUR,EUR,cardmarket,805343,,2026-08-28T15:00:15.994637+00:00,"""{\""reason\"": \""Cardmarket product is not exact-language\"", \""snapshot_fingerprint\"": \""9b8e4e83f0e3475dd69b37d2855803fd37425b388bbb0ad69d6a750417389cda\""}""",MISMATCH,stored Cardmarket product conflicts with local printing,true,false,false,,,,,,,,CRITICAL,,,,CRITICAL,wrong_cardmarket_id,stale_price,"{""external_provenance"": [{""exact_language"": false, ""id"": 805343, ""metadata"": {""allowed_languages"": [""en"", ""fr""]}, ""scope"": ""mixed""}], ""mismatch_reasons"": [""wrong_cardmarket_id""], ""scryfall_cardmarket_id"": null, ""stored_ids"": [805343], ""validated_stored_ids"": [805343]}",,,,
20541,one_piece,Gedatsu,OP05-102P2,op-chp,Championships Promo,en,Championship 2024 | Finalist Card Set Vol. 2,Promo,,,4747,one_piece:OP05-102P2,339184,339184,,805333,,,,,,,,,,,,,,,,,,,Low,,EUR,EUR,cardmarket,805333,,2026-08-28T15:00:15.994637+00:00,"""{\""reason\"": \""Cardmarket product is not exact-language\"", \""snapshot_fingerprint\"": \""29c185c7d61699e638ea4d3e6833f6fc813bc591fbe6759416de1b0af31e7ccc\""}""",MISMATCH,stored Cardmarket product conflicts with local printing,true,false,false,,,,,,,,CRITICAL,,,,CRITICAL,wrong_cardmarket_id,stale_price,"{""external_provenance"": [{""exact_language"": false, ""id"": 805333, ""metadata"": {""allowed_languages"": [""en"", ""fr""]}, ""scope"": ""mixed""}], ""mismatch_reasons"": [""wrong_cardmarket_id""], ""scryfall_cardmarket_id"": null, ""stored_ids"": [805333], ""validated_stored_ids"": [805333]}",,,,
20542,one_piece,Gedatsu,OP05-102P1,op-chp,Championships Promo,en,Championship 2024 | Top Player Pack Vol.2,Promo,,,4748,one_piece:OP05-102P1,339186,339186,,805332,,,,,,,,,,,,,,,,,,,Low,,EUR,EUR,cardmarket,805332,,2026-08-28T15:00:15.994637+00:00,"""{\""reason\"": \""Cardmarket product is not exact-language\"", \""snapshot_fingerprint\"": \""18a202935ee67c99dd3ba67c5bfcae28868a7f955337215926be7d1316884d3c\""}""",MISMATCH,stored Cardmarket product conflicts with local printing,true,false,false,,,,,,,,CRITICAL,,,,CRITICAL,wrong_cardmarket_id,stale_price,"{""external_provenance"": [{""exact_language"": false, ""id"": 805332, ""metadata"": {""allowed_languages"": [""en"", ""fr""]}, ""scope"": ""mixed""}], ""mismatch_reasons"": [""wrong_cardmarket_id""], ""scryfall_cardmarket_id"": null, ""stored_ids"": [805332], ""validated_stored_ids"": [805332]}",,,,
20543,one_piece,Gedatsu,OP05-102P3,op-chp,Championships Promo,en,Championship 2024 | Winner Pack Dec-Jan,Promo,,,4749,one_piece:OP05-102P3,339189,339189,,805335,,,,,,,,,,,,,,,,,,,Low,,EUR,EUR,cardmarket,805335,,2026-08-28T15:00:15.994637+00:00,"""{\""reason\"": \""Cardmarket product is not exact-language\"", \""snapshot_fingerprint\"": \""59a55294fc8edbc7c9f96909e7eb9977d1c04ba16f3cfb89e350d35d95613870\""}""",MISMATCH,stored Cardmarket product conflicts with local printing,true,false,false,,,,,,,,CRITICAL,,,,CRITICAL,wrong_cardmarket_id,stale_price,"{""external_provenance"": [{""exact_language"": false, ""id"": 805335, ""metadata"": {""allowed_languages"": [""en"", ""fr""]}, ""scope"": ""mixed""}], ""mismatch_reasons"": [""wrong_cardmarket_id""], ""scryfall_cardmarket_id"": null, ""stored_ids"": [805335], ""validated_stored_ids"": [805335]}",,,,
20544,one_piece,Camie,OP06-025W,op-chp,Championships Promo,en,Championship 2024 | Winner,Promo,,,4750,one_piece:OP06-025W,339217,339217,,805338,,,,,,,,,,,,,,,,,,,Low,,EUR,EUR,cardmarket,805338,,2026-08-28T15:00:15.994637+00:00,"""{\""reason\"": \""Cardmarket product is not exact-language\"", \""snapshot_fingerprint\"": \""b3d8afa2139219a06ba36157e4053511ad3fd9f3ae195679a5652d109afe7cf5\""}""",MISMATCH,stored Cardmarket product conflicts with local printing,true,false,false,,,,,,,,CRITICAL,,,,CRITICAL,wrong_cardmarket_id,stale_price,"{""external_provenance"": [{""exact_language"": false, ""id"": 805338, ""metadata"": {""allowed_languages"": [""en"", ""fr""]}, ""scope"": ""mixed""}], ""mismatch_reasons"": [""wrong_cardmarket_id""], ""scryfall_cardmarket_id"": null, ""stored_ids"": [805338], ""validated_stored_ids"": [805338]}",,,,
20545,one_piece,Camie,OP06-025P2,op-chp,Championships Promo,en,Championship 2024 | Finalist Card Set Vol. 2,Promo,,,4751,one_piece:OP06-025P2,339220,339220,,805337,,,,,,,,,,,,,,,,,,,Low,,EUR,EUR,cardmarket,805337,,2026-08-28T15:00:15.994637+00:00,"""{\""reason\"": \""Cardmarket product is not exact-language\"", \""snapshot_fingerprint\"": \""ff0769eba96ff501a35734d9b3eba6f9f403af098eb0c374475aaee4a0b84cea\""}""",MISMATCH,stored Cardmarket product conflicts with local printing,true,false,false,,,,,,,,CRITICAL,,,,CRITICAL,wrong_cardmarket_id,stale_price,"{""external_provenance"": [{""exact_language"": false, ""id"": 805337, ""metadata"": {""allowed_languages"": [""en"", ""fr""]}, ""scope"": ""mixed""}], ""mismatch_reasons"": [""wrong_cardmarket_id""], ""scryfall_cardmarket_id"": null, ""stored_ids"": [805337], ""validated_stored_ids"": [805337]}",,,,
20546,one_piece,Camie,OP06-025P1,op-chp,Championships Promo,en,Championship 2024 | Top Player Pack Vol.2,Promo,,,4752,one_piece:OP06-025P1,339223,339223,,805336,,,,,,,,,,,,,,,,,,,Low,,EUR,EUR,cardmarket,805336,,2026-08-28T15:00:15.994637+00:00,"""{\""reason\"": \""Cardmarket product is not exact-language\"", \""snapshot_fingerprint\"": \""18e4d91517ec9a0c23193534186b2fa06dee0a6f04e32bf131bb029bc0910667\""}""",MISMATCH,stored Cardmarket product conflicts with local printing,true,false,false,,,,,,,,CRITICAL,,,,CRITICAL,wrong_cardmarket_id,stale_price,"{""external_provenance"": [{""exact_language"": false, ""id"": 805336, ""metadata"": {""allowed_languages"": [""en"", ""fr""]}, ""scope"": ""mixed""}], ""mismatch_reasons"": [""wrong_cardmarket_id""], ""scryfall_cardmarket_id"": null, ""stored_ids"": [805336], ""validated_stored_ids"": [805336]}",,,,
20547,one_piece,Camie,OP06-025P3,op-chp,Championships Promo,en,Championship 2024 | Winner Pack Dec-Jan,Promo,,,4753,one_piece:OP06-025P3,339225,339225,,805339,,,,,,,,,,,,,,,,,,,Low,,EUR,EUR,cardmarket,805339,,2026-08-28T15:00:15.994637+00:00,"""{\""reason\"": \""Cardmarket product is not exact-language\"", \""snapshot_fingerprint\"": \""bf72d1d2f6bc16e1f52766a8b4efd5cd8f914c72b58c48992f28ff80d10dc10d\""}""",MISMATCH,stored Cardmarket product conflicts with local printing,true,false,false,,,,,,,,CRITICAL,,,,CRITICAL,wrong_cardmarket_id,stale_price,"{""external_provenance"": [{""exact_language"": false, ""id"": 805339, ""metadata"": {""allowed_languages"": [""en"", ""fr""]}, ""scope"": ""mixed""}], ""mismatch_reasons"": [""wrong_cardmarket_id""], ""scryfall_cardmarket_id"": null, ""stored_ids"": [805339], ""validated_stored_ids"": [805339]}",,,,
20548,one_piece,Sanji,OP07-064-W,op-chp,Championships Promo,en,Championship 2024 | Winner,Promo,,,4754,one_piece:OP07-064-W,339242,339242,,805346,,,,,,,,,,,,,,,,,,,Low,,EUR,EUR,cardmarket,805346,,2026-08-28T15:00:15.994637+00:00,"""{\""reason\"": \""Cardmarket product is not exact-language\"", \""snapshot_fingerprint\"": \""7bf2ffa5e653b361802f267135c1c6ee27523da4a53655be3792d5ea32d8a26b\""}""",MISMATCH,stored Cardmarket product conflicts with local printing,true,false,false,,,,,,,,CRITICAL,,,,CRITICAL,wrong_cardmarket_id,stale_price,"{""external_provenance"": [{""exact_language"": false, ""id"": 805346, ""metadata"": {""allowed_languages"": [""en"", ""fr""]}, ""scope"": ""mixed""}], ""mismatch_reasons"": [""wrong_cardmarket_id""], ""scryfall_cardmarket_id"": null, ""stored_ids"": [805346], ""validated_stored_ids"": [805346]}",,,,
20549,one_piece,Sanji,OP07-064P2,op-chp,Championships Promo,en,Championship 2024 | Finalist Card Set Vol. 2,Promo,,,4755,one_piece:OP07-064P2,339245,339245,,805345,,,,,,,,,,,,,,,,,,,Low,,EUR,EUR,cardmarket,805345,,2026-08-28T15:00:15.994637+00:00,"""{\""reason\"": \""Cardmarket product is not exact-language\"", \""snapshot_fingerprint\"": \""1b8ce3a2af2c753ce83cc56bef258653a4db7ea5df0dec91a54b1f1d34257ca5\""}""",MISMATCH,stored Cardmarket product conflicts with local printing,true,false,false,,,,,,,,CRITICAL,,,,CRITICAL,wrong_cardmarket_id,stale_price,"{""external_provenance"": [{""exact_language"": false, ""id"": 805345, ""metadata"": {""allowed_languages"": [""en"", ""fr""]}, ""scope"": ""mixed""}], ""mismatch_reasons"": [""wrong_cardmarket_id""], ""scryfall_cardmarket_id"": null, ""stored_ids"": [805345], ""validated_stored_ids"": [805345]}",,,,
20550,one_piece,Sanji,OP07-064P1,op-chp,Championships Promo,en,Championship 2024 | Top Player Pack Vol.2,Promo,,,4756,one_piece:OP07-064P1,339247,339247,,805344,,,,,,,,,,,,,,,,,,,Low,,EUR,EUR,cardmarket,805344,,2026-08-28T15:00:15.994637+00:00,"""{\""reason\"": \""Cardmarket product is not exact-language\"", \""snapshot_fingerprint\"": \""8c4e6be53730f260bc04bb63e40280e709f1983c02b7b43c44471ae46abc36d2\""}""",MISMATCH,stored Cardmarket product conflicts with local printing,true,false,false,,,,,,,,CRITICAL,,,,CRITICAL,wrong_cardmarket_id,stale_price,"{""external_provenance"": [{""exact_language"": false, ""id"": 805344, ""metadata"": {""allowed_languages"": [""en"", ""fr""]}, ""scope"": ""mixed""}], ""mismatch_reasons"": [""wrong_cardmarket_id""], ""scryfall_cardmarket_id"": null, ""stored_ids"": [805344], ""validated_stored_ids"": [805344]}",,,,
20551,one_piece,Sanji,OP07-064P3,op-chp,Championships Promo,en,Championship 2024 | Winner Pack Dec-Jan,Promo,,,4757,one_piece:OP07-064P3,339249,339249,,805347,,,,,,,,,,,,,,,,,,,Low,,EUR,EUR,cardmarket,805347,,2026-08-28T15:00:15.994637+00:00,"""{\""reason\"": \""Cardmarket product is not exact-language\"", \""snapshot_fingerprint\"": \""927eefa0d4300cd65c6646a7a5724a1bf3cd9b58e1589123eb636802dbbdc78f\""}""",MISMATCH,stored Cardmarket product conflicts with local printing,true,false,false,,,,,,,,CRITICAL,,,,CRITICAL,wrong_cardmarket_id,stale_price,"{""external_provenance"": [{""exact_language"": false, ""id"": 805347, ""metadata"": {""allowed_languages"": [""en"", ""fr""]}, ""scope"": ""mixed""}], ""mismatch_reasons"": [""wrong_cardmarket_id""], ""scryfall_cardmarket_id"": null, ""stored_ids"": [805347], ""validated_stored_ids"": [805347]}",,,,
20552,one_piece,Drum Kingdom,OP08-020-W,op-chp,Championships Promo,en,Championship 2024 | Winner,Promo,,,4758,one_piece:OP08-020-W,339254,339254,,805350,,,,,,,,,,,,,,,,,,,Low,,EUR,EUR,cardmarket,805350,,2026-08-28T15:00:15.994637+00:00,"""{\""reason\"": \""Cardmarket product is not exact-language\"", \""snapshot_fingerprint\"": \""c62c7450e7f7c854aeb65e08a508406fd3a8726895e922ea893d4d47f71d7007\""}""",MISMATCH,stored Cardmarket product conflicts with local printing,true,false,false,,,,,,,,CRITICAL,,,,CRITICAL,wrong_cardmarket_id,stale_price,"{""external_provenance"": [{""exact_language"": false, ""id"": 805350, ""metadata"": {""allowed_languages"": [""en"", ""fr""]}, ""scope"": ""mixed""}], ""mismatch_reasons"": [""wrong_cardmarket_id""], ""scryfall_cardmarket_id"": null, ""stored_ids"": [805350], ""validated_stored_ids"": [805350]}",,,,
20553,one_piece,Drum Kingdom,OP08-020P2,op-chp,Championships Promo,en,Championship 2024 | Finalist Card Set Vol. 2,Promo,,,4759,one_piece:OP08-020P2,339255,339255,,805349,,,,,,,,,,,,,,,,,,,Low,,EUR,EUR,cardmarket,805349,,2026-08-28T15:00:15.994637+00:00,"""{\""reason\"": \""Cardmarket product is not exact-language\"", \""snapshot_fingerprint\"": \""b49863ab96b6c742eaedc771862ed4dd1939f255a28eae5906f91f57ab1a8128\""}""",MISMATCH,stored Cardmarket product conflicts with local printing,true,false,false,,,,,,,,CRITICAL,,,,CRITICAL,wrong_cardmarket_id,stale_price,"{""external_provenance"": [{""exact_language"": false, ""id"": 805349, ""metadata"": {""allowed_languages"": [""en"", ""fr""]}, ""scope"": ""mixed""}], ""mismatch_reasons"": [""wrong_cardmarket_id""], ""scryfall_cardmarket_id"": null, ""stored_ids"": [805349], ""validated_stored_ids"": [805349]}",,,,
20554,one_piece,Drum Kingdom,OP08-020P1,op-chp,Championships Promo,en,Championship 2024 | Top Player Pack Vol.2,Promo,,,4760,one_piece:OP08-020P1,339256,339256,,805348,,,,,,,,,,,,,,,,,,,Low,,EUR,EUR,cardmarket,805348,,2026-08-28T15:00:15.994637+00:00,"""{\""reason\"": \""Cardmarket product is not exact-language\"", \""snapshot_fingerprint\"": \""3b085d47ffdd131b28a2778593646bc75c6a37ae10ed23c5aa8b432d364a9132\""}""",MISMATCH,stored Cardmarket product conflicts with local printing,true,false,false,,,,,,,,CRITICAL,,,,CRITICAL,wrong_cardmarket_id,stale_price,"{""external_provenance"": [{""exact_language"": false, ""id"": 805348, ""metadata"": {""allowed_languages"": [""en"", ""fr""]}, ""scope"": ""mixed""}], ""mismatch_reasons"": [""wrong_cardmarket_id""], ""scryfall_cardmarket_id"": null, ""stored_ids"": [805348], ""validated_stored_ids"": [805348]}",,,,
20555,one_piece,Drum Kingdom,OP08-020P3,op-chp,Championships Promo,en,Championship 2024 | Winner Pack Dec-Jan,Promo,,,4761,one_piece:OP08-020P3,339257,339257,,805351,,,,,,,,,,,,,,,,,,,Low,,EUR,EUR,cardmarket,805351,,2026-08-28T15:00:15.994637+00:00,"""{\""reason\"": \""Cardmarket product is not exact-language\"", \""snapshot_fingerprint\"": \""6116fca27f7b3f473d0bfdfb9703862ac607c240574da281a7741783b72f5490\""}""",MISMATCH,stored Cardmarket product conflicts with local printing,true,false,false,,,,,,,,CRITICAL,,,,CRITICAL,wrong_cardmarket_id,stale_price,"{""external_provenance"": [{""exact_language"": false, ""id"": 805351, ""metadata"": {""allowed_languages"": [""en"", ""fr""]}, ""scope"": ""mixed""}], ""mismatch_reasons"": [""wrong_cardmarket_id""], ""scryfall_cardmarket_id"": null, ""stored_ids"": [805351], ""validated_stored_ids"": [805351]}",,,,
20556,one_piece,Brook,OP06-092-W,op-chp,Championships Promo,en,Championship 2024 | Winner,Promo,,,4762,one_piece:OP06-092-W,339258,339258,,805342,,,,,,,,,,,,,,,,,,,Low,,EUR,EUR,cardmarket,805342,,2026-08-28T15:00:15.994637+00:00,"""{\""reason\"": \""Cardmarket product is not exact-language\"", \""snapshot_fingerprint\"": \""eb74c51bce3b9afb25477d461abb1b979084f3e743b35fd3ff5a4cd4b47afa2b\""}""",MISMATCH,stored Cardmarket product conflicts with local printing,true,false,false,,,,,,,,CRITICAL,,,,CRITICAL,wrong_cardmarket_id,stale_price,"{""external_provenance"": [{""exact_language"": false, ""id"": 805342, ""metadata"": {""allowed_languages"": [""en"", ""fr""]}, ""scope"": ""mixed""}], ""mismatch_reasons"": [""wrong_cardmarket_id""], ""scryfall_cardmarket_id"": null, ""stored_ids"": [805342], ""validated_stored_ids"": [805342]}",,,,
20557,one_piece,Gedatsu,OP05-102-W,op-chp,Championships Promo,en,Championship 2024 | Winner,Promo,,,4763,one_piece:OP05-102-W,339259,339259,,805334,,,,,,,,,,,,,,,,,,,Low,,EUR,EUR,cardmarket,805334,,2026-08-28T15:00:15.994637+00:00,"""{\""reason\"": \""Cardmarket product is not exact-language\"", \""snapshot_fingerprint\"": \""ea162d738a7ae693c033bb5ad18fb6b486bb7cae41dd73b306ca2b889b8de6cd\""}""",MISMATCH,stored Cardmarket product conflicts with local printing,true,false,false,,,,,,,,CRITICAL,,,,CRITICAL,wrong_cardmarket_id,stale_price,"{""external_provenance"": [{""exact_language"": false, ""id"": 805334, ""metadata"": {""allowed_languages"": [""en"", ""fr""]}, ""scope"": ""mixed""}], ""mismatch_reasons"": [""wrong_cardmarket_id""], ""scryfall_cardmarket_id"": null, ""stored_ids"": [805334], ""validated_stored_ids"": [805334]}",,,,
20558,one_piece,Perona,OP01-077P3,op-chp,Championships Promo,en,Championship 2024 | Winner Pack Dec-Jan,Promo,,,4764,one_piece:OP01-077P3,339260,339260,,805331,,,,,,,,,,,,,,,,,,,Low,,EUR,EUR,cardmarket,805331,,2026-08-28T15:00:15.994637+00:00,"""{\""reason\"": \""Cardmarket product is not exact-language\"", \""snapshot_fingerprint\"": \""542e0dd523008ac3dc03ada3a4b63c4f754608a0320e608f354df54f119b0799\""}""",MISMATCH,stored Cardmarket product conflicts with local printing,true,false,false,,,,,,,,CRITICAL,,,,CRITICAL,wrong_cardmarket_id,stale_price,"{""external_provenance"": [{""exact_language"": false, ""id"": 805331, ""metadata"": {""allowed_languages"": [""en"", ""fr""]}, ""scope"": ""mixed""}], ""mismatch_reasons"": [""wrong_cardmarket_id""], ""scryfall_cardmarket_id"": null, ""stored_ids"": [805331], ""validated_stored_ids"": [805331]}",,,,
20559,one_piece,Perona,OP01-077-W,op-chp,Championships Promo,en,Championship 2024 | Winner,Promo,,,4765,one_piece:OP01-077-W,339261,339261,,805330,,,,,,,,,,,,,,,,,,,Low,,EUR,EUR,cardmarket,805330,,2026-08-28T15:00:15.994637+00:00,"""{\""reason\"": \""Cardmarket product is not exact-language\"", \""snapshot_fingerprint\"": \""53441d80d8fe629b9dd034ade9eec613fc41dd8f161370be1ba20d32f5f88ccd\""}""",MISMATCH,stored Cardmarket product conflicts with local printing,true,false,false,,,,,,,,CRITICAL,,,,CRITICAL,wrong_cardmarket_id,stale_price,"{""external_provenance"": [{""exact_language"": false, ""id"": 805330, ""metadata"": {""allowed_languages"": [""en"", ""fr""]}, ""scope"": ""mixed""}], ""mismatch_reasons"": [""wrong_cardmarket_id""], ""scryfall_cardmarket_id"": null, ""stored_ids"": [805330], ""validated_stored_ids"": [805330]}",,,,
20565,one_piece,O-Nami,OP06-101,op-chp,Championships Promo,en,Gold Text | Championship 25-26 | Event Pack,Promo,,,735,one_piece:OP06-101,340664,340664,,842352,,,,,,,,,,,,,,,,,,,Low,299.64,EUR,EUR,cardtrader,340664,high,2026-08-29T12:19:30.162830+00:00,"""{\""cardmarket_exact_candidates\"": [], \""snapshot_fingerprint\"": \""3e3081bd40ec40ff61a7c951b10168d43b57bbe6b7c35fa1cde99b714f848320\""}""",MISMATCH,stored Cardmarket product conflicts with local printing,true,false,false,,,,,,,,CRITICAL,,,,CRITICAL,wrong_cardmarket_id,,"{""external_provenance"": [{""exact_language"": false, ""id"": 842352, ""metadata"": {""allowed_languages"": [""en"", ""fr""]}, ""scope"": ""mixed""}], ""mismatch_reasons"": [""wrong_cardmarket_id""], ""scryfall_cardmarket_id"": null, ""stored_ids"": [842352], ""validated_stored_ids"": [842352]}",,,,
20577,one_piece,O-Nami,OP06-101,op-chp,Championships Promo,en,Championship 25-26 | Event Pack Finalist,Promo,,,735,one_piece:OP06-101,345996,345996,,842353,,,,,,,,,,,,,,,,,,,Low,,EUR,EUR,cardmarket,842353,,2026-08-28T15:00:15.994637+00:00,"""{\""reason\"": \""Cardmarket product is not exact-language\"", \""snapshot_fingerprint\"": \""846b4dea3b4ba493e31f11020244d38b581cf97fdcc781b2eade480b71333bd4\""}""",MISMATCH,stored Cardmarket product conflicts with local printing,true,false,false,,,,,,,,CRITICAL,,,,CRITICAL,wrong_cardmarket_id,stale_price,"{""external_provenance"": [{""exact_language"": false, ""id"": 842353, ""metadata"": {""allowed_languages"": [""en"", ""fr""]}, ""scope"": ""mixed""}], ""mismatch_reasons"": [""wrong_cardmarket_id""], ""scryfall_cardmarket_id"": null, ""stored_ids"": [842353], ""validated_stored_ids"": [842353]}",,,,
20584,one_piece,Vinsmoke Sora,OP06-063F,op-chp,Championships Promo,en,CS 25-26 Finalist Card Set 2,Promo,,,4819,one_piece:OP06-063F,364798,364798,,864287,,,,,,,,,,,,,,,,,,,Low,250.54,EUR,EUR,cardtrader,364798,low,2026-08-29T12:19:30.162830+00:00,"""{\""cardmarket_exact_candidates\"": [], \""snapshot_fingerprint\"": \""3344e9f43a9558234e855919047bd0c0a64438f1897da96944ff1957d1aa36f5\""}""",MISMATCH,stored Cardmarket product conflicts with local printing,true,false,false,,,,,,,,CRITICAL,,,,CRITICAL,wrong_cardmarket_id,,"{""external_provenance"": [{""exact_language"": false, ""id"": 864287, ""metadata"": {""allowed_languages"": [""en"", ""fr""]}, ""scope"": ""mixed""}], ""mismatch_reasons"": [""wrong_cardmarket_id""], ""scryfall_cardmarket_id"": null, ""stored_ids"": [864287], ""validated_stored_ids"": [864287]}",,,,
20585,one_piece,Vinsmoke Sora,OP06-063W,op-chp,Championships Promo,en,CS 25-26 Winner Card Set 2,Promo,,,4820,one_piece:OP06-063W,364799,364799,,864288,,,,,,,,,,,,,,,,,,,Low,,EUR,EUR,cardmarket,864288,,2026-08-28T15:00:15.994637+00:00,"""{\""reason\"": \""Cardmarket product is not exact-language\"", \""snapshot_fingerprint\"": \""81bcbae80803fdc4561b046e448f8f9f02b7aeaf2aaa6d5a91edc475c0ed68c0\""}""",MISMATCH,stored Cardmarket product conflicts with local printing,true,false,false,,,,,,,,CRITICAL,,,,CRITICAL,wrong_cardmarket_id,stale_price,"{""external_provenance"": [{""exact_language"": false, ""id"": 864288, ""metadata"": {""allowed_languages"": [""en"", ""fr""]}, ""scope"": ""mixed""}], ""mismatch_reasons"": [""wrong_cardmarket_id""], ""scryfall_cardmarket_id"": null, ""stored_ids"": [864288], ""validated_stored_ids"": [864288]}",,,,
20586,one_piece,Alvida,OP09-043F,op-chp,Championships Promo,en,Finalist | CS 25-26 Finalist Card Set 2,Promo,,,4822,one_piece:OP09-043F,364801,364801,,864290,,,,,,,,,,,,,,,,,,,Low,250.54,EUR,EUR,cardtrader,364801,low,2026-08-29T12:19:30.162830+00:00,"""{\""cardmarket_exact_candidates\"": [], \""snapshot_fingerprint\"": \""17f709a903715a0231b8482ce31ba8c1f7669aff85462decc0634362065ea681\""}""",MISMATCH,stored Cardmarket product conflicts with local printing,true,false,false,,,,,,,,CRITICAL,,,,CRITICAL,wrong_cardmarket_id,,"{""external_provenance"": [{""exact_language"": false, ""id"": 864290, ""metadata"": {""allowed_languages"": [""en"", ""fr""]}, ""scope"": ""mixed""}], ""mismatch_reasons"": [""wrong_cardmarket_id""], ""scryfall_cardmarket_id"": null, ""stored_ids"": [864290], ""validated_stored_ids"": [864290]}",,,,
20587,one_piece,Alvida,OP09-043W,op-chp,Championships Promo,en,Champion | CS 25-26 Winner Card Set 2,Promo,,,4823,one_piece:OP09-043W,364802,364802,,864291,,,,,,,,,,,,,,,,,,,Low,,EUR,EUR,cardmarket,864291,,2026-08-28T15:00:15.994637+00:00,"""{\""reason\"": \""Cardmarket product is not exact-language\"", \""snapshot_fingerprint\"": \""b39e80f54cd6c4838cdf4e3da58f577a9b771ed1d2f563b7f5c4540a51f958a0\""}""",MISMATCH,stored Cardmarket product conflicts with local printing,true,false,false,,,,,,,,CRITICAL,,,,CRITICAL,wrong_cardmarket_id,stale_price,"{""external_provenance"": [{""exact_language"": false, ""id"": 864291, ""metadata"": {""allowed_languages"": [""en"", ""fr""]}, ""scope"": ""mixed""}], ""mismatch_reasons"": [""wrong_cardmarket_id""], ""scryfall_cardmarket_id"": null, ""stored_ids"": [864291], ""validated_stored_ids"": [864291]}",,,,
20588,one_piece,Stronger,OP09-089F,op-chp,Championships Promo,en,CS 25-26 Finalist Card Set 2,Promo,,,4825,one_piece:OP09-089F,364821,364821,,864293,,,,,,,,,,,,,,,,,,,Low,250.54,EUR,EUR,cardtrader,364821,low,2026-08-29T12:19:30.162830+00:00,"""{\""cardmarket_exact_candidates\"": [], \""snapshot_fingerprint\"": \""d0567e5c7845d33bb40da58984f36cd03f2cd671744f7f2efc9241b01d2cc45a\""}""",MISMATCH,stored Cardmarket product conflicts with local printing,true,false,false,,,,,,,,CRITICAL,,,,CRITICAL,wrong_cardmarket_id,,"{""external_provenance"": [{""exact_language"": false, ""id"": 864293, ""metadata"": {""allowed_languages"": [""en"", ""fr""]}, ""scope"": ""mixed""}], ""mismatch_reasons"": [""wrong_cardmarket_id""], ""scryfall_cardmarket_id"": null, ""stored_ids"": [864293], ""validated_stored_ids"": [864293]}",,,,
20589,one_piece,Stronger,OP09-089W,op-chp,Championships Promo,en,CS 25-26 Winner Card Set 2,Promo,,,4826,one_piece:OP09-089W,364822,364822,,864294,,,,,,,,,,,,,,,,,,,Low,,EUR,EUR,cardmarket,864294,,2026-08-28T15:00:15.994637+00:00,"""{\""reason\"": \""Cardmarket product is not exact-language\"", \""snapshot_fingerprint\"": \""f5730f3ec4fb0c9b6d83af523bb0d04f09cbbee899cdf73dc80fca88f27c89a3\""}""",MISMATCH,stored Cardmarket product conflicts with local printing,true,false,false,,,,,,,,CRITICAL,,,,CRITICAL,wrong_cardmarket_id,stale_price,"{""external_provenance"": [{""exact_language"": false, ""id"": 864294, ""metadata"": {""allowed_languages"": [""en"", ""fr""]}, ""scope"": ""mixed""}], ""mismatch_reasons"": [""wrong_cardmarket_id""], ""scryfall_cardmarket_id"": null, ""stored_ids"": [864294], ""validated_stored_ids"": [864294]}",,,,
20590,one_piece,Jewelry Bonney,OP10-107F,op-chp,Championships Promo,en,CS 25-26 Finalist Card Set 2,Promo,,,4828,one_piece:OP10-107F,364824,364824,,864296,,,,,,,,,,,,,,,,,,,Low,350.54,EUR,EUR,cardtrader,364824,low,2026-08-29T12:19:30.162830+00:00,"""{\""cardmarket_exact_candidates\"": [], \""snapshot_fingerprint\"": \""86f62effb8b5d81380ca9b3bbbb0d5f5a17716f4a7c52288eaa2aa3987206724\""}""",MISMATCH,stored Cardmarket product conflicts with local printing,true,false,false,,,,,,,,CRITICAL,,,,CRITICAL,wrong_cardmarket_id,,"{""external_provenance"": [{""exact_language"": false, ""id"": 864296, ""metadata"": {""allowed_languages"": [""en"", ""fr""]}, ""scope"": ""mixed""}], ""mismatch_reasons"": [""wrong_cardmarket_id""], ""scryfall_cardmarket_id"": null, ""stored_ids"": [864296], ""validated_stored_ids"": [864296]}",,,,
20591,one_piece,Jewelry Bonney,OP10-107W,op-chp,Championships Promo,en,CS 25-26 Winner Card Set 2,Promo,,,4829,one_piece:OP10-107W,364825,364825,,864297,,,,,,,,,,,,,,,,,,,Low,,EUR,EUR,cardmarket,864297,,2026-08-28T15:00:15.994637+00:00,"""{\""reason\"": \""Cardmarket product is not exact-language\"", \""snapshot_fingerprint\"": \""065fe9b144e049c1827de0bb47e58f6c3951d39b475fecd196c126023b2af38b\""}""",MISMATCH,stored Cardmarket product conflicts with local printing,true,false,false,,,,,,,,CRITICAL,,,,CRITICAL,wrong_cardmarket_id,stale_price,"{""external_provenance"": [{""exact_language"": false, ""id"": 864297, ""metadata"": {""allowed_languages"": [""en"", ""fr""]}, ""scope"": ""mixed""}], ""mismatch_reasons"": [""wrong_cardmarket_id""], ""scryfall_cardmarket_id"": null, ""stored_ids"": [864297], ""validated_stored_ids"": [864297]}",,,,
20592,one_piece,Koala,P-069F,op-chp,Championships Promo,en,CS 25-26 Finalist Card Set 2,Promo,,,4831,one_piece:P-069F,364827,364827,,864299,,,,,,,,,,,,,,,,,,,Low,300.53,EUR,EUR,cardtrader,364827,low,2026-08-29T12:19:30.162830+00:00,"""{\""cardmarket_exact_candidates\"": [], \""snapshot_fingerprint\"": \""a85bdb25d6c6f9fc74883bbe34c1d66b4d6f9ad801efe993449be7a5292cbb81\""}""",MISMATCH,stored Cardmarket product conflicts with local printing,true,false,false,,,,,,,,CRITICAL,,,,CRITICAL,wrong_cardmarket_id,,"{""external_provenance"": [{""exact_language"": false, ""id"": 864299, ""metadata"": {""allowed_languages"": [""en"", ""fr""]}, ""scope"": ""mixed""}], ""mismatch_reasons"": [""wrong_cardmarket_id""], ""scryfall_cardmarket_id"": null, ""stored_ids"": [864299], ""validated_stored_ids"": [864299]}",,,,
20593,one_piece,Koala,P-069W,op-chp,Championships Promo,en,CS 25-26 Winner Card Set 2,Promo,,,4832,one_piece:P-069W,364828,364828,,864300,,,,,,,,,,,,,,,,,,,Low,,EUR,EUR,cardmarket,864300,,2026-08-28T15:00:15.994637+00:00,"""{\""reason\"": \""Cardmarket product is not exact-language\"", \""snapshot_fingerprint\"": \""7a8244e0dc027c443a0a32184b4f9bf9520d6e6ca61c6ae63e033aae0df53436\""}""",MISMATCH,stored Cardmarket product conflicts with local printing,true,false,false,,,,,,,,CRITICAL,,,,CRITICAL,wrong_cardmarket_id,stale_price,"{""external_provenance"": [{""exact_language"": false, ""id"": 864300, ""metadata"": {""allowed_languages"": [""en"", ""fr""]}, ""scope"": ""mixed""}], ""mismatch_reasons"": [""wrong_cardmarket_id""], ""scryfall_cardmarket_id"": null, ""stored_ids"": [864300], ""validated_stored_ids"": [864300]}",,,,
20603,one_piece,"Capone""Gang""Bege""",OP04-100W,op-chp,Championships Promo,en,Championship 2023 | Winner,Rare,,,4843,one_piece:OP04-100W,372465,372465,,743254,,,,,,,,,,,,,,,,,,,Low,,EUR,EUR,cardmarket,743254,,2026-08-28T15:00:15.994637+00:00,"""{\""reason\"": \""Cardmarket product is not exact-language\"", \""snapshot_fingerprint\"": \""b714fcee030883fe41e1159746dcfcd67554c5ee9935d2c53587a979fd295557\""}""",MISMATCH,stored Cardmarket product conflicts with local printing,true,false,false,,,,,,,,CRITICAL,,,,CRITICAL,wrong_cardmarket_id,stale_price,"{""external_provenance"": [{""exact_language"": false, ""id"": 743254, ""metadata"": {""allowed_languages"": [""en"", ""jp"", ""zh-CN"", ""kr"", ""fr""]}, ""scope"": ""mixed""}], ""mismatch_reasons"": [""wrong_cardmarket_id""], ""scryfall_cardmarket_id"": null, ""stored_ids"": [743254], ""validated_stored_ids"": [743254]}",,,,
20604,one_piece,"Capone""Gang""Bege""",OP04-100W,op-chp,Championships Promo,jp,Championship 2023 | Winner,Rare,,,4843,one_piece:OP04-100W,372465,372465,,743254,,,,,,,,,,,,,,,,,,,Low,,EUR,EUR,cardmarket,743254,,2026-08-28T15:00:15.994637+00:00,"""{\""reason\"": \""Cardmarket product is not exact-language\"", \""snapshot_fingerprint\"": \""d8bf874915e194c0acea9e63eb39c365b576e48685bb7b5541f634fa32291918\""}""",MISMATCH,stored Cardmarket product conflicts with local printing,true,false,false,,,,,,,,CRITICAL,,,,CRITICAL,wrong_cardmarket_id,stale_price,"{""external_provenance"": [{""exact_language"": false, ""id"": 743254, ""metadata"": {""allowed_languages"": [""en"", ""jp"", ""zh-CN"", ""kr"", ""fr""]}, ""scope"": ""mixed""}], ""mismatch_reasons"": [""wrong_cardmarket_id""], ""scryfall_cardmarket_id"": null, ""stored_ids"": [743254], ""validated_stored_ids"": [743254]}",,,,
20605,one_piece,"Capone""Gang""Bege""",OP04-100F,op-chp,Championships Promo,en,Championship 2023 | Finalist,Rare,,,4145,one_piece:OP04-100F,372466,372466,,743253,,,,,,,,,,,,,,,,,,,Low,,EUR,EUR,cardmarket,743253,,2026-08-28T15:00:15.994637+00:00,"""{\""reason\"": \""Cardmarket product is not exact-language\"", \""snapshot_fingerprint\"": \""f7a799651d4092f679e56a24d8ae58b61b78ca03ead6f35b51dfedbf7ba00361\""}""",MISMATCH,stored Cardmarket product conflicts with local printing,true,false,false,,,,,,,,CRITICAL,,,,CRITICAL,wrong_cardmarket_id,stale_price,"{""external_provenance"": [{""exact_language"": false, ""id"": 743253, ""metadata"": {""allowed_languages"": [""en"", ""jp"", ""zh-CN"", ""kr"", ""fr""]}, ""scope"": ""mixed""}], ""mismatch_reasons"": [""wrong_cardmarket_id""], ""scryfall_cardmarket_id"": null, ""stored_ids"": [743253], ""validated_stored_ids"": [743253]}",,,,
20606,one_piece,"Capone""Gang""Bege""",OP04-100F,op-chp,Championships Promo,jp,Championship 2023 | Finalist,Rare,,,4145,one_piece:OP04-100F,372466,372466,,743253,,,,,,,,,,,,,,,,,,,Low,,EUR,EUR,cardmarket,743253,,2026-08-28T15:00:15.994637+00:00,"""{\""reason\"": \""Cardmarket product is not exact-language\"", \""snapshot_fingerprint\"": \""29c048eade257951d650ba73ed6623990b01b4b6d8fb5b7158e3471b29e4aa14\""}""",MISMATCH,stored Cardmarket product conflicts with local printing,true,false,false,,,,,,,,CRITICAL,,,,CRITICAL,wrong_cardmarket_id,stale_price,"{""external_provenance"": [{""exact_language"": false, ""id"": 743253, ""metadata"": {""allowed_languages"": [""en"", ""jp"", ""zh-CN"", ""kr"", ""fr""]}, ""scope"": ""mixed""}], ""mismatch_reasons"": [""wrong_cardmarket_id""], ""scryfall_cardmarket_id"": null, ""stored_ids"": [743253], ""validated_stored_ids"": [743253]}",,,,
20610,one_piece,Monkey.D.Luffy,PRB02-005F,op-chp,Championships Promo,en,Red Bull Double Don!! | Finals,Promo,,,4848,one_piece:PRB02-005F,375620,375620,,884453,,,,,,,,,,,,,,,,,,,Low,,EUR,EUR,cardmarket,884453,,2026-08-28T15:00:15.994637+00:00,"""{\""reason\"": \""Cardmarket product is not exact-language\"", \""snapshot_fingerprint\"": \""55408b8913bc4b1f58ee9d36a06fb20f7d267eb3e1e9f39a8bca08a8fda5896d\""}""",MISMATCH,stored Cardmarket product conflicts with local printing,true,false,false,,,,,,,,CRITICAL,,,,CRITICAL,wrong_cardmarket_id,stale_price,"{""external_provenance"": [{""exact_language"": false, ""id"": 884453, ""metadata"": {""allowed_languages"": [""en"", ""fr""]}, ""scope"": ""mixed""}], ""mismatch_reasons"": [""wrong_cardmarket_id""], ""scryfall_cardmarket_id"": null, ""stored_ids"": [884453], ""validated_stored_ids"": [884453]}",,,,
20620,one_piece,X.Drake,OP01-114F,op-chp,Championships Promo,en,Championship 2023 | Finalist,Promo,,,4855,one_piece:OP01-114F,377461,377461,,743256,,,,,,,,,,,,,,,,,,,Low,,EUR,EUR,cardmarket,743256,,2026-08-28T15:00:15.994637+00:00,"""{\""reason\"": \""Cardmarket product is not exact-language\"", \""snapshot_fingerprint\"": \""4f61de88671acc965ffbfa29db5092f1d786d38928934ce9b5352c51de77ebc2\""}""",MISMATCH,stored Cardmarket product conflicts with local printing,true,false,false,,,,,,,,CRITICAL,,,,CRITICAL,wrong_cardmarket_id,stale_price,"{""external_provenance"": [{""exact_language"": false, ""id"": 743256, ""metadata"": {""allowed_languages"": [""en"", ""fr""]}, ""scope"": ""mixed""}], ""mismatch_reasons"": [""wrong_cardmarket_id""], ""scryfall_cardmarket_id"": null, ""stored_ids"": [743256], ""validated_stored_ids"": [743256]}",,,,
20621,one_piece,X.Drake,OP01-114W,op-chp,Championships Promo,en,Championship 2023 | Winner,Promo,,,4856,one_piece:OP01-114W,377462,377462,,743257,,,,,,,,,,,,,,,,,,,Low,,EUR,EUR,cardmarket,743257,,2026-08-28T15:00:15.994637+00:00,"""{\""reason\"": \""Cardmarket product is not exact-language\"", \""snapshot_fingerprint\"": \""9a0f4102ca38c80cc4eec965335a2f883dc0a81dda6a8509e639e51631dd5ee2\""}""",MISMATCH,stored Cardmarket product conflicts with local printing,true,false,false,,,,,,,,CRITICAL,,,,CRITICAL,wrong_cardmarket_id,stale_price,"{""external_provenance"": [{""exact_language"": false, ""id"": 743257, ""metadata"": {""allowed_languages"": [""en"", ""fr""]}, ""scope"": ""mixed""}], ""mismatch_reasons"": [""wrong_cardmarket_id""], ""scryfall_cardmarket_id"": null, ""stored_ids"": [743257], ""validated_stored_ids"": [743257]}",,,,
20622,one_piece,Killer,OP01-039F,op-chp,Championships Promo,en,Championship 2023 | Finalist,Promo,,,4858,one_piece:OP01-039F,377467,377467,,743265,,,,,,,,,,,,,,,,,,,Low,,EUR,EUR,cardmarket,743265,,2026-08-28T15:00:15.994637+00:00,"""{\""reason\"": \""Cardmarket product is not exact-language\"", \""snapshot_fingerprint\"": \""858a91804e5377086275925a5c7c8fd46adfcbf22c67a07bbe7dbc31c675a62f\""}""",MISMATCH,stored Cardmarket product conflicts with local printing,true,false,false,,,,,,,,CRITICAL,,,,CRITICAL,wrong_cardmarket_id,stale_price,"{""external_provenance"": [{""exact_language"": false, ""id"": 743265, ""metadata"": {""allowed_languages"": [""en"", ""fr""]}, ""scope"": ""mixed""}], ""mismatch_reasons"": [""wrong_cardmarket_id""], ""scryfall_cardmarket_id"": null, ""stored_ids"": [743265], ""validated_stored_ids"": [743265]}",,,,
20623,one_piece,Killer,OP01-039W,op-chp,Championships Promo,en,Championship 2023 | Winner,Promo,,,4859,one_piece:OP01-039W,377468,377468,,743266,,,,,,,,,,,,,,,,,,,Low,,EUR,EUR,cardmarket,743266,,2026-08-28T15:00:15.994637+00:00,"""{\""reason\"": \""Cardmarket product is not exact-language\"", \""snapshot_fingerprint\"": \""789c0dcd81ea0dced6b326196c50d7fd06b0edf14d85114579db182c4276b690\""}""",MISMATCH,stored Cardmarket product conflicts with local printing,true,false,false,,,,,,,,CRITICAL,,,,CRITICAL,wrong_cardmarket_id,stale_price,"{""external_provenance"": [{""exact_language"": false, ""id"": 743266, ""metadata"": {""allowed_languages"": [""en"", ""fr""]}, ""scope"": ""mixed""}], ""mismatch_reasons"": [""wrong_cardmarket_id""], ""scryfall_cardmarket_id"": null, ""stored_ids"": [743266], ""validated_stored_ids"": [743266]}",,,,
20624,one_piece,Basil Hawkins,ST02-010F,op-chp,Championships Promo,en,Championship 2023 | Finalist,Promo,,,4861,one_piece:ST02-010F,377471,377471,,743259,,,,,,,,,,,,,,,,,,,Low,,EUR,EUR,cardmarket,743259,,2026-08-28T15:00:15.994637+00:00,"""{\""reason\"": \""Cardmarket product is not exact-language\"", \""snapshot_fingerprint\"": \""ec1aecc885d187e5ec1d46d2940beee2433caa6185b12bdf75b4f3dcf8fc74f8\""}""",MISMATCH,stored Cardmarket product conflicts with local printing,true,false,false,,,,,,,,CRITICAL,,,,CRITICAL,wrong_cardmarket_id,stale_price,"{""external_provenance"": [{""exact_language"": false, ""id"": 743259, ""metadata"": {""allowed_languages"": [""en"", ""fr""]}, ""scope"": ""mixed""}], ""mismatch_reasons"": [""wrong_cardmarket_id""], ""scryfall_cardmarket_id"": null, ""stored_ids"": [743259], ""validated_stored_ids"": [743259]}",,,,
20625,one_piece,Basil Hawkins,ST02-010W,op-chp,Championships Promo,en,Championship 2023 | Winner,Promo,,,4862,one_piece:ST02-010W,377472,377472,,743260,,,,,,,,,,,,,,,,,,,Low,,EUR,EUR,cardmarket,743260,,2026-08-28T15:00:15.994637+00:00,"""{\""reason\"": \""Cardmarket product is not exact-language\"", \""snapshot_fingerprint\"": \""e02979f29cbc888ba01e58f52c3a4dc762544cf4f768150bd8e0b58541ea4a0a\""}""",MISMATCH,stored Cardmarket product conflicts with local printing,true,false,false,,,,,,,,CRITICAL,,,,CRITICAL,wrong_cardmarket_id,stale_price,"{""external_provenance"": [{""exact_language"": false, ""id"": 743260, ""metadata"": {""allowed_languages"": [""en"", ""fr""]}, ""scope"": ""mixed""}], ""mismatch_reasons"": [""wrong_cardmarket_id""], ""scryfall_cardmarket_id"": null, ""stored_ids"": [743260], ""validated_stored_ids"": [743260]}",,,,
20638,one_piece,Nami,OP15-108S,op-chp,Championships Promo,en,Championship 26-27 | Regionals Season 2 | Silver,Promo,,,4872,one_piece:OP15-108S,403150,403150,,901285,,,,,,,,,,,,,,,,,,,Low,,EUR,EUR,cardmarket,901285,,2026-08-28T15:00:15.994637+00:00,"""{\""reason\"": \""Cardmarket product is not exact-language\"", \""snapshot_fingerprint\"": \""a3d5cba2f4c9a3d6b770c303ce499cecb30cc05a6d1c8e4b4521f13b210582c8\""}""",MISMATCH,stored Cardmarket product conflicts with local printing,true,false,false,,,,,,,,CRITICAL,,,,CRITICAL,wrong_cardmarket_id,stale_price,"{""external_provenance"": [{""exact_language"": false, ""id"": 901285, ""metadata"": {""allowed_languages"": [""en"", ""jp"", ""zh-CN"", ""kr"", ""fr""]}, ""scope"": ""mixed""}], ""mismatch_reasons"": [""wrong_cardmarket_id""], ""scryfall_cardmarket_id"": null, ""stored_ids"": [901285], ""validated_stored_ids"": [901285]}",,,,
20639,one_piece,Nami,OP15-108S,op-chp,Championships Promo,jp,Championship 26-27 | Regionals Season 2 | Silver,Promo,,,4872,one_piece:OP15-108S,403150,403150,,901285,,,,,,,,,,,,,,,,,,,Low,,EUR,EUR,cardmarket,901285,,2026-08-28T15:00:15.994637+00:00,"""{\""reason\"": \""Cardmarket product is not exact-language\"", \""snapshot_fingerprint\"": \""7ec38845f73c751309fad4e070366b8a4375e7555072fe99c71c9c736958f620\""}""",MISMATCH,stored Cardmarket product conflicts with local printing,true,false,false,,,,,,,,CRITICAL,,,,CRITICAL,wrong_cardmarket_id,stale_price,"{""external_provenance"": [{""exact_language"": false, ""id"": 901285, ""metadata"": {""allowed_languages"": [""en"", ""jp"", ""zh-CN"", ""kr"", ""fr""]}, ""scope"": ""mixed""}], ""mismatch_reasons"": [""wrong_cardmarket_id""], ""scryfall_cardmarket_id"": null, ""stored_ids"": [901285], ""validated_stored_ids"": [901285]}",,,,
20667,one_piece,Donquixote Doflamingo,OP14-069C,op-chp,Championships Promo,en,Championship 26-27 | Champion,Promo,,,4891,one_piece:OP14-069C,408719,408719,,904373,,,,,,,,,,,,,,,,,,,Low,,EUR,EUR,cardmarket,904373,,2026-08-28T15:00:15.994637+00:00,"""{\""reason\"": \""Cardmarket product is not exact-language\"", \""snapshot_fingerprint\"": \""038163e9550ff093dc5228367768cd293f8d234fbd1bb14d0126b62b201844fc\""}""",MISMATCH,stored Cardmarket product conflicts with local printing,true,false,false,,,,,,,,CRITICAL,,,,CRITICAL,wrong_cardmarket_id,stale_price,"{""external_provenance"": [{""exact_language"": false, ""id"": 904373, ""metadata"": {""allowed_languages"": [""en"", ""jp"", ""zh-CN"", ""kr"", ""fr""]}, ""scope"": ""mixed""}], ""mismatch_reasons"": [""wrong_cardmarket_id""], ""scryfall_cardmarket_id"": null, ""stored_ids"": [904373], ""validated_stored_ids"": [904373]}",,,,
20668,one_piece,Donquixote Doflamingo,OP14-069C,op-chp,Championships Promo,jp,Championship 26-27 | Champion,Promo,,,4891,one_piece:OP14-069C,408719,408719,,904373,,,,,,,,,,,,,,,,,,,Low,,EUR,EUR,cardmarket,904373,,2026-08-28T15:00:15.994637+00:00,"""{\""reason\"": \""Cardmarket product is not exact-language\"", \""snapshot_fingerprint\"": \""ebc07d595726bad13c4057f04404787660a6d36c67ccb57019403eb3b23a1ce0\""}""",MISMATCH,stored Cardmarket product conflicts with local printing,true,false,false,,,,,,,,CRITICAL,,,,CRITICAL,wrong_cardmarket_id,stale_price,"{""external_provenance"": [{""exact_language"": false, ""id"": 904373, ""metadata"": {""allowed_languages"": [""en"", ""jp"", ""zh-CN"", ""kr"", ""fr""]}, ""scope"": ""mixed""}], ""mismatch_reasons"": [""wrong_cardmarket_id""], ""scryfall_cardmarket_id"": null, ""stored_ids"": [904373], ""validated_stored_ids"": [904373]}",,,,
20669,one_piece,Donquixote Doflamingo,OP14-069ND,op-chp,Championships Promo,en,Championship 26-27 | 2nd Place,Promo,,,4892,one_piece:OP14-069ND,408720,408720,,904372,,,,,,,,,,,,,,,,,,,Low,,EUR,EUR,cardmarket,904372,,2026-08-28T15:00:15.994637+00:00,"""{\""reason\"": \""Cardmarket product is not exact-language\"", \""snapshot_fingerprint\"": \""b4e66e5485353056c157a1ba72c50aef5caf3014325a82051d81badb31503154\""}""",MISMATCH,stored Cardmarket product conflicts with local printing,true,false,false,,,,,,,,CRITICAL,,,,CRITICAL,wrong_cardmarket_id,stale_price,"{""external_provenance"": [{""exact_language"": false, ""id"": 904372, ""metadata"": {""allowed_languages"": [""en"", ""jp"", ""zh-CN"", ""kr"", ""fr""]}, ""scope"": ""mixed""}], ""mismatch_reasons"": [""wrong_cardmarket_id""], ""scryfall_cardmarket_id"": null, ""stored_ids"": [904372], ""validated_stored_ids"": [904372]}",,,,
20670,one_piece,Donquixote Doflamingo,OP14-069ND,op-chp,Championships Promo,jp,Championship 26-27 | 2nd Place,Promo,,,4892,one_piece:OP14-069ND,408720,408720,,904372,,,,,,,,,,,,,,,,,,,Low,,EUR,EUR,cardmarket,904372,,2026-08-28T15:00:15.994637+00:00,"""{\""reason\"": \""Cardmarket product is not exact-language\"", \""snapshot_fingerprint\"": \""1613e369e3b889cc4986b2c4e4453c1520ab8e1aa6f0e8cf4d2cd9f2a1bb81ae\""}""",MISMATCH,stored Cardmarket product conflicts with local printing,true,false,false,,,,,,,,CRITICAL,,,,CRITICAL,wrong_cardmarket_id,stale_price,"{""external_provenance"": [{""exact_language"": false, ""id"": 904372, ""metadata"": {""allowed_languages"": [""en"", ""jp"", ""zh-CN"", ""kr"", ""fr""]}, ""scope"": ""mixed""}], ""mismatch_reasons"": [""wrong_cardmarket_id""], ""scryfall_cardmarket_id"": null, ""stored_ids"": [904372], ""validated_stored_ids"": [904372]}",,,,
20671,one_piece,Donquixote Doflamingo,OP14-069RD,op-chp,Championships Promo,en,Championship 26-27 | 3rd Place,Promo,,,4893,one_piece:OP14-069RD,408721,408721,,904371,,,,,,,,,,,,,,,,,,,Low,,EUR,EUR,cardmarket,904371,,2026-08-28T15:00:15.994637+00:00,"""{\""reason\"": \""Cardmarket product is not exact-language\"", \""snapshot_fingerprint\"": \""77b494f2efa6fea73617447929f60c82f1f4b8bfbc101178d57b82750d558b22\""}""",MISMATCH,stored Cardmarket product conflicts with local printing,true,false,false,,,,,,,,CRITICAL,,,,CRITICAL,wrong_cardmarket_id,stale_price,"{""external_provenance"": [{""exact_language"": false, ""id"": 904371, ""metadata"": {""allowed_languages"": [""en"", ""jp"", ""zh-CN"", ""kr"", ""fr""]}, ""scope"": ""mixed""}], ""mismatch_reasons"": [""wrong_cardmarket_id""], ""scryfall_cardmarket_id"": null, ""stored_ids"": [904371], ""validated_stored_ids"": [904371]}",,,,
20672,one_piece,Donquixote Doflamingo,OP14-069RD,op-chp,Championships Promo,jp,Championship 26-27 | 3rd Place,Promo,,,4893,one_piece:OP14-069RD,408721,408721,,904371,,,,,,,,,,,,,,,,,,,Low,,EUR,EUR,cardmarket,904371,,2026-08-28T15:00:15.994637+00:00,"""{\""reason\"": \""Cardmarket product is not exact-language\"", \""snapshot_fingerprint\"": \""097b135cc99749f70f3f096282bbda63c255f37a0461bfd0a2896504e1ed06b0\""}""",MISMATCH,stored Cardmarket product conflicts with local printing,true,false,false,,,,,,,,CRITICAL,,,,CRITICAL,wrong_cardmarket_id,stale_price,"{""external_provenance"": [{""exact_language"": false, ""id"": 904371, ""metadata"": {""allowed_languages"": [""en"", ""jp"", ""zh-CN"", ""kr"", ""fr""]}, ""scope"": ""mixed""}], ""mismatch_reasons"": [""wrong_cardmarket_id""], ""scryfall_cardmarket_id"": null, ""stored_ids"": [904371], ""validated_stored_ids"": [904371]}",,,,
20679,one_piece,Shachi & Penguin,OP14-006,op-chp,Championships Promo,en,Championship 26-27 | Celebration Pack,Promo,,,4900,one_piece:OP14-006,408729,408729,,904401,,,,,,,,,,,,,,,,,,,Low,,EUR,EUR,cardmarket,904401,,2026-08-28T15:00:15.994637+00:00,"""{\""reason\"": \""Cardmarket product is not exact-language\"", \""snapshot_fingerprint\"": \""84950f86f1f8b3f190f425ce9413c20ed96e2ac57a903f874532081ac03b14fd\""}""",MISMATCH,stored Cardmarket product conflicts with local printing,true,false,false,,,,,,,,CRITICAL,,,,CRITICAL,wrong_cardmarket_id,stale_price,"{""external_provenance"": [{""exact_language"": false, ""id"": 904401, ""metadata"": {""allowed_languages"": [""en"", ""fr""]}, ""scope"": ""mixed""}], ""mismatch_reasons"": [""wrong_cardmarket_id""], ""scryfall_cardmarket_id"": null, ""stored_ids"": [904401], ""validated_stored_ids"": [904401]}",,,,
20685,one_piece,Buggy,P-098,op-chp,Championships Promo,en,Championship 26-27 | Event Pack,Promo,,,785,one_piece:P-098,408738,408738,,904386,,,,,,,,,,,,,,,,,,,Low,,EUR,EUR,cardmarket,904386,,2026-08-28T15:00:15.994637+00:00,"""{\""reason\"": \""Cardmarket product is not exact-language\"", \""snapshot_fingerprint\"": \""29a098b042c0ef3944b293766b2037b0b50db6f71b5719cd90a2d5ae4abcb853\""}""",MISMATCH,stored Cardmarket product conflicts with local printing,true,false,false,,,,,,,,CRITICAL,,,,CRITICAL,wrong_cardmarket_id,stale_price,"{""external_provenance"": [{""exact_language"": false, ""id"": 904386, ""metadata"": {""allowed_languages"": [""en"", ""fr""]}, ""scope"": ""mixed""}], ""mismatch_reasons"": [""wrong_cardmarket_id""], ""scryfall_cardmarket_id"": null, ""stored_ids"": [904386], ""validated_stored_ids"": [904386]}",,,,
20693,one_piece,Buggy,P-098,op-chp,Championships Promo,en,Championship 26-27 | Event Pack Finalist,Promo,,,785,one_piece:P-098,408746,408746,,904387,,,,,,,,,,,,,,,,,,,Low,,EUR,EUR,cardmarket,904387,,2026-08-28T15:00:15.994637+00:00,"""{\""reason\"": \""Cardmarket product is not exact-language\"", \""snapshot_fingerprint\"": \""247c2b059fd0ee7cd26c678f627af064f9dfdf8d11ea663abc14a13fc61797a7\""}""",MISMATCH,stored Cardmarket product conflicts with local printing,true,false,false,,,,,,,,CRITICAL,,,,CRITICAL,wrong_cardmarket_id,stale_price,"{""external_provenance"": [{""exact_language"": false, ""id"": 904387, ""metadata"": {""allowed_languages"": [""en"", ""fr""]}, ""scope"": ""mixed""}], ""mismatch_reasons"": [""wrong_cardmarket_id""], ""scryfall_cardmarket_id"": null, ""stored_ids"": [904387], ""validated_stored_ids"": [904387]}",,,,
20959,one_piece,Trafalgar Law,OP10-119A,op10,OP-10: Royal Blood,en,Secret Rare | Alternate Art,Alternate Art,,,5060,one_piece:OP10-119A,323937,323937,,"802337,817145",,,,,,,,,,,,,,,,,,,Low,28.4,EUR,EUR,cardtrader,323937,high,2026-08-29T12:19:30.162830+00:00,"""{\""cardmarket_exact_candidates\"": [], \""snapshot_fingerprint\"": \""9d61656bb9b0c84179035e00df167e5e78e560328b6b2aebbce5989d3dfdf4c5\""}""",MISMATCH,stored Cardmarket product conflicts with local printing,true,false,false,,,,,,,,CRITICAL,,,,CRITICAL,wrong_cardmarket_id,,"{""external_provenance"": [{""exact_language"": false, ""id"": 802337, ""metadata"": {""allowed_languages"": [""en"", ""jp"", ""zh-CN"", ""kr"", ""fr""]}, ""scope"": ""mixed""}, {""exact_language"": false, ""id"": 817145, ""metadata"": {""allowed_languages"": [""en"", ""jp"", ""zh-CN"", ""kr"", ""fr""]}, ""scope"": ""mixed""}], ""mismatch_reasons"": [""wrong_cardmarket_id""], ""scryfall_cardmarket_id"": null, ""stored_ids"": [802337, 817145], ""validated_stored_ids"": [802337, 817145]}",,,,
20960,one_piece,Trafalgar Law,OP10-119A,op10,OP-10: Royal Blood,jp,Secret Rare | Alternate Art,Alternate Art,,,5060,one_piece:OP10-119A,323937,323937,,"802337,817145",,,,,,,,,,,,,,,,,,,Low,29.42,EUR,EUR,cardtrader,323937,high,2026-08-29T12:19:30.162830+00:00,"""{\""cardmarket_exact_candidates\"": [], \""snapshot_fingerprint\"": \""27d7254b6a0fcf17cd21d2ae191530f334497ed6cd1cfb58f3086fc2d69d39c7\""}""",MISMATCH,stored Cardmarket product conflicts with local printing,true,false,false,,,,,,,,CRITICAL,,,,CRITICAL,wrong_cardmarket_id,,"{""external_provenance"": [{""exact_language"": false, ""id"": 802337, ""metadata"": {""allowed_languages"": [""en"", ""jp"", ""zh-CN"", ""kr"", ""fr""]}, ""scope"": ""mixed""}, {""exact_language"": false, ""id"": 817145, ""metadata"": {""allowed_languages"": [""en"", ""jp"", ""zh-CN"", ""kr"", ""fr""]}, ""scope"": ""mixed""}], ""mismatch_reasons"": [""wrong_cardmarket_id""], ""scryfall_cardmarket_id"": null, ""stored_ids"": [802337, 817145], ""validated_stored_ids"": [802337, 817145]}",,,,
21130,one_piece,Monkey.D.Luffy,EB02-061A,eb-02,EB-02: Anime 25th Collection,en,Secret Rare | Alternate Art,Alternate Art,,,5201,one_piece:EB02-061A,330432,330432,,823516,,,,,,,,,,,,,,,,,,,Low,105.0,EUR,EUR,cardtrader,330432,high,2026-08-29T12:19:30.162830+00:00,"""{\""cardmarket_exact_candidates\"": [], \""snapshot_fingerprint\"": \""90bedc62a4d158b28c2d4b867815e9883b8c37002741ad3d16e6a663cd1a5bb1\""}""",MISMATCH,stored Cardmarket product conflicts with local printing,true,false,false,,,,,,,,CRITICAL,,,,CRITICAL,wrong_cardmarket_id,,"{""external_provenance"": [{""exact_language"": false, ""id"": 823516, ""metadata"": {""allowed_languages"": [""en"", ""jp"", ""zh-CN"", ""kr"", ""fr""]}, ""scope"": ""mixed""}], ""mismatch_reasons"": [""wrong_cardmarket_id""], ""scryfall_cardmarket_id"": null, ""stored_ids"": [823516], ""validated_stored_ids"": [823516]}",,,,
21131,one_piece,Monkey.D.Luffy,EB02-061A,eb-02,EB-02: Anime 25th Collection,jp,Secret Rare | Alternate Art,Alternate Art,,,5201,one_piece:EB02-061A,330432,330432,,823516,,,,,,,,,,,,,,,,,,,Low,200.64,EUR,EUR,cardtrader,330432,low,2026-08-28T15:00:15.994637+00:00,"""{\""cardmarket_exact_candidates\"": [], \""snapshot_fingerprint\"": \""f977bead1032ce74feda6ef56ab04c70cbb0c35aa5f7e77dd29f972b411c587c\""}""",MISMATCH,stored Cardmarket product conflicts with local printing,true,false,false,,,,,,,,CRITICAL,,,,CRITICAL,wrong_cardmarket_id,,"{""external_provenance"": [{""exact_language"": false, ""id"": 823516, ""metadata"": {""allowed_languages"": [""en"", ""jp"", ""zh-CN"", ""kr"", ""fr""]}, ""scope"": ""mixed""}], ""mismatch_reasons"": [""wrong_cardmarket_id""], ""scryfall_cardmarket_id"": null, ""stored_ids"": [823516], ""validated_stored_ids"": [823516]}",1,200.64,,
21248,one_piece,Spotted Neptunian,OP11-036,op11,OP-11: A Fist of Divine Speed,en,Base,Uncommon,,,5273,one_piece:OP11-036,334112,334112,,"817394,827121",,827121,Spotted Neptunian (OP11-036),6033,,,OP11-036,mixed/unknown,0.02,0.07,0.08,0.08,0.06,,0,,,,Low,0.11,EUR,EUR,cardtrader,334112,high,2026-08-29T12:19:30.162830+00:00,"""{\""cardmarket_exact_candidates\"": [], \""snapshot_fingerprint\"": \""7caa00b5b2a920bc586a918f98dee8921ae11587804fa546f79169dae1280180\""}""",MISMATCH,stored Cardmarket product conflicts with local printing,true,false,false,,,,,,,,CRITICAL,,,,CRITICAL,wrong_cardmarket_id,,"{""external_provenance"": [{""exact_language"": false, ""id"": 817394, ""metadata"": {""allowed_languages"": [""en"", ""jp"", ""zh-CN"", ""kr"", ""fr""]}, ""scope"": ""mixed""}, {""exact_language"": false, ""id"": 827121, ""metadata"": {""allowed_languages"": [""en"", ""jp"", ""zh-CN"", ""kr"", ""fr""]}, ""scope"": ""mixed""}], ""mismatch_reasons"": [""wrong_cardmarket_id""], ""scryfall_cardmarket_id"": null, ""stored_ids"": [817394, 827121], ""validated_stored_ids"": [817394, 827121]}",,,,
21249,one_piece,Spotted Neptunian,OP11-036,op11,OP-11: A Fist of Divine Speed,jp,Base,Uncommon,,,5273,one_piece:OP11-036,334112,334112,,"817394,827121",,827121,Spotted Neptunian (OP11-036),6033,,,OP11-036,mixed/unknown,0.02,0.07,0.08,0.08,0.06,,0,,,,Low,0.11,EUR,EUR,cardtrader,334112,high,2026-08-28T15:00:15.994637+00:00,"""{\""cardmarket_exact_candidates\"": [], \""snapshot_fingerprint\"": \""fc13af2f0084574cae62092186a397c2bedb45e4baabb6c331fd8cd282402412\""}""",MISMATCH,stored Cardmarket product conflicts with local printing,true,false,false,,,,,,,,CRITICAL,,,,CRITICAL,wrong_cardmarket_id,,"{""external_provenance"": [{""exact_language"": false, ""id"": 817394, ""metadata"": {""allowed_languages"": [""en"", ""jp"", ""zh-CN"", ""kr"", ""fr""]}, ""scope"": ""mixed""}, {""exact_language"": false, ""id"": 827121, ""metadata"": {""allowed_languages"": [""en"", ""jp"", ""zh-CN"", ""kr"", ""fr""]}, ""scope"": ""mixed""}], ""mismatch_reasons"": [""wrong_cardmarket_id""], ""scryfall_cardmarket_id"": null, ""stored_ids"": [817394, 827121], ""validated_stored_ids"": [817394, 827121]}",,,,
21446,one_piece,Monkey.D.Luffy,OP11-118A,op11,OP-11: A Fist of Divine Speed,en,Alternate Art,Alternate Art,,,5372,one_piece:OP11-118A,334211,334211,,"817495,827258",,,,,,,,,,,,,,,,,,,Low,35.52,EUR,EUR,cardtrader,334211,high,2026-08-29T12:19:30.162830+00:00,"""{\""cardmarket_exact_candidates\"": [], \""snapshot_fingerprint\"": \""f99c2c57c70d9a8ad15195117a378879e4755e1ee7648f832f5540d11b275eb5\""}""",MISMATCH,stored Cardmarket product conflicts with local printing,true,false,false,,,,,,,,CRITICAL,,,,CRITICAL,wrong_cardmarket_id,,"{""external_provenance"": [{""exact_language"": false, ""id"": 817495, ""metadata"": {""allowed_languages"": [""en"", ""jp"", ""zh-CN"", ""kr"", ""fr""]}, ""scope"": ""mixed""}, {""exact_language"": false, ""id"": 827258, ""metadata"": {""allowed_languages"": [""en"", ""jp"", ""zh-CN"", ""kr"", ""fr""]}, ""scope"": ""mixed""}], ""mismatch_reasons"": [""wrong_cardmarket_id""], ""scryfall_cardmarket_id"": null, ""stored_ids"": [817495, 827258], ""validated_stored_ids"": [817495, 827258]}",,,,
21447,one_piece,Monkey.D.Luffy,OP11-118A,op11,OP-11: A Fist of Divine Speed,jp,Alternate Art,Alternate Art,,,5372,one_piece:OP11-118A,334211,334211,,"817495,827258",,,,,,,,,,,,,,,,,,,Low,60.62,EUR,EUR,cardtrader,334211,high,2026-08-28T15:00:15.994637+00:00,"""{\""cardmarket_exact_candidates\"": [], \""snapshot_fingerprint\"": \""b2f482466ab0eb3649a8eda7e7cc81f7132aaa6caf9bb9b9e64dd00f58c2630f\""}""",MISMATCH,stored Cardmarket product conflicts with local printing,true,false,false,,,,,,,,CRITICAL,,,,CRITICAL,wrong_cardmarket_id,,"{""external_provenance"": [{""exact_language"": false, ""id"": 817495, ""metadata"": {""allowed_languages"": [""en"", ""jp"", ""zh-CN"", ""kr"", ""fr""]}, ""scope"": ""mixed""}, {""exact_language"": false, ""id"": 827258, ""metadata"": {""allowed_languages"": [""en"", ""jp"", ""zh-CN"", ""kr"", ""fr""]}, ""scope"": ""mixed""}], ""mismatch_reasons"": [""wrong_cardmarket_id""], ""scryfall_cardmarket_id"": null, ""stored_ids"": [817495, 827258], ""validated_stored_ids"": [817495, 827258]}",,,,
21470,one_piece,DON!!,DP-07,op11,OP-11: A Fist of Divine Speed,jp,Katakuri | Double Pack Vol.7,DON!!,,,5385,one_piece:DP-07,338192,338192,,829480,,,,,,,,,,,,,,,,,,,Low,,EUR,EUR,cardmarket,829480,,2026-08-28T15:00:15.994637+00:00,"""{\""reason\"": \""Cardmarket product is not exact-language\"", \""snapshot_fingerprint\"": \""6b7cdc97457da01cdfd1ad2da2122c7b70daef9b53827e6d72cf1d792cae551f\""}""",MISMATCH,stored Cardmarket product conflicts with local printing,true,false,false,,,,,,,,CRITICAL,,,,CRITICAL,wrong_cardmarket_id,stale_price,"{""external_provenance"": [{""exact_language"": false, ""id"": 829480, ""metadata"": {""allowed_languages"": [""en"", ""jp"", ""zh-CN"", ""kr"", ""fr""]}, ""scope"": ""mixed""}], ""mismatch_reasons"": [""wrong_cardmarket_id""], ""scryfall_cardmarket_id"": null, ""stored_ids"": [829480], ""validated_stored_ids"": [829480]}",,,,
21471,one_piece,DON!!,DP-07,op11,OP-11: A Fist of Divine Speed,jp,Koby | Double Pack Set Vol.7,DON!!,,,5385,one_piece:DP-07,338194,338194,,829482,,,,,,,,,,,,,,,,,,,Low,,EUR,EUR,cardmarket,829482,,2026-08-28T15:00:15.994637+00:00,"""{\""reason\"": \""Cardmarket product is not exact-language\"", \""snapshot_fingerprint\"": \""bcb733251702f6b88ab36511a796cb065c329a157abfdec46f345afa92166a62\""}""",MISMATCH,stored Cardmarket product conflicts with local printing,true,false,false,,,,,,,,CRITICAL,,,,CRITICAL,wrong_cardmarket_id,stale_price,"{""external_provenance"": [{""exact_language"": false, ""id"": 829482, ""metadata"": {""allowed_languages"": [""en"", ""jp"", ""zh-CN"", ""kr"", ""fr""]}, ""scope"": ""mixed""}], ""mismatch_reasons"": [""wrong_cardmarket_id""], ""scryfall_cardmarket_id"": null, ""stored_ids"": [829482], ""validated_stored_ids"": [829482]}",,,,
21917,one_piece,Jewelry Bonney,OP12-118A,op12,OP-12: Legacy of the Master,en,Alternate Art,Alternate Art,,,5783,one_piece:OP12-118A,344960,344960,,"830365,843030",,,,,,,,,,,,,,,,,,,Low,25.4,EUR,EUR,cardtrader,344960,high,2026-08-29T12:19:30.162830+00:00,"""{\""cardmarket_exact_candidates\"": [], \""snapshot_fingerprint\"": \""f2817eaf41df63c75d4ab46e4e66d5ddce715c1d20f95557c9a3f249428f913b\""}""",MISMATCH,stored Cardmarket product conflicts with local printing,true,false,false,,,,,,,,CRITICAL,,,,CRITICAL,wrong_cardmarket_id,,"{""external_provenance"": [{""exact_language"": false, ""id"": 830365, ""metadata"": {""allowed_languages"": [""en"", ""jp"", ""zh-CN"", ""kr"", ""fr""]}, ""scope"": ""mixed""}, {""exact_language"": false, ""id"": 843030, ""metadata"": {""allowed_languages"": [""en"", ""jp"", ""zh-CN"", ""kr"", ""fr""]}, ""scope"": ""mixed""}], ""mismatch_reasons"": [""wrong_cardmarket_id""], ""scryfall_cardmarket_id"": null, ""stored_ids"": [830365, 843030], ""validated_stored_ids"": [830365, 843030]}",,,,
21918,one_piece,Jewelry Bonney,OP12-118A,op12,OP-12: Legacy of the Master,jp,Alternate Art,Alternate Art,,,5783,one_piece:OP12-118A,344960,344960,,"830365,843030",,,,,,,,,,,,,,,,,,,Low,19.15,EUR,EUR,cardtrader,344960,high,2026-08-29T12:19:30.162830+00:00,"""{\""cardmarket_exact_candidates\"": [], \""snapshot_fingerprint\"": \""ed1a3eca5100fe4d5f219b93376d9bde6362d0d005239cf9df83cfed941e2499\""}""",MISMATCH,stored Cardmarket product conflicts with local printing,true,false,false,,,,,,,,CRITICAL,,,,CRITICAL,wrong_cardmarket_id,,"{""external_provenance"": [{""exact_language"": false, ""id"": 830365, ""metadata"": {""allowed_languages"": [""en"", ""jp"", ""zh-CN"", ""kr"", ""fr""]}, ""scope"": ""mixed""}, {""exact_language"": false, ""id"": 843030, ""metadata"": {""allowed_languages"": [""en"", ""jp"", ""zh-CN"", ""kr"", ""fr""]}, ""scope"": ""mixed""}], ""mismatch_reasons"": [""wrong_cardmarket_id""], ""scryfall_cardmarket_id"": null, ""stored_ids"": [830365, 843030], ""validated_stored_ids"": [830365, 843030]}",,,,
22180,one_piece,Monkey.D.Luffy,OP13-118W,op13,OP-13: Carrying on his Will,en,WANTED | Alternate Art,Alternate Art,,,5915,one_piece:OP13-118W,354306,354306,,"845674,857341",,,,,,,,,,,,,,,,,,,Low,375.54,EUR,EUR,cardtrader,354306,high,2026-08-29T12:19:30.162830+00:00,"""{\""cardmarket_exact_candidates\"": [], \""snapshot_fingerprint\"": \""f9ed142fbfa62daaa692db09835aca309b4c3625c77d7305d9aeeb368d15cea6\""}""",MISMATCH,stored Cardmarket product conflicts with local printing,true,false,false,,,,,,,,CRITICAL,,,,CRITICAL,wrong_cardmarket_id,,"{""external_provenance"": [{""exact_language"": false, ""id"": 845674, ""metadata"": {""allowed_languages"": [""en"", ""jp"", ""zh-CN"", ""kr"", ""fr""]}, ""scope"": ""mixed""}, {""exact_language"": false, ""id"": 857341, ""metadata"": {""allowed_languages"": [""en"", ""jp"", ""zh-CN"", ""kr"", ""fr""]}, ""scope"": ""mixed""}], ""mismatch_reasons"": [""wrong_cardmarket_id""], ""scryfall_cardmarket_id"": null, ""stored_ids"": [845674, 857341], ""validated_stored_ids"": [845674, 857341]}",,,,
22181,one_piece,Monkey.D.Luffy,OP13-118W,op13,OP-13: Carrying on his Will,jp,WANTED | Alternate Art,Alternate Art,,,5915,one_piece:OP13-118W,354306,354306,,"845674,857341",,,,,,,,,,,,,,,,,,,Low,210.63,EUR,EUR,cardtrader,354306,low,2026-08-29T12:19:30.162830+00:00,"""{\""cardmarket_exact_candidates\"": [], \""snapshot_fingerprint\"": \""81768b43c7fb15b44694fb7719b625dafb4def97af6a93b9d99aff9b9e0363eb\""}""",MISMATCH,stored Cardmarket product conflicts with local printing,true,false,false,,,,,,,,CRITICAL,,,,CRITICAL,wrong_cardmarket_id,,"{""external_provenance"": [{""exact_language"": false, ""id"": 845674, ""metadata"": {""allowed_languages"": [""en"", ""jp"", ""zh-CN"", ""kr"", ""fr""]}, ""scope"": ""mixed""}, {""exact_language"": false, ""id"": 857341, ""metadata"": {""allowed_languages"": [""en"", ""jp"", ""zh-CN"", ""kr"", ""fr""]}, ""scope"": ""mixed""}], ""mismatch_reasons"": [""wrong_cardmarket_id""], ""scryfall_cardmarket_id"": null, ""stored_ids"": [845674, 857341], ""validated_stored_ids"": [845674, 857341]}",,,,
22182,one_piece,Portgas.D.Ace,OP13-119W,op13,OP-13: Carrying on his Will,en,WANTED | Alternate Art,Alternate Art,,,1896,one_piece:OP13-119W,354307,354307,,"845680,857344",,,,,,,,,,,,,,,,,,,Low,925.14,EUR,EUR,cardtrader,354307,medium,2026-08-29T12:19:30.162830+00:00,"""{\""cardmarket_exact_candidates\"": [], \""snapshot_fingerprint\"": \""95369d166dd13e572bbb7b735c11d016a0e14016eb4bbbd9a618ae4a2a6adc9e\""}""",MISMATCH,stored Cardmarket product conflicts with local printing,true,false,false,,,,,,,,CRITICAL,,,,CRITICAL,wrong_cardmarket_id,,"{""external_provenance"": [{""exact_language"": false, ""id"": 845680, ""metadata"": {""allowed_languages"": [""en"", ""jp"", ""zh-CN"", ""kr"", ""fr""]}, ""scope"": ""mixed""}, {""exact_language"": false, ""id"": 857344, ""metadata"": {""allowed_languages"": [""en"", ""jp"", ""zh-CN"", ""kr"", ""fr""]}, ""scope"": ""mixed""}], ""mismatch_reasons"": [""wrong_cardmarket_id""], ""scryfall_cardmarket_id"": null, ""stored_ids"": [845680, 857344], ""validated_stored_ids"": [845680, 857344]}",,,,
22183,one_piece,Portgas.D.Ace,OP13-119W,op13,OP-13: Carrying on his Will,jp,WANTED | Alternate Art,Alternate Art,,,1896,one_piece:OP13-119W,354307,354307,,"845680,857344",,,,,,,,,,,,,,,,,,,Low,140.54,EUR,EUR,cardtrader,354307,low,2026-08-28T15:00:15.994637+00:00,"""{\""cardmarket_exact_candidates\"": [], \""snapshot_fingerprint\"": \""ac0f1dccbb796e36cc86b041b171d439072d96e3fc5a832c53d643db3fe6a7db\""}""",MISMATCH,stored Cardmarket product conflicts with local printing,true,false,false,,,,,,,,CRITICAL,,,,CRITICAL,wrong_cardmarket_id,,"{""external_provenance"": [{""exact_language"": false, ""id"": 845680, ""metadata"": {""allowed_languages"": [""en"", ""jp"", ""zh-CN"", ""kr"", ""fr""]}, ""scope"": ""mixed""}, {""exact_language"": false, ""id"": 857344, ""metadata"": {""allowed_languages"": [""en"", ""jp"", ""zh-CN"", ""kr"", ""fr""]}, ""scope"": ""mixed""}], ""mismatch_reasons"": [""wrong_cardmarket_id""], ""scryfall_cardmarket_id"": null, ""stored_ids"": [845680, 857344], ""validated_stored_ids"": [845680, 857344]}",,,,
22184,one_piece,Sabo,OP13-120W,op13,OP-13: Carrying on his Will,en,WANTED | Alternate Art,Alternate Art,,,5917,one_piece:OP13-120W,354308,354308,,"845685,857350",,,,,,,,,,,,,,,,,,,Low,150.54,EUR,EUR,cardtrader,354308,high,2026-08-29T12:19:30.162830+00:00,"""{\""cardmarket_exact_candidates\"": [], \""snapshot_fingerprint\"": \""f488c70c284f6a52a268fc4591d6542335644159b1a2eb63772414706fdc8c91\""}""",MISMATCH,stored Cardmarket product conflicts with local printing,true,false,false,,,,,,,,CRITICAL,,,,CRITICAL,wrong_cardmarket_id,,"{""external_provenance"": [{""exact_language"": false, ""id"": 845685, ""metadata"": {""allowed_languages"": [""en"", ""jp"", ""zh-CN"", ""kr"", ""fr""]}, ""scope"": ""mixed""}, {""exact_language"": false, ""id"": 857350, ""metadata"": {""allowed_languages"": [""en"", ""jp"", ""zh-CN"", ""kr"", ""fr""]}, ""scope"": ""mixed""}], ""mismatch_reasons"": [""wrong_cardmarket_id""], ""scryfall_cardmarket_id"": null, ""stored_ids"": [845685, 857350], ""validated_stored_ids"": [845685, 857350]}",,,,
22185,one_piece,Sabo,OP13-120W,op13,OP-13: Carrying on his Will,jp,WANTED | Alternate Art,Alternate Art,,,5917,one_piece:OP13-120W,354308,354308,,"845685,857350",,,,,,,,,,,,,,,,,,,Low,84.63,EUR,EUR,cardtrader,354308,low,2026-08-28T15:00:15.994637+00:00,"""{\""cardmarket_exact_candidates\"": [], \""snapshot_fingerprint\"": \""dbac3fbc6c04b4a97c07b0fc23a2df51276a534914abd3ee6aee1a87512f317e\""}""",MISMATCH,stored Cardmarket product conflicts with local printing,true,false,false,,,,,,,,CRITICAL,,,,CRITICAL,wrong_cardmarket_id,,"{""external_provenance"": [{""exact_language"": false, ""id"": 845685, ""metadata"": {""allowed_languages"": [""en"", ""jp"", ""zh-CN"", ""kr"", ""fr""]}, ""scope"": ""mixed""}, {""exact_language"": false, ""id"": 857350, ""metadata"": {""allowed_languages"": [""en"", ""jp"", ""zh-CN"", ""kr"", ""fr""]}, ""scope"": ""mixed""}], ""mismatch_reasons"": [""wrong_cardmarket_id""], ""scryfall_cardmarket_id"": null, ""stored_ids"": [845685, 857350], ""validated_stored_ids"": [845685, 857350]}",,,,
22188,one_piece,Monkey.D.Luffy,OP13-118A,op13,OP-13: Carrying on his Will,en,Secret Rare | Alternate Art,Secret Rare,,,5919,one_piece:OP13-118A,354310,354310,,"845672,857338",,,,,,,,,,,,,,,,,,,Low,100.64,EUR,EUR,cardtrader,354310,high,2026-08-29T12:19:30.162830+00:00,"""{\""cardmarket_exact_candidates\"": [], \""snapshot_fingerprint\"": \""cb2ea89b6f22db055e060e31d9b5b069ca729290f53400797efb3f75b9126ab3\""}""",MISMATCH,stored Cardmarket product conflicts with local printing,true,false,false,,,,,,,,CRITICAL,,,,CRITICAL,wrong_cardmarket_id,,"{""external_provenance"": [{""exact_language"": false, ""id"": 845672, ""metadata"": {""allowed_languages"": [""en"", ""jp"", ""zh-CN"", ""kr"", ""fr""]}, ""scope"": ""mixed""}, {""exact_language"": false, ""id"": 857338, ""metadata"": {""allowed_languages"": [""en"", ""jp"", ""zh-CN"", ""kr"", ""fr""]}, ""scope"": ""mixed""}], ""mismatch_reasons"": [""wrong_cardmarket_id""], ""scryfall_cardmarket_id"": null, ""stored_ids"": [845672, 857338], ""validated_stored_ids"": [845672, 857338]}",,,,
22189,one_piece,Monkey.D.Luffy,OP13-118A,op13,OP-13: Carrying on his Will,jp,Secret Rare | Alternate Art,Secret Rare,,,5919,one_piece:OP13-118A,354310,354310,,"845672,857338",,,,,,,,,,,,,,,,,,,Low,121.28,EUR,EUR,cardtrader,354310,medium,2026-08-28T15:00:15.994637+00:00,"""{\""cardmarket_exact_candidates\"": [], \""snapshot_fingerprint\"": \""94ffb0031efb894a47c344427cf08a995604b6eb1bd9418d7a8d5a3c21dce18b\""}""",MISMATCH,stored Cardmarket product conflicts with local printing,true,false,false,,,,,,,,CRITICAL,,,,CRITICAL,wrong_cardmarket_id,,"{""external_provenance"": [{""exact_language"": false, ""id"": 845672, ""metadata"": {""allowed_languages"": [""en"", ""jp"", ""zh-CN"", ""kr"", ""fr""]}, ""scope"": ""mixed""}, {""exact_language"": false, ""id"": 857338, ""metadata"": {""allowed_languages"": [""en"", ""jp"", ""zh-CN"", ""kr"", ""fr""]}, ""scope"": ""mixed""}], ""mismatch_reasons"": [""wrong_cardmarket_id""], ""scryfall_cardmarket_id"": null, ""stored_ids"": [845672, 857338], ""validated_stored_ids"": [845672, 857338]}",,,,
22190,one_piece,Portgas.D.Ace,OP13-119A,op13,OP-13: Carrying on his Will,en,Secret Rare | Alternate Art,Secret Rare,,,5920,one_piece:OP13-119A,354311,354311,,"845677,857343",,,,,,,,,,,,,,,,,,,Low,23.04,EUR,EUR,cardtrader,354311,high,2026-08-29T12:19:30.162830+00:00,"""{\""cardmarket_exact_candidates\"": [], \""snapshot_fingerprint\"": \""c6d70abe65885fbabefec24e652719ee0229b10f5c488e543461097f7191c191\""}""",MISMATCH,stored Cardmarket product conflicts with local printing,true,false,false,,,,,,,,CRITICAL,,,,CRITICAL,wrong_cardmarket_id,,"{""external_provenance"": [{""exact_language"": false, ""id"": 845677, ""metadata"": {""allowed_languages"": [""en"", ""jp"", ""zh-CN"", ""kr"", ""fr""]}, ""scope"": ""mixed""}, {""exact_language"": false, ""id"": 857343, ""metadata"": {""allowed_languages"": [""en"", ""jp"", ""zh-CN"", ""kr"", ""fr""]}, ""scope"": ""mixed""}], ""mismatch_reasons"": [""wrong_cardmarket_id""], ""scryfall_cardmarket_id"": null, ""stored_ids"": [845677, 857343], ""validated_stored_ids"": [845677, 857343]}",,,,
22191,one_piece,Portgas.D.Ace,OP13-119A,op13,OP-13: Carrying on his Will,jp,Secret Rare | Alternate Art,Secret Rare,,,5920,one_piece:OP13-119A,354311,354311,,"845677,857343",,,,,,,,,,,,,,,,,,,Low,36.02,EUR,EUR,cardtrader,354311,medium,2026-08-28T15:00:15.994637+00:00,"""{\""cardmarket_exact_candidates\"": [], \""snapshot_fingerprint\"": \""ac59a7697bf0ce884fa30411a24f32c8a1162eaf87f75af455967319b391e528\""}""",MISMATCH,stored Cardmarket product conflicts with local printing,true,false,false,,,,,,,,CRITICAL,,,,CRITICAL,wrong_cardmarket_id,,"{""external_provenance"": [{""exact_language"": false, ""id"": 845677, ""metadata"": {""allowed_languages"": [""en"", ""jp"", ""zh-CN"", ""kr"", ""fr""]}, ""scope"": ""mixed""}, {""exact_language"": false, ""id"": 857343, ""metadata"": {""allowed_languages"": [""en"", ""jp"", ""zh-CN"", ""kr"", ""fr""]}, ""scope"": ""mixed""}], ""mismatch_reasons"": [""wrong_cardmarket_id""], ""scryfall_cardmarket_id"": null, ""stored_ids"": [845677, 857343], ""validated_stored_ids"": [845677, 857343]}",,,,
22192,one_piece,Sabo,OP13-120A,op13,OP-13: Carrying on his Will,en,Secret Rare | Alternate Art,Secret Rare,,,5921,one_piece:OP13-120A,354312,354312,,"845682,857349",,,,,,,,,,,,,,,,,,,Low,22.4,EUR,EUR,cardtrader,354312,high,2026-08-29T12:19:30.162830+00:00,"""{\""cardmarket_exact_candidates\"": [], \""snapshot_fingerprint\"": \""05321bae01a86832ef9551625194c9205abcf18027c39a90c668a8f6f2eb11d0\""}""",MISMATCH,stored Cardmarket product conflicts with local printing,true,false,false,,,,,,,,CRITICAL,,,,CRITICAL,wrong_cardmarket_id,,"{""external_provenance"": [{""exact_language"": false, ""id"": 845682, ""metadata"": {""allowed_languages"": [""en"", ""jp"", ""zh-CN"", ""kr"", ""fr""]}, ""scope"": ""mixed""}, {""exact_language"": false, ""id"": 857349, ""metadata"": {""allowed_languages"": [""en"", ""jp"", ""zh-CN"", ""kr"", ""fr""]}, ""scope"": ""mixed""}], ""mismatch_reasons"": [""wrong_cardmarket_id""], ""scryfall_cardmarket_id"": null, ""stored_ids"": [845682, 857349], ""validated_stored_ids"": [845682, 857349]}",,,,
22193,one_piece,Sabo,OP13-120A,op13,OP-13: Carrying on his Will,jp,Secret Rare | Alternate Art,Secret Rare,,,5921,one_piece:OP13-120A,354312,354312,,"845682,857349",,,,,,,,,,,,,,,,,,,Low,25.4,EUR,EUR,cardtrader,354312,high,2026-08-29T12:19:30.162830+00:00,"""{\""cardmarket_exact_candidates\"": [], \""snapshot_fingerprint\"": \""b182e0083838cbcaeb0881bae594e383f273e73e68f9c6e9ec49ea30a8d64845\""}""",MISMATCH,stored Cardmarket product conflicts with local printing,true,false,false,,,,,,,,CRITICAL,,,,CRITICAL,wrong_cardmarket_id,,"{""external_provenance"": [{""exact_language"": false, ""id"": 845682, ""metadata"": {""allowed_languages"": [""en"", ""jp"", ""zh-CN"", ""kr"", ""fr""]}, ""scope"": ""mixed""}, {""exact_language"": false, ""id"": 857349, ""metadata"": {""allowed_languages"": [""en"", ""jp"", ""zh-CN"", ""kr"", ""fr""]}, ""scope"": ""mixed""}], ""mismatch_reasons"": [""wrong_cardmarket_id""], ""scryfall_cardmarket_id"": null, ""stored_ids"": [845682, 857349], ""validated_stored_ids"": [845682, 857349]}",,,,
22194,one_piece,Monkey.D.Luffy,OP13-118M,op13,OP-13: Carrying on his Will,en,Manga Panel Alternate Art | Secret Rare,Alternate Art,,,5922,one_piece:OP13-118M,354313,354313,,"845675,857339",,,,,,,,,,,,,,,,,,,Low,2999.63,EUR,EUR,cardtrader,354313,medium,2026-08-29T12:19:30.162830+00:00,"""{\""cardmarket_exact_candidates\"": [], \""snapshot_fingerprint\"": \""b218e1d627e8e340ad6d88e0a10993194bb0bd8658e8683159363d1bf823dd15\""}""",MISMATCH,stored Cardmarket product conflicts with local printing,true,false,false,,,,,,,,CRITICAL,,,,CRITICAL,wrong_cardmarket_id,,"{""external_provenance"": [{""exact_language"": false, ""id"": 845675, ""metadata"": {""allowed_languages"": [""en"", ""jp"", ""zh-CN"", ""kr"", ""fr""]}, ""scope"": ""mixed""}, {""exact_language"": false, ""id"": 857339, ""metadata"": {""allowed_languages"": [""en"", ""jp"", ""zh-CN"", ""kr"", ""fr""]}, ""scope"": ""mixed""}], ""mismatch_reasons"": [""wrong_cardmarket_id""], ""scryfall_cardmarket_id"": null, ""stored_ids"": [845675, 857339], ""validated_stored_ids"": [845675, 857339]}",,,,
22195,one_piece,Monkey.D.Luffy,OP13-118M,op13,OP-13: Carrying on his Will,jp,Manga Panel Alternate Art | Secret Rare,Alternate Art,,,5922,one_piece:OP13-118M,354313,354313,,"845675,857339",,,,,,,,,,,,,,,,,,,Low,,EUR,EUR,cardmarket,"845675,857339",,2026-08-28T15:00:15.994637+00:00,"""{\""reason\"": \""Cardmarket product is not exact-language\"", \""snapshot_fingerprint\"": \""4d9a2778e4a5e3ae402556e7e2ddf894ff393956fb35dab917e976b050878ab7\""}""",MISMATCH,stored Cardmarket product conflicts with local printing,true,false,false,,,,,,,,CRITICAL,,,,CRITICAL,wrong_cardmarket_id,stale_price,"{""external_provenance"": [{""exact_language"": false, ""id"": 845675, ""metadata"": {""allowed_languages"": [""en"", ""jp"", ""zh-CN"", ""kr"", ""fr""]}, ""scope"": ""mixed""}, {""exact_language"": false, ""id"": 857339, ""metadata"": {""allowed_languages"": [""en"", ""jp"", ""zh-CN"", ""kr"", ""fr""]}, ""scope"": ""mixed""}], ""mismatch_reasons"": [""wrong_cardmarket_id""], ""scryfall_cardmarket_id"": null, ""stored_ids"": [845675, 857339], ""validated_stored_ids"": [845675, 857339]}",,,,
22196,one_piece,Portgas.D.Ace,OP13-119M,op13,OP-13: Carrying on his Will,en,Manga Panel Alternate Art | Secret Rare,Alternate Art,,,5923,one_piece:OP13-119M,354314,354314,,"845678,857346",,,,,,,,,,,,,,,,,,,Low,1350.64,EUR,EUR,cardtrader,354314,medium,2026-08-29T12:19:30.162830+00:00,"""{\""cardmarket_exact_candidates\"": [], \""snapshot_fingerprint\"": \""6b7ee09300ef8a749f12bea37f014ec89b5cd2eaf7afdc789c8990f88af2c514\""}""",MISMATCH,stored Cardmarket product conflicts with local printing,true,false,false,,,,,,,,CRITICAL,,,,CRITICAL,wrong_cardmarket_id,,"{""external_provenance"": [{""exact_language"": false, ""id"": 845678, ""metadata"": {""allowed_languages"": [""en"", ""jp"", ""zh-CN"", ""kr"", ""fr""]}, ""scope"": ""mixed""}, {""exact_language"": false, ""id"": 857346, ""metadata"": {""allowed_languages"": [""en"", ""jp"", ""zh-CN"", ""kr"", ""fr""]}, ""scope"": ""mixed""}], ""mismatch_reasons"": [""wrong_cardmarket_id""], ""scryfall_cardmarket_id"": null, ""stored_ids"": [845678, 857346], ""validated_stored_ids"": [845678, 857346]}",,,,
22197,one_piece,Portgas.D.Ace,OP13-119M,op13,OP-13: Carrying on his Will,jp,Manga Panel Alternate Art | Secret Rare,Alternate Art,,,5923,one_piece:OP13-119M,354314,354314,,"845678,857346",,,,,,,,,,,,,,,,,,,Low,650.63,EUR,EUR,cardtrader,354314,low,2026-08-28T15:00:15.994637+00:00,"""{\""cardmarket_exact_candidates\"": [], \""snapshot_fingerprint\"": \""8cd861d728085d9b290e5db61f672d44ed8c131b8e63577b7b827174e28993aa\""}""",MISMATCH,stored Cardmarket product conflicts with local printing,true,false,false,,,,,,,,CRITICAL,,,,CRITICAL,wrong_cardmarket_id,,"{""external_provenance"": [{""exact_language"": false, ""id"": 845678, ""metadata"": {""allowed_languages"": [""en"", ""jp"", ""zh-CN"", ""kr"", ""fr""]}, ""scope"": ""mixed""}, {""exact_language"": false, ""id"": 857346, ""metadata"": {""allowed_languages"": [""en"", ""jp"", ""zh-CN"", ""kr"", ""fr""]}, ""scope"": ""mixed""}], ""mismatch_reasons"": [""wrong_cardmarket_id""], ""scryfall_cardmarket_id"": null, ""stored_ids"": [845678, 857346], ""validated_stored_ids"": [845678, 857346]}",,,,
22198,one_piece,Sabo,OP13-120M,op13,OP-13: Carrying on his Will,en,Manga Panel Alternate Art | Secret Rare,Alternate Art,,,5924,one_piece:OP13-120M,354315,354315,,"845683,857351",,,,,,,,,,,,,,,,,,,Low,902.63,EUR,EUR,cardtrader,354315,medium,2026-08-29T12:19:30.162830+00:00,"""{\""cardmarket_exact_candidates\"": [], \""snapshot_fingerprint\"": \""5aeba14e619b059399a5551c7f456d5eb40821a6007517a37730c570ddecc504\""}""",MISMATCH,stored Cardmarket product conflicts with local printing,true,false,false,,,,,,,,CRITICAL,,,,CRITICAL,wrong_cardmarket_id,,"{""external_provenance"": [{""exact_language"": false, ""id"": 845683, ""metadata"": {""allowed_languages"": [""en"", ""jp"", ""zh-CN"", ""kr"", ""fr""]}, ""scope"": ""mixed""}, {""exact_language"": false, ""id"": 857351, ""metadata"": {""allowed_languages"": [""en"", ""jp"", ""zh-CN"", ""kr"", ""fr""]}, ""scope"": ""mixed""}], ""mismatch_reasons"": [""wrong_cardmarket_id""], ""scryfall_cardmarket_id"": null, ""stored_ids"": [845683, 857351], ""validated_stored_ids"": [845683, 857351]}",,,,
22199,one_piece,Sabo,OP13-120M,op13,OP-13: Carrying on his Will,jp,Manga Panel Alternate Art | Secret Rare,Alternate Art,,,5924,one_piece:OP13-120M,354315,354315,,"845683,857351",,,,,,,,,,,,,,,,,,,Low,595.64,EUR,EUR,cardtrader,354315,low,2026-08-28T15:00:15.994637+00:00,"""{\""cardmarket_exact_candidates\"": [], \""snapshot_fingerprint\"": \""dfeced07482b2cb549ada8bcdc6db07eb31afa6d74f1f89691faef94f52607a4\""}""",MISMATCH,stored Cardmarket product conflicts with local printing,true,false,false,,,,,,,,CRITICAL,,,,CRITICAL,wrong_cardmarket_id,,"{""external_provenance"": [{""exact_language"": false, ""id"": 845683, ""metadata"": {""allowed_languages"": [""en"", ""jp"", ""zh-CN"", ""kr"", ""fr""]}, ""scope"": ""mixed""}, {""exact_language"": false, ""id"": 857351, ""metadata"": {""allowed_languages"": [""en"", ""jp"", ""zh-CN"", ""kr"", ""fr""]}, ""scope"": ""mixed""}], ""mismatch_reasons"": [""wrong_cardmarket_id""], ""scryfall_cardmarket_id"": null, ""stored_ids"": [845683, 857351], ""validated_stored_ids"": [845683, 857351]}",,,,
22228,one_piece,St. Ethanbaron V. Nusjuro,OP13-080A,op13,OP-13: Carrying on his Will,en,Alternate Art,Alternate Art,,,5939,one_piece:OP13-080A,354331,354331,,"845618,857284",,,,,,,,,,,,,,,,,,,Low,20.11,EUR,EUR,cardtrader,354331,high,2026-08-29T12:19:30.162830+00:00,"""{\""cardmarket_exact_candidates\"": [], \""snapshot_fingerprint\"": \""6c4762306e8d55dd48c2bd8e18b077264c992f69ab29fb44c104610b507096aa\""}""",MISMATCH,stored Cardmarket product conflicts with local printing,true,false,false,,,,,,,,CRITICAL,,,,CRITICAL,wrong_cardmarket_id,,"{""external_provenance"": [{""exact_language"": false, ""id"": 845618, ""metadata"": {""allowed_languages"": [""en"", ""jp"", ""zh-CN"", ""kr"", ""fr""]}, ""scope"": ""mixed""}, {""exact_language"": false, ""id"": 857284, ""metadata"": {""allowed_languages"": [""en"", ""jp"", ""zh-CN"", ""kr"", ""fr""]}, ""scope"": ""mixed""}], ""mismatch_reasons"": [""wrong_cardmarket_id""], ""scryfall_cardmarket_id"": null, ""stored_ids"": [845618, 857284], ""validated_stored_ids"": [845618, 857284]}",,,,
22229,one_piece,St. Ethanbaron V. Nusjuro,OP13-080A,op13,OP-13: Carrying on his Will,jp,Alternate Art,Alternate Art,,,5939,one_piece:OP13-080A,354331,354331,,"845618,857284",,,,,,,,,,,,,,,,,,,Low,18.41,EUR,EUR,cardtrader,354331,high,2026-08-29T12:19:30.162830+00:00,"""{\""cardmarket_exact_candidates\"": [], \""snapshot_fingerprint\"": \""941b4c4c07e9cf2b66e80fc3c7780e1453217379cf3264feca69acb41ac23384\""}""",MISMATCH,stored Cardmarket product conflicts with local printing,true,false,false,,,,,,,,CRITICAL,,,,CRITICAL,wrong_cardmarket_id,,"{""external_provenance"": [{""exact_language"": false, ""id"": 845618, ""metadata"": {""allowed_languages"": [""en"", ""jp"", ""zh-CN"", ""kr"", ""fr""]}, ""scope"": ""mixed""}, {""exact_language"": false, ""id"": 857284, ""metadata"": {""allowed_languages"": [""en"", ""jp"", ""zh-CN"", ""kr"", ""fr""]}, ""scope"": ""mixed""}], ""mismatch_reasons"": [""wrong_cardmarket_id""], ""scryfall_cardmarket_id"": null, ""stored_ids"": [845618, 857284], ""validated_stored_ids"": [845618, 857284]}",,,,
22232,one_piece,St. Jaygarcia Saturn,OP13-083A,op13,OP-13: Carrying on his Will,en,Alternate Art,Alternate Art,,,5941,one_piece:OP13-083A,354333,354333,,"845624,857290",,,,,,,,,,,,,,,,,,,Low,17.06,EUR,EUR,cardtrader,354333,high,2026-08-29T12:19:30.162830+00:00,"""{\""cardmarket_exact_candidates\"": [], \""snapshot_fingerprint\"": \""6498ea8d54a71ddc836cae5960e564fd3a8beed5eeb96537287fe2e1472fc206\""}""",MISMATCH,stored Cardmarket product conflicts with local printing,true,false,false,,,,,,,,CRITICAL,,,,CRITICAL,wrong_cardmarket_id,,"{""external_provenance"": [{""exact_language"": false, ""id"": 845624, ""metadata"": {""allowed_languages"": [""en"", ""jp"", ""zh-CN"", ""kr"", ""fr""]}, ""scope"": ""mixed""}, {""exact_language"": false, ""id"": 857290, ""metadata"": {""allowed_languages"": [""en"", ""jp"", ""zh-CN"", ""kr"", ""fr""]}, ""scope"": ""mixed""}], ""mismatch_reasons"": [""wrong_cardmarket_id""], ""scryfall_cardmarket_id"": null, ""stored_ids"": [845624, 857290], ""validated_stored_ids"": [845624, 857290]}",,,,
22233,one_piece,St. Jaygarcia Saturn,OP13-083A,op13,OP-13: Carrying on his Will,jp,Alternate Art,Alternate Art,,,5941,one_piece:OP13-083A,354333,354333,,"845624,857290",,,,,,,,,,,,,,,,,,,Low,14.41,EUR,EUR,cardtrader,354333,high,2026-08-28T15:00:15.994637+00:00,"""{\""cardmarket_exact_candidates\"": [], \""snapshot_fingerprint\"": \""09279308d9d0d66d2ae1adecb3a6688cb5ce932ff536e1e0a2e6c06a3743184d\""}""",MISMATCH,stored Cardmarket product conflicts with local printing,true,false,false,,,,,,,,CRITICAL,,,,CRITICAL,wrong_cardmarket_id,,"{""external_provenance"": [{""exact_language"": false, ""id"": 845624, ""metadata"": {""allowed_languages"": [""en"", ""jp"", ""zh-CN"", ""kr"", ""fr""]}, ""scope"": ""mixed""}, {""exact_language"": false, ""id"": 857290, ""metadata"": {""allowed_languages"": [""en"", ""jp"", ""zh-CN"", ""kr"", ""fr""]}, ""scope"": ""mixed""}], ""mismatch_reasons"": [""wrong_cardmarket_id""], ""scryfall_cardmarket_id"": null, ""stored_ids"": [845624, 857290], ""validated_stored_ids"": [845624, 857290]}",,,,
22236,one_piece,St. Shepherd Ju Peter,OP13-084A,op13,OP-13: Carrying on his Will,en,Alternate Art,Alternate Art,,,5943,one_piece:OP13-084A,354335,354335,,"845627,857293",,,,,,,,,,,,,,,,,,,Low,16.86,EUR,EUR,cardtrader,354335,high,2026-08-29T12:19:30.162830+00:00,"""{\""cardmarket_exact_candidates\"": [], \""snapshot_fingerprint\"": \""cd32d2f62f339b3917b818baf7258f93ae37831535346fd677f8667479caf6a9\""}""",MISMATCH,stored Cardmarket product conflicts with local printing,true,false,false,,,,,,,,CRITICAL,,,,CRITICAL,wrong_cardmarket_id,,"{""external_provenance"": [{""exact_language"": false, ""id"": 845627, ""metadata"": {""allowed_languages"": [""en"", ""jp"", ""zh-CN"", ""kr"", ""fr""]}, ""scope"": ""mixed""}, {""exact_language"": false, ""id"": 857293, ""metadata"": {""allowed_languages"": [""en"", ""jp"", ""zh-CN"", ""kr"", ""fr""]}, ""scope"": ""mixed""}], ""mismatch_reasons"": [""wrong_cardmarket_id""], ""scryfall_cardmarket_id"": null, ""stored_ids"": [845627, 857293], ""validated_stored_ids"": [845627, 857293]}",,,,
22237,one_piece,St. Shepherd Ju Peter,OP13-084A,op13,OP-13: Carrying on his Will,jp,Alternate Art,Alternate Art,,,5943,one_piece:OP13-084A,354335,354335,,"845627,857293",,,,,,,,,,,,,,,,,,,Low,19.27,EUR,EUR,cardtrader,354335,high,2026-08-28T15:00:15.994637+00:00,"""{\""cardmarket_exact_candidates\"": [], \""snapshot_fingerprint\"": \""64854a294c35319520b6113150fdf895a3d25258956f52973a7639ec95ba33aa\""}""",MISMATCH,stored Cardmarket product conflicts with local printing,true,false,false,,,,,,,,CRITICAL,,,,CRITICAL,wrong_cardmarket_id,,"{""external_provenance"": [{""exact_language"": false, ""id"": 845627, ""metadata"": {""allowed_languages"": [""en"", ""jp"", ""zh-CN"", ""kr"", ""fr""]}, ""scope"": ""mixed""}, {""exact_language"": false, ""id"": 857293, ""metadata"": {""allowed_languages"": [""en"", ""jp"", ""zh-CN"", ""kr"", ""fr""]}, ""scope"": ""mixed""}], ""mismatch_reasons"": [""wrong_cardmarket_id""], ""scryfall_cardmarket_id"": null, ""stored_ids"": [845627, 857293], ""validated_stored_ids"": [845627, 857293]}",,,,
22240,one_piece,St. Topman Warcury,OP13-089A,op13,OP-13: Carrying on his Will,en,Alternate Art,Alternate Art,,,5945,one_piece:OP13-089A,354337,354337,,"845634,857300",,,,,,,,,,,,,,,,,,,Low,17.72,EUR,EUR,cardtrader,354337,high,2026-08-29T12:19:30.162830+00:00,"""{\""cardmarket_exact_candidates\"": [], \""snapshot_fingerprint\"": \""15cf34ee14ab69a367a393861008d0213a1f6c5f6de13ca11c4a0dea4aedf7a0\""}""",MISMATCH,stored Cardmarket product conflicts with local printing,true,false,false,,,,,,,,CRITICAL,,,,CRITICAL,wrong_cardmarket_id,,"{""external_provenance"": [{""exact_language"": false, ""id"": 845634, ""metadata"": {""allowed_languages"": [""en"", ""jp"", ""zh-CN"", ""kr"", ""fr""]}, ""scope"": ""mixed""}, {""exact_language"": false, ""id"": 857300, ""metadata"": {""allowed_languages"": [""en"", ""jp"", ""zh-CN"", ""kr"", ""fr""]}, ""scope"": ""mixed""}], ""mismatch_reasons"": [""wrong_cardmarket_id""], ""scryfall_cardmarket_id"": null, ""stored_ids"": [845634, 857300], ""validated_stored_ids"": [845634, 857300]}",,,,
22241,one_piece,St. Topman Warcury,OP13-089A,op13,OP-13: Carrying on his Will,jp,Alternate Art,Alternate Art,,,5945,one_piece:OP13-089A,354337,354337,,"845634,857300",,,,,,,,,,,,,,,,,,,Low,15.09,EUR,EUR,cardtrader,354337,high,2026-08-28T15:00:15.994637+00:00,"""{\""cardmarket_exact_candidates\"": [], \""snapshot_fingerprint\"": \""af2bab0d9ee2107404f5882b0d744cb281e04b4ab58028be27c398790ea83782\""}""",MISMATCH,stored Cardmarket product conflicts with local printing,true,false,false,,,,,,,,CRITICAL,,,,CRITICAL,wrong_cardmarket_id,,"{""external_provenance"": [{""exact_language"": false, ""id"": 845634, ""metadata"": {""allowed_languages"": [""en"", ""jp"", ""zh-CN"", ""kr"", ""fr""]}, ""scope"": ""mixed""}, {""exact_language"": false, ""id"": 857300, ""metadata"": {""allowed_languages"": [""en"", ""jp"", ""zh-CN"", ""kr"", ""fr""]}, ""scope"": ""mixed""}], ""mismatch_reasons"": [""wrong_cardmarket_id""], ""scryfall_cardmarket_id"": null, ""stored_ids"": [845634, 857300], ""validated_stored_ids"": [845634, 857300]}",,,,
22244,one_piece,St. Marcus Mars,OP13-091A,op13,OP-13: Carrying on his Will,en,Alternate Art,Alternate Art,,,5947,one_piece:OP13-091A,354339,354339,,"845638,857304",,,,,,,,,,,,,,,,,,,Low,18.67,EUR,EUR,cardtrader,354339,high,2026-08-29T12:19:30.162830+00:00,"""{\""cardmarket_exact_candidates\"": [], \""snapshot_fingerprint\"": \""6f75ccbcc6402d1f4c8bd069ad2421daed1fe54aec87d7247e20e0e9a535496c\""}""",MISMATCH,stored Cardmarket product conflicts with local printing,true,false,false,,,,,,,,CRITICAL,,,,CRITICAL,wrong_cardmarket_id,,"{""external_provenance"": [{""exact_language"": false, ""id"": 845638, ""metadata"": {""allowed_languages"": [""en"", ""jp"", ""zh-CN"", ""kr"", ""fr""]}, ""scope"": ""mixed""}, {""exact_language"": false, ""id"": 857304, ""metadata"": {""allowed_languages"": [""en"", ""jp"", ""zh-CN"", ""kr"", ""fr""]}, ""scope"": ""mixed""}], ""mismatch_reasons"": [""wrong_cardmarket_id""], ""scryfall_cardmarket_id"": null, ""stored_ids"": [845638, 857304], ""validated_stored_ids"": [845638, 857304]}",,,,
22245,one_piece,St. Marcus Mars,OP13-091A,op13,OP-13: Carrying on his Will,jp,Alternate Art,Alternate Art,,,5947,one_piece:OP13-091A,354339,354339,,"845638,857304",,,,,,,,,,,,,,,,,,,Low,14.68,EUR,EUR,cardtrader,354339,high,2026-08-29T12:19:30.162830+00:00,"""{\""cardmarket_exact_candidates\"": [], \""snapshot_fingerprint\"": \""962f4707ab7d38cbe26325c57d2996589bfb29d54f2cd2810a1b18d7154b71ca\""}""",MISMATCH,stored Cardmarket product conflicts with local printing,true,false,false,,,,,,,,CRITICAL,,,,CRITICAL,wrong_cardmarket_id,,"{""external_provenance"": [{""exact_language"": false, ""id"": 845638, ""metadata"": {""allowed_languages"": [""en"", ""jp"", ""zh-CN"", ""kr"", ""fr""]}, ""scope"": ""mixed""}, {""exact_language"": false, ""id"": 857304, ""metadata"": {""allowed_languages"": [""en"", ""jp"", ""zh-CN"", ""kr"", ""fr""]}, ""scope"": ""mixed""}], ""mismatch_reasons"": [""wrong_cardmarket_id""], ""scryfall_cardmarket_id"": null, ""stored_ids"": [845638, 857304], ""validated_stored_ids"": [845638, 857304]}",,,,
22477,one_piece,DON!!,OP13,op13,OP-13: Carrying on his Will,jp,Gol.D.Roger,DON!!,,,6064,one_piece:OP13,356699,356699,,845695,,,,,,,,,,,,,,,,,,,Low,0.11,EUR,EUR,cardtrader,356699,high,2026-08-29T12:19:30.162830+00:00,"""{\""cardmarket_exact_candidates\"": [], \""snapshot_fingerprint\"": \""4d6f851f8d40324390bd84c49d97b611c598b4f17df0b898c798f3251e9b2402\""}""",MISMATCH,stored Cardmarket product conflicts with local printing,true,false,false,,,,,,,,CRITICAL,,,,CRITICAL,wrong_cardmarket_id,,"{""external_provenance"": [{""exact_language"": false, ""id"": 845695, ""metadata"": {""allowed_languages"": [""en"", ""jp"", ""zh-CN"", ""kr"", ""fr""]}, ""scope"": ""mixed""}], ""mismatch_reasons"": [""wrong_cardmarket_id""], ""scryfall_cardmarket_id"": null, ""stored_ids"": [845695], ""validated_stored_ids"": [845695]}",,,,
22478,one_piece,DON!!,OP13G,op13,OP-13: Carrying on his Will,jp,Gol.D.Roger | Gold Foil,DON!!,,,6065,one_piece:OP13G,356700,356700,,845696,,,,,,,,,,,,,,,,,,,Low,3.04,EUR,EUR,cardtrader,356700,high,2026-08-29T12:19:30.162830+00:00,"""{\""cardmarket_exact_candidates\"": [], \""snapshot_fingerprint\"": \""05ed173e22d20c2d75c14c8a9e91f9108f0418957fe0c0f83d40a03237134942\""}""",MISMATCH,stored Cardmarket product conflicts with local printing,true,false,false,,,,,,,,CRITICAL,,,,CRITICAL,wrong_cardmarket_id,,"{""external_provenance"": [{""exact_language"": false, ""id"": 845696, ""metadata"": {""allowed_languages"": [""en"", ""jp"", ""zh-CN"", ""kr"", ""fr""]}, ""scope"": ""mixed""}], ""mismatch_reasons"": [""wrong_cardmarket_id""], ""scryfall_cardmarket_id"": null, ""stored_ids"": [845696], ""validated_stored_ids"": [845696]}",,,,
22604,one_piece,Charlotte Brulee,ST20-003,prb02,PRB-02: The Best 2 - Premium Booster,jp,Non-Foil | Reprint,Common,,,4593,one_piece:ST20-003,351519,351519,,"818074,839627",,839627,Charlotte Brulee (ST20-003),6233,,,ST20-003,mixed/unknown,0.02,0.02,0.02,0.02,0.03,,0,,,,Low,0.11,EUR,EUR,cardtrader,351519,high,2026-08-29T12:19:30.162830+00:00,"""{\""cardmarket_exact_candidates\"": [], \""snapshot_fingerprint\"": \""f2122f81322d00cb4ddb4970eb2fe86211afce3f354d0e79529bb6be5a0e66ce\""}""",MISMATCH,stored Cardmarket product conflicts with local printing,true,false,false,,,,,,,,CRITICAL,,,,CRITICAL,wrong_cardmarket_id,,"{""external_provenance"": [{""exact_language"": false, ""id"": 818074, ""metadata"": {""allowed_languages"": [""en"", ""jp"", ""zh-CN"", ""kr"", ""fr""]}, ""scope"": ""mixed""}, {""exact_language"": false, ""id"": 839627, ""metadata"": {""allowed_languages"": [""en"", ""jp"", ""zh-CN"", ""kr"", ""fr""]}, ""scope"": ""mixed""}], ""mismatch_reasons"": [""wrong_cardmarket_id""], ""scryfall_cardmarket_id"": null, ""stored_ids"": [818074, 839627], ""validated_stored_ids"": [818074, 839627]}",,,,
22683,one_piece,I Have My Crew!!,ST14-016,prb02,PRB-02: The Best 2 - Premium Booster,en,Non-Foil | Reprint,Common,,,3213,one_piece:ST14-016,351574,351574,,"839600,852587",,,,,,,,,,,,,,,,,,,Low,0.11,EUR,EUR,cardtrader,351574,high,2026-08-29T12:19:30.162830+00:00,"""{\""cardmarket_exact_candidates\"": [], \""snapshot_fingerprint\"": \""55e529dea160309d4b6f5b58228a6a3c7b9be11ba8cd28b3648b46fe9e31b049\""}""",MISMATCH,stored Cardmarket product conflicts with local printing,true,false,false,,,,,,,,CRITICAL,,,,CRITICAL,wrong_cardmarket_id,,"{""external_provenance"": [{""exact_language"": false, ""id"": 839600, ""metadata"": {""allowed_languages"": [""en"", ""jp"", ""zh-CN"", ""kr"", ""fr""]}, ""scope"": ""mixed""}, {""exact_language"": false, ""id"": 852587, ""metadata"": {""allowed_languages"": [""en"", ""jp"", ""zh-CN"", ""kr"", ""fr""]}, ""scope"": ""mixed""}], ""mismatch_reasons"": [""wrong_cardmarket_id""], ""scryfall_cardmarket_id"": null, ""stored_ids"": [839600, 852587], ""validated_stored_ids"": [839600, 852587]}",,,,
22684,one_piece,I Have My Crew!!,ST14-016,prb02,PRB-02: The Best 2 - Premium Booster,jp,Non-Foil | Reprint,Common,,,3213,one_piece:ST14-016,351574,351574,,"839600,852587",,,,,,,,,,,,,,,,,,,Low,0.11,EUR,EUR,cardtrader,351574,high,2026-08-29T12:19:30.162830+00:00,"""{\""cardmarket_exact_candidates\"": [], \""snapshot_fingerprint\"": \""45baf037a18b8c9178407ff0b064521b1eacef08614439f519a4db20c9cc80c5\""}""",MISMATCH,stored Cardmarket product conflicts with local printing,true,false,false,,,,,,,,CRITICAL,,,,CRITICAL,wrong_cardmarket_id,,"{""external_provenance"": [{""exact_language"": false, ""id"": 839600, ""metadata"": {""allowed_languages"": [""en"", ""jp"", ""zh-CN"", ""kr"", ""fr""]}, ""scope"": ""mixed""}, {""exact_language"": false, ""id"": 852587, ""metadata"": {""allowed_languages"": [""en"", ""jp"", ""zh-CN"", ""kr"", ""fr""]}, ""scope"": ""mixed""}], ""mismatch_reasons"": [""wrong_cardmarket_id""], ""scryfall_cardmarket_id"": null, ""stored_ids"": [839600, 852587], ""validated_stored_ids"": [839600, 852587]}",,,,
22823,one_piece,X.Drake,OP10-114F,prb02,PRB-02: The Best 2 - Premium Booster,en,Pirate Foil,Uncommon,,,6239,one_piece:OP10-114F,351741,351741,,"839408,852486",,,,,,,,,,,,,,,,,,,Low,0.17,EUR,EUR,cardtrader,351741,high,2026-08-29T12:19:30.162830+00:00,"""{\""cardmarket_exact_candidates\"": [], \""snapshot_fingerprint\"": \""ed62a99afd03f973ab83bdeda8b37b0e24a1562e90de3bc4302512f0766ed0d1\""}""",MISMATCH,stored Cardmarket product conflicts with local printing,true,false,false,,,,,,,,CRITICAL,,,,CRITICAL,wrong_cardmarket_id,,"{""external_provenance"": [{""exact_language"": false, ""id"": 839408, ""metadata"": {""allowed_languages"": [""en"", ""jp"", ""zh-CN"", ""kr"", ""fr""]}, ""scope"": ""mixed""}, {""exact_language"": false, ""id"": 852486, ""metadata"": {""allowed_languages"": [""en"", ""jp"", ""zh-CN"", ""kr"", ""fr""]}, ""scope"": ""mixed""}], ""mismatch_reasons"": [""wrong_cardmarket_id""], ""scryfall_cardmarket_id"": null, ""stored_ids"": [839408, 852486], ""validated_stored_ids"": [839408, 852486]}",,,,
22824,one_piece,X.Drake,OP10-114F,prb02,PRB-02: The Best 2 - Premium Booster,jp,Pirate Foil,Uncommon,,,6239,one_piece:OP10-114F,351741,351741,,"839408,852486",,,,,,,,,,,,,,,,,,,Low,0.11,EUR,EUR,cardtrader,351741,high,2026-08-29T12:19:30.162830+00:00,"""{\""cardmarket_exact_candidates\"": [], \""snapshot_fingerprint\"": \""5491d27dadb1d2f84919421a14fbfce9b32484d4ff7128a681037ad3adb81a47\""}""",MISMATCH,stored Cardmarket product conflicts with local printing,true,false,false,,,,,,,,CRITICAL,,,,CRITICAL,wrong_cardmarket_id,,"{""external_provenance"": [{""exact_language"": false, ""id"": 839408, ""metadata"": {""allowed_languages"": [""en"", ""jp"", ""zh-CN"", ""kr"", ""fr""]}, ""scope"": ""mixed""}, {""exact_language"": false, ""id"": 852486, ""metadata"": {""allowed_languages"": [""en"", ""jp"", ""zh-CN"", ""kr"", ""fr""]}, ""scope"": ""mixed""}], ""mismatch_reasons"": [""wrong_cardmarket_id""], ""scryfall_cardmarket_id"": null, ""stored_ids"": [839408, 852486], ""validated_stored_ids"": [839408, 852486]}",,,,
22845,one_piece,Limejuice,OP09-014F,prb02,PRB-02: The Best 2 - Premium Booster,en,Pirate Foil,Uncommon,,,6250,one_piece:OP09-014F,351752,351752,,"838978,852432",,,,,,,,,,,,,,,,,,,Low,0.11,EUR,EUR,cardtrader,351752,high,2026-08-29T12:19:30.162830+00:00,"""{\""cardmarket_exact_candidates\"": [], \""snapshot_fingerprint\"": \""abf1b806a5592397774e9b9111fa8854ca04eee6fc1acdaced1884289d39fcf6\""}""",MISMATCH,stored Cardmarket product conflicts with local printing,true,false,false,,,,,,,,CRITICAL,,,,CRITICAL,wrong_cardmarket_id,,"{""external_provenance"": [{""exact_language"": false, ""id"": 838978, ""metadata"": {""allowed_languages"": [""en"", ""jp"", ""zh-CN"", ""kr"", ""fr""]}, ""scope"": ""mixed""}, {""exact_language"": false, ""id"": 852432, ""metadata"": {""allowed_languages"": [""en"", ""jp"", ""zh-CN"", ""kr"", ""fr""]}, ""scope"": ""mixed""}], ""mismatch_reasons"": [""wrong_cardmarket_id""], ""scryfall_cardmarket_id"": null, ""stored_ids"": [838978, 852432], ""validated_stored_ids"": [838978, 852432]}",,,,
22846,one_piece,Limejuice,OP09-014F,prb02,PRB-02: The Best 2 - Premium Booster,jp,Pirate Foil,Uncommon,,,6250,one_piece:OP09-014F,351752,351752,,"838978,852432",,,,,,,,,,,,,,,,,,,Low,0.17,EUR,EUR,cardtrader,351752,high,2026-08-29T12:19:30.162830+00:00,"""{\""cardmarket_exact_candidates\"": [], \""snapshot_fingerprint\"": \""e433d05a4ad82c52070b60656facb8b00c5a2370e75265c8580b8de6b2daeea4\""}""",MISMATCH,stored Cardmarket product conflicts with local printing,true,false,false,,,,,,,,CRITICAL,,,,CRITICAL,wrong_cardmarket_id,,"{""external_provenance"": [{""exact_language"": false, ""id"": 838978, ""metadata"": {""allowed_languages"": [""en"", ""jp"", ""zh-CN"", ""kr"", ""fr""]}, ""scope"": ""mixed""}, {""exact_language"": false, ""id"": 852432, ""metadata"": {""allowed_languages"": [""en"", ""jp"", ""zh-CN"", ""kr"", ""fr""]}, ""scope"": ""mixed""}], ""mismatch_reasons"": [""wrong_cardmarket_id""], ""scryfall_cardmarket_id"": null, ""stored_ids"": [838978, 852432], ""validated_stored_ids"": [838978, 852432]}",,,,
22866,one_piece,Crocodile,OP07-040F,prb02,PRB-02: The Best 2 - Premium Booster,en,Pirate Foil,Uncommon,,,6262,one_piece:OP07-040F,351764,351764,,"838933,852403",,,,,,,,,,,,,,,,,,,Low,0.11,EUR,EUR,cardtrader,351764,high,2026-08-29T12:19:30.162830+00:00,"""{\""cardmarket_exact_candidates\"": [], \""snapshot_fingerprint\"": \""9305bd16020625cdcdaef524081b909d38026695b634f8db500ca9ddb9aba973\""}""",MISMATCH,stored Cardmarket product conflicts with local printing,true,false,false,,,,,,,,CRITICAL,,,,CRITICAL,wrong_cardmarket_id,,"{""external_provenance"": [{""exact_language"": false, ""id"": 838933, ""metadata"": {""allowed_languages"": [""en"", ""jp"", ""zh-CN"", ""kr"", ""fr""]}, ""scope"": ""mixed""}, {""exact_language"": false, ""id"": 852403, ""metadata"": {""allowed_languages"": [""en"", ""jp"", ""zh-CN"", ""kr"", ""fr""]}, ""scope"": ""mixed""}], ""mismatch_reasons"": [""wrong_cardmarket_id""], ""scryfall_cardmarket_id"": null, ""stored_ids"": [838933, 852403], ""validated_stored_ids"": [838933, 852403]}",,,,
22867,one_piece,Crocodile,OP07-040F,prb02,PRB-02: The Best 2 - Premium Booster,jp,Pirate Foil,Uncommon,,,6262,one_piece:OP07-040F,351764,351764,,"838933,852403",,,,,,,,,,,,,,,,,,,Low,0.18,EUR,EUR,cardtrader,351764,high,2026-08-29T12:19:30.162830+00:00,"""{\""cardmarket_exact_candidates\"": [], \""snapshot_fingerprint\"": \""8c8879f6429a7aac3a3615b8fe80703b04fef25e9906b8822614906927bc7d60\""}""",MISMATCH,stored Cardmarket product conflicts with local printing,true,false,false,,,,,,,,CRITICAL,,,,CRITICAL,wrong_cardmarket_id,,"{""external_provenance"": [{""exact_language"": false, ""id"": 838933, ""metadata"": {""allowed_languages"": [""en"", ""jp"", ""zh-CN"", ""kr"", ""fr""]}, ""scope"": ""mixed""}, {""exact_language"": false, ""id"": 852403, ""metadata"": {""allowed_languages"": [""en"", ""jp"", ""zh-CN"", ""kr"", ""fr""]}, ""scope"": ""mixed""}], ""mismatch_reasons"": [""wrong_cardmarket_id""], ""scryfall_cardmarket_id"": null, ""stored_ids"": [838933, 852403], ""validated_stored_ids"": [838933, 852403]}",,,,
22901,one_piece,Uso-Hachi,ST18-001F,prb02,PRB-02: The Best 2 - Premium Booster,en,Pirate Foil,Common,,,6280,one_piece:ST18-001F,351782,351782,,"839619,852606",,,,,,,,,,,,,,,,,,,Low,2.59,EUR,EUR,cardtrader,351782,high,2026-08-29T12:19:30.162830+00:00,"""{\""cardmarket_exact_candidates\"": [], \""snapshot_fingerprint\"": \""ce5a66c6500c3ae0afcb15830fe04aa15a0f6e703ae8f7843f80e23fdfae45a2\""}""",MISMATCH,stored Cardmarket product conflicts with local printing,true,false,false,,,,,,,,CRITICAL,,,,CRITICAL,wrong_cardmarket_id,,"{""external_provenance"": [{""exact_language"": false, ""id"": 839619, ""metadata"": {""allowed_languages"": [""en"", ""jp"", ""zh-CN"", ""kr"", ""fr""]}, ""scope"": ""mixed""}, {""exact_language"": false, ""id"": 852606, ""metadata"": {""allowed_languages"": [""en"", ""jp"", ""zh-CN"", ""kr"", ""fr""]}, ""scope"": ""mixed""}], ""mismatch_reasons"": [""wrong_cardmarket_id""], ""scryfall_cardmarket_id"": null, ""stored_ids"": [839619, 852606], ""validated_stored_ids"": [839619, 852606]}",,,,
22902,one_piece,Uso-Hachi,ST18-001F,prb02,PRB-02: The Best 2 - Premium Booster,jp,Pirate Foil,Common,,,6280,one_piece:ST18-001F,351782,351782,,"839619,852606",,,,,,,,,,,,,,,,,,,Low,0.25,EUR,EUR,cardtrader,351782,high,2026-08-28T15:00:15.994637+00:00,"""{\""cardmarket_exact_candidates\"": [], \""snapshot_fingerprint\"": \""5b1dcb2390a68abaef31114d48ee48f970dadcba9e879531bc4c5e9b6e02e9eb\""}""",MISMATCH,stored Cardmarket product conflicts with local printing,true,false,false,,,,,,,,CRITICAL,,,,CRITICAL,wrong_cardmarket_id,,"{""external_provenance"": [{""exact_language"": false, ""id"": 839619, ""metadata"": {""allowed_languages"": [""en"", ""jp"", ""zh-CN"", ""kr"", ""fr""]}, ""scope"": ""mixed""}, {""exact_language"": false, ""id"": 852606, ""metadata"": {""allowed_languages"": [""en"", ""jp"", ""zh-CN"", ""kr"", ""fr""]}, ""scope"": ""mixed""}], ""mismatch_reasons"": [""wrong_cardmarket_id""], ""scryfall_cardmarket_id"": null, ""stored_ids"": [839619, 852606], ""validated_stored_ids"": [839619, 852606]}",,,,
22944,one_piece,Mary Geoise,OP05-097F,prb02,PRB-02: The Best 2 - Premium Booster,en,Pirate Foil,Common,,,6303,one_piece:OP05-097F,351824,351824,,"838809,852360",,,,,,,,,,,,,,,,,,,Low,0.11,EUR,EUR,cardtrader,351824,high,2026-08-29T12:19:30.162830+00:00,"""{\""cardmarket_exact_candidates\"": [], \""snapshot_fingerprint\"": \""7f9e848af6df9d68a988a702d1e3e92043a43b76146aea6871f55a49ff634b0b\""}""",MISMATCH,stored Cardmarket product conflicts with local printing,true,false,false,,,,,,,,CRITICAL,,,,CRITICAL,wrong_cardmarket_id,,"{""external_provenance"": [{""exact_language"": false, ""id"": 838809, ""metadata"": {""allowed_languages"": [""en"", ""jp"", ""zh-CN"", ""kr"", ""fr""]}, ""scope"": ""mixed""}, {""exact_language"": false, ""id"": 852360, ""metadata"": {""allowed_languages"": [""en"", ""jp"", ""zh-CN"", ""kr"", ""fr""]}, ""scope"": ""mixed""}], ""mismatch_reasons"": [""wrong_cardmarket_id""], ""scryfall_cardmarket_id"": null, ""stored_ids"": [838809, 852360], ""validated_stored_ids"": [838809, 852360]}",,,,
22945,one_piece,Mary Geoise,OP05-097F,prb02,PRB-02: The Best 2 - Premium Booster,jp,Pirate Foil,Common,,,6303,one_piece:OP05-097F,351824,351824,,"838809,852360",,,,,,,,,,,,,,,,,,,Low,0.19,EUR,EUR,cardtrader,351824,high,2026-08-28T15:00:15.994637+00:00,"""{\""cardmarket_exact_candidates\"": [], \""snapshot_fingerprint\"": \""38eccc64e8ee12187b72a40ba944af1da93f58386d3c6eaf638b705786e9f37d\""}""",MISMATCH,stored Cardmarket product conflicts with local printing,true,false,false,,,,,,,,CRITICAL,,,,CRITICAL,wrong_cardmarket_id,,"{""external_provenance"": [{""exact_language"": false, ""id"": 838809, ""metadata"": {""allowed_languages"": [""en"", ""jp"", ""zh-CN"", ""kr"", ""fr""]}, ""scope"": ""mixed""}, {""exact_language"": false, ""id"": 852360, ""metadata"": {""allowed_languages"": [""en"", ""jp"", ""zh-CN"", ""kr"", ""fr""]}, ""scope"": ""mixed""}], ""mismatch_reasons"": [""wrong_cardmarket_id""], ""scryfall_cardmarket_id"": null, ""stored_ids"": [838809, 852360], ""validated_stored_ids"": [838809, 852360]}",,,,
22959,one_piece,I Have My Crew!!,ST14-016,prb02,PRB-02: The Best 2 - Premium Booster,en,Pirate Foil,Common,,,3213,one_piece:ST14-016,351836,351836,,"839601,852588",,,,,,,,,,,,,,,,,,,Low,0.11,EUR,EUR,cardtrader,351836,high,2026-08-29T12:19:30.162830+00:00,"""{\""cardmarket_exact_candidates\"": [], \""snapshot_fingerprint\"": \""8bf20825662ee8132c1e6ed4b08093b482949910686316582d3312e808c09cf4\""}""",MISMATCH,stored Cardmarket product conflicts with local printing,true,false,false,,,,,,,,CRITICAL,,,,CRITICAL,wrong_cardmarket_id,,"{""external_provenance"": [{""exact_language"": false, ""id"": 839601, ""metadata"": {""allowed_languages"": [""en"", ""jp"", ""zh-CN"", ""kr"", ""fr""]}, ""scope"": ""mixed""}, {""exact_language"": false, ""id"": 852588, ""metadata"": {""allowed_languages"": [""en"", ""jp"", ""zh-CN"", ""kr"", ""fr""]}, ""scope"": ""mixed""}], ""mismatch_reasons"": [""wrong_cardmarket_id""], ""scryfall_cardmarket_id"": null, ""stored_ids"": [839601, 852588], ""validated_stored_ids"": [839601, 852588]}",,,,
22960,one_piece,I Have My Crew!!,ST14-016,prb02,PRB-02: The Best 2 - Premium Booster,jp,Pirate Foil,Common,,,3213,one_piece:ST14-016,351836,351836,,"839601,852588",,,,,,,,,,,,,,,,,,,Low,0.18,EUR,EUR,cardtrader,351836,high,2026-08-28T15:00:15.994637+00:00,"""{\""cardmarket_exact_candidates\"": [], \""snapshot_fingerprint\"": \""fd0686ab2d5eb0371b23d24aedd967d977c6ab7537e4a23d5aa85a9fa4e925f2\""}""",MISMATCH,stored Cardmarket product conflicts with local printing,true,false,false,,,,,,,,CRITICAL,,,,CRITICAL,wrong_cardmarket_id,,"{""external_provenance"": [{""exact_language"": false, ""id"": 839601, ""metadata"": {""allowed_languages"": [""en"", ""jp"", ""zh-CN"", ""kr"", ""fr""]}, ""scope"": ""mixed""}, {""exact_language"": false, ""id"": 852588, ""metadata"": {""allowed_languages"": [""en"", ""jp"", ""zh-CN"", ""kr"", ""fr""]}, ""scope"": ""mixed""}], ""mismatch_reasons"": [""wrong_cardmarket_id""], ""scryfall_cardmarket_id"": null, ""stored_ids"": [839601, 852588], ""validated_stored_ids"": [839601, 852588]}",,,,
23053,one_piece,Jinbe,P-063F,prb02,PRB-02: The Best 2 - Premium Booster,en,Pirate Foil,Promo,,,6358,one_piece:P-063F,352184,352184,,"839418,852493",,,,,,,,,,,,,,,,,,,Low,0.11,EUR,EUR,cardtrader,352184,high,2026-08-29T12:19:30.162830+00:00,"""{\""cardmarket_exact_candidates\"": [], \""snapshot_fingerprint\"": \""00959769a388ce58dbe89554697c285d1a1e3620b6967f91abc65bc80c80e345\""}""",MISMATCH,stored Cardmarket product conflicts with local printing,true,false,false,,,,,,,,CRITICAL,,,,CRITICAL,wrong_cardmarket_id,,"{""external_provenance"": [{""exact_language"": false, ""id"": 839418, ""metadata"": {""allowed_languages"": [""en"", ""jp"", ""zh-CN"", ""kr"", ""fr""]}, ""scope"": ""mixed""}, {""exact_language"": false, ""id"": 852493, ""metadata"": {""allowed_languages"": [""en"", ""jp"", ""zh-CN"", ""kr"", ""fr""]}, ""scope"": ""mixed""}], ""mismatch_reasons"": [""wrong_cardmarket_id""], ""scryfall_cardmarket_id"": null, ""stored_ids"": [839418, 852493], ""validated_stored_ids"": [839418, 852493]}",,,,
23054,one_piece,Jinbe,P-063F,prb02,PRB-02: The Best 2 - Premium Booster,jp,Pirate Foil,Promo,,,6358,one_piece:P-063F,352184,352184,,"839418,852493",,,,,,,,,,,,,,,,,,,Low,0.11,EUR,EUR,cardtrader,352184,high,2026-08-28T15:00:15.994637+00:00,"""{\""cardmarket_exact_candidates\"": [], \""snapshot_fingerprint\"": \""7424e8a148b9f0b4a762101b036a26a37a7dcac9f94264d9b543a4a9d4ea32e4\""}""",MISMATCH,stored Cardmarket product conflicts with local printing,true,false,false,,,,,,,,CRITICAL,,,,CRITICAL,wrong_cardmarket_id,,"{""external_provenance"": [{""exact_language"": false, ""id"": 839418, ""metadata"": {""allowed_languages"": [""en"", ""jp"", ""zh-CN"", ""kr"", ""fr""]}, ""scope"": ""mixed""}, {""exact_language"": false, ""id"": 852493, ""metadata"": {""allowed_languages"": [""en"", ""jp"", ""zh-CN"", ""kr"", ""fr""]}, ""scope"": ""mixed""}], ""mismatch_reasons"": [""wrong_cardmarket_id""], ""scryfall_cardmarket_id"": null, ""stored_ids"": [839418, 852493], ""validated_stored_ids"": [839418, 852493]}",,,,
23097,one_piece,DON!!,PRB-BOA,prb02,PRB-02: The Best 2 - Premium Booster,en,Boa Hancock,DON!!,,,6380,one_piece:PRB-BOA,352564,352564,,"852218,852219",,,,,,,,,,,,,,,,,,,Low,1.59,EUR,EUR,cardtrader,352564,high,2026-08-29T12:19:30.162830+00:00,"""{\""cardmarket_exact_candidates\"": [], \""snapshot_fingerprint\"": \""5910929dcdf287414d59e553c2a19d604169aebb3e3f37a5cb0bbed7166f1cf0\""}""",MISMATCH,stored Cardmarket product conflicts with local printing,true,false,false,,,,,,,,CRITICAL,,,,CRITICAL,wrong_cardmarket_id,,"{""external_provenance"": [{""exact_language"": false, ""id"": 852218, ""metadata"": {""allowed_languages"": [""en"", ""jp"", ""zh-CN"", ""kr"", ""fr""]}, ""scope"": ""mixed""}, {""exact_language"": false, ""id"": 852219, ""metadata"": {""allowed_languages"": [""en"", ""jp"", ""zh-CN"", ""kr"", ""fr""]}, ""scope"": ""mixed""}], ""mismatch_reasons"": [""wrong_cardmarket_id""], ""scryfall_cardmarket_id"": null, ""stored_ids"": [852218, 852219], ""validated_stored_ids"": [852218, 852219]}",,,,
23098,one_piece,DON!!,PRB-BOA,prb02,PRB-02: The Best 2 - Premium Booster,jp,Boa Hancock,DON!!,,,6380,one_piece:PRB-BOA,352564,352564,,"852218,852219",,,,,,,,,,,,,,,,,,,Low,1.81,EUR,EUR,cardtrader,352564,high,2026-08-29T12:19:30.162830+00:00,"""{\""cardmarket_exact_candidates\"": [], \""snapshot_fingerprint\"": \""34cd713aec4f36a4e526abedb2ec6d1fc5faa849cb53dd767e25d8bce0b5d505\""}""",MISMATCH,stored Cardmarket product conflicts with local printing,true,false,false,,,,,,,,CRITICAL,,,,CRITICAL,wrong_cardmarket_id,,"{""external_provenance"": [{""exact_language"": false, ""id"": 852218, ""metadata"": {""allowed_languages"": [""en"", ""jp"", ""zh-CN"", ""kr"", ""fr""]}, ""scope"": ""mixed""}, {""exact_language"": false, ""id"": 852219, ""metadata"": {""allowed_languages"": [""en"", ""jp"", ""zh-CN"", ""kr"", ""fr""]}, ""scope"": ""mixed""}], ""mismatch_reasons"": [""wrong_cardmarket_id""], ""scryfall_cardmarket_id"": null, ""stored_ids"": [852218, 852219], ""validated_stored_ids"": [852218, 852219]}",,,,
23099,one_piece,DON!!,PRB-BOA-G,prb02,PRB-02: The Best 2 - Premium Booster,jp,Boa Hancock | Gold Foil,DON!!,,,6381,one_piece:PRB-BOA-G,352565,352565,,852220,,,,,,,,,,,,,,,,,,,Low,60.64,EUR,EUR,cardtrader,352565,medium,2026-08-28T15:00:15.994637+00:00,"""{\""cardmarket_exact_candidates\"": [], \""snapshot_fingerprint\"": \""6cb3f4466091c92261d7490f3dfaa6f4595fd318dc13e86886c4cf211ce41e49\""}""",MISMATCH,stored Cardmarket product conflicts with local printing,true,false,false,,,,,,,,CRITICAL,,,,CRITICAL,wrong_cardmarket_id,,"{""external_provenance"": [{""exact_language"": false, ""id"": 852220, ""metadata"": {""allowed_languages"": [""en"", ""jp"", ""zh-CN"", ""kr"", ""fr""]}, ""scope"": ""mixed""}], ""mismatch_reasons"": [""wrong_cardmarket_id""], ""scryfall_cardmarket_id"": null, ""stored_ids"": [852220], ""validated_stored_ids"": [852220]}",,,,
23100,one_piece,DON!!,PRB-BUG,prb02,PRB-02: The Best 2 - Premium Booster,en,Buggy,DON!!,,,6382,one_piece:PRB-BUG,352566,352566,,"852224,852225",,,,,,,,,,,,,,,,,,,Low,0.24,EUR,EUR,cardtrader,352566,high,2026-08-29T12:19:30.162830+00:00,"""{\""cardmarket_exact_candidates\"": [], \""snapshot_fingerprint\"": \""29da46c771e269a4f7e612a9173a5be7816c312507f21f8a48ec81bdd98b32eb\""}""",MISMATCH,stored Cardmarket product conflicts with local printing,true,false,false,,,,,,,,CRITICAL,,,,CRITICAL,wrong_cardmarket_id,,"{""external_provenance"": [{""exact_language"": false, ""id"": 852224, ""metadata"": {""allowed_languages"": [""en"", ""jp"", ""zh-CN"", ""kr"", ""fr""]}, ""scope"": ""mixed""}, {""exact_language"": false, ""id"": 852225, ""metadata"": {""allowed_languages"": [""en"", ""jp"", ""zh-CN"", ""kr"", ""fr""]}, ""scope"": ""mixed""}], ""mismatch_reasons"": [""wrong_cardmarket_id""], ""scryfall_cardmarket_id"": null, ""stored_ids"": [852224, 852225], ""validated_stored_ids"": [852224, 852225]}",,,,
23101,one_piece,DON!!,PRB-BUG,prb02,PRB-02: The Best 2 - Premium Booster,jp,Buggy,DON!!,,,6382,one_piece:PRB-BUG,352566,352566,,"852224,852225",,,,,,,,,,,,,,,,,,,Low,0.17,EUR,EUR,cardtrader,352566,high,2026-08-29T12:19:30.162830+00:00,"""{\""cardmarket_exact_candidates\"": [], \""snapshot_fingerprint\"": \""1ccbba41317857c9e3bf457e0f02be232a6feb73322ee2b2a06697a18189c151\""}""",MISMATCH,stored Cardmarket product conflicts with local printing,true,false,false,,,,,,,,CRITICAL,,,,CRITICAL,wrong_cardmarket_id,,"{""external_provenance"": [{""exact_language"": false, ""id"": 852224, ""metadata"": {""allowed_languages"": [""en"", ""jp"", ""zh-CN"", ""kr"", ""fr""]}, ""scope"": ""mixed""}, {""exact_language"": false, ""id"": 852225, ""metadata"": {""allowed_languages"": [""en"", ""jp"", ""zh-CN"", ""kr"", ""fr""]}, ""scope"": ""mixed""}], ""mismatch_reasons"": [""wrong_cardmarket_id""], ""scryfall_cardmarket_id"": null, ""stored_ids"": [852224, 852225], ""validated_stored_ids"": [852224, 852225]}",,,,
23102,one_piece,DON!!,PRB-BUG-G,prb02,PRB-02: The Best 2 - Premium Booster,jp,Buggy | Gold Foil,DON!!,,,6383,one_piece:PRB-BUG-G,352567,352567,,852226,,,,,,,,,,,,,,,,,,,Low,38.91,EUR,EUR,cardtrader,352567,low,2026-08-28T15:00:15.994637+00:00,"""{\""cardmarket_exact_candidates\"": [], \""snapshot_fingerprint\"": \""c9fb195d09bcc19c7a4d44969dbaa04a7ca04d604bebc367b551aaace30b6f08\""}""",MISMATCH,stored Cardmarket product conflicts with local printing,true,false,false,,,,,,,,CRITICAL,,,,CRITICAL,wrong_cardmarket_id,,"{""external_provenance"": [{""exact_language"": false, ""id"": 852226, ""metadata"": {""allowed_languages"": [""en"", ""jp"", ""zh-CN"", ""kr"", ""fr""]}, ""scope"": ""mixed""}], ""mismatch_reasons"": [""wrong_cardmarket_id""], ""scryfall_cardmarket_id"": null, ""stored_ids"": [852226], ""validated_stored_ids"": [852226]}",,,,
23103,one_piece,DON!!,PRB-BEL,prb02,PRB-02: The Best 2 - Premium Booster,en,Bello Betty,DON!!,,,6384,one_piece:PRB-BEL,352568,352568,,"852212,852213",,,,,,,,,,,,,,,,,,,Low,0.25,EUR,EUR,cardtrader,352568,high,2026-08-29T12:19:30.162830+00:00,"""{\""cardmarket_exact_candidates\"": [], \""snapshot_fingerprint\"": \""985675f897e1d590fef8511560c0f8681e5fe23866ef8b4b85c683abaad383ed\""}""",MISMATCH,stored Cardmarket product conflicts with local printing,true,false,false,,,,,,,,CRITICAL,,,,CRITICAL,wrong_cardmarket_id,,"{""external_provenance"": [{""exact_language"": false, ""id"": 852212, ""metadata"": {""allowed_languages"": [""en"", ""jp"", ""zh-CN"", ""kr"", ""fr""]}, ""scope"": ""mixed""}, {""exact_language"": false, ""id"": 852213, ""metadata"": {""allowed_languages"": [""en"", ""jp"", ""zh-CN"", ""kr"", ""fr""]}, ""scope"": ""mixed""}], ""mismatch_reasons"": [""wrong_cardmarket_id""], ""scryfall_cardmarket_id"": null, ""stored_ids"": [852212, 852213], ""validated_stored_ids"": [852212, 852213]}",,,,
23104,one_piece,DON!!,PRB-BEL,prb02,PRB-02: The Best 2 - Premium Booster,jp,Bello Betty,DON!!,,,6384,one_piece:PRB-BEL,352568,352568,,"852212,852213",,,,,,,,,,,,,,,,,,,Low,0.6,EUR,EUR,cardtrader,352568,high,2026-08-29T12:19:30.162830+00:00,"""{\""cardmarket_exact_candidates\"": [], \""snapshot_fingerprint\"": \""6f40d4f5c7c211c1686c72be4cda4b8472044e81d50181c37e3c16a7da495a66\""}""",MISMATCH,stored Cardmarket product conflicts with local printing,true,false,false,,,,,,,,CRITICAL,,,,CRITICAL,wrong_cardmarket_id,,"{""external_provenance"": [{""exact_language"": false, ""id"": 852212, ""metadata"": {""allowed_languages"": [""en"", ""jp"", ""zh-CN"", ""kr"", ""fr""]}, ""scope"": ""mixed""}, {""exact_language"": false, ""id"": 852213, ""metadata"": {""allowed_languages"": [""en"", ""jp"", ""zh-CN"", ""kr"", ""fr""]}, ""scope"": ""mixed""}], ""mismatch_reasons"": [""wrong_cardmarket_id""], ""scryfall_cardmarket_id"": null, ""stored_ids"": [852212, 852213], ""validated_stored_ids"": [852212, 852213]}",,,,
23105,one_piece,DON!!,PRB-BEL-G,prb02,PRB-02: The Best 2 - Premium Booster,jp,Bello Betty | Gold Foil,DON!!,,,6385,one_piece:PRB-BEL-G,352569,352569,,852214,,,,,,,,,,,,,,,,,,,Low,25.78,EUR,EUR,cardtrader,352569,high,2026-08-29T12:19:30.162830+00:00,"""{\""cardmarket_exact_candidates\"": [], \""snapshot_fingerprint\"": \""ef9d850298137254fac68b24b13e26b401a09171cfbed715e5f3b44cce58bef3\""}""",MISMATCH,stored Cardmarket product conflicts with local printing,true,false,false,,,,,,,,CRITICAL,,,,CRITICAL,wrong_cardmarket_id,,"{""external_provenance"": [{""exact_language"": false, ""id"": 852214, ""metadata"": {""allowed_languages"": [""en"", ""jp"", ""zh-CN"", ""kr"", ""fr""]}, ""scope"": ""mixed""}], ""mismatch_reasons"": [""wrong_cardmarket_id""], ""scryfall_cardmarket_id"": null, ""stored_ids"": [852214], ""validated_stored_ids"": [852214]}",,,,
23106,one_piece,DON!!,PRB-BB,prb02,PRB-02: The Best 2 - Premium Booster,en,Blackbeard,DON!!,,,6386,one_piece:PRB-BB,352570,352570,,"852215,852216",,,,,,,,,,,,,,,,,,,Low,0.39,EUR,EUR,cardtrader,352570,high,2026-08-29T12:19:30.162830+00:00,"""{\""cardmarket_exact_candidates\"": [], \""snapshot_fingerprint\"": \""2072991ca8e1c1c8603c83cf1f3f8564cb82a0dc25632074f4dd25259dd954ae\""}""",MISMATCH,stored Cardmarket product conflicts with local printing,true,false,false,,,,,,,,CRITICAL,,,,CRITICAL,wrong_cardmarket_id,,"{""external_provenance"": [{""exact_language"": false, ""id"": 852215, ""metadata"": {""allowed_languages"": [""en"", ""jp"", ""zh-CN"", ""kr"", ""fr""]}, ""scope"": ""mixed""}, {""exact_language"": false, ""id"": 852216, ""metadata"": {""allowed_languages"": [""en"", ""jp"", ""zh-CN"", ""kr"", ""fr""]}, ""scope"": ""mixed""}], ""mismatch_reasons"": [""wrong_cardmarket_id""], ""scryfall_cardmarket_id"": null, ""stored_ids"": [852215, 852216], ""validated_stored_ids"": [852215, 852216]}",,,,
23107,one_piece,DON!!,PRB-BB,prb02,PRB-02: The Best 2 - Premium Booster,jp,Blackbeard,DON!!,,,6386,one_piece:PRB-BB,352570,352570,,"852215,852216",,,,,,,,,,,,,,,,,,,Low,0.69,EUR,EUR,cardtrader,352570,high,2026-08-29T12:19:30.162830+00:00,"""{\""cardmarket_exact_candidates\"": [], \""snapshot_fingerprint\"": \""780c4235e1662c623d0326946dfb205581994fab39fe37c67511b6faf6ed1e7d\""}""",MISMATCH,stored Cardmarket product conflicts with local printing,true,false,false,,,,,,,,CRITICAL,,,,CRITICAL,wrong_cardmarket_id,,"{""external_provenance"": [{""exact_language"": false, ""id"": 852215, ""metadata"": {""allowed_languages"": [""en"", ""jp"", ""zh-CN"", ""kr"", ""fr""]}, ""scope"": ""mixed""}, {""exact_language"": false, ""id"": 852216, ""metadata"": {""allowed_languages"": [""en"", ""jp"", ""zh-CN"", ""kr"", ""fr""]}, ""scope"": ""mixed""}], ""mismatch_reasons"": [""wrong_cardmarket_id""], ""scryfall_cardmarket_id"": null, ""stored_ids"": [852215, 852216], ""validated_stored_ids"": [852215, 852216]}",,,,
23108,one_piece,DON!!,PRB-BB-G,prb02,PRB-02: The Best 2 - Premium Booster,jp,Blackbeard | Gold Foil,DON!!,,,6387,one_piece:PRB-BB-G,352571,352571,,852217,,,,,,,,,,,,,,,,,,,Low,48.05,EUR,EUR,cardtrader,352571,low,2026-08-29T12:19:30.162830+00:00,"""{\""cardmarket_exact_candidates\"": [], \""snapshot_fingerprint\"": \""8098528c1c21f4471e3be3bbf1868439dc5ae8a352d673036c6b676e181aa232\""}""",MISMATCH,stored Cardmarket product conflicts with local printing,true,false,false,,,,,,,,CRITICAL,,,,CRITICAL,wrong_cardmarket_id,,"{""external_provenance"": [{""exact_language"": false, ""id"": 852217, ""metadata"": {""allowed_languages"": [""en"", ""jp"", ""zh-CN"", ""kr"", ""fr""]}, ""scope"": ""mixed""}], ""mismatch_reasons"": [""wrong_cardmarket_id""], ""scryfall_cardmarket_id"": null, ""stored_ids"": [852217], ""validated_stored_ids"": [852217]}",,,,
23109,one_piece,DON!!,PRB-CC,prb02,PRB-02: The Best 2 - Premium Booster,en,Caesar Clown,DON!!,,,6388,one_piece:PRB-CC,352572,352572,,"852227,852228",,,,,,,,,,,,,,,,,,,Low,0.12,EUR,EUR,cardtrader,352572,high,2026-08-29T12:19:30.162830+00:00,"""{\""cardmarket_exact_candidates\"": [], \""snapshot_fingerprint\"": \""7a9df0813ea8d747e3a89f570e1d803eb777917e79771e8ac47412a0d3e6ecf0\""}""",MISMATCH,stored Cardmarket product conflicts with local printing,true,false,false,,,,,,,,CRITICAL,,,,CRITICAL,wrong_cardmarket_id,,"{""external_provenance"": [{""exact_language"": false, ""id"": 852227, ""metadata"": {""allowed_languages"": [""en"", ""jp"", ""zh-CN"", ""kr"", ""fr""]}, ""scope"": ""mixed""}, {""exact_language"": false, ""id"": 852228, ""metadata"": {""allowed_languages"": [""en"", ""jp"", ""zh-CN"", ""kr"", ""fr""]}, ""scope"": ""mixed""}], ""mismatch_reasons"": [""wrong_cardmarket_id""], ""scryfall_cardmarket_id"": null, ""stored_ids"": [852227, 852228], ""validated_stored_ids"": [852227, 852228]}",,,,
23110,one_piece,DON!!,PRB-CC,prb02,PRB-02: The Best 2 - Premium Booster,jp,Caesar Clown,DON!!,,,6388,one_piece:PRB-CC,352572,352572,,"852227,852228",,,,,,,,,,,,,,,,,,,Low,0.2,EUR,EUR,cardtrader,352572,high,2026-08-29T12:19:30.162830+00:00,"""{\""cardmarket_exact_candidates\"": [], \""snapshot_fingerprint\"": \""8f217e9d49df0e384bef3a752caf54d5d995559c4b9174a53bd0bb701e2f43a5\""}""",MISMATCH,stored Cardmarket product conflicts with local printing,true,false,false,,,,,,,,CRITICAL,,,,CRITICAL,wrong_cardmarket_id,,"{""external_provenance"": [{""exact_language"": false, ""id"": 852227, ""metadata"": {""allowed_languages"": [""en"", ""jp"", ""zh-CN"", ""kr"", ""fr""]}, ""scope"": ""mixed""}, {""exact_language"": false, ""id"": 852228, ""metadata"": {""allowed_languages"": [""en"", ""jp"", ""zh-CN"", ""kr"", ""fr""]}, ""scope"": ""mixed""}], ""mismatch_reasons"": [""wrong_cardmarket_id""], ""scryfall_cardmarket_id"": null, ""stored_ids"": [852227, 852228], ""validated_stored_ids"": [852227, 852228]}",,,,
23111,one_piece,DON!!,PRB-CC-G,prb02,PRB-02: The Best 2 - Premium Booster,jp,Caesar Clown | Gold Foil,DON!!,,,6389,one_piece:PRB-CC-G,352573,352573,,852229,,,,,,,,,,,,,,,,,,,Low,25.4,EUR,EUR,cardtrader,352573,low,2026-08-28T15:00:15.994637+00:00,"""{\""cardmarket_exact_candidates\"": [], \""snapshot_fingerprint\"": \""b3c924d63bf484eae8e7105514145f085d1dcfb8633912333c30c8a4440ed545\""}""",MISMATCH,stored Cardmarket product conflicts with local printing,true,false,false,,,,,,,,CRITICAL,,,,CRITICAL,wrong_cardmarket_id,,"{""external_provenance"": [{""exact_language"": false, ""id"": 852229, ""metadata"": {""allowed_languages"": [""en"", ""jp"", ""zh-CN"", ""kr"", ""fr""]}, ""scope"": ""mixed""}], ""mismatch_reasons"": [""wrong_cardmarket_id""], ""scryfall_cardmarket_id"": null, ""stored_ids"": [852229], ""validated_stored_ids"": [852229]}",,,,
23112,one_piece,DON!!,PRB-CAR,prb02,PRB-02: The Best 2 - Premium Booster,en,Carrot,DON!!,,,6390,one_piece:PRB-CAR,352574,352574,,"852230,852231",,,,,,,,,,,,,,,,,,,Low,0.28,EUR,EUR,cardtrader,352574,high,2026-08-29T12:19:30.162830+00:00,"""{\""cardmarket_exact_candidates\"": [], \""snapshot_fingerprint\"": \""8efc45150ea6f90295f268c1c29f3843f0dd8171cbce0eac1fc976e579ac6e0e\""}""",MISMATCH,stored Cardmarket product conflicts with local printing,true,false,false,,,,,,,,CRITICAL,,,,CRITICAL,wrong_cardmarket_id,,"{""external_provenance"": [{""exact_language"": false, ""id"": 852230, ""metadata"": {""allowed_languages"": [""en"", ""jp"", ""zh-CN"", ""kr"", ""fr""]}, ""scope"": ""mixed""}, {""exact_language"": false, ""id"": 852231, ""metadata"": {""allowed_languages"": [""en"", ""jp"", ""zh-CN"", ""kr"", ""fr""]}, ""scope"": ""mixed""}], ""mismatch_reasons"": [""wrong_cardmarket_id""], ""scryfall_cardmarket_id"": null, ""stored_ids"": [852230, 852231], ""validated_stored_ids"": [852230, 852231]}",,,,
23113,one_piece,DON!!,PRB-CAR,prb02,PRB-02: The Best 2 - Premium Booster,jp,Carrot,DON!!,,,6390,one_piece:PRB-CAR,352574,352574,,"852230,852231",,,,,,,,,,,,,,,,,,,Low,0.12,EUR,EUR,cardtrader,352574,high,2026-08-29T12:19:30.162830+00:00,"""{\""cardmarket_exact_candidates\"": [], \""snapshot_fingerprint\"": \""0012eb569fb3b4ac48d78aab119ccdd4958a36d7328d90b48ea608b3a6d16677\""}""",MISMATCH,stored Cardmarket product conflicts with local printing,true,false,false,,,,,,,,CRITICAL,,,,CRITICAL,wrong_cardmarket_id,,"{""external_provenance"": [{""exact_language"": false, ""id"": 852230, ""metadata"": {""allowed_languages"": [""en"", ""jp"", ""zh-CN"", ""kr"", ""fr""]}, ""scope"": ""mixed""}, {""exact_language"": false, ""id"": 852231, ""metadata"": {""allowed_languages"": [""en"", ""jp"", ""zh-CN"", ""kr"", ""fr""]}, ""scope"": ""mixed""}], ""mismatch_reasons"": [""wrong_cardmarket_id""], ""scryfall_cardmarket_id"": null, ""stored_ids"": [852230, 852231], ""validated_stored_ids"": [852230, 852231]}",,,,
23114,one_piece,DON!!,PRB-CAR-G,prb02,PRB-02: The Best 2 - Premium Booster,jp,Carrot | Gold Foil,DON!!,,,6391,one_piece:PRB-CAR-G,352575,352575,,852232,,,,,,,,,,,,,,,,,,,Low,32.32,EUR,EUR,cardtrader,352575,high,2026-08-28T15:00:15.994637+00:00,"""{\""cardmarket_exact_candidates\"": [], \""snapshot_fingerprint\"": \""89b22d39a7eda03d5e26ba03705a6aa47bbd87a0832b128961b3d1d8a0810734\""}""",MISMATCH,stored Cardmarket product conflicts with local printing,true,false,false,,,,,,,,CRITICAL,,,,CRITICAL,wrong_cardmarket_id,,"{""external_provenance"": [{""exact_language"": false, ""id"": 852232, ""metadata"": {""allowed_languages"": [""en"", ""jp"", ""zh-CN"", ""kr"", ""fr""]}, ""scope"": ""mixed""}], ""mismatch_reasons"": [""wrong_cardmarket_id""], ""scryfall_cardmarket_id"": null, ""stored_ids"": [852232], ""validated_stored_ids"": [852232]}",,,,
23115,one_piece,DON!!,PRB-CHO,prb02,PRB-02: The Best 2 - Premium Booster,en,Chopper,DON!!,,,6392,one_piece:PRB-CHO,352576,352576,,"852233,852234",,,,,,,,,,,,,,,,,,,Low,0.55,EUR,EUR,cardtrader,352576,high,2026-08-29T12:19:30.162830+00:00,"""{\""cardmarket_exact_candidates\"": [], \""snapshot_fingerprint\"": \""2f15e7f9244645a4b50ffe48e073b3c8b1f454ba3cf0b0dbb2f6fdcb933ed546\""}""",MISMATCH,stored Cardmarket product conflicts with local printing,true,false,false,,,,,,,,CRITICAL,,,,CRITICAL,wrong_cardmarket_id,,"{""external_provenance"": [{""exact_language"": false, ""id"": 852233, ""metadata"": {""allowed_languages"": [""en"", ""jp"", ""zh-CN"", ""kr"", ""fr""]}, ""scope"": ""mixed""}, {""exact_language"": false, ""id"": 852234, ""metadata"": {""allowed_languages"": [""en"", ""jp"", ""zh-CN"", ""kr"", ""fr""]}, ""scope"": ""mixed""}], ""mismatch_reasons"": [""wrong_cardmarket_id""], ""scryfall_cardmarket_id"": null, ""stored_ids"": [852233, 852234], ""validated_stored_ids"": [852233, 852234]}",,,,
23116,one_piece,DON!!,PRB-CHO,prb02,PRB-02: The Best 2 - Premium Booster,jp,Chopper,DON!!,,,6392,one_piece:PRB-CHO,352576,352576,,"852233,852234",,,,,,,,,,,,,,,,,,,Low,0.17,EUR,EUR,cardtrader,352576,high,2026-08-29T12:19:30.162830+00:00,"""{\""cardmarket_exact_candidates\"": [], \""snapshot_fingerprint\"": \""053c32a936e194731cc164caa600128b7ef4f04c70e6689b329ef24aba36517a\""}""",MISMATCH,stored Cardmarket product conflicts with local printing,true,false,false,,,,,,,,CRITICAL,,,,CRITICAL,wrong_cardmarket_id,,"{""external_provenance"": [{""exact_language"": false, ""id"": 852233, ""metadata"": {""allowed_languages"": [""en"", ""jp"", ""zh-CN"", ""kr"", ""fr""]}, ""scope"": ""mixed""}, {""exact_language"": false, ""id"": 852234, ""metadata"": {""allowed_languages"": [""en"", ""jp"", ""zh-CN"", ""kr"", ""fr""]}, ""scope"": ""mixed""}], ""mismatch_reasons"": [""wrong_cardmarket_id""], ""scryfall_cardmarket_id"": null, ""stored_ids"": [852233, 852234], ""validated_stored_ids"": [852233, 852234]}",,,,
23117,one_piece,DON!!,PRB-CHO-G,prb02,PRB-02: The Best 2 - Premium Booster,jp,Chopper | Gold Foil,DON!!,,,6393,one_piece:PRB-CHO-G,352577,352577,,852235,,,,,,,,,,,,,,,,,,,Low,73.95,EUR,EUR,cardtrader,352577,low,2026-08-28T15:00:15.994637+00:00,"""{\""cardmarket_exact_candidates\"": [], \""snapshot_fingerprint\"": \""019a8680f4993da41cc1a4b32ef076402a52a431510c305d5b1815b65bbff0e3\""}""",MISMATCH,stored Cardmarket product conflicts with local printing,true,false,false,,,,,,,,CRITICAL,,,,CRITICAL,wrong_cardmarket_id,,"{""external_provenance"": [{""exact_language"": false, ""id"": 852235, ""metadata"": {""allowed_languages"": [""en"", ""jp"", ""zh-CN"", ""kr"", ""fr""]}, ""scope"": ""mixed""}], ""mismatch_reasons"": [""wrong_cardmarket_id""], ""scryfall_cardmarket_id"": null, ""stored_ids"": [852235], ""validated_stored_ids"": [852235]}",,,,
23118,one_piece,DON!!,PRB-FOX,prb02,PRB-02: The Best 2 - Premium Booster,en,Foxy,DON!!,,,6394,one_piece:PRB-FOX,352578,352578,,"852236,852237",,,,,,,,,,,,,,,,,,,Low,0.19,EUR,EUR,cardtrader,352578,high,2026-08-29T12:19:30.162830+00:00,"""{\""cardmarket_exact_candidates\"": [], \""snapshot_fingerprint\"": \""99fe3f7900df97002fa53fc3002732019f4a03da2d07d08eb8199da523d779dd\""}""",MISMATCH,stored Cardmarket product conflicts with local printing,true,false,false,,,,,,,,CRITICAL,,,,CRITICAL,wrong_cardmarket_id,,"{""external_provenance"": [{""exact_language"": false, ""id"": 852236, ""metadata"": {""allowed_languages"": [""en"", ""jp"", ""zh-CN"", ""kr"", ""fr""]}, ""scope"": ""mixed""}, {""exact_language"": false, ""id"": 852237, ""metadata"": {""allowed_languages"": [""en"", ""jp"", ""zh-CN"", ""kr"", ""fr""]}, ""scope"": ""mixed""}], ""mismatch_reasons"": [""wrong_cardmarket_id""], ""scryfall_cardmarket_id"": null, ""stored_ids"": [852236, 852237], ""validated_stored_ids"": [852236, 852237]}",,,,
23119,one_piece,DON!!,PRB-FOX,prb02,PRB-02: The Best 2 - Premium Booster,jp,Foxy,DON!!,,,6394,one_piece:PRB-FOX,352578,352578,,"852236,852237",,,,,,,,,,,,,,,,,,,Low,0.17,EUR,EUR,cardtrader,352578,high,2026-08-29T12:19:30.162830+00:00,"""{\""cardmarket_exact_candidates\"": [], \""snapshot_fingerprint\"": \""e64791a296d109fa1f3333dc46f3461e85a8f42c59321896a2b66eb8cae6a15d\""}""",MISMATCH,stored Cardmarket product conflicts with local printing,true,false,false,,,,,,,,CRITICAL,,,,CRITICAL,wrong_cardmarket_id,,"{""external_provenance"": [{""exact_language"": false, ""id"": 852236, ""metadata"": {""allowed_languages"": [""en"", ""jp"", ""zh-CN"", ""kr"", ""fr""]}, ""scope"": ""mixed""}, {""exact_language"": false, ""id"": 852237, ""metadata"": {""allowed_languages"": [""en"", ""jp"", ""zh-CN"", ""kr"", ""fr""]}, ""scope"": ""mixed""}], ""mismatch_reasons"": [""wrong_cardmarket_id""], ""scryfall_cardmarket_id"": null, ""stored_ids"": [852236, 852237], ""validated_stored_ids"": [852236, 852237]}",,,,
23120,one_piece,DON!!,PRB-FOX-G,prb02,PRB-02: The Best 2 - Premium Booster,jp,Foxy | Gold Foil,DON!!,,,6395,one_piece:PRB-FOX-G,352579,352579,,852238,,,,,,,,,,,,,,,,,,,Low,22.3,EUR,EUR,cardtrader,352579,high,2026-08-29T12:19:30.162830+00:00,"""{\""cardmarket_exact_candidates\"": [], \""snapshot_fingerprint\"": \""252874b6c0d70940cce05f4fd90ac5efe5caf7440b9b3916c99b5a51ea03f515\""}""",MISMATCH,stored Cardmarket product conflicts with local printing,true,false,false,,,,,,,,CRITICAL,,,,CRITICAL,wrong_cardmarket_id,,"{""external_provenance"": [{""exact_language"": false, ""id"": 852238, ""metadata"": {""allowed_languages"": [""en"", ""jp"", ""zh-CN"", ""kr"", ""fr""]}, ""scope"": ""mixed""}], ""mismatch_reasons"": [""wrong_cardmarket_id""], ""scryfall_cardmarket_id"": null, ""stored_ids"": [852238], ""validated_stored_ids"": [852238]}",,,,
23121,one_piece,DON!!,PRB-HAN,prb02,PRB-02: The Best 2 - Premium Booster,en,Hannyabal,DON!!,,,6396,one_piece:PRB-HAN,352580,352580,,"852239,852240",,,,,,,,,,,,,,,,,,,Low,0.12,EUR,EUR,cardtrader,352580,high,2026-08-29T12:19:30.162830+00:00,"""{\""cardmarket_exact_candidates\"": [], \""snapshot_fingerprint\"": \""ca65b540c0bb444aa7952bdc1e6111776799b8efbea634a7991a598f54a6f368\""}""",MISMATCH,stored Cardmarket product conflicts with local printing,true,false,false,,,,,,,,CRITICAL,,,,CRITICAL,wrong_cardmarket_id,,"{""external_provenance"": [{""exact_language"": false, ""id"": 852239, ""metadata"": {""allowed_languages"": [""en"", ""jp"", ""zh-CN"", ""kr"", ""fr""]}, ""scope"": ""mixed""}, {""exact_language"": false, ""id"": 852240, ""metadata"": {""allowed_languages"": [""en"", ""jp"", ""zh-CN"", ""kr"", ""fr""]}, ""scope"": ""mixed""}], ""mismatch_reasons"": [""wrong_cardmarket_id""], ""scryfall_cardmarket_id"": null, ""stored_ids"": [852239, 852240], ""validated_stored_ids"": [852239, 852240]}",,,,
23122,one_piece,DON!!,PRB-HAN,prb02,PRB-02: The Best 2 - Premium Booster,jp,Hannyabal,DON!!,,,6396,one_piece:PRB-HAN,352580,352580,,"852239,852240",,,,,,,,,,,,,,,,,,,Low,0.11,EUR,EUR,cardtrader,352580,high,2026-08-29T12:19:30.162830+00:00,"""{\""cardmarket_exact_candidates\"": [], \""snapshot_fingerprint\"": \""fc06db6eec206949712f6721c7c7b95a5607a8a66e2e2dd0ef1fe1b43500694b\""}""",MISMATCH,stored Cardmarket product conflicts with local printing,true,false,false,,,,,,,,CRITICAL,,,,CRITICAL,wrong_cardmarket_id,,"{""external_provenance"": [{""exact_language"": false, ""id"": 852239, ""metadata"": {""allowed_languages"": [""en"", ""jp"", ""zh-CN"", ""kr"", ""fr""]}, ""scope"": ""mixed""}, {""exact_language"": false, ""id"": 852240, ""metadata"": {""allowed_languages"": [""en"", ""jp"", ""zh-CN"", ""kr"", ""fr""]}, ""scope"": ""mixed""}], ""mismatch_reasons"": [""wrong_cardmarket_id""], ""scryfall_cardmarket_id"": null, ""stored_ids"": [852239, 852240], ""validated_stored_ids"": [852239, 852240]}",,,,
23123,one_piece,DON!!,PRB-HAN-G,prb02,PRB-02: The Best 2 - Premium Booster,jp,Hannyabal | Gold Foil,DON!!,,,6397,one_piece:PRB-HAN-G,352581,352581,,852241,,,,,,,,,,,,,,,,,,,Low,11.7,EUR,EUR,cardtrader,352581,high,2026-08-28T15:00:15.994637+00:00,"""{\""cardmarket_exact_candidates\"": [], \""snapshot_fingerprint\"": \""ab52cb872a3ab4633d80e95d030e3b4bb87a2d1d3a77af8f6f0b43bdd374d9af\""}""",MISMATCH,stored Cardmarket product conflicts with local printing,true,false,false,,,,,,,,CRITICAL,,,,CRITICAL,wrong_cardmarket_id,,"{""external_provenance"": [{""exact_language"": false, ""id"": 852241, ""metadata"": {""allowed_languages"": [""en"", ""jp"", ""zh-CN"", ""kr"", ""fr""]}, ""scope"": ""mixed""}], ""mismatch_reasons"": [""wrong_cardmarket_id""], ""scryfall_cardmarket_id"": null, ""stored_ids"": [852241], ""validated_stored_ids"": [852241]}",,,,
23124,one_piece,DON!!,PRB-JB,prb02,PRB-02: The Best 2 - Premium Booster,en,Jewelry Bonney,DON!!,,,6398,one_piece:PRB-JB,352582,352582,,"852221,852222",,,,,,,,,,,,,,,,,,,Low,0.34,EUR,EUR,cardtrader,352582,high,2026-08-29T12:19:30.162830+00:00,"""{\""cardmarket_exact_candidates\"": [], \""snapshot_fingerprint\"": \""97d4f5ab444aa6236d2a986dfb4bdeab6fde565ac8374b14396a307dcf9a7a0a\""}""",MISMATCH,stored Cardmarket product conflicts with local printing,true,false,false,,,,,,,,CRITICAL,,,,CRITICAL,wrong_cardmarket_id,,"{""external_provenance"": [{""exact_language"": false, ""id"": 852221, ""metadata"": {""allowed_languages"": [""en"", ""jp"", ""zh-CN"", ""kr"", ""fr""]}, ""scope"": ""mixed""}, {""exact_language"": false, ""id"": 852222, ""metadata"": {""allowed_languages"": [""en"", ""jp"", ""zh-CN"", ""kr"", ""fr""]}, ""scope"": ""mixed""}], ""mismatch_reasons"": [""wrong_cardmarket_id""], ""scryfall_cardmarket_id"": null, ""stored_ids"": [852221, 852222], ""validated_stored_ids"": [852221, 852222]}",,,,
23125,one_piece,DON!!,PRB-JB,prb02,PRB-02: The Best 2 - Premium Booster,jp,Jewelry Bonney,DON!!,,,6398,one_piece:PRB-JB,352582,352582,,"852221,852222",,,,,,,,,,,,,,,,,,,Low,0.2,EUR,EUR,cardtrader,352582,high,2026-08-29T12:19:30.162830+00:00,"""{\""cardmarket_exact_candidates\"": [], \""snapshot_fingerprint\"": \""dcfe346efb03f31825b9296bac1a140d2b72852945ec7d045f5d4e0ae9cf2ee4\""}""",MISMATCH,stored Cardmarket product conflicts with local printing,true,false,false,,,,,,,,CRITICAL,,,,CRITICAL,wrong_cardmarket_id,,"{""external_provenance"": [{""exact_language"": false, ""id"": 852221, ""metadata"": {""allowed_languages"": [""en"", ""jp"", ""zh-CN"", ""kr"", ""fr""]}, ""scope"": ""mixed""}, {""exact_language"": false, ""id"": 852222, ""metadata"": {""allowed_languages"": [""en"", ""jp"", ""zh-CN"", ""kr"", ""fr""]}, ""scope"": ""mixed""}], ""mismatch_reasons"": [""wrong_cardmarket_id""], ""scryfall_cardmarket_id"": null, ""stored_ids"": [852221, 852222], ""validated_stored_ids"": [852221, 852222]}",,,,
23126,one_piece,DON!!,PRB-JB-G,prb02,PRB-02: The Best 2 - Premium Booster,jp,Jewelry Bonney | Gold Foil,DON!!,,,6399,one_piece:PRB-JB-G,352583,352583,,852223,,,,,,,,,,,,,,,,,,,Low,30.82,EUR,EUR,cardtrader,352583,high,2026-08-28T15:00:15.994637+00:00,"""{\""cardmarket_exact_candidates\"": [], \""snapshot_fingerprint\"": \""9fce96172a9ee843426525b52e3940c7590722ea75aa1313b07ce454b608df58\""}""",MISMATCH,stored Cardmarket product conflicts with local printing,true,false,false,,,,,,,,CRITICAL,,,,CRITICAL,wrong_cardmarket_id,,"{""external_provenance"": [{""exact_language"": false, ""id"": 852223, ""metadata"": {""allowed_languages"": [""en"", ""jp"", ""zh-CN"", ""kr"", ""fr""]}, ""scope"": ""mixed""}], ""mismatch_reasons"": [""wrong_cardmarket_id""], ""scryfall_cardmarket_id"": null, ""stored_ids"": [852223], ""validated_stored_ids"": [852223]}",,,,
23127,one_piece,DON!!,PRB-JIN,prb02,PRB-02: The Best 2 - Premium Booster,en,Jinbe,DON!!,,,6400,one_piece:PRB-JIN,352584,352584,,"852242,852243",,,,,,,,,,,,,,,,,,,Low,0.24,EUR,EUR,cardtrader,352584,high,2026-08-29T12:19:30.162830+00:00,"""{\""cardmarket_exact_candidates\"": [], \""snapshot_fingerprint\"": \""bddf29488ab60d7757ae2bb7655a41816b8add2e230c5e13f46831f4992c7bbf\""}""",MISMATCH,stored Cardmarket product conflicts with local printing,true,false,false,,,,,,,,CRITICAL,,,,CRITICAL,wrong_cardmarket_id,,"{""external_provenance"": [{""exact_language"": false, ""id"": 852242, ""metadata"": {""allowed_languages"": [""en"", ""jp"", ""zh-CN"", ""kr"", ""fr""]}, ""scope"": ""mixed""}, {""exact_language"": false, ""id"": 852243, ""metadata"": {""allowed_languages"": [""en"", ""jp"", ""zh-CN"", ""kr"", ""fr""]}, ""scope"": ""mixed""}], ""mismatch_reasons"": [""wrong_cardmarket_id""], ""scryfall_cardmarket_id"": null, ""stored_ids"": [852242, 852243], ""validated_stored_ids"": [852242, 852243]}",,,,
23128,one_piece,DON!!,PRB-JIN,prb02,PRB-02: The Best 2 - Premium Booster,jp,Jinbe,DON!!,,,6400,one_piece:PRB-JIN,352584,352584,,"852242,852243",,,,,,,,,,,,,,,,,,,Low,0.51,EUR,EUR,cardtrader,352584,high,2026-08-29T12:19:30.162830+00:00,"""{\""cardmarket_exact_candidates\"": [], \""snapshot_fingerprint\"": \""60a320bd7fd5cf7e23fb26f025f4332706550be4101c975136b96f2b53fbc5dd\""}""",MISMATCH,stored Cardmarket product conflicts with local printing,true,false,false,,,,,,,,CRITICAL,,,,CRITICAL,wrong_cardmarket_id,,"{""external_provenance"": [{""exact_language"": false, ""id"": 852242, ""metadata"": {""allowed_languages"": [""en"", ""jp"", ""zh-CN"", ""kr"", ""fr""]}, ""scope"": ""mixed""}, {""exact_language"": false, ""id"": 852243, ""metadata"": {""allowed_languages"": [""en"", ""jp"", ""zh-CN"", ""kr"", ""fr""]}, ""scope"": ""mixed""}], ""mismatch_reasons"": [""wrong_cardmarket_id""], ""scryfall_cardmarket_id"": null, ""stored_ids"": [852242, 852243], ""validated_stored_ids"": [852242, 852243]}",,,,
23129,one_piece,DON!!,PRB-JIN-G,prb02,PRB-02: The Best 2 - Premium Booster,jp,Jinbe | Gold Foil,DON!!,,,6401,one_piece:PRB-JIN-G,352585,352585,,852244,,,,,,,,,,,,,,,,,,,Low,19.27,EUR,EUR,cardtrader,352585,high,2026-08-29T12:19:30.162830+00:00,"""{\""cardmarket_exact_candidates\"": [], \""snapshot_fingerprint\"": \""df9d35f2a7301126ab1e7f0b5f3fd1eeebd840226d98703e0b1e607453357076\""}""",MISMATCH,stored Cardmarket product conflicts with local printing,true,false,false,,,,,,,,CRITICAL,,,,CRITICAL,wrong_cardmarket_id,,"{""external_provenance"": [{""exact_language"": false, ""id"": 852244, ""metadata"": {""allowed_languages"": [""en"", ""jp"", ""zh-CN"", ""kr"", ""fr""]}, ""scope"": ""mixed""}], ""mismatch_reasons"": [""wrong_cardmarket_id""], ""scryfall_cardmarket_id"": null, ""stored_ids"": [852244], ""validated_stored_ids"": [852244]}",,,,
23130,one_piece,DON!!,PRB-KAL,prb02,PRB-02: The Best 2 - Premium Booster,en,Kalgara,DON!!,,,6402,one_piece:PRB-KAL,352586,352586,,"852245,852246",,,,,,,,,,,,,,,,,,,Low,0.26,EUR,EUR,cardtrader,352586,high,2026-08-29T12:19:30.162830+00:00,"""{\""cardmarket_exact_candidates\"": [], \""snapshot_fingerprint\"": \""04a718199e22546db69d929fcdca1374cffaeae1b522d8a298941e6bc29de1c0\""}""",MISMATCH,stored Cardmarket product conflicts with local printing,true,false,false,,,,,,,,CRITICAL,,,,CRITICAL,wrong_cardmarket_id,,"{""external_provenance"": [{""exact_language"": false, ""id"": 852245, ""metadata"": {""allowed_languages"": [""en"", ""jp"", ""zh-CN"", ""kr"", ""fr""]}, ""scope"": ""mixed""}, {""exact_language"": false, ""id"": 852246, ""metadata"": {""allowed_languages"": [""en"", ""jp"", ""zh-CN"", ""kr"", ""fr""]}, ""scope"": ""mixed""}], ""mismatch_reasons"": [""wrong_cardmarket_id""], ""scryfall_cardmarket_id"": null, ""stored_ids"": [852245, 852246], ""validated_stored_ids"": [852245, 852246]}",,,,
23131,one_piece,DON!!,PRB-KAL,prb02,PRB-02: The Best 2 - Premium Booster,jp,Kalgara,DON!!,,,6402,one_piece:PRB-KAL,352586,352586,,"852245,852246",,,,,,,,,,,,,,,,,,,Low,0.14,EUR,EUR,cardtrader,352586,high,2026-08-29T12:19:30.162830+00:00,"""{\""cardmarket_exact_candidates\"": [], \""snapshot_fingerprint\"": \""353c70227e921fbf9ded746f5765cabb328626d5ef526179c6c2d6023ecd29f2\""}""",MISMATCH,stored Cardmarket product conflicts with local printing,true,false,false,,,,,,,,CRITICAL,,,,CRITICAL,wrong_cardmarket_id,,"{""external_provenance"": [{""exact_language"": false, ""id"": 852245, ""metadata"": {""allowed_languages"": [""en"", ""jp"", ""zh-CN"", ""kr"", ""fr""]}, ""scope"": ""mixed""}, {""exact_language"": false, ""id"": 852246, ""metadata"": {""allowed_languages"": [""en"", ""jp"", ""zh-CN"", ""kr"", ""fr""]}, ""scope"": ""mixed""}], ""mismatch_reasons"": [""wrong_cardmarket_id""], ""scryfall_cardmarket_id"": null, ""stored_ids"": [852245, 852246], ""validated_stored_ids"": [852245, 852246]}",,,,
23132,one_piece,DON!!,PRB-KAL-G,prb02,PRB-02: The Best 2 - Premium Booster,jp,Kalgara | Gold Foil,DON!!,,,6403,one_piece:PRB-KAL-G,352587,352587,,852247,,,,,,,,,,,,,,,,,,,Low,30.1,EUR,EUR,cardtrader,352587,high,2026-08-29T12:19:30.162830+00:00,"""{\""cardmarket_exact_candidates\"": [], \""snapshot_fingerprint\"": \""98984fdce865280318b1ebcdda5751817b50a9336f7310e680997939d0af7f1c\""}""",MISMATCH,stored Cardmarket product conflicts with local printing,true,false,false,,,,,,,,CRITICAL,,,,CRITICAL,wrong_cardmarket_id,,"{""external_provenance"": [{""exact_language"": false, ""id"": 852247, ""metadata"": {""allowed_languages"": [""en"", ""jp"", ""zh-CN"", ""kr"", ""fr""]}, ""scope"": ""mixed""}], ""mismatch_reasons"": [""wrong_cardmarket_id""], ""scryfall_cardmarket_id"": null, ""stored_ids"": [852247], ""validated_stored_ids"": [852247]}",,,,
23133,one_piece,DON!!,PRB-KOB,prb02,PRB-02: The Best 2 - Premium Booster,en,Koby,DON!!,,,6404,one_piece:PRB-KOB,352588,352588,,"852248,852249",,,,,,,,,,,,,,,,,,,Low,0.2,EUR,EUR,cardtrader,352588,high,2026-08-29T12:19:30.162830+00:00,"""{\""cardmarket_exact_candidates\"": [], \""snapshot_fingerprint\"": \""53d132770984b01004c8f48f3ff2d769949adaa500599750c3719a0c1ebd7145\""}""",MISMATCH,stored Cardmarket product conflicts with local printing,true,false,false,,,,,,,,CRITICAL,,,,CRITICAL,wrong_cardmarket_id,,"{""external_provenance"": [{""exact_language"": false, ""id"": 852248, ""metadata"": {""allowed_languages"": [""en"", ""jp"", ""zh-CN"", ""kr"", ""fr""]}, ""scope"": ""mixed""}, {""exact_language"": false, ""id"": 852249, ""metadata"": {""allowed_languages"": [""en"", ""jp"", ""zh-CN"", ""kr"", ""fr""]}, ""scope"": ""mixed""}], ""mismatch_reasons"": [""wrong_cardmarket_id""], ""scryfall_cardmarket_id"": null, ""stored_ids"": [852248, 852249], ""validated_stored_ids"": [852248, 852249]}",,,,
23134,one_piece,DON!!,PRB-KOB,prb02,PRB-02: The Best 2 - Premium Booster,jp,Koby,DON!!,,,6404,one_piece:PRB-KOB,352588,352588,,"852248,852249",,,,,,,,,,,,,,,,,,,Low,0.2,EUR,EUR,cardtrader,352588,high,2026-08-29T12:19:30.162830+00:00,"""{\""cardmarket_exact_candidates\"": [], \""snapshot_fingerprint\"": \""95a21ced735f13a76fea02532b2c1f62c83a3af4553aa921d22a16dc91ed86ff\""}""",MISMATCH,stored Cardmarket product conflicts with local printing,true,false,false,,,,,,,,CRITICAL,,,,CRITICAL,wrong_cardmarket_id,,"{""external_provenance"": [{""exact_language"": false, ""id"": 852248, ""metadata"": {""allowed_languages"": [""en"", ""jp"", ""zh-CN"", ""kr"", ""fr""]}, ""scope"": ""mixed""}, {""exact_language"": false, ""id"": 852249, ""metadata"": {""allowed_languages"": [""en"", ""jp"", ""zh-CN"", ""kr"", ""fr""]}, ""scope"": ""mixed""}], ""mismatch_reasons"": [""wrong_cardmarket_id""], ""scryfall_cardmarket_id"": null, ""stored_ids"": [852248, 852249], ""validated_stored_ids"": [852248, 852249]}",,,,
23135,one_piece,DON!!,PRB-KOB-G,prb02,PRB-02: The Best 2 - Premium Booster,jp,Koby | Gold Foil,DON!!,,,6405,one_piece:PRB-KOB-G,352589,352589,,852250,,,,,,,,,,,,,,,,,,,Low,33.9,EUR,EUR,cardtrader,352589,high,2026-08-28T15:00:15.994637+00:00,"""{\""cardmarket_exact_candidates\"": [], \""snapshot_fingerprint\"": \""5becfb868ee1cd9618a60e570248839f3c2893a6aeba1066c9f282b8a54a2cf2\""}""",MISMATCH,stored Cardmarket product conflicts with local printing,true,false,false,,,,,,,,CRITICAL,,,,CRITICAL,wrong_cardmarket_id,,"{""external_provenance"": [{""exact_language"": false, ""id"": 852250, ""metadata"": {""allowed_languages"": [""en"", ""jp"", ""zh-CN"", ""kr"", ""fr""]}, ""scope"": ""mixed""}], ""mismatch_reasons"": [""wrong_cardmarket_id""], ""scryfall_cardmarket_id"": null, ""stored_ids"": [852250], ""validated_stored_ids"": [852250]}",,,,
23136,one_piece,DON!!,PRB-KYR,prb02,PRB-02: The Best 2 - Premium Booster,en,Kyros,DON!!,,,6406,one_piece:PRB-KYR,352590,352590,,"852251,852252",,,,,,,,,,,,,,,,,,,Low,0.13,EUR,EUR,cardtrader,352590,high,2026-08-29T12:19:30.162830+00:00,"""{\""cardmarket_exact_candidates\"": [], \""snapshot_fingerprint\"": \""a94fbd7b90706ec4f3d06887b07270c221ab5c09b0cc12676457d13e7ca277f9\""}""",MISMATCH,stored Cardmarket product conflicts with local printing,true,false,false,,,,,,,,CRITICAL,,,,CRITICAL,wrong_cardmarket_id,,"{""external_provenance"": [{""exact_language"": false, ""id"": 852251, ""metadata"": {""allowed_languages"": [""en"", ""jp"", ""zh-CN"", ""kr"", ""fr""]}, ""scope"": ""mixed""}, {""exact_language"": false, ""id"": 852252, ""metadata"": {""allowed_languages"": [""en"", ""jp"", ""zh-CN"", ""kr"", ""fr""]}, ""scope"": ""mixed""}], ""mismatch_reasons"": [""wrong_cardmarket_id""], ""scryfall_cardmarket_id"": null, ""stored_ids"": [852251, 852252], ""validated_stored_ids"": [852251, 852252]}",,,,
23137,one_piece,DON!!,PRB-KYR,prb02,PRB-02: The Best 2 - Premium Booster,jp,Kyros,DON!!,,,6406,one_piece:PRB-KYR,352590,352590,,"852251,852252",,,,,,,,,,,,,,,,,,,Low,0.15,EUR,EUR,cardtrader,352590,high,2026-08-29T12:19:30.162830+00:00,"""{\""cardmarket_exact_candidates\"": [], \""snapshot_fingerprint\"": \""59c813686a7abe5c00bac093c43c105017b7fbb3a61cdce1d8063deb01d0996a\""}""",MISMATCH,stored Cardmarket product conflicts with local printing,true,false,false,,,,,,,,CRITICAL,,,,CRITICAL,wrong_cardmarket_id,,"{""external_provenance"": [{""exact_language"": false, ""id"": 852251, ""metadata"": {""allowed_languages"": [""en"", ""jp"", ""zh-CN"", ""kr"", ""fr""]}, ""scope"": ""mixed""}, {""exact_language"": false, ""id"": 852252, ""metadata"": {""allowed_languages"": [""en"", ""jp"", ""zh-CN"", ""kr"", ""fr""]}, ""scope"": ""mixed""}], ""mismatch_reasons"": [""wrong_cardmarket_id""], ""scryfall_cardmarket_id"": null, ""stored_ids"": [852251, 852252], ""validated_stored_ids"": [852251, 852252]}",,,,
23138,one_piece,DON!!,PRB-KYR-G,prb02,PRB-02: The Best 2 - Premium Booster,jp,Kyros | Gold Foil,DON!!,,,6407,one_piece:PRB-KYR-G,352591,352591,,852253,,,,,,,,,,,,,,,,,,,Low,20.66,EUR,EUR,cardtrader,352591,high,2026-08-29T12:19:30.162830+00:00,"""{\""cardmarket_exact_candidates\"": [], \""snapshot_fingerprint\"": \""b10db1d2eafad5b11b69463e7cd9c053c048aa5ce9a771b5c132dee546b99c20\""}""",MISMATCH,stored Cardmarket product conflicts with local printing,true,false,false,,,,,,,,CRITICAL,,,,CRITICAL,wrong_cardmarket_id,,"{""external_provenance"": [{""exact_language"": false, ""id"": 852253, ""metadata"": {""allowed_languages"": [""en"", ""jp"", ""zh-CN"", ""kr"", ""fr""]}, ""scope"": ""mixed""}], ""mismatch_reasons"": [""wrong_cardmarket_id""], ""scryfall_cardmarket_id"": null, ""stored_ids"": [852253], ""validated_stored_ids"": [852253]}",,,,
23139,one_piece,DON!!,PRB-LIM,prb02,PRB-02: The Best 2 - Premium Booster,en,Lim,DON!!,,,6408,one_piece:PRB-LIM,352592,352592,,"852254,852255",,,,,,,,,,,,,,,,,,,Low,0.23,EUR,EUR,cardtrader,352592,high,2026-08-29T12:19:30.162830+00:00,"""{\""cardmarket_exact_candidates\"": [], \""snapshot_fingerprint\"": \""e0b3afb7bbe985af0582e2b0f12221b799d242755d95233b092e663b27d561f8\""}""",MISMATCH,stored Cardmarket product conflicts with local printing,true,false,false,,,,,,,,CRITICAL,,,,CRITICAL,wrong_cardmarket_id,,"{""external_provenance"": [{""exact_language"": false, ""id"": 852254, ""metadata"": {""allowed_languages"": [""en"", ""jp"", ""zh-CN"", ""kr"", ""fr""]}, ""scope"": ""mixed""}, {""exact_language"": false, ""id"": 852255, ""metadata"": {""allowed_languages"": [""en"", ""jp"", ""zh-CN"", ""kr"", ""fr""]}, ""scope"": ""mixed""}], ""mismatch_reasons"": [""wrong_cardmarket_id""], ""scryfall_cardmarket_id"": null, ""stored_ids"": [852254, 852255], ""validated_stored_ids"": [852254, 852255]}",,,,
23140,one_piece,DON!!,PRB-LIM,prb02,PRB-02: The Best 2 - Premium Booster,jp,Lim,DON!!,,,6408,one_piece:PRB-LIM,352592,352592,,"852254,852255",,,,,,,,,,,,,,,,,,,Low,0.19,EUR,EUR,cardtrader,352592,high,2026-08-29T12:19:30.162830+00:00,"""{\""cardmarket_exact_candidates\"": [], \""snapshot_fingerprint\"": \""4d1badb77b997465f8f412677c9fe24c0ab330920597b804e2f2eb5bfbc9c73e\""}""",MISMATCH,stored Cardmarket product conflicts with local printing,true,false,false,,,,,,,,CRITICAL,,,,CRITICAL,wrong_cardmarket_id,,"{""external_provenance"": [{""exact_language"": false, ""id"": 852254, ""metadata"": {""allowed_languages"": [""en"", ""jp"", ""zh-CN"", ""kr"", ""fr""]}, ""scope"": ""mixed""}, {""exact_language"": false, ""id"": 852255, ""metadata"": {""allowed_languages"": [""en"", ""jp"", ""zh-CN"", ""kr"", ""fr""]}, ""scope"": ""mixed""}], ""mismatch_reasons"": [""wrong_cardmarket_id""], ""scryfall_cardmarket_id"": null, ""stored_ids"": [852254, 852255], ""validated_stored_ids"": [852254, 852255]}",,,,
23141,one_piece,DON!!,PRB-LIM-G,prb02,PRB-02: The Best 2 - Premium Booster,jp,Lim | Gold Foil,DON!!,,,6409,one_piece:PRB-LIM-G,352593,352593,,852256,,,,,,,,,,,,,,,,,,,Low,24.4,EUR,EUR,cardtrader,352593,high,2026-08-28T15:00:15.994637+00:00,"""{\""cardmarket_exact_candidates\"": [], \""snapshot_fingerprint\"": \""e874b9bbeec3c4cd80c2d27923234e18bfc6a5e216d3dcd0736cddab3d7d08e0\""}""",MISMATCH,stored Cardmarket product conflicts with local printing,true,false,false,,,,,,,,CRITICAL,,,,CRITICAL,wrong_cardmarket_id,,"{""external_provenance"": [{""exact_language"": false, ""id"": 852256, ""metadata"": {""allowed_languages"": [""en"", ""jp"", ""zh-CN"", ""kr"", ""fr""]}, ""scope"": ""mixed""}], ""mismatch_reasons"": [""wrong_cardmarket_id""], ""scryfall_cardmarket_id"": null, ""stored_ids"": [852256], ""validated_stored_ids"": [852256]}",,,,
23142,one_piece,DON!!,PRB-RL,prb02,PRB-02: The Best 2 - Premium Booster,en,Rob Lucci,DON!!,,,6410,one_piece:PRB-RL,352594,352594,,"852257,852258",,,,,,,,,,,,,,,,,,,Low,0.19,EUR,EUR,cardtrader,352594,high,2026-08-29T12:19:30.162830+00:00,"""{\""cardmarket_exact_candidates\"": [], \""snapshot_fingerprint\"": \""a622b7bb16da4c86700754076dc6c0319656df00468aa3a420d4d081f6b8c830\""}""",MISMATCH,stored Cardmarket product conflicts with local printing,true,false,false,,,,,,,,CRITICAL,,,,CRITICAL,wrong_cardmarket_id,,"{""external_provenance"": [{""exact_language"": false, ""id"": 852257, ""metadata"": {""allowed_languages"": [""en"", ""jp"", ""zh-CN"", ""kr"", ""fr""]}, ""scope"": ""mixed""}, {""exact_language"": false, ""id"": 852258, ""metadata"": {""allowed_languages"": [""en"", ""jp"", ""zh-CN"", ""kr"", ""fr""]}, ""scope"": ""mixed""}], ""mismatch_reasons"": [""wrong_cardmarket_id""], ""scryfall_cardmarket_id"": null, ""stored_ids"": [852257, 852258], ""validated_stored_ids"": [852257, 852258]}",,,,
23143,one_piece,DON!!,PRB-RL,prb02,PRB-02: The Best 2 - Premium Booster,jp,Rob Lucci,DON!!,,,6410,one_piece:PRB-RL,352594,352594,,"852257,852258",,,,,,,,,,,,,,,,,,,Low,0.13,EUR,EUR,cardtrader,352594,high,2026-08-29T12:19:30.162830+00:00,"""{\""cardmarket_exact_candidates\"": [], \""snapshot_fingerprint\"": \""21b99408378a1ca4c05886ca3a266c7ea299cf46f2c3baded4efff770215f63b\""}""",MISMATCH,stored Cardmarket product conflicts with local printing,true,false,false,,,,,,,,CRITICAL,,,,CRITICAL,wrong_cardmarket_id,,"{""external_provenance"": [{""exact_language"": false, ""id"": 852257, ""metadata"": {""allowed_languages"": [""en"", ""jp"", ""zh-CN"", ""kr"", ""fr""]}, ""scope"": ""mixed""}, {""exact_language"": false, ""id"": 852258, ""metadata"": {""allowed_languages"": [""en"", ""jp"", ""zh-CN"", ""kr"", ""fr""]}, ""scope"": ""mixed""}], ""mismatch_reasons"": [""wrong_cardmarket_id""], ""scryfall_cardmarket_id"": null, ""stored_ids"": [852257, 852258], ""validated_stored_ids"": [852257, 852258]}",,,,
23144,one_piece,DON!!,PRB-RL_G,prb02,PRB-02: The Best 2 - Premium Booster,jp,Rob Lucci | Gold Foil,DON!!,,,6411,one_piece:PRB-RL_G,352595,352595,,852259,,,,,,,,,,,,,,,,,,,Low,30.4,EUR,EUR,cardtrader,352595,high,2026-08-28T15:00:15.994637+00:00,"""{\""cardmarket_exact_candidates\"": [], \""snapshot_fingerprint\"": \""53681d1d92627542e438739615ce2cb217c3f55d4a68742ec380015aa0671236\""}""",MISMATCH,stored Cardmarket product conflicts with local printing,true,false,false,,,,,,,,CRITICAL,,,,CRITICAL,wrong_cardmarket_id,,"{""external_provenance"": [{""exact_language"": false, ""id"": 852259, ""metadata"": {""allowed_languages"": [""en"", ""jp"", ""zh-CN"", ""kr"", ""fr""]}, ""scope"": ""mixed""}], ""mismatch_reasons"": [""wrong_cardmarket_id""], ""scryfall_cardmarket_id"": null, ""stored_ids"": [852259], ""validated_stored_ids"": [852259]}",,,,
23145,one_piece,DON!!,PRB-MAR,prb02,PRB-02: The Best 2 - Premium Booster,en,Marco,DON!!,,,6412,one_piece:PRB-MAR,352596,352596,,"852260,852261",,,,,,,,,,,,,,,,,,,Low,0.37,EUR,EUR,cardtrader,352596,high,2026-08-29T12:19:30.162830+00:00,"""{\""cardmarket_exact_candidates\"": [], \""snapshot_fingerprint\"": \""07a03703bae05b50580363918add979a69ca222bfc14d2c2e74958dbf76c0664\""}""",MISMATCH,stored Cardmarket product conflicts with local printing,true,false,false,,,,,,,,CRITICAL,,,,CRITICAL,wrong_cardmarket_id,,"{""external_provenance"": [{""exact_language"": false, ""id"": 852260, ""metadata"": {""allowed_languages"": [""en"", ""jp"", ""zh-CN"", ""kr"", ""fr""]}, ""scope"": ""mixed""}, {""exact_language"": false, ""id"": 852261, ""metadata"": {""allowed_languages"": [""en"", ""jp"", ""zh-CN"", ""kr"", ""fr""]}, ""scope"": ""mixed""}], ""mismatch_reasons"": [""wrong_cardmarket_id""], ""scryfall_cardmarket_id"": null, ""stored_ids"": [852260, 852261], ""validated_stored_ids"": [852260, 852261]}",,,,
23146,one_piece,DON!!,PRB-MAR,prb02,PRB-02: The Best 2 - Premium Booster,jp,Marco,DON!!,,,6412,one_piece:PRB-MAR,352596,352596,,"852260,852261",,,,,,,,,,,,,,,,,,,Low,0.48,EUR,EUR,cardtrader,352596,high,2026-08-28T15:00:15.994637+00:00,"""{\""cardmarket_exact_candidates\"": [], \""snapshot_fingerprint\"": \""46bd2764168c4bb31f7038f40d0e784015a7289c7d27af92bb37ba85787ecc9a\""}""",MISMATCH,stored Cardmarket product conflicts with local printing,true,false,false,,,,,,,,CRITICAL,,,,CRITICAL,wrong_cardmarket_id,,"{""external_provenance"": [{""exact_language"": false, ""id"": 852260, ""metadata"": {""allowed_languages"": [""en"", ""jp"", ""zh-CN"", ""kr"", ""fr""]}, ""scope"": ""mixed""}, {""exact_language"": false, ""id"": 852261, ""metadata"": {""allowed_languages"": [""en"", ""jp"", ""zh-CN"", ""kr"", ""fr""]}, ""scope"": ""mixed""}], ""mismatch_reasons"": [""wrong_cardmarket_id""], ""scryfall_cardmarket_id"": null, ""stored_ids"": [852260, 852261], ""validated_stored_ids"": [852260, 852261]}",,,,
23147,one_piece,DON!!,PRB-MAR-G,prb02,PRB-02: The Best 2 - Premium Booster,jp,Marco | Gold Foil,DON!!,,,6413,one_piece:PRB-MAR-G,352597,352597,,852262,,,,,,,,,,,,,,,,,,,Low,61.25,EUR,EUR,cardtrader,352597,medium,2026-08-28T15:00:15.994637+00:00,"""{\""cardmarket_exact_candidates\"": [], \""snapshot_fingerprint\"": \""0e862b317b607644eae46186a51ba3416c51b11b00c7508e9dbb93ae93c0c6a5\""}""",MISMATCH,stored Cardmarket product conflicts with local printing,true,false,false,,,,,,,,CRITICAL,,,,CRITICAL,wrong_cardmarket_id,,"{""external_provenance"": [{""exact_language"": false, ""id"": 852262, ""metadata"": {""allowed_languages"": [""en"", ""jp"", ""zh-CN"", ""kr"", ""fr""]}, ""scope"": ""mixed""}], ""mismatch_reasons"": [""wrong_cardmarket_id""], ""scryfall_cardmarket_id"": null, ""stored_ids"": [852262], ""validated_stored_ids"": [852262]}",,,,
23148,one_piece,DON!!,PRB-NAM,prb02,PRB-02: The Best 2 - Premium Booster,en,Nami,DON!!,,,6414,one_piece:PRB-NAM,352598,352598,,"852263,852264",,,,,,,,,,,,,,,,,,,Low,0.65,EUR,EUR,cardtrader,352598,high,2026-08-29T12:19:30.162830+00:00,"""{\""cardmarket_exact_candidates\"": [], \""snapshot_fingerprint\"": \""8b57df2a0a029bffae8a3ccffd0f174a8a47e2e75133e9f60e54e1308f205c3e\""}""",MISMATCH,stored Cardmarket product conflicts with local printing,true,false,false,,,,,,,,CRITICAL,,,,CRITICAL,wrong_cardmarket_id,,"{""external_provenance"": [{""exact_language"": false, ""id"": 852263, ""metadata"": {""allowed_languages"": [""en"", ""jp"", ""zh-CN"", ""kr"", ""fr""]}, ""scope"": ""mixed""}, {""exact_language"": false, ""id"": 852264, ""metadata"": {""allowed_languages"": [""en"", ""jp"", ""zh-CN"", ""kr"", ""fr""]}, ""scope"": ""mixed""}], ""mismatch_reasons"": [""wrong_cardmarket_id""], ""scryfall_cardmarket_id"": null, ""stored_ids"": [852263, 852264], ""validated_stored_ids"": [852263, 852264]}",,,,
23149,one_piece,DON!!,PRB-NAM,prb02,PRB-02: The Best 2 - Premium Booster,jp,Nami,DON!!,,,6414,one_piece:PRB-NAM,352598,352598,,"852263,852264",,,,,,,,,,,,,,,,,,,Low,0.4,EUR,EUR,cardtrader,352598,high,2026-08-29T12:19:30.162830+00:00,"""{\""cardmarket_exact_candidates\"": [], \""snapshot_fingerprint\"": \""2afaced98d09cd22829275f116136a0d5f1c3397d4b9b262dbc07cffd4fd61af\""}""",MISMATCH,stored Cardmarket product conflicts with local printing,true,false,false,,,,,,,,CRITICAL,,,,CRITICAL,wrong_cardmarket_id,,"{""external_provenance"": [{""exact_language"": false, ""id"": 852263, ""metadata"": {""allowed_languages"": [""en"", ""jp"", ""zh-CN"", ""kr"", ""fr""]}, ""scope"": ""mixed""}, {""exact_language"": false, ""id"": 852264, ""metadata"": {""allowed_languages"": [""en"", ""jp"", ""zh-CN"", ""kr"", ""fr""]}, ""scope"": ""mixed""}], ""mismatch_reasons"": [""wrong_cardmarket_id""], ""scryfall_cardmarket_id"": null, ""stored_ids"": [852263, 852264], ""validated_stored_ids"": [852263, 852264]}",,,,
23150,one_piece,DON!!,PRB-NAM-G,prb02,PRB-02: The Best 2 - Premium Booster,jp,Nami | Gold Foil,DON!!,,,6415,one_piece:PRB-NAM-G,352599,352599,,852265,,,,,,,,,,,,,,,,,,,Low,77.64,EUR,EUR,cardtrader,352599,high,2026-08-28T15:00:15.994637+00:00,"""{\""cardmarket_exact_candidates\"": [], \""snapshot_fingerprint\"": \""dc9695ed2b387dedf06d31d9315dadcc01966e99c3f0220d963af57df2b824c1\""}""",MISMATCH,stored Cardmarket product conflicts with local printing,true,false,false,,,,,,,,CRITICAL,,,,CRITICAL,wrong_cardmarket_id,,"{""external_provenance"": [{""exact_language"": false, ""id"": 852265, ""metadata"": {""allowed_languages"": [""en"", ""jp"", ""zh-CN"", ""kr"", ""fr""]}, ""scope"": ""mixed""}], ""mismatch_reasons"": [""wrong_cardmarket_id""], ""scryfall_cardmarket_id"": null, ""stored_ids"": [852265], ""validated_stored_ids"": [852265]}",,,,
23151,one_piece,DON!!,PRB-NR,prb02,PRB-02: The Best 2 - Premium Booster,en,Nico Robin,DON!!,,,6416,one_piece:PRB-NR,352600,352600,,"852266,852267",,,,,,,,,,,,,,,,,,,Low,0.26,EUR,EUR,cardtrader,352600,high,2026-08-29T12:19:30.162830+00:00,"""{\""cardmarket_exact_candidates\"": [], \""snapshot_fingerprint\"": \""3bf5aff3bcb36e0e4072340c12fdf108add7818f62a9db715527fa733b401a25\""}""",MISMATCH,stored Cardmarket product conflicts with local printing,true,false,false,,,,,,,,CRITICAL,,,,CRITICAL,wrong_cardmarket_id,,"{""external_provenance"": [{""exact_language"": false, ""id"": 852266, ""metadata"": {""allowed_languages"": [""en"", ""jp"", ""zh-CN"", ""kr"", ""fr""]}, ""scope"": ""mixed""}, {""exact_language"": false, ""id"": 852267, ""metadata"": {""allowed_languages"": [""en"", ""jp"", ""zh-CN"", ""kr"", ""fr""]}, ""scope"": ""mixed""}], ""mismatch_reasons"": [""wrong_cardmarket_id""], ""scryfall_cardmarket_id"": null, ""stored_ids"": [852266, 852267], ""validated_stored_ids"": [852266, 852267]}",,,,
23152,one_piece,DON!!,PRB-NR,prb02,PRB-02: The Best 2 - Premium Booster,jp,Nico Robin,DON!!,,,6416,one_piece:PRB-NR,352600,352600,,"852266,852267",,,,,,,,,,,,,,,,,,,Low,0.34,EUR,EUR,cardtrader,352600,high,2026-08-29T12:19:30.162830+00:00,"""{\""cardmarket_exact_candidates\"": [], \""snapshot_fingerprint\"": \""c6ea492ac432461d1197261d4df5032b5f1d883c6d9e33b02f28a7e5a41cb0f4\""}""",MISMATCH,stored Cardmarket product conflicts with local printing,true,false,false,,,,,,,,CRITICAL,,,,CRITICAL,wrong_cardmarket_id,,"{""external_provenance"": [{""exact_language"": false, ""id"": 852266, ""metadata"": {""allowed_languages"": [""en"", ""jp"", ""zh-CN"", ""kr"", ""fr""]}, ""scope"": ""mixed""}, {""exact_language"": false, ""id"": 852267, ""metadata"": {""allowed_languages"": [""en"", ""jp"", ""zh-CN"", ""kr"", ""fr""]}, ""scope"": ""mixed""}], ""mismatch_reasons"": [""wrong_cardmarket_id""], ""scryfall_cardmarket_id"": null, ""stored_ids"": [852266, 852267], ""validated_stored_ids"": [852266, 852267]}",,,,
23153,one_piece,DON!!,PRB-NR-G,prb02,PRB-02: The Best 2 - Premium Booster,jp,Nico Robin | Gold Foil,DON!!,,,6417,one_piece:PRB-NR-G,352601,352601,,852268,,,,,,,,,,,,,,,,,,,Low,39.4,EUR,EUR,cardtrader,352601,high,2026-08-28T15:00:15.994637+00:00,"""{\""cardmarket_exact_candidates\"": [], \""snapshot_fingerprint\"": \""b484fe6161281c595dc0d05b04cead45b3b47103bab03d56ec6aba12afe4d77d\""}""",MISMATCH,stored Cardmarket product conflicts with local printing,true,false,false,,,,,,,,CRITICAL,,,,CRITICAL,wrong_cardmarket_id,,"{""external_provenance"": [{""exact_language"": false, ""id"": 852268, ""metadata"": {""allowed_languages"": [""en"", ""jp"", ""zh-CN"", ""kr"", ""fr""]}, ""scope"": ""mixed""}], ""mismatch_reasons"": [""wrong_cardmarket_id""], ""scryfall_cardmarket_id"": null, ""stored_ids"": [852268], ""validated_stored_ids"": [852268]}",,,,
23154,one_piece,DON!!,PRB-NIKA,prb02,PRB-02: The Best 2 - Premium Booster,en,Gear 5 Luffy Nika,DON!!,,,6418,one_piece:PRB-NIKA,352602,352602,,"852269,852270",,,,,,,,,,,,,,,,,,,Low,0.7,EUR,EUR,cardtrader,352602,high,2026-08-29T12:19:30.162830+00:00,"""{\""cardmarket_exact_candidates\"": [], \""snapshot_fingerprint\"": \""c3d88f467413e2ffe3c32bbf75648739def51cc14256b0c3e0868ac335469977\""}""",MISMATCH,stored Cardmarket product conflicts with local printing,true,false,false,,,,,,,,CRITICAL,,,,CRITICAL,wrong_cardmarket_id,,"{""external_provenance"": [{""exact_language"": false, ""id"": 852269, ""metadata"": {""allowed_languages"": [""en"", ""jp"", ""zh-CN"", ""kr"", ""fr""]}, ""scope"": ""mixed""}, {""exact_language"": false, ""id"": 852270, ""metadata"": {""allowed_languages"": [""en"", ""jp"", ""zh-CN"", ""kr"", ""fr""]}, ""scope"": ""mixed""}], ""mismatch_reasons"": [""wrong_cardmarket_id""], ""scryfall_cardmarket_id"": null, ""stored_ids"": [852269, 852270], ""validated_stored_ids"": [852269, 852270]}",,,,
23155,one_piece,DON!!,PRB-NIKA,prb02,PRB-02: The Best 2 - Premium Booster,jp,Gear 5 Luffy Nika,DON!!,,,6418,one_piece:PRB-NIKA,352602,352602,,"852269,852270",,,,,,,,,,,,,,,,,,,Low,0.69,EUR,EUR,cardtrader,352602,high,2026-08-29T12:19:30.162830+00:00,"""{\""cardmarket_exact_candidates\"": [], \""snapshot_fingerprint\"": \""11fb5d71b2000574d2ab5dc08d983675ea885f5ebe4a6abc7af79f4e98fef3b0\""}""",MISMATCH,stored Cardmarket product conflicts with local printing,true,false,false,,,,,,,,CRITICAL,,,,CRITICAL,wrong_cardmarket_id,,"{""external_provenance"": [{""exact_language"": false, ""id"": 852269, ""metadata"": {""allowed_languages"": [""en"", ""jp"", ""zh-CN"", ""kr"", ""fr""]}, ""scope"": ""mixed""}, {""exact_language"": false, ""id"": 852270, ""metadata"": {""allowed_languages"": [""en"", ""jp"", ""zh-CN"", ""kr"", ""fr""]}, ""scope"": ""mixed""}], ""mismatch_reasons"": [""wrong_cardmarket_id""], ""scryfall_cardmarket_id"": null, ""stored_ids"": [852269, 852270], ""validated_stored_ids"": [852269, 852270]}",,,,
23156,one_piece,DON!!,PRB-NIKA-G,prb02,PRB-02: The Best 2 - Premium Booster,jp,Gear 4 Luffy Nika | Gold Foil,DON!!,,,6419,one_piece:PRB-NIKA-G,352603,352603,,852271,,,,,,,,,,,,,,,,,,,Low,48.63,EUR,EUR,cardtrader,352603,high,2026-08-29T12:19:30.162830+00:00,"""{\""cardmarket_exact_candidates\"": [], \""snapshot_fingerprint\"": \""104039580fcbb2e5d5850d8509a29ec21a9ebe623df14bffb169dd9b64783926\""}""",MISMATCH,stored Cardmarket product conflicts with local printing,true,false,false,,,,,,,,CRITICAL,,,,CRITICAL,wrong_cardmarket_id,,"{""external_provenance"": [{""exact_language"": false, ""id"": 852271, ""metadata"": {""allowed_languages"": [""en"", ""jp"", ""zh-CN"", ""kr"", ""fr""]}, ""scope"": ""mixed""}], ""mismatch_reasons"": [""wrong_cardmarket_id""], ""scryfall_cardmarket_id"": null, ""stored_ids"": [852271], ""validated_stored_ids"": [852271]}",,,,
23157,one_piece,DON!!,PRB-PUD,prb02,PRB-02: The Best 2 - Premium Booster,en,Pudding,DON!!,,,6420,one_piece:PRB-PUD,352604,352604,,"852272,852273",,,,,,,,,,,,,,,,,,,Low,0.27,EUR,EUR,cardtrader,352604,high,2026-08-29T12:19:30.162830+00:00,"""{\""cardmarket_exact_candidates\"": [], \""snapshot_fingerprint\"": \""27ecdc139c66d7671e09ed85df2b92803b3970e0288e15ae45ba47091525f46a\""}""",MISMATCH,stored Cardmarket product conflicts with local printing,true,false,false,,,,,,,,CRITICAL,,,,CRITICAL,wrong_cardmarket_id,,"{""external_provenance"": [{""exact_language"": false, ""id"": 852272, ""metadata"": {""allowed_languages"": [""en"", ""jp"", ""zh-CN"", ""kr"", ""fr""]}, ""scope"": ""mixed""}, {""exact_language"": false, ""id"": 852273, ""metadata"": {""allowed_languages"": [""en"", ""jp"", ""zh-CN"", ""kr"", ""fr""]}, ""scope"": ""mixed""}], ""mismatch_reasons"": [""wrong_cardmarket_id""], ""scryfall_cardmarket_id"": null, ""stored_ids"": [852272, 852273], ""validated_stored_ids"": [852272, 852273]}",,,,
23158,one_piece,DON!!,PRB-PUD,prb02,PRB-02: The Best 2 - Premium Booster,jp,Pudding,DON!!,,,6420,one_piece:PRB-PUD,352604,352604,,"852272,852273",,,,,,,,,,,,,,,,,,,Low,0.34,EUR,EUR,cardtrader,352604,high,2026-08-29T12:19:30.162830+00:00,"""{\""cardmarket_exact_candidates\"": [], \""snapshot_fingerprint\"": \""ed12a3d76c3ca986b675e058115fc42b36e31894605c66a0458d05474652f0c8\""}""",MISMATCH,stored Cardmarket product conflicts with local printing,true,false,false,,,,,,,,CRITICAL,,,,CRITICAL,wrong_cardmarket_id,,"{""external_provenance"": [{""exact_language"": false, ""id"": 852272, ""metadata"": {""allowed_languages"": [""en"", ""jp"", ""zh-CN"", ""kr"", ""fr""]}, ""scope"": ""mixed""}, {""exact_language"": false, ""id"": 852273, ""metadata"": {""allowed_languages"": [""en"", ""jp"", ""zh-CN"", ""kr"", ""fr""]}, ""scope"": ""mixed""}], ""mismatch_reasons"": [""wrong_cardmarket_id""], ""scryfall_cardmarket_id"": null, ""stored_ids"": [852272, 852273], ""validated_stored_ids"": [852272, 852273]}",,,,
23159,one_piece,DON!!,PRB-PUD-G,prb02,PRB-02: The Best 2 - Premium Booster,jp,Pudding | Gold Foil,DON!!,,,6421,one_piece:PRB-PUD-G,352605,352605,,852274,,,,,,,,,,,,,,,,,,,Low,43.64,EUR,EUR,cardtrader,352605,high,2026-08-28T15:00:15.994637+00:00,"""{\""cardmarket_exact_candidates\"": [], \""snapshot_fingerprint\"": \""67c4b5e44ae8dcb7ed6e13e75484ad2eaa62fb4069aeabb6a7235e65be36f9e9\""}""",MISMATCH,stored Cardmarket product conflicts with local printing,true,false,false,,,,,,,,CRITICAL,,,,CRITICAL,wrong_cardmarket_id,,"{""external_provenance"": [{""exact_language"": false, ""id"": 852274, ""metadata"": {""allowed_languages"": [""en"", ""jp"", ""zh-CN"", ""kr"", ""fr""]}, ""scope"": ""mixed""}], ""mismatch_reasons"": [""wrong_cardmarket_id""], ""scryfall_cardmarket_id"": null, ""stored_ids"": [852274], ""validated_stored_ids"": [852274]}",,,,
23160,one_piece,DON!!,PRB-SAN,prb02,PRB-02: The Best 2 - Premium Booster,en,Sanji,DON!!,,,6422,one_piece:PRB-SAN,352606,352606,,"852275,852276",,,,,,,,,,,,,,,,,,,Low,0.2,EUR,EUR,cardtrader,352606,high,2026-08-29T12:19:30.162830+00:00,"""{\""cardmarket_exact_candidates\"": [], \""snapshot_fingerprint\"": \""f6d7b27a30ebf06afd87d018f1e028fa1681757455c660b8ab6e6f9087b755b0\""}""",MISMATCH,stored Cardmarket product conflicts with local printing,true,false,false,,,,,,,,CRITICAL,,,,CRITICAL,wrong_cardmarket_id,,"{""external_provenance"": [{""exact_language"": false, ""id"": 852275, ""metadata"": {""allowed_languages"": [""en"", ""jp"", ""zh-CN"", ""kr"", ""fr""]}, ""scope"": ""mixed""}, {""exact_language"": false, ""id"": 852276, ""metadata"": {""allowed_languages"": [""en"", ""jp"", ""zh-CN"", ""kr"", ""fr""]}, ""scope"": ""mixed""}], ""mismatch_reasons"": [""wrong_cardmarket_id""], ""scryfall_cardmarket_id"": null, ""stored_ids"": [852275, 852276], ""validated_stored_ids"": [852275, 852276]}",,,,
23161,one_piece,DON!!,PRB-SAN,prb02,PRB-02: The Best 2 - Premium Booster,jp,Sanji,DON!!,,,6422,one_piece:PRB-SAN,352606,352606,,"852275,852276",,,,,,,,,,,,,,,,,,,Low,0.3,EUR,EUR,cardtrader,352606,high,2026-08-29T12:19:30.162830+00:00,"""{\""cardmarket_exact_candidates\"": [], \""snapshot_fingerprint\"": \""48979d33077dee4a1d691722bb189f65b7b3dd3eaee899736f7c72adb6d66bc3\""}""",MISMATCH,stored Cardmarket product conflicts with local printing,true,false,false,,,,,,,,CRITICAL,,,,CRITICAL,wrong_cardmarket_id,,"{""external_provenance"": [{""exact_language"": false, ""id"": 852275, ""metadata"": {""allowed_languages"": [""en"", ""jp"", ""zh-CN"", ""kr"", ""fr""]}, ""scope"": ""mixed""}, {""exact_language"": false, ""id"": 852276, ""metadata"": {""allowed_languages"": [""en"", ""jp"", ""zh-CN"", ""kr"", ""fr""]}, ""scope"": ""mixed""}], ""mismatch_reasons"": [""wrong_cardmarket_id""], ""scryfall_cardmarket_id"": null, ""stored_ids"": [852275, 852276], ""validated_stored_ids"": [852275, 852276]}",,,,
23162,one_piece,DON!!,PRB-SAN-G,prb02,PRB-02: The Best 2 - Premium Booster,jp,Sanji | Gold Foil,DON!!,,,6423,one_piece:PRB-SAN-G,352607,352607,,852277,,,,,,,,,,,,,,,,,,,Low,32.43,EUR,EUR,cardtrader,352607,high,2026-08-28T15:00:15.994637+00:00,"""{\""cardmarket_exact_candidates\"": [], \""snapshot_fingerprint\"": \""ff096f00d766d8cf3bde94c88f295fd77d672c0517db7974300f8a6cef32ecbc\""}""",MISMATCH,stored Cardmarket product conflicts with local printing,true,false,false,,,,,,,,CRITICAL,,,,CRITICAL,wrong_cardmarket_id,,"{""external_provenance"": [{""exact_language"": false, ""id"": 852277, ""metadata"": {""allowed_languages"": [""en"", ""jp"", ""zh-CN"", ""kr"", ""fr""]}, ""scope"": ""mixed""}], ""mismatch_reasons"": [""wrong_cardmarket_id""], ""scryfall_cardmarket_id"": null, ""stored_ids"": [852277], ""validated_stored_ids"": [852277]}",,,,
23163,one_piece,DON!!,PRB-SHA,prb02,PRB-02: The Best 2 - Premium Booster,en,Shanks,DON!!,,,6424,one_piece:PRB-SHA,352608,352608,,"852278,852279",,,,,,,,,,,,,,,,,,,Low,1.6,EUR,EUR,cardtrader,352608,high,2026-08-29T12:19:30.162830+00:00,"""{\""cardmarket_exact_candidates\"": [], \""snapshot_fingerprint\"": \""2909c80c4ee90684538e4c7d59e340c493440aa3baa6362229cb960a3f9678c3\""}""",MISMATCH,stored Cardmarket product conflicts with local printing,true,false,false,,,,,,,,CRITICAL,,,,CRITICAL,wrong_cardmarket_id,,"{""external_provenance"": [{""exact_language"": false, ""id"": 852278, ""metadata"": {""allowed_languages"": [""en"", ""jp"", ""zh-CN"", ""kr"", ""fr""]}, ""scope"": ""mixed""}, {""exact_language"": false, ""id"": 852279, ""metadata"": {""allowed_languages"": [""en"", ""jp"", ""zh-CN"", ""kr"", ""fr""]}, ""scope"": ""mixed""}], ""mismatch_reasons"": [""wrong_cardmarket_id""], ""scryfall_cardmarket_id"": null, ""stored_ids"": [852278, 852279], ""validated_stored_ids"": [852278, 852279]}",,,,
23164,one_piece,DON!!,PRB-SHA,prb02,PRB-02: The Best 2 - Premium Booster,jp,Shanks,DON!!,,,6424,one_piece:PRB-SHA,352608,352608,,"852278,852279",,,,,,,,,,,,,,,,,,,Low,3.23,EUR,EUR,cardtrader,352608,high,2026-08-29T12:19:30.162830+00:00,"""{\""cardmarket_exact_candidates\"": [], \""snapshot_fingerprint\"": \""6e7e55e8905a94ae8e49217dc78dd4163f6a8640024b76f7a75b1b13e44f91f1\""}""",MISMATCH,stored Cardmarket product conflicts with local printing,true,false,false,,,,,,,,CRITICAL,,,,CRITICAL,wrong_cardmarket_id,,"{""external_provenance"": [{""exact_language"": false, ""id"": 852278, ""metadata"": {""allowed_languages"": [""en"", ""jp"", ""zh-CN"", ""kr"", ""fr""]}, ""scope"": ""mixed""}, {""exact_language"": false, ""id"": 852279, ""metadata"": {""allowed_languages"": [""en"", ""jp"", ""zh-CN"", ""kr"", ""fr""]}, ""scope"": ""mixed""}], ""mismatch_reasons"": [""wrong_cardmarket_id""], ""scryfall_cardmarket_id"": null, ""stored_ids"": [852278, 852279], ""validated_stored_ids"": [852278, 852279]}",,,,
23165,one_piece,DON!!,PRB-SHA_G,prb02,PRB-02: The Best 2 - Premium Booster,jp,Shanks | Gold Foil,DON!!,,,6425,one_piece:PRB-SHA_G,352609,352609,,852280,,,,,,,,,,,,,,,,,,,Low,68.28,EUR,EUR,cardtrader,352609,high,2026-08-29T12:19:30.162830+00:00,"""{\""cardmarket_exact_candidates\"": [], \""snapshot_fingerprint\"": \""f31778254043b22b09b4232c46f232573310af7b18d19a0d4348bbd92d6d8ab8\""}""",MISMATCH,stored Cardmarket product conflicts with local printing,true,false,false,,,,,,,,CRITICAL,,,,CRITICAL,wrong_cardmarket_id,,"{""external_provenance"": [{""exact_language"": false, ""id"": 852280, ""metadata"": {""allowed_languages"": [""en"", ""jp"", ""zh-CN"", ""kr"", ""fr""]}, ""scope"": ""mixed""}], ""mismatch_reasons"": [""wrong_cardmarket_id""], ""scryfall_cardmarket_id"": null, ""stored_ids"": [852280], ""validated_stored_ids"": [852280]}",,,,
23166,one_piece,DON!!,PRB-SHI,prb02,PRB-02: The Best 2 - Premium Booster,en,Shirahoshi,DON!!,,,6426,one_piece:PRB-SHI,352610,352610,,"852281,852282",,,,,,,,,,,,,,,,,,,Low,0.24,EUR,EUR,cardtrader,352610,high,2026-08-29T12:19:30.162830+00:00,"""{\""cardmarket_exact_candidates\"": [], \""snapshot_fingerprint\"": \""cfa928b6075358225379a6dbdb101e10f67dce7ab1205e1dbd4e6c3512804be1\""}""",MISMATCH,stored Cardmarket product conflicts with local printing,true,false,false,,,,,,,,CRITICAL,,,,CRITICAL,wrong_cardmarket_id,,"{""external_provenance"": [{""exact_language"": false, ""id"": 852281, ""metadata"": {""allowed_languages"": [""en"", ""jp"", ""zh-CN"", ""kr"", ""fr""]}, ""scope"": ""mixed""}, {""exact_language"": false, ""id"": 852282, ""metadata"": {""allowed_languages"": [""en"", ""jp"", ""zh-CN"", ""kr"", ""fr""]}, ""scope"": ""mixed""}], ""mismatch_reasons"": [""wrong_cardmarket_id""], ""scryfall_cardmarket_id"": null, ""stored_ids"": [852281, 852282], ""validated_stored_ids"": [852281, 852282]}",,,,
23167,one_piece,DON!!,PRB-SHI,prb02,PRB-02: The Best 2 - Premium Booster,jp,Shirahoshi,DON!!,,,6426,one_piece:PRB-SHI,352610,352610,,"852281,852282",,,,,,,,,,,,,,,,,,,Low,0.14,EUR,EUR,cardtrader,352610,high,2026-08-29T12:19:30.162830+00:00,"""{\""cardmarket_exact_candidates\"": [], \""snapshot_fingerprint\"": \""6221115a3eee79e645caf4113ca0444ff32eebb5316fbd709b40316ba077c5e7\""}""",MISMATCH,stored Cardmarket product conflicts with local printing,true,false,false,,,,,,,,CRITICAL,,,,CRITICAL,wrong_cardmarket_id,,"{""external_provenance"": [{""exact_language"": false, ""id"": 852281, ""metadata"": {""allowed_languages"": [""en"", ""jp"", ""zh-CN"", ""kr"", ""fr""]}, ""scope"": ""mixed""}, {""exact_language"": false, ""id"": 852282, ""metadata"": {""allowed_languages"": [""en"", ""jp"", ""zh-CN"", ""kr"", ""fr""]}, ""scope"": ""mixed""}], ""mismatch_reasons"": [""wrong_cardmarket_id""], ""scryfall_cardmarket_id"": null, ""stored_ids"": [852281, 852282], ""validated_stored_ids"": [852281, 852282]}",,,,
23168,one_piece,DON!!,PRB-SHI-G,prb02,PRB-02: The Best 2 - Premium Booster,jp,Shirahoshi | Gold Foil,DON!!,,,6427,one_piece:PRB-SHI-G,352611,352611,,852283,,,,,,,,,,,,,,,,,,,Low,26.6,EUR,EUR,cardtrader,352611,high,2026-08-29T12:19:30.162830+00:00,"""{\""cardmarket_exact_candidates\"": [], \""snapshot_fingerprint\"": \""3d68dc1721fb729ae869135eec892e1192ec0a96949cc84b988b28c7d048b9ae\""}""",MISMATCH,stored Cardmarket product conflicts with local printing,true,false,false,,,,,,,,CRITICAL,,,,CRITICAL,wrong_cardmarket_id,,"{""external_provenance"": [{""exact_language"": false, ""id"": 852283, ""metadata"": {""allowed_languages"": [""en"", ""jp"", ""zh-CN"", ""kr"", ""fr""]}, ""scope"": ""mixed""}], ""mismatch_reasons"": [""wrong_cardmarket_id""], ""scryfall_cardmarket_id"": null, ""stored_ids"": [852283], ""validated_stored_ids"": [852283]}",,,,
23169,one_piece,DON!!,PRB-SMO,prb02,PRB-02: The Best 2 - Premium Booster,en,Smoker,DON!!,,,6428,one_piece:PRB-SMO,352612,352612,,"852284,852285",,,,,,,,,,,,,,,,,,,Low,0.29,EUR,EUR,cardtrader,352612,high,2026-08-29T12:19:30.162830+00:00,"""{\""cardmarket_exact_candidates\"": [], \""snapshot_fingerprint\"": \""e597e8dcf20177c0ef26e33fa5f40139ad7ad317e5a252532c78b16e32e79bb0\""}""",MISMATCH,stored Cardmarket product conflicts with local printing,true,false,false,,,,,,,,CRITICAL,,,,CRITICAL,wrong_cardmarket_id,,"{""external_provenance"": [{""exact_language"": false, ""id"": 852284, ""metadata"": {""allowed_languages"": [""en"", ""jp"", ""zh-CN"", ""kr"", ""fr""]}, ""scope"": ""mixed""}, {""exact_language"": false, ""id"": 852285, ""metadata"": {""allowed_languages"": [""en"", ""jp"", ""zh-CN"", ""kr"", ""fr""]}, ""scope"": ""mixed""}], ""mismatch_reasons"": [""wrong_cardmarket_id""], ""scryfall_cardmarket_id"": null, ""stored_ids"": [852284, 852285], ""validated_stored_ids"": [852284, 852285]}",,,,
23170,one_piece,DON!!,PRB-SMO,prb02,PRB-02: The Best 2 - Premium Booster,jp,Smoker,DON!!,,,6428,one_piece:PRB-SMO,352612,352612,,"852284,852285",,,,,,,,,,,,,,,,,,,Low,0.18,EUR,EUR,cardtrader,352612,high,2026-08-29T12:19:30.162830+00:00,"""{\""cardmarket_exact_candidates\"": [], \""snapshot_fingerprint\"": \""8f1f7f502d2056f3c26fdd50eba7c20a5b9bf755dc9b7840318f677805e35a29\""}""",MISMATCH,stored Cardmarket product conflicts with local printing,true,false,false,,,,,,,,CRITICAL,,,,CRITICAL,wrong_cardmarket_id,,"{""external_provenance"": [{""exact_language"": false, ""id"": 852284, ""metadata"": {""allowed_languages"": [""en"", ""jp"", ""zh-CN"", ""kr"", ""fr""]}, ""scope"": ""mixed""}, {""exact_language"": false, ""id"": 852285, ""metadata"": {""allowed_languages"": [""en"", ""jp"", ""zh-CN"", ""kr"", ""fr""]}, ""scope"": ""mixed""}], ""mismatch_reasons"": [""wrong_cardmarket_id""], ""scryfall_cardmarket_id"": null, ""stored_ids"": [852284, 852285], ""validated_stored_ids"": [852284, 852285]}",,,,
23171,one_piece,DON!!,PRB-SMO-G,prb02,PRB-02: The Best 2 - Premium Booster,jp,Smoker | Gold Foil,DON!!,,,6429,one_piece:PRB-SMO-G,352613,352613,,852286,,,,,,,,,,,,,,,,,,,Low,25.4,EUR,EUR,cardtrader,352613,high,2026-08-28T15:00:15.994637+00:00,"""{\""cardmarket_exact_candidates\"": [], \""snapshot_fingerprint\"": \""6007d7f405434b9256d2f79266c2a513245de6fabea4c1d0efc4cb8ac2f8d43b\""}""",MISMATCH,stored Cardmarket product conflicts with local printing,true,false,false,,,,,,,,CRITICAL,,,,CRITICAL,wrong_cardmarket_id,,"{""external_provenance"": [{""exact_language"": false, ""id"": 852286, ""metadata"": {""allowed_languages"": [""en"", ""jp"", ""zh-CN"", ""kr"", ""fr""]}, ""scope"": ""mixed""}], ""mismatch_reasons"": [""wrong_cardmarket_id""], ""scryfall_cardmarket_id"": null, ""stored_ids"": [852286], ""validated_stored_ids"": [852286]}",,,,
23172,one_piece,DON!!,PRB-SNAKE,prb02,PRB-02: The Best 2 - Premium Booster,en,Gear 4 Luffy Snakeman,DON!!,,,6430,one_piece:PRB-SNAKE,352614,352614,,"852287,852288",,,,,,,,,,,,,,,,,,,Low,0.27,EUR,EUR,cardtrader,352614,high,2026-08-29T12:19:30.162830+00:00,"""{\""cardmarket_exact_candidates\"": [], \""snapshot_fingerprint\"": \""7a9227e085b485f15c00aa08f26211580068e8c9688bfb3232e211974ed13539\""}""",MISMATCH,stored Cardmarket product conflicts with local printing,true,false,false,,,,,,,,CRITICAL,,,,CRITICAL,wrong_cardmarket_id,,"{""external_provenance"": [{""exact_language"": false, ""id"": 852287, ""metadata"": {""allowed_languages"": [""en"", ""jp"", ""zh-CN"", ""kr"", ""fr""]}, ""scope"": ""mixed""}, {""exact_language"": false, ""id"": 852288, ""metadata"": {""allowed_languages"": [""en"", ""jp"", ""zh-CN"", ""kr"", ""fr""]}, ""scope"": ""mixed""}], ""mismatch_reasons"": [""wrong_cardmarket_id""], ""scryfall_cardmarket_id"": null, ""stored_ids"": [852287, 852288], ""validated_stored_ids"": [852287, 852288]}",,,,
23173,one_piece,DON!!,PRB-SNAKE,prb02,PRB-02: The Best 2 - Premium Booster,jp,Gear 4 Luffy Snakeman,DON!!,,,6430,one_piece:PRB-SNAKE,352614,352614,,"852287,852288",,,,,,,,,,,,,,,,,,,Low,0.25,EUR,EUR,cardtrader,352614,high,2026-08-29T12:19:30.162830+00:00,"""{\""cardmarket_exact_candidates\"": [], \""snapshot_fingerprint\"": \""e2e9d5204322c559b781615eeb60e5977a3d4b5698d7d6af26c86c0fb2811969\""}""",MISMATCH,stored Cardmarket product conflicts with local printing,true,false,false,,,,,,,,CRITICAL,,,,CRITICAL,wrong_cardmarket_id,,"{""external_provenance"": [{""exact_language"": false, ""id"": 852287, ""metadata"": {""allowed_languages"": [""en"", ""jp"", ""zh-CN"", ""kr"", ""fr""]}, ""scope"": ""mixed""}, {""exact_language"": false, ""id"": 852288, ""metadata"": {""allowed_languages"": [""en"", ""jp"", ""zh-CN"", ""kr"", ""fr""]}, ""scope"": ""mixed""}], ""mismatch_reasons"": [""wrong_cardmarket_id""], ""scryfall_cardmarket_id"": null, ""stored_ids"": [852287, 852288], ""validated_stored_ids"": [852287, 852288]}",,,,
23174,one_piece,DON!!,PRB-SNAKE-G,prb02,PRB-02: The Best 2 - Premium Booster,jp,Gear 4 Luffy Snakeman | Gold Foil,DON!!,,,6431,one_piece:PRB-SNAKE-G,352615,352615,,852289,,,,,,,,,,,,,,,,,,,Low,37.04,EUR,EUR,cardtrader,352615,high,2026-08-29T12:19:30.162830+00:00,"""{\""cardmarket_exact_candidates\"": [], \""snapshot_fingerprint\"": \""d33ef033e62e3c00c5b7c05f7149a70034d0afed8c3e7b7d40948291b11882b9\""}""",MISMATCH,stored Cardmarket product conflicts with local printing,true,false,false,,,,,,,,CRITICAL,,,,CRITICAL,wrong_cardmarket_id,,"{""external_provenance"": [{""exact_language"": false, ""id"": 852289, ""metadata"": {""allowed_languages"": [""en"", ""jp"", ""zh-CN"", ""kr"", ""fr""]}, ""scope"": ""mixed""}], ""mismatch_reasons"": [""wrong_cardmarket_id""], ""scryfall_cardmarket_id"": null, ""stored_ids"": [852289], ""validated_stored_ids"": [852289]}",,,,
23175,one_piece,DON!!,PRB-SUG,prb02,PRB-02: The Best 2 - Premium Booster,en,Sugar,DON!!,,,6432,one_piece:PRB-SUG,352616,352616,,"852290,852291",,,,,,,,,,,,,,,,,,,Low,0.24,EUR,EUR,cardtrader,352616,high,2026-08-29T12:19:30.162830+00:00,"""{\""cardmarket_exact_candidates\"": [], \""snapshot_fingerprint\"": \""45636b7f72a3e028fad5fed7cbff256de077c4e0e25a65500c23a6da93687ccc\""}""",MISMATCH,stored Cardmarket product conflicts with local printing,true,false,false,,,,,,,,CRITICAL,,,,CRITICAL,wrong_cardmarket_id,,"{""external_provenance"": [{""exact_language"": false, ""id"": 852290, ""metadata"": {""allowed_languages"": [""en"", ""jp"", ""zh-CN"", ""kr"", ""fr""]}, ""scope"": ""mixed""}, {""exact_language"": false, ""id"": 852291, ""metadata"": {""allowed_languages"": [""en"", ""jp"", ""zh-CN"", ""kr"", ""fr""]}, ""scope"": ""mixed""}], ""mismatch_reasons"": [""wrong_cardmarket_id""], ""scryfall_cardmarket_id"": null, ""stored_ids"": [852290, 852291], ""validated_stored_ids"": [852290, 852291]}",,,,
23176,one_piece,DON!!,PRB-SUG,prb02,PRB-02: The Best 2 - Premium Booster,jp,Sugar,DON!!,,,6432,one_piece:PRB-SUG,352616,352616,,"852290,852291",,,,,,,,,,,,,,,,,,,Low,0.15,EUR,EUR,cardtrader,352616,high,2026-08-29T12:19:30.162830+00:00,"""{\""cardmarket_exact_candidates\"": [], \""snapshot_fingerprint\"": \""48981d2d22a47d7421652cf060776615a078d8d73f188c873620c06771138c7c\""}""",MISMATCH,stored Cardmarket product conflicts with local printing,true,false,false,,,,,,,,CRITICAL,,,,CRITICAL,wrong_cardmarket_id,,"{""external_provenance"": [{""exact_language"": false, ""id"": 852290, ""metadata"": {""allowed_languages"": [""en"", ""jp"", ""zh-CN"", ""kr"", ""fr""]}, ""scope"": ""mixed""}, {""exact_language"": false, ""id"": 852291, ""metadata"": {""allowed_languages"": [""en"", ""jp"", ""zh-CN"", ""kr"", ""fr""]}, ""scope"": ""mixed""}], ""mismatch_reasons"": [""wrong_cardmarket_id""], ""scryfall_cardmarket_id"": null, ""stored_ids"": [852290, 852291], ""validated_stored_ids"": [852290, 852291]}",,,,
23177,one_piece,DON!!,PRB-SUG-G,prb02,PRB-02: The Best 2 - Premium Booster,jp,Sugar | Gold Foil,DON!!,,,6433,one_piece:PRB-SUG-G,352617,352617,,852292,,,,,,,,,,,,,,,,,,,Low,34.02,EUR,EUR,cardtrader,352617,high,2026-08-28T15:00:15.994637+00:00,"""{\""cardmarket_exact_candidates\"": [], \""snapshot_fingerprint\"": \""af5ff333a4fec95f951a329154b8f4fb9920fcc5aea222da197bbdb48a286dfe\""}""",MISMATCH,stored Cardmarket product conflicts with local printing,true,false,false,,,,,,,,CRITICAL,,,,CRITICAL,wrong_cardmarket_id,,"{""external_provenance"": [{""exact_language"": false, ""id"": 852292, ""metadata"": {""allowed_languages"": [""en"", ""jp"", ""zh-CN"", ""kr"", ""fr""]}, ""scope"": ""mixed""}], ""mismatch_reasons"": [""wrong_cardmarket_id""], ""scryfall_cardmarket_id"": null, ""stored_ids"": [852292], ""validated_stored_ids"": [852292]}",,,,
23178,one_piece,DON!!,PRB-USO,prb02,PRB-02: The Best 2 - Premium Booster,en,Usopp,DON!!,,,6434,one_piece:PRB-USO,352618,352618,,"852293,852294",,,,,,,,,,,,,,,,,,,Low,0.25,EUR,EUR,cardtrader,352618,high,2026-08-29T12:19:30.162830+00:00,"""{\""cardmarket_exact_candidates\"": [], \""snapshot_fingerprint\"": \""9d37d74be6cfe86c4aa16eca87a60af245331ddb46f368f878cbe8dad1c288f0\""}""",MISMATCH,stored Cardmarket product conflicts with local printing,true,false,false,,,,,,,,CRITICAL,,,,CRITICAL,wrong_cardmarket_id,,"{""external_provenance"": [{""exact_language"": false, ""id"": 852293, ""metadata"": {""allowed_languages"": [""en"", ""jp"", ""zh-CN"", ""kr"", ""fr""]}, ""scope"": ""mixed""}, {""exact_language"": false, ""id"": 852294, ""metadata"": {""allowed_languages"": [""en"", ""jp"", ""zh-CN"", ""kr"", ""fr""]}, ""scope"": ""mixed""}], ""mismatch_reasons"": [""wrong_cardmarket_id""], ""scryfall_cardmarket_id"": null, ""stored_ids"": [852293, 852294], ""validated_stored_ids"": [852293, 852294]}",,,,
23179,one_piece,DON!!,PRB-USO,prb02,PRB-02: The Best 2 - Premium Booster,jp,Usopp,DON!!,,,6434,one_piece:PRB-USO,352618,352618,,"852293,852294",,,,,,,,,,,,,,,,,,,Low,0.17,EUR,EUR,cardtrader,352618,high,2026-08-29T12:19:30.162830+00:00,"""{\""cardmarket_exact_candidates\"": [], \""snapshot_fingerprint\"": \""c06a6cf5c36cba4468d24b5c024a615852ec8f5da347cc9a26d57d6b2eba181a\""}""",MISMATCH,stored Cardmarket product conflicts with local printing,true,false,false,,,,,,,,CRITICAL,,,,CRITICAL,wrong_cardmarket_id,,"{""external_provenance"": [{""exact_language"": false, ""id"": 852293, ""metadata"": {""allowed_languages"": [""en"", ""jp"", ""zh-CN"", ""kr"", ""fr""]}, ""scope"": ""mixed""}, {""exact_language"": false, ""id"": 852294, ""metadata"": {""allowed_languages"": [""en"", ""jp"", ""zh-CN"", ""kr"", ""fr""]}, ""scope"": ""mixed""}], ""mismatch_reasons"": [""wrong_cardmarket_id""], ""scryfall_cardmarket_id"": null, ""stored_ids"": [852293, 852294], ""validated_stored_ids"": [852293, 852294]}",,,,
23180,one_piece,DON!!,PRB-USO-G,prb02,PRB-02: The Best 2 - Premium Booster,jp,Usopp | Gold Foil,DON!!,,,6435,one_piece:PRB-USO-G,352619,352619,,852295,,,,,,,,,,,,,,,,,,,Low,46.27,EUR,EUR,cardtrader,352619,high,2026-08-29T12:19:30.162830+00:00,"""{\""cardmarket_exact_candidates\"": [], \""snapshot_fingerprint\"": \""e7595e129d59e39ff083af1491f443931a571f6973aa55dbcb0d723c85a496b9\""}""",MISMATCH,stored Cardmarket product conflicts with local printing,true,false,false,,,,,,,,CRITICAL,,,,CRITICAL,wrong_cardmarket_id,,"{""external_provenance"": [{""exact_language"": false, ""id"": 852295, ""metadata"": {""allowed_languages"": [""en"", ""jp"", ""zh-CN"", ""kr"", ""fr""]}, ""scope"": ""mixed""}], ""mismatch_reasons"": [""wrong_cardmarket_id""], ""scryfall_cardmarket_id"": null, ""stored_ids"": [852295], ""validated_stored_ids"": [852295]}",,,,
23181,one_piece,DON!!,PRB-VEG,prb02,PRB-02: The Best 2 - Premium Booster,en,Vegapunk,DON!!,,,6436,one_piece:PRB-VEG,352620,352620,,"852296,852297",,,,,,,,,,,,,,,,,,,Low,0.22,EUR,EUR,cardtrader,352620,high,2026-08-29T12:19:30.162830+00:00,"""{\""cardmarket_exact_candidates\"": [], \""snapshot_fingerprint\"": \""7b70ed6aac1f07913141dcd57070fe647aeed028b9a1b9662123a72a4c4f060e\""}""",MISMATCH,stored Cardmarket product conflicts with local printing,true,false,false,,,,,,,,CRITICAL,,,,CRITICAL,wrong_cardmarket_id,,"{""external_provenance"": [{""exact_language"": false, ""id"": 852296, ""metadata"": {""allowed_languages"": [""en"", ""jp"", ""zh-CN"", ""kr"", ""fr""]}, ""scope"": ""mixed""}, {""exact_language"": false, ""id"": 852297, ""metadata"": {""allowed_languages"": [""en"", ""jp"", ""zh-CN"", ""kr"", ""fr""]}, ""scope"": ""mixed""}], ""mismatch_reasons"": [""wrong_cardmarket_id""], ""scryfall_cardmarket_id"": null, ""stored_ids"": [852296, 852297], ""validated_stored_ids"": [852296, 852297]}",,,,
23182,one_piece,DON!!,PRB-VEG,prb02,PRB-02: The Best 2 - Premium Booster,jp,Vegapunk,DON!!,,,6436,one_piece:PRB-VEG,352620,352620,,"852296,852297",,,,,,,,,,,,,,,,,,,Low,0.28,EUR,EUR,cardtrader,352620,high,2026-08-29T12:19:30.162830+00:00,"""{\""cardmarket_exact_candidates\"": [], \""snapshot_fingerprint\"": \""b2de5403875842806a1077f867475f22eb3483426a95417e4f123e3a8e9d9471\""}""",MISMATCH,stored Cardmarket product conflicts with local printing,true,false,false,,,,,,,,CRITICAL,,,,CRITICAL,wrong_cardmarket_id,,"{""external_provenance"": [{""exact_language"": false, ""id"": 852296, ""metadata"": {""allowed_languages"": [""en"", ""jp"", ""zh-CN"", ""kr"", ""fr""]}, ""scope"": ""mixed""}, {""exact_language"": false, ""id"": 852297, ""metadata"": {""allowed_languages"": [""en"", ""jp"", ""zh-CN"", ""kr"", ""fr""]}, ""scope"": ""mixed""}], ""mismatch_reasons"": [""wrong_cardmarket_id""], ""scryfall_cardmarket_id"": null, ""stored_ids"": [852296, 852297], ""validated_stored_ids"": [852296, 852297]}",,,,
23183,one_piece,DON!!,PRB-VEG-G,prb02,PRB-02: The Best 2 - Premium Booster,jp,Vegapunk | Gold Foil,DON!!,,,6437,one_piece:PRB-VEG-G,352621,352621,,852298,,,,,,,,,,,,,,,,,,,Low,47.14,EUR,EUR,cardtrader,352621,low,2026-08-28T15:00:15.994637+00:00,"""{\""cardmarket_exact_candidates\"": [], \""snapshot_fingerprint\"": \""2c6e647e8dba13d808951a1c85cc5a9a42dab3da4fdc1b6d916e6f6fedb6e6b1\""}""",MISMATCH,stored Cardmarket product conflicts with local printing,true,false,false,,,,,,,,CRITICAL,,,,CRITICAL,wrong_cardmarket_id,,"{""external_provenance"": [{""exact_language"": false, ""id"": 852298, ""metadata"": {""allowed_languages"": [""en"", ""jp"", ""zh-CN"", ""kr"", ""fr""]}, ""scope"": ""mixed""}], ""mismatch_reasons"": [""wrong_cardmarket_id""], ""scryfall_cardmarket_id"": null, ""stored_ids"": [852298], ""validated_stored_ids"": [852298]}",,,,
23184,one_piece,DON!!,PRB-YAM,prb02,PRB-02: The Best 2 - Premium Booster,en,Yamato,DON!!,,,6438,one_piece:PRB-YAM,352622,352622,,"852299,852300",,,,,,,,,,,,,,,,,,,Low,0.6,EUR,EUR,cardtrader,352622,high,2026-08-29T12:19:30.162830+00:00,"""{\""cardmarket_exact_candidates\"": [], \""snapshot_fingerprint\"": \""bf9df6af3bc2b2372713f3d6bdcbf800a22344d4da893075a13eb30154da740c\""}""",MISMATCH,stored Cardmarket product conflicts with local printing,true,false,false,,,,,,,,CRITICAL,,,,CRITICAL,wrong_cardmarket_id,,"{""external_provenance"": [{""exact_language"": false, ""id"": 852299, ""metadata"": {""allowed_languages"": [""en"", ""jp"", ""zh-CN"", ""kr"", ""fr""]}, ""scope"": ""mixed""}, {""exact_language"": false, ""id"": 852300, ""metadata"": {""allowed_languages"": [""en"", ""jp"", ""zh-CN"", ""kr"", ""fr""]}, ""scope"": ""mixed""}], ""mismatch_reasons"": [""wrong_cardmarket_id""], ""scryfall_cardmarket_id"": null, ""stored_ids"": [852299, 852300], ""validated_stored_ids"": [852299, 852300]}",,,,
23185,one_piece,DON!!,PRB-YAM,prb02,PRB-02: The Best 2 - Premium Booster,jp,Yamato,DON!!,,,6438,one_piece:PRB-YAM,352622,352622,,"852299,852300",,,,,,,,,,,,,,,,,,,Low,1.77,EUR,EUR,cardtrader,352622,high,2026-08-29T12:19:30.162830+00:00,"""{\""cardmarket_exact_candidates\"": [], \""snapshot_fingerprint\"": \""93a2a0646a8f0215e59208668ea8560ebd6dfa748a6f31f592e71e7503cf814a\""}""",MISMATCH,stored Cardmarket product conflicts with local printing,true,false,false,,,,,,,,CRITICAL,,,,CRITICAL,wrong_cardmarket_id,,"{""external_provenance"": [{""exact_language"": false, ""id"": 852299, ""metadata"": {""allowed_languages"": [""en"", ""jp"", ""zh-CN"", ""kr"", ""fr""]}, ""scope"": ""mixed""}, {""exact_language"": false, ""id"": 852300, ""metadata"": {""allowed_languages"": [""en"", ""jp"", ""zh-CN"", ""kr"", ""fr""]}, ""scope"": ""mixed""}], ""mismatch_reasons"": [""wrong_cardmarket_id""], ""scryfall_cardmarket_id"": null, ""stored_ids"": [852299, 852300], ""validated_stored_ids"": [852299, 852300]}",,,,
23186,one_piece,DON!!,PRB-YAM-G,prb02,PRB-02: The Best 2 - Premium Booster,en,Yamato | Gold Foil,DON!!,,,6439,one_piece:PRB-YAM-G,352623,352623,,"838684,852301",,,,,,,,,,,,,,,,,,,Low,500.62,EUR,EUR,cardtrader,352623,high,2026-08-28T15:00:15.994637+00:00,"""{\""cardmarket_exact_candidates\"": [], \""snapshot_fingerprint\"": \""4697849953ed3727f321edd96077d9df04968df168a996305d1f38611da846f2\""}""",MISMATCH,stored Cardmarket product conflicts with local printing,true,false,false,,,,,,,,CRITICAL,,,,CRITICAL,wrong_cardmarket_id,,"{""external_provenance"": [{""exact_language"": false, ""id"": 838684, ""metadata"": {""allowed_languages"": [""en"", ""jp"", ""zh-CN"", ""kr"", ""fr""]}, ""scope"": ""mixed""}, {""exact_language"": false, ""id"": 852301, ""metadata"": {""allowed_languages"": [""en"", ""jp"", ""zh-CN"", ""kr"", ""fr""]}, ""scope"": ""mixed""}], ""mismatch_reasons"": [""wrong_cardmarket_id""], ""scryfall_cardmarket_id"": null, ""stored_ids"": [838684, 852301], ""validated_stored_ids"": [838684, 852301]}",,,,
23187,one_piece,DON!!,PRB-YAM-G,prb02,PRB-02: The Best 2 - Premium Booster,jp,Yamato | Gold Foil,DON!!,,,6439,one_piece:PRB-YAM-G,352623,352623,,"838684,852301",,,,,,,,,,,,,,,,,,,Low,72.64,EUR,EUR,cardtrader,352623,medium,2026-08-28T15:00:15.994637+00:00,"""{\""cardmarket_exact_candidates\"": [], \""snapshot_fingerprint\"": \""12a774b9d9dc3dd84ea5a5c85d4fcbdf60447a86dd4beb8789e5da380360b5bf\""}""",MISMATCH,stored Cardmarket product conflicts with local printing,true,false,false,,,,,,,,CRITICAL,,,,CRITICAL,wrong_cardmarket_id,,"{""external_provenance"": [{""exact_language"": false, ""id"": 838684, ""metadata"": {""allowed_languages"": [""en"", ""jp"", ""zh-CN"", ""kr"", ""fr""]}, ""scope"": ""mixed""}, {""exact_language"": false, ""id"": 852301, ""metadata"": {""allowed_languages"": [""en"", ""jp"", ""zh-CN"", ""kr"", ""fr""]}, ""scope"": ""mixed""}], ""mismatch_reasons"": [""wrong_cardmarket_id""], ""scryfall_cardmarket_id"": null, ""stored_ids"": [838684, 852301], ""validated_stored_ids"": [838684, 852301]}",,,,
23269,one_piece,DON!!,DP-08,op-12p,OP-12: Legacy of the Master Promos,jp,2Y | Double Pack Set Vol.8,DON!!,,,6518,one_piece:DP-08,372401,372401,,845307,,,,,,,,,,,,,,,,,,,Low,,EUR,EUR,cardmarket,845307,,2026-08-28T15:00:15.994637+00:00,"""{\""reason\"": \""Cardmarket product is not exact-language\"", \""snapshot_fingerprint\"": \""28dade97568ea997f57f48821e44e3c811d2a395fb7e2a7515257f248a3a1052\""}""",MISMATCH,stored Cardmarket product conflicts with local printing,true,false,false,,,,,,,,CRITICAL,,,,CRITICAL,wrong_cardmarket_id,stale_price,"{""external_provenance"": [{""exact_language"": false, ""id"": 845307, ""metadata"": {""allowed_languages"": [""en"", ""jp"", ""zh-CN"", ""kr"", ""fr""]}, ""scope"": ""mixed""}], ""mismatch_reasons"": [""wrong_cardmarket_id""], ""scryfall_cardmarket_id"": null, ""stored_ids"": [845307], ""validated_stored_ids"": [845307]}",,,,
23270,one_piece,DON!!,DP-08,op-12p,OP-12: Legacy of the Master Promos,jp,3D | Double Pack Set Vol.8,DON!!,,,6518,one_piece:DP-08,372402,372402,,845306,,,,,,,,,,,,,,,,,,,Low,,EUR,EUR,cardmarket,845306,,2026-08-28T15:00:15.994637+00:00,"""{\""reason\"": \""Cardmarket product is not exact-language\"", \""snapshot_fingerprint\"": \""3be83e1282df35c921074e4f507803a92244ab37525792bdc4c761c0cf6808cf\""}""",MISMATCH,stored Cardmarket product conflicts with local printing,true,false,false,,,,,,,,CRITICAL,,,,CRITICAL,wrong_cardmarket_id,stale_price,"{""external_provenance"": [{""exact_language"": false, ""id"": 845306, ""metadata"": {""allowed_languages"": [""en"", ""jp"", ""zh-CN"", ""kr"", ""fr""]}, ""scope"": ""mixed""}], ""mismatch_reasons"": [""wrong_cardmarket_id""], ""scryfall_cardmarket_id"": null, ""stored_ids"": [845306], ""validated_stored_ids"": [845306]}",,,,
23328,one_piece,Uta,EB03-003A,eb-03,EB-03: Heroines Edition,en,Alternate Art,Alternate Art,,,6573,one_piece:EB03-003A,358333,358333,,"858275,871956",,,,,,,,,,,,,,,,,,,Low,7.65,EUR,EUR,cardtrader,358333,high,2026-08-29T12:19:30.162830+00:00,"""{\""cardmarket_exact_candidates\"": [], \""snapshot_fingerprint\"": \""a9d4b84834c081113a31a6a657f573ab0522c1119f90246152736068b9a76526\""}""",MISMATCH,stored Cardmarket product conflicts with local printing,true,false,false,,,,,,,,CRITICAL,,,,CRITICAL,wrong_cardmarket_id,,"{""external_provenance"": [{""exact_language"": false, ""id"": 858275, ""metadata"": {""allowed_languages"": [""en"", ""jp"", ""zh-CN"", ""kr"", ""fr""]}, ""scope"": ""mixed""}, {""exact_language"": false, ""id"": 871956, ""metadata"": {""allowed_languages"": [""en"", ""jp"", ""zh-CN"", ""kr"", ""fr""]}, ""scope"": ""mixed""}], ""mismatch_reasons"": [""wrong_cardmarket_id""], ""scryfall_cardmarket_id"": null, ""stored_ids"": [858275, 871956], ""validated_stored_ids"": [858275, 871956]}",,,,
23329,one_piece,Uta,EB03-003A,eb-03,EB-03: Heroines Edition,jp,Alternate Art,Alternate Art,,,6573,one_piece:EB03-003A,358333,358333,,"858275,871956",,,,,,,,,,,,,,,,,,,Low,9.15,EUR,EUR,cardtrader,358333,high,2026-08-28T15:00:15.994637+00:00,"""{\""cardmarket_exact_candidates\"": [], \""snapshot_fingerprint\"": \""a498509e4d7dd3ec2136e2be1395c3f1f5d7f242fdc2960b331cb63650f9f555\""}""",MISMATCH,stored Cardmarket product conflicts with local printing,true,false,false,,,,,,,,CRITICAL,,,,CRITICAL,wrong_cardmarket_id,,"{""external_provenance"": [{""exact_language"": false, ""id"": 858275, ""metadata"": {""allowed_languages"": [""en"", ""jp"", ""zh-CN"", ""kr"", ""fr""]}, ""scope"": ""mixed""}, {""exact_language"": false, ""id"": 871956, ""metadata"": {""allowed_languages"": [""en"", ""jp"", ""zh-CN"", ""kr"", ""fr""]}, ""scope"": ""mixed""}], ""mismatch_reasons"": [""wrong_cardmarket_id""], ""scryfall_cardmarket_id"": null, ""stored_ids"": [858275, 871956], ""validated_stored_ids"": [858275, 871956]}",,,,
23352,one_piece,Carrot,EB03-013,eb-03,EB-03: Heroines Edition,jp,Base,Rare,,,6585,one_piece:EB03-013,358345,358345,,"858289,871977",,858289,Carrot (EB03-013),6379,,,EB03-013,mixed/unknown,0.02,0.1,0.04,0.13,0.12,,0,,,,Low,0.16,EUR,EUR,cardtrader,358345,high,2026-08-29T12:19:30.162830+00:00,"""{\""cardmarket_exact_candidates\"": [], \""snapshot_fingerprint\"": \""2a11dce5b577c5893b79c83af26b533ef3ebdd02bedc6eb514af07501f00cf28\""}""",MISMATCH,stored Cardmarket product conflicts with local printing,true,false,false,,,,,,,,CRITICAL,,,,CRITICAL,wrong_cardmarket_id,,"{""external_provenance"": [{""exact_language"": false, ""id"": 858289, ""metadata"": {""allowed_languages"": [""en"", ""jp"", ""zh-CN"", ""kr"", ""fr""]}, ""scope"": ""mixed""}, {""exact_language"": false, ""id"": 871977, ""metadata"": {""allowed_languages"": [""en"", ""jp"", ""zh-CN"", ""kr"", ""fr""]}, ""scope"": ""mixed""}], ""mismatch_reasons"": [""wrong_cardmarket_id""], ""scryfall_cardmarket_id"": null, ""stored_ids"": [858289, 871977], ""validated_stored_ids"": [858289, 871977]}",,,,
23365,one_piece,Tashigi,EB03-018A,eb-03,EB-03: Heroines Edition,en,Alternate Art,Alternate Art,,,6592,one_piece:EB03-018A,358352,358352,,"858296,871988",,,,,,,,,,,,,,,,,,,Low,6.14,EUR,EUR,cardtrader,358352,high,2026-08-29T12:19:30.162830+00:00,"""{\""cardmarket_exact_candidates\"": [], \""snapshot_fingerprint\"": \""b0148d84ca59550df15f8ad14f49d9b527acccadbe5622b93166949e6c6ab6a6\""}""",MISMATCH,stored Cardmarket product conflicts with local printing,true,false,false,,,,,,,,CRITICAL,,,,CRITICAL,wrong_cardmarket_id,,"{""external_provenance"": [{""exact_language"": false, ""id"": 858296, ""metadata"": {""allowed_languages"": [""en"", ""jp"", ""zh-CN"", ""kr"", ""fr""]}, ""scope"": ""mixed""}, {""exact_language"": false, ""id"": 871988, ""metadata"": {""allowed_languages"": [""en"", ""jp"", ""zh-CN"", ""kr"", ""fr""]}, ""scope"": ""mixed""}], ""mismatch_reasons"": [""wrong_cardmarket_id""], ""scryfall_cardmarket_id"": null, ""stored_ids"": [858296, 871988], ""validated_stored_ids"": [858296, 871988]}",,,,
23366,one_piece,Tashigi,EB03-018A,eb-03,EB-03: Heroines Edition,jp,Alternate Art,Alternate Art,,,6592,one_piece:EB03-018A,358352,358352,,"858296,871988",,,,,,,,,,,,,,,,,,,Low,5.59,EUR,EUR,cardtrader,358352,high,2026-08-28T15:00:15.994637+00:00,"""{\""cardmarket_exact_candidates\"": [], \""snapshot_fingerprint\"": \""5b43db94efd042c0f7e453b229abb30009daa526fcb39bf13b0bc3fc42d91344\""}""",MISMATCH,stored Cardmarket product conflicts with local printing,true,false,false,,,,,,,,CRITICAL,,,,CRITICAL,wrong_cardmarket_id,,"{""external_provenance"": [{""exact_language"": false, ""id"": 858296, ""metadata"": {""allowed_languages"": [""en"", ""jp"", ""zh-CN"", ""kr"", ""fr""]}, ""scope"": ""mixed""}, {""exact_language"": false, ""id"": 871988, ""metadata"": {""allowed_languages"": [""en"", ""jp"", ""zh-CN"", ""kr"", ""fr""]}, ""scope"": ""mixed""}], ""mismatch_reasons"": [""wrong_cardmarket_id""], ""scryfall_cardmarket_id"": null, ""stored_ids"": [858296, 871988], ""validated_stored_ids"": [858296, 871988]}",,,,
23381,one_piece,Nefeltari Vivi,EB03-024A,eb-03,EB-03: Heroines Edition,en,Alternate Art,Alternate Art,,,6600,one_piece:EB03-024A,358360,358360,,"858303,872005",,,,,,,,,,,,,,,,,,,Low,20.27,EUR,EUR,cardtrader,358360,high,2026-08-29T12:19:30.162830+00:00,"""{\""cardmarket_exact_candidates\"": [], \""snapshot_fingerprint\"": \""bfbaaef862345834d09024686b691b231939db90d50d74da1eb759c34169dd8d\""}""",MISMATCH,stored Cardmarket product conflicts with local printing,true,false,false,,,,,,,,CRITICAL,,,,CRITICAL,wrong_cardmarket_id,,"{""external_provenance"": [{""exact_language"": false, ""id"": 858303, ""metadata"": {""allowed_languages"": [""en"", ""jp"", ""zh-CN"", ""kr"", ""fr""]}, ""scope"": ""mixed""}, {""exact_language"": false, ""id"": 872005, ""metadata"": {""allowed_languages"": [""en"", ""jp"", ""zh-CN"", ""kr"", ""fr""]}, ""scope"": ""mixed""}], ""mismatch_reasons"": [""wrong_cardmarket_id""], ""scryfall_cardmarket_id"": null, ""stored_ids"": [858303, 872005], ""validated_stored_ids"": [858303, 872005]}",,,,
23382,one_piece,Nefeltari Vivi,EB03-024A,eb-03,EB-03: Heroines Edition,jp,Alternate Art,Alternate Art,,,6600,one_piece:EB03-024A,358360,358360,,"858303,872005",,,,,,,,,,,,,,,,,,,Low,19.22,EUR,EUR,cardtrader,358360,high,2026-08-28T15:00:15.994637+00:00,"""{\""cardmarket_exact_candidates\"": [], \""snapshot_fingerprint\"": \""0be062f6a9843d52311596f0f11f103667b245c7896f2411bbe1f8bfbe93fa56\""}""",MISMATCH,stored Cardmarket product conflicts with local printing,true,false,false,,,,,,,,CRITICAL,,,,CRITICAL,wrong_cardmarket_id,,"{""external_provenance"": [{""exact_language"": false, ""id"": 858303, ""metadata"": {""allowed_languages"": [""en"", ""jp"", ""zh-CN"", ""kr"", ""fr""]}, ""scope"": ""mixed""}, {""exact_language"": false, ""id"": 872005, ""metadata"": {""allowed_languages"": [""en"", ""jp"", ""zh-CN"", ""kr"", ""fr""]}, ""scope"": ""mixed""}], ""mismatch_reasons"": [""wrong_cardmarket_id""], ""scryfall_cardmarket_id"": null, ""stored_ids"": [858303, 872005], ""validated_stored_ids"": [858303, 872005]}",,,,
23391,one_piece,Boa Hancock,EB03-026A,eb-03,EB-03: Heroines Edition,en,Alternate Art,Alternate Art,,,6605,one_piece:EB03-026A,358365,358365,,"858307,872010",,,,,,,,,,,,,,,,,,,Low,46.63,EUR,EUR,cardtrader,358365,high,2026-08-29T12:19:30.162830+00:00,"""{\""cardmarket_exact_candidates\"": [], \""snapshot_fingerprint\"": \""6deef6253c805dfa0dd083cde773b6b826baf048f7df4db90adcdb70bc12f985\""}""",MISMATCH,stored Cardmarket product conflicts with local printing,true,false,false,,,,,,,,CRITICAL,,,,CRITICAL,wrong_cardmarket_id,,"{""external_provenance"": [{""exact_language"": false, ""id"": 858307, ""metadata"": {""allowed_languages"": [""en"", ""jp"", ""zh-CN"", ""kr"", ""fr""]}, ""scope"": ""mixed""}, {""exact_language"": false, ""id"": 872010, ""metadata"": {""allowed_languages"": [""en"", ""jp"", ""zh-CN"", ""kr"", ""fr""]}, ""scope"": ""mixed""}], ""mismatch_reasons"": [""wrong_cardmarket_id""], ""scryfall_cardmarket_id"": null, ""stored_ids"": [858307, 872010], ""validated_stored_ids"": [858307, 872010]}",,,,
23392,one_piece,Boa Hancock,EB03-026A,eb-03,EB-03: Heroines Edition,jp,Alternate Art,Alternate Art,,,6605,one_piece:EB03-026A,358365,358365,,"858307,872010",,,,,,,,,,,,,,,,,,,Low,40.52,EUR,EUR,cardtrader,358365,high,2026-08-29T12:19:30.162830+00:00,"""{\""cardmarket_exact_candidates\"": [], \""snapshot_fingerprint\"": \""89a4ccd6a33c32ad3e39503a83bbf9f4836c64cb7119fd61f95676cc1991baf5\""}""",MISMATCH,stored Cardmarket product conflicts with local printing,true,false,false,,,,,,,,CRITICAL,,,,CRITICAL,wrong_cardmarket_id,,"{""external_provenance"": [{""exact_language"": false, ""id"": 858307, ""metadata"": {""allowed_languages"": [""en"", ""jp"", ""zh-CN"", ""kr"", ""fr""]}, ""scope"": ""mixed""}, {""exact_language"": false, ""id"": 872010, ""metadata"": {""allowed_languages"": [""en"", ""jp"", ""zh-CN"", ""kr"", ""fr""]}, ""scope"": ""mixed""}], ""mismatch_reasons"": [""wrong_cardmarket_id""], ""scryfall_cardmarket_id"": null, ""stored_ids"": [858307, 872010], ""validated_stored_ids"": [858307, 872010]}",,,,
23405,one_piece,Vinsmoke Reiju,EB03-031A,eb-03,EB-03: Heroines Edition,en,Alternate Art,Alternate Art,,,6612,one_piece:EB03-031A,358372,358372,,"858314,872168",,,,,,,,,,,,,,,,,,,Low,9.23,EUR,EUR,cardtrader,358372,high,2026-08-29T12:19:30.162830+00:00,"""{\""cardmarket_exact_candidates\"": [], \""snapshot_fingerprint\"": \""42fc2859952147f8347f8ecfc50c0964bfb5ae7ed98b3c4ec6fda18754b9101d\""}""",MISMATCH,stored Cardmarket product conflicts with local printing,true,false,false,,,,,,,,CRITICAL,,,,CRITICAL,wrong_cardmarket_id,,"{""external_provenance"": [{""exact_language"": false, ""id"": 858314, ""metadata"": {""allowed_languages"": [""en"", ""jp"", ""zh-CN"", ""kr"", ""fr""]}, ""scope"": ""mixed""}, {""exact_language"": false, ""id"": 872168, ""metadata"": {""allowed_languages"": [""en"", ""jp"", ""zh-CN"", ""kr"", ""fr""]}, ""scope"": ""mixed""}], ""mismatch_reasons"": [""wrong_cardmarket_id""], ""scryfall_cardmarket_id"": null, ""stored_ids"": [858314, 872168], ""validated_stored_ids"": [858314, 872168]}",,,,
23406,one_piece,Vinsmoke Reiju,EB03-031A,eb-03,EB-03: Heroines Edition,jp,Alternate Art,Alternate Art,,,6612,one_piece:EB03-031A,358372,358372,,"858314,872168",,,,,,,,,,,,,,,,,,,Low,25.32,EUR,EUR,cardtrader,358372,medium,2026-08-29T12:19:30.162830+00:00,"""{\""cardmarket_exact_candidates\"": [], \""snapshot_fingerprint\"": \""416520fd06cb87edc0fcf527e8a0be1dd740e5c28e6a9b00c81bef2a0a6c7a88\""}""",MISMATCH,stored Cardmarket product conflicts with local printing,true,false,false,,,,,,,,CRITICAL,,,,CRITICAL,wrong_cardmarket_id,,"{""external_provenance"": [{""exact_language"": false, ""id"": 858314, ""metadata"": {""allowed_languages"": [""en"", ""jp"", ""zh-CN"", ""kr"", ""fr""]}, ""scope"": ""mixed""}, {""exact_language"": false, ""id"": 872168, ""metadata"": {""allowed_languages"": [""en"", ""jp"", ""zh-CN"", ""kr"", ""fr""]}, ""scope"": ""mixed""}], ""mismatch_reasons"": [""wrong_cardmarket_id""], ""scryfall_cardmarket_id"": null, ""stored_ids"": [858314, 872168], ""validated_stored_ids"": [858314, 872168]}",,,,
23435,one_piece,Koala,EB03-042A,eb-03,EB-03: Heroines Edition,en,Alternate Art,Alternate Art,,,6627,one_piece:EB03-042A,358387,358387,,"858331,872183",,,,,,,,,,,,,,,,,,,Low,7.2,EUR,EUR,cardtrader,358387,high,2026-08-29T12:19:30.162830+00:00,"""{\""cardmarket_exact_candidates\"": [], \""snapshot_fingerprint\"": \""23cb9f761273f3f3a568effa101cb55f583761d9ccfd698f1a170c50cda1e031\""}""",MISMATCH,stored Cardmarket product conflicts with local printing,true,false,false,,,,,,,,CRITICAL,,,,CRITICAL,wrong_cardmarket_id,,"{""external_provenance"": [{""exact_language"": false, ""id"": 858331, ""metadata"": {""allowed_languages"": [""en"", ""jp"", ""zh-CN"", ""kr"", ""fr""]}, ""scope"": ""mixed""}, {""exact_language"": false, ""id"": 872183, ""metadata"": {""allowed_languages"": [""en"", ""jp"", ""zh-CN"", ""kr"", ""fr""]}, ""scope"": ""mixed""}], ""mismatch_reasons"": [""wrong_cardmarket_id""], ""scryfall_cardmarket_id"": null, ""stored_ids"": [858331, 872183], ""validated_stored_ids"": [858331, 872183]}",,,,
23436,one_piece,Koala,EB03-042A,eb-03,EB-03: Heroines Edition,jp,Alternate Art,Alternate Art,,,6627,one_piece:EB03-042A,358387,358387,,"858331,872183",,,,,,,,,,,,,,,,,,,Low,8.0,EUR,EUR,cardtrader,358387,high,2026-08-29T12:19:30.162830+00:00,"""{\""cardmarket_exact_candidates\"": [], \""snapshot_fingerprint\"": \""24eca1322171127361d93f03fb7b9c31adb9a3db8cad8ea63638bb0a2ff715b8\""}""",MISMATCH,stored Cardmarket product conflicts with local printing,true,false,false,,,,,,,,CRITICAL,,,,CRITICAL,wrong_cardmarket_id,,"{""external_provenance"": [{""exact_language"": false, ""id"": 858331, ""metadata"": {""allowed_languages"": [""en"", ""jp"", ""zh-CN"", ""kr"", ""fr""]}, ""scope"": ""mixed""}, {""exact_language"": false, ""id"": 872183, ""metadata"": {""allowed_languages"": [""en"", ""jp"", ""zh-CN"", ""kr"", ""fr""]}, ""scope"": ""mixed""}], ""mismatch_reasons"": [""wrong_cardmarket_id""], ""scryfall_cardmarket_id"": null, ""stored_ids"": [858331, 872183], ""validated_stored_ids"": [858331, 872183]}",,,,
23445,one_piece,Perona,EB03-045A,eb-03,EB-03: Heroines Edition,en,Alternate Art,Alternate Art,,,6632,one_piece:EB03-045A,358392,358392,,"858335,872187",,,,,,,,,,,,,,,,,,,Low,12.21,EUR,EUR,cardtrader,358392,high,2026-08-29T12:19:30.162830+00:00,"""{\""cardmarket_exact_candidates\"": [], \""snapshot_fingerprint\"": \""2a111a041d7e9ad63e09e13c1911afdf219935307f163b6478167137c235f705\""}""",MISMATCH,stored Cardmarket product conflicts with local printing,true,false,false,,,,,,,,CRITICAL,,,,CRITICAL,wrong_cardmarket_id,,"{""external_provenance"": [{""exact_language"": false, ""id"": 858335, ""metadata"": {""allowed_languages"": [""en"", ""jp"", ""zh-CN"", ""kr"", ""fr""]}, ""scope"": ""mixed""}, {""exact_language"": false, ""id"": 872187, ""metadata"": {""allowed_languages"": [""en"", ""jp"", ""zh-CN"", ""kr"", ""fr""]}, ""scope"": ""mixed""}], ""mismatch_reasons"": [""wrong_cardmarket_id""], ""scryfall_cardmarket_id"": null, ""stored_ids"": [858335, 872187], ""validated_stored_ids"": [858335, 872187]}",,,,
23446,one_piece,Perona,EB03-045A,eb-03,EB-03: Heroines Edition,jp,Alternate Art,Alternate Art,,,6632,one_piece:EB03-045A,358392,358392,,"858335,872187",,,,,,,,,,,,,,,,,,,Low,20.19,EUR,EUR,cardtrader,358392,medium,2026-08-29T12:19:30.162830+00:00,"""{\""cardmarket_exact_candidates\"": [], \""snapshot_fingerprint\"": \""7c81701c00a17588d137adc02a8866bf60b857d26c8829e5266f63bb472cb944\""}""",MISMATCH,stored Cardmarket product conflicts with local printing,true,false,false,,,,,,,,CRITICAL,,,,CRITICAL,wrong_cardmarket_id,,"{""external_provenance"": [{""exact_language"": false, ""id"": 858335, ""metadata"": {""allowed_languages"": [""en"", ""jp"", ""zh-CN"", ""kr"", ""fr""]}, ""scope"": ""mixed""}, {""exact_language"": false, ""id"": 872187, ""metadata"": {""allowed_languages"": [""en"", ""jp"", ""zh-CN"", ""kr"", ""fr""]}, ""scope"": ""mixed""}], ""mismatch_reasons"": [""wrong_cardmarket_id""], ""scryfall_cardmarket_id"": null, ""stored_ids"": [858335, 872187], ""validated_stored_ids"": [858335, 872187]}",,,,
23465,one_piece,Nami,EB03-053A,eb-03,EB-03: Heroines Edition,en,Alternate Art,Alternate Art,,,6642,one_piece:EB03-053A,358402,358402,,"858344,872197",,,,,,,,,,,,,,,,,,,Low,48.62,EUR,EUR,cardtrader,358402,high,2026-08-29T12:19:30.162830+00:00,"""{\""cardmarket_exact_candidates\"": [], \""snapshot_fingerprint\"": \""7b5b7555aaaefb8c21f4976aee0fb9d204cacfbc0b5968f307b765030e70ab63\""}""",MISMATCH,stored Cardmarket product conflicts with local printing,true,false,false,,,,,,,,CRITICAL,,,,CRITICAL,wrong_cardmarket_id,,"{""external_provenance"": [{""exact_language"": false, ""id"": 858344, ""metadata"": {""allowed_languages"": [""en"", ""jp"", ""zh-CN"", ""kr"", ""fr""]}, ""scope"": ""mixed""}, {""exact_language"": false, ""id"": 872197, ""metadata"": {""allowed_languages"": [""en"", ""jp"", ""zh-CN"", ""kr"", ""fr""]}, ""scope"": ""mixed""}], ""mismatch_reasons"": [""wrong_cardmarket_id""], ""scryfall_cardmarket_id"": null, ""stored_ids"": [858344, 872197], ""validated_stored_ids"": [858344, 872197]}",,,,
23466,one_piece,Nami,EB03-053A,eb-03,EB-03: Heroines Edition,jp,Alternate Art,Alternate Art,,,6642,one_piece:EB03-053A,358402,358402,,"858344,872197",,,,,,,,,,,,,,,,,,,Low,49.54,EUR,EUR,cardtrader,358402,medium,2026-08-29T12:19:30.162830+00:00,"""{\""cardmarket_exact_candidates\"": [], \""snapshot_fingerprint\"": \""fc5673a5869b2f7a0a6b765f852b708f939a3d273402bc304e567cc290cdf3c7\""}""",MISMATCH,stored Cardmarket product conflicts with local printing,true,false,false,,,,,,,,CRITICAL,,,,CRITICAL,wrong_cardmarket_id,,"{""external_provenance"": [{""exact_language"": false, ""id"": 858344, ""metadata"": {""allowed_languages"": [""en"", ""jp"", ""zh-CN"", ""kr"", ""fr""]}, ""scope"": ""mixed""}, {""exact_language"": false, ""id"": 872197, ""metadata"": {""allowed_languages"": [""en"", ""jp"", ""zh-CN"", ""kr"", ""fr""]}, ""scope"": ""mixed""}], ""mismatch_reasons"": [""wrong_cardmarket_id""], ""scryfall_cardmarket_id"": null, ""stored_ids"": [858344, 872197], ""validated_stored_ids"": [858344, 872197]}",,,,
23473,one_piece,Nico Robin,EB03-055A,eb-03,EB-03: Heroines Edition,en,Alternate Art,Alternate Art,,,6646,one_piece:EB03-055A,358406,358406,,"858347,872201",,,,,,,,,,,,,,,,,,,Low,43.34,EUR,EUR,cardtrader,358406,high,2026-08-29T12:19:30.162830+00:00,"""{\""cardmarket_exact_candidates\"": [], \""snapshot_fingerprint\"": \""013cb43e285d170fb1e6cbe5593fbd67b8b7faa74b6bba4247096fff7279872d\""}""",MISMATCH,stored Cardmarket product conflicts with local printing,true,false,false,,,,,,,,CRITICAL,,,,CRITICAL,wrong_cardmarket_id,,"{""external_provenance"": [{""exact_language"": false, ""id"": 858347, ""metadata"": {""allowed_languages"": [""en"", ""jp"", ""zh-CN"", ""kr"", ""fr""]}, ""scope"": ""mixed""}, {""exact_language"": false, ""id"": 872201, ""metadata"": {""allowed_languages"": [""en"", ""jp"", ""zh-CN"", ""kr"", ""fr""]}, ""scope"": ""mixed""}], ""mismatch_reasons"": [""wrong_cardmarket_id""], ""scryfall_cardmarket_id"": null, ""stored_ids"": [858347, 872201], ""validated_stored_ids"": [858347, 872201]}",,,,
23474,one_piece,Nico Robin,EB03-055A,eb-03,EB-03: Heroines Edition,jp,Alternate Art,Alternate Art,,,6646,one_piece:EB03-055A,358406,358406,,"858347,872201",,,,,,,,,,,,,,,,,,,Low,29.29,EUR,EUR,cardtrader,358406,high,2026-08-29T12:19:30.162830+00:00,"""{\""cardmarket_exact_candidates\"": [], \""snapshot_fingerprint\"": \""90ce8859976cb4f2354e0e66cfceb4f87055ad6f25edc0ec013c5dfd897e6dbc\""}""",MISMATCH,stored Cardmarket product conflicts with local printing,true,false,false,,,,,,,,CRITICAL,,,,CRITICAL,wrong_cardmarket_id,,"{""external_provenance"": [{""exact_language"": false, ""id"": 858347, ""metadata"": {""allowed_languages"": [""en"", ""jp"", ""zh-CN"", ""kr"", ""fr""]}, ""scope"": ""mixed""}, {""exact_language"": false, ""id"": 872201, ""metadata"": {""allowed_languages"": [""en"", ""jp"", ""zh-CN"", ""kr"", ""fr""]}, ""scope"": ""mixed""}], ""mismatch_reasons"": [""wrong_cardmarket_id""], ""scryfall_cardmarket_id"": null, ""stored_ids"": [858347, 872201], ""validated_stored_ids"": [858347, 872201]}",,,,
23491,one_piece,Uta,EB03-061A,eb-03,EB-03: Heroines Edition,en,Alternate Art,Alternate Art,,,6655,one_piece:EB03-061A,358415,358415,,"858355,872215",,,,,,,,,,,,,,,,,,,Low,17.27,EUR,EUR,cardtrader,358415,high,2026-08-29T12:19:30.162830+00:00,"""{\""cardmarket_exact_candidates\"": [], \""snapshot_fingerprint\"": \""ae866273badcfd6f17efa97355e971f297cb2a7e1259b4d6faffb6b72cfc3847\""}""",MISMATCH,stored Cardmarket product conflicts with local printing,true,false,false,,,,,,,,CRITICAL,,,,CRITICAL,wrong_cardmarket_id,,"{""external_provenance"": [{""exact_language"": false, ""id"": 858355, ""metadata"": {""allowed_languages"": [""en"", ""jp"", ""zh-CN"", ""kr"", ""fr""]}, ""scope"": ""mixed""}, {""exact_language"": false, ""id"": 872215, ""metadata"": {""allowed_languages"": [""en"", ""jp"", ""zh-CN"", ""kr"", ""fr""]}, ""scope"": ""mixed""}], ""mismatch_reasons"": [""wrong_cardmarket_id""], ""scryfall_cardmarket_id"": null, ""stored_ids"": [858355, 872215], ""validated_stored_ids"": [858355, 872215]}",,,,
23492,one_piece,Uta,EB03-061A,eb-03,EB-03: Heroines Edition,jp,Alternate Art,Alternate Art,,,6655,one_piece:EB03-061A,358415,358415,,"858355,872215",,,,,,,,,,,,,,,,,,,Low,14.16,EUR,EUR,cardtrader,358415,high,2026-08-28T15:00:15.994637+00:00,"""{\""cardmarket_exact_candidates\"": [], \""snapshot_fingerprint\"": \""c436e02aa8f53bb3117c5eee0fec39e5560fa32eac637b2d829ef94ba5004f31\""}""",MISMATCH,stored Cardmarket product conflicts with local printing,true,false,false,,,,,,,,CRITICAL,,,,CRITICAL,wrong_cardmarket_id,,"{""external_provenance"": [{""exact_language"": false, ""id"": 858355, ""metadata"": {""allowed_languages"": [""en"", ""jp"", ""zh-CN"", ""kr"", ""fr""]}, ""scope"": ""mixed""}, {""exact_language"": false, ""id"": 872215, ""metadata"": {""allowed_languages"": [""en"", ""jp"", ""zh-CN"", ""kr"", ""fr""]}, ""scope"": ""mixed""}], ""mismatch_reasons"": [""wrong_cardmarket_id""], ""scryfall_cardmarket_id"": null, ""stored_ids"": [858355, 872215], ""validated_stored_ids"": [858355, 872215]}",,,,
23499,one_piece,DON!!,EB-03-G,eb-03,EB-03: Heroines Edition,jp,Gold Foil,DON!!,,,6659,one_piece:EB-03-G,358980,358980,,864648,,,,,,,,,,,,,,,,,,,Low,200.63,EUR,EUR,cardtrader,358980,medium,2026-08-28T15:00:15.994637+00:00,"""{\""cardmarket_exact_candidates\"": [], \""snapshot_fingerprint\"": \""195a80c9263e6453eeb0657e641d2d48dc18f578c3fe1025447264717586af15\""}""",MISMATCH,stored Cardmarket product conflicts with local printing,true,false,false,,,,,,,,CRITICAL,,,,CRITICAL,wrong_cardmarket_id,,"{""external_provenance"": [{""exact_language"": false, ""id"": 864648, ""metadata"": {""allowed_languages"": [""en"", ""jp"", ""zh-CN"", ""kr"", ""fr""]}, ""scope"": ""mixed""}], ""mismatch_reasons"": [""wrong_cardmarket_id""], ""scryfall_cardmarket_id"": null, ""stored_ids"": [864648], ""validated_stored_ids"": [864648]}",,,,
23500,one_piece,DON!!,EB-03,eb-03,EB-03: Heroines Edition,jp,Base,DON!!,,,6660,one_piece:EB-03,358981,358981,,864647,,,,,,,,,,,,,,,,,,,Low,18.7,EUR,EUR,cardtrader,358981,medium,2026-08-28T15:00:15.994637+00:00,"""{\""cardmarket_exact_candidates\"": [], \""snapshot_fingerprint\"": \""581c02edd0c9621f498022317eb8931143789ff191f9d8a65e272a02687bce79\""}""",MISMATCH,stored Cardmarket product conflicts with local printing,true,false,false,,,,,,,,CRITICAL,,,,CRITICAL,wrong_cardmarket_id,,"{""external_provenance"": [{""exact_language"": false, ""id"": 864647, ""metadata"": {""allowed_languages"": [""en"", ""jp"", ""zh-CN"", ""kr"", ""fr""]}, ""scope"": ""mixed""}], ""mismatch_reasons"": [""wrong_cardmarket_id""], ""scryfall_cardmarket_id"": null, ""stored_ids"": [864647], ""validated_stored_ids"": [864647]}",,,,
23501,one_piece,DON!!,EB-03-NAMI-G,eb-03,EB-03: Heroines Edition,jp,Nami | Gold Foil,DON!!,,,6661,one_piece:EB-03-NAMI-G,358982,358982,,864646,,,,,,,,,,,,,,,,,,,Low,68.64,EUR,EUR,cardtrader,358982,high,2026-08-29T12:19:30.162830+00:00,"""{\""cardmarket_exact_candidates\"": [], \""snapshot_fingerprint\"": \""de64c289bc9f57b27a24efd873f7a19be53036fab2120f9bc6d59f9ac76906ec\""}""",MISMATCH,stored Cardmarket product conflicts with local printing,true,false,false,,,,,,,,CRITICAL,,,,CRITICAL,wrong_cardmarket_id,,"{""external_provenance"": [{""exact_language"": false, ""id"": 864646, ""metadata"": {""allowed_languages"": [""en"", ""jp"", ""zh-CN"", ""kr"", ""fr""]}, ""scope"": ""mixed""}], ""mismatch_reasons"": [""wrong_cardmarket_id""], ""scryfall_cardmarket_id"": null, ""stored_ids"": [864646], ""validated_stored_ids"": [864646]}",,,,
23502,one_piece,DON!!,EB-03-NAMI,eb-03,EB-03: Heroines Edition,jp,Nami,DON!!,,,6662,one_piece:EB-03-NAMI,358983,358983,,864645,,,,,,,,,,,,,,,,,,,Low,2.18,EUR,EUR,cardtrader,358983,high,2026-08-28T15:00:15.994637+00:00,"""{\""cardmarket_exact_candidates\"": [], \""snapshot_fingerprint\"": \""39d77c037e45a31e281071c7c20259c74a1c87551ea6a053d9c44286b9de5130\""}""",MISMATCH,stored Cardmarket product conflicts with local printing,true,false,false,,,,,,,,CRITICAL,,,,CRITICAL,wrong_cardmarket_id,,"{""external_provenance"": [{""exact_language"": false, ""id"": 864645, ""metadata"": {""allowed_languages"": [""en"", ""jp"", ""zh-CN"", ""kr"", ""fr""]}, ""scope"": ""mixed""}], ""mismatch_reasons"": [""wrong_cardmarket_id""], ""scryfall_cardmarket_id"": null, ""stored_ids"": [864645], ""validated_stored_ids"": [864645]}",,,,
23503,one_piece,DON!!,EB-03-ROBIN-G,eb-03,EB-03: Heroines Edition,jp,Robin | Gold Foil,DON!!,,,6663,one_piece:EB-03-ROBIN-G,358984,358984,,864640,,,,,,,,,,,,,,,,,,,Low,65.64,EUR,EUR,cardtrader,358984,high,2026-08-28T15:00:15.994637+00:00,"""{\""cardmarket_exact_candidates\"": [], \""snapshot_fingerprint\"": \""d2d6ebfd996177c3db0d03d6f218377ef2d98e2e3c5192f5497b162204f1fe52\""}""",MISMATCH,stored Cardmarket product conflicts with local printing,true,false,false,,,,,,,,CRITICAL,,,,CRITICAL,wrong_cardmarket_id,,"{""external_provenance"": [{""exact_language"": false, ""id"": 864640, ""metadata"": {""allowed_languages"": [""en"", ""jp"", ""zh-CN"", ""kr"", ""fr""]}, ""scope"": ""mixed""}], ""mismatch_reasons"": [""wrong_cardmarket_id""], ""scryfall_cardmarket_id"": null, ""stored_ids"": [864640], ""validated_stored_ids"": [864640]}",,,,
23504,one_piece,DON!!,EB-03-ROBIN,eb-03,EB-03: Heroines Edition,jp,Robin,DON!!,,,6664,one_piece:EB-03-ROBIN,358985,358985,,864639,,,,,,,,,,,,,,,,,,,Low,2.6,EUR,EUR,cardtrader,358985,high,2026-08-28T15:00:15.994637+00:00,"""{\""cardmarket_exact_candidates\"": [], \""snapshot_fingerprint\"": \""940f7bdee9f2d2fb451a5990a1119955ccba6a91a891f736131d6126781025af\""}""",MISMATCH,stored Cardmarket product conflicts with local printing,true,false,false,,,,,,,,CRITICAL,,,,CRITICAL,wrong_cardmarket_id,,"{""external_provenance"": [{""exact_language"": false, ""id"": 864639, ""metadata"": {""allowed_languages"": [""en"", ""jp"", ""zh-CN"", ""kr"", ""fr""]}, ""scope"": ""mixed""}], ""mismatch_reasons"": [""wrong_cardmarket_id""], ""scryfall_cardmarket_id"": null, ""stored_ids"": [864639], ""validated_stored_ids"": [864639]}",,,,
23505,one_piece,DON!!,EB-03-BOA-G,eb-03,EB-03: Heroines Edition,jp,Boa Hancock | Gold Foil,DON!!,,,6665,one_piece:EB-03-BOA-G,358986,358986,,864642,,,,,,,,,,,,,,,,,,,Low,88.14,EUR,EUR,cardtrader,358986,low,2026-08-28T15:00:15.994637+00:00,"""{\""cardmarket_exact_candidates\"": [], \""snapshot_fingerprint\"": \""5975e3bb432b205c7cb697d7c673cdefc3712a9dd2946b57ab06b3a0ed7559dc\""}""",MISMATCH,stored Cardmarket product conflicts with local printing,true,false,false,,,,,,,,CRITICAL,,,,CRITICAL,wrong_cardmarket_id,,"{""external_provenance"": [{""exact_language"": false, ""id"": 864642, ""metadata"": {""allowed_languages"": [""en"", ""jp"", ""zh-CN"", ""kr"", ""fr""]}, ""scope"": ""mixed""}], ""mismatch_reasons"": [""wrong_cardmarket_id""], ""scryfall_cardmarket_id"": null, ""stored_ids"": [864642], ""validated_stored_ids"": [864642]}",,,,
23506,one_piece,DON!!,EB-03-BOA,eb-03,EB-03: Heroines Edition,jp,Boa Hancock,DON!!,,,6666,one_piece:EB-03-BOA,358987,358987,,864641,,,,,,,,,,,,,,,,,,,Low,3.31,EUR,EUR,cardtrader,358987,high,2026-08-28T15:00:15.994637+00:00,"""{\""cardmarket_exact_candidates\"": [], \""snapshot_fingerprint\"": \""14f3714c7a5dad266591c1567684217b9ce9a47d4cc4c236b6f3811e263b4bcd\""}""",MISMATCH,stored Cardmarket product conflicts with local printing,true,false,false,,,,,,,,CRITICAL,,,,CRITICAL,wrong_cardmarket_id,,"{""external_provenance"": [{""exact_language"": false, ""id"": 864641, ""metadata"": {""allowed_languages"": [""en"", ""jp"", ""zh-CN"", ""kr"", ""fr""]}, ""scope"": ""mixed""}], ""mismatch_reasons"": [""wrong_cardmarket_id""], ""scryfall_cardmarket_id"": null, ""stored_ids"": [864641], ""validated_stored_ids"": [864641]}",,,,
23507,one_piece,DON!!,EB-03-UTA-G,eb-03,EB-03: Heroines Edition,jp,Uta | Gold Foil,DON!!,,,6667,one_piece:EB-03-UTA-G,358988,358988,,864644,,,,,,,,,,,,,,,,,,,Low,50.64,EUR,EUR,cardtrader,358988,high,2026-08-29T12:19:30.162830+00:00,"""{\""cardmarket_exact_candidates\"": [], \""snapshot_fingerprint\"": \""b75ad66d2b474d7128d361f01a23db93e2c6c1f31c9e5b23cb1dd57125c7a81c\""}""",MISMATCH,stored Cardmarket product conflicts with local printing,true,false,false,,,,,,,,CRITICAL,,,,CRITICAL,wrong_cardmarket_id,,"{""external_provenance"": [{""exact_language"": false, ""id"": 864644, ""metadata"": {""allowed_languages"": [""en"", ""jp"", ""zh-CN"", ""kr"", ""fr""]}, ""scope"": ""mixed""}], ""mismatch_reasons"": [""wrong_cardmarket_id""], ""scryfall_cardmarket_id"": null, ""stored_ids"": [864644], ""validated_stored_ids"": [864644]}",,,,
23508,one_piece,DON!!,EB-03-UTA,eb-03,EB-03: Heroines Edition,jp,Uta,DON!!,,,6668,one_piece:EB-03-UTA,358989,358989,,864643,,,,,,,,,,,,,,,,,,,Low,3.1,EUR,EUR,cardtrader,358989,high,2026-08-28T15:00:15.994637+00:00,"""{\""cardmarket_exact_candidates\"": [], \""snapshot_fingerprint\"": \""ce11cf6af83c8fff8ee4123234ad0e45dc53afa8990bf619f910e2797f673e41\""}""",MISMATCH,stored Cardmarket product conflicts with local printing,true,false,false,,,,,,,,CRITICAL,,,,CRITICAL,wrong_cardmarket_id,,"{""external_provenance"": [{""exact_language"": false, ""id"": 864643, ""metadata"": {""allowed_languages"": [""en"", ""jp"", ""zh-CN"", ""kr"", ""fr""]}, ""scope"": ""mixed""}], ""mismatch_reasons"": [""wrong_cardmarket_id""], ""scryfall_cardmarket_id"": null, ""stored_ids"": [864643], ""validated_stored_ids"": [864643]}",,,,
23858,one_piece,Boa Hancock,OP14-112A,op-14,OP-14: The Azure Sea's Seven,en,Alternate Art,Alternate Art,,,6883,one_piece:OP14-112A,363283,363283,,"861937,865537",,,,,,,,,,,,,,,,,,,Low,50.62,EUR,EUR,cardtrader,363283,high,2026-08-29T12:19:30.162830+00:00,"""{\""cardmarket_exact_candidates\"": [], \""snapshot_fingerprint\"": \""f1ab9158793378ae41fcafa5e66b8b81283611aaa046599cff0998af8062d44e\""}""",MISMATCH,stored Cardmarket product conflicts with local printing,true,false,false,,,,,,,,CRITICAL,,,,CRITICAL,wrong_cardmarket_id,,"{""external_provenance"": [{""exact_language"": false, ""id"": 861937, ""metadata"": {""allowed_languages"": [""en"", ""jp"", ""zh-CN"", ""kr"", ""fr""]}, ""scope"": ""mixed""}, {""exact_language"": false, ""id"": 865537, ""metadata"": {""allowed_languages"": [""en"", ""jp"", ""zh-CN"", ""kr"", ""fr""]}, ""scope"": ""mixed""}], ""mismatch_reasons"": [""wrong_cardmarket_id""], ""scryfall_cardmarket_id"": null, ""stored_ids"": [861937, 865537], ""validated_stored_ids"": [861937, 865537]}",,,,
23859,one_piece,Boa Hancock,OP14-112A,op-14,OP-14: The Azure Sea's Seven,jp,Alternate Art,Alternate Art,,,6883,one_piece:OP14-112A,363283,363283,,"861937,865537",,,,,,,,,,,,,,,,,,,Low,50.63,EUR,EUR,cardtrader,363283,medium,2026-08-29T12:19:30.162830+00:00,"""{\""cardmarket_exact_candidates\"": [], \""snapshot_fingerprint\"": \""f4a82a0f9fa29e20b6711aab9d195a8529acde6930acbea9eb3708d95e9ba827\""}""",MISMATCH,stored Cardmarket product conflicts with local printing,true,false,false,,,,,,,,CRITICAL,,,,CRITICAL,wrong_cardmarket_id,,"{""external_provenance"": [{""exact_language"": false, ""id"": 861937, ""metadata"": {""allowed_languages"": [""en"", ""jp"", ""zh-CN"", ""kr"", ""fr""]}, ""scope"": ""mixed""}, {""exact_language"": false, ""id"": 865537, ""metadata"": {""allowed_languages"": [""en"", ""jp"", ""zh-CN"", ""kr"", ""fr""]}, ""scope"": ""mixed""}], ""mismatch_reasons"": [""wrong_cardmarket_id""], ""scryfall_cardmarket_id"": null, ""stored_ids"": [861937, 865537], ""validated_stored_ids"": [861937, 865537]}",,,,
23876,one_piece,Dracule Mihawk,OP14-119A,op-14,OP-14: The Azure Sea's Seven,en,Secret Rare | Alternate Art,Alternate Art,,,6892,one_piece:OP14-119A,363292,363292,,"861947,865547",,,,,,,,,,,,,,,,,,,Low,29.4,EUR,EUR,cardtrader,363292,high,2026-08-29T12:19:30.162830+00:00,"""{\""cardmarket_exact_candidates\"": [], \""snapshot_fingerprint\"": \""2f6c28b9b6574b62611cd21f9b290a856becc7a299f0fabdd82f58806796b596\""}""",MISMATCH,stored Cardmarket product conflicts with local printing,true,false,false,,,,,,,,CRITICAL,,,,CRITICAL,wrong_cardmarket_id,,"{""external_provenance"": [{""exact_language"": false, ""id"": 861947, ""metadata"": {""allowed_languages"": [""en"", ""jp"", ""zh-CN"", ""kr"", ""fr""]}, ""scope"": ""mixed""}, {""exact_language"": false, ""id"": 865547, ""metadata"": {""allowed_languages"": [""en"", ""jp"", ""zh-CN"", ""kr"", ""fr""]}, ""scope"": ""mixed""}], ""mismatch_reasons"": [""wrong_cardmarket_id""], ""scryfall_cardmarket_id"": null, ""stored_ids"": [861947, 865547], ""validated_stored_ids"": [861947, 865547]}",,,,
23877,one_piece,Dracule Mihawk,OP14-119A,op-14,OP-14: The Azure Sea's Seven,jp,Secret Rare | Alternate Art,Alternate Art,,,6892,one_piece:OP14-119A,363292,363292,,"861947,865547",,,,,,,,,,,,,,,,,,,Low,24.4,EUR,EUR,cardtrader,363292,high,2026-08-29T12:19:30.162830+00:00,"""{\""cardmarket_exact_candidates\"": [], \""snapshot_fingerprint\"": \""26c1ee462a9172216e3913c24c0cbdc8c71aa2866ce2e628425408e8132e0d03\""}""",MISMATCH,stored Cardmarket product conflicts with local printing,true,false,false,,,,,,,,CRITICAL,,,,CRITICAL,wrong_cardmarket_id,,"{""external_provenance"": [{""exact_language"": false, ""id"": 861947, ""metadata"": {""allowed_languages"": [""en"", ""jp"", ""zh-CN"", ""kr"", ""fr""]}, ""scope"": ""mixed""}, {""exact_language"": false, ""id"": 865547, ""metadata"": {""allowed_languages"": [""en"", ""jp"", ""zh-CN"", ""kr"", ""fr""]}, ""scope"": ""mixed""}], ""mismatch_reasons"": [""wrong_cardmarket_id""], ""scryfall_cardmarket_id"": null, ""stored_ids"": [861947, 865547], ""validated_stored_ids"": [861947, 865547]}",,,,
23900,one_piece,DON!!,OP14G,op-14,OP-14: The Azure Sea's Seven,en,Mihawk | Gold Foil,DON!!,,,6904,one_piece:OP14G,363304,363304,,"862019,865606",,,,,,,,,,,,,,,,,,,Low,8.05,EUR,EUR,cardtrader,363304,high,2026-08-29T12:19:30.162830+00:00,"""{\""cardmarket_exact_candidates\"": [], \""snapshot_fingerprint\"": \""448883f9c2f0c6f7c9df74c58e2d225941ff0b92a963e044be95a4018c638698\""}""",MISMATCH,stored Cardmarket product conflicts with local printing,true,false,false,,,,,,,,CRITICAL,,,,CRITICAL,wrong_cardmarket_id,,"{""external_provenance"": [{""exact_language"": false, ""id"": 862019, ""metadata"": {""allowed_languages"": [""en"", ""jp"", ""zh-CN"", ""kr"", ""fr""]}, ""scope"": ""mixed""}, {""exact_language"": false, ""id"": 865606, ""metadata"": {""allowed_languages"": [""en"", ""jp"", ""zh-CN"", ""kr"", ""fr""]}, ""scope"": ""mixed""}], ""mismatch_reasons"": [""wrong_cardmarket_id""], ""scryfall_cardmarket_id"": null, ""stored_ids"": [862019, 865606], ""validated_stored_ids"": [862019, 865606]}",,,,
23901,one_piece,DON!!,OP14G,op-14,OP-14: The Azure Sea's Seven,jp,Mihawk | Gold Foil,DON!!,,,6904,one_piece:OP14G,363304,363304,,"862019,865606",,,,,,,,,,,,,,,,,,,Low,12.21,EUR,EUR,cardtrader,363304,high,2026-08-28T15:00:15.994637+00:00,"""{\""cardmarket_exact_candidates\"": [], \""snapshot_fingerprint\"": \""b86c3e916ead940343c25c5eb9466e6cb2b30cbdfc90a592fc6b13c1a703a273\""}""",MISMATCH,stored Cardmarket product conflicts with local printing,true,false,false,,,,,,,,CRITICAL,,,,CRITICAL,wrong_cardmarket_id,,"{""external_provenance"": [{""exact_language"": false, ""id"": 862019, ""metadata"": {""allowed_languages"": [""en"", ""jp"", ""zh-CN"", ""kr"", ""fr""]}, ""scope"": ""mixed""}, {""exact_language"": false, ""id"": 865606, ""metadata"": {""allowed_languages"": [""en"", ""jp"", ""zh-CN"", ""kr"", ""fr""]}, ""scope"": ""mixed""}], ""mismatch_reasons"": [""wrong_cardmarket_id""], ""scryfall_cardmarket_id"": null, ""stored_ids"": [862019, 865606], ""validated_stored_ids"": [862019, 865606]}",,,,
23902,one_piece,DON!!,OP14,op-14,OP-14: The Azure Sea's Seven,en,Mihawk,DON!!,,,6905,one_piece:OP14,363305,363305,,"862018,865605",,,,,,,,,,,,,,,,,,,Low,0.28,EUR,EUR,cardtrader,363305,high,2026-08-29T12:19:30.162830+00:00,"""{\""cardmarket_exact_candidates\"": [], \""snapshot_fingerprint\"": \""ce4415d22d50eb1a6ab4620d94714783352a7da00be68e49d65df3e9a38ebe7b\""}""",MISMATCH,stored Cardmarket product conflicts with local printing,true,false,false,,,,,,,,CRITICAL,,,,CRITICAL,wrong_cardmarket_id,,"{""external_provenance"": [{""exact_language"": false, ""id"": 862018, ""metadata"": {""allowed_languages"": [""en"", ""jp"", ""zh-CN"", ""kr"", ""fr""]}, ""scope"": ""mixed""}, {""exact_language"": false, ""id"": 865605, ""metadata"": {""allowed_languages"": [""en"", ""jp"", ""zh-CN"", ""kr"", ""fr""]}, ""scope"": ""mixed""}], ""mismatch_reasons"": [""wrong_cardmarket_id""], ""scryfall_cardmarket_id"": null, ""stored_ids"": [862018, 865605], ""validated_stored_ids"": [862018, 865605]}",,,,
23903,one_piece,DON!!,OP14,op-14,OP-14: The Azure Sea's Seven,jp,Mihawk,DON!!,,,6905,one_piece:OP14,363305,363305,,"862018,865605",,,,,,,,,,,,,,,,,,,Low,0.11,EUR,EUR,cardtrader,363305,high,2026-08-29T12:19:30.162830+00:00,"""{\""cardmarket_exact_candidates\"": [], \""snapshot_fingerprint\"": \""26ff3b63ebbf4cfe31b57f89b17b21035cd3661a64828e24294ac3871850c7e1\""}""",MISMATCH,stored Cardmarket product conflicts with local printing,true,false,false,,,,,,,,CRITICAL,,,,CRITICAL,wrong_cardmarket_id,,"{""external_provenance"": [{""exact_language"": false, ""id"": 862018, ""metadata"": {""allowed_languages"": [""en"", ""jp"", ""zh-CN"", ""kr"", ""fr""]}, ""scope"": ""mixed""}, {""exact_language"": false, ""id"": 865605, ""metadata"": {""allowed_languages"": [""en"", ""jp"", ""zh-CN"", ""kr"", ""fr""]}, ""scope"": ""mixed""}], ""mismatch_reasons"": [""wrong_cardmarket_id""], ""scryfall_cardmarket_id"": null, ""stored_ids"": [862018, 865605], ""validated_stored_ids"": [862018, 865605]}",,,,
23904,one_piece,DON!!,DP-09,op-14,OP-14: The Azure Sea's Seven,jp,Crocodile | Double Pack Set Vol.9,DON!!,,,6906,one_piece:DP-09,364843,364843,,865594,,,,,,,,,,,,,,,,,,,Low,10000.64,EUR,EUR,cardtrader,364843,low,2026-08-28T15:00:15.994637+00:00,"""{\""cardmarket_exact_candidates\"": [], \""snapshot_fingerprint\"": \""c01f639a20ea7caed71693870963d18b3e04fd28ca6ed8f23cfa35fc8e669dae\""}""",MISMATCH,stored Cardmarket product conflicts with local printing,true,false,false,,,,,,,,CRITICAL,,,,CRITICAL,wrong_cardmarket_id,,"{""external_provenance"": [{""exact_language"": false, ""id"": 865594, ""metadata"": {""allowed_languages"": [""en"", ""jp"", ""zh-CN"", ""kr"", ""fr""]}, ""scope"": ""mixed""}], ""mismatch_reasons"": [""wrong_cardmarket_id""], ""scryfall_cardmarket_id"": null, ""stored_ids"": [865594], ""validated_stored_ids"": [865594]}",,,,
23905,one_piece,DON!!,DP-09,op-14,OP-14: The Azure Sea's Seven,jp,Donquixote Doflamingo | Double Pack Set Vol.9,DON!!,,,6906,one_piece:DP-09,364844,364844,,865595,,,,,,,,,,,,,,,,,,,Low,,EUR,EUR,cardmarket,865595,,2026-08-28T15:00:15.994637+00:00,"""{\""reason\"": \""Cardmarket product is not exact-language\"", \""snapshot_fingerprint\"": \""8fffc360e386e7ab007c267ea10c20b3939b4c68e72ff216734ecec827fc8c98\""}""",MISMATCH,stored Cardmarket product conflicts with local printing,true,false,false,,,,,,,,CRITICAL,,,,CRITICAL,wrong_cardmarket_id,stale_price,"{""external_provenance"": [{""exact_language"": false, ""id"": 865595, ""metadata"": {""allowed_languages"": [""en"", ""jp"", ""zh-CN"", ""kr"", ""fr""]}, ""scope"": ""mixed""}], ""mismatch_reasons"": [""wrong_cardmarket_id""], ""scryfall_cardmarket_id"": null, ""stored_ids"": [865595], ""validated_stored_ids"": [865595]}",,,,
23946,one_piece,Edward Weevil,EB01-023A,op-14,OP-14: The Azure Sea's Seven,en,Special Rare,Special,,,6948,one_piece:EB01-023A,365774,365774,,"865552,871502",,,,,,,,,,,,,,,,,,,Low,41.48,EUR,EUR,cardtrader,365774,high,2026-08-29T12:19:30.162830+00:00,"""{\""cardmarket_exact_candidates\"": [], \""snapshot_fingerprint\"": \""26c0de14e234089c11a7cbb14adc14a11fb9f0272612ff545e752f821ed30afc\""}""",MISMATCH,stored Cardmarket product conflicts with local printing,true,false,false,,,,,,,,CRITICAL,,,,CRITICAL,wrong_cardmarket_id,,"{""external_provenance"": [{""exact_language"": false, ""id"": 865552, ""metadata"": {""allowed_languages"": [""en"", ""jp"", ""zh-CN"", ""kr"", ""fr""]}, ""scope"": ""mixed""}, {""exact_language"": false, ""id"": 871502, ""metadata"": {""allowed_languages"": [""en"", ""jp"", ""zh-CN"", ""kr"", ""fr""]}, ""scope"": ""mixed""}], ""mismatch_reasons"": [""wrong_cardmarket_id""], ""scryfall_cardmarket_id"": null, ""stored_ids"": [865552, 871502], ""validated_stored_ids"": [865552, 871502]}",,,,
23947,one_piece,Edward Weevil,EB01-023A,op-14,OP-14: The Azure Sea's Seven,jp,Special Rare,Special,,,6948,one_piece:EB01-023A,365774,365774,,"865552,871502",,,,,,,,,,,,,,,,,,,Low,37.02,EUR,EUR,cardtrader,365774,high,2026-08-28T15:00:15.994637+00:00,"""{\""cardmarket_exact_candidates\"": [], \""snapshot_fingerprint\"": \""1038b1414ee18dec9630350f1e736e4dd4bb16a224b218183c5eb16e04da6929\""}""",MISMATCH,stored Cardmarket product conflicts with local printing,true,false,false,,,,,,,,CRITICAL,,,,CRITICAL,wrong_cardmarket_id,,"{""external_provenance"": [{""exact_language"": false, ""id"": 865552, ""metadata"": {""allowed_languages"": [""en"", ""jp"", ""zh-CN"", ""kr"", ""fr""]}, ""scope"": ""mixed""}, {""exact_language"": false, ""id"": 871502, ""metadata"": {""allowed_languages"": [""en"", ""jp"", ""zh-CN"", ""kr"", ""fr""]}, ""scope"": ""mixed""}], ""mismatch_reasons"": [""wrong_cardmarket_id""], ""scryfall_cardmarket_id"": null, ""stored_ids"": [865552, 871502], ""validated_stored_ids"": [865552, 871502]}",,,,
23951,one_piece,DON!!,OP-14,op-14,OP-14: The Azure Sea's Seven,en,Egghead,DON!!,,,6951,one_piece:OP-14,366296,366296,,"865607,883607",,,,,,,,,,,,,,,,,,,Low,0.14,EUR,EUR,cardtrader,366296,high,2026-08-29T12:19:30.162830+00:00,"""{\""cardmarket_exact_candidates\"": [], \""snapshot_fingerprint\"": \""0bdd32ae9b5092decb18f20592214f70d913467a36f69999667317cd8dab8b48\""}""",MISMATCH,stored Cardmarket product conflicts with local printing,true,false,false,,,,,,,,CRITICAL,,,,CRITICAL,wrong_cardmarket_id,,"{""external_provenance"": [{""exact_language"": false, ""id"": 865607, ""metadata"": {""allowed_languages"": [""en"", ""jp"", ""zh-CN"", ""kr"", ""fr""]}, ""scope"": ""mixed""}, {""exact_language"": false, ""id"": 883607, ""metadata"": {""allowed_languages"": [""en"", ""jp"", ""zh-CN"", ""kr"", ""fr""]}, ""scope"": ""mixed""}], ""mismatch_reasons"": [""wrong_cardmarket_id""], ""scryfall_cardmarket_id"": null, ""stored_ids"": [865607, 883607], ""validated_stored_ids"": [865607, 883607]}",,,,
23952,one_piece,DON!!,OP-14,op-14,OP-14: The Azure Sea's Seven,jp,Egghead,DON!!,,,6951,one_piece:OP-14,366296,366296,,"865607,883607",,,,,,,,,,,,,,,,,,,Low,0.29,EUR,EUR,cardtrader,366296,high,2026-08-29T12:19:30.162830+00:00,"""{\""cardmarket_exact_candidates\"": [], \""snapshot_fingerprint\"": \""9c5dd60a9a836e8b0d4ad9375c372cffd7404fab0f4c13ec3108556f8fcf057f\""}""",MISMATCH,stored Cardmarket product conflicts with local printing,true,false,false,,,,,,,,CRITICAL,,,,CRITICAL,wrong_cardmarket_id,,"{""external_provenance"": [{""exact_language"": false, ""id"": 865607, ""metadata"": {""allowed_languages"": [""en"", ""jp"", ""zh-CN"", ""kr"", ""fr""]}, ""scope"": ""mixed""}, {""exact_language"": false, ""id"": 883607, ""metadata"": {""allowed_languages"": [""en"", ""jp"", ""zh-CN"", ""kr"", ""fr""]}, ""scope"": ""mixed""}], ""mismatch_reasons"": [""wrong_cardmarket_id""], ""scryfall_cardmarket_id"": null, ""stored_ids"": [865607, 883607], ""validated_stored_ids"": [865607, 883607]}",,,,
23953,one_piece,DON!!,OP-14G,op-14,OP-14: The Azure Sea's Seven,en,Egghead | Gold Foil,DON!!,,,6952,one_piece:OP-14G,366297,366297,,"865608,883609",,,,,,,,,,,,,,,,,,,Low,7.14,EUR,EUR,cardtrader,366297,high,2026-08-29T12:19:30.162830+00:00,"""{\""cardmarket_exact_candidates\"": [], \""snapshot_fingerprint\"": \""2e93ce85dc83d354233dc4bd45d1716801029ebd951c32213c7dadabc547f611\""}""",MISMATCH,stored Cardmarket product conflicts with local printing,true,false,false,,,,,,,,CRITICAL,,,,CRITICAL,wrong_cardmarket_id,,"{""external_provenance"": [{""exact_language"": false, ""id"": 865608, ""metadata"": {""allowed_languages"": [""en"", ""jp"", ""zh-CN"", ""kr"", ""fr""]}, ""scope"": ""mixed""}, {""exact_language"": false, ""id"": 883609, ""metadata"": {""allowed_languages"": [""en"", ""jp"", ""zh-CN"", ""kr"", ""fr""]}, ""scope"": ""mixed""}], ""mismatch_reasons"": [""wrong_cardmarket_id""], ""scryfall_cardmarket_id"": null, ""stored_ids"": [865608, 883609], ""validated_stored_ids"": [865608, 883609]}",,,,
23954,one_piece,DON!!,OP-14G,op-14,OP-14: The Azure Sea's Seven,jp,Egghead | Gold Foil,DON!!,,,6952,one_piece:OP-14G,366297,366297,,"865608,883609",,,,,,,,,,,,,,,,,,,Low,9.57,EUR,EUR,cardtrader,366297,medium,2026-08-28T15:00:15.994637+00:00,"""{\""cardmarket_exact_candidates\"": [], \""snapshot_fingerprint\"": \""f385505ad9d2b1d77e448a07bd0a40ed1b935b69690732a78dab8fd1d2fe1803\""}""",MISMATCH,stored Cardmarket product conflicts with local printing,true,false,false,,,,,,,,CRITICAL,,,,CRITICAL,wrong_cardmarket_id,,"{""external_provenance"": [{""exact_language"": false, ""id"": 865608, ""metadata"": {""allowed_languages"": [""en"", ""jp"", ""zh-CN"", ""kr"", ""fr""]}, ""scope"": ""mixed""}, {""exact_language"": false, ""id"": 883609, ""metadata"": {""allowed_languages"": [""en"", ""jp"", ""zh-CN"", ""kr"", ""fr""]}, ""scope"": ""mixed""}], ""mismatch_reasons"": [""wrong_cardmarket_id""], ""scryfall_cardmarket_id"": null, ""stored_ids"": [865608, 883609], ""validated_stored_ids"": [865608, 883609]}",,,,
24019,one_piece,Miss.Goldenweek,OP14-085,op-14p,OP-14: The Azure Sea's Seven Promos,jp,Base,Promo,,,7012,one_piece:OP14-085:missgoldenweek,366601,366601,,866020,,,,,,,,,,,,,,,,,,,Low,,EUR,EUR,cardmarket,866020,,2026-08-28T15:00:15.994637+00:00,"""{\""reason\"": \""Cardmarket product is not exact-language\"", \""snapshot_fingerprint\"": \""fac6ddefc672d68275df8618fa620b34a2a34c69b64ea1025da965b5d9c4faee\""}""",MISMATCH,stored Cardmarket product conflicts with local printing,true,false,false,,,,,,,,CRITICAL,,,,CRITICAL,wrong_cardmarket_id,stale_price,"{""external_provenance"": [{""exact_language"": false, ""id"": 866020, ""metadata"": {""allowed_languages"": [""en"", ""jp"", ""zh-CN"", ""kr"", ""fr""]}, ""scope"": ""mixed""}], ""mismatch_reasons"": [""wrong_cardmarket_id""], ""scryfall_cardmarket_id"": null, ""stored_ids"": [866020], ""validated_stored_ids"": [866020]}",,,,
24020,one_piece,Miss Doublefinger,OP14-086,op-14p,OP-14: The Azure Sea's Seven Promos,jp,Base,Promo,,,7013,one_piece:OP14-086:missdoublefinger,366602,366602,,865973,,,,,,,,,,,,,,,,,,,Low,,EUR,EUR,cardmarket,865973,,2026-08-28T15:00:15.994637+00:00,"""{\""reason\"": \""Cardmarket product is not exact-language\"", \""snapshot_fingerprint\"": \""9c9d0528f798d624a07f1dcf21569ee45f0e92cd17730d6dc6cb4c48948a22fa\""}""",MISMATCH,stored Cardmarket product conflicts with local printing,true,false,false,,,,,,,,CRITICAL,,,,CRITICAL,wrong_cardmarket_id,stale_price,"{""external_provenance"": [{""exact_language"": false, ""id"": 865973, ""metadata"": {""allowed_languages"": [""en"", ""jp"", ""zh-CN"", ""kr"", ""fr""]}, ""scope"": ""mixed""}], ""mismatch_reasons"": [""wrong_cardmarket_id""], ""scryfall_cardmarket_id"": null, ""stored_ids"": [865973], ""validated_stored_ids"": [865973]}",,,,
24021,one_piece,Miss.MerryChristmas,OP14-088,op-14p,OP-14: The Azure Sea's Seven Promos,jp,Base,Promo,,,7014,one_piece:OP14-088:missmerrychristmas,366603,366603,,865974,,,,,,,,,,,,,,,,,,,Low,,EUR,EUR,cardmarket,865974,,2026-08-28T15:00:15.994637+00:00,"""{\""reason\"": \""Cardmarket product is not exact-language\"", \""snapshot_fingerprint\"": \""2ae5774e3221b498e82ac912e594a95c9b74253e31b28bb9ea6e2ce9ca77c0b9\""}""",MISMATCH,stored Cardmarket product conflicts with local printing,true,false,false,,,,,,,,CRITICAL,,,,CRITICAL,wrong_cardmarket_id,stale_price,"{""external_provenance"": [{""exact_language"": false, ""id"": 865974, ""metadata"": {""allowed_languages"": [""en"", ""jp"", ""zh-CN"", ""kr"", ""fr""]}, ""scope"": ""mixed""}], ""mismatch_reasons"": [""wrong_cardmarket_id""], ""scryfall_cardmarket_id"": null, ""stored_ids"": [865974], ""validated_stored_ids"": [865974]}",,,,
24023,one_piece,Mr.4,OP14-093,op-14p,OP-14: The Azure Sea's Seven Promos,jp,Base,Promo,,,7016,one_piece:OP14-093:mr4,366605,366605,,865976,,,,,,,,,,,,,,,,,,,Low,,EUR,EUR,cardmarket,865976,,2026-08-28T15:00:15.994637+00:00,"""{\""reason\"": \""Cardmarket product is not exact-language\"", \""snapshot_fingerprint\"": \""8b5fe2063ccd63a5546eac9c2fbf7776b3eb7a6b23b4381177614c9a2c63ceab\""}""",MISMATCH,stored Cardmarket product conflicts with local printing,true,false,false,,,,,,,,CRITICAL,,,,CRITICAL,wrong_cardmarket_id,stale_price,"{""external_provenance"": [{""exact_language"": false, ""id"": 865976, ""metadata"": {""allowed_languages"": [""en"", ""jp"", ""zh-CN"", ""kr"", ""fr""]}, ""scope"": ""mixed""}], ""mismatch_reasons"": [""wrong_cardmarket_id""], ""scryfall_cardmarket_id"": null, ""stored_ids"": [865976], ""validated_stored_ids"": [865976]}",,,,
24024,one_piece,Mr.5,OP14-094,op-14p,OP-14: The Azure Sea's Seven Promos,jp,Base,Promo,,,7017,one_piece:OP14-094:mr5,366606,366606,,866021,,,,,,,,,,,,,,,,,,,Low,,EUR,EUR,cardmarket,866021,,2026-08-28T15:00:15.994637+00:00,"""{\""reason\"": \""Cardmarket product is not exact-language\"", \""snapshot_fingerprint\"": \""35263f27ba9ca9db88f6b44d161bef14b45015bd7548cfaa19eca13c8e3f1b62\""}""",MISMATCH,stored Cardmarket product conflicts with local printing,true,false,false,,,,,,,,CRITICAL,,,,CRITICAL,wrong_cardmarket_id,stale_price,"{""external_provenance"": [{""exact_language"": false, ""id"": 866021, ""metadata"": {""allowed_languages"": [""en"", ""jp"", ""zh-CN"", ""kr"", ""fr""]}, ""scope"": ""mixed""}], ""mismatch_reasons"": [""wrong_cardmarket_id""], ""scryfall_cardmarket_id"": null, ""stored_ids"": [866021], ""validated_stored_ids"": [866021]}",,,,
24031,one_piece,Gloriosa,OP14-103,op-14p,OP-14: The Azure Sea's Seven Promos,jp,Base,Promo,,,7024,one_piece:OP14-103:gloriosa,366613,366613,,865981,,,,,,,,,,,,,,,,,,,Low,,EUR,EUR,cardmarket,865981,,2026-08-28T15:00:15.994637+00:00,"""{\""reason\"": \""Cardmarket product is not exact-language\"", \""snapshot_fingerprint\"": \""fbba759b2ec38ade5bdfdd99a3ef0ddaec7f7aff13ed3addbb3bb74c5f0c9bbb\""}""",MISMATCH,stored Cardmarket product conflicts with local printing,true,false,false,,,,,,,,CRITICAL,,,,CRITICAL,wrong_cardmarket_id,stale_price,"{""external_provenance"": [{""exact_language"": false, ""id"": 865981, ""metadata"": {""allowed_languages"": [""en"", ""jp"", ""zh-CN"", ""kr"", ""fr""]}, ""scope"": ""mixed""}], ""mismatch_reasons"": [""wrong_cardmarket_id""], ""scryfall_cardmarket_id"": null, ""stored_ids"": [865981], ""validated_stored_ids"": [865981]}",,,,
24368,one_piece,Enel,OP15-118A,op15,OP-15: Adventure on Kami's Island,en,Alternate Art,Alternate Art,,,7220,one_piece:OP15-118A,376030,376030,,"875135,880050",,,,,,,,,,,,,,,,,,,Low,30.39,EUR,EUR,cardtrader,376030,high,2026-08-29T12:19:30.162830+00:00,"""{\""cardmarket_exact_candidates\"": [], \""snapshot_fingerprint\"": \""9646a6f91165bcc0034dc2a6c0215801abcf737c11affbde7698c82696edb649\""}""",MISMATCH,stored Cardmarket product conflicts with local printing,true,false,false,,,,,,,,CRITICAL,,,,CRITICAL,wrong_cardmarket_id,,"{""external_provenance"": [{""exact_language"": false, ""id"": 875135, ""metadata"": {""allowed_languages"": [""en"", ""jp"", ""zh-CN"", ""kr"", ""fr""]}, ""scope"": ""mixed""}, {""exact_language"": false, ""id"": 880050, ""metadata"": {""allowed_languages"": [""en"", ""jp"", ""zh-CN"", ""kr"", ""fr""]}, ""scope"": ""mixed""}], ""mismatch_reasons"": [""wrong_cardmarket_id""], ""scryfall_cardmarket_id"": null, ""stored_ids"": [875135, 880050], ""validated_stored_ids"": [875135, 880050]}",,,,
24369,one_piece,Enel,OP15-118A,op15,OP-15: Adventure on Kami's Island,jp,Alternate Art,Alternate Art,,,7220,one_piece:OP15-118A,376030,376030,,"875135,880050",,,,,,,,,,,,,,,,,,,Low,28.27,EUR,EUR,cardtrader,376030,high,2026-08-29T12:19:30.162830+00:00,"""{\""cardmarket_exact_candidates\"": [], \""snapshot_fingerprint\"": \""b8c401637341e6652a836f43a5ad5a92e57a4902ce0b427994d719e30c9f0415\""}""",MISMATCH,stored Cardmarket product conflicts with local printing,true,false,false,,,,,,,,CRITICAL,,,,CRITICAL,wrong_cardmarket_id,,"{""external_provenance"": [{""exact_language"": false, ""id"": 875135, ""metadata"": {""allowed_languages"": [""en"", ""jp"", ""zh-CN"", ""kr"", ""fr""]}, ""scope"": ""mixed""}, {""exact_language"": false, ""id"": 880050, ""metadata"": {""allowed_languages"": [""en"", ""jp"", ""zh-CN"", ""kr"", ""fr""]}, ""scope"": ""mixed""}], ""mismatch_reasons"": [""wrong_cardmarket_id""], ""scryfall_cardmarket_id"": null, ""stored_ids"": [875135, 880050], ""validated_stored_ids"": [875135, 880050]}",,,,
24481,one_piece,DON!!,DP-10,op15,OP-15: Adventure on Kami's Island,jp,Enel El Thor| Double Pack Set Vol.10,DON!!,,,7277,one_piece:DP-10,380604,380604,,882447,,,,,,,,,,,,,,,,,,,Low,,EUR,EUR,cardmarket,882447,,2026-08-28T15:00:15.994637+00:00,"""{\""reason\"": \""Cardmarket product is not exact-language\"", \""snapshot_fingerprint\"": \""3fde0b4d590513ef8c7b5017348d81c795bbff6af7a62e5ecbe1949318977e36\""}""",MISMATCH,stored Cardmarket product conflicts with local printing,true,false,false,,,,,,,,CRITICAL,,,,CRITICAL,wrong_cardmarket_id,stale_price,"{""external_provenance"": [{""exact_language"": false, ""id"": 882447, ""metadata"": {""allowed_languages"": [""en"", ""jp"", ""zh-CN"", ""kr"", ""fr""]}, ""scope"": ""mixed""}], ""mismatch_reasons"": [""wrong_cardmarket_id""], ""scryfall_cardmarket_id"": null, ""stored_ids"": [882447], ""validated_stored_ids"": [882447]}",,,,
24482,one_piece,DON!!,DP-10,op15,OP-15: Adventure on Kami's Island,jp,Sky Island Map | Double Pack Set Vol.10,DON!!,,,7277,one_piece:DP-10,380605,380605,,882446,,,,,,,,,,,,,,,,,,,Low,3.1,EUR,EUR,cardtrader,380605,low,2026-08-28T15:00:15.994637+00:00,"""{\""cardmarket_exact_candidates\"": [], \""snapshot_fingerprint\"": \""6a3c52be49d99708bd198cbc8f90a841717c51104d0301c7772bf2658344ece5\""}""",MISMATCH,stored Cardmarket product conflicts with local printing,true,false,false,,,,,,,,CRITICAL,,,,CRITICAL,wrong_cardmarket_id,,"{""external_provenance"": [{""exact_language"": false, ""id"": 882446, ""metadata"": {""allowed_languages"": [""en"", ""jp"", ""zh-CN"", ""kr"", ""fr""]}, ""scope"": ""mixed""}], ""mismatch_reasons"": [""wrong_cardmarket_id""], ""scryfall_cardmarket_id"": null, ""stored_ids"": [882446], ""validated_stored_ids"": [882446]}",,,,
24637,one_piece,Kuzan,OP16-063A,op16,OP-16: The Time of Battle,en,Alternate Art,Alternate Art,,,7357,one_piece:OP16-063A,393057,393057,,"890448,890752",,,,,,,,,,,,,,,,,,,Low,5.84,EUR,EUR,cardtrader,393057,high,2026-08-29T12:19:30.162830+00:00,"""{\""cardmarket_exact_candidates\"": [], \""snapshot_fingerprint\"": \""25bb39b64a33d3047dc675045a66fa8fb9f34f7db4e6ecb7ff87f07f6818bdab\""}""",MISMATCH,stored Cardmarket product conflicts with local printing,true,false,false,,,,,,,,CRITICAL,,,,CRITICAL,wrong_cardmarket_id,,"{""external_provenance"": [{""exact_language"": false, ""id"": 890448, ""metadata"": {""allowed_languages"": [""en"", ""jp"", ""zh-CN"", ""kr"", ""fr""]}, ""scope"": ""mixed""}, {""exact_language"": false, ""id"": 890752, ""metadata"": {""allowed_languages"": [""en"", ""jp"", ""zh-CN"", ""kr"", ""fr""]}, ""scope"": ""mixed""}], ""mismatch_reasons"": [""wrong_cardmarket_id""], ""scryfall_cardmarket_id"": null, ""stored_ids"": [890448, 890752], ""validated_stored_ids"": [890448, 890752]}",,,,
24638,one_piece,Kuzan,OP16-063A,op16,OP-16: The Time of Battle,jp,Alternate Art,Alternate Art,,,7357,one_piece:OP16-063A,393057,393057,,"890448,890752",,,,,,,,,,,,,,,,,,,Low,15.14,EUR,EUR,cardtrader,393057,medium,2026-08-28T15:00:15.994637+00:00,"""{\""cardmarket_exact_candidates\"": [], \""snapshot_fingerprint\"": \""3584c3848218a220832f170f92f120add3b40907efcb4034c2e138517d1048c4\""}""",MISMATCH,stored Cardmarket product conflicts with local printing,true,false,false,,,,,,,,CRITICAL,,,,CRITICAL,wrong_cardmarket_id,,"{""external_provenance"": [{""exact_language"": false, ""id"": 890448, ""metadata"": {""allowed_languages"": [""en"", ""jp"", ""zh-CN"", ""kr"", ""fr""]}, ""scope"": ""mixed""}, {""exact_language"": false, ""id"": 890752, ""metadata"": {""allowed_languages"": [""en"", ""jp"", ""zh-CN"", ""kr"", ""fr""]}, ""scope"": ""mixed""}], ""mismatch_reasons"": [""wrong_cardmarket_id""], ""scryfall_cardmarket_id"": null, ""stored_ids"": [890448, 890752], ""validated_stored_ids"": [890448, 890752]}",,,,
24645,one_piece,Sakazuki,OP16-065A,op16,OP-16: The Time of Battle,en,Alternate Art,Alternate Art,,,7361,one_piece:OP16-065A,393061,393061,,"890452,890756",,,,,,,,,,,,,,,,,,,Low,13.12,EUR,EUR,cardtrader,393061,high,2026-08-29T12:19:30.162830+00:00,"""{\""cardmarket_exact_candidates\"": [], \""snapshot_fingerprint\"": \""4ae4b1b8e9570e617e5d6382a7da8a0c06c5b0f4838321d41e3af674a4049d67\""}""",MISMATCH,stored Cardmarket product conflicts with local printing,true,false,false,,,,,,,,CRITICAL,,,,CRITICAL,wrong_cardmarket_id,,"{""external_provenance"": [{""exact_language"": false, ""id"": 890452, ""metadata"": {""allowed_languages"": [""en"", ""jp"", ""zh-CN"", ""kr"", ""fr""]}, ""scope"": ""mixed""}, {""exact_language"": false, ""id"": 890756, ""metadata"": {""allowed_languages"": [""en"", ""jp"", ""zh-CN"", ""kr"", ""fr""]}, ""scope"": ""mixed""}], ""mismatch_reasons"": [""wrong_cardmarket_id""], ""scryfall_cardmarket_id"": null, ""stored_ids"": [890452, 890756], ""validated_stored_ids"": [890452, 890756]}",,,,
24646,one_piece,Sakazuki,OP16-065A,op16,OP-16: The Time of Battle,jp,Alternate Art,Alternate Art,,,7361,one_piece:OP16-065A,393061,393061,,"890452,890756",,,,,,,,,,,,,,,,,,,Low,24.4,EUR,EUR,cardtrader,393061,high,2026-08-28T15:00:15.994637+00:00,"""{\""cardmarket_exact_candidates\"": [], \""snapshot_fingerprint\"": \""5564e8551d17387ea40b7415bc9329e7e96a519ad8b6b49a9f7ef3fdf880229f\""}""",MISMATCH,stored Cardmarket product conflicts with local printing,true,false,false,,,,,,,,CRITICAL,,,,CRITICAL,wrong_cardmarket_id,,"{""external_provenance"": [{""exact_language"": false, ""id"": 890452, ""metadata"": {""allowed_languages"": [""en"", ""jp"", ""zh-CN"", ""kr"", ""fr""]}, ""scope"": ""mixed""}, {""exact_language"": false, ""id"": 890756, ""metadata"": {""allowed_languages"": [""en"", ""jp"", ""zh-CN"", ""kr"", ""fr""]}, ""scope"": ""mixed""}], ""mismatch_reasons"": [""wrong_cardmarket_id""], ""scryfall_cardmarket_id"": null, ""stored_ids"": [890452, 890756], ""validated_stored_ids"": [890452, 890756]}",,,,
24665,one_piece,Borsalino,OP16-073A,op16,OP-16: The Time of Battle,en,Alternate Art,Alternate Art,,,7371,one_piece:OP16-073A,393071,393071,,"890462,890766",,,,,,,,,,,,,,,,,,,Low,5.11,EUR,EUR,cardtrader,393071,high,2026-08-29T12:19:30.162830+00:00,"""{\""cardmarket_exact_candidates\"": [], \""snapshot_fingerprint\"": \""39b35ba1317615518e8de18fcd791dee89b1c45c0134ebf7562209834929fd52\""}""",MISMATCH,stored Cardmarket product conflicts with local printing,true,false,false,,,,,,,,CRITICAL,,,,CRITICAL,wrong_cardmarket_id,,"{""external_provenance"": [{""exact_language"": false, ""id"": 890462, ""metadata"": {""allowed_languages"": [""en"", ""jp"", ""zh-CN"", ""kr"", ""fr""]}, ""scope"": ""mixed""}, {""exact_language"": false, ""id"": 890766, ""metadata"": {""allowed_languages"": [""en"", ""jp"", ""zh-CN"", ""kr"", ""fr""]}, ""scope"": ""mixed""}], ""mismatch_reasons"": [""wrong_cardmarket_id""], ""scryfall_cardmarket_id"": null, ""stored_ids"": [890462, 890766], ""validated_stored_ids"": [890462, 890766]}",,,,
24666,one_piece,Borsalino,OP16-073A,op16,OP-16: The Time of Battle,jp,Alternate Art,Alternate Art,,,7371,one_piece:OP16-073A,393071,393071,,"890462,890766",,,,,,,,,,,,,,,,,,,Low,7.77,EUR,EUR,cardtrader,393071,high,2026-08-28T15:00:15.994637+00:00,"""{\""cardmarket_exact_candidates\"": [], \""snapshot_fingerprint\"": \""df8261b9c3a456e3e45aff4c2feb830794fe1f003a1bf08e61e1b2c865405ccb\""}""",MISMATCH,stored Cardmarket product conflicts with local printing,true,false,false,,,,,,,,CRITICAL,,,,CRITICAL,wrong_cardmarket_id,,"{""external_provenance"": [{""exact_language"": false, ""id"": 890462, ""metadata"": {""allowed_languages"": [""en"", ""jp"", ""zh-CN"", ""kr"", ""fr""]}, ""scope"": ""mixed""}, {""exact_language"": false, ""id"": 890766, ""metadata"": {""allowed_languages"": [""en"", ""jp"", ""zh-CN"", ""kr"", ""fr""]}, ""scope"": ""mixed""}], ""mismatch_reasons"": [""wrong_cardmarket_id""], ""scryfall_cardmarket_id"": null, ""stored_ids"": [890462, 890766], ""validated_stored_ids"": [890462, 890766]}",,,,
24795,one_piece,DON!!,DP-11,op16,OP-16: The Time of Battle,jp,Magellan Impel Down | Double Pack Set Vol.11,DON!!,,,7436,one_piece:DP-11,394849,394849,,893532,,,,,,,,,,,,,,,,,,,Low,,EUR,EUR,cardmarket,893532,,2026-08-28T15:00:15.994637+00:00,"""{\""reason\"": \""Cardmarket product is not exact-language\"", \""snapshot_fingerprint\"": \""5f6d3a5ea113510d0cce25df9c7263d426f12a6bdd46948a9806545ee6b3cff1\""}""",MISMATCH,stored Cardmarket product conflicts with local printing,true,false,false,,,,,,,,CRITICAL,,,,CRITICAL,wrong_cardmarket_id,stale_price,"{""external_provenance"": [{""exact_language"": false, ""id"": 893532, ""metadata"": {""allowed_languages"": [""en"", ""jp"", ""zh-CN"", ""kr"", ""fr""]}, ""scope"": ""mixed""}], ""mismatch_reasons"": [""wrong_cardmarket_id""], ""scryfall_cardmarket_id"": null, ""stored_ids"": [893532], ""validated_stored_ids"": [893532]}",,,,
24797,one_piece,DON!!,DP-11,op16,OP-16: The Time of Battle,jp,Ace & Luffy | Double Pack Set Vol.11,DON!!,,,7436,one_piece:DP-11,395790,395790,,893531,,,,,,,,,,,,,,,,,,,Low,,EUR,EUR,cardmarket,893531,,2026-08-28T15:00:15.994637+00:00,"""{\""reason\"": \""Cardmarket product is not exact-language\"", \""snapshot_fingerprint\"": \""69237f596e4fc1d3ac133b63afe749ea50746f2fee572ada5ac4609bdc381b3d\""}""",MISMATCH,stored Cardmarket product conflicts with local printing,true,false,false,,,,,,,,CRITICAL,,,,CRITICAL,wrong_cardmarket_id,stale_price,"{""external_provenance"": [{""exact_language"": false, ""id"": 893531, ""metadata"": {""allowed_languages"": [""en"", ""jp"", ""zh-CN"", ""kr"", ""fr""]}, ""scope"": ""mixed""}], ""mismatch_reasons"": [""wrong_cardmarket_id""], ""scryfall_cardmarket_id"": null, ""stored_ids"": [893531], ""validated_stored_ids"": [893531]}",,,,
24810,one_piece,Fullbody,OP15-004,op-15p,OP-15: Adventure on Kami’s Island Promos,en,Pre-Release Stamp,Promo,,,7451,one_piece:OP15-004:fullbody,385032,385032,,883379,,,,,,,,,,,,,,,,,,,Low,0.45,EUR,EUR,cardtrader,385032,high,2026-08-29T12:19:30.162830+00:00,"""{\""cardmarket_exact_candidates\"": [], \""snapshot_fingerprint\"": \""3aa8a5008cac65573c4b36e6cc1f126131f8fd69b8de747a6281bdfa02cb2049\""}""",MISMATCH,stored Cardmarket product conflicts with local printing,true,false,false,,,,,,,,CRITICAL,,,,CRITICAL,wrong_cardmarket_id,,"{""external_provenance"": [{""exact_language"": false, ""id"": 883379, ""metadata"": {""allowed_languages"": [""en"", ""jp"", ""zh-CN"", ""kr"", ""fr""]}, ""scope"": ""mixed""}], ""mismatch_reasons"": [""wrong_cardmarket_id""], ""scryfall_cardmarket_id"": null, ""stored_ids"": [883379], ""validated_stored_ids"": [883379]}",,,,
24811,one_piece,Fullbody,OP15-004,op-15p,OP-15: Adventure on Kami’s Island Promos,jp,Pre-Release Stamp,Promo,,,7451,one_piece:OP15-004:fullbody,385032,385032,,883379,,,,,,,,,,,,,,,,,,,Low,,EUR,EUR,cardmarket,883379,,2026-08-28T15:00:15.994637+00:00,"""{\""reason\"": \""Cardmarket product is not exact-language\"", \""snapshot_fingerprint\"": \""50e60f0ed21f2ed9d7f9662c38814b6b10e2e8897b5e836680dae3f5eeb8f530\""}""",MISMATCH,stored Cardmarket product conflicts with local printing,true,false,false,,,,,,,,CRITICAL,,,,CRITICAL,wrong_cardmarket_id,stale_price,"{""external_provenance"": [{""exact_language"": false, ""id"": 883379, ""metadata"": {""allowed_languages"": [""en"", ""jp"", ""zh-CN"", ""kr"", ""fr""]}, ""scope"": ""mixed""}], ""mismatch_reasons"": [""wrong_cardmarket_id""], ""scryfall_cardmarket_id"": null, ""stored_ids"": [883379], ""validated_stored_ids"": [883379]}",,,,
25063,one_piece,Roronoa Zoro (035),OP16-035,op-16p,OP-16: The Time of Battle Promos,jp,Pre-Release Stamp,Common,,,7672,one_piece:OP16-035:roronoazoro035,395186,395186,,891373,,,,,,,,,,,,,,,,,,,Low,,EUR,EUR,cardmarket,891373,,2026-08-28T15:00:15.994637+00:00,"""{\""reason\"": \""Cardmarket product is not exact-language\"", \""snapshot_fingerprint\"": \""3233601f36944b684bd9ebbcf166eb53df73cbe092fbdf16742ad13f41a63567\""}""",MISMATCH,stored Cardmarket product conflicts with local printing,true,false,false,,,,,,,,CRITICAL,,,,CRITICAL,wrong_cardmarket_id,stale_price,"{""external_provenance"": [{""exact_language"": false, ""id"": 891373, ""metadata"": {""allowed_languages"": [""en"", ""jp"", ""zh-CN"", ""kr"", ""fr""]}, ""scope"": ""mixed""}], ""mismatch_reasons"": [""wrong_cardmarket_id""], ""scryfall_cardmarket_id"": null, ""stored_ids"": [891373], ""validated_stored_ids"": [891373]}",,,,
