collection_item_id,game,card,current_status,classification,recovered_cardmarket_id,candidate_cardmarket_ids,original_import_evidence,legacy_evidence,external_id_evidence,scryfall_evidence,cardtrader_evidence,historical_url_evidence,provenance_gap,lost_fields,original_value,current_value,confidence_reason,remaining_blocker,next_action,magic_category
34,Magic,"Frodo, Sauron's Bane",AMBIGUOUS,EXACT_RECOVERED,701765,701765,collection-ambiguous-review.done.csv source_row=31; variant=borderless; set_hint=LTR; card_number=NULL; language=en; notes=NULL; cardmarket_link=https://www.cardmarket.com/en/Magic/Products/Singles/The-Lord-of-the-Rings-Tales-of-Middle-earth-Extras/Frodo-Saurons-Bane-V2 || collection-ambiguous-review.done.csv source_row=31; variant=borderless; set_hint=LTR; card_number=NULL; language=en; notes=NULL; cardmarket_link=https://www.cardmarket.com/en/Magic/Products/Singles/The-Lord-of-the-Rings-Tales-of-Middle-earth-Extras/Frodo-Saurons-Bane-V2 || collection-ambiguous-review.done.csv source_row=31; variant=borderless; set_hint=LTR; card_number=NULL; language=en; notes=NULL; cardmarket_link=https://www.cardmarket.com/en/Magic/Products/Singles/The-Lord-of-the-Rings-Tales-of-Middle-earth-Extras/Frodo-Saurons-Bane-V2 || collection-ambiguous-review.done.csv source_row=31; variant=borderless; set_hint=LTR; card_number=NULL; language=en; notes=NULL; cardmarket_link=https://www.cardmarket.com/en/Magic/Products/Singles/The-Lord-of-the-Rings-Tales-of-Middle-earth-Extras/Frodo-Saurons-Bane-V2,cards.id=12872; collection_items.card_id=12872; printing_variant=normal; variant_label=Showcase; finish=foil; treatment=Showcase; source_variant=6d08e637-c2b3-4b38-9b07-5bba1f13efc3:foil; release_kind=original; art_kind=alternate_art; catalog_status=active,cardmarket_product_mappings current=701765; status=mapped,"scryfall_id=6d08e637-c2b3-4b38-9b07-5bba1f13efc3; scryfall_raw={""booster"":false,""border_color"":""borderless"",""cardmarket_id"":701765,""collector_number"":""304"",""finishes"":[""nonfoil"",""foil""],""frame_effects"":[""legendary"",""showcase""],""full_art"":false,""id"":""6d08e637-c2b3-4b38-9b07-5bba1f13efc3"",""promo_types"":[""universesbeyond"",""boosterfun""],""set"":""ltr"",""variation"":false}",No relevant CardTrader Blueprint/image provenance.,https://www.cardmarket.com/en/Magic/Products/Singles/The-Lord-of-the-Rings-Tales-of-Middle-earth-Extras/Frodo-Saurons-Bane-V2 || https://www.cardmarket.com/en/Magic/Products?idProduct=701765&referrer=scryfall&utm_campaign=card_prices&utm_medium=text&utm_source=scryfall,false,NULL,NULL,Not detected,Unique Scryfall printing id=6d08e637-c2b3-4b38-9b07-5bba1f13efc3; raw set=ltr + collector_number=304 + cardmarket_id=701765; finish=foil is present; treatment=Showcase is compatible because frame_effects contains showcase; scalar raw cardmarket_id is the unique recovered product.,None for identity recovery; this report does not authorize pricing/apply/approval.,Retain idProduct 701765 as audit evidence; do not modify the review CSV or approve this row.,Showcase
41,Magic,"Aragorn, Company Leader",AMBIGUOUS,EXACT_RECOVERED,717763,717763,coleccion-a-cargar.numbers exists as historical source; no matching row-level record is present in the derived review CSV.,cards.id=12896; collection_items.card_id=12896; printing_variant=normal; variant_label=Showcase; finish=foil; treatment=Showcase; source_variant=142c3004-fe39-4ca3-bf14-f4af8b20fa80:foil; release_kind=original; art_kind=alternate_art; catalog_status=active,cardmarket_product_mappings current=717763; status=mapped,"scryfall_id=142c3004-fe39-4ca3-bf14-f4af8b20fa80; scryfall_raw={""booster"":false,""border_color"":""borderless"",""cardmarket_id"":717763,""collector_number"":""316"",""finishes"":[""nonfoil"",""foil""],""frame_effects"":[""legendary"",""showcase""],""full_art"":false,""id"":""142c3004-fe39-4ca3-bf14-f4af8b20fa80"",""promo_types"":[""universesbeyond"",""boosterfun""],""set"":""ltr"",""variation"":false}",No relevant CardTrader Blueprint/image provenance.,https://www.cardmarket.com/en/Magic/Products?idProduct=717763&referrer=scryfall&utm_campaign=card_prices&utm_medium=text&utm_source=scryfall,false,NULL,NULL,Not detected,Unique Scryfall printing id=142c3004-fe39-4ca3-bf14-f4af8b20fa80; raw set=ltr + collector_number=316 + cardmarket_id=717763; finish=foil is present; treatment=Showcase is compatible because frame_effects contains showcase; scalar raw cardmarket_id is the unique recovered product.,None for identity recovery; this report does not authorize pricing/apply/approval.,Retain idProduct 717763 as audit evidence; do not modify the review CSV or approve this row.,Showcase
42,Magic,"Aragorn, the Uniter",AMBIGUOUS,EXACT_RECOVERED,716022,716022,coleccion-a-cargar.numbers exists as historical source; no matching row-level record is present in the derived review CSV.,cards.id=12898; collection_items.card_id=12898; printing_variant=normal; variant_label=Showcase; finish=foil; treatment=Showcase; source_variant=e287844c-a829-4f7f-8c4c-ab856e6815f6:foil; release_kind=original; art_kind=alternate_art; catalog_status=active,cardmarket_product_mappings current=716022; status=mapped,"scryfall_id=e287844c-a829-4f7f-8c4c-ab856e6815f6; scryfall_raw={""booster"":false,""border_color"":""borderless"",""cardmarket_id"":716022,""collector_number"":""317"",""finishes"":[""nonfoil"",""foil""],""frame_effects"":[""legendary"",""showcase""],""full_art"":false,""id"":""e287844c-a829-4f7f-8c4c-ab856e6815f6"",""promo_types"":[""universesbeyond"",""boosterfun""],""set"":""ltr"",""variation"":false}",No relevant CardTrader Blueprint/image provenance.,https://www.cardmarket.com/en/Magic/Products?idProduct=716022&referrer=scryfall&utm_campaign=card_prices&utm_medium=text&utm_source=scryfall,false,NULL,NULL,Not detected,Unique Scryfall printing id=e287844c-a829-4f7f-8c4c-ab856e6815f6; raw set=ltr + collector_number=317 + cardmarket_id=716022; finish=foil is present; treatment=Showcase is compatible because frame_effects contains showcase; scalar raw cardmarket_id is the unique recovered product.,None for identity recovery; this report does not authorize pricing/apply/approval.,Retain idProduct 716022 as audit evidence; do not modify the review CSV or approve this row.,Showcase
46,Magic,"Gimli, Mournful Avenger",AMBIGUOUS,EXACT_RECOVERED,737034,737034,collection-ambiguous-review.done.csv source_row=42; variant=borderless; set_hint=LTR; card_number=NULL; language=en; notes=NULL; cardmarket_link=https://www.cardmarket.com/en/Magic/Products/Singles/The-Lord-of-the-Rings-Tales-of-Middle-earth-Extras/Gimli-Mournful-Avenger-V2 || collection-ambiguous-review.done.csv source_row=42; variant=borderless; set_hint=LTR; card_number=NULL; language=en; notes=NULL; cardmarket_link=https://www.cardmarket.com/en/Magic/Products/Singles/The-Lord-of-the-Rings-Tales-of-Middle-earth-Extras/Gimli-Mournful-Avenger-V2 || collection-ambiguous-review.done.csv source_row=42; variant=borderless; set_hint=LTR; card_number=NULL; language=en; notes=NULL; cardmarket_link=https://www.cardmarket.com/en/Magic/Products/Singles/The-Lord-of-the-Rings-Tales-of-Middle-earth-Extras/Gimli-Mournful-Avenger-V2 || collection-ambiguous-review.done.csv source_row=42; variant=borderless; set_hint=LTR; card_number=NULL; language=en; notes=NULL; cardmarket_link=https://www.cardmarket.com/en/Magic/Products/Singles/The-Lord-of-the-Rings-Tales-of-Middle-earth-Extras/Gimli-Mournful-Avenger-V2,cards.id=13804; collection_items.card_id=13804; printing_variant=normal; variant_label=Surge Foil; finish=foil; treatment=Surge Foil; source_variant=44f74a7c-9bf1-4bd9-ac56-8a186ac140f0:foil; release_kind=original; art_kind=base; catalog_status=active collection notes=sin candidatas en cards (producto fuera del catalogo importado) | Version Surge Foil | link: https://www.cardmarket.com/en/Magic/Products/Singles/The-Lord-of-the-Rings-Tales-of-Middle-earth-Holiday-Release/Gimli-Mournful-Avenger-V3,cardmarket_product_mappings current=737034; status=mapped,"scryfall_id=44f74a7c-9bf1-4bd9-ac56-8a186ac140f0; scryfall_raw={""booster"":false,""border_color"":""borderless"",""cardmarket_id"":737034,""collector_number"":""815"",""finishes"":[""foil""],""frame_effects"":[""showcase"",""legendary""],""full_art"":false,""id"":""44f74a7c-9bf1-4bd9-ac56-8a186ac140f0"",""promo_types"":[""surgefoil"",""universesbeyond"",""boosterfun""],""set"":""ltr"",""variation"":false}",No relevant CardTrader Blueprint/image provenance.,https://www.cardmarket.com/en/Magic/Products/Singles/The-Lord-of-the-Rings-Tales-of-Middle-earth-Extras/Gimli-Mournful-Avenger-V2 || https://www.cardmarket.com/en/Magic/Products/Singles/The-Lord-of-the-Rings-Tales-of-Middle-earth-Holiday-Release/Gimli-Mournful-Avenger-V3 || https://www.cardmarket.com/en/Magic/Products?idProduct=737034&referrer=scryfall&utm_campaign=card_prices&utm_medium=text&utm_source=scryfall,false,NULL,NULL,Not detected,Unique Scryfall printing id=44f74a7c-9bf1-4bd9-ac56-8a186ac140f0; raw set=ltr + collector_number=815 + cardmarket_id=737034; finish=foil is present; treatment=Surge Foil is compatible because promo_types contains surgefoil; scalar raw cardmarket_id is the unique recovered product.,None for identity recovery; this report does not authorize pricing/apply/approval.,Retain idProduct 737034 as audit evidence; do not modify the review CSV or approve this row.,Surge Foil
47,Magic,"Boromir, Warden of the Tower",AMBIGUOUS,EXACT_RECOVERED,716042,716042,coleccion-a-cargar.numbers exists as historical source; no matching row-level record is present in the derived review CSV.,cards.id=12868; collection_items.card_id=12868; printing_variant=normal; variant_label=Showcase; finish=foil; treatment=Showcase; source_variant=e186ef93-f369-4b4d-a683-36f338b6ce3f:foil; release_kind=original; art_kind=alternate_art; catalog_status=active,cardmarket_product_mappings current=716042; status=mapped,"scryfall_id=e186ef93-f369-4b4d-a683-36f338b6ce3f; scryfall_raw={""booster"":false,""border_color"":""borderless"",""cardmarket_id"":716042,""collector_number"":""302"",""finishes"":[""nonfoil"",""foil""],""frame_effects"":[""legendary"",""showcase""],""full_art"":false,""id"":""e186ef93-f369-4b4d-a683-36f338b6ce3f"",""promo_types"":[""universesbeyond"",""boosterfun""],""set"":""ltr"",""variation"":false}",No relevant CardTrader Blueprint/image provenance.,https://www.cardmarket.com/en/Magic/Products?idProduct=716042&referrer=scryfall&utm_campaign=card_prices&utm_medium=text&utm_source=scryfall,false,NULL,NULL,Not detected,Unique Scryfall printing id=e186ef93-f369-4b4d-a683-36f338b6ce3f; raw set=ltr + collector_number=302 + cardmarket_id=716042; finish=foil is present; treatment=Showcase is compatible because frame_effects contains showcase; scalar raw cardmarket_id is the unique recovered product.,None for identity recovery; this report does not authorize pricing/apply/approval.,Retain idProduct 716042 as audit evidence; do not modify the review CSV or approve this row.,Showcase
65,Magic,Shortcut to Mushrooms,MISMATCH,EXACT_RECOVERED,738134,717004|738134,coleccion-a-cargar.numbers exists as historical source; no matching row-level record is present in the derived review CSV.,cards.id=13505; collection_items.card_id=13505; printing_variant=normal; variant_label=Showcase; finish=foil; treatment=Showcase; source_variant=aab671b7-afb3-4d99-8f6d-3240f31508d7:foil; release_kind=original; art_kind=alternate_art; catalog_status=active,cardmarket_product_mappings current=717004; status=mapped,"scryfall_id=aab671b7-afb3-4d99-8f6d-3240f31508d7; scryfall_raw={""booster"":false,""border_color"":""black"",""cardmarket_id"":738134,""collector_number"":""638"",""finishes"":[""nonfoil"",""foil""],""frame_effects"":[""showcase""],""full_art"":false,""id"":""aab671b7-afb3-4d99-8f6d-3240f31508d7"",""promo_types"":[""silverfoil"",""scroll"",""universesbeyond"",""boosterfun""],""set"":""ltr"",""variation"":false}",No relevant CardTrader Blueprint/image provenance.,https://www.cardmarket.com/en/Magic/Products?idProduct=738134&referrer=scryfall&utm_campaign=card_prices&utm_medium=text&utm_source=scryfall,false,NULL,NULL,Not detected,Unique Scryfall printing id=aab671b7-afb3-4d99-8f6d-3240f31508d7; raw set=ltr + collector_number=638 + cardmarket_id=738134; finish=foil is present; treatment=Showcase is compatible because frame_effects contains showcase; scalar raw cardmarket_id is the unique recovered product.,None for identity recovery; this report does not authorize pricing/apply/approval.,Retain idProduct 738134 as audit evidence; do not modify the review CSV or approve this row.,Showcase
70,Magic,The Bath Song,MISMATCH,EXACT_RECOVERED,737571,716138|737570|737571,No row-level match in derived review CSV; preserved manual-entry provenance: sin candidatas en cards (producto fuera del catalogo importado) | link: https://www.cardmarket.com/en/Magic/Products/Singles/The-Lord-of-the-Rings-Tales-of-Middle-earth-Holiday-Release/The-Bath-Song-V1,cards.id=13211; collection_items.card_id=13211; printing_variant=normal; variant_label=Showcase; finish=foil; treatment=Showcase; source_variant=9dc2521f-d9a5-4ae7-b5dc-bf0504e66345:foil; release_kind=original; art_kind=alternate_art; catalog_status=active collection notes=sin candidatas en cards (producto fuera del catalogo importado) | link: https://www.cardmarket.com/en/Magic/Products/Singles/The-Lord-of-the-Rings-Tales-of-Middle-earth-Holiday-Release/The-Bath-Song-V1,cardmarket_product_mappings current=716138; status=mapped || cardmarket_product_mappings current=737570; status=mapped,"scryfall_id=9dc2521f-d9a5-4ae7-b5dc-bf0504e66345; scryfall_raw={""booster"":false,""border_color"":""black"",""cardmarket_id"":737571,""collector_number"":""491"",""finishes"":[""nonfoil"",""foil""],""frame_effects"":[""showcase""],""full_art"":false,""id"":""9dc2521f-d9a5-4ae7-b5dc-bf0504e66345"",""promo_types"":[""silverfoil"",""scroll"",""universesbeyond"",""boosterfun""],""set"":""ltr"",""variation"":false}",No relevant CardTrader Blueprint/image provenance.,https://www.cardmarket.com/en/Magic/Products/Singles/The-Lord-of-the-Rings-Tales-of-Middle-earth-Holiday-Release/The-Bath-Song-V1 || https://www.cardmarket.com/en/Magic/Products?idProduct=737571&referrer=scryfall&utm_campaign=card_prices&utm_medium=text&utm_source=scryfall,false,NULL,NULL,Not detected,Unique Scryfall printing id=9dc2521f-d9a5-4ae7-b5dc-bf0504e66345; raw set=ltr + collector_number=491 + cardmarket_id=737571; finish=foil is present; treatment=Showcase is compatible because frame_effects contains showcase; scalar raw cardmarket_id is the unique recovered product.,None for identity recovery; this report does not authorize pricing/apply/approval.,Retain idProduct 737571 as audit evidence; do not modify the review CSV or approve this row.,Showcase
82,Magic,"Gimli, Mournful Avenger",AMBIGUOUS,EXACT_RECOVERED,716059,716059,collection-ambiguous-review.done.csv source_row=42; variant=borderless; set_hint=LTR; card_number=NULL; language=en; notes=NULL; cardmarket_link=https://www.cardmarket.com/en/Magic/Products/Singles/The-Lord-of-the-Rings-Tales-of-Middle-earth-Extras/Gimli-Mournful-Avenger-V2 || collection-ambiguous-review.done.csv source_row=42; variant=borderless; set_hint=LTR; card_number=NULL; language=en; notes=NULL; cardmarket_link=https://www.cardmarket.com/en/Magic/Products/Singles/The-Lord-of-the-Rings-Tales-of-Middle-earth-Extras/Gimli-Mournful-Avenger-V2 || collection-ambiguous-review.done.csv source_row=42; variant=borderless; set_hint=LTR; card_number=NULL; language=en; notes=NULL; cardmarket_link=https://www.cardmarket.com/en/Magic/Products/Singles/The-Lord-of-the-Rings-Tales-of-Middle-earth-Extras/Gimli-Mournful-Avenger-V2 || collection-ambiguous-review.done.csv source_row=42; variant=borderless; set_hint=LTR; card_number=NULL; language=en; notes=NULL; cardmarket_link=https://www.cardmarket.com/en/Magic/Products/Singles/The-Lord-of-the-Rings-Tales-of-Middle-earth-Extras/Gimli-Mournful-Avenger-V2,cards.id=13101; collection_items.card_id=13101; printing_variant=normal; variant_label=Scene; finish=foil; treatment=Scene; source_variant=3a8bd920-5e70-4c3d-bd15-ccb8d1c87e2e:foil; release_kind=original; art_kind=base; catalog_status=active,cardmarket_product_mappings current=716059; status=mapped,"scryfall_id=3a8bd920-5e70-4c3d-bd15-ccb8d1c87e2e; scryfall_raw={""booster"":true,""border_color"":""borderless"",""cardmarket_id"":716059,""collector_number"":""436"",""finishes"":[""nonfoil"",""foil""],""frame_effects"":[""legendary"",""inverted""],""full_art"":true,""id"":""3a8bd920-5e70-4c3d-bd15-ccb8d1c87e2e"",""promo_types"":[""boosterfun"",""universesbeyond""],""set"":""ltr"",""variation"":false}",No relevant CardTrader Blueprint/image provenance.,https://www.cardmarket.com/en/Magic/Products/Singles/The-Lord-of-the-Rings-Tales-of-Middle-earth-Extras/Gimli-Mournful-Avenger-V2 || https://www.cardmarket.com/en/Magic/Products?idProduct=716059&referrer=scryfall&utm_campaign=card_prices&utm_medium=text&utm_source=scryfall,false,NULL,NULL,Not detected,Unique Scryfall printing id=3a8bd920-5e70-4c3d-bd15-ccb8d1c87e2e; raw set=ltr + collector_number=436 + cardmarket_id=716059; finish=foil is present; treatment=Scene is compatible because full_art=true and frame_effects contains inverted; scalar raw cardmarket_id is the unique recovered product.,None for identity recovery; this report does not authorize pricing/apply/approval.,Retain idProduct 716059 as audit evidence; do not modify the review CSV or approve this row.,Scene
84,Magic,Art Series: Fog on the Barrow-Downs,AMBIGUOUS,EXACT_RECOVERED,718546,718545|718546,collection-ambiguous-review.done.csv source_row=45; variant=gold_stamp; set_hint=LTR; card_number=2.0; language=en; notes=NULL; cardmarket_link=https://www.cardmarket.com/en/Magic/Products/Singles/The-Lord-of-the-Rings-Tales-of-Middle-earth-Extras/Art-Series-Fog-on-the-Barrow-Downs-V2 || collection-ambiguous-review.done.csv source_row=45; variant=gold_stamp; set_hint=LTR; card_number=2.0; language=en; notes=NULL; cardmarket_link=https://www.cardmarket.com/en/Magic/Products/Singles/The-Lord-of-the-Rings-Tales-of-Middle-earth-Extras/Art-Series-Fog-on-the-Barrow-Downs-V2 || collection-ambiguous-review.done.csv source_row=45; variant=gold_stamp; set_hint=LTR; card_number=2.0; language=en; notes=NULL; cardmarket_link=https://www.cardmarket.com/en/Magic/Products/Singles/The-Lord-of-the-Rings-Tales-of-Middle-earth-Extras/Art-Series-Fog-on-the-Barrow-Downs-V2,cards.id=545; collection_items.card_id=545; printing_variant=normal; variant_label=Art Series; finish=nonfoil; treatment=Art Series Gold-Stamped; source_variant=art_series_gold_stamped; release_kind=special; art_kind=special; catalog_status=active,cardmarket_product_mappings current=718546; status=mapped,No scryfall_raw evidence.,card_images source_card_id=250713; source_variant=NULL; source_collector_number=A02; image_language_scope=en; fallback=0 || CONFLICT: CardTrader image collector=A02 vs collection=ART-2,https://www.cardmarket.com/en/Magic/Products/Singles/The-Lord-of-the-Rings-Tales-of-Middle-earth-Extras/Art-Series-Fog-on-the-Barrow-Downs-V2,true,cardmarket_link,https://www.cardmarket.com/en/Magic/Products/Singles/The-Lord-of-the-Rings-Tales-of-Middle-earth-Extras/Art-Series-Fog-on-the-Barrow-Downs-V2,NULL: no Cardmarket URL/provenance-link field in collection_items/cards,"Cardmarket V.2, original gold_stamp + ART-A2 + EN + LTR, and local catalog identify one compatible Gold-Stamped product: idProduct=718546; provenance_gap=true.",None for identity recovery; provenance_gap=true; no mapping/apply performed.,Retain idProduct 718546 as final audit evidence; do not modify mappings or approve the review CSV.,Art Series Gold-Stamped
86,Magic,"Art Series: Goldberry, River-Daughter",AMBIGUOUS,EXACT_RECOVERED,718554,718553|718554,collection-ambiguous-review.done.csv source_row=47; variant=gold_stamp; set_hint=LTR; card_number=6.0; language=en; notes=NULL; cardmarket_link=https://www.cardmarket.com/en/Magic/Products/Singles/The-Lord-of-the-Rings-Tales-of-Middle-earth-Extras/Art-Series-Goldberry-River-Daughter-V2 || collection-ambiguous-review.done.csv source_row=47; variant=gold_stamp; set_hint=LTR; card_number=6.0; language=en; notes=NULL; cardmarket_link=https://www.cardmarket.com/en/Magic/Products/Singles/The-Lord-of-the-Rings-Tales-of-Middle-earth-Extras/Art-Series-Goldberry-River-Daughter-V2 || collection-ambiguous-review.done.csv source_row=47; variant=gold_stamp; set_hint=LTR; card_number=6.0; language=en; notes=NULL; cardmarket_link=https://www.cardmarket.com/en/Magic/Products/Singles/The-Lord-of-the-Rings-Tales-of-Middle-earth-Extras/Art-Series-Goldberry-River-Daughter-V2 || collection-ambiguous-review.done.csv source_row=47; variant=gold_stamp; set_hint=LTR; card_number=6.0; language=en; notes=NULL; cardmarket_link=https://www.cardmarket.com/en/Magic/Products/Singles/The-Lord-of-the-Rings-Tales-of-Middle-earth-Extras/Art-Series-Goldberry-River-Daughter-V2 || collection-ambiguous-review.done.csv source_row=47; variant=gold_stamp; set_hint=LTR; card_number=6.0; language=en; notes=NULL; cardmarket_link=https://www.cardmarket.com/en/Magic/Products/Singles/The-Lord-of-the-Rings-Tales-of-Middle-earth-Extras/Art-Series-Goldberry-River-Daughter-V2,cards.id=553; collection_items.card_id=553; printing_variant=normal; variant_label=Art Series; finish=nonfoil; treatment=Art Series Gold-Stamped; source_variant=art_series_gold_stamped; release_kind=special; art_kind=special; catalog_status=active,cardmarket_product_mappings current=718554; status=mapped,No scryfall_raw evidence.,card_images source_card_id=250762; source_variant=NULL; source_collector_number=A06; image_language_scope=en; fallback=0 || CONFLICT: CardTrader image collector=A06 vs collection=ART-6,https://www.cardmarket.com/en/Magic/Products/Singles/The-Lord-of-the-Rings-Tales-of-Middle-earth-Extras/Art-Series-Goldberry-River-Daughter-V2,true,cardmarket_link,https://www.cardmarket.com/en/Magic/Products/Singles/The-Lord-of-the-Rings-Tales-of-Middle-earth-Extras/Art-Series-Goldberry-River-Daughter-V2,NULL: no Cardmarket URL/provenance-link field in collection_items/cards,"Cardmarket V.2, original gold_stamp + ART-A6 + EN + LTR, and local catalog identify one compatible Gold-Stamped product: idProduct=718554; provenance_gap=true.",None for identity recovery; provenance_gap=true; no mapping/apply performed.,Retain idProduct 718554 as final audit evidence; do not modify mappings or approve the review CSV.,Art Series Gold-Stamped
87,Magic,Art Series: The Watcher in the Water,AMBIGUOUS,EXACT_RECOVERED,718555,718555|718556,collection-ambiguous-review.done.csv source_row=48; variant=gold_stamp; set_hint=LTR; card_number=7.0; language=en; notes=NULL; cardmarket_link=https://www.cardmarket.com/en/Magic/Products/Singles/The-Lord-of-the-Rings-Tales-of-Middle-earth-Extras/Art-Series-The-Watcher-in-the-Water-V2 || collection-ambiguous-review.done.csv source_row=48; variant=gold_stamp; set_hint=LTR; card_number=7.0; language=en; notes=NULL; cardmarket_link=https://www.cardmarket.com/en/Magic/Products/Singles/The-Lord-of-the-Rings-Tales-of-Middle-earth-Extras/Art-Series-The-Watcher-in-the-Water-V2 || collection-ambiguous-review.done.csv source_row=48; variant=gold_stamp; set_hint=LTR; card_number=7.0; language=en; notes=NULL; cardmarket_link=https://www.cardmarket.com/en/Magic/Products/Singles/The-Lord-of-the-Rings-Tales-of-Middle-earth-Extras/Art-Series-The-Watcher-in-the-Water-V2 || collection-ambiguous-review.done.csv source_row=48; variant=gold_stamp; set_hint=LTR; card_number=7.0; language=en; notes=NULL; cardmarket_link=https://www.cardmarket.com/en/Magic/Products/Singles/The-Lord-of-the-Rings-Tales-of-Middle-earth-Extras/Art-Series-The-Watcher-in-the-Water-V2 || collection-ambiguous-review.done.csv source_row=48; variant=gold_stamp; set_hint=LTR; card_number=7.0; language=en; notes=NULL; cardmarket_link=https://www.cardmarket.com/en/Magic/Products/Singles/The-Lord-of-the-Rings-Tales-of-Middle-earth-Extras/Art-Series-The-Watcher-in-the-Water-V2,cards.id=554; collection_items.card_id=554; printing_variant=normal; variant_label=Art Series; finish=nonfoil; treatment=Art Series Gold-Stamped; source_variant=art_series_gold_stamped; release_kind=special; art_kind=special; catalog_status=active,cardmarket_product_mappings current=718555; status=mapped,No scryfall_raw evidence.,card_images source_card_id=250777; source_variant=NULL; source_collector_number=A07; image_language_scope=en; fallback=0 || CONFLICT: CardTrader image collector=A07 vs collection=ART-7,https://www.cardmarket.com/en/Magic/Products/Singles/The-Lord-of-the-Rings-Tales-of-Middle-earth-Extras/Art-Series-The-Watcher-in-the-Water-V2,true,cardmarket_link,https://www.cardmarket.com/en/Magic/Products/Singles/The-Lord-of-the-Rings-Tales-of-Middle-earth-Extras/Art-Series-The-Watcher-in-the-Water-V2,NULL: no Cardmarket URL/provenance-link field in collection_items/cards,"Cardmarket V.2, original gold_stamp + ART-A7 + EN + LTR, and local catalog identify one compatible Gold-Stamped product: idProduct=718555; provenance_gap=true.",None for identity recovery; provenance_gap=true; no mapping/apply performed.,Retain idProduct 718555 as final audit evidence; do not modify mappings or approve the review CSV.,Art Series Gold-Stamped
88,Magic,Art Series: Éomer of the Riddermark,AMBIGUOUS,EXACT_RECOVERED,718559,718559|718560,collection-ambiguous-review.done.csv source_row=49; variant=gold_stamp; set_hint=LTR; card_number=9.0; language=en; notes=NULL; cardmarket_link=https://www.cardmarket.com/en/Magic/Products/Singles/The-Lord-of-the-Rings-Tales-of-Middle-earth-Extras/Art-Series-Eomer-of-the-Riddermark-V2 || collection-ambiguous-review.done.csv source_row=49; variant=gold_stamp; set_hint=LTR; card_number=9.0; language=en; notes=NULL; cardmarket_link=https://www.cardmarket.com/en/Magic/Products/Singles/The-Lord-of-the-Rings-Tales-of-Middle-earth-Extras/Art-Series-Eomer-of-the-Riddermark-V2 || collection-ambiguous-review.done.csv source_row=49; variant=gold_stamp; set_hint=LTR; card_number=9.0; language=en; notes=NULL; cardmarket_link=https://www.cardmarket.com/en/Magic/Products/Singles/The-Lord-of-the-Rings-Tales-of-Middle-earth-Extras/Art-Series-Eomer-of-the-Riddermark-V2,cards.id=558; collection_items.card_id=558; printing_variant=normal; variant_label=Art Series; finish=nonfoil; treatment=Art Series Gold-Stamped; source_variant=art_series_gold_stamped; release_kind=special; art_kind=special; catalog_status=active,cardmarket_product_mappings current=718559; status=mapped,No scryfall_raw evidence.,card_images source_card_id=250707; source_variant=NULL; source_collector_number=A09; image_language_scope=en; fallback=0 || CONFLICT: CardTrader image collector=A09 vs collection=ART-9,https://www.cardmarket.com/en/Magic/Products/Singles/The-Lord-of-the-Rings-Tales-of-Middle-earth-Extras/Art-Series-Eomer-of-the-Riddermark-V2,true,cardmarket_link,https://www.cardmarket.com/en/Magic/Products/Singles/The-Lord-of-the-Rings-Tales-of-Middle-earth-Extras/Art-Series-Eomer-of-the-Riddermark-V2,NULL: no Cardmarket URL/provenance-link field in collection_items/cards,"Cardmarket V.2, original gold_stamp + ART-A9 + EN + LTR, and local catalog identify one compatible Gold-Stamped product: idProduct=718559; provenance_gap=true.",None for identity recovery; provenance_gap=true; no mapping/apply performed.,Retain idProduct 718559 as final audit evidence; do not modify mappings or approve the review CSV.,Art Series Gold-Stamped
89,Magic,"Art Series: Gimli, Counter of Kills",AMBIGUOUS,EXACT_RECOVERED,718561,718561|718562|718654|718655,collection-ambiguous-review.done.csv source_row=50; variant=gold_stamp; set_hint=LTR; card_number=10.0; language=en; notes=NULL; cardmarket_link=https://www.cardmarket.com/en/Magic/Products/Singles/The-Lord-of-the-Rings-Tales-of-Middle-earth-Extras/Art-Series-Gimli-Counter-of-Kills-V2 || collection-ambiguous-review.done.csv source_row=50; variant=gold_stamp; set_hint=LTR; card_number=10.0; language=en; notes=NULL; cardmarket_link=https://www.cardmarket.com/en/Magic/Products/Singles/The-Lord-of-the-Rings-Tales-of-Middle-earth-Extras/Art-Series-Gimli-Counter-of-Kills-V2 || collection-ambiguous-review.done.csv source_row=50; variant=gold_stamp; set_hint=LTR; card_number=10.0; language=en; notes=NULL; cardmarket_link=https://www.cardmarket.com/en/Magic/Products/Singles/The-Lord-of-the-Rings-Tales-of-Middle-earth-Extras/Art-Series-Gimli-Counter-of-Kills-V2 || collection-ambiguous-review.done.csv source_row=50; variant=gold_stamp; set_hint=LTR; card_number=10.0; language=en; notes=NULL; cardmarket_link=https://www.cardmarket.com/en/Magic/Products/Singles/The-Lord-of-the-Rings-Tales-of-Middle-earth-Extras/Art-Series-Gimli-Counter-of-Kills-V2 || collection-ambiguous-review.done.csv source_row=50; variant=gold_stamp; set_hint=LTR; card_number=10.0; language=en; notes=NULL; cardmarket_link=https://www.cardmarket.com/en/Magic/Products/Singles/The-Lord-of-the-Rings-Tales-of-Middle-earth-Extras/Art-Series-Gimli-Counter-of-Kills-V2 || collection-ambiguous-review.done.csv source_row=50; variant=gold_stamp; set_hint=LTR; card_number=10.0; language=en; notes=NULL; cardmarket_link=https://www.cardmarket.com/en/Magic/Products/Singles/The-Lord-of-the-Rings-Tales-of-Middle-earth-Extras/Art-Series-Gimli-Counter-of-Kills-V2,cards.id=560; collection_items.card_id=560; printing_variant=other; variant_label=Gold-Stamped; finish=nonfoil; treatment=Art Series Gold-Stamped; source_variant=art_series_gold_stamped; release_kind=special; art_kind=special; catalog_status=active,cardmarket_product_mappings current=718561; status=mapped,No scryfall_raw evidence.,card_images source_card_id=250688; source_variant=Gold-Stamped; source_collector_number=A10g; image_language_scope=en; fallback=0,https://www.cardmarket.com/en/Magic/Products/Singles/The-Lord-of-the-Rings-Tales-of-Middle-earth-Extras/Art-Series-Gimli-Counter-of-Kills-V2,true,cardmarket_link,https://www.cardmarket.com/en/Magic/Products/Singles/The-Lord-of-the-Rings-Tales-of-Middle-earth-Extras/Art-Series-Gimli-Counter-of-Kills-V2,NULL: no Cardmarket URL/provenance-link field in collection_items/cards,"Cardmarket V.2, original gold_stamp + ART-A10 + EN + LTR, and local catalog identify one compatible Gold-Stamped product: idProduct=718561; provenance_gap=true.",None for identity recovery; provenance_gap=true; no mapping/apply performed.,Retain idProduct 718561 as final audit evidence; do not modify mappings or approve the review CSV.,Art Series Gold-Stamped
90,Magic,Art Series: Generous Ent,AMBIGUOUS,EXACT_RECOVERED,718563,718563|718564,collection-ambiguous-review.done.csv source_row=51; variant=gold_stamp; set_hint=LTR; card_number=11.0; language=en; notes=NULL; cardmarket_link=https://www.cardmarket.com/en/Magic/Products/Singles/The-Lord-of-the-Rings-Tales-of-Middle-earth-Extras/Art-Series-Generous-Ent-V2 || collection-ambiguous-review.done.csv source_row=51; variant=gold_stamp; set_hint=LTR; card_number=11.0; language=en; notes=NULL; cardmarket_link=https://www.cardmarket.com/en/Magic/Products/Singles/The-Lord-of-the-Rings-Tales-of-Middle-earth-Extras/Art-Series-Generous-Ent-V2 || collection-ambiguous-review.done.csv source_row=51; variant=gold_stamp; set_hint=LTR; card_number=11.0; language=en; notes=NULL; cardmarket_link=https://www.cardmarket.com/en/Magic/Products/Singles/The-Lord-of-the-Rings-Tales-of-Middle-earth-Extras/Art-Series-Generous-Ent-V2,cards.id=562; collection_items.card_id=562; printing_variant=normal; variant_label=Art Series; finish=nonfoil; treatment=Art Series Gold-Stamped; source_variant=art_series_gold_stamped; release_kind=special; art_kind=special; catalog_status=active,cardmarket_product_mappings current=718563; status=mapped,No scryfall_raw evidence.,card_images source_card_id=250706; source_variant=NULL; source_collector_number=A11; image_language_scope=en; fallback=0,https://www.cardmarket.com/en/Magic/Products/Singles/The-Lord-of-the-Rings-Tales-of-Middle-earth-Extras/Art-Series-Generous-Ent-V2,true,cardmarket_link,https://www.cardmarket.com/en/Magic/Products/Singles/The-Lord-of-the-Rings-Tales-of-Middle-earth-Extras/Art-Series-Generous-Ent-V2,NULL: no Cardmarket URL/provenance-link field in collection_items/cards,"Cardmarket V.2, original gold_stamp + ART-A11 + EN + LTR, and local catalog identify one compatible Gold-Stamped product: idProduct=718563; provenance_gap=true.",None for identity recovery; provenance_gap=true; no mapping/apply performed.,Retain idProduct 718563 as final audit evidence; do not modify mappings or approve the review CSV.,Art Series Gold-Stamped
91,Magic,Art Series: Mirrormere Guardian,AMBIGUOUS,EXACT_RECOVERED,718565,718565|718566,collection-ambiguous-review.done.csv source_row=52; variant=gold_stamp; set_hint=LTR; card_number=12.0; language=en; notes=NULL; cardmarket_link=https://product-images.s3.cardmarket.com/1/XLTR/718565/718565.jpg || collection-ambiguous-review.done.csv source_row=52; variant=gold_stamp; set_hint=LTR; card_number=12.0; language=en; notes=NULL; cardmarket_link=https://product-images.s3.cardmarket.com/1/XLTR/718565/718565.jpg || collection-ambiguous-review.done.csv source_row=52; variant=gold_stamp; set_hint=LTR; card_number=12.0; language=en; notes=NULL; cardmarket_link=https://product-images.s3.cardmarket.com/1/XLTR/718565/718565.jpg,cards.id=565; collection_items.card_id=565; printing_variant=normal; variant_label=Art Series; finish=nonfoil; treatment=Art Series Gold-Stamped; source_variant=art_series_gold_stamped; release_kind=special; art_kind=special; catalog_status=active,cardmarket_product_mappings current=718566; status=mapped,No scryfall_raw evidence.,card_images source_card_id=250745; source_variant=NULL; source_collector_number=A12; image_language_scope=en; fallback=0,https://product-images.s3.cardmarket.com/1/XLTR/718565/718565.jpg,true,cardmarket_link,https://product-images.s3.cardmarket.com/1/XLTR/718565/718565.jpg,NULL: no Cardmarket URL/provenance-link field in collection_items/cards,Unique local Cardmarket idProduct=718565 embedded in historical Cardmarket image URL; original import proves gold_stamp + ART-12 + name + EN + LTR; URL selects one product among 718565|718566. Current mapping is evidence only.,None for identity recovery; this report does not authorize pricing/apply/approval.,Retain idProduct 718565 as audit evidence; do not modify the review CSV or approve this row.,Art Series Gold-Stamped
92,Magic,"Art Series: Bilbo, Retired Burglar",AMBIGUOUS,EXACT_RECOVERED,718575,718573|718575,collection-ambiguous-review.done.csv source_row=53; variant=gold_stamp; set_hint=LTR; card_number=14.0; language=en; notes=NULL; cardmarket_link=https://www.cardmarket.com/en/Magic/Products/Singles/The-Lord-of-the-Rings-Tales-of-Middle-earth-Extras/Art-Series-Bilbo-Retired-Burglar-V2 || collection-ambiguous-review.done.csv source_row=53; variant=gold_stamp; set_hint=LTR; card_number=14.0; language=en; notes=NULL; cardmarket_link=https://www.cardmarket.com/en/Magic/Products/Singles/The-Lord-of-the-Rings-Tales-of-Middle-earth-Extras/Art-Series-Bilbo-Retired-Burglar-V2 || collection-ambiguous-review.done.csv source_row=53; variant=gold_stamp; set_hint=LTR; card_number=14.0; language=en; notes=NULL; cardmarket_link=https://www.cardmarket.com/en/Magic/Products/Singles/The-Lord-of-the-Rings-Tales-of-Middle-earth-Extras/Art-Series-Bilbo-Retired-Burglar-V2 || collection-ambiguous-review.done.csv source_row=53; variant=gold_stamp; set_hint=LTR; card_number=14.0; language=en; notes=NULL; cardmarket_link=https://www.cardmarket.com/en/Magic/Products/Singles/The-Lord-of-the-Rings-Tales-of-Middle-earth-Extras/Art-Series-Bilbo-Retired-Burglar-V2 || collection-ambiguous-review.done.csv source_row=53; variant=gold_stamp; set_hint=LTR; card_number=14.0; language=en; notes=NULL; cardmarket_link=https://www.cardmarket.com/en/Magic/Products/Singles/The-Lord-of-the-Rings-Tales-of-Middle-earth-Extras/Art-Series-Bilbo-Retired-Burglar-V2,cards.id=569; collection_items.card_id=569; printing_variant=normal; variant_label=Art Series; finish=nonfoil; treatment=Art Series Gold-Stamped; source_variant=art_series_gold_stamped; release_kind=special; art_kind=special; catalog_status=active,cardmarket_product_mappings current=718575; status=mapped,No scryfall_raw evidence.,card_images source_card_id=250727; source_variant=NULL; source_collector_number=A14; image_language_scope=en; fallback=0,https://www.cardmarket.com/en/Magic/Products/Singles/The-Lord-of-the-Rings-Tales-of-Middle-earth-Extras/Art-Series-Bilbo-Retired-Burglar-V2,true,cardmarket_link,https://www.cardmarket.com/en/Magic/Products/Singles/The-Lord-of-the-Rings-Tales-of-Middle-earth-Extras/Art-Series-Bilbo-Retired-Burglar-V2,NULL: no Cardmarket URL/provenance-link field in collection_items/cards,"Cardmarket V.2, original gold_stamp + ART-A14 + EN + LTR, and local catalog identify one compatible Gold-Stamped product: idProduct=718575; provenance_gap=true.",None for identity recovery; provenance_gap=true; no mapping/apply performed.,Retain idProduct 718575 as final audit evidence; do not modify mappings or approve the review CSV.,Art Series Gold-Stamped
93,Magic,"Art Series: Legolas, Counter of Kills",AMBIGUOUS,EXACT_RECOVERED,718582,718582|718583,collection-ambiguous-review.done.csv source_row=54; variant=gold_stamp; set_hint=LTR; card_number=17.0; language=en; notes=NULL; cardmarket_link=https://www.cardmarket.com/en/Magic/Products/Singles/The-Lord-of-the-Rings-Tales-of-Middle-earth-Extras/Art-Series-Legolas-Counter-of-Kills-V2 || collection-ambiguous-review.done.csv source_row=54; variant=gold_stamp; set_hint=LTR; card_number=17.0; language=en; notes=NULL; cardmarket_link=https://www.cardmarket.com/en/Magic/Products/Singles/The-Lord-of-the-Rings-Tales-of-Middle-earth-Extras/Art-Series-Legolas-Counter-of-Kills-V2 || collection-ambiguous-review.done.csv source_row=54; variant=gold_stamp; set_hint=LTR; card_number=17.0; language=en; notes=NULL; cardmarket_link=https://www.cardmarket.com/en/Magic/Products/Singles/The-Lord-of-the-Rings-Tales-of-Middle-earth-Extras/Art-Series-Legolas-Counter-of-Kills-V2 || collection-ambiguous-review.done.csv source_row=54; variant=gold_stamp; set_hint=LTR; card_number=17.0; language=en; notes=NULL; cardmarket_link=https://www.cardmarket.com/en/Magic/Products/Singles/The-Lord-of-the-Rings-Tales-of-Middle-earth-Extras/Art-Series-Legolas-Counter-of-Kills-V2,cards.id=574; collection_items.card_id=574; printing_variant=normal; variant_label=Art Series; finish=nonfoil; treatment=Art Series Gold-Stamped; source_variant=art_series_gold_stamped; release_kind=special; art_kind=special; catalog_status=active,cardmarket_product_mappings current=718582; status=mapped,No scryfall_raw evidence.,card_images source_card_id=250753; source_variant=NULL; source_collector_number=A17; image_language_scope=en; fallback=0,https://www.cardmarket.com/en/Magic/Products/Singles/The-Lord-of-the-Rings-Tales-of-Middle-earth-Extras/Art-Series-Legolas-Counter-of-Kills-V2,true,cardmarket_link,https://www.cardmarket.com/en/Magic/Products/Singles/The-Lord-of-the-Rings-Tales-of-Middle-earth-Extras/Art-Series-Legolas-Counter-of-Kills-V2,NULL: no Cardmarket URL/provenance-link field in collection_items/cards,"Cardmarket V.2, original gold_stamp + ART-A17 + EN + LTR, and local catalog identify one compatible Gold-Stamped product: idProduct=718582; provenance_gap=true.",None for identity recovery; provenance_gap=true; no mapping/apply performed.,Retain idProduct 718582 as final audit evidence; do not modify mappings or approve the review CSV.,Art Series Gold-Stamped
94,Magic,Art Series: Saruman of Many Colors,AMBIGUOUS,EXACT_RECOVERED,718601,718600|718601,collection-ambiguous-review.done.csv source_row=55; variant=gold_stamp; set_hint=LTR; card_number=20.0; language=en; notes=NULL; cardmarket_link=https://www.cardmarket.com/en/Magic/Products/Singles/The-Lord-of-the-Rings-Tales-of-Middle-earth-Extras/Art-Series-Saruman-of-Many-Colors-V2 || collection-ambiguous-review.done.csv source_row=55; variant=gold_stamp; set_hint=LTR; card_number=20.0; language=en; notes=NULL; cardmarket_link=https://www.cardmarket.com/en/Magic/Products/Singles/The-Lord-of-the-Rings-Tales-of-Middle-earth-Extras/Art-Series-Saruman-of-Many-Colors-V2 || collection-ambiguous-review.done.csv source_row=55; variant=gold_stamp; set_hint=LTR; card_number=20.0; language=en; notes=NULL; cardmarket_link=https://www.cardmarket.com/en/Magic/Products/Singles/The-Lord-of-the-Rings-Tales-of-Middle-earth-Extras/Art-Series-Saruman-of-Many-Colors-V2 || collection-ambiguous-review.done.csv source_row=55; variant=gold_stamp; set_hint=LTR; card_number=20.0; language=en; notes=NULL; cardmarket_link=https://www.cardmarket.com/en/Magic/Products/Singles/The-Lord-of-the-Rings-Tales-of-Middle-earth-Extras/Art-Series-Saruman-of-Many-Colors-V2 || collection-ambiguous-review.done.csv source_row=55; variant=gold_stamp; set_hint=LTR; card_number=20.0; language=en; notes=NULL; cardmarket_link=https://www.cardmarket.com/en/Magic/Products/Singles/The-Lord-of-the-Rings-Tales-of-Middle-earth-Extras/Art-Series-Saruman-of-Many-Colors-V2 || collection-ambiguous-review.done.csv source_row=55; variant=gold_stamp; set_hint=LTR; card_number=20.0; language=en; notes=NULL; cardmarket_link=https://www.cardmarket.com/en/Magic/Products/Singles/The-Lord-of-the-Rings-Tales-of-Middle-earth-Extras/Art-Series-Saruman-of-Many-Colors-V2,cards.id=581; collection_items.card_id=581; printing_variant=normal; variant_label=Art Series; finish=nonfoil; treatment=Art Series Gold-Stamped; source_variant=art_series_gold_stamped; release_kind=special; art_kind=special; catalog_status=active,cardmarket_product_mappings current=718601; status=mapped,No scryfall_raw evidence.,card_images source_card_id=250735; source_variant=NULL; source_collector_number=A20; image_language_scope=en; fallback=0,https://www.cardmarket.com/en/Magic/Products/Singles/The-Lord-of-the-Rings-Tales-of-Middle-earth-Extras/Art-Series-Saruman-of-Many-Colors-V2,true,cardmarket_link,https://www.cardmarket.com/en/Magic/Products/Singles/The-Lord-of-the-Rings-Tales-of-Middle-earth-Extras/Art-Series-Saruman-of-Many-Colors-V2,NULL: no Cardmarket URL/provenance-link field in collection_items/cards,"Cardmarket V.2, original gold_stamp + ART-A20 + EN + LTR, and local catalog identify one compatible Gold-Stamped product: idProduct=718601; provenance_gap=true.",None for identity recovery; provenance_gap=true; no mapping/apply performed.,Retain idProduct 718601 as final audit evidence; do not modify mappings or approve the review CSV.,Art Series Gold-Stamped
95,Magic,"Art Series: Sharkey, Tyrant of the Shire",AMBIGUOUS,EXACT_RECOVERED,718605,718604|718605,collection-ambiguous-review.done.csv source_row=56; variant=gold_stamp; set_hint=LTR; card_number=22.0; language=en; notes=NULL; cardmarket_link=https://www.cardmarket.com/en/Magic/Products/Singles/The-Lord-of-the-Rings-Tales-of-Middle-earth-Extras/Art-Series-Sharkey-Tyrant-of-the-Shire-V2 || collection-ambiguous-review.done.csv source_row=56; variant=gold_stamp; set_hint=LTR; card_number=22.0; language=en; notes=NULL; cardmarket_link=https://www.cardmarket.com/en/Magic/Products/Singles/The-Lord-of-the-Rings-Tales-of-Middle-earth-Extras/Art-Series-Sharkey-Tyrant-of-the-Shire-V2 || collection-ambiguous-review.done.csv source_row=56; variant=gold_stamp; set_hint=LTR; card_number=22.0; language=en; notes=NULL; cardmarket_link=https://www.cardmarket.com/en/Magic/Products/Singles/The-Lord-of-the-Rings-Tales-of-Middle-earth-Extras/Art-Series-Sharkey-Tyrant-of-the-Shire-V2 || collection-ambiguous-review.done.csv source_row=56; variant=gold_stamp; set_hint=LTR; card_number=22.0; language=en; notes=NULL; cardmarket_link=https://www.cardmarket.com/en/Magic/Products/Singles/The-Lord-of-the-Rings-Tales-of-Middle-earth-Extras/Art-Series-Sharkey-Tyrant-of-the-Shire-V2 || collection-ambiguous-review.done.csv source_row=56; variant=gold_stamp; set_hint=LTR; card_number=22.0; language=en; notes=NULL; cardmarket_link=https://www.cardmarket.com/en/Magic/Products/Singles/The-Lord-of-the-Rings-Tales-of-Middle-earth-Extras/Art-Series-Sharkey-Tyrant-of-the-Shire-V2,cards.id=585; collection_items.card_id=585; printing_variant=normal; variant_label=Art Series; finish=nonfoil; treatment=Art Series Gold-Stamped; source_variant=art_series_gold_stamped; release_kind=special; art_kind=special; catalog_status=active,cardmarket_product_mappings current=718605; status=mapped,No scryfall_raw evidence.,card_images source_card_id=250767; source_variant=NULL; source_collector_number=A22; image_language_scope=en; fallback=0,https://www.cardmarket.com/en/Magic/Products/Singles/The-Lord-of-the-Rings-Tales-of-Middle-earth-Extras/Art-Series-Sharkey-Tyrant-of-the-Shire-V2,true,cardmarket_link,https://www.cardmarket.com/en/Magic/Products/Singles/The-Lord-of-the-Rings-Tales-of-Middle-earth-Extras/Art-Series-Sharkey-Tyrant-of-the-Shire-V2,NULL: no Cardmarket URL/provenance-link field in collection_items/cards,"Cardmarket V.2, original gold_stamp + ART-A22 + EN + LTR, and local catalog identify one compatible Gold-Stamped product: idProduct=718605; provenance_gap=true.",None for identity recovery; provenance_gap=true; no mapping/apply performed.,Retain idProduct 718605 as final audit evidence; do not modify mappings or approve the review CSV.,Art Series Gold-Stamped
96,Magic,"Art Series: Shelob, Child of Ungoliant",AMBIGUOUS,EXACT_RECOVERED,718606,718606|718607,collection-ambiguous-review.done.csv source_row=57; variant=gold_stamp; set_hint=LTR; card_number=23.0; language=en; notes=NULL; cardmarket_link=https://www.cardmarket.com/en/Magic/Products/Singles/The-Lord-of-the-Rings-Tales-of-Middle-earth-Extras/Art-Series-Shelob-Child-of-Ungoliant-V2 || collection-ambiguous-review.done.csv source_row=57; variant=gold_stamp; set_hint=LTR; card_number=23.0; language=en; notes=NULL; cardmarket_link=https://www.cardmarket.com/en/Magic/Products/Singles/The-Lord-of-the-Rings-Tales-of-Middle-earth-Extras/Art-Series-Shelob-Child-of-Ungoliant-V2 || collection-ambiguous-review.done.csv source_row=57; variant=gold_stamp; set_hint=LTR; card_number=23.0; language=en; notes=NULL; cardmarket_link=https://www.cardmarket.com/en/Magic/Products/Singles/The-Lord-of-the-Rings-Tales-of-Middle-earth-Extras/Art-Series-Shelob-Child-of-Ungoliant-V2 || collection-ambiguous-review.done.csv source_row=57; variant=gold_stamp; set_hint=LTR; card_number=23.0; language=en; notes=NULL; cardmarket_link=https://www.cardmarket.com/en/Magic/Products/Singles/The-Lord-of-the-Rings-Tales-of-Middle-earth-Extras/Art-Series-Shelob-Child-of-Ungoliant-V2 || collection-ambiguous-review.done.csv source_row=57; variant=gold_stamp; set_hint=LTR; card_number=23.0; language=en; notes=NULL; cardmarket_link=https://www.cardmarket.com/en/Magic/Products/Singles/The-Lord-of-the-Rings-Tales-of-Middle-earth-Extras/Art-Series-Shelob-Child-of-Ungoliant-V2,cards.id=586; collection_items.card_id=586; printing_variant=normal; variant_label=Art Series; finish=nonfoil; treatment=Art Series Gold-Stamped; source_variant=art_series_gold_stamped; release_kind=special; art_kind=special; catalog_status=active,cardmarket_product_mappings current=718606; status=mapped,No scryfall_raw evidence.,card_images source_card_id=250770; source_variant=NULL; source_collector_number=A23; image_language_scope=en; fallback=0,https://www.cardmarket.com/en/Magic/Products/Singles/The-Lord-of-the-Rings-Tales-of-Middle-earth-Extras/Art-Series-Shelob-Child-of-Ungoliant-V2,true,cardmarket_link,https://www.cardmarket.com/en/Magic/Products/Singles/The-Lord-of-the-Rings-Tales-of-Middle-earth-Extras/Art-Series-Shelob-Child-of-Ungoliant-V2,NULL: no Cardmarket URL/provenance-link field in collection_items/cards,"Cardmarket V.2, original gold_stamp + ART-A23 + EN + LTR, and local catalog identify one compatible Gold-Stamped product: idProduct=718606; provenance_gap=true.",None for identity recovery; provenance_gap=true; no mapping/apply performed.,Retain idProduct 718606 as final audit evidence; do not modify mappings or approve the review CSV.,Art Series Gold-Stamped
97,Magic,"Art Series: Théoden, King of Rohan",AMBIGUOUS,EXACT_RECOVERED,718610,718610|718611,collection-ambiguous-review.done.csv source_row=58; variant=gold_stamp; set_hint=LTR; card_number=25.0; language=en; notes=NULL; cardmarket_link=https://www.cardmarket.com/en/Magic/Products/Singles/The-Lord-of-the-Rings-Tales-of-Middle-earth-Extras/Art-Series-Theoden-King-of-Rohan-V2 || collection-ambiguous-review.done.csv source_row=58; variant=gold_stamp; set_hint=LTR; card_number=25.0; language=en; notes=NULL; cardmarket_link=https://www.cardmarket.com/en/Magic/Products/Singles/The-Lord-of-the-Rings-Tales-of-Middle-earth-Extras/Art-Series-Theoden-King-of-Rohan-V2 || collection-ambiguous-review.done.csv source_row=58; variant=gold_stamp; set_hint=LTR; card_number=25.0; language=en; notes=NULL; cardmarket_link=https://www.cardmarket.com/en/Magic/Products/Singles/The-Lord-of-the-Rings-Tales-of-Middle-earth-Extras/Art-Series-Theoden-King-of-Rohan-V2,cards.id=590; collection_items.card_id=590; printing_variant=normal; variant_label=Art Series; finish=nonfoil; treatment=Art Series Gold-Stamped; source_variant=art_series_gold_stamped; release_kind=special; art_kind=special; catalog_status=active,cardmarket_product_mappings current=718610; status=mapped,No scryfall_raw evidence.,card_images source_card_id=250768; source_variant=NULL; source_collector_number=A25; image_language_scope=en; fallback=0,https://www.cardmarket.com/en/Magic/Products/Singles/The-Lord-of-the-Rings-Tales-of-Middle-earth-Extras/Art-Series-Theoden-King-of-Rohan-V2,true,cardmarket_link,https://www.cardmarket.com/en/Magic/Products/Singles/The-Lord-of-the-Rings-Tales-of-Middle-earth-Extras/Art-Series-Theoden-King-of-Rohan-V2,NULL: no Cardmarket URL/provenance-link field in collection_items/cards,"Cardmarket V.2, original gold_stamp + ART-A25 + EN + LTR, and local catalog identify one compatible Gold-Stamped product: idProduct=718610; provenance_gap=true.",None for identity recovery; provenance_gap=true; no mapping/apply performed.,Retain idProduct 718610 as final audit evidence; do not modify mappings or approve the review CSV.,Art Series Gold-Stamped
98,Magic,Art Series: Tom Bombadil,AMBIGUOUS,EXACT_RECOVERED,718613,718612|718613,collection-ambiguous-review.done.csv source_row=59; variant=gold_stamp; set_hint=LTR; card_number=26.0; language=en; notes=NULL; cardmarket_link=https://www.cardmarket.com/en/Magic/Products/Singles/The-Lord-of-the-Rings-Tales-of-Middle-earth-Extras/Art-Series-Tom-Bombadil-V2 || collection-ambiguous-review.done.csv source_row=59; variant=gold_stamp; set_hint=LTR; card_number=26.0; language=en; notes=NULL; cardmarket_link=https://www.cardmarket.com/en/Magic/Products/Singles/The-Lord-of-the-Rings-Tales-of-Middle-earth-Extras/Art-Series-Tom-Bombadil-V2 || collection-ambiguous-review.done.csv source_row=59; variant=gold_stamp; set_hint=LTR; card_number=26.0; language=en; notes=NULL; cardmarket_link=https://www.cardmarket.com/en/Magic/Products/Singles/The-Lord-of-the-Rings-Tales-of-Middle-earth-Extras/Art-Series-Tom-Bombadil-V2 || collection-ambiguous-review.done.csv source_row=59; variant=gold_stamp; set_hint=LTR; card_number=26.0; language=en; notes=NULL; cardmarket_link=https://www.cardmarket.com/en/Magic/Products/Singles/The-Lord-of-the-Rings-Tales-of-Middle-earth-Extras/Art-Series-Tom-Bombadil-V2 || collection-ambiguous-review.done.csv source_row=59; variant=gold_stamp; set_hint=LTR; card_number=26.0; language=en; notes=NULL; cardmarket_link=https://www.cardmarket.com/en/Magic/Products/Singles/The-Lord-of-the-Rings-Tales-of-Middle-earth-Extras/Art-Series-Tom-Bombadil-V2,cards.id=593; collection_items.card_id=593; printing_variant=normal; variant_label=Art Series; finish=nonfoil; treatment=Art Series Gold-Stamped; source_variant=art_series_gold_stamped; release_kind=special; art_kind=special; catalog_status=active,cardmarket_product_mappings current=718613; status=mapped,No scryfall_raw evidence.,card_images source_card_id=250778; source_variant=NULL; source_collector_number=A26; image_language_scope=en; fallback=0,https://www.cardmarket.com/en/Magic/Products/Singles/The-Lord-of-the-Rings-Tales-of-Middle-earth-Extras/Art-Series-Tom-Bombadil-V2,true,cardmarket_link,https://www.cardmarket.com/en/Magic/Products/Singles/The-Lord-of-the-Rings-Tales-of-Middle-earth-Extras/Art-Series-Tom-Bombadil-V2,NULL: no Cardmarket URL/provenance-link field in collection_items/cards,"Cardmarket V.2, original gold_stamp + ART-A26 + EN + LTR, and local catalog identify one compatible Gold-Stamped product: idProduct=718613; provenance_gap=true.",None for identity recovery; provenance_gap=true; no mapping/apply performed.,Retain idProduct 718613 as final audit evidence; do not modify mappings or approve the review CSV.,Art Series Gold-Stamped
99,Magic,Art Series: Uglúk of the White Hand,AMBIGUOUS,EXACT_RECOVERED,718614,718614|718615,collection-ambiguous-review.done.csv source_row=60; variant=gold_stamp; set_hint=LTR; card_number=27.0; language=en; notes=NULL; cardmarket_link=https://www.cardmarket.com/en/Magic/Products/Singles/The-Lord-of-the-Rings-Tales-of-Middle-earth-Extras/Art-Series-Ugluk-of-the-White-Hand-V2 || collection-ambiguous-review.done.csv source_row=60; variant=gold_stamp; set_hint=LTR; card_number=27.0; language=en; notes=NULL; cardmarket_link=https://www.cardmarket.com/en/Magic/Products/Singles/The-Lord-of-the-Rings-Tales-of-Middle-earth-Extras/Art-Series-Ugluk-of-the-White-Hand-V2 || collection-ambiguous-review.done.csv source_row=60; variant=gold_stamp; set_hint=LTR; card_number=27.0; language=en; notes=NULL; cardmarket_link=https://www.cardmarket.com/en/Magic/Products/Singles/The-Lord-of-the-Rings-Tales-of-Middle-earth-Extras/Art-Series-Ugluk-of-the-White-Hand-V2,cards.id=594; collection_items.card_id=594; printing_variant=normal; variant_label=Art Series; finish=nonfoil; treatment=Art Series Gold-Stamped; source_variant=art_series_gold_stamped; release_kind=special; art_kind=special; catalog_status=active,cardmarket_product_mappings current=718614; status=mapped,No scryfall_raw evidence.,card_images source_card_id=250782; source_variant=NULL; source_collector_number=A27; image_language_scope=en; fallback=0,https://www.cardmarket.com/en/Magic/Products/Singles/The-Lord-of-the-Rings-Tales-of-Middle-earth-Extras/Art-Series-Ugluk-of-the-White-Hand-V2,true,cardmarket_link,https://www.cardmarket.com/en/Magic/Products/Singles/The-Lord-of-the-Rings-Tales-of-Middle-earth-Extras/Art-Series-Ugluk-of-the-White-Hand-V2,NULL: no Cardmarket URL/provenance-link field in collection_items/cards,"Cardmarket V.2, original gold_stamp + ART-A27 + EN + LTR, and local catalog identify one compatible Gold-Stamped product: idProduct=718614; provenance_gap=true.",None for identity recovery; provenance_gap=true; no mapping/apply performed.,Retain idProduct 718614 as final audit evidence; do not modify mappings or approve the review CSV.,Art Series Gold-Stamped
100,Magic,Art Series: Plains,AMBIGUOUS,EXACT_RECOVERED,718621,718620|718621,collection-ambiguous-review.done.csv source_row=61; variant=gold_stamp; set_hint=LTR; card_number=30.0; language=en; notes=NULL; cardmarket_link=https://www.cardmarket.com/en/Magic/Products/Singles/The-Lord-of-the-Rings-Tales-of-Middle-earth-Extras/Art-Series-Plains-V2 || collection-ambiguous-review.done.csv source_row=61; variant=gold_stamp; set_hint=LTR; card_number=30.0; language=en; notes=NULL; cardmarket_link=https://www.cardmarket.com/en/Magic/Products/Singles/The-Lord-of-the-Rings-Tales-of-Middle-earth-Extras/Art-Series-Plains-V2 || collection-ambiguous-review.done.csv source_row=61; variant=gold_stamp; set_hint=LTR; card_number=30.0; language=en; notes=NULL; cardmarket_link=https://www.cardmarket.com/en/Magic/Products/Singles/The-Lord-of-the-Rings-Tales-of-Middle-earth-Extras/Art-Series-Plains-V2 || collection-ambiguous-review.done.csv source_row=61; variant=gold_stamp; set_hint=LTR; card_number=30.0; language=en; notes=NULL; cardmarket_link=https://www.cardmarket.com/en/Magic/Products/Singles/The-Lord-of-the-Rings-Tales-of-Middle-earth-Extras/Art-Series-Plains-V2 || collection-ambiguous-review.done.csv source_row=61; variant=gold_stamp; set_hint=LTR; card_number=30.0; language=en; notes=NULL; cardmarket_link=https://www.cardmarket.com/en/Magic/Products/Singles/The-Lord-of-the-Rings-Tales-of-Middle-earth-Extras/Art-Series-Plains-V2 || collection-ambiguous-review.done.csv source_row=61; variant=gold_stamp; set_hint=LTR; card_number=30.0; language=en; notes=NULL; cardmarket_link=https://www.cardmarket.com/en/Magic/Products/Singles/The-Lord-of-the-Rings-Tales-of-Middle-earth-Extras/Art-Series-Plains-V2,cards.id=601; collection_items.card_id=601; printing_variant=normal; variant_label=Art Series; finish=nonfoil; treatment=Art Series Gold-Stamped; source_variant=art_series_gold_stamped; release_kind=special; art_kind=special; catalog_status=active,cardmarket_product_mappings current=718621; status=mapped,No scryfall_raw evidence.,card_images source_card_id=250740; source_variant=NULL; source_collector_number=A30; image_language_scope=en; fallback=0,https://www.cardmarket.com/en/Magic/Products/Singles/The-Lord-of-the-Rings-Tales-of-Middle-earth-Extras/Art-Series-Plains-V2,true,cardmarket_link,https://www.cardmarket.com/en/Magic/Products/Singles/The-Lord-of-the-Rings-Tales-of-Middle-earth-Extras/Art-Series-Plains-V2,NULL: no Cardmarket URL/provenance-link field in collection_items/cards,"Cardmarket V.2, original gold_stamp + ART-A30 + EN + LTR, and local catalog identify one compatible Gold-Stamped product: idProduct=718621; provenance_gap=true.",None for identity recovery; provenance_gap=true; no mapping/apply performed.,Retain idProduct 718621 as final audit evidence; do not modify mappings or approve the review CSV.,Art Series Gold-Stamped
101,Magic,Art Series: Mountain,AMBIGUOUS,EXACT_RECOVERED,718622,718622|718623,collection-ambiguous-review.done.csv source_row=62; variant=gold_stamp; set_hint=LTR; card_number=31.0; language=en; notes=NULL; cardmarket_link=https://www.cardmarket.com/en/Magic/Products/Singles/The-Lord-of-the-Rings-Tales-of-Middle-earth-Extras/Art-Series-Mountain-V2 || collection-ambiguous-review.done.csv source_row=62; variant=gold_stamp; set_hint=LTR; card_number=31.0; language=en; notes=NULL; cardmarket_link=https://www.cardmarket.com/en/Magic/Products/Singles/The-Lord-of-the-Rings-Tales-of-Middle-earth-Extras/Art-Series-Mountain-V2 || collection-ambiguous-review.done.csv source_row=62; variant=gold_stamp; set_hint=LTR; card_number=31.0; language=en; notes=NULL; cardmarket_link=https://www.cardmarket.com/en/Magic/Products/Singles/The-Lord-of-the-Rings-Tales-of-Middle-earth-Extras/Art-Series-Mountain-V2 || collection-ambiguous-review.done.csv source_row=62; variant=gold_stamp; set_hint=LTR; card_number=31.0; language=en; notes=NULL; cardmarket_link=https://www.cardmarket.com/en/Magic/Products/Singles/The-Lord-of-the-Rings-Tales-of-Middle-earth-Extras/Art-Series-Mountain-V2 || collection-ambiguous-review.done.csv source_row=62; variant=gold_stamp; set_hint=LTR; card_number=31.0; language=en; notes=NULL; cardmarket_link=https://www.cardmarket.com/en/Magic/Products/Singles/The-Lord-of-the-Rings-Tales-of-Middle-earth-Extras/Art-Series-Mountain-V2 || collection-ambiguous-review.done.csv source_row=62; variant=gold_stamp; set_hint=LTR; card_number=31.0; language=en; notes=NULL; cardmarket_link=https://www.cardmarket.com/en/Magic/Products/Singles/The-Lord-of-the-Rings-Tales-of-Middle-earth-Extras/Art-Series-Mountain-V2,cards.id=602; collection_items.card_id=602; printing_variant=normal; variant_label=Art Series; finish=nonfoil; treatment=Art Series Gold-Stamped; source_variant=art_series_gold_stamped; release_kind=special; art_kind=special; catalog_status=active,cardmarket_product_mappings current=718622; status=mapped,No scryfall_raw evidence.,card_images source_card_id=250744; source_variant=NULL; source_collector_number=A31; image_language_scope=en; fallback=0,https://www.cardmarket.com/en/Magic/Products/Singles/The-Lord-of-the-Rings-Tales-of-Middle-earth-Extras/Art-Series-Mountain-V2,true,cardmarket_link,https://www.cardmarket.com/en/Magic/Products/Singles/The-Lord-of-the-Rings-Tales-of-Middle-earth-Extras/Art-Series-Mountain-V2,NULL: no Cardmarket URL/provenance-link field in collection_items/cards,"Cardmarket V.2, original gold_stamp + ART-A31 + EN + LTR, and local catalog identify one compatible Gold-Stamped product: idProduct=718622; provenance_gap=true.",None for identity recovery; provenance_gap=true; no mapping/apply performed.,Retain idProduct 718622 as final audit evidence; do not modify mappings or approve the review CSV.,Art Series Gold-Stamped
102,Magic,Art Series: Elanor Gardner,AMBIGUOUS,EXACT_RECOVERED,718625,718624|718625,collection-ambiguous-review.done.csv source_row=63; variant=gold_stamp; set_hint=LTR; card_number=32.0; language=en; notes=NULL; cardmarket_link=https://www.cardmarket.com/en/Magic/Products/Singles/The-Lord-of-the-Rings-Tales-of-Middle-earth-Extras/Art-Series-Elanor-Gardner-V2 || collection-ambiguous-review.done.csv source_row=63; variant=gold_stamp; set_hint=LTR; card_number=32.0; language=en; notes=NULL; cardmarket_link=https://www.cardmarket.com/en/Magic/Products/Singles/The-Lord-of-the-Rings-Tales-of-Middle-earth-Extras/Art-Series-Elanor-Gardner-V2 || collection-ambiguous-review.done.csv source_row=63; variant=gold_stamp; set_hint=LTR; card_number=32.0; language=en; notes=NULL; cardmarket_link=https://www.cardmarket.com/en/Magic/Products/Singles/The-Lord-of-the-Rings-Tales-of-Middle-earth-Extras/Art-Series-Elanor-Gardner-V2 || collection-ambiguous-review.done.csv source_row=63; variant=gold_stamp; set_hint=LTR; card_number=32.0; language=en; notes=NULL; cardmarket_link=https://www.cardmarket.com/en/Magic/Products/Singles/The-Lord-of-the-Rings-Tales-of-Middle-earth-Extras/Art-Series-Elanor-Gardner-V2,cards.id=605; collection_items.card_id=605; printing_variant=normal; variant_label=Art Series; finish=nonfoil; treatment=Art Series Gold-Stamped; source_variant=art_series_gold_stamped; release_kind=special; art_kind=special; catalog_status=active,cardmarket_product_mappings current=718625; status=mapped,No scryfall_raw evidence.,card_images source_card_id=250715; source_variant=NULL; source_collector_number=A32; image_language_scope=en; fallback=0,https://www.cardmarket.com/en/Magic/Products/Singles/The-Lord-of-the-Rings-Tales-of-Middle-earth-Extras/Art-Series-Elanor-Gardner-V2,true,cardmarket_link,https://www.cardmarket.com/en/Magic/Products/Singles/The-Lord-of-the-Rings-Tales-of-Middle-earth-Extras/Art-Series-Elanor-Gardner-V2,NULL: no Cardmarket URL/provenance-link field in collection_items/cards,"Cardmarket V.2, original gold_stamp + ART-A32 + EN + LTR, and local catalog identify one compatible Gold-Stamped product: idProduct=718625; provenance_gap=true.",None for identity recovery; provenance_gap=true; no mapping/apply performed.,Retain idProduct 718625 as final audit evidence; do not modify mappings or approve the review CSV.,Art Series Gold-Stamped
103,Magic,"Art Series: Aragorn and Arwen, Wed",AMBIGUOUS,EXACT_RECOVERED,718626,718626|718627,collection-ambiguous-review.done.csv source_row=64; variant=gold_stamp; set_hint=LTR; card_number=33.0; language=en; notes=NULL; cardmarket_link=https://www.cardmarket.com/en/Magic/Products/Singles/The-Lord-of-the-Rings-Tales-of-Middle-earth-Extras/Art-Series-Aragorn-and-Arwen-Wed-V2 || collection-ambiguous-review.done.csv source_row=64; variant=gold_stamp; set_hint=LTR; card_number=33.0; language=en; notes=NULL; cardmarket_link=https://www.cardmarket.com/en/Magic/Products/Singles/The-Lord-of-the-Rings-Tales-of-Middle-earth-Extras/Art-Series-Aragorn-and-Arwen-Wed-V2 || collection-ambiguous-review.done.csv source_row=64; variant=gold_stamp; set_hint=LTR; card_number=33.0; language=en; notes=NULL; cardmarket_link=https://www.cardmarket.com/en/Magic/Products/Singles/The-Lord-of-the-Rings-Tales-of-Middle-earth-Extras/Art-Series-Aragorn-and-Arwen-Wed-V2 || collection-ambiguous-review.done.csv source_row=64; variant=gold_stamp; set_hint=LTR; card_number=33.0; language=en; notes=NULL; cardmarket_link=https://www.cardmarket.com/en/Magic/Products/Singles/The-Lord-of-the-Rings-Tales-of-Middle-earth-Extras/Art-Series-Aragorn-and-Arwen-Wed-V2,cards.id=606; collection_items.card_id=606; printing_variant=normal; variant_label=Art Series; finish=nonfoil; treatment=Art Series Gold-Stamped; source_variant=art_series_gold_stamped; release_kind=special; art_kind=special; catalog_status=active,cardmarket_product_mappings current=718626; status=mapped,No scryfall_raw evidence.,card_images source_card_id=250732; source_variant=NULL; source_collector_number=A33; image_language_scope=en; fallback=0,https://www.cardmarket.com/en/Magic/Products/Singles/The-Lord-of-the-Rings-Tales-of-Middle-earth-Extras/Art-Series-Aragorn-and-Arwen-Wed-V2,true,cardmarket_link,https://www.cardmarket.com/en/Magic/Products/Singles/The-Lord-of-the-Rings-Tales-of-Middle-earth-Extras/Art-Series-Aragorn-and-Arwen-Wed-V2,NULL: no Cardmarket URL/provenance-link field in collection_items/cards,"Cardmarket V.2, original gold_stamp + ART-A33 + EN + LTR, and local catalog identify one compatible Gold-Stamped product: idProduct=718626; provenance_gap=true.",None for identity recovery; provenance_gap=true; no mapping/apply performed.,Retain idProduct 718626 as final audit evidence; do not modify mappings or approve the review CSV.,Art Series Gold-Stamped
104,Magic,Art Series: Bilbo's Ring,AMBIGUOUS,EXACT_RECOVERED,718640,718640|718641,collection-ambiguous-review.done.csv source_row=65; variant=gold_stamp; set_hint=LTR; card_number=37.0; language=en; notes=NULL; cardmarket_link=https://www.cardmarket.com/en/Magic/Products/Singles/The-Lord-of-the-Rings-Tales-of-Middle-earth-Extras/Art-Series-Bilbos-Ring-V2 || collection-ambiguous-review.done.csv source_row=65; variant=gold_stamp; set_hint=LTR; card_number=37.0; language=en; notes=NULL; cardmarket_link=https://www.cardmarket.com/en/Magic/Products/Singles/The-Lord-of-the-Rings-Tales-of-Middle-earth-Extras/Art-Series-Bilbos-Ring-V2 || collection-ambiguous-review.done.csv source_row=65; variant=gold_stamp; set_hint=LTR; card_number=37.0; language=en; notes=NULL; cardmarket_link=https://www.cardmarket.com/en/Magic/Products/Singles/The-Lord-of-the-Rings-Tales-of-Middle-earth-Extras/Art-Series-Bilbos-Ring-V2 || collection-ambiguous-review.done.csv source_row=65; variant=gold_stamp; set_hint=LTR; card_number=37.0; language=en; notes=NULL; cardmarket_link=https://www.cardmarket.com/en/Magic/Products/Singles/The-Lord-of-the-Rings-Tales-of-Middle-earth-Extras/Art-Series-Bilbos-Ring-V2,cards.id=614; collection_items.card_id=614; printing_variant=normal; variant_label=Art Series; finish=nonfoil; treatment=Art Series Gold-Stamped; source_variant=art_series_gold_stamped; release_kind=special; art_kind=special; catalog_status=active,cardmarket_product_mappings current=718640; status=mapped,No scryfall_raw evidence.,card_images source_card_id=250725; source_variant=NULL; source_collector_number=A37; image_language_scope=en; fallback=0,https://www.cardmarket.com/en/Magic/Products/Singles/The-Lord-of-the-Rings-Tales-of-Middle-earth-Extras/Art-Series-Bilbos-Ring-V2,true,cardmarket_link,https://www.cardmarket.com/en/Magic/Products/Singles/The-Lord-of-the-Rings-Tales-of-Middle-earth-Extras/Art-Series-Bilbos-Ring-V2,NULL: no Cardmarket URL/provenance-link field in collection_items/cards,"Cardmarket V.2, original gold_stamp + ART-A37 + EN + LTR, and local catalog identify one compatible Gold-Stamped product: idProduct=718640; provenance_gap=true.",None for identity recovery; provenance_gap=true; no mapping/apply performed.,Retain idProduct 718640 as final audit evidence; do not modify mappings or approve the review CSV.,Art Series Gold-Stamped
105,Magic,"Art Series: Faramir, Field Commander",AMBIGUOUS,EXACT_RECOVERED,718643,718642|718643,collection-ambiguous-review.done.csv source_row=66; variant=gold_stamp; set_hint=LTR; card_number=38.0; language=en; notes=NULL; cardmarket_link=https://www.cardmarket.com/en/Magic/Products/Singles/The-Lord-of-the-Rings-Tales-of-Middle-earth-Extras/Art-Series-Faramir-Field-Commander-V2 || collection-ambiguous-review.done.csv source_row=66; variant=gold_stamp; set_hint=LTR; card_number=38.0; language=en; notes=NULL; cardmarket_link=https://www.cardmarket.com/en/Magic/Products/Singles/The-Lord-of-the-Rings-Tales-of-Middle-earth-Extras/Art-Series-Faramir-Field-Commander-V2 || collection-ambiguous-review.done.csv source_row=66; variant=gold_stamp; set_hint=LTR; card_number=38.0; language=en; notes=NULL; cardmarket_link=https://www.cardmarket.com/en/Magic/Products/Singles/The-Lord-of-the-Rings-Tales-of-Middle-earth-Extras/Art-Series-Faramir-Field-Commander-V2 || collection-ambiguous-review.done.csv source_row=66; variant=gold_stamp; set_hint=LTR; card_number=38.0; language=en; notes=NULL; cardmarket_link=https://www.cardmarket.com/en/Magic/Products/Singles/The-Lord-of-the-Rings-Tales-of-Middle-earth-Extras/Art-Series-Faramir-Field-Commander-V2,cards.id=617; collection_items.card_id=617; printing_variant=normal; variant_label=Art Series; finish=nonfoil; treatment=Art Series Gold-Stamped; source_variant=art_series_gold_stamped; release_kind=special; art_kind=special; catalog_status=active,cardmarket_product_mappings current=718643; status=mapped,No scryfall_raw evidence.,card_images source_card_id=250714; source_variant=NULL; source_collector_number=A38; image_language_scope=en; fallback=0,https://www.cardmarket.com/en/Magic/Products/Singles/The-Lord-of-the-Rings-Tales-of-Middle-earth-Extras/Art-Series-Faramir-Field-Commander-V2,true,cardmarket_link,https://www.cardmarket.com/en/Magic/Products/Singles/The-Lord-of-the-Rings-Tales-of-Middle-earth-Extras/Art-Series-Faramir-Field-Commander-V2,NULL: no Cardmarket URL/provenance-link field in collection_items/cards,"Cardmarket V.2, original gold_stamp + ART-A38 + EN + LTR, and local catalog identify one compatible Gold-Stamped product: idProduct=718643; provenance_gap=true.",None for identity recovery; provenance_gap=true; no mapping/apply performed.,Retain idProduct 718643 as final audit evidence; do not modify mappings or approve the review CSV.,Art Series Gold-Stamped
106,Magic,"Art Series: Elrond, Lord of Rivendell",AMBIGUOUS,EXACT_RECOVERED,718646,718646|718647,collection-ambiguous-review.done.csv source_row=67; variant=gold_stamp; set_hint=LTR; card_number=40.0; language=en; notes=NULL; cardmarket_link=https://www.cardmarket.com/en/Magic/Products/Singles/The-Lord-of-the-Rings-Tales-of-Middle-earth-Extras/Art-Series-Elrond-Lord-of-Rivendell-V2 || collection-ambiguous-review.done.csv source_row=67; variant=gold_stamp; set_hint=LTR; card_number=40.0; language=en; notes=NULL; cardmarket_link=https://www.cardmarket.com/en/Magic/Products/Singles/The-Lord-of-the-Rings-Tales-of-Middle-earth-Extras/Art-Series-Elrond-Lord-of-Rivendell-V2 || collection-ambiguous-review.done.csv source_row=67; variant=gold_stamp; set_hint=LTR; card_number=40.0; language=en; notes=NULL; cardmarket_link=https://www.cardmarket.com/en/Magic/Products/Singles/The-Lord-of-the-Rings-Tales-of-Middle-earth-Extras/Art-Series-Elrond-Lord-of-Rivendell-V2 || collection-ambiguous-review.done.csv source_row=67; variant=gold_stamp; set_hint=LTR; card_number=40.0; language=en; notes=NULL; cardmarket_link=https://www.cardmarket.com/en/Magic/Products/Singles/The-Lord-of-the-Rings-Tales-of-Middle-earth-Extras/Art-Series-Elrond-Lord-of-Rivendell-V2,cards.id=620; collection_items.card_id=620; printing_variant=normal; variant_label=Art Series; finish=nonfoil; treatment=Art Series Gold-Stamped; source_variant=art_series_gold_stamped; release_kind=special; art_kind=special; catalog_status=active,cardmarket_product_mappings current=718646; status=mapped,No scryfall_raw evidence.,card_images source_card_id=250709; source_variant=NULL; source_collector_number=A40; image_language_scope=en; fallback=0,https://www.cardmarket.com/en/Magic/Products/Singles/The-Lord-of-the-Rings-Tales-of-Middle-earth-Extras/Art-Series-Elrond-Lord-of-Rivendell-V2,true,cardmarket_link,https://www.cardmarket.com/en/Magic/Products/Singles/The-Lord-of-the-Rings-Tales-of-Middle-earth-Extras/Art-Series-Elrond-Lord-of-Rivendell-V2,NULL: no Cardmarket URL/provenance-link field in collection_items/cards,"Cardmarket V.2, original gold_stamp + ART-A40 + EN + LTR, and local catalog identify one compatible Gold-Stamped product: idProduct=718646; provenance_gap=true.",None for identity recovery; provenance_gap=true; no mapping/apply performed.,Retain idProduct 718646 as final audit evidence; do not modify mappings or approve the review CSV.,Art Series Gold-Stamped
107,Magic,Art Series: Witch-king of Angmar,AMBIGUOUS,EXACT_RECOVERED,718652,718652|718653,collection-ambiguous-review.done.csv source_row=68; variant=gold_stamp; set_hint=LTR; card_number=43.0; language=en; notes=NULL; cardmarket_link=https://www.cardmarket.com/en/Magic/Products/Singles/The-Lord-of-the-Rings-Tales-of-Middle-earth-Extras/Art-Series-Witch-king-of-Angmar-V2 || collection-ambiguous-review.done.csv source_row=68; variant=gold_stamp; set_hint=LTR; card_number=43.0; language=en; notes=NULL; cardmarket_link=https://www.cardmarket.com/en/Magic/Products/Singles/The-Lord-of-the-Rings-Tales-of-Middle-earth-Extras/Art-Series-Witch-king-of-Angmar-V2 || collection-ambiguous-review.done.csv source_row=68; variant=gold_stamp; set_hint=LTR; card_number=43.0; language=en; notes=NULL; cardmarket_link=https://www.cardmarket.com/en/Magic/Products/Singles/The-Lord-of-the-Rings-Tales-of-Middle-earth-Extras/Art-Series-Witch-king-of-Angmar-V2 || collection-ambiguous-review.done.csv source_row=68; variant=gold_stamp; set_hint=LTR; card_number=43.0; language=en; notes=NULL; cardmarket_link=https://www.cardmarket.com/en/Magic/Products/Singles/The-Lord-of-the-Rings-Tales-of-Middle-earth-Extras/Art-Series-Witch-king-of-Angmar-V2 || collection-ambiguous-review.done.csv source_row=68; variant=gold_stamp; set_hint=LTR; card_number=43.0; language=en; notes=NULL; cardmarket_link=https://www.cardmarket.com/en/Magic/Products/Singles/The-Lord-of-the-Rings-Tales-of-Middle-earth-Extras/Art-Series-Witch-king-of-Angmar-V2 || collection-ambiguous-review.done.csv source_row=68; variant=gold_stamp; set_hint=LTR; card_number=43.0; language=en; notes=NULL; cardmarket_link=https://www.cardmarket.com/en/Magic/Products/Singles/The-Lord-of-the-Rings-Tales-of-Middle-earth-Extras/Art-Series-Witch-king-of-Angmar-V2,cards.id=626; collection_items.card_id=626; printing_variant=other; variant_label=Gold-Stamped; finish=nonfoil; treatment=Art Series Gold-Stamped; source_variant=art_series_gold_stamped; release_kind=special; art_kind=special; catalog_status=active,cardmarket_product_mappings current=718652; status=mapped,No scryfall_raw evidence.,card_images source_card_id=250661; source_variant=Gold-Stamped; source_collector_number=A43g; image_language_scope=en; fallback=0,https://www.cardmarket.com/en/Magic/Products/Singles/The-Lord-of-the-Rings-Tales-of-Middle-earth-Extras/Art-Series-Witch-king-of-Angmar-V2,true,cardmarket_link,https://www.cardmarket.com/en/Magic/Products/Singles/The-Lord-of-the-Rings-Tales-of-Middle-earth-Extras/Art-Series-Witch-king-of-Angmar-V2,NULL: no Cardmarket URL/provenance-link field in collection_items/cards,"Cardmarket V.2, original gold_stamp + ART-A43 + EN + LTR, and local catalog identify one compatible Gold-Stamped product: idProduct=718652; provenance_gap=true.",None for identity recovery; provenance_gap=true; no mapping/apply performed.,Retain idProduct 718652 as final audit evidence; do not modify mappings or approve the review CSV.,Art Series Gold-Stamped
108,Magic,Art Series: Frodo Baggins,AMBIGUOUS,EXACT_RECOVERED,718580,718580|718581|718660|718661,collection-ambiguous-review.done.csv source_row=69; variant=gold_stamp; set_hint=LTR; card_number=47.0; language=en; notes=NULL; cardmarket_link=https://www.cardmarket.com/en/Magic/Products/Singles/The-Lord-of-the-Rings-Tales-of-Middle-earth-Extras/Art-Series-Frodo-Baggins-V4 || collection-ambiguous-review.done.csv source_row=69; variant=gold_stamp; set_hint=LTR; card_number=47.0; language=en; notes=NULL; cardmarket_link=https://www.cardmarket.com/en/Magic/Products/Singles/The-Lord-of-the-Rings-Tales-of-Middle-earth-Extras/Art-Series-Frodo-Baggins-V4 || collection-ambiguous-review.done.csv source_row=69; variant=gold_stamp; set_hint=LTR; card_number=47.0; language=en; notes=NULL; cardmarket_link=https://www.cardmarket.com/en/Magic/Products/Singles/The-Lord-of-the-Rings-Tales-of-Middle-earth-Extras/Art-Series-Frodo-Baggins-V4 || collection-ambiguous-review.done.csv source_row=69; variant=gold_stamp; set_hint=LTR; card_number=47.0; language=en; notes=NULL; cardmarket_link=https://www.cardmarket.com/en/Magic/Products/Singles/The-Lord-of-the-Rings-Tales-of-Middle-earth-Extras/Art-Series-Frodo-Baggins-V4 || collection-ambiguous-review.done.csv source_row=69; variant=gold_stamp; set_hint=LTR; card_number=47.0; language=en; notes=NULL; cardmarket_link=https://www.cardmarket.com/en/Magic/Products/Singles/The-Lord-of-the-Rings-Tales-of-Middle-earth-Extras/Art-Series-Frodo-Baggins-V4 || collection-ambiguous-review.done.csv source_row=69; variant=gold_stamp; set_hint=LTR; card_number=47.0; language=en; notes=NULL; cardmarket_link=https://www.cardmarket.com/en/Magic/Products/Singles/The-Lord-of-the-Rings-Tales-of-Middle-earth-Extras/Art-Series-Frodo-Baggins-V4 || collection-ambiguous-review.done.csv source_row=69; variant=gold_stamp; set_hint=LTR; card_number=47.0; language=en; notes=NULL; cardmarket_link=https://www.cardmarket.com/en/Magic/Products/Singles/The-Lord-of-the-Rings-Tales-of-Middle-earth-Extras/Art-Series-Frodo-Baggins-V4 || collection-ambiguous-review.done.csv source_row=69; variant=gold_stamp; set_hint=LTR; card_number=47.0; language=en; notes=NULL; cardmarket_link=https://www.cardmarket.com/en/Magic/Products/Singles/The-Lord-of-the-Rings-Tales-of-Middle-earth-Extras/Art-Series-Frodo-Baggins-V4,cards.id=572; collection_items.card_id=572; printing_variant=other; variant_label=Gold-Stamped; finish=nonfoil; treatment=Art Series Gold-Stamped; source_variant=art_series_gold_stamped; release_kind=special; art_kind=special; catalog_status=active,cardmarket_product_mappings current=718580; status=mapped,No scryfall_raw evidence.,card_images source_card_id=250693; source_variant=Gold-Stamped; source_collector_number=A16g; image_language_scope=en; fallback=0 || CONFLICT: CardTrader image collector=A16g vs collection=ART-47,https://www.cardmarket.com/en/Magic/Products/Singles/The-Lord-of-the-Rings-Tales-of-Middle-earth-Extras/Art-Series-Frodo-Baggins-V4,true,cardmarket_link,https://www.cardmarket.com/en/Magic/Products/Singles/The-Lord-of-the-Rings-Tales-of-Middle-earth-Extras/Art-Series-Frodo-Baggins-V4,NULL: no Cardmarket URL/provenance-link field in collection_items/cards,"Decisión humana explícita confirma Art Series: Frodo Baggins A47/47 of 81, Gold-Stamped y Cardmarket V.4; el catálogo local contiene un único producto compatible: idProduct=718580. La provenance CardTrader A16g era incorrecta para este Collection item; provenance_gap=true.",None for identity recovery; provenance_gap=true; no mapping/apply performed.,Retain idProduct 718580 as final audit evidence; do not modify mappings or approve the review CSV.,Art Series Gold-Stamped
109,Magic,Art Series: Galadriel of Lothlórien,AMBIGUOUS,EXACT_RECOVERED,718662,718662|718663,collection-ambiguous-review.done.csv source_row=70; variant=gold_stamp; set_hint=LTR; card_number=48.0; language=en; notes=NULL; cardmarket_link=https://www.cardmarket.com/en/Magic/Products/Singles/The-Lord-of-the-Rings-Tales-of-Middle-earth-Extras/Art-Series-Galadriel-of-Lothlorien-V2 || collection-ambiguous-review.done.csv source_row=70; variant=gold_stamp; set_hint=LTR; card_number=48.0; language=en; notes=NULL; cardmarket_link=https://www.cardmarket.com/en/Magic/Products/Singles/The-Lord-of-the-Rings-Tales-of-Middle-earth-Extras/Art-Series-Galadriel-of-Lothlorien-V2 || collection-ambiguous-review.done.csv source_row=70; variant=gold_stamp; set_hint=LTR; card_number=48.0; language=en; notes=NULL; cardmarket_link=https://www.cardmarket.com/en/Magic/Products/Singles/The-Lord-of-the-Rings-Tales-of-Middle-earth-Extras/Art-Series-Galadriel-of-Lothlorien-V2 || collection-ambiguous-review.done.csv source_row=70; variant=gold_stamp; set_hint=LTR; card_number=48.0; language=en; notes=NULL; cardmarket_link=https://www.cardmarket.com/en/Magic/Products/Singles/The-Lord-of-the-Rings-Tales-of-Middle-earth-Extras/Art-Series-Galadriel-of-Lothlorien-V2 || collection-ambiguous-review.done.csv source_row=70; variant=gold_stamp; set_hint=LTR; card_number=48.0; language=en; notes=NULL; cardmarket_link=https://www.cardmarket.com/en/Magic/Products/Singles/The-Lord-of-the-Rings-Tales-of-Middle-earth-Extras/Art-Series-Galadriel-of-Lothlorien-V2 || collection-ambiguous-review.done.csv source_row=70; variant=gold_stamp; set_hint=LTR; card_number=48.0; language=en; notes=NULL; cardmarket_link=https://www.cardmarket.com/en/Magic/Products/Singles/The-Lord-of-the-Rings-Tales-of-Middle-earth-Extras/Art-Series-Galadriel-of-Lothlorien-V2,cards.id=636; collection_items.card_id=636; printing_variant=normal; variant_label=Art Series; finish=nonfoil; treatment=Art Series Gold-Stamped; source_variant=art_series_gold_stamped; release_kind=special; art_kind=special; catalog_status=active,cardmarket_product_mappings current=718662; status=mapped,No scryfall_raw evidence.,card_images source_card_id=250719; source_variant=NULL; source_collector_number=A48; image_language_scope=en; fallback=0,https://www.cardmarket.com/en/Magic/Products/Singles/The-Lord-of-the-Rings-Tales-of-Middle-earth-Extras/Art-Series-Galadriel-of-Lothlorien-V2,true,cardmarket_link,https://www.cardmarket.com/en/Magic/Products/Singles/The-Lord-of-the-Rings-Tales-of-Middle-earth-Extras/Art-Series-Galadriel-of-Lothlorien-V2,NULL: no Cardmarket URL/provenance-link field in collection_items/cards,"Cardmarket V.2, original gold_stamp + ART-A48 + EN + LTR, and local catalog identify one compatible Gold-Stamped product: idProduct=718662; provenance_gap=true.",None for identity recovery; provenance_gap=true; no mapping/apply performed.,Retain idProduct 718662 as final audit evidence; do not modify mappings or approve the review CSV.,Art Series Gold-Stamped
110,Magic,"Art Series: Merry, Esquire of Rohan",AMBIGUOUS,EXACT_RECOVERED,718666,718666|718667,collection-ambiguous-review.done.csv source_row=71; variant=gold_stamp; set_hint=LTR; card_number=50.0; language=en; notes=NULL; cardmarket_link=https://www.cardmarket.com/en/Magic/Products/Singles/The-Lord-of-the-Rings-Tales-of-Middle-earth-Extras/Art-Series-Merry-Esquire-of-Rohan-V2 || collection-ambiguous-review.done.csv source_row=71; variant=gold_stamp; set_hint=LTR; card_number=50.0; language=en; notes=NULL; cardmarket_link=https://www.cardmarket.com/en/Magic/Products/Singles/The-Lord-of-the-Rings-Tales-of-Middle-earth-Extras/Art-Series-Merry-Esquire-of-Rohan-V2 || collection-ambiguous-review.done.csv source_row=71; variant=gold_stamp; set_hint=LTR; card_number=50.0; language=en; notes=NULL; cardmarket_link=https://www.cardmarket.com/en/Magic/Products/Singles/The-Lord-of-the-Rings-Tales-of-Middle-earth-Extras/Art-Series-Merry-Esquire-of-Rohan-V2 || collection-ambiguous-review.done.csv source_row=71; variant=gold_stamp; set_hint=LTR; card_number=50.0; language=en; notes=NULL; cardmarket_link=https://www.cardmarket.com/en/Magic/Products/Singles/The-Lord-of-the-Rings-Tales-of-Middle-earth-Extras/Art-Series-Merry-Esquire-of-Rohan-V2 || collection-ambiguous-review.done.csv source_row=71; variant=gold_stamp; set_hint=LTR; card_number=50.0; language=en; notes=NULL; cardmarket_link=https://www.cardmarket.com/en/Magic/Products/Singles/The-Lord-of-the-Rings-Tales-of-Middle-earth-Extras/Art-Series-Merry-Esquire-of-Rohan-V2 || collection-ambiguous-review.done.csv source_row=71; variant=gold_stamp; set_hint=LTR; card_number=50.0; language=en; notes=NULL; cardmarket_link=https://www.cardmarket.com/en/Magic/Products/Singles/The-Lord-of-the-Rings-Tales-of-Middle-earth-Extras/Art-Series-Merry-Esquire-of-Rohan-V2,cards.id=640; collection_items.card_id=640; printing_variant=normal; variant_label=Art Series; finish=nonfoil; treatment=Art Series Gold-Stamped; source_variant=art_series_gold_stamped; release_kind=special; art_kind=special; catalog_status=active,cardmarket_product_mappings current=718666; status=mapped,No scryfall_raw evidence.,card_images source_card_id=250749; source_variant=NULL; source_collector_number=A50; image_language_scope=en; fallback=0,https://www.cardmarket.com/en/Magic/Products/Singles/The-Lord-of-the-Rings-Tales-of-Middle-earth-Extras/Art-Series-Merry-Esquire-of-Rohan-V2,true,cardmarket_link,https://www.cardmarket.com/en/Magic/Products/Singles/The-Lord-of-the-Rings-Tales-of-Middle-earth-Extras/Art-Series-Merry-Esquire-of-Rohan-V2,NULL: no Cardmarket URL/provenance-link field in collection_items/cards,"Cardmarket V.2, original gold_stamp + ART-A50 + EN + LTR, and local catalog identify one compatible Gold-Stamped product: idProduct=718666; provenance_gap=true.",None for identity recovery; provenance_gap=true; no mapping/apply performed.,Retain idProduct 718666 as final audit evidence; do not modify mappings or approve the review CSV.,Art Series Gold-Stamped
111,Magic,"Art Series: Pippin, Guard of the Citadel",AMBIGUOUS,EXACT_RECOVERED,718669,718668|718669,collection-ambiguous-review.done.csv source_row=72; variant=gold_stamp; set_hint=LTR; card_number=51.0; language=en; notes=NULL; cardmarket_link=https://www.cardmarket.com/en/Magic/Products/Singles/The-Lord-of-the-Rings-Tales-of-Middle-earth-Extras/Art-Series-Pippin-Guard-of-the-Citadel-V2 || collection-ambiguous-review.done.csv source_row=72; variant=gold_stamp; set_hint=LTR; card_number=51.0; language=en; notes=NULL; cardmarket_link=https://www.cardmarket.com/en/Magic/Products/Singles/The-Lord-of-the-Rings-Tales-of-Middle-earth-Extras/Art-Series-Pippin-Guard-of-the-Citadel-V2 || collection-ambiguous-review.done.csv source_row=72; variant=gold_stamp; set_hint=LTR; card_number=51.0; language=en; notes=NULL; cardmarket_link=https://www.cardmarket.com/en/Magic/Products/Singles/The-Lord-of-the-Rings-Tales-of-Middle-earth-Extras/Art-Series-Pippin-Guard-of-the-Citadel-V2 || collection-ambiguous-review.done.csv source_row=72; variant=gold_stamp; set_hint=LTR; card_number=51.0; language=en; notes=NULL; cardmarket_link=https://www.cardmarket.com/en/Magic/Products/Singles/The-Lord-of-the-Rings-Tales-of-Middle-earth-Extras/Art-Series-Pippin-Guard-of-the-Citadel-V2 || collection-ambiguous-review.done.csv source_row=72; variant=gold_stamp; set_hint=LTR; card_number=51.0; language=en; notes=NULL; cardmarket_link=https://www.cardmarket.com/en/Magic/Products/Singles/The-Lord-of-the-Rings-Tales-of-Middle-earth-Extras/Art-Series-Pippin-Guard-of-the-Citadel-V2 || collection-ambiguous-review.done.csv source_row=72; variant=gold_stamp; set_hint=LTR; card_number=51.0; language=en; notes=NULL; cardmarket_link=https://www.cardmarket.com/en/Magic/Products/Singles/The-Lord-of-the-Rings-Tales-of-Middle-earth-Extras/Art-Series-Pippin-Guard-of-the-Citadel-V2,cards.id=643; collection_items.card_id=643; printing_variant=normal; variant_label=Art Series; finish=nonfoil; treatment=Art Series Gold-Stamped; source_variant=art_series_gold_stamped; release_kind=special; art_kind=special; catalog_status=active,cardmarket_product_mappings current=718669; status=mapped,No scryfall_raw evidence.,card_images source_card_id=250743; source_variant=NULL; source_collector_number=A51; image_language_scope=en; fallback=0,https://www.cardmarket.com/en/Magic/Products/Singles/The-Lord-of-the-Rings-Tales-of-Middle-earth-Extras/Art-Series-Pippin-Guard-of-the-Citadel-V2,true,cardmarket_link,https://www.cardmarket.com/en/Magic/Products/Singles/The-Lord-of-the-Rings-Tales-of-Middle-earth-Extras/Art-Series-Pippin-Guard-of-the-Citadel-V2,NULL: no Cardmarket URL/provenance-link field in collection_items/cards,"Cardmarket V.2, original gold_stamp + ART-A51 + EN + LTR, and local catalog identify one compatible Gold-Stamped product: idProduct=718669; provenance_gap=true.",None for identity recovery; provenance_gap=true; no mapping/apply performed.,Retain idProduct 718669 as final audit evidence; do not modify mappings or approve the review CSV.,Art Series Gold-Stamped
112,Magic,Art Series: Mines of Moria,AMBIGUOUS,EXACT_RECOVERED,718683,718682|718683,collection-ambiguous-review.done.csv source_row=73; variant=gold_stamp; set_hint=LTR; card_number=56.0; language=en; notes=NULL; cardmarket_link=https://www.cardmarket.com/en/Magic/Products/Singles/The-Lord-of-the-Rings-Tales-of-Middle-earth-Extras/Art-Series-Mines-of-Moria-V2 || collection-ambiguous-review.done.csv source_row=73; variant=gold_stamp; set_hint=LTR; card_number=56.0; language=en; notes=NULL; cardmarket_link=https://www.cardmarket.com/en/Magic/Products/Singles/The-Lord-of-the-Rings-Tales-of-Middle-earth-Extras/Art-Series-Mines-of-Moria-V2 || collection-ambiguous-review.done.csv source_row=73; variant=gold_stamp; set_hint=LTR; card_number=56.0; language=en; notes=NULL; cardmarket_link=https://www.cardmarket.com/en/Magic/Products/Singles/The-Lord-of-the-Rings-Tales-of-Middle-earth-Extras/Art-Series-Mines-of-Moria-V2 || collection-ambiguous-review.done.csv source_row=73; variant=gold_stamp; set_hint=LTR; card_number=56.0; language=en; notes=NULL; cardmarket_link=https://www.cardmarket.com/en/Magic/Products/Singles/The-Lord-of-the-Rings-Tales-of-Middle-earth-Extras/Art-Series-Mines-of-Moria-V2 || collection-ambiguous-review.done.csv source_row=73; variant=gold_stamp; set_hint=LTR; card_number=56.0; language=en; notes=NULL; cardmarket_link=https://www.cardmarket.com/en/Magic/Products/Singles/The-Lord-of-the-Rings-Tales-of-Middle-earth-Extras/Art-Series-Mines-of-Moria-V2,cards.id=653; collection_items.card_id=653; printing_variant=normal; variant_label=Art Series; finish=nonfoil; treatment=Art Series Gold-Stamped; source_variant=art_series_gold_stamped; release_kind=special; art_kind=special; catalog_status=active,cardmarket_product_mappings current=718683; status=mapped,No scryfall_raw evidence.,card_images source_card_id=250747; source_variant=NULL; source_collector_number=A56; image_language_scope=en; fallback=0,https://www.cardmarket.com/en/Magic/Products/Singles/The-Lord-of-the-Rings-Tales-of-Middle-earth-Extras/Art-Series-Mines-of-Moria-V2,true,cardmarket_link,https://www.cardmarket.com/en/Magic/Products/Singles/The-Lord-of-the-Rings-Tales-of-Middle-earth-Extras/Art-Series-Mines-of-Moria-V2,NULL: no Cardmarket URL/provenance-link field in collection_items/cards,"Cardmarket V.2, original gold_stamp + ART-A56 + EN + LTR, and local catalog identify one compatible Gold-Stamped product: idProduct=718683; provenance_gap=true.",None for identity recovery; provenance_gap=true; no mapping/apply performed.,Retain idProduct 718683 as final audit evidence; do not modify mappings or approve the review CSV.,Art Series Gold-Stamped
113,Magic,"Art Series: Aragorn, King of Gondor",AMBIGUOUS,EXACT_RECOVERED,718685,718685|718686,collection-ambiguous-review.done.csv source_row=74; variant=gold_stamp; set_hint=LTR; card_number=57.0; language=en; notes=NULL; cardmarket_link=https://www.cardmarket.com/en/Magic/Products/Singles/The-Lord-of-the-Rings-Tales-of-Middle-earth-Extras/Art-Series-Aragorn-King-of-Gondor-V2 || collection-ambiguous-review.done.csv source_row=74; variant=gold_stamp; set_hint=LTR; card_number=57.0; language=en; notes=NULL; cardmarket_link=https://www.cardmarket.com/en/Magic/Products/Singles/The-Lord-of-the-Rings-Tales-of-Middle-earth-Extras/Art-Series-Aragorn-King-of-Gondor-V2,cards.id=654; collection_items.card_id=654; printing_variant=normal; variant_label=Art Series; finish=nonfoil; treatment=Art Series Gold-Stamped; source_variant=art_series_gold_stamped; release_kind=special; art_kind=special; catalog_status=active,cardmarket_product_mappings current=718685; status=mapped,No scryfall_raw evidence.,card_images source_card_id=250731; source_variant=NULL; source_collector_number=A57; image_language_scope=en; fallback=0,https://www.cardmarket.com/en/Magic/Products/Singles/The-Lord-of-the-Rings-Tales-of-Middle-earth-Extras/Art-Series-Aragorn-King-of-Gondor-V2,true,cardmarket_link,https://www.cardmarket.com/en/Magic/Products/Singles/The-Lord-of-the-Rings-Tales-of-Middle-earth-Extras/Art-Series-Aragorn-King-of-Gondor-V2,NULL: no Cardmarket URL/provenance-link field in collection_items/cards,"Cardmarket V.2, original gold_stamp + ART-A57 + EN + LTR, and local catalog identify one compatible Gold-Stamped product: idProduct=718685; provenance_gap=true.",None for identity recovery; provenance_gap=true; no mapping/apply performed.,Retain idProduct 718685 as final audit evidence; do not modify mappings or approve the review CSV.,Art Series Gold-Stamped
114,Magic,"Art Series: Gwaihir, Greatest of the Eagles",AMBIGUOUS,EXACT_RECOVERED,718693,718692|718693,collection-ambiguous-review.done.csv source_row=75; variant=gold_stamp; set_hint=LTR; card_number=59.0; language=en; notes=NULL; cardmarket_link=https://www.cardmarket.com/en/Magic/Products/Singles/The-Lord-of-the-Rings-Tales-of-Middle-earth-Extras/Art-Series-Gwaihir-Greatest-of-the-Eagles-V2 || collection-ambiguous-review.done.csv source_row=75; variant=gold_stamp; set_hint=LTR; card_number=59.0; language=en; notes=NULL; cardmarket_link=https://www.cardmarket.com/en/Magic/Products/Singles/The-Lord-of-the-Rings-Tales-of-Middle-earth-Extras/Art-Series-Gwaihir-Greatest-of-the-Eagles-V2,cards.id=659; collection_items.card_id=659; printing_variant=normal; variant_label=Art Series; finish=nonfoil; treatment=Art Series Gold-Stamped; source_variant=art_series_gold_stamped; release_kind=special; art_kind=special; catalog_status=active,cardmarket_product_mappings current=718693; status=mapped,No scryfall_raw evidence.,card_images source_card_id=250758; source_variant=NULL; source_collector_number=A59; image_language_scope=en; fallback=0,https://www.cardmarket.com/en/Magic/Products/Singles/The-Lord-of-the-Rings-Tales-of-Middle-earth-Extras/Art-Series-Gwaihir-Greatest-of-the-Eagles-V2,true,cardmarket_link,https://www.cardmarket.com/en/Magic/Products/Singles/The-Lord-of-the-Rings-Tales-of-Middle-earth-Extras/Art-Series-Gwaihir-Greatest-of-the-Eagles-V2,NULL: no Cardmarket URL/provenance-link field in collection_items/cards,"Cardmarket V.2, original gold_stamp + ART-A59 + EN + LTR, and local catalog identify one compatible Gold-Stamped product: idProduct=718693; provenance_gap=true.",None for identity recovery; provenance_gap=true; no mapping/apply performed.,Retain idProduct 718693 as final audit evidence; do not modify mappings or approve the review CSV.,Art Series Gold-Stamped
115,Magic,Art Series: Call for Aid,AMBIGUOUS,EXACT_RECOVERED,718694,718694|718697,collection-ambiguous-review.done.csv source_row=76; variant=gold_stamp; set_hint=LTR; card_number=60.0; language=en; notes=NULL; cardmarket_link=https://www.cardmarket.com/en/Magic/Products/Singles/The-Lord-of-the-Rings-Tales-of-Middle-earth-Extras/Art-Series-Call-for-Aid-V2 || collection-ambiguous-review.done.csv source_row=76; variant=gold_stamp; set_hint=LTR; card_number=60.0; language=en; notes=NULL; cardmarket_link=https://www.cardmarket.com/en/Magic/Products/Singles/The-Lord-of-the-Rings-Tales-of-Middle-earth-Extras/Art-Series-Call-for-Aid-V2,cards.id=660; collection_items.card_id=660; printing_variant=normal; variant_label=Art Series; finish=nonfoil; treatment=Art Series Gold-Stamped; source_variant=art_series_gold_stamped; release_kind=special; art_kind=special; catalog_status=active,cardmarket_product_mappings current=718694; status=mapped,No scryfall_raw evidence.,card_images source_card_id=250723; source_variant=NULL; source_collector_number=A60; image_language_scope=en; fallback=0,https://www.cardmarket.com/en/Magic/Products/Singles/The-Lord-of-the-Rings-Tales-of-Middle-earth-Extras/Art-Series-Call-for-Aid-V2,true,cardmarket_link,https://www.cardmarket.com/en/Magic/Products/Singles/The-Lord-of-the-Rings-Tales-of-Middle-earth-Extras/Art-Series-Call-for-Aid-V2,NULL: no Cardmarket URL/provenance-link field in collection_items/cards,"Cardmarket V.2, original gold_stamp + ART-A60 + EN + LTR, and local catalog identify one compatible Gold-Stamped product: idProduct=718694; provenance_gap=true.",None for identity recovery; provenance_gap=true; no mapping/apply performed.,Retain idProduct 718694 as final audit evidence; do not modify mappings or approve the review CSV.,Art Series Gold-Stamped
116,Magic,Art Series: Cavern-Hoard Dragon,AMBIGUOUS,EXACT_RECOVERED,718700,718699|718700,collection-ambiguous-review.done.csv source_row=77; variant=gold_stamp; set_hint=LTR; card_number=61.0; language=en; notes=NULL; cardmarket_link=https://www.cardmarket.com/en/Magic/Products/Singles/The-Lord-of-the-Rings-Tales-of-Middle-earth-Extras/Art-Series-Cavern-Hoard-Dragon-V2 || collection-ambiguous-review.done.csv source_row=77; variant=gold_stamp; set_hint=LTR; card_number=61.0; language=en; notes=NULL; cardmarket_link=https://www.cardmarket.com/en/Magic/Products/Singles/The-Lord-of-the-Rings-Tales-of-Middle-earth-Extras/Art-Series-Cavern-Hoard-Dragon-V2,cards.id=663; collection_items.card_id=663; printing_variant=normal; variant_label=Art Series; finish=nonfoil; treatment=Art Series Gold-Stamped; source_variant=art_series_gold_stamped; release_kind=special; art_kind=special; catalog_status=active,cardmarket_product_mappings current=718700; status=mapped,No scryfall_raw evidence.,card_images source_card_id=250721; source_variant=NULL; source_collector_number=A61; image_language_scope=en; fallback=0,https://www.cardmarket.com/en/Magic/Products/Singles/The-Lord-of-the-Rings-Tales-of-Middle-earth-Extras/Art-Series-Cavern-Hoard-Dragon-V2,true,cardmarket_link,https://www.cardmarket.com/en/Magic/Products/Singles/The-Lord-of-the-Rings-Tales-of-Middle-earth-Extras/Art-Series-Cavern-Hoard-Dragon-V2,NULL: no Cardmarket URL/provenance-link field in collection_items/cards,"Cardmarket V.2, original gold_stamp + ART-A61 + EN + LTR, and local catalog identify one compatible Gold-Stamped product: idProduct=718700; provenance_gap=true.",None for identity recovery; provenance_gap=true; no mapping/apply performed.,Retain idProduct 718700 as final audit evidence; do not modify mappings or approve the review CSV.,Art Series Gold-Stamped
117,Magic,"Art Series: Gríma, Saruman's Footman",AMBIGUOUS,EXACT_RECOVERED,718708,718707|718708,collection-ambiguous-review.done.csv source_row=78; variant=gold_stamp; set_hint=LTR; card_number=63.0; language=en; notes=NULL; cardmarket_link=https://www.cardmarket.com/en/Magic/Products/Singles/The-Lord-of-the-Rings-Tales-of-Middle-earth-Extras/Art-Series-Grima-Sarumans-Footman-V2 || collection-ambiguous-review.done.csv source_row=78; variant=gold_stamp; set_hint=LTR; card_number=63.0; language=en; notes=NULL; cardmarket_link=https://www.cardmarket.com/en/Magic/Products/Singles/The-Lord-of-the-Rings-Tales-of-Middle-earth-Extras/Art-Series-Grima-Sarumans-Footman-V2,cards.id=667; collection_items.card_id=667; printing_variant=normal; variant_label=Art Series; finish=nonfoil; treatment=Art Series Gold-Stamped; source_variant=art_series_gold_stamped; release_kind=special; art_kind=special; catalog_status=active,cardmarket_product_mappings current=718708; status=mapped,No scryfall_raw evidence.,card_images source_card_id=250759; source_variant=NULL; source_collector_number=A63; image_language_scope=en; fallback=0,https://www.cardmarket.com/en/Magic/Products/Singles/The-Lord-of-the-Rings-Tales-of-Middle-earth-Extras/Art-Series-Grima-Sarumans-Footman-V2,true,cardmarket_link,https://www.cardmarket.com/en/Magic/Products/Singles/The-Lord-of-the-Rings-Tales-of-Middle-earth-Extras/Art-Series-Grima-Sarumans-Footman-V2,NULL: no Cardmarket URL/provenance-link field in collection_items/cards,"Cardmarket V.2, original gold_stamp + ART-A63 + EN + LTR, and local catalog identify one compatible Gold-Stamped product: idProduct=718708; provenance_gap=true.",None for identity recovery; provenance_gap=true; no mapping/apply performed.,Retain idProduct 718708 as final audit evidence; do not modify mappings or approve the review CSV.,Art Series Gold-Stamped
118,Magic,"Art Series: Merry, Warden of Isengard",AMBIGUOUS,EXACT_RECOVERED,718715,718714|718715,collection-ambiguous-review.done.csv source_row=79; variant=gold_stamp; set_hint=LTR; card_number=65.0; language=en; notes=NULL; cardmarket_link=https://www.cardmarket.com/en/Magic/Products/Singles/The-Lord-of-the-Rings-Tales-of-Middle-earth-Extras/Art-Series-Merry-Warden-of-Isengard-V2 || collection-ambiguous-review.done.csv source_row=79; variant=gold_stamp; set_hint=LTR; card_number=65.0; language=en; notes=NULL; cardmarket_link=https://www.cardmarket.com/en/Magic/Products/Singles/The-Lord-of-the-Rings-Tales-of-Middle-earth-Extras/Art-Series-Merry-Warden-of-Isengard-V2,cards.id=671; collection_items.card_id=671; printing_variant=normal; variant_label=Art Series; finish=nonfoil; treatment=Art Series Gold-Stamped; source_variant=art_series_gold_stamped; release_kind=special; art_kind=special; catalog_status=active,cardmarket_product_mappings current=718715; status=mapped,No scryfall_raw evidence.,card_images source_card_id=250748; source_variant=NULL; source_collector_number=A65; image_language_scope=en; fallback=0,https://www.cardmarket.com/en/Magic/Products/Singles/The-Lord-of-the-Rings-Tales-of-Middle-earth-Extras/Art-Series-Merry-Warden-of-Isengard-V2,true,cardmarket_link,https://www.cardmarket.com/en/Magic/Products/Singles/The-Lord-of-the-Rings-Tales-of-Middle-earth-Extras/Art-Series-Merry-Warden-of-Isengard-V2,NULL: no Cardmarket URL/provenance-link field in collection_items/cards,"Cardmarket V.2, original gold_stamp + ART-A65 + EN + LTR, and local catalog identify one compatible Gold-Stamped product: idProduct=718715; provenance_gap=true.",None for identity recovery; provenance_gap=true; no mapping/apply performed.,Retain idProduct 718715 as final audit evidence; do not modify mappings or approve the review CSV.,Art Series Gold-Stamped
119,Magic,"Art Series: Treebeard, Gracious Host",AMBIGUOUS,EXACT_RECOVERED,718719,718719|718722,collection-ambiguous-review.done.csv source_row=80; variant=gold_stamp; set_hint=LTR; card_number=67.0; language=en; notes=NULL; cardmarket_link=https://www.cardmarket.com/en/Magic/Products/Singles/The-Lord-of-the-Rings-Tales-of-Middle-earth-Extras/Art-Series-Treebeard-Gracious-Host-V2 || collection-ambiguous-review.done.csv source_row=80; variant=gold_stamp; set_hint=LTR; card_number=67.0; language=en; notes=NULL; cardmarket_link=https://www.cardmarket.com/en/Magic/Products/Singles/The-Lord-of-the-Rings-Tales-of-Middle-earth-Extras/Art-Series-Treebeard-Gracious-Host-V2,cards.id=674; collection_items.card_id=674; printing_variant=other; variant_label=Gold-Stamped; finish=nonfoil; treatment=Art Series Gold-Stamped; source_variant=art_series_gold_stamped; release_kind=special; art_kind=special; catalog_status=active,cardmarket_product_mappings current=718719; status=mapped,No scryfall_raw evidence.,card_images source_card_id=250801; source_variant=Gold-Stamped; source_collector_number=A67g; image_language_scope=en; fallback=0,https://www.cardmarket.com/en/Magic/Products/Singles/The-Lord-of-the-Rings-Tales-of-Middle-earth-Extras/Art-Series-Treebeard-Gracious-Host-V2,true,cardmarket_link,https://www.cardmarket.com/en/Magic/Products/Singles/The-Lord-of-the-Rings-Tales-of-Middle-earth-Extras/Art-Series-Treebeard-Gracious-Host-V2,NULL: no Cardmarket URL/provenance-link field in collection_items/cards,"Cardmarket V.2, original gold_stamp + ART-A67 + EN + LTR, and local catalog identify one compatible Gold-Stamped product: idProduct=718719; provenance_gap=true.",None for identity recovery; provenance_gap=true; no mapping/apply performed.,Retain idProduct 718719 as final audit evidence; do not modify mappings or approve the review CSV.,Art Series Gold-Stamped
120,Magic,Art Series: Asceticism,AMBIGUOUS,EXACT_RECOVERED,718740,718740|718741,collection-ambiguous-review.done.csv source_row=81; variant=gold_stamp; set_hint=LTR; card_number=72.0; language=en; notes=NULL; cardmarket_link=https://www.cardmarket.com/en/Magic/Products/Singles/The-Lord-of-the-Rings-Tales-of-Middle-earth-Extras/Art-Series-Asceticism-V2 || collection-ambiguous-review.done.csv source_row=81; variant=gold_stamp; set_hint=LTR; card_number=72.0; language=en; notes=NULL; cardmarket_link=https://www.cardmarket.com/en/Magic/Products/Singles/The-Lord-of-the-Rings-Tales-of-Middle-earth-Extras/Art-Series-Asceticism-V2,cards.id=684; collection_items.card_id=684; printing_variant=normal; variant_label=Art Series; finish=nonfoil; treatment=Art Series Gold-Stamped; source_variant=art_series_gold_stamped; release_kind=special; art_kind=special; catalog_status=active,cardmarket_product_mappings current=718740; status=mapped,No scryfall_raw evidence.,card_images source_card_id=250729; source_variant=NULL; source_collector_number=A72; image_language_scope=en; fallback=0,https://www.cardmarket.com/en/Magic/Products/Singles/The-Lord-of-the-Rings-Tales-of-Middle-earth-Extras/Art-Series-Asceticism-V2,true,cardmarket_link,https://www.cardmarket.com/en/Magic/Products/Singles/The-Lord-of-the-Rings-Tales-of-Middle-earth-Extras/Art-Series-Asceticism-V2,NULL: no Cardmarket URL/provenance-link field in collection_items/cards,"Cardmarket V.2, original gold_stamp + ART-A72 + EN + LTR, and local catalog identify one compatible Gold-Stamped product: idProduct=718740; provenance_gap=true.",None for identity recovery; provenance_gap=true; no mapping/apply performed.,Retain idProduct 718740 as final audit evidence; do not modify mappings or approve the review CSV.,Art Series Gold-Stamped
121,Magic,Art Series: Realm Seekers,AMBIGUOUS,EXACT_RECOVERED,718747,718746|718747,collection-ambiguous-review.done.csv source_row=82; variant=gold_stamp; set_hint=LTR; card_number=74.0; language=en; notes=NULL; cardmarket_link=https://www.cardmarket.com/en/Magic/Products/Singles/The-Lord-of-the-Rings-Tales-of-Middle-earth-Extras/Art-Series-Realm-Seekers-V2 || collection-ambiguous-review.done.csv source_row=82; variant=gold_stamp; set_hint=LTR; card_number=74.0; language=en; notes=NULL; cardmarket_link=https://www.cardmarket.com/en/Magic/Products/Singles/The-Lord-of-the-Rings-Tales-of-Middle-earth-Extras/Art-Series-Realm-Seekers-V2,cards.id=689; collection_items.card_id=689; printing_variant=other; variant_label=Gold-Stamped; finish=nonfoil; treatment=Art Series Gold-Stamped; source_variant=art_series_gold_stamped; release_kind=special; art_kind=special; catalog_status=active,cardmarket_product_mappings current=718747; status=mapped,No scryfall_raw evidence.,card_images source_card_id=250805; source_variant=Gold-Stamped; source_collector_number=A74g; image_language_scope=en; fallback=0,https://www.cardmarket.com/en/Magic/Products/Singles/The-Lord-of-the-Rings-Tales-of-Middle-earth-Extras/Art-Series-Realm-Seekers-V2,true,cardmarket_link,https://www.cardmarket.com/en/Magic/Products/Singles/The-Lord-of-the-Rings-Tales-of-Middle-earth-Extras/Art-Series-Realm-Seekers-V2,NULL: no Cardmarket URL/provenance-link field in collection_items/cards,"Cardmarket V.2, original gold_stamp + ART-A74 + EN + LTR, and local catalog identify one compatible Gold-Stamped product: idProduct=718747; provenance_gap=true.",None for identity recovery; provenance_gap=true; no mapping/apply performed.,Retain idProduct 718747 as final audit evidence; do not modify mappings or approve the review CSV.,Art Series Gold-Stamped
122,Magic,Art Series: Ghost Quarter,AMBIGUOUS,EXACT_RECOVERED,718757,718757|718758,collection-ambiguous-review.done.csv source_row=83; variant=gold_stamp; set_hint=LTR; card_number=78.0; language=en; notes=NULL; cardmarket_link=https://www.cardmarket.com/en/Magic/Products/Singles/The-Lord-of-the-Rings-Tales-of-Middle-earth-Extras/Art-Series-Ghost-Quarter-V2 || collection-ambiguous-review.done.csv source_row=83; variant=gold_stamp; set_hint=LTR; card_number=78.0; language=en; notes=NULL; cardmarket_link=https://www.cardmarket.com/en/Magic/Products/Singles/The-Lord-of-the-Rings-Tales-of-Middle-earth-Extras/Art-Series-Ghost-Quarter-V2,cards.id=696; collection_items.card_id=696; printing_variant=normal; variant_label=Art Series; finish=nonfoil; treatment=Art Series Gold-Stamped; source_variant=art_series_gold_stamped; release_kind=special; art_kind=special; catalog_status=active,cardmarket_product_mappings current=718757; status=mapped,No scryfall_raw evidence.,card_images source_card_id=250761; source_variant=NULL; source_collector_number=A78; image_language_scope=en; fallback=0,https://www.cardmarket.com/en/Magic/Products/Singles/The-Lord-of-the-Rings-Tales-of-Middle-earth-Extras/Art-Series-Ghost-Quarter-V2,true,cardmarket_link,https://www.cardmarket.com/en/Magic/Products/Singles/The-Lord-of-the-Rings-Tales-of-Middle-earth-Extras/Art-Series-Ghost-Quarter-V2,NULL: no Cardmarket URL/provenance-link field in collection_items/cards,"Cardmarket V.2, original gold_stamp + ART-A78 + EN + LTR, and local catalog identify one compatible Gold-Stamped product: idProduct=718757; provenance_gap=true.",None for identity recovery; provenance_gap=true; no mapping/apply performed.,Retain idProduct 718757 as final audit evidence; do not modify mappings or approve the review CSV.,Art Series Gold-Stamped
123,Magic,Art Series: Valley of Gorgoroth,AMBIGUOUS,EXACT_RECOVERED,718763,718761|718763,collection-ambiguous-review.done.csv source_row=84; variant=gold_stamp; set_hint=LTR; card_number=80.0; language=en; notes=NULL; cardmarket_link=https://www.cardmarket.com/en/Magic/Products/Singles/The-Lord-of-the-Rings-Tales-of-Middle-earth-Extras/Art-Series-Valley-of-Gorgoroth-V2 || collection-ambiguous-review.done.csv source_row=84; variant=gold_stamp; set_hint=LTR; card_number=80.0; language=en; notes=NULL; cardmarket_link=https://www.cardmarket.com/en/Magic/Products/Singles/The-Lord-of-the-Rings-Tales-of-Middle-earth-Extras/Art-Series-Valley-of-Gorgoroth-V2,cards.id=701; collection_items.card_id=701; printing_variant=normal; variant_label=Art Series; finish=nonfoil; treatment=Art Series Gold-Stamped; source_variant=art_series_gold_stamped; release_kind=special; art_kind=special; catalog_status=active,cardmarket_product_mappings current=718763; status=mapped,No scryfall_raw evidence.,card_images source_card_id=250784; source_variant=NULL; source_collector_number=A80; image_language_scope=en; fallback=0,https://www.cardmarket.com/en/Magic/Products/Singles/The-Lord-of-the-Rings-Tales-of-Middle-earth-Extras/Art-Series-Valley-of-Gorgoroth-V2,true,cardmarket_link,https://www.cardmarket.com/en/Magic/Products/Singles/The-Lord-of-the-Rings-Tales-of-Middle-earth-Extras/Art-Series-Valley-of-Gorgoroth-V2,NULL: no Cardmarket URL/provenance-link field in collection_items/cards,"Cardmarket V.2, original gold_stamp + ART-A80 + EN + LTR, and local catalog identify one compatible Gold-Stamped product: idProduct=718763; provenance_gap=true.",None for identity recovery; provenance_gap=true; no mapping/apply performed.,Retain idProduct 718763 as final audit evidence; do not modify mappings or approve the review CSV.,Art Series Gold-Stamped
124,Magic,"Art Series: Faramir, Steward of Gondor",AMBIGUOUS,EXACT_RECOVERED,718704,718704|718705,collection-ambiguous-review.done.csv source_row=85; variant=gold_stamp; set_hint=LTR; card_number=62.0; language=en; notes=NULL; cardmarket_link=https://www.cardmarket.com/en/Magic/Products/Singles/The-Lord-of-the-Rings-Tales-of-Middle-earth-Extras/Art-Series-Faramir-Steward-of-Gondor-V2 || collection-ambiguous-review.done.csv source_row=85; variant=gold_stamp; set_hint=LTR; card_number=62.0; language=en; notes=NULL; cardmarket_link=https://www.cardmarket.com/en/Magic/Products/Singles/The-Lord-of-the-Rings-Tales-of-Middle-earth-Extras/Art-Series-Faramir-Steward-of-Gondor-V2,cards.id=664; collection_items.card_id=664; printing_variant=normal; variant_label=Art Series; finish=nonfoil; treatment=Art Series Gold-Stamped; source_variant=art_series_gold_stamped; release_kind=special; art_kind=special; catalog_status=active,cardmarket_product_mappings current=718704; status=mapped,No scryfall_raw evidence.,card_images source_card_id=250716; source_variant=NULL; source_collector_number=A62; image_language_scope=en; fallback=0,https://www.cardmarket.com/en/Magic/Products/Singles/The-Lord-of-the-Rings-Tales-of-Middle-earth-Extras/Art-Series-Faramir-Steward-of-Gondor-V2,true,cardmarket_link,https://www.cardmarket.com/en/Magic/Products/Singles/The-Lord-of-the-Rings-Tales-of-Middle-earth-Extras/Art-Series-Faramir-Steward-of-Gondor-V2,NULL: no Cardmarket URL/provenance-link field in collection_items/cards,"Cardmarket V.2, original gold_stamp + ART-A62 + EN + LTR, and local catalog identify one compatible Gold-Stamped product: idProduct=718704; provenance_gap=true.",None for identity recovery; provenance_gap=true; no mapping/apply performed.,Retain idProduct 718704 as final audit evidence; do not modify mappings or approve the review CSV.,Art Series Gold-Stamped
125,Magic,Art Series: Nazgûl,AMBIGUOUS,EXACT_RECOVERED,718672,718672|718673,collection-ambiguous-review.done.csv source_row=86; variant=gold_stamp; set_hint=LTR; card_number=53.0; language=en; notes=NULL; cardmarket_link=https://www.cardmarket.com/en/Magic/Products/Singles/The-Lord-of-the-Rings-Tales-of-Middle-earth-Extras/Art-Series-Nazgul-V2 || collection-ambiguous-review.done.csv source_row=86; variant=gold_stamp; set_hint=LTR; card_number=53.0; language=en; notes=NULL; cardmarket_link=https://www.cardmarket.com/en/Magic/Products/Singles/The-Lord-of-the-Rings-Tales-of-Middle-earth-Extras/Art-Series-Nazgul-V2 || collection-ambiguous-review.done.csv source_row=86; variant=gold_stamp; set_hint=LTR; card_number=53.0; language=en; notes=NULL; cardmarket_link=https://www.cardmarket.com/en/Magic/Products/Singles/The-Lord-of-the-Rings-Tales-of-Middle-earth-Extras/Art-Series-Nazgul-V2 || collection-ambiguous-review.done.csv source_row=86; variant=gold_stamp; set_hint=LTR; card_number=53.0; language=en; notes=NULL; cardmarket_link=https://www.cardmarket.com/en/Magic/Products/Singles/The-Lord-of-the-Rings-Tales-of-Middle-earth-Extras/Art-Series-Nazgul-V2 || collection-ambiguous-review.done.csv source_row=86; variant=gold_stamp; set_hint=LTR; card_number=53.0; language=en; notes=NULL; cardmarket_link=https://www.cardmarket.com/en/Magic/Products/Singles/The-Lord-of-the-Rings-Tales-of-Middle-earth-Extras/Art-Series-Nazgul-V2 || collection-ambiguous-review.done.csv source_row=86; variant=gold_stamp; set_hint=LTR; card_number=53.0; language=en; notes=NULL; cardmarket_link=https://www.cardmarket.com/en/Magic/Products/Singles/The-Lord-of-the-Rings-Tales-of-Middle-earth-Extras/Art-Series-Nazgul-V2 || collection-ambiguous-review.done.csv source_row=86; variant=gold_stamp; set_hint=LTR; card_number=53.0; language=en; notes=NULL; cardmarket_link=https://www.cardmarket.com/en/Magic/Products/Singles/The-Lord-of-the-Rings-Tales-of-Middle-earth-Extras/Art-Series-Nazgul-V2 || collection-ambiguous-review.done.csv source_row=86; variant=gold_stamp; set_hint=LTR; card_number=53.0; language=en; notes=NULL; cardmarket_link=https://www.cardmarket.com/en/Magic/Products/Singles/The-Lord-of-the-Rings-Tales-of-Middle-earth-Extras/Art-Series-Nazgul-V2 || collection-ambiguous-review.done.csv source_row=86; variant=gold_stamp; set_hint=LTR; card_number=53.0; language=en; notes=NULL; cardmarket_link=https://www.cardmarket.com/en/Magic/Products/Singles/The-Lord-of-the-Rings-Tales-of-Middle-earth-Extras/Art-Series-Nazgul-V2 || collection-ambiguous-review.done.csv source_row=86; variant=gold_stamp; set_hint=LTR; card_number=53.0; language=en; notes=NULL; cardmarket_link=https://www.cardmarket.com/en/Magic/Products/Singles/The-Lord-of-the-Rings-Tales-of-Middle-earth-Extras/Art-Series-Nazgul-V2 || collection-ambiguous-review.done.csv source_row=86; variant=gold_stamp; set_hint=LTR; card_number=53.0; language=en; notes=NULL; cardmarket_link=https://www.cardmarket.com/en/Magic/Products/Singles/The-Lord-of-the-Rings-Tales-of-Middle-earth-Extras/Art-Series-Nazgul-V2,cards.id=646; collection_items.card_id=646; printing_variant=normal; variant_label=Art Series; finish=nonfoil; treatment=Art Series Gold-Stamped; source_variant=art_series_gold_stamped; release_kind=special; art_kind=special; catalog_status=active,cardmarket_product_mappings current=718672; status=mapped,No scryfall_raw evidence.,card_images source_card_id=250742; source_variant=NULL; source_collector_number=A53; image_language_scope=en; fallback=0,https://www.cardmarket.com/en/Magic/Products/Singles/The-Lord-of-the-Rings-Tales-of-Middle-earth-Extras/Art-Series-Nazgul-V2,true,cardmarket_link,https://www.cardmarket.com/en/Magic/Products/Singles/The-Lord-of-the-Rings-Tales-of-Middle-earth-Extras/Art-Series-Nazgul-V2,NULL: no Cardmarket URL/provenance-link field in collection_items/cards,"Cardmarket V.2, original gold_stamp + ART-A53 + EN + LTR, and local catalog identify one compatible Gold-Stamped product: idProduct=718672; provenance_gap=true.",None for identity recovery; provenance_gap=true; no mapping/apply performed.,Retain idProduct 718672 as final audit evidence; do not modify mappings or approve the review CSV.,Art Series Gold-Stamped
126,Magic,"Art Series: Sauron, the Dark Lord",AMBIGUOUS,EXACT_RECOVERED,718602,718602|718603,collection-ambiguous-review.done.csv source_row=87; variant=gold_stamp; set_hint=LTR; card_number=21.0; language=en; notes=NULL; cardmarket_link=https://www.cardmarket.com/en/Magic/Products/Singles/The-Lord-of-the-Rings-Tales-of-Middle-earth-Extras/Art-Series-Sauron-the-Dark-Lord-V2 || collection-ambiguous-review.done.csv source_row=87; variant=gold_stamp; set_hint=LTR; card_number=21.0; language=en; notes=NULL; cardmarket_link=https://www.cardmarket.com/en/Magic/Products/Singles/The-Lord-of-the-Rings-Tales-of-Middle-earth-Extras/Art-Series-Sauron-the-Dark-Lord-V2 || collection-ambiguous-review.done.csv source_row=87; variant=gold_stamp; set_hint=LTR; card_number=21.0; language=en; notes=NULL; cardmarket_link=https://www.cardmarket.com/en/Magic/Products/Singles/The-Lord-of-the-Rings-Tales-of-Middle-earth-Extras/Art-Series-Sauron-the-Dark-Lord-V2 || collection-ambiguous-review.done.csv source_row=87; variant=gold_stamp; set_hint=LTR; card_number=21.0; language=en; notes=NULL; cardmarket_link=https://www.cardmarket.com/en/Magic/Products/Singles/The-Lord-of-the-Rings-Tales-of-Middle-earth-Extras/Art-Series-Sauron-the-Dark-Lord-V2 || collection-ambiguous-review.done.csv source_row=87; variant=gold_stamp; set_hint=LTR; card_number=21.0; language=en; notes=NULL; cardmarket_link=https://www.cardmarket.com/en/Magic/Products/Singles/The-Lord-of-the-Rings-Tales-of-Middle-earth-Extras/Art-Series-Sauron-the-Dark-Lord-V2,cards.id=582; collection_items.card_id=582; printing_variant=normal; variant_label=Art Series; finish=nonfoil; treatment=Art Series Gold-Stamped; source_variant=art_series_gold_stamped; release_kind=special; art_kind=special; catalog_status=active,cardmarket_product_mappings current=718602; status=mapped,No scryfall_raw evidence.,card_images source_card_id=250765; source_variant=NULL; source_collector_number=A21; image_language_scope=en; fallback=0,https://www.cardmarket.com/en/Magic/Products/Singles/The-Lord-of-the-Rings-Tales-of-Middle-earth-Extras/Art-Series-Sauron-the-Dark-Lord-V2,true,cardmarket_link,https://www.cardmarket.com/en/Magic/Products/Singles/The-Lord-of-the-Rings-Tales-of-Middle-earth-Extras/Art-Series-Sauron-the-Dark-Lord-V2,NULL: no Cardmarket URL/provenance-link field in collection_items/cards,"Cardmarket V.2, original gold_stamp + ART-A21 + EN + LTR, and local catalog identify one compatible Gold-Stamped product: idProduct=718602; provenance_gap=true.",None for identity recovery; provenance_gap=true; no mapping/apply performed.,Retain idProduct 718602 as final audit evidence; do not modify mappings or approve the review CSV.,Art Series Gold-Stamped
127,Magic,"Art Series: Éowyn, Fearless Knight",AMBIGUOUS,EXACT_RECOVERED,718577,718577|718578,collection-ambiguous-review.done.csv source_row=88; variant=gold_stamp; set_hint=LTR; card_number=15.0; language=en; notes=NULL; cardmarket_link=https://www.cardmarket.com/en/Magic/Products/Singles/The-Lord-of-the-Rings-Tales-of-Middle-earth-Extras/Art-Series-Eowyn-Fearless-Knight-V2 || collection-ambiguous-review.done.csv source_row=88; variant=gold_stamp; set_hint=LTR; card_number=15.0; language=en; notes=NULL; cardmarket_link=https://www.cardmarket.com/en/Magic/Products/Singles/The-Lord-of-the-Rings-Tales-of-Middle-earth-Extras/Art-Series-Eowyn-Fearless-Knight-V2 || collection-ambiguous-review.done.csv source_row=88; variant=gold_stamp; set_hint=LTR; card_number=15.0; language=en; notes=NULL; cardmarket_link=https://www.cardmarket.com/en/Magic/Products/Singles/The-Lord-of-the-Rings-Tales-of-Middle-earth-Extras/Art-Series-Eowyn-Fearless-Knight-V2 || collection-ambiguous-review.done.csv source_row=88; variant=gold_stamp; set_hint=LTR; card_number=15.0; language=en; notes=NULL; cardmarket_link=https://www.cardmarket.com/en/Magic/Products/Singles/The-Lord-of-the-Rings-Tales-of-Middle-earth-Extras/Art-Series-Eowyn-Fearless-Knight-V2 || collection-ambiguous-review.done.csv source_row=88; variant=gold_stamp; set_hint=LTR; card_number=15.0; language=en; notes=NULL; cardmarket_link=https://www.cardmarket.com/en/Magic/Products/Singles/The-Lord-of-the-Rings-Tales-of-Middle-earth-Extras/Art-Series-Eowyn-Fearless-Knight-V2,cards.id=570; collection_items.card_id=570; printing_variant=normal; variant_label=Art Series; finish=nonfoil; treatment=Art Series Gold-Stamped; source_variant=art_series_gold_stamped; release_kind=special; art_kind=special; catalog_status=active,cardmarket_product_mappings current=718577; status=mapped,No scryfall_raw evidence.,card_images source_card_id=250708; source_variant=NULL; source_collector_number=A15; image_language_scope=en; fallback=0,https://www.cardmarket.com/en/Magic/Products/Singles/The-Lord-of-the-Rings-Tales-of-Middle-earth-Extras/Art-Series-Eowyn-Fearless-Knight-V2,true,cardmarket_link,https://www.cardmarket.com/en/Magic/Products/Singles/The-Lord-of-the-Rings-Tales-of-Middle-earth-Extras/Art-Series-Eowyn-Fearless-Knight-V2,NULL: no Cardmarket URL/provenance-link field in collection_items/cards,"Cardmarket V.2, original gold_stamp + ART-A15 + EN + LTR, and local catalog identify one compatible Gold-Stamped product: idProduct=718577; provenance_gap=true.",None for identity recovery; provenance_gap=true; no mapping/apply performed.,Retain idProduct 718577 as final audit evidence; do not modify mappings or approve the review CSV.,Art Series Gold-Stamped
128,Magic,Art Series: Samwise Gamgee,AMBIGUOUS,EXACT_RECOVERED,718671,718598|718599|718670|718671,collection-ambiguous-review.done.csv source_row=89; variant=gold_stamp; set_hint=LTR; card_number=19.0; language=en; notes=NULL; cardmarket_link=https://www.cardmarket.com/en/Magic/Products/Singles/The-Lord-of-the-Rings-Tales-of-Middle-earth-Extras/Art-Series-Samwise-Gamgee-V2 || collection-ambiguous-review.done.csv source_row=89; variant=gold_stamp; set_hint=LTR; card_number=19.0; language=en; notes=NULL; cardmarket_link=https://www.cardmarket.com/en/Magic/Products/Singles/The-Lord-of-the-Rings-Tales-of-Middle-earth-Extras/Art-Series-Samwise-Gamgee-V2 || collection-ambiguous-review.done.csv source_row=89; variant=gold_stamp; set_hint=LTR; card_number=19.0; language=en; notes=NULL; cardmarket_link=https://www.cardmarket.com/en/Magic/Products/Singles/The-Lord-of-the-Rings-Tales-of-Middle-earth-Extras/Art-Series-Samwise-Gamgee-V2 || collection-ambiguous-review.done.csv source_row=89; variant=gold_stamp; set_hint=LTR; card_number=19.0; language=en; notes=NULL; cardmarket_link=https://www.cardmarket.com/en/Magic/Products/Singles/The-Lord-of-the-Rings-Tales-of-Middle-earth-Extras/Art-Series-Samwise-Gamgee-V2 || collection-ambiguous-review.done.csv source_row=89; variant=gold_stamp; set_hint=LTR; card_number=19.0; language=en; notes=NULL; cardmarket_link=https://www.cardmarket.com/en/Magic/Products/Singles/The-Lord-of-the-Rings-Tales-of-Middle-earth-Extras/Art-Series-Samwise-Gamgee-V2 || collection-ambiguous-review.done.csv source_row=89; variant=gold_stamp; set_hint=LTR; card_number=19.0; language=en; notes=NULL; cardmarket_link=https://www.cardmarket.com/en/Magic/Products/Singles/The-Lord-of-the-Rings-Tales-of-Middle-earth-Extras/Art-Series-Samwise-Gamgee-V2 || collection-ambiguous-review.done.csv source_row=89; variant=gold_stamp; set_hint=LTR; card_number=19.0; language=en; notes=NULL; cardmarket_link=https://www.cardmarket.com/en/Magic/Products/Singles/The-Lord-of-the-Rings-Tales-of-Middle-earth-Extras/Art-Series-Samwise-Gamgee-V2,cards.id=645; collection_items.card_id=645; printing_variant=other; variant_label=Gold-Stamped; finish=nonfoil; treatment=Art Series Gold-Stamped; source_variant=art_series_gold_stamped; release_kind=special; art_kind=special; catalog_status=active,cardmarket_product_mappings current=718671; status=mapped,No scryfall_raw evidence.,card_images source_card_id=250811; source_variant=Gold-Stamped; source_collector_number=A52g; image_language_scope=en; fallback=0 || CONFLICT: CardTrader image collector=A52g vs collection=ART-19,https://www.cardmarket.com/en/Magic/Products/Singles/The-Lord-of-the-Rings-Tales-of-Middle-earth-Extras/Art-Series-Samwise-Gamgee-V2,true,cardmarket_link,https://www.cardmarket.com/en/Magic/Products/Singles/The-Lord-of-the-Rings-Tales-of-Middle-earth-Extras/Art-Series-Samwise-Gamgee-V2,NULL: no Cardmarket URL/provenance-link field in collection_items/cards,"Decisión humana explícita confirma Art Series: Samwise Gamgee A19/19 of 81, Gold-Stamped y Cardmarket V.2; el catálogo local contiene un único producto compatible: idProduct=718671. La provenance CardTrader A52g era incorrecta para este Collection item; provenance_gap=true.",None for identity recovery; provenance_gap=true; no mapping/apply performed.,Retain idProduct 718671 as final audit evidence; do not modify mappings or approve the review CSV.,Art Series Gold-Stamped
131,Magic,Art Series: Gandalf the White,AMBIGUOUS,EXACT_RECOVERED,718547,718547|718548,collection-ambiguous-review.done.csv source_row=46; variant=gold_stamp; set_hint=LTR; card_number=3.0; language=en; notes=NULL; cardmarket_link=https://www.cardmarket.com/en/Magic/Products/Singles/The-Lord-of-the-Rings-Tales-of-Middle-earth-Extras/Art-Series-Gandalf-the-White-V2 || collection-ambiguous-review.done.csv source_row=46; variant=gold_stamp; set_hint=LTR; card_number=3.0; language=en; notes=NULL; cardmarket_link=https://www.cardmarket.com/en/Magic/Products/Singles/The-Lord-of-the-Rings-Tales-of-Middle-earth-Extras/Art-Series-Gandalf-the-White-V2 || collection-ambiguous-review.done.csv source_row=46; variant=gold_stamp; set_hint=LTR; card_number=3.0; language=en; notes=NULL; cardmarket_link=https://www.cardmarket.com/en/Magic/Products/Singles/The-Lord-of-the-Rings-Tales-of-Middle-earth-Extras/Art-Series-Gandalf-the-White-V2 || collection-ambiguous-review.done.csv source_row=46; variant=gold_stamp; set_hint=LTR; card_number=3.0; language=en; notes=NULL; cardmarket_link=https://www.cardmarket.com/en/Magic/Products/Singles/The-Lord-of-the-Rings-Tales-of-Middle-earth-Extras/Art-Series-Gandalf-the-White-V2 || collection-ambiguous-review.done.csv source_row=46; variant=gold_stamp; set_hint=LTR; card_number=3.0; language=en; notes=NULL; cardmarket_link=https://www.cardmarket.com/en/Magic/Products/Singles/The-Lord-of-the-Rings-Tales-of-Middle-earth-Extras/Art-Series-Gandalf-the-White-V2 || collection-ambiguous-review.done.csv source_row=46; variant=gold_stamp; set_hint=LTR; card_number=3.0; language=en; notes=NULL; cardmarket_link=https://www.cardmarket.com/en/Magic/Products/Singles/The-Lord-of-the-Rings-Tales-of-Middle-earth-Extras/Art-Series-Gandalf-the-White-V2 || collection-ambiguous-review.done.csv source_row=46; variant=gold_stamp; set_hint=LTR; card_number=3.0; language=en; notes=NULL; cardmarket_link=https://www.cardmarket.com/en/Magic/Products/Singles/The-Lord-of-the-Rings-Tales-of-Middle-earth-Extras/Art-Series-Gandalf-the-White-V2,cards.id=546; collection_items.card_id=546; printing_variant=normal; variant_label=Art Series; finish=nonfoil; treatment=Art Series Gold-Stamped; source_variant=art_series_gold_stamped; release_kind=special; art_kind=special; catalog_status=active collection notes=Agregada manualmente desde lista Art Series; sin purchase_price registrado,cardmarket_product_mappings current=718547; status=mapped,No scryfall_raw evidence.,card_images source_card_id=250705; source_variant=NULL; source_collector_number=A03; image_language_scope=en; fallback=0 || CONFLICT: CardTrader image collector=A03 vs collection=ART-3,https://www.cardmarket.com/en/Magic/Products/Singles/The-Lord-of-the-Rings-Tales-of-Middle-earth-Extras/Art-Series-Gandalf-the-White-V2,true,cardmarket_link,https://www.cardmarket.com/en/Magic/Products/Singles/The-Lord-of-the-Rings-Tales-of-Middle-earth-Extras/Art-Series-Gandalf-the-White-V2,NULL: no Cardmarket URL/provenance-link field in collection_items/cards,"Cardmarket V.2, original gold_stamp + ART-A3 + EN + LTR, and local catalog identify one compatible Gold-Stamped product: idProduct=718547; provenance_gap=true.",None for identity recovery; provenance_gap=true; no mapping/apply performed.,Retain idProduct 718547 as final audit evidence; do not modify mappings or approve the review CSV.,Art Series Gold-Stamped
133,One Piece,Borsalino,AMBIGUOUS,MANUAL_WEB_REVIEW,,733344|747506,coleccion-a-cargar.numbers exists as historical source; no matching row-level record is present in the derived review CSV.,cards.id=17163; collection_items.card_id=17163; printing_variant=normal; variant_label=NULL; finish=NULL; treatment=NULL; source_variant=Base; release_kind=original; art_kind=base; catalog_status=active,"cardmarket_product idProduct=733344; scope=mixed; metadata={""allowed_languages"":[""en"",""jp"",""zh-CN"",""kr"",""fr""]} || cardmarket_product idProduct=747506; scope=mixed; metadata={""allowed_languages"":[""en"",""jp"",""zh-CN"",""kr"",""fr""]}",Not applicable to One Piece.,"Blueprint id=268604; scope=exact; metadata={""release_id"":3461,""version"":null} || card_images source_card_id=268604; source_variant=Base; source_collector_number=OP05-051; image_language_scope=en; fallback=1",No historical Cardmarket URL found in local provenance.,false,NULL,NULL,Not detected,Local provenance identifies op05 + OP05-051 + jp + variant=Base; Cardmarket candidates remain language_scope=mixed and no unique Cardmarket idProduct is locally proven. CardTrader is auxiliary only.,Verify externally which candidate is the exact JP set/release/version/variant; no price-based selection.,Inspect Cardmarket candidates 733344|747506 and verify JP + op05 + Base / release; record one idProduct only after evidence.,N/A
134,One Piece,Dracule Mihawk,AMBIGUOUS,MANUAL_WEB_REVIEW,,690897|768325,coleccion-a-cargar.numbers exists as historical source; no matching row-level record is present in the derived review CSV.,cards.id=15439; collection_items.card_id=15439; printing_variant=confirmed_parallel; variant_label=Alternate Art | Fixed Reprint; finish=NULL; treatment=NULL; source_variant=Alternate Art | Fixed Reprint; release_kind=reprint; art_kind=alternate_art; catalog_status=active,"cardmarket_product idProduct=690897; scope=mixed; metadata={""allowed_languages"":[""en"",""jp"",""zh-CN"",""kr"",""fr""]} || cardmarket_product idProduct=768325; scope=mixed; metadata={""allowed_languages"":[""en"",""jp"",""zh-CN"",""kr"",""fr""]}",Not applicable to One Piece.,"Blueprint id=244585; scope=exact; metadata={""release_id"":3332,""version"":""Alternate Art | Fixed Reprint""} || card_images source_card_id=244585; source_variant=Alternate Art | Fixed Reprint; source_collector_number=OP01-070a; image_language_scope=en; fallback=1",No historical Cardmarket URL found in local provenance.,false,NULL,NULL,Not detected,Local provenance identifies op01 + OP01-070 + jp + variant=Alternate Art | Fixed Reprint; Cardmarket candidates remain language_scope=mixed and no unique Cardmarket idProduct is locally proven. CardTrader is auxiliary only.,Verify externally which candidate is the exact JP set/release/version/variant; no price-based selection.,Inspect Cardmarket candidates 690897|768325 and verify JP + op01 + Alternate Art | Fixed Reprint / release; record one idProduct only after evidence.,N/A
135,One Piece,Dracule Mihawk,AMBIGUOUS,MANUAL_WEB_REVIEW,,690896|768324,coleccion-a-cargar.numbers exists as historical source; no matching row-level record is present in the derived review CSV.,cards.id=15437; collection_items.card_id=15437; printing_variant=normal; variant_label=Fixed Reprint; finish=NULL; treatment=NULL; source_variant=Fixed Reprint; release_kind=reprint; art_kind=base; catalog_status=active,"cardmarket_product idProduct=690896; scope=mixed; metadata={""allowed_languages"":[""en"",""jp"",""zh-CN"",""kr"",""fr""]} || cardmarket_product idProduct=768324; scope=mixed; metadata={""allowed_languages"":[""en"",""jp"",""zh-CN"",""kr"",""fr""]}",Not applicable to One Piece.,"Blueprint id=244584; scope=exact; metadata={""release_id"":3332,""version"":""Fixed Reprint""} || card_images source_card_id=244584; source_variant=Fixed Reprint; source_collector_number=OP01-070; image_language_scope=en; fallback=1",No historical Cardmarket URL found in local provenance.,false,NULL,NULL,Not detected,Local provenance identifies op01 + OP01-070 + jp + variant=Fixed Reprint; Cardmarket candidates remain language_scope=mixed and no unique Cardmarket idProduct is locally proven. CardTrader is auxiliary only.,Verify externally which candidate is the exact JP set/release/version/variant; no price-based selection.,Inspect Cardmarket candidates 690896|768324 and verify JP + op01 + Fixed Reprint / release; record one idProduct only after evidence.,N/A
136,One Piece,Yamato,AMBIGUOUS,MANUAL_WEB_REVIEW,,845324|857251,coleccion-a-cargar.numbers exists as historical source; no matching row-level record is present in the derived review CSV.,cards.id=22263; collection_items.card_id=22263; printing_variant=normal; variant_label=NULL; finish=NULL; treatment=NULL; source_variant=Base; release_kind=original; art_kind=base; catalog_status=active,"cardmarket_product idProduct=845324; scope=mixed; metadata={""allowed_languages"":[""en"",""jp"",""zh-CN"",""kr"",""fr""]} || cardmarket_product idProduct=857251; scope=mixed; metadata={""allowed_languages"":[""en"",""jp"",""zh-CN"",""kr"",""fr""]}",Not applicable to One Piece.,"Blueprint id=354348; scope=exact; metadata={""release_id"":4241,""version"":null} || card_images source_card_id=354348; source_variant=Base; source_collector_number=OP13-054; image_language_scope=en; fallback=1",No historical Cardmarket URL found in local provenance.,false,NULL,NULL,Not detected,Local provenance identifies op13 + OP13-054 + jp + variant=Base; Cardmarket candidates remain language_scope=mixed and no unique Cardmarket idProduct is locally proven. CardTrader is auxiliary only.,Verify externally which candidate is the exact JP set/release/version/variant; no price-based selection.,Inspect Cardmarket candidates 845324|857251 and verify JP + op13 + Base / release; record one idProduct only after evidence.,N/A
137,One Piece,Lilith,AMBIGUOUS,MANUAL_WEB_REVIEW,,845665|857331,coleccion-a-cargar.numbers exists as historical source; no matching row-level record is present in the derived review CSV.,cards.id=22215; collection_items.card_id=22215; printing_variant=confirmed_parallel; variant_label=Alternate Art; finish=NULL; treatment=NULL; source_variant=Alternate Art; release_kind=original; art_kind=alternate_art; catalog_status=active,"cardmarket_product idProduct=845665; scope=mixed; metadata={""allowed_languages"":[""en"",""jp"",""zh-CN"",""kr"",""fr""]} || cardmarket_product idProduct=857331; scope=mixed; metadata={""allowed_languages"":[""en"",""jp"",""zh-CN"",""kr"",""fr""]}",Not applicable to One Piece.,"Blueprint id=354323; scope=exact; metadata={""release_id"":4241,""version"":""Alternate Art""} || card_images source_card_id=354323; source_variant=Alternate Art; source_collector_number=OP13-113a; image_language_scope=en; fallback=1",No historical Cardmarket URL found in local provenance.,false,NULL,NULL,Not detected,Local provenance identifies op13 + OP13-113 + jp + variant=Alternate Art; Cardmarket candidates remain language_scope=mixed and no unique Cardmarket idProduct is locally proven. CardTrader is auxiliary only.,Verify externally which candidate is the exact JP set/release/version/variant; no price-based selection.,Inspect Cardmarket candidates 845665|857331 and verify JP + op13 + Alternate Art / release; record one idProduct only after evidence.,N/A
138,One Piece,Monkey.D.Luffy,MISMATCH,MANUAL_WEB_REVIEW,,808171|808172|808173|823515|823516|823517|838704|838705|852319|852320,coleccion-a-cargar.numbers exists as historical source; no matching row-level record is present in the derived review CSV.,cards.id=21131; collection_items.card_id=21131; printing_variant=confirmed_parallel; variant_label=Secret Rare | Alternate Art; finish=NULL; treatment=NULL; source_variant=Secret Rare | Alternate Art; release_kind=original; art_kind=alternate_art; catalog_status=active,"cardmarket_product idProduct=823516; scope=mixed; metadata={""allowed_languages"":[""en"",""jp"",""zh-CN"",""kr"",""fr""]}",Not applicable to One Piece.,"Blueprint id=330432; scope=exact; metadata={""release_id"":4123,""version"":""Secret Rare | Alternate Art""} || card_images source_card_id=330432; source_variant=Secret Rare | Alternate Art; source_collector_number=EB02-061a; image_language_scope=en; fallback=1",No historical Cardmarket URL found in local provenance.,false,NULL,NULL,Not detected,Local provenance identifies eb-02 + EB02-061A + jp + variant=Secret Rare | Alternate Art; Cardmarket candidates remain language_scope=mixed and no unique Cardmarket idProduct is locally proven. EB02-061A has 10 candidates across EB02/PRB02 and Cardmarket bulk omits V1/V2/V3. CardTrader is auxiliary only.,Verify externally which candidate is the exact JP set/release/version/variant; no price-based selection.,Inspect Cardmarket candidates 808171|808172|808173|823515|823516|823517|838704|838705|852319|852320 and verify JP + eb-02 + Secret Rare | Alternate Art / release; record one idProduct only after evidence.,N/A
139,One Piece,Rob Lucci,AMBIGUOUS,MANUAL_WEB_REVIEW,,733430|747782,coleccion-a-cargar.numbers exists as historical source; no matching row-level record is present in the derived review CSV.,cards.id=17143; collection_items.card_id=17143; printing_variant=confirmed_parallel; variant_label=093 | Alternate Art; finish=NULL; treatment=NULL; source_variant=093 | Alternate Art; release_kind=original; art_kind=alternate_art; catalog_status=active,"cardmarket_product idProduct=733430; scope=mixed; metadata={""allowed_languages"":[""en"",""jp"",""zh-CN"",""kr"",""fr""]} || cardmarket_product idProduct=747782; scope=mixed; metadata={""allowed_languages"":[""en"",""jp"",""zh-CN"",""kr"",""fr""]}",Not applicable to One Piece.,"Blueprint id=268464; scope=exact; metadata={""release_id"":3461,""version"":""093 | Alternate Art""} || card_images source_card_id=268464; source_variant=093 | Alternate Art; source_collector_number=OP05-093a; image_language_scope=en; fallback=1",No historical Cardmarket URL found in local provenance.,false,NULL,NULL,Not detected,Local provenance identifies op05 + OP05-093 + jp + variant=093 | Alternate Art; Cardmarket candidates remain language_scope=mixed and no unique Cardmarket idProduct is locally proven. CardTrader is auxiliary only.,Verify externally which candidate is the exact JP set/release/version/variant; no price-based selection.,Inspect Cardmarket candidates 733430|747782 and verify JP + op05 + 093 | Alternate Art / release; record one idProduct only after evidence.,N/A
140,One Piece,X.Drake,AMBIGUOUS,MANUAL_WEB_REVIEW,,733352|747512,coleccion-a-cargar.numbers exists as historical source; no matching row-level record is present in the derived review CSV.,cards.id=17185; collection_items.card_id=17185; printing_variant=confirmed_parallel; variant_label=Alternate Art; finish=NULL; treatment=NULL; source_variant=Alternate Art; release_kind=original; art_kind=alternate_art; catalog_status=active,"cardmarket_product idProduct=733352; scope=mixed; metadata={""allowed_languages"":[""en"",""jp"",""zh-CN"",""kr"",""fr""]} || cardmarket_product idProduct=747512; scope=mixed; metadata={""allowed_languages"":[""en"",""jp"",""zh-CN"",""kr"",""fr""]}",Not applicable to One Piece.,"Blueprint id=269569; scope=exact; metadata={""release_id"":3461,""version"":""Alternate Art""} || card_images source_card_id=269569; source_variant=Alternate Art; source_collector_number=OP05-055a; image_language_scope=en; fallback=1",No historical Cardmarket URL found in local provenance.,false,NULL,NULL,Not detected,Local provenance identifies op05 + OP05-055 + jp + variant=Alternate Art; Cardmarket candidates remain language_scope=mixed and no unique Cardmarket idProduct is locally proven. CardTrader is auxiliary only.,Verify externally which candidate is the exact JP set/release/version/variant; no price-based selection.,Inspect Cardmarket candidates 733352|747512 and verify JP + op05 + Alternate Art / release; record one idProduct only after evidence.,N/A
141,One Piece,Cavendish,AMBIGUOUS,MANUAL_WEB_REVIEW,,690804|768247,coleccion-a-cargar.numbers exists as historical source; no matching row-level record is present in the derived review CSV.,cards.id=15290; collection_items.card_id=15290; printing_variant=normal; variant_label=Box Topper; finish=NULL; treatment=NULL; source_variant=Box Topper; release_kind=original; art_kind=base; catalog_status=active,"cardmarket_product idProduct=690804; scope=mixed; metadata={""allowed_languages"":[""en"",""jp"",""zh-CN"",""kr"",""fr""]} || cardmarket_product idProduct=768247; scope=mixed; metadata={""allowed_languages"":[""en"",""jp"",""zh-CN"",""kr"",""fr""]}",Not applicable to One Piece.,"Blueprint id=244478; scope=exact; metadata={""release_id"":3332,""version"":""Box Topper""} || card_images source_card_id=244478; source_variant=Box Topper; source_collector_number=OP01-008b; image_language_scope=en; fallback=1",No historical Cardmarket URL found in local provenance.,false,NULL,NULL,Not detected,Local provenance identifies op01 + OP01-008 + jp + variant=Box Topper; Cardmarket candidates remain language_scope=mixed and no unique Cardmarket idProduct is locally proven. CardTrader is auxiliary only.,Verify externally which candidate is the exact JP set/release/version/variant; no price-based selection.,Inspect Cardmarket candidates 690804|768247 and verify JP + op01 + Box Topper / release; record one idProduct only after evidence.,N/A
142,One Piece,Gol.D.Roger,AMBIGUOUS,MANUAL_WEB_REVIEW,,845596|857262,coleccion-a-cargar.numbers exists as historical source; no matching row-level record is present in the derived review CSV.,cards.id=22265; collection_items.card_id=22265; printing_variant=normal; variant_label=NULL; finish=NULL; treatment=NULL; source_variant=Base; release_kind=original; art_kind=base; catalog_status=active,"cardmarket_product idProduct=845596; scope=mixed; metadata={""allowed_languages"":[""en"",""jp"",""zh-CN"",""kr"",""fr""]} || cardmarket_product idProduct=857262; scope=mixed; metadata={""allowed_languages"":[""en"",""jp"",""zh-CN"",""kr"",""fr""]}",Not applicable to One Piece.,"Blueprint id=354349; scope=exact; metadata={""release_id"":4241,""version"":null} || card_images source_card_id=354349; source_variant=Base; source_collector_number=OP13-064; image_language_scope=en; fallback=1",No historical Cardmarket URL found in local provenance.,false,NULL,NULL,Not detected,Local provenance identifies op13 + OP13-064 + jp + variant=Base; Cardmarket candidates remain language_scope=mixed and no unique Cardmarket idProduct is locally proven. CardTrader is auxiliary only.,Verify externally which candidate is the exact JP set/release/version/variant; no price-based selection.,Inspect Cardmarket candidates 845596|857262 and verify JP + op13 + Base / release; record one idProduct only after evidence.,N/A
143,One Piece,Nefeltari Vivi,AMBIGUOUS,MANUAL_WEB_REVIEW,,823455,coleccion-a-cargar.numbers exists as historical source; no matching row-level record is present in the derived review CSV.,cards.id=21085; collection_items.card_id=21085; printing_variant=normal; variant_label=NULL; finish=NULL; treatment=NULL; source_variant=Base; release_kind=original; art_kind=base; catalog_status=active,"cardmarket_product idProduct=823455; scope=mixed; metadata={""allowed_languages"":[""en"",""jp"",""zh-CN"",""kr"",""fr""]}",Not applicable to One Piece.,"Blueprint id=330373; scope=exact; metadata={""release_id"":4123,""version"":null} || card_images source_card_id=330373; source_variant=Base; source_collector_number=EB02-026; image_language_scope=en; fallback=1",No historical Cardmarket URL found in local provenance.,false,NULL,NULL,Not detected,Local provenance identifies eb-02 + EB02-026 + jp + variant=Base; Cardmarket candidates remain language_scope=mixed and no unique Cardmarket idProduct is locally proven. CardTrader is auxiliary only.,Verify externally which candidate is the exact JP set/release/version/variant; no price-based selection.,Inspect Cardmarket candidates 823455 and verify JP + eb-02 + Base / release; record one idProduct only after evidence.,N/A
144,One Piece,S-Snake,AMBIGUOUS,MANUAL_WEB_REVIEW,,771756|788021,coleccion-a-cargar.numbers exists as historical source; no matching row-level record is present in the derived review CSV.,cards.id=19531; collection_items.card_id=19531; printing_variant=normal; variant_label=NULL; finish=NULL; treatment=NULL; source_variant=Base; release_kind=original; art_kind=base; catalog_status=active,"cardmarket_product idProduct=771756; scope=mixed; metadata={""allowed_languages"":[""en"",""jp"",""zh-CN"",""kr"",""fr""]} || cardmarket_product idProduct=788021; scope=mixed; metadata={""allowed_languages"":[""en"",""jp"",""zh-CN"",""kr"",""fr""]}",Not applicable to One Piece.,"Blueprint id=299411; scope=exact; metadata={""release_id"":3828,""version"":null} || card_images source_card_id=299411; source_variant=Base; source_collector_number=OP08-112; image_language_scope=en; fallback=1",No historical Cardmarket URL found in local provenance.,false,NULL,NULL,Not detected,Local provenance identifies op08 + OP08-112 + jp + variant=Base; Cardmarket candidates remain language_scope=mixed and no unique Cardmarket idProduct is locally proven. CardTrader is auxiliary only.,Verify externally which candidate is the exact JP set/release/version/variant; no price-based selection.,Inspect Cardmarket candidates 771756|788021 and verify JP + op08 + Base / release; record one idProduct only after evidence.,N/A
145,One Piece,Koala,AMBIGUOUS,MANUAL_WEB_REVIEW,,733281|747444,coleccion-a-cargar.numbers exists as historical source; no matching row-level record is present in the derived review CSV.,cards.id=17141; collection_items.card_id=17141; printing_variant=normal; variant_label=NULL; finish=NULL; treatment=NULL; source_variant=Base; release_kind=original; art_kind=base; catalog_status=active,"cardmarket_product idProduct=733281; scope=mixed; metadata={""allowed_languages"":[""en"",""jp"",""zh-CN"",""kr"",""fr""]} || cardmarket_product idProduct=747444; scope=mixed; metadata={""allowed_languages"":[""en"",""jp"",""zh-CN"",""kr"",""fr""]}",Not applicable to One Piece.,"Blueprint id=268463; scope=exact; metadata={""release_id"":3461,""version"":null} || card_images source_card_id=268463; source_variant=Base; source_collector_number=OP05-006; image_language_scope=en; fallback=1",No historical Cardmarket URL found in local provenance.,false,NULL,NULL,Not detected,Local provenance identifies op05 + OP05-006 + jp + variant=Base; Cardmarket candidates remain language_scope=mixed and no unique Cardmarket idProduct is locally proven. CardTrader is auxiliary only.,Verify externally which candidate is the exact JP set/release/version/variant; no price-based selection.,Inspect Cardmarket candidates 733281|747444 and verify JP + op05 + Base / release; record one idProduct only after evidence.,N/A
146,One Piece,Monkey.D.Luffy,AMBIGUOUS,MANUAL_WEB_REVIEW,,690823|768265,coleccion-a-cargar.numbers exists as historical source; no matching row-level record is present in the derived review CSV.,cards.id=15326; collection_items.card_id=15326; printing_variant=normal; variant_label=NULL; finish=NULL; treatment=NULL; source_variant=Base; release_kind=original; art_kind=base; catalog_status=active,"cardmarket_product idProduct=690823; scope=mixed; metadata={""allowed_languages"":[""en"",""jp"",""zh-CN"",""kr"",""fr""]} || cardmarket_product idProduct=768265; scope=mixed; metadata={""allowed_languages"":[""en"",""jp"",""zh-CN"",""kr"",""fr""]}",Not applicable to One Piece.,"Blueprint id=244509; scope=exact; metadata={""release_id"":3332,""version"":null} || card_images source_card_id=244509; source_variant=Base; source_collector_number=OP01-024; image_language_scope=en; fallback=1",No historical Cardmarket URL found in local provenance.,false,NULL,NULL,Not detected,Local provenance identifies op01 + OP01-024 + jp + variant=Base; Cardmarket candidates remain language_scope=mixed and no unique Cardmarket idProduct is locally proven. CardTrader is auxiliary only.,Verify externally which candidate is the exact JP set/release/version/variant; no price-based selection.,Inspect Cardmarket candidates 690823|768265 and verify JP + op01 + Base / release; record one idProduct only after evidence.,N/A
147,One Piece,Yamato,AMBIGUOUS,MANUAL_WEB_REVIEW,,823429,coleccion-a-cargar.numbers exists as historical source; no matching row-level record is present in the derived review CSV.,cards.id=21059; collection_items.card_id=21059; printing_variant=normal; variant_label=NULL; finish=NULL; treatment=NULL; source_variant=Base; release_kind=original; art_kind=base; catalog_status=active,"cardmarket_product idProduct=823429; scope=mixed; metadata={""allowed_languages"":[""en"",""jp"",""zh-CN"",""kr"",""fr""]}",Not applicable to One Piece.,"Blueprint id=330347; scope=exact; metadata={""release_id"":4123,""version"":null} || card_images source_card_id=330347; source_variant=Base; source_collector_number=EB02-006; image_language_scope=en; fallback=1",No historical Cardmarket URL found in local provenance.,false,NULL,NULL,Not detected,Local provenance identifies eb-02 + EB02-006 + jp + variant=Base; Cardmarket candidates remain language_scope=mixed and no unique Cardmarket idProduct is locally proven. CardTrader is auxiliary only.,Verify externally which candidate is the exact JP set/release/version/variant; no price-based selection.,Inspect Cardmarket candidates 823429 and verify JP + eb-02 + Base / release; record one idProduct only after evidence.,N/A
148,One Piece,Pica,AMBIGUOUS,MANUAL_WEB_REVIEW,,733317|747476,coleccion-a-cargar.numbers exists as historical source; no matching row-level record is present in the derived review CSV.,cards.id=17335; collection_items.card_id=17335; printing_variant=normal; variant_label=NULL; finish=NULL; treatment=NULL; source_variant=Base; release_kind=original; art_kind=base; catalog_status=active,"cardmarket_product idProduct=733317; scope=mixed; metadata={""allowed_languages"":[""en"",""jp"",""zh-CN"",""kr"",""fr""]} || cardmarket_product idProduct=747476; scope=mixed; metadata={""allowed_languages"":[""en"",""jp"",""zh-CN"",""kr"",""fr""]}",Not applicable to One Piece.,"Blueprint id=270404; scope=exact; metadata={""release_id"":3461,""version"":null} || card_images source_card_id=270404; source_variant=Base; source_collector_number=OP05-032; image_language_scope=en; fallback=1",No historical Cardmarket URL found in local provenance.,false,NULL,NULL,Not detected,Local provenance identifies op05 + OP05-032 + jp + variant=Base; Cardmarket candidates remain language_scope=mixed and no unique Cardmarket idProduct is locally proven. CardTrader is auxiliary only.,Verify externally which candidate is the exact JP set/release/version/variant; no price-based selection.,Inspect Cardmarket candidates 733317|747476 and verify JP + op05 + Base / release; record one idProduct only after evidence.,N/A
149,One Piece,Kin'emon,AMBIGUOUS,MANUAL_WEB_REVIEW,,690844|768285,coleccion-a-cargar.numbers exists as historical source; no matching row-level record is present in the derived review CSV.,cards.id=15366; collection_items.card_id=15366; printing_variant=normal; variant_label=NULL; finish=NULL; treatment=NULL; source_variant=Base; release_kind=original; art_kind=base; catalog_status=active,"cardmarket_product idProduct=690844; scope=mixed; metadata={""allowed_languages"":[""en"",""jp"",""zh-CN"",""kr"",""fr""]} || cardmarket_product idProduct=768285; scope=mixed; metadata={""allowed_languages"":[""en"",""jp"",""zh-CN"",""kr"",""fr""]}",Not applicable to One Piece.,"Blueprint id=244548; scope=exact; metadata={""release_id"":3332,""version"":null} || card_images source_card_id=244548; source_variant=Base; source_collector_number=OP01-040; image_language_scope=en; fallback=1",No historical Cardmarket URL found in local provenance.,false,NULL,NULL,Not detected,Local provenance identifies op01 + OP01-040 + jp + variant=Base; Cardmarket candidates remain language_scope=mixed and no unique Cardmarket idProduct is locally proven. CardTrader is auxiliary only.,Verify externally which candidate is the exact JP set/release/version/variant; no price-based selection.,Inspect Cardmarket candidates 690844|768285 and verify JP + op01 + Base / release; record one idProduct only after evidence.,N/A
150,One Piece,Trafalgar Law,AMBIGUOUS,MANUAL_WEB_REVIEW,,823481,coleccion-a-cargar.numbers exists as historical source; no matching row-level record is present in the derived review CSV.,cards.id=21108; collection_items.card_id=21108; printing_variant=normal; variant_label=NULL; finish=NULL; treatment=NULL; source_variant=Base; release_kind=original; art_kind=base; catalog_status=active,"cardmarket_product idProduct=823481; scope=mixed; metadata={""allowed_languages"":[""en"",""jp"",""zh-CN"",""kr"",""fr""]}",Not applicable to One Piece.,"Blueprint id=330404; scope=exact; metadata={""release_id"":4123,""version"":null} || card_images source_card_id=330404; source_variant=Base; source_collector_number=EB02-045; image_language_scope=en; fallback=1",No historical Cardmarket URL found in local provenance.,false,NULL,NULL,Not detected,Local provenance identifies eb-02 + EB02-045 + jp + variant=Base; Cardmarket candidates remain language_scope=mixed and no unique Cardmarket idProduct is locally proven. CardTrader is auxiliary only.,Verify externally which candidate is the exact JP set/release/version/variant; no price-based selection.,Inspect Cardmarket candidates 823481 and verify JP + eb-02 + Base / release; record one idProduct only after evidence.,N/A
151,One Piece,Uta,AMBIGUOUS,MANUAL_WEB_REVIEW,,845271|857215,coleccion-a-cargar.numbers exists as historical source; no matching row-level record is present in the derived review CSV.,cards.id=22257; collection_items.card_id=22257; printing_variant=normal; variant_label=NULL; finish=NULL; treatment=NULL; source_variant=Base; release_kind=original; art_kind=base; catalog_status=active,"cardmarket_product idProduct=845271; scope=mixed; metadata={""allowed_languages"":[""en"",""jp"",""zh-CN"",""kr"",""fr""]} || cardmarket_product idProduct=857215; scope=mixed; metadata={""allowed_languages"":[""en"",""jp"",""zh-CN"",""kr"",""fr""]}",Not applicable to One Piece.,"Blueprint id=354345; scope=exact; metadata={""release_id"":4241,""version"":null} || card_images source_card_id=354345; source_variant=Base; source_collector_number=OP13-023; image_language_scope=en; fallback=1",No historical Cardmarket URL found in local provenance.,false,NULL,NULL,Not detected,Local provenance identifies op13 + OP13-023 + jp + variant=Base; Cardmarket candidates remain language_scope=mixed and no unique Cardmarket idProduct is locally proven. CardTrader is auxiliary only.,Verify externally which candidate is the exact JP set/release/version/variant; no price-based selection.,Inspect Cardmarket candidates 845271|857215 and verify JP + op13 + Base / release; record one idProduct only after evidence.,N/A
152,One Piece,Trafalgar Law,AMBIGUOUS,MANUAL_WEB_REVIEW,,722798,coleccion-a-cargar.numbers exists as historical source; no matching row-level record is present in the derived review CSV.,cards.id=14625; collection_items.card_id=14625; printing_variant=normal; variant_label=NULL; finish=NULL; treatment=NULL; source_variant=Base; release_kind=promo; art_kind=base; catalog_status=active,"cardmarket_product idProduct=722798; scope=mixed; metadata={""allowed_languages"":[""en"",""jp"",""zh-CN"",""kr"",""fr""]}",Not applicable to One Piece.,"Blueprint id=256657; scope=exact; metadata={""release_id"":3324,""version"":null} || card_images source_card_id=256657; source_variant=NULL; source_collector_number=P-038; image_language_scope=jp; fallback=0",No historical Cardmarket URL found in local provenance.,false,NULL,NULL,Not detected,Local provenance identifies promo + P-038 + jp + variant=Base; Cardmarket candidates remain language_scope=mixed and no unique Cardmarket idProduct is locally proven. CardTrader is auxiliary only.,Verify externally which candidate is the exact JP set/release/version/variant; no price-based selection.,Inspect Cardmarket candidates 722798 and verify JP + promo + Base / release; record one idProduct only after evidence.,N/A
153,One Piece,Stussy,AMBIGUOUS,MANUAL_WEB_REVIEW,,845660|857326,coleccion-a-cargar.numbers exists as historical source; no matching row-level record is present in the derived review CSV.,cards.id=22273; collection_items.card_id=22273; printing_variant=normal; variant_label=NULL; finish=NULL; treatment=NULL; source_variant=Base; release_kind=original; art_kind=base; catalog_status=active,"cardmarket_product idProduct=845660; scope=mixed; metadata={""allowed_languages"":[""en"",""jp"",""zh-CN"",""kr"",""fr""]} || cardmarket_product idProduct=857326; scope=mixed; metadata={""allowed_languages"":[""en"",""jp"",""zh-CN"",""kr"",""fr""]}",Not applicable to One Piece.,"Blueprint id=354353; scope=exact; metadata={""release_id"":4241,""version"":null} || card_images source_card_id=354353; source_variant=Base; source_collector_number=OP13-110; image_language_scope=en; fallback=1",No historical Cardmarket URL found in local provenance.,false,NULL,NULL,Not detected,Local provenance identifies op13 + OP13-110 + jp + variant=Base; Cardmarket candidates remain language_scope=mixed and no unique Cardmarket idProduct is locally proven. CardTrader is auxiliary only.,Verify externally which candidate is the exact JP set/release/version/variant; no price-based selection.,Inspect Cardmarket candidates 845660|857326 and verify JP + op13 + Base / release; record one idProduct only after evidence.,N/A
154,One Piece,King,AMBIGUOUS,MANUAL_WEB_REVIEW,,690929|768358,coleccion-a-cargar.numbers exists as historical source; no matching row-level record is present in the derived review CSV.,cards.id=15503; collection_items.card_id=15503; printing_variant=normal; variant_label=Fixed Reprint; finish=NULL; treatment=NULL; source_variant=Fixed Reprint; release_kind=reprint; art_kind=base; catalog_status=active,"cardmarket_product idProduct=690929; scope=mixed; metadata={""allowed_languages"":[""en"",""jp"",""zh-CN"",""kr"",""fr""]} || cardmarket_product idProduct=768358; scope=mixed; metadata={""allowed_languages"":[""en"",""jp"",""zh-CN"",""kr"",""fr""]}",Not applicable to One Piece.,"Blueprint id=244639; scope=exact; metadata={""release_id"":3332,""version"":""Fixed Reprint""} || card_images source_card_id=244639; source_variant=Fixed Reprint; source_collector_number=OP01-096; image_language_scope=en; fallback=1",No historical Cardmarket URL found in local provenance.,false,NULL,NULL,Not detected,Local provenance identifies op01 + OP01-096 + jp + variant=Fixed Reprint; Cardmarket candidates remain language_scope=mixed and no unique Cardmarket idProduct is locally proven. CardTrader is auxiliary only.,Verify externally which candidate is the exact JP set/release/version/variant; no price-based selection.,Inspect Cardmarket candidates 690929|768358 and verify JP + op01 + Fixed Reprint / release; record one idProduct only after evidence.,N/A
155,One Piece,Rebecca,AMBIGUOUS,MANUAL_WEB_REVIEW,,733426|747775,coleccion-a-cargar.numbers exists as historical source; no matching row-level record is present in the derived review CSV.,cards.id=17179; collection_items.card_id=17179; printing_variant=normal; variant_label=NULL; finish=NULL; treatment=NULL; source_variant=Base; release_kind=original; art_kind=base; catalog_status=active,"cardmarket_product idProduct=733426; scope=mixed; metadata={""allowed_languages"":[""en"",""jp"",""zh-CN"",""kr"",""fr""]} || cardmarket_product idProduct=747775; scope=mixed; metadata={""allowed_languages"":[""en"",""jp"",""zh-CN"",""kr"",""fr""]}",Not applicable to One Piece.,"Blueprint id=269205; scope=exact; metadata={""release_id"":3461,""version"":null} || card_images source_card_id=269205; source_variant=Base; source_collector_number=OP05-091; image_language_scope=en; fallback=1",No historical Cardmarket URL found in local provenance.,false,NULL,NULL,Not detected,Local provenance identifies op05 + OP05-091 + jp + variant=Base; Cardmarket candidates remain language_scope=mixed and no unique Cardmarket idProduct is locally proven. CardTrader is auxiliary only.,Verify externally which candidate is the exact JP set/release/version/variant; no price-based selection.,Inspect Cardmarket candidates 733426|747775 and verify JP + op05 + Base / release; record one idProduct only after evidence.,N/A
